Person_ID,Fold,True_Health_Score,OOF_Predicted_Health_Score,Residual
P07428,5,80.4,82.008246,-1.608246
P08834,2,69.2,68.964312,0.235688
P09031,3,63.5,64.680431,-1.180431
P02748,3,70.6,72.570015,-1.970015
P03713,3,58.8,59.777796,-0.977796
P00158,3,82.6,83.154318,-0.554318
P01003,3,82.3,83.011959,-0.711959
P08704,1,73.8,74.85218,-1.05218
P03830,3,64.2,66.062709,-1.862709
P05798,3,91.0,90.185175,0.814825
P01791,2,83.6,83.885588,-0.285588
P05624,3,77.3,77.049885,0.250115
P07038,2,78.2,76.86618,1.33382
P06032,5,70.6,72.570477,-1.970477
P01454,1,65.5,66.078266,-0.578266
P08721,3,92.7,95.216076,-2.516076
P06257,2,60.2,63.327842,-3.127842
P09934,3,93.3,92.18473,1.11527
P08757,1,89.2,88.271572,0.928428
P01911,2,66.3,67.084115,-0.784115
P06551,2,59.1,58.999097,0.100903
P01429,1,81.2,83.232173,-2.032173
P04700,1,79.5,78.057132,1.442868
P01880,2,69.6,70.354218,-0.754218
P05984,4,69.4,70.195726,-0.795726
P02776,4,86.9,85.152132,1.747868
P04584,1,80.8,79.385596,1.414404
P01026,2,74.3,74.167114,0.132886
P04877,5,80.9,81.416042,-0.516042
P08929,2,65.0,68.078371,-3.078371
P04884,1,53.8,54.878832,-1.078832
P08465,1,56.5,58.910181,-2.410181
P09627,4,68.4,69.99711,-1.59711
P04727,1,72.2,72.621894,-0.421894
P01438,3,63.2,61.128368,2.071632
P05342,3,53.4,54.033697,-0.633697
P08731,5,86.3,85.401362,0.898638
P01992,3,86.0,85.819783,0.180217
P08488,5,64.6,64.970579,-0.370579
P09227,1,78.6,78.478916,0.121084
P08796,4,65.6,66.824284,-1.224284
P01385,2,80.4,80.045999,0.354001
P06435,2,78.5,76.579757,1.920243
P08446,4,71.8,70.791033,1.008967
P04962,3,79.5,80.765566,-1.265566
P02515,4,89.0,86.046364,2.953636
P00989,2,79.7,81.683795,-1.983795
P07260,5,81.4,79.672814,1.727186
P08468,4,82.6,84.650689,-2.050689
P00843,5,73.5,73.842458,-0.342458
P03825,1,69.9,68.09516,1.80484
P05071,3,78.4,77.682386,0.717614
P02546,4,73.5,73.524434,-0.024434
P01399,5,73.7,75.839558,-2.139558
P08897,3,83.4,86.596911,-3.196911
P03842,4,80.9,81.627286,-0.727286
P01265,3,82.5,83.655833,-1.155833
P03966,5,100.0,99.725721,0.274279
P00707,2,93.6,90.538327,3.061673
P00958,3,87.1,87.827997,-0.727997
P03588,1,52.2,53.488883,-1.288883
P02734,3,60.6,61.320576,-0.720576
P08871,1,79.9,79.25875,0.64125
P06543,2,79.5,78.037032,1.462968
P01775,3,67.9,66.144702,1.755298
P00834,4,77.0,75.879354,1.120646
P01991,5,80.6,81.386088,-0.786088
P06932,4,69.5,69.069403,0.430597
P00637,5,37.6,35.519007,2.080993
P00134,5,74.5,73.390678,1.109322
P01063,5,79.9,80.559851,-0.659851
P08467,1,84.3,82.114366,2.185634
P01238,4,70.1,75.793839,-5.693839
P08893,5,72.1,70.072809,2.027191
P01832,4,75.5,75.538975,-0.038975
P01862,5,97.8,100.0,-2.2
P01289,5,71.4,75.166467,-3.766467
P03765,1,65.8,65.398378,0.401622
P06127,5,66.4,66.664425,-0.264425
P08397,3,65.5,66.873002,-1.373002
P03569,2,69.4,71.142277,-1.742277
P03446,4,100.0,95.802144,4.197856
P08396,1,75.3,77.79144,-2.49144
P05710,4,66.2,66.024723,0.175277
P08663,1,85.0,85.312599,-0.312599
P01136,5,77.4,78.652586,-1.252586
P06062,5,80.5,84.902927,-4.402927
P07596,1,53.6,53.193425,0.406575
P02574,4,80.3,80.939399,-0.639399
P08551,1,56.7,58.235403,-1.535403
P03363,1,92.5,92.93855,-0.43855
P08280,3,73.1,70.603923,2.496077
P03641,1,90.8,89.871506,0.928494
P01508,3,51.0,53.926979,-2.926979
P07512,1,76.5,75.710278,0.789722
P03939,2,80.1,84.067281,-3.967281
P08055,3,49.7,47.75364,1.94636
P07221,5,86.0,85.153978,0.846022
P00716,4,81.7,82.507095,-0.807095
P02316,2,72.8,74.314703,-1.514703
P00702,4,79.6,80.043143,-0.443143
P04819,4,56.1,56.488861,-0.388861
P03628,4,70.5,72.521798,-2.021798
P00904,1,62.2,61.86155,0.33845
P02473,5,69.3,67.471563,1.828437
P07423,1,100.0,100.0,0.0
P05294,3,65.2,64.483893,0.716107
P03776,5,76.3,76.652676,-0.352676
P02945,2,63.4,62.773921,0.626079
P06854,3,74.5,74.218317,0.281683
P09257,1,81.3,83.862197,-2.562197
P05278,4,58.2,57.19076,1.00924
P07652,4,86.0,84.546006,1.453994
P02708,1,82.0,83.223579,-1.223579
P06320,3,55.1,55.447628,-0.347628
P03813,2,56.5,58.651993,-2.151993
P03334,5,71.3,74.948269,-3.648269
P00760,2,85.4,85.537191,-0.137191
P00915,4,66.5,66.58757,-0.08757
P00122,4,52.1,52.829547,-0.729547
P06321,1,73.2,71.452404,1.747596
P03455,1,81.4,81.585606,-0.185606
P01587,4,53.0,54.522303,-1.522303
P07834,1,78.8,79.772746,-0.972746
P08767,2,75.3,77.56846,-2.26846
P00741,4,75.5,77.618019,-2.118019
P03382,1,86.0,86.025656,-0.025656
P00954,5,55.8,57.572052,-1.772052
P06740,5,83.0,84.97845,-1.97845
P02428,3,84.7,85.992115,-1.292115
P09675,4,96.2,95.521114,0.678886
P01116,4,99.4,97.463403,1.936597
P02179,4,77.5,79.258675,-1.758675
P07828,1,52.0,53.900604,-1.900604
P06639,1,77.7,79.779945,-2.079945
P00239,3,80.3,80.742158,-0.442158
P06492,3,50.7,49.386518,1.313482
P01210,2,66.3,66.999358,-0.699358
P03249,4,89.8,89.313613,0.486387
P09370,5,84.7,86.564752,-1.864752
P00776,3,67.2,65.833197,1.366803
P01209,2,53.9,52.91973,0.98027
P08509,4,83.2,81.533422,1.666578
P01749,5,75.4,75.565669,-0.165669
P03868,1,45.5,48.36706,-2.86706
P08412,2,70.9,68.95133,1.94867
P04985,1,80.6,80.131417,0.468583
P01107,4,59.1,57.571904,1.528096
P06392,3,76.9,73.921311,2.978689
P08992,4,87.9,85.949073,1.950927
P09334,3,72.2,70.844414,1.355586
P05371,4,79.5,78.558853,0.941147
P06901,4,68.9,69.938336,-1.038336
P00323,3,62.9,61.296592,1.603408
P00385,5,83.7,87.294376,-3.594376
P09489,3,82.4,83.599379,-1.199379
P06597,1,87.0,86.340168,0.659832
P08006,1,47.9,48.941354,-1.041354
P00512,5,100.0,100.0,0.0
P05263,5,74.2,72.463501,1.736499
P09799,3,68.8,69.448898,-0.648898
P09672,4,64.8,64.335873,0.464127
P01388,1,76.4,74.985063,1.414937
P04181,3,48.9,50.39981,-1.49981
P00022,4,86.0,86.590962,-0.590962
P06575,1,75.2,72.769755,2.430245
P02214,3,59.5,60.217449,-0.717449
P01610,2,78.6,77.166274,1.433726
P04452,5,94.2,98.564292,-4.364292
P01747,3,76.5,74.388176,2.111824
P02767,3,80.4,78.775177,1.624823
P03915,2,53.7,50.415382,3.284618
P03075,2,85.0,84.908405,0.091595
P08165,1,100.0,100.0,0.0
P02944,3,73.7,73.434319,0.265681
P06721,1,46.2,46.22054,-0.02054
P06924,5,83.7,88.010443,-4.310443
P08776,5,83.5,84.104968,-0.604968
P05454,5,60.3,60.684771,-0.384771
P08440,3,72.2,74.445037,-2.245037
P07789,2,82.9,82.160159,0.739841
P03763,3,50.2,49.661389,0.538611
P09107,5,69.4,70.693121,-1.293121
P09954,3,82.7,82.579494,0.120506
P06386,3,84.6,83.379892,1.220108
P05738,5,76.3,77.730328,-1.430328
P02727,2,67.6,69.120348,-1.520348
P03101,1,71.3,71.793189,-0.493189
P01968,2,98.7,98.042715,0.657285
P02625,2,60.4,57.700171,2.699829
P01967,2,75.7,74.698915,1.001085
P00327,3,81.2,79.040391,2.159609
P00791,4,88.5,88.741747,-0.241747
P00980,5,75.7,73.993363,1.706637
P04445,1,50.5,50.086155,0.413845
P03341,2,59.7,58.034665,1.665335
P03640,4,77.4,78.378603,-0.978603
P05903,4,82.5,82.99124,-0.49124
P00011,2,70.9,71.538141,-0.638141
P05113,3,66.1,67.805627,-1.705627
P09159,5,84.7,84.582196,0.117804
P08247,5,84.5,84.827791,-0.327791
P00771,5,71.4,69.66294,1.73706
P02619,3,78.2,77.758493,0.441507
P02784,2,62.1,60.002911,2.097089
P06326,2,60.6,63.584833,-2.984833
P09829,5,59.0,60.188548,-1.188548
P01734,1,64.0,63.736447,0.263553
P09292,1,61.9,64.345818,-2.445818
P03250,5,84.2,85.096819,-0.896819
P09716,5,92.6,93.296249,-0.696249
P03771,2,67.9,67.374393,0.525607
P08267,1,64.9,63.213661,1.686339
P08705,5,86.2,86.354979,-0.154979
P04402,4,63.3,63.200187,0.099813
P06096,5,90.8,88.291992,2.508008
P06640,3,58.6,57.553735,1.046265
P03290,1,91.7,92.194642,-0.494642
P09597,4,64.1,62.37567,1.72433
P05167,4,100.0,97.756823,2.243177
P08843,2,90.8,89.207528,1.592472
P03467,5,77.9,76.507487,1.392513
P05479,5,70.2,69.376133,0.823867
P07408,3,76.0,75.45278,0.54722
P03398,3,76.1,75.963366,0.136634
P00021,4,85.5,84.922308,0.577692
P04827,1,82.0,82.432723,-0.432723
P03470,1,96.0,98.413295,-2.413295
P04618,5,67.0,68.2072,-1.2072
P09670,5,58.3,58.305095,-0.005095
P04123,5,75.6,76.27302,-0.67302
P03656,5,65.3,64.854725,0.445275
P02939,4,71.2,71.457841,-0.257841
P05871,1,99.3,97.930212,1.369788
P08460,1,74.7,74.098744,0.601256
P03738,1,81.1,81.355676,-0.255676
P07003,2,86.4,87.835547,-1.435547
P08981,3,57.8,57.402622,0.397378
P00788,5,80.1,78.857831,1.242169
P03421,1,91.2,91.680498,-0.480498
P01098,2,67.5,67.264862,0.235138
P09892,2,85.0,86.109769,-1.109769
P04390,3,61.3,64.008121,-2.708121
P09550,1,71.6,72.571295,-0.971295
P06510,4,51.3,52.704302,-1.404302
P00775,4,69.4,69.068249,0.331751
P09124,1,58.3,58.463219,-0.163219
P06295,2,85.0,82.360199,2.639801
P02096,5,67.8,69.073357,-1.273357
P09599,5,81.6,81.478397,0.121603
P08201,1,67.2,68.889,-1.689
P01928,4,79.0,78.359115,0.640885
P00140,3,72.2,69.723748,2.476252
P00266,1,74.0,74.040535,-0.040535
P01184,4,71.6,73.533251,-1.933251
P08007,1,64.5,66.011188,-1.511188
P02445,5,71.2,69.93831,1.26169
P06028,3,90.2,90.110933,0.089067
P09221,3,73.1,76.273472,-3.173472
P01790,5,76.7,73.605795,3.094205
P07567,1,85.6,85.670963,-0.070963
P06564,5,76.1,75.096821,1.003179
P09648,3,70.0,71.009296,-1.009296
P09601,5,90.9,87.016483,3.883517
P01588,5,85.1,85.723393,-0.623393
P06875,1,80.6,81.331747,-0.731747
P02576,5,48.9,49.150253,-0.250253
P03547,2,78.8,80.324339,-1.524339
P00614,1,62.7,61.443298,1.256702
P01459,2,73.9,72.556531,1.343469
P05882,3,72.8,74.36799,-1.56799
P04259,5,86.2,85.43171,0.76829
P04571,4,69.6,69.127172,0.472828
P00795,3,70.3,69.962087,0.337913
P06903,2,71.8,71.127771,0.672229
P00613,2,60.4,59.20263,1.19737
P08800,3,57.7,56.178594,1.521406
P01040,1,91.6,89.598053,2.001947
P04879,4,70.4,72.140909,-1.740909
P05732,5,86.4,85.052129,1.347871
P08376,4,97.1,96.464181,0.635819
P09335,1,59.6,59.370644,0.229356
P06567,4,69.1,69.351996,-0.251996
P07588,4,70.2,71.633488,-1.433488
P08610,4,69.2,69.344581,-0.144581
P07581,4,76.5,76.252862,0.247138
P00589,3,92.7,94.709392,-2.009392
P07764,4,80.7,83.7214,-3.0214
P02080,1,67.6,70.903146,-3.303146
P06933,2,74.2,74.269097,-0.069097
P05771,3,80.7,81.775147,-1.075147
P05779,5,58.4,58.603812,-0.203812
P03974,1,41.5,41.943147,-0.443147
P04502,1,74.9,74.348487,0.551513
P06351,2,60.0,61.453461,-1.453461
P09166,4,74.7,75.89909,-1.19909
P00762,2,80.8,81.095584,-0.295584
P05037,5,89.2,87.539112,1.660888
P02898,2,83.7,84.258858,-0.558858
P05233,3,79.1,78.641085,0.458915
P03750,3,86.4,83.479926,2.920074
P00829,2,72.5,74.27426,-1.77426
P09927,4,86.5,83.047287,3.452713
P06020,1,81.4,84.402488,-3.002488
P01303,4,68.9,71.911711,-3.011711
P04920,1,83.6,82.925888,0.674112
P03208,5,54.1,53.168789,0.931211
P02786,1,100.0,99.639764,0.360236
P05593,2,77.3,76.971061,0.328939
P02681,5,56.9,55.43262,1.46738
P04672,3,92.2,92.508276,-0.308276
P07347,2,78.8,77.865712,0.934288
P03011,3,73.0,74.677665,-1.677665
P09893,3,67.1,67.979122,-0.879122
P02343,5,72.8,73.517793,-0.717793
P04526,3,69.7,71.109105,-1.409105
P04523,5,74.3,73.248109,1.051891
P00411,1,75.2,75.35778,-0.15778
P03434,1,60.9,59.944186,0.955814
P02370,2,73.0,74.462397,-1.462397
P05524,4,74.5,70.914222,3.585778
P02220,5,79.0,79.143182,-0.143182
P06338,3,75.9,75.962165,-0.062165
P05255,1,81.5,82.059229,-0.559229
P01702,1,75.7,77.858212,-2.158212
P05500,5,74.5,75.911498,-1.411498
P06512,5,66.5,65.499082,1.000918
P09142,4,76.5,75.510242,0.989758
P05870,2,57.9,56.918463,0.981537
P05384,5,75.1,73.334468,1.765532
P01542,5,72.4,72.260926,0.139074
P09576,2,64.2,61.168002,3.031998
P06263,1,79.2,77.778335,1.421665
P06453,5,65.0,63.297464,1.702536
P02238,1,70.9,69.819699,1.080301
P06515,2,96.3,93.723797,2.576203
P03176,1,76.2,75.497888,0.702112
P02277,4,86.0,85.899618,0.100382
P03159,4,100.0,99.320575,0.679425
P06715,1,77.3,72.569624,4.730376
P09773,1,55.0,56.479384,-1.479384
P07226,2,71.7,71.6523,0.0477
P07239,3,70.5,72.659509,-2.159509
P06314,1,66.5,63.835908,2.664092
P09274,2,82.1,85.099344,-2.999344
P01944,1,70.4,72.187142,-1.787142
P03919,1,86.6,87.738024,-1.138024
P08082,5,70.4,73.947146,-3.547146
P06050,3,73.9,70.655384,3.244616
P02579,1,67.6,66.922124,0.677876
P01494,1,80.7,79.297086,1.402914
P06596,2,62.9,64.33931,-1.43931
P03431,4,56.3,57.222721,-0.922721
P01735,3,69.7,69.647284,0.052716
P07215,3,80.1,79.501366,0.598634
P07833,5,75.6,74.82499,0.77501
P04999,3,58.4,55.853632,2.546368
P06937,1,65.3,63.659121,1.640879
P05030,3,71.6,73.616673,-2.016673
P04786,2,86.5,85.96991,0.53009
P05676,1,73.0,75.324341,-2.324341
P05052,3,100.0,99.72377,0.27623
P05680,3,71.6,73.446144,-1.846144
P08365,5,87.7,86.689307,1.010693
P06652,5,61.9,62.305257,-0.405257
P02332,5,98.8,98.384854,0.415146
P08997,3,79.7,77.439147,2.260853
P02835,2,66.4,69.700829,-3.300829
P01304,5,66.4,65.557391,0.842609
P09725,5,65.3,65.013455,0.286545
P07114,3,68.3,68.529717,-0.229717
P03307,5,73.9,75.6751,-1.7751
P02224,3,61.1,59.864479,1.235521
P05695,4,71.7,71.472829,0.227171
P04345,5,75.4,75.830703,-0.430703
P03028,2,84.8,84.243463,0.556537
P05141,2,72.6,72.682298,-0.082298
P03220,1,75.8,69.868506,5.931494
P05251,5,81.2,81.620431,-0.420431
P01400,3,77.7,78.406266,-0.706266
P03222,1,48.5,48.961187,-0.461187
P04751,4,87.2,89.148963,-1.948963
P03760,5,74.3,72.950604,1.349396
P00724,2,74.8,73.953683,0.846317
P07250,2,67.8,68.277125,-0.477125
P08989,4,86.7,84.67677,2.02323
P09030,1,70.6,71.560451,-0.960451
P00981,2,71.6,69.429789,2.170211
P05780,2,78.4,78.85092,-0.45092
P00652,1,81.5,81.381028,0.118972
P06999,3,71.1,70.493545,0.606455
P06760,5,88.2,87.894306,0.305694
P09065,3,67.2,69.470357,-2.270357
P07029,2,79.7,78.802189,0.897811
P07242,4,79.4,79.698225,-0.298225
P04368,3,65.0,63.255198,1.744802
P05404,4,100.0,100.0,0.0
P08517,1,71.6,70.370538,1.229462
P02177,3,62.6,61.574445,1.025555
P06027,5,95.8,98.656771,-2.856771
P04382,2,59.4,60.712464,-1.312464
P02299,2,87.3,87.728622,-0.428622
P07316,5,82.5,81.947266,0.552734
P08740,4,86.4,87.199005,-0.799005
P04515,1,73.1,71.468985,1.631015
P06560,1,100.0,99.534099,0.465901
P05634,3,63.9,62.599164,1.300836
P06902,1,81.1,82.65214,-1.55214
P01128,3,72.5,74.338387,-1.838387
P05507,3,62.6,61.398601,1.201399
P07042,1,54.7,55.27601,-0.57601
P07412,4,64.6,61.987453,2.612547
P02876,5,67.9,66.024785,1.875215
P02351,3,96.5,96.219698,0.280302
P09990,4,47.6,48.38901,-0.78901
P05088,1,93.6,90.916829,2.683171
P08703,5,54.1,55.069608,-0.969608
P05565,5,70.3,70.954497,-0.654497
P00667,5,75.9,76.224781,-0.324781
P00406,4,72.4,71.926574,0.473426
P09776,5,54.7,56.49628,-1.79628
P01495,2,60.9,59.556831,1.343169
P08079,5,70.0,69.190518,0.809482
P06118,4,95.5,96.449116,-0.949116
P09885,1,64.6,67.075104,-2.475104
P07633,4,71.8,74.980526,-3.180526
P05762,2,84.3,85.369376,-1.069376
P07885,4,83.8,84.736259,-0.936259
P05823,4,61.4,60.350721,1.049279
P05378,4,75.4,73.309278,2.090722
P01355,2,74.8,72.494303,2.305697
P02352,3,81.4,81.921739,-0.521739
P07911,4,65.5,67.577519,-2.077519
P04328,4,72.1,72.115875,-0.015875
P08690,1,89.7,89.510696,0.189304
P01446,2,75.1,76.730582,-1.630582
P03282,3,74.9,72.846632,2.053368
P07280,5,78.3,77.59967,0.70033
P08128,4,86.0,85.262497,0.737503
P08383,4,71.9,70.53145,1.36855
P05931,4,73.5,71.883764,1.616236
P07126,3,61.6,63.027464,-1.427464
P00289,3,71.7,72.337436,-0.637436
P09343,1,71.1,68.852848,2.247152
P03329,2,62.2,59.033637,3.166363
P08645,5,85.7,86.820057,-1.120057
P02726,1,75.5,78.169012,-2.669012
P01396,1,83.8,84.073901,-0.273901
P05228,4,67.5,68.782407,-1.282407
P01158,2,79.4,76.983306,2.416694
P07031,5,99.0,95.256812,3.743188
P02034,2,88.1,87.726853,0.373147
P04937,3,71.8,68.768927,3.031073
P07424,3,62.3,61.563544,0.736456
P07520,5,65.1,67.10186,-2.00186
P06098,2,54.7,55.31428,-0.61428
P08164,4,79.9,77.091877,2.808123
P02323,5,60.4,59.505926,0.894074
P00264,2,100.0,100.0,0.0
P04783,2,79.7,77.404071,2.295929
P06226,2,83.1,82.925766,0.174234
P03949,3,80.9,83.138867,-2.238867
P04297,1,66.5,66.819854,-0.319854
P01230,3,60.5,57.906895,2.593105
P08620,1,67.6,66.098259,1.501741
P07306,2,85.6,87.274589,-1.674589
P04784,4,89.5,89.773903,-0.273903
P02839,2,60.7,61.087858,-0.387858
P07909,4,69.0,68.374294,0.625706
P04076,4,81.2,82.461624,-1.261624
P03982,5,65.0,65.217562,-0.217562
P07577,2,72.3,71.997793,0.302207
P09068,2,63.7,64.345411,-0.645411
P00341,2,83.2,84.625968,-1.425968
P09476,1,81.2,82.147079,-0.947079
P03926,5,80.0,83.616961,-3.616961
P02609,2,78.0,76.954819,1.045181
P02132,3,55.8,54.276757,1.523243
P08000,5,72.3,73.44465,-1.14465
P08783,4,74.4,73.185992,1.214008
P02900,2,62.4,61.629547,0.770453
P03480,1,66.6,68.665498,-2.065498
P00307,3,73.9,73.783411,0.116589
P01850,2,89.7,87.168529,2.531471
P07173,1,95.3,95.450298,-0.150298
P07958,2,56.7,57.198435,-0.498435
P08570,1,82.2,81.70348,0.49652
P09839,4,75.9,76.513868,-0.613868
P01852,5,90.8,95.44413,-4.64413
P07023,1,64.2,64.468516,-0.268516
P00842,4,82.2,83.575653,-1.375653
P06853,4,76.9,77.075585,-0.175585
P07265,3,69.1,69.88436,-0.78436
P06703,2,76.9,73.978872,2.921128
P03027,4,83.0,83.876727,-0.876727
P05063,3,78.7,78.210367,0.489633
P00125,3,74.1,75.136729,-1.036729
P09557,2,62.3,60.341995,1.958005
P07224,5,97.7,98.636335,-0.936335
P08350,5,68.1,68.034659,0.065341
P01014,4,61.1,62.124187,-1.024187
P06672,4,53.4,51.563695,1.836305
P02548,3,85.0,83.787444,1.212556
P01537,1,91.7,90.347301,1.352699
P00503,2,78.8,80.41543,-1.61543
P03494,1,69.8,68.098578,1.701422
P09100,1,73.8,74.460526,-0.660526
P02030,2,71.6,70.528882,1.071118
P03815,3,74.5,73.216649,1.283351
P05830,2,72.6,72.429417,0.170583
P00387,3,74.5,74.86912,-0.36912
P06087,1,65.0,67.192845,-2.192845
P02103,3,58.0,56.90178,1.09822
P06421,4,89.5,89.333375,0.166625
P00797,4,82.6,83.534078,-0.934078
P02535,4,69.7,71.524366,-1.824366
P04575,5,74.4,74.392265,0.007735
P06706,4,82.8,85.352356,-2.552356
P06486,4,74.0,72.836906,1.163094
P01516,4,60.8,58.896512,1.903488
P05140,3,94.1,90.174973,3.925027
P04728,5,39.3,39.861364,-0.561364
P08774,4,67.8,66.292815,1.507185
P01595,3,65.7,66.373244,-0.673244
P03649,1,82.2,80.931036,1.268964
P07762,1,59.8,57.494219,2.305781
P09730,4,63.3,60.463168,2.836832
P02680,5,55.7,53.167255,2.532745
P00433,1,79.4,77.254528,2.145472
P03965,1,64.2,65.693308,-1.493308
P04225,5,54.4,53.898249,0.501751
P05120,3,89.1,88.729463,0.370537
P03362,1,73.8,72.42569,1.37431
P02113,4,55.6,54.240264,1.359736
P08023,5,73.4,74.565775,-1.165775
P03153,2,51.8,50.552748,1.247252
P03596,4,59.3,59.051142,0.248858
P05929,4,74.6,74.633202,-0.033202
P05285,3,89.3,88.277761,1.022239
P04344,5,66.6,69.399224,-2.799224
P08985,2,87.3,88.516122,-1.216122
P09036,2,65.5,65.691537,-0.191537
P09116,3,77.3,76.444073,0.855927
P01503,3,68.0,70.192837,-2.192837
P00560,2,100.0,99.238775,0.761225
P05988,5,92.0,92.583349,-0.583349
P09793,2,60.1,59.708211,0.391789
P00200,3,89.8,89.900211,-0.100211
P00996,3,73.6,74.237755,-0.637755
P01162,4,85.5,86.087858,-0.587858
P06021,5,67.2,66.446627,0.753373
P02543,5,84.0,85.037739,-1.037739
P00975,2,77.1,76.525378,0.574622
P05335,2,63.0,63.654849,-0.654849
P01166,4,77.2,76.554136,0.645864
P08642,5,44.0,44.241332,-0.241332
P01656,4,77.6,77.937,-0.337
P04998,3,48.8,48.726411,0.073589
P02519,2,65.9,67.794689,-1.894689
P09546,2,81.1,83.479474,-2.379474
P05602,1,84.6,85.303704,-0.703704
P03742,2,65.9,64.661384,1.238616
P03312,1,77.6,78.197916,-0.597916
P07289,2,74.3,72.253398,2.046602
P04025,1,77.3,78.051854,-0.751854
P04692,2,92.4,92.161397,0.238603
P00945,1,68.4,68.136939,0.263061
P01192,2,62.1,59.930118,2.169882
P03138,3,73.3,73.156993,0.143007
P02702,3,63.2,61.967937,1.232063
P06718,2,64.6,63.024152,1.575848
P07786,4,64.8,66.473206,-1.673206
P09924,2,72.7,73.301482,-0.601482
P07717,1,80.0,79.4812,0.5188
P03493,4,61.7,61.516378,0.183622
P01300,5,75.1,73.523873,1.576127
P05920,3,68.6,69.577995,-0.977995
P08040,5,76.1,74.859324,1.240676
P08654,2,78.3,78.708166,-0.408166
P05727,2,64.7,62.957291,1.742709
P02077,1,64.0,62.55718,1.44282
P04630,2,69.5,69.660762,-0.160762
P03683,4,85.0,86.863143,-1.863143
P08322,1,63.9,63.848347,0.051653
P03958,5,58.2,59.022584,-0.822584
P08264,4,73.3,73.198553,0.101447
P02912,5,71.3,70.765229,0.534771
P07230,1,100.0,98.191341,1.808659
P03099,1,54.6,51.951312,2.648688
P03527,5,49.7,49.037105,0.662895
P07377,1,78.4,77.857973,0.542027
P06642,4,100.0,96.421189,3.578811
P01808,1,76.2,75.834437,0.365563
P04455,3,75.8,75.088674,0.711326
P05877,3,77.9,78.934098,-1.034098
P00561,3,45.8,47.091361,-1.291361
P09327,3,82.5,82.54454,-0.04454
P05965,3,50.1,46.919343,3.180657
P06434,1,94.3,97.923141,-3.623141
P08907,4,81.7,81.887224,-0.187224
P07366,4,57.8,57.010008,0.789992
P00651,1,96.3,95.984425,0.315575
P04771,5,76.2,76.236576,-0.036576
P04756,1,63.1,62.372894,0.727106
P05549,1,65.0,67.06433,-2.06433
P02159,2,91.5,90.504984,0.995016
P02526,2,62.5,59.628566,2.871434
P00319,4,76.0,74.772814,1.227186
P07212,5,76.4,74.452109,1.947891
P03762,1,71.4,71.003268,0.396732
P07844,3,88.3,88.311628,-0.011628
P01273,3,73.2,76.813221,-3.613221
P05709,1,68.6,71.040719,-2.440719
P08198,1,56.5,54.973839,1.526161
P08291,3,84.0,83.328382,0.671618
P00018,2,74.8,74.217852,0.582148
P09025,1,79.8,80.04611,-0.24611
P02679,3,73.4,70.341871,3.058129
P02017,5,75.1,75.803793,-0.703793
P04778,1,54.1,54.136131,-0.036131
P08913,5,73.6,73.036736,0.563264
P05890,4,63.5,64.218156,-0.718156
P02463,4,60.3,58.173397,2.126603
P05148,2,95.4,95.63561,-0.23561
P01331,3,71.4,69.100385,2.299615
P04404,3,67.6,68.306928,-0.706928
P09567,3,72.4,68.987979,3.412021
P02426,3,53.0,54.199984,-1.199984
P01608,5,65.8,67.349704,-1.549704
P09624,2,57.4,59.254192,-1.854192
P00574,1,62.6,64.049019,-1.449019
P02890,2,70.0,69.878638,0.121362
P01037,3,99.8,98.521009,1.278991
P07952,4,78.4,78.203821,0.196179
P04856,3,91.0,91.639838,-0.639838
P06605,2,70.1,69.377522,0.722478
P00821,2,63.6,62.900396,0.699604
P02594,2,78.0,76.104405,1.895595
P07499,4,83.5,83.089286,0.410714
P06213,5,70.3,71.656705,-1.356705
P02485,1,67.0,64.230706,2.769294
P08941,4,81.7,83.019152,-1.319152
P04488,3,63.3,62.359778,0.940222
P07244,5,86.5,90.885949,-4.385949
P06759,4,84.7,84.646191,0.053809
P07039,4,65.7,67.858489,-2.158489
P06013,5,65.2,66.714477,-1.514477
P04888,5,71.1,72.645817,-1.545817
P01729,3,57.5,56.740539,0.759461
P07549,2,71.5,72.461545,-0.961545
P01600,3,74.5,76.695037,-2.195037
P02963,1,86.5,89.205841,-2.705841
P07389,4,65.1,66.595399,-1.495399
P03658,1,67.4,68.048606,-0.648606
P01083,3,83.6,85.240593,-1.640593
P05520,1,85.3,84.104936,1.195064
P07765,4,76.3,74.991599,1.308401
P06867,5,76.0,70.643507,5.356493
P06925,3,44.2,43.041247,1.158753
P09706,5,79.8,83.481046,-3.681046
P09095,1,72.0,72.438958,-0.438958
P06892,4,58.3,58.22361,0.07639
P08370,3,58.9,61.408156,-2.508156
P07288,2,71.8,69.287072,2.512928
P09891,2,54.5,50.625487,3.874513
P08413,1,80.4,80.02155,0.37845
P03732,2,86.4,85.884371,0.515629
P04764,5,80.2,80.935388,-0.735388
P05121,2,66.9,66.11161,0.78839
P05923,1,83.5,84.053476,-0.553476
P07241,3,73.1,72.165854,0.934146
P02584,3,87.2,89.309389,-2.109389
P05422,2,82.7,85.231745,-2.531745
P07660,4,81.3,81.563455,-0.263455
P00877,1,68.1,68.655428,-0.555428
P09974,3,70.0,69.245034,0.754966
P08784,1,99.7,95.341692,4.358308
P01851,4,98.8,97.396129,1.403871
P02175,3,60.6,56.843839,3.756161
P09674,1,97.7,98.735407,-1.035407
P06504,4,63.0,62.270315,0.729685
P02547,2,62.0,62.951044,-0.951044
P08149,4,73.1,74.631709,-1.531709
P03552,2,57.2,58.027577,-0.827577
P06923,3,79.3,77.198111,2.101889
P05411,2,91.3,91.372713,-0.072713
P04677,5,60.2,61.11356,-0.91356
P02793,1,83.2,84.233752,-1.033752
P07674,4,72.0,71.162362,0.837638
P07842,3,62.9,64.848471,-1.948471
P07972,3,78.0,78.78675,-0.78675
P09603,1,75.1,74.278416,0.821584
P01299,2,65.6,66.224602,-0.624602
P08166,4,65.1,65.938353,-0.838353
P02084,2,69.7,67.412816,2.287184
P06371,1,82.1,81.169281,0.930719
P00212,4,68.0,70.251943,-2.251943
P06484,4,72.7,69.016506,3.683494
P07024,3,57.4,59.382992,-1.982992
P06473,1,61.2,61.702044,-0.502044
P09745,4,60.0,59.407392,0.592608
P02070,5,49.8,51.229517,-1.429517
P06109,2,77.6,77.191273,0.408727
P02020,5,80.0,83.706797,-3.706797
P02207,1,53.2,53.351347,-0.151347
P03210,5,88.0,88.723927,-0.723927
P09765,1,59.8,56.101414,3.698586
P05586,1,60.4,60.171726,0.228274
P02883,4,94.7,93.46127,1.23873
P08469,2,63.6,64.755423,-1.155423
P09852,5,79.5,78.636355,0.863645
P05816,3,95.7,93.463623,2.236377
P04232,1,88.5,85.977721,2.522279
P02760,3,65.6,64.666731,0.933269
P00409,3,67.5,67.104604,0.395396
P03322,1,86.5,86.082403,0.417597
P04475,1,64.2,64.482998,-0.282998
P02275,1,46.1,46.696491,-0.596491
P00211,1,78.6,77.90368,0.69632
P06905,3,76.4,76.265523,0.134477
P05854,3,61.2,61.60626,-0.40626
P01644,5,65.9,67.081691,-1.181691
P07106,5,55.3,55.346696,-0.046696
P02610,1,69.4,67.791951,1.608049
P01582,5,71.7,71.386333,0.313667
P09527,5,73.7,71.767004,1.932996
P00666,4,71.0,69.612713,1.387287
P08503,4,76.6,75.244548,1.355452
P01119,4,61.9,62.599912,-0.699912
P08578,2,78.9,77.184095,1.715905
P05158,5,86.1,84.831655,1.268345
P09267,3,73.7,74.583807,-0.883807
P00693,1,66.0,67.368091,-1.368091
P05566,2,58.6,58.376208,0.223792
P06835,4,60.5,58.45859,2.04141
P09313,2,78.3,75.73511,2.56489
P07492,3,72.0,71.859885,0.140115
P03449,3,84.5,84.671253,-0.171253
P08870,1,76.7,78.396624,-1.696624
P07946,2,100.0,99.989259,0.010741
P03587,2,71.2,73.116562,-1.916562
P04117,5,62.3,64.359694,-2.059694
P05318,2,59.8,57.770743,2.029257
P02377,5,79.7,81.277029,-1.577029
P05718,5,66.5,68.667249,-2.167249
P07907,2,74.8,74.042707,0.757293
P08034,1,85.9,84.181955,1.718045
P06447,3,84.7,84.607856,0.092144
P07338,3,69.1,68.766339,0.333661
P00649,3,70.0,69.524958,0.475042
P05283,2,96.7,96.421126,0.278874
P07159,2,70.6,69.148252,1.451748
P03877,1,71.0,69.44505,1.55495
P04126,3,74.6,75.241804,-0.641804
P05000,2,76.0,78.503429,-2.503429
P09401,3,72.0,74.565046,-2.565046
P00971,1,88.9,87.578394,1.321606
P05183,4,92.6,92.957927,-0.357927
P00699,5,68.4,67.546321,0.853679
P01754,2,69.3,71.39852,-2.09852
P06031,4,60.2,60.327755,-0.127755
P00028,1,65.4,64.978473,0.421527
P08722,5,63.7,63.214866,0.485134
P09853,2,80.3,83.440021,-3.140021
P03630,3,85.5,84.456314,1.043686
P06402,2,66.0,66.90764,-0.90764
P08741,5,52.6,49.837687,2.762313
P07546,1,58.7,58.02212,0.67788
P05108,5,66.3,68.132097,-1.832097
P06001,3,90.5,92.022756,-1.522756
P08828,1,79.0,79.004968,-0.004968
P09281,1,70.8,69.544825,1.255175
P03545,3,64.6,64.312813,0.287187
P06985,4,93.9,93.790302,0.109698
P06420,5,75.5,76.647606,-1.147606
P08326,1,69.1,69.839183,-0.739183
P01328,3,81.4,81.650383,-0.250383
P09398,2,72.7,73.098831,-0.398831
P02393,5,63.3,63.81417,-0.51417
P06972,1,90.8,88.14015,2.65985
P05608,3,92.3,95.883793,-3.583793
P08798,5,88.5,88.286118,0.213882
P04435,5,67.5,68.288202,-0.788202
P09321,4,78.8,75.651663,3.148337
P05427,3,74.6,70.454478,4.145522
P01464,5,69.9,71.762691,-1.862691
P00657,5,73.3,72.420236,0.879764
P02208,1,55.4,57.401032,-2.001032
P03195,5,59.6,58.542991,1.057009
P03221,5,73.9,73.430548,0.469452
P02873,3,57.3,59.32645,-2.02645
P00482,5,56.5,56.883538,-0.383538
P05436,4,63.9,62.059103,1.840897
P04743,3,91.8,89.811955,1.988045
P04926,5,77.2,76.766981,0.433019
P00486,3,71.9,70.598894,1.301106
P03781,2,91.2,93.353276,-2.153276
P04612,3,75.1,74.332732,0.767268
P09936,2,97.9,96.911908,0.988092
P08357,3,77.5,77.031331,0.468669
P03364,2,69.2,71.385871,-2.185871
P00911,4,76.6,76.275237,0.324763
P04551,3,81.5,84.758151,-3.258151
P03351,2,82.3,79.20342,3.09658
P02293,4,86.4,84.959519,1.440481
P08278,2,85.4,87.653863,-2.253863
P06472,1,76.0,75.678425,0.321575
P00631,1,77.3,74.545481,2.754519
P07147,1,67.9,68.239616,-0.339616
P06136,1,87.4,87.37764,0.02236
P01658,5,71.3,72.851635,-1.551635
P06146,2,62.7,62.720495,-0.020495
P08968,4,73.9,71.928603,1.971397
P06235,5,48.1,45.840825,2.259175
P02382,4,67.3,67.357047,-0.057047
P03702,3,75.3,74.247581,1.052419
P00553,5,81.1,81.762212,-0.662212
P00251,3,54.6,55.674907,-1.074907
P05072,1,96.0,96.165655,-0.165655
P02114,1,82.3,82.869458,-0.569458
P05954,2,74.5,74.953001,-0.453001
P05195,2,60.2,57.102138,3.097862
P06115,2,66.6,66.577186,0.022814
P09857,5,64.8,61.316688,3.483312
P08666,3,81.9,84.41659,-2.51659
P07518,5,68.3,70.771189,-2.471189
P00600,4,81.9,83.512301,-1.612301
P04705,4,82.8,83.712198,-0.912198
P08072,2,66.2,66.579503,-0.379503
P08116,2,78.7,79.623655,-0.923655
P09846,3,73.6,76.498859,-2.898859
P03516,1,70.7,69.185679,1.514321
P07157,2,78.4,77.189714,1.210286
P00157,2,66.4,68.369698,-1.969698
P02192,2,83.3,83.427931,-0.127931
P03355,5,91.1,91.411988,-0.311988
P05205,3,64.2,63.580118,0.619882
P09032,1,69.9,69.899747,0.000253
P07667,4,79.0,78.775355,0.224645
P08461,3,90.4,92.985957,-2.585957
P09971,5,82.8,80.797685,2.002315
P04979,3,84.5,85.941621,-1.441621
P04801,1,48.9,52.611503,-3.711503
P01627,2,78.9,78.52445,0.37555
P00005,5,62.7,62.382558,0.317442
P01226,1,90.8,91.811303,-1.011303
P01957,4,83.4,84.485572,-1.085572
P07376,1,83.5,84.602231,-1.102231
P09350,3,83.3,82.175416,1.124584
P08238,2,73.9,73.932187,-0.032187
P08662,1,89.4,88.62894,0.77106
P05065,1,74.8,73.986415,0.813585
P08392,1,79.0,78.006794,0.993206
P02746,2,71.7,73.203562,-1.503562
P06476,5,65.9,66.092858,-0.192858
P05376,4,88.8,88.134296,0.665704
P08598,2,61.7,60.197868,1.502132
P06258,1,49.2,49.170321,0.029679
P01480,1,54.2,53.309796,0.890204
P09783,2,74.9,75.1789,-0.2789
P02161,1,97.8,96.110529,1.689471
P07989,4,96.7,95.52141,1.17859
P04975,3,80.7,81.39688,-0.69688
P09732,5,75.6,76.322138,-0.722138
P09383,2,95.1,94.681277,0.418723
P05895,2,78.0,76.856415,1.143585
P04400,4,79.7,79.246695,0.453305
P07913,5,74.7,77.396345,-2.696345
P02036,4,67.7,67.526147,0.173853
P03864,2,69.3,69.303798,-0.003798
P09775,5,62.5,62.113321,0.386679
P00051,5,63.7,63.501916,0.198084
P01865,5,66.2,68.116204,-1.916204
P09833,1,56.8,58.579597,-1.779597
P04793,4,67.6,66.25452,1.34548
P01730,4,75.7,74.969162,0.730838
P09709,2,72.0,69.446361,2.553639
P04374,2,71.7,70.452842,1.247158
P09568,1,82.9,83.821862,-0.921862
P07715,3,98.7,97.985261,0.714739
P01277,1,94.7,91.778891,2.921109
P02666,3,73.7,72.384935,1.315065
P09278,2,83.7,84.399434,-0.699434
P00228,3,80.7,80.575077,0.124923
P08978,3,76.0,75.500628,0.499372
P08625,5,56.9,57.997335,-1.097335
P01258,4,60.4,58.261422,2.138578
P01668,2,81.5,80.504505,0.995495
P00368,5,71.7,70.172153,1.527847
P05483,2,69.9,70.139029,-0.239029
P05023,4,76.3,74.658178,1.641822
P02538,2,77.8,74.858618,2.941382
P09744,3,68.0,70.068039,-2.068039
P05165,2,82.0,82.070826,-0.070826
P01900,5,61.1,59.323888,1.776112
P05568,3,71.1,73.801808,-2.701808
P08752,5,95.3,96.183616,-0.883616
P09748,3,67.6,70.024122,-2.424122
P00177,5,71.6,72.893939,-1.293939
P07012,1,64.4,64.105192,0.294808
P05431,5,73.8,75.022544,-1.222544
P07342,1,80.3,79.949165,0.350835
P05468,4,94.6,94.926749,-0.326749
P04971,1,65.6,65.552708,0.047292
P06580,3,89.3,87.960409,1.339591
P00717,2,85.7,88.272919,-2.572919
P06756,3,82.5,80.420725,2.079275
P07454,4,77.8,76.654511,1.145489
P05098,5,75.8,76.899236,-1.099236
P02142,3,71.9,73.011834,-1.111834
P07662,5,56.0,52.901326,3.098674
P05876,2,89.4,88.510932,0.889068
P00362,4,76.9,75.665956,1.234044
P05421,5,48.3,49.722405,-1.422405
P06343,3,71.6,72.384997,-0.784997
P06556,1,80.0,79.401226,0.598774
P02825,5,80.2,82.612774,-2.412774
P03020,5,84.3,84.374659,-0.074659
P07109,4,50.8,48.684403,2.115597
P09181,3,68.5,66.243705,2.256295
P01330,4,74.4,74.951845,-0.551845
P00526,3,72.6,75.16751,-2.56751
P05480,4,62.6,63.395931,-0.795931
P01329,5,70.2,68.082525,2.117475
P04990,2,82.7,83.6897,-0.9897
P04906,4,84.6,85.703843,-1.103843
P01099,2,81.4,81.792624,-0.392624
P04305,4,56.2,56.968177,-0.768177
P01864,1,81.3,81.234686,0.065314
P03397,1,51.8,55.162567,-3.362567
P06259,3,70.6,68.464422,2.135578
P02346,2,84.4,83.573708,0.826292
P00416,3,88.3,88.746478,-0.446478
P08903,5,75.5,74.510233,0.989767
P04915,4,67.1,72.133819,-5.033819
P01449,3,56.2,55.765365,0.434635
P09050,2,74.1,72.82489,1.27511
P00244,5,83.3,83.453655,-0.153655
P02122,3,84.3,80.276806,4.023194
P07996,2,76.6,75.138807,1.461193
P07404,1,86.3,88.108045,-1.808045
P04553,2,86.1,87.931168,-1.831168
P09148,4,65.9,65.863052,0.036948
P02289,2,66.1,70.642894,-4.542894
P09286,1,69.2,69.819068,-0.619068
P00106,1,59.2,58.011896,1.188104
P06799,2,74.1,74.196851,-0.096851
P00902,3,53.8,53.95646,-0.15646
P03424,4,99.1,96.290964,2.809036
P08876,4,60.0,59.161264,0.838736
P04817,3,78.4,78.927118,-0.527118
P04169,4,71.2,70.463418,0.736582
P05670,1,72.5,73.979348,-1.479348
P06674,2,64.5,64.808233,-0.308233
P01536,2,73.3,73.053309,0.246691
P00568,4,90.1,89.242254,0.857746
P03916,5,77.2,77.365485,-0.165485
P04611,1,72.4,71.396921,1.003079
P09189,3,69.1,69.379435,-0.279435
P07925,5,77.1,77.09691,0.00309
P07249,2,76.5,75.996383,0.503617
P06445,3,56.6,59.345587,-2.745587
P00968,5,73.1,74.108186,-1.008186
P05711,3,71.5,70.793278,0.706722
P02290,1,90.9,92.040198,-1.140198
P07776,5,74.6,76.787547,-2.187547
P05898,1,61.0,61.037944,-0.037944
P05478,5,84.3,83.564519,0.735481
P01570,5,76.2,75.448176,0.751824
P09800,5,71.0,74.081482,-3.081482
P08596,2,58.1,58.698728,-0.598728
P05043,4,51.8,52.735702,-0.935702
P09711,4,74.6,74.827548,-0.227548
P09982,2,63.2,62.1549,1.0451
P02887,1,84.9,82.477385,2.422615
P07127,5,63.5,62.835651,0.664349
P03663,4,64.2,64.313968,-0.113968
P04524,3,65.7,66.519302,-0.819302
P09410,3,83.9,86.442502,-2.542502
P05084,2,82.3,83.69796,-1.39796
P01216,1,75.6,74.604328,0.995672
P07468,4,58.9,59.435587,-0.535587
P02749,4,47.8,46.468806,1.331194
P03483,4,58.1,59.251759,-1.151759
P07015,1,85.4,84.941707,0.458293
P02004,1,82.7,84.744736,-2.044736
P08422,3,74.1,73.762394,0.337606
P09301,5,88.2,89.046614,-0.846614
P09252,1,66.9,64.825041,2.074959
P08391,1,54.6,52.897235,1.702765
P07141,5,56.1,57.931606,-1.831606
P07488,1,66.3,67.196472,-0.896472
P04933,3,87.4,89.086885,-1.686885
P02795,4,68.4,67.829667,0.570333
P08416,3,81.3,82.181692,-0.881692
P07017,1,96.6,95.295015,1.304985
P01857,4,70.9,70.023222,0.876778
P02449,5,57.4,56.478088,0.921912
P08277,3,64.1,65.130384,-1.030384
P04073,5,81.2,80.882918,0.317082
P01568,3,73.3,73.669061,-0.369061
P08937,2,95.7,96.825137,-1.125137
P01125,2,73.1,73.192078,-0.092078
P08059,5,63.0,60.960435,2.039565
P09113,5,85.8,83.775601,2.024399
P06862,3,40.1,37.372305,2.727695
P07415,5,73.5,72.708495,0.791505
P05144,1,59.3,59.691708,-0.391708
P08451,3,77.0,75.316138,1.683862
P08707,2,66.3,68.034992,-1.734992
P04995,4,86.9,86.635878,0.264122
P03906,5,78.8,80.634164,-1.834164
P04678,2,63.8,63.006285,0.793715
P06317,2,82.5,83.029418,-0.529418
P02753,2,54.7,57.395152,-2.695152
P01769,4,73.1,74.663271,-1.563271
P05497,1,57.1,57.816386,-0.716386
P03255,4,69.0,71.031674,-2.031674
P00529,3,78.8,80.128083,-1.328083
P03009,5,76.2,77.091725,-0.891725
P04598,2,44.8,47.032082,-2.232082
P00441,2,80.3,79.455078,0.844922
P01934,5,85.2,84.393505,0.806495
P00859,4,58.8,60.167839,-1.367839
P01671,1,65.6,65.844041,-0.244041
P01552,4,80.4,79.980197,0.419803
P08954,3,74.7,75.257951,-0.557951
P08487,2,88.2,90.473539,-2.273539
P09385,5,82.6,84.534137,-1.934137
P03144,5,56.4,57.243789,-0.843789
P05839,4,55.1,58.1319,-3.0319
P00490,4,75.6,75.414753,0.185247
P05640,3,56.4,56.175121,0.224879
P04112,4,63.4,62.697282,0.702718
P08611,1,62.7,65.823465,-3.123465
P09596,4,72.6,71.74079,0.85921
P01714,5,61.8,60.37246,1.42754
P06360,2,78.0,76.613933,1.386067
P06547,5,79.4,78.452125,0.947875
P09414,2,68.9,67.132784,1.767216
P07668,3,70.0,72.538401,-2.538401
P08842,1,65.1,64.751747,0.348253
P02003,4,74.8,74.962751,-0.162751
P07938,5,69.6,67.405137,2.194863
P09138,3,83.8,82.878331,0.921669
P07513,3,63.0,64.223607,-1.223607
P01529,5,65.6,64.695941,0.904059
P01392,5,72.3,68.566716,3.733284
P01314,1,66.3,65.549825,0.750175
P04057,4,46.6,46.308615,0.291385
P00910,3,54.0,55.300959,-1.300959
P08448,5,74.4,74.584811,-0.184811
P00365,1,68.9,70.949997,-2.049997
P02870,1,90.1,90.091681,0.008319
P08146,3,54.5,54.079948,0.420052
P05673,4,73.0,70.601589,2.398411
P04554,5,90.9,90.902279,-0.002279
P07876,2,97.7,97.032099,0.667901
P08696,5,83.2,82.860218,0.339782
P03263,2,71.9,73.148189,-1.248189
P01389,5,90.3,94.943736,-4.643736
P07737,5,66.5,66.556996,-0.056996
P01858,1,63.1,64.016942,-0.916942
P00124,4,57.2,57.26065,-0.06065
P00492,3,66.8,67.619313,-0.819313
P07560,5,65.5,66.722719,-1.222719
P08830,5,66.6,67.519488,-0.919488
P02314,4,69.5,70.94117,-1.44117
P01893,4,83.0,86.314908,-3.314908
P05025,5,71.5,74.112762,-2.612762
P09183,1,69.7,69.110087,0.589913
P07162,2,67.9,66.925211,0.974789
P08379,2,98.6,95.683876,2.916124
P01142,2,67.0,68.522822,-1.522822
P07448,3,76.2,74.347462,1.852538
P03211,3,64.6,66.392555,-1.792555
P05417,5,78.5,75.701952,2.798048
P02881,4,64.5,66.912043,-2.412043
P01095,5,65.8,68.11839,-2.31839
P04798,1,58.0,56.393516,1.606484
P05474,2,61.4,63.264111,-1.864111
P08564,4,71.0,71.444244,-0.444244
P07683,5,83.5,83.941055,-0.441055
P07132,3,82.9,82.49453,0.40547
P09174,3,85.3,85.524696,-0.224696
P02387,5,82.9,86.323636,-3.423636
P04054,3,71.2,69.292966,1.907034
P05012,5,65.3,66.083993,-0.783993
P09626,1,66.9,69.407676,-2.507676
P00331,4,72.7,68.863398,3.836602
P06309,2,72.3,72.054404,0.245596
P07537,4,84.2,84.096733,0.103267
P05066,2,77.1,77.502126,-0.402126
P01639,4,48.9,49.065491,-0.165491
P06406,1,67.4,67.307404,0.092596
P06744,2,74.9,72.853619,2.046381
P06877,4,66.5,69.281289,-2.781289
P07302,1,84.1,85.644185,-1.544185
P02802,5,67.0,68.672224,-1.672224
P05560,4,74.3,74.830504,-0.530504
P08452,5,69.8,71.395254,-1.595254
P00236,1,71.9,72.514672,-0.614672
P05510,3,68.1,66.525774,1.574226
P09955,5,69.5,69.52576,-0.02576
P07931,3,61.3,60.892875,0.407125
P09147,3,75.5,76.140974,-0.640974
P04607,2,68.7,68.02217,0.67783
P06440,2,69.5,66.641418,2.858582
P04433,4,79.6,78.389107,1.210893
P09409,3,70.0,70.976961,-0.976961
P06157,1,54.5,57.450045,-2.950045
P09511,1,82.3,82.499912,-0.199912
P07453,3,72.2,72.058726,0.141274
P03806,1,78.3,78.140931,0.159069
P08132,1,94.1,91.791033,2.308967
P05647,3,71.8,72.132209,-0.332209
P08211,1,72.4,70.099433,2.300567
P00656,5,84.9,82.34953,2.55047
P03319,1,90.0,91.335777,-1.335777
P02076,5,55.9,57.260641,-1.360641
P07008,2,58.5,60.047428,-1.547428
P03530,5,92.6,94.020546,-1.420546
P07033,5,93.4,92.777717,0.622283
P02394,1,67.0,66.782194,0.217806
P00909,2,84.5,84.28912,0.21088
P01544,4,100.0,100.0,0.0
P01174,3,55.5,55.675687,-0.175687
P05129,4,58.1,57.950192,0.149808
P05053,5,91.3,89.139845,2.160155
P00496,2,83.3,85.951568,-2.651568
P09126,2,73.1,71.324253,1.775747
P08748,1,74.0,72.957366,1.042634
P08825,3,72.3,70.989308,1.310692
P00459,4,72.9,71.619658,1.280342
P06415,4,40.4,42.882795,-2.482795
P08075,2,72.1,73.242057,-1.142057
P09836,5,79.7,80.151299,-0.451299
P01390,1,61.5,61.894503,-0.394503
P06735,1,63.5,63.423274,0.076726
P05851,2,52.8,51.734611,1.065389
P07081,5,81.5,81.626161,-0.126161
P00173,2,87.0,86.176339,0.823661
P05330,5,77.7,74.85141,2.84859
P07294,5,72.9,73.197964,-0.297964
P01337,3,78.1,81.113398,-3.013398
P08378,1,62.8,64.590093,-1.790093
P01371,5,78.7,77.726016,0.973984
P04880,2,74.5,76.087345,-1.587345
P08762,3,53.9,52.148809,1.751191
P06576,1,83.7,85.003118,-1.303118
P05992,5,92.1,93.715007,-1.615007
P07846,1,92.7,91.746462,0.953538
P05543,2,93.6,92.487773,1.112227
P04183,1,59.4,58.467146,0.932854
P04760,4,79.2,79.229963,-0.029963
P09845,2,63.3,62.059743,1.240257
P04802,4,86.1,87.145582,-1.045582
P04639,4,70.2,73.768594,-3.568594
P07994,1,76.0,73.643754,2.356246
P01669,5,83.3,82.804153,0.495847
P04808,2,73.1,70.554818,2.545182
P04773,3,70.3,69.15511,1.14489
P04587,3,83.7,85.020078,-1.320078
P05018,2,62.6,62.249897,0.350103
P09405,5,88.8,87.821271,0.978729
P07228,1,96.5,96.07603,0.42397
P01172,3,79.0,78.670377,0.329623
P01641,1,79.3,80.5936,-1.2936
P05089,5,59.2,61.335727,-2.135727
P06224,2,90.9,90.510947,0.389053
P07108,2,65.5,65.740952,-0.240952
P01926,1,90.6,89.42392,1.17608
P08175,1,58.2,59.951753,-1.751753
P02868,1,81.1,83.493492,-2.393492
P03650,1,77.5,79.114339,-1.614339
P03301,5,76.0,79.414627,-3.414627
P02683,3,71.4,69.85153,1.54847
P08235,4,57.9,57.107734,0.792266
P07967,2,82.6,84.265913,-1.665913
P03948,4,58.2,57.963808,0.236192
P05843,4,49.8,51.730418,-1.930418
P02291,3,78.7,79.503431,-0.803431
P02965,1,50.2,49.791059,0.408941
P00344,1,83.2,84.791651,-1.591651
P00287,2,72.0,69.6574,2.3426
P06919,5,90.1,91.047161,-0.947161
P02830,2,71.1,75.908361,-4.808361
P07517,4,87.3,86.975796,0.324204
P01491,3,96.4,95.459064,0.940936
P01765,1,82.4,82.45346,-0.05346
P06678,2,75.1,75.146948,-0.046948
P07743,1,75.5,75.589762,-0.089762
P01906,2,64.9,62.851769,2.048231
P05941,5,85.2,86.719962,-1.519962
P00744,2,85.3,86.357639,-1.057639
P06054,4,78.2,77.407311,0.792689
P07307,1,82.4,80.700578,1.699422
P01645,2,72.6,68.967425,3.632575
P04530,5,73.1,73.545677,-0.445677
P00183,5,91.1,90.689287,0.410713
P06907,1,81.7,79.170744,2.529256
P07405,3,75.8,76.265854,-0.465854
P06861,4,53.0,52.385035,0.614965
P05840,1,86.2,84.946052,1.253948
P02989,5,80.1,82.83932,-2.73932
P04393,4,65.8,66.09815,-0.29815
P02441,2,74.3,75.585557,-1.285557
P06022,2,75.8,72.755767,3.044233
P09143,2,74.4,74.572489,-0.172489
P09973,1,92.7,94.913151,-2.213151
P01646,1,87.7,85.937829,1.762171
P01060,2,73.4,75.300634,-1.900634
P05812,2,60.9,63.281327,-2.381327
P09540,2,84.7,83.93429,0.76571
P07094,3,84.7,87.675765,-2.975765
P07987,1,64.2,65.964937,-1.764937
P03645,2,74.5,73.560697,0.939303
P04361,3,83.6,82.887337,0.712663
P09419,5,76.3,77.900909,-1.600909
P07508,2,77.9,77.307747,0.592253
P03275,2,62.2,62.399345,-0.199345
P04564,3,89.6,91.478966,-1.878966
P04632,4,39.1,41.960801,-2.860801
P05381,3,67.9,70.943991,-3.043991
P06950,4,83.4,84.446325,-1.046325
P05578,2,100.0,96.463758,3.536242
P00413,1,73.4,71.919728,1.480272
P01319,2,83.2,85.661828,-2.461828
P08258,5,75.8,75.166365,0.633635
P07830,1,64.4,63.469246,0.930754
P02153,2,65.6,65.693981,-0.093981
P09315,3,61.8,61.587088,0.212912
P04746,2,59.9,58.806038,1.093962
P03352,1,76.1,76.48341,-0.38341
P01433,5,56.0,54.11249,1.88751
P09074,1,77.1,77.509723,-0.409723
P02124,3,80.1,80.47566,-0.37566
P02341,2,69.2,68.962019,0.237981
P02761,2,76.8,77.286017,-0.486017
P09016,5,63.2,59.258008,3.941992
P04386,5,79.3,76.037862,3.262138
P09002,5,75.2,74.071168,1.128832
P02425,1,100.0,96.699485,3.300515
P09510,5,73.2,72.319443,0.880557
P03935,4,76.1,76.933956,-0.833956
P01744,4,81.7,81.780401,-0.080401
P02572,1,82.0,81.639198,0.360802
P08979,3,57.9,57.823665,0.076335
P04557,5,86.2,84.783357,1.416643
P05210,5,77.4,78.86386,-1.46386
P03166,4,84.3,84.416621,-0.116621
P08692,1,81.3,82.524541,-1.224541
P03338,2,84.3,86.29943,-1.99943
P08957,5,63.3,63.091895,0.208105
P06088,1,83.2,84.838797,-1.638797
P00617,3,81.7,86.752714,-5.052714
P02993,2,79.1,77.418765,1.681235
P02147,1,75.4,75.310826,0.089174
P04871,3,83.6,82.347348,1.252652
P05106,1,62.8,61.393835,1.406165
P06064,3,69.2,69.784639,-0.584639
P01899,5,66.9,65.600666,1.299334
P09677,5,38.7,36.714628,1.985372
P01553,3,82.3,82.114591,0.185409
P07164,3,62.9,63.791519,-0.891519
P09843,3,50.7,51.954934,-1.254934
P02042,5,84.6,85.053093,-0.453093
P07158,4,60.3,59.697101,0.602899
P01153,2,84.9,87.083108,-2.183108
P05463,5,76.0,74.439423,1.560577
P08950,2,79.9,77.717863,2.182137
P04508,2,80.5,78.149586,2.350414
P08178,4,67.7,68.939088,-1.239088
P07255,5,73.0,74.966886,-1.966886
P01111,4,84.5,84.295692,0.204308
P04857,1,77.7,76.737757,0.962243
P07532,1,85.4,87.219291,-1.819291
P09243,2,93.5,97.022507,-3.522507
P03779,5,74.8,73.132097,1.667903
P06817,5,83.2,80.962285,2.237715
P01504,5,100.0,100.0,0.0
P00874,3,92.5,91.993542,0.506458
P06000,2,68.4,65.876706,2.523294
P02494,2,58.1,57.806258,0.293742
P08100,5,61.9,63.086906,-1.186906
P06852,4,77.9,80.467178,-2.567178
P08522,4,79.6,79.27022,0.32978
P06060,1,58.5,60.451867,-1.951867
P04218,5,73.9,73.282546,0.617454
P01722,1,54.6,53.258153,1.341847
P03453,5,67.1,66.749176,0.350824
P09256,3,37.9,38.527896,-0.627896
P01416,2,74.5,73.71023,0.78977
P06561,5,61.2,60.419645,0.780355
P00809,5,77.7,75.224834,2.475166
P00019,4,85.9,86.009848,-0.109848
P07895,4,68.7,69.755446,-1.055446
P04309,4,75.8,74.532059,1.267941
P00425,2,51.0,49.932376,1.067624
P06129,1,74.1,73.404962,0.695038
P01228,4,55.6,55.246399,0.353601
P03158,4,89.7,87.714193,1.985807
P07245,1,82.3,79.090497,3.209503
P01690,1,99.4,96.94748,2.45252
P06571,4,67.8,67.716569,0.083431
P00740,4,84.0,82.47599,1.52401
P08167,2,76.0,78.522924,-2.522924
P05990,1,74.3,69.910485,4.389515
P08827,5,75.2,72.989584,2.210416
P08237,1,81.1,82.611711,-1.511711
P02462,3,80.1,81.28372,-1.18372
P00990,5,85.4,85.941816,-0.541816
P04694,5,73.6,72.210255,1.389745
P09581,1,70.8,71.478391,-0.678391
P00032,4,71.5,72.723079,-1.223079
P09318,4,95.1,93.315915,1.784085
P08305,4,79.8,80.651553,-0.851553
P01435,3,72.1,71.645733,0.454267
P04563,5,51.6,51.479531,0.120469
P08366,5,79.7,78.41202,1.28798
P02035,4,90.0,88.41082,1.58918
P06827,3,65.5,67.963649,-2.463649
P07096,1,65.7,65.858323,-0.158323
P06319,5,79.4,78.615667,0.784333
P00832,2,56.7,56.588413,0.111587
P02459,3,83.6,84.684101,-1.084101
P00040,3,64.4,62.20314,2.19686
P00118,2,89.3,89.234255,0.065745
P03377,1,91.0,90.149115,0.850885
P02491,1,64.7,66.616217,-1.916217
P03091,1,73.1,73.802643,-0.702643
P04874,1,71.1,72.236026,-1.136026
P08189,2,91.1,89.631137,1.468863
P02300,5,89.0,87.062655,1.937345
P01349,5,81.0,82.297632,-1.297632
P00033,5,68.1,69.789226,-1.689226
P04758,1,71.1,72.286465,-1.186465
P02107,2,80.1,81.457388,-1.357388
P05644,5,91.1,92.214515,-1.114515
P06979,4,79.4,80.585165,-1.185165
P04635,1,64.6,61.495976,3.104024
P04650,3,67.1,68.86499,-1.76499
P09319,1,89.1,90.034299,-0.934299
P05506,2,74.0,72.368427,1.631573
P00396,3,100.0,100.0,0.0
P04855,1,79.4,77.092469,2.307531
P00713,3,68.0,69.472002,-1.472002
P08911,5,79.5,76.546526,2.953474
P08018,3,55.4,52.781863,2.618137
P09314,4,78.9,80.084504,-1.184504
P03000,2,80.2,81.410024,-1.210024
P08739,5,78.6,78.456173,0.143827
P06557,5,64.8,63.615346,1.184654
P00599,3,75.9,74.967172,0.932828
P00072,2,68.4,68.399089,0.000911
P02524,1,71.5,72.189548,-0.689548
P04621,4,57.4,57.015317,0.384683
P01597,2,67.6,67.49941,0.10059
P02828,5,71.1,71.861427,-0.761427
P06946,4,90.9,92.612811,-1.712811
P08174,4,63.4,62.769358,0.630642
P03871,1,96.7,98.185947,-1.485947
P07063,1,65.3,63.934708,1.365292
P01115,5,82.2,80.61044,1.58956
P08747,5,62.0,63.023084,-1.023084
P02823,2,71.7,71.905941,-0.205941
P04287,3,89.9,90.022866,-0.122866
P04372,5,77.3,77.816457,-0.516457
P09751,5,68.9,70.410536,-1.510536
P04529,3,72.2,77.721977,-5.521977
P09390,4,81.5,81.068728,0.431272
P07978,2,63.2,61.772411,1.427589
P01451,3,39.2,41.130441,-1.930441
P04091,3,69.5,68.370791,1.129209
P05594,5,76.7,76.111632,0.588368
P05194,1,72.4,73.84909,-1.44909
P07570,4,71.7,70.365345,1.334655
P00810,2,68.6,67.73864,0.86136
P03851,3,54.3,53.862804,0.437196
P02621,4,88.6,85.558687,3.041313
P00846,1,74.3,76.806815,-2.506815
P00394,5,72.0,73.944451,-1.944451
P02672,4,83.1,83.975766,-0.875766
P00669,1,80.7,80.52775,0.17225
P09082,1,41.3,40.579063,0.720937
P07463,4,64.9,64.548583,0.351417
P04254,3,76.2,72.675321,3.524679
P05504,4,87.2,88.037383,-0.837383
P03169,2,82.8,82.648537,0.151463
P06673,1,72.7,70.756752,1.943248
P00256,2,74.7,74.642021,0.057979
P09606,5,79.4,76.667633,2.732367
P05874,2,51.1,49.626814,1.473186
P03315,3,96.3,92.999294,3.300706
P08617,3,52.8,53.827789,-1.027789
P01474,1,70.3,71.195994,-0.895994
P04974,3,62.4,61.231013,1.168987
P06978,5,65.6,65.952267,-0.352267
P07875,1,77.7,77.534932,0.165068
P02578,2,59.5,55.784538,3.715462
P03631,2,73.9,72.736217,1.163783
P00340,5,96.1,91.97709,4.12291
P07189,3,90.7,88.880322,1.819678
P04415,1,84.9,85.260688,-0.360688
P05750,5,49.0,51.636823,-2.636823
P09607,4,59.9,59.832258,0.067742
P07785,4,93.7,98.067946,-4.367946
P05078,3,77.0,77.774436,-0.774436
P00675,3,68.9,70.161546,-1.261546
P04574,5,87.9,86.351916,1.548084
P01818,4,81.5,81.608893,-0.108893
P01999,4,82.6,83.469373,-0.869373
P05935,4,82.6,82.012003,0.587997
P03055,4,76.4,75.554103,0.845897
P05563,3,100.0,99.534073,0.465927
P01920,3,100.0,98.384953,1.615047
P02997,4,86.9,86.595308,0.304692
P08782,5,55.4,54.496629,0.903371
P05003,3,70.8,69.930568,0.869432
P02951,4,87.2,85.697957,1.502043
P09006,2,62.2,62.281264,-0.081264
P06116,5,76.1,75.222125,0.877875
P03770,2,86.5,86.00004,0.49996
P05650,1,85.7,85.670141,0.029859
P09291,5,87.7,88.194527,-0.494527
P03340,4,63.7,62.441505,1.258495
P00010,4,70.0,68.592553,1.407447
P00756,4,98.7,97.561946,1.138054
P06158,4,70.4,73.94817,-3.54817
P06046,3,70.6,72.937644,-2.337644
P04366,5,63.0,61.694314,1.305686
P07702,4,77.5,76.470848,1.029152
P05309,1,75.3,75.185576,0.114424
P00429,5,61.3,60.461839,0.838161
P00768,1,52.3,51.950976,0.349024
P00148,3,86.2,85.668461,0.531539
P09155,2,72.0,72.728992,-0.728992
P00900,5,68.7,68.425857,0.274143
P03611,4,66.9,68.462181,-1.562181
P07161,3,76.8,73.923164,2.876836
P08816,4,87.6,87.730969,-0.130969
P00448,5,43.7,42.68201,1.01799
P08537,2,67.8,69.105875,-1.305875
P07709,1,75.3,74.354542,0.945458
P08577,4,66.8,67.126656,-0.326656
P06290,1,71.8,70.995119,0.804881
P04223,5,64.2,64.551126,-0.351126
P05060,2,72.0,72.993211,-0.993211
P05927,1,84.0,84.067345,-0.067345
P08589,5,45.2,45.231697,-0.031697
P07231,2,63.7,63.198854,0.501146
P02073,5,59.4,58.280339,1.119661
P00641,2,81.6,83.993697,-2.393697
P02663,3,68.5,69.588534,-1.088534
P09571,4,48.4,48.878681,-0.478681
P04332,4,74.0,73.55842,0.44158
P00326,2,70.2,69.545585,0.654415
P02957,1,80.9,82.332169,-1.432169
P06149,1,56.4,57.358537,-0.958537
P07630,5,88.9,89.119013,-0.219013
P02437,4,57.9,58.319431,-0.419431
P02648,3,66.3,66.669133,-0.369133
P08289,3,69.8,70.349981,-0.549981
P07678,1,76.7,76.664118,0.035882
P09902,2,82.0,83.804312,-1.804312
P02307,3,62.8,59.97181,2.82819
P06228,4,86.3,88.501892,-2.201892
P00883,5,77.9,75.702605,2.197395
P07232,2,82.2,80.417418,1.782582
P01227,4,54.6,53.0908,1.5092
P06003,5,65.9,66.763888,-0.863888
P05315,1,74.0,73.299778,0.700222
P02731,1,91.4,89.964572,1.435428
P01013,1,79.9,79.589418,0.310582
P02909,4,71.6,71.25759,0.34241
P00024,4,88.8,88.756141,0.043859
P09784,3,70.1,72.060904,-1.960904
P08882,2,87.6,89.51629,-1.91629
P08044,1,76.7,76.45697,0.24303
P04346,2,86.9,85.663148,1.236852
P07217,2,72.8,71.694641,1.105359
P02996,5,60.9,59.565645,1.334355
P02075,1,82.2,81.701537,0.498463
P08995,5,71.2,70.576024,0.623976
P09061,1,95.4,95.761812,-0.361812
P07696,1,69.8,72.788623,-2.988623
P03043,5,74.2,73.349083,0.850917
P02475,5,95.0,92.609225,2.390775
P01473,5,70.3,71.057029,-0.757029
P02136,2,77.6,78.131883,-0.531883
P06491,2,53.8,52.834254,0.965746
P06256,5,90.7,90.947185,-0.247185
P01175,3,76.2,75.523341,0.676659
P05913,4,83.2,84.869627,-1.669627
P08616,3,60.1,60.328801,-0.228801
P03360,3,54.1,55.530522,-1.430522
P05592,3,90.6,92.853944,-2.253944
P08137,5,63.0,63.415597,-0.415597
P09194,4,66.2,65.070622,1.129378
P02383,3,81.7,84.015164,-2.315164
P06625,2,71.4,67.97711,3.42289
P08513,1,69.7,71.572923,-1.872923
P01018,2,68.3,68.147501,0.152499
P08009,1,58.4,62.258463,-3.858463
P03036,5,94.4,97.379425,-2.979425
P06443,2,79.8,78.596007,1.203993
P03688,3,80.4,78.208462,2.191538
P00272,1,70.6,69.305821,1.294179
P03070,1,100.0,100.0,0.0
P04499,2,80.4,80.358407,0.041593
P09723,4,62.0,58.780411,3.219589
P08382,3,72.3,69.637634,2.662366
P04055,4,57.0,58.534573,-1.534573
P09838,5,86.7,84.91321,1.78679
P09053,3,74.1,74.635579,-0.535579
P06765,1,85.3,86.57488,-1.27488
P07754,5,70.0,70.567397,-0.567397
P05324,2,84.0,81.967584,2.032416
P05556,4,60.3,58.171378,2.128622
P05482,5,72.4,74.09817,-1.69817
P05327,4,65.0,67.925109,-2.925109
P02955,4,80.2,80.647438,-0.447438
P01555,5,81.1,78.685906,2.414094
P03429,5,92.3,93.264216,-0.964216
P07344,5,74.3,73.993526,0.306474
P01745,4,67.0,68.422892,-1.422892
P00506,5,67.6,68.195467,-0.595467
P05525,3,65.5,68.791682,-3.291682
P09683,1,81.5,84.058813,-2.558813
P06774,3,83.6,84.226543,-0.626543
P07295,2,82.4,82.891643,-0.491643
P00325,3,76.0,75.872936,0.127064
P02171,4,83.5,85.049025,-1.549025
P09325,1,61.9,60.548407,1.351593
P09239,3,50.1,49.628144,0.471856
P01948,1,71.8,69.811658,1.988342
P03756,2,51.0,52.170741,-1.170741
P02916,4,64.8,64.14174,0.65826
P00109,1,96.4,97.523459,-1.123459
P06628,5,79.5,82.209396,-2.709396
P04314,4,70.0,69.816675,0.183325
P03239,2,76.0,75.169498,0.830502
P02591,3,77.7,75.308797,2.391203
P03523,2,69.2,69.522936,-0.322936
P02528,5,66.0,65.029702,0.970298
P01183,5,54.0,53.138123,0.861877
P08213,3,85.3,85.238758,0.061242
P04836,3,87.4,86.858906,0.541094
P08576,4,68.4,69.76516,-1.36516
P09932,5,65.3,64.807647,0.492353
P07556,5,91.0,88.657606,2.342394
P00254,1,61.1,62.533303,-1.433303
P08181,1,59.8,61.764585,-1.964585
P09332,5,76.3,75.359474,0.940526
P01260,1,76.0,74.940535,1.059465
P09368,4,78.3,79.318053,-1.018053
P09851,4,68.9,68.579478,0.320522
P05458,1,72.8,73.652425,-0.852425
P00695,5,79.1,78.650778,0.449222
P01921,3,85.0,86.09284,-1.09284
P08919,3,80.3,81.395072,-1.095072
P03594,3,57.1,53.714268,3.385732
P04462,4,64.4,64.26668,0.13332
P05641,5,66.4,68.238817,-1.838817
P04058,1,90.0,91.638822,-1.638822
P08788,4,82.1,81.480225,0.619775
P09019,3,69.9,69.674158,0.225842
P08352,2,58.7,61.010296,-2.310296
P03202,3,92.0,92.121319,-0.121319
P02262,1,86.1,85.256966,0.843034
P04261,5,71.1,68.173296,2.926704
P00604,3,53.8,52.880902,0.919098
P07644,4,77.7,77.454161,0.245839
P04422,3,79.4,77.835306,1.564694
P01492,4,92.9,92.030539,0.869461
P01267,3,82.9,82.257988,0.642012
P02864,3,54.7,53.533661,1.166339
P04365,4,58.0,57.474515,0.525485
P00798,5,57.9,56.481339,1.418661
P09282,2,61.9,59.293051,2.606949
P04432,3,87.7,85.535805,2.164195
P06816,5,72.8,70.026044,2.773956
P08027,2,64.5,63.114772,1.385228
P07198,4,75.9,74.435661,1.464339
P09553,4,62.7,62.470151,0.229849
P00404,3,59.7,56.961608,2.738392
P05099,3,98.7,95.181339,3.518661
P05868,1,67.7,67.609889,0.090111
P08627,3,78.3,80.224402,-1.924402
P08325,4,90.2,90.2251,-0.0251
P00817,4,72.1,71.160987,0.939013
P00628,5,87.1,87.330476,-0.230476
P02792,4,68.5,68.378612,0.121388
P01750,3,75.9,76.415747,-0.515747
P07740,1,65.0,63.586215,1.413785
P03535,2,80.1,79.365241,0.734759
P04227,3,34.3,31.874743,2.425257
P03086,2,80.5,82.347383,-1.847383
P09247,4,72.6,72.726723,-0.126723
P02671,1,45.5,44.496093,1.003907
P05942,4,79.8,77.462433,2.337567
P00584,4,62.2,62.18192,0.01808
P07266,3,76.2,73.869632,2.330368
P04294,3,74.1,73.530162,0.569838
P06030,2,81.2,80.895181,0.304819
P04207,4,73.0,73.504251,-0.504251
P02059,3,74.9,75.104409,-0.204409
P06786,3,71.2,71.40408,-0.20408
P00673,2,86.3,86.735385,-0.435385
P06108,1,69.7,71.543801,-1.843801
P09909,2,66.3,70.887113,-4.587113
P01173,3,74.0,73.753229,0.246771
P00593,4,77.8,78.384045,-0.584045
P09828,4,49.8,53.843821,-4.043821
P00929,2,72.9,74.632253,-1.732253
P01071,3,87.1,85.970797,1.129203
P05788,4,75.0,75.807621,-0.807621
P05621,3,77.0,78.203951,-1.203951
P08621,5,79.8,80.239743,-0.439743
P09052,4,80.5,79.63845,0.86155
P09612,1,68.7,67.908677,0.791323
P09209,2,52.2,51.64025,0.55975
P00499,3,66.4,67.910554,-1.510554
P01313,4,82.3,83.051915,-0.751915
P07062,5,62.9,61.840898,1.059102
P08591,3,81.8,79.045041,2.754959
P06610,3,92.1,90.989229,1.110771
P08649,5,51.8,52.076781,-0.276781
P04922,3,86.4,86.340851,0.059149
P00380,4,48.6,49.834475,-1.234475
P04284,4,82.1,81.907297,0.192703
P07970,1,100.0,100.0,0.0
P06010,2,57.5,59.745793,-2.245793
P08822,4,61.5,60.056506,1.443494
P00566,1,78.0,77.803157,0.196843
P00868,4,75.4,74.771601,0.628399
P06446,3,79.8,79.450997,0.349003
P01080,4,73.6,71.755591,1.844409
P00185,1,76.2,76.654411,-0.454411
P03952,3,56.7,56.334712,0.365288
P08785,2,74.6,73.814831,0.785169
P10000,5,88.7,86.509806,2.190194
P02039,5,71.0,70.842653,0.157347
P02149,3,69.6,70.050029,-0.450029
P09258,2,67.5,66.765038,0.734962
P00807,1,64.7,66.976256,-2.276256
P07401,4,62.3,63.707226,-1.407226
P02353,3,66.7,66.12302,0.57698
P01691,3,69.9,70.370559,-0.470559
P01194,5,76.2,79.41185,-3.21185
P07259,3,59.9,60.254857,-0.354857
P08510,5,86.0,85.295975,0.704025
P04147,2,87.9,88.463705,-0.563705
P06145,4,88.8,89.372617,-0.572617
P07530,1,65.7,67.056094,-1.356094
P01947,2,59.4,59.538704,-0.138704
P01952,2,63.5,64.098403,-0.598403
P06205,1,77.7,76.231288,1.468712
P06505,3,51.8,50.85378,0.94622
P04625,4,86.2,83.849278,2.350722
P07847,2,82.0,81.696438,0.303562
P00851,3,77.5,78.03966,-0.53966
P06362,2,65.9,66.149281,-0.249281
P03468,5,67.2,68.671681,-1.471681
P07193,3,72.5,74.107059,-1.607059
P02246,5,60.1,59.532843,0.567157
P05450,3,63.3,62.859189,0.440811
P02763,3,83.7,81.068572,2.631428
P01539,4,73.9,75.213403,-1.313403
P05112,4,89.8,87.258821,2.541179
P02506,1,77.6,79.133726,-1.533726
P00043,1,76.4,75.680125,0.719875
P02517,3,83.2,83.35179,-0.15179
P05781,4,59.4,58.42487,0.97513
P01089,4,45.6,47.551031,-1.951031
P08716,3,58.7,59.12758,-0.42758
P08065,3,74.2,71.982164,2.217836
P05706,4,86.5,87.201663,-0.701663
P09611,3,73.4,72.11819,1.28181
P07459,4,83.8,85.422781,-1.622781
P01786,1,60.4,58.971004,1.428996
P08274,4,83.5,82.174658,1.325342
P09146,5,87.9,84.72115,3.17885
P04299,3,96.1,95.508155,0.591845
P08153,2,57.2,56.568095,0.631905
P03394,2,69.1,68.516346,0.583654
P06423,5,98.4,98.393565,0.006435
P09403,2,83.8,82.746406,1.053594
P07085,2,43.5,42.442745,1.057255
P03252,4,99.9,97.899813,2.000187
P02593,1,86.8,87.03441,-0.23441
P02502,5,86.5,84.377292,2.122708
P02105,3,79.8,79.181631,0.618369
P09457,1,78.4,79.289025,-0.889025
P06121,5,57.4,56.257754,1.142246
P00533,2,92.3,91.14846,1.15154
P04797,3,59.7,62.980788,-3.280788
P04089,2,90.7,91.355731,-0.655731
P02477,5,76.3,77.826832,-1.526832
P00145,1,74.2,75.569964,-1.369964
P09671,1,75.0,72.537634,2.462366
P07469,1,89.2,90.142091,-0.942091
P01424,5,98.0,98.080757,-0.080757
P07538,2,79.7,79.088977,0.611023
P03869,1,63.9,64.141495,-0.241495
P02631,4,56.0,54.797984,1.202016
P08066,4,95.2,93.56192,1.63808
P01705,3,58.1,58.572608,-0.472608
P03711,2,80.0,81.113035,-1.113035
P03797,3,50.0,49.713731,0.286269
P07082,4,45.3,46.920093,-1.620093
P03803,1,77.8,78.66779,-0.86779
P02320,3,65.1,64.652738,0.447262
P06102,2,85.6,86.085414,-0.485414
P05215,5,76.4,75.474386,0.925614
P03643,3,72.2,76.721848,-4.521848
P02468,2,85.2,86.299099,-1.099099
P09981,4,99.4,98.012415,1.387585
P09544,3,87.1,85.074787,2.025213
P06372,3,59.9,59.924305,-0.024305
P08887,2,86.2,83.944121,2.255879
P00168,1,72.9,73.590423,-0.690423
P09558,5,78.3,77.340027,0.959973
P01035,4,87.3,87.243426,0.056574
P00270,1,44.6,47.904441,-3.304441
P02495,3,53.8,53.936834,-0.136834
P03746,3,85.3,87.49211,-2.19211
P05724,5,97.7,97.817532,-0.117532
P00008,5,46.7,45.908874,0.791126
P09638,3,66.5,67.954619,-1.454619
P05582,3,72.4,71.450152,0.949848
P09503,4,77.7,78.541444,-0.841444
P01655,5,80.1,80.125738,-0.025738
P06716,1,74.9,75.745902,-0.845902
P05130,3,64.4,60.899627,3.500373
P01988,3,78.6,77.997777,0.602223
P05794,5,82.8,81.915688,0.884312
P01434,4,35.6,37.71084,-2.11084
P06614,1,88.9,90.775034,-1.875034
P01233,4,89.9,89.765908,0.134092
P01994,1,86.6,85.736051,0.863949
P08435,3,56.3,57.533129,-1.233129
P06365,4,69.6,67.538946,2.061054
P06929,2,63.5,61.198049,2.301951
P01956,1,75.7,75.645254,0.054746
P09298,4,84.1,83.894782,0.205218
P05406,5,99.6,95.84111,3.75889
P02656,3,80.9,81.787787,-0.887787
P04084,1,85.6,85.145357,0.454643
P00941,5,72.3,70.567096,1.732904
P07380,2,79.3,76.171665,3.128335
P05310,5,64.9,63.387254,1.512746
P08851,3,76.8,77.534406,-0.734406
P09336,2,79.8,79.50141,0.29859
P05090,3,80.5,81.038787,-0.538787
P04796,4,56.4,56.429893,-0.029893
P01323,3,70.4,70.784494,-0.384494
P09700,5,69.2,72.002789,-2.802789
P02841,2,72.8,74.59067,-1.79067
P00704,3,56.4,58.598334,-2.198334
P08244,5,58.1,57.200817,0.899183
P05395,3,93.7,93.030586,0.669414
P07030,5,48.2,52.448236,-4.248236
P08076,3,71.4,72.403141,-1.003141
P01626,2,74.6,73.85035,0.74965
P07275,3,81.6,83.327784,-1.727784
P03438,5,71.2,72.1449,-0.9449
P06848,5,71.6,72.196598,-0.596598
P08742,4,85.7,82.763447,2.936553
P08817,4,87.8,86.043818,1.756182
P07664,3,79.4,76.504135,2.895865
P06352,5,70.1,70.236343,-0.136343
P01255,1,90.5,87.957449,2.542551
P00450,3,72.1,71.473106,0.626894
P00294,1,78.4,78.799701,-0.399701
P05599,4,66.8,68.557742,-1.757742
P09346,4,72.2,70.671228,1.528772
P07430,5,84.2,84.025983,0.174017
P08143,4,74.6,74.291147,0.308853
P08147,4,66.3,67.324044,-1.024044
P01599,5,67.6,69.76039,-2.16039
P09623,3,77.9,78.532392,-0.632392
P04228,2,78.5,78.959924,-0.459924
P03069,3,70.2,71.244948,-1.044948
P04637,4,70.0,71.017402,-1.017402
P07379,1,39.8,40.588685,-0.788685
P00528,5,65.2,67.742016,-2.542016
P09821,4,96.4,95.720588,0.679412
P08430,5,50.5,52.355959,-1.855959
P00111,1,68.7,66.911147,1.788853
P03665,1,88.1,88.278661,-0.178661
P01672,5,60.1,61.55486,-1.45486
P00206,3,61.0,59.833678,1.166322
P08210,3,86.1,87.019661,-0.919661
P07954,3,80.7,83.109721,-2.409721
P00742,4,90.9,90.732309,0.167691
P04468,3,51.0,52.557216,-1.557216
P08664,2,92.9,93.803082,-0.903082
P03309,3,67.8,68.149166,-0.349166
P01551,4,78.0,75.895312,2.104688
P03481,1,80.2,80.979996,-0.779996
P04891,4,48.9,48.825677,0.074323
P08884,5,69.4,70.184655,-0.784655
P00333,5,100.0,97.640394,2.359606
P00603,2,72.3,70.208899,2.091101
P06018,4,80.8,79.810474,0.989526
P01102,4,78.6,80.846527,-2.246527
P03704,1,64.4,66.40003,-2.00003
P02281,4,85.9,86.271117,-0.371117
P03473,4,68.5,71.022683,-2.522683
P07551,3,59.2,58.589032,0.610968
P07681,4,74.5,73.77786,0.72214
P08514,5,83.6,85.22212,-1.62212
P04972,2,46.3,46.645656,-0.345656
P00031,2,66.5,66.788199,-0.288199
P08074,3,62.2,61.575096,0.624904
P09408,4,90.0,92.247068,-2.247068
P08251,1,80.9,80.318336,0.581664
P00163,2,61.1,62.524028,-1.424028
P02185,3,63.5,62.163368,1.336632
P03005,2,58.9,57.722863,1.177137
P03365,5,81.3,80.896816,0.403184
P04581,5,74.7,72.072116,2.627884
P02813,5,90.8,90.29582,0.50418
P07091,1,73.7,71.933324,1.766676
P05899,3,94.5,93.197089,1.302911
P00474,3,65.4,65.370274,0.029726
P04697,3,99.2,97.047757,2.152243
P06864,4,62.1,60.76299,1.33701
P05248,3,79.4,77.256084,2.143916
P03920,2,65.8,65.131889,0.668111
P07436,1,91.4,93.528679,-2.128679
P02698,2,66.3,68.058352,-1.758352
P00985,3,73.6,73.81567,-0.21567
P05767,3,98.9,97.717876,1.182124
P06604,2,64.3,62.059014,2.240986
P06074,3,87.9,85.993378,1.906622
P05713,5,80.7,82.292885,-1.592885
P05659,3,78.6,76.619538,1.980462
P06981,3,74.4,73.315173,1.084827
P02197,4,74.0,73.460302,0.539698
P09213,5,79.7,78.356815,1.343185
P00174,2,76.6,75.430265,1.169735
P02119,2,94.1,90.681442,3.418558
P04185,1,79.3,79.039062,0.260938
P03405,4,85.0,88.006937,-3.006937
P03612,5,62.6,63.289695,-0.689695
P07992,2,67.8,69.737718,-1.937718
P01444,1,64.8,62.929389,1.870611
P03357,1,53.4,50.921482,2.478518
P04642,2,84.0,81.926434,2.073566
P01902,3,79.7,80.119112,-0.419112
P09458,5,64.4,63.41259,0.98741
P06286,3,66.6,67.870449,-1.270449
P06442,5,67.6,67.490939,0.109061
P09573,3,68.0,67.210354,0.789646
P04162,2,80.2,80.050286,0.149714
P06869,1,74.3,73.454042,0.845958
P05531,3,65.1,68.149227,-3.049227
P08470,2,76.2,73.964497,2.235503
P03077,3,69.3,70.087058,-0.787058
P09561,1,100.0,99.236901,0.763099
P01305,5,72.5,72.639575,-0.139575
P02831,1,56.6,54.587553,2.012447
P06790,4,74.2,73.370429,0.829571
P00218,4,59.6,57.970051,1.629949
P08209,4,74.2,75.743924,-1.543924
P04153,4,84.4,81.881995,2.518005
P00041,3,91.6,92.058125,-0.458125
P06632,5,82.7,84.665754,-1.965754
P02713,2,65.8,65.188842,0.611158
P02563,2,66.8,66.361267,0.438733
P05276,2,71.1,73.197419,-2.097419
P03563,3,69.0,69.746804,-0.746804
P00932,3,89.3,88.181624,1.118376
P04669,1,68.6,69.136674,-0.536674
P07222,4,80.7,80.142361,0.557639
P06726,5,70.6,70.051605,0.548395
P09086,1,77.0,76.805325,0.194675
P07420,2,77.0,76.44333,0.55667
P08136,5,85.4,83.38061,2.01939
P06234,4,51.0,50.859499,0.140501
P04942,2,76.3,75.740367,0.559633
P08463,2,61.4,59.814148,1.585852
P02481,1,71.7,73.990193,-2.290193
P08432,1,61.0,58.435903,2.564097
P08990,5,72.5,70.338124,2.161876
P03017,5,80.2,80.583337,-0.383337
P07187,2,63.4,63.41736,-0.01736
P07574,1,78.5,77.050896,1.449104
P00047,4,69.8,68.566583,1.233417
P05880,5,66.8,67.371646,-0.571646
P09865,2,93.1,96.460721,-3.360721
P05021,3,86.9,83.924708,2.975292
P04482,2,59.3,61.76394,-2.46394
P00682,4,62.8,62.058424,0.741576
P09497,2,83.8,83.834529,-0.034529
P09072,3,64.0,62.707443,1.292557
P02806,2,89.5,90.010334,-0.510334
P07383,1,99.4,97.673817,1.726183
P02908,2,84.2,82.326108,1.873892
P07711,2,70.9,72.724989,-1.824989
P09922,5,64.6,63.158414,1.441586
P08449,4,92.3,91.466783,0.833217
P00443,5,83.4,84.25015,-0.85015
P03088,5,76.4,79.068442,-2.668442
P02709,3,70.9,69.46978,1.43022
P06546,5,96.3,94.960504,1.339496
P04898,2,64.9,62.682212,2.217788
P06948,2,77.1,78.434906,-1.334906
P05424,3,70.5,70.106608,0.393392
P02454,5,59.8,62.56666,-2.76666
P06792,2,74.2,73.794622,0.405378
P06153,5,68.3,68.774396,-0.474396
P02372,4,70.2,70.288597,-0.088597
P07571,3,66.4,64.94565,1.45435
P05107,5,98.3,96.205325,2.094675
P00166,5,76.2,75.20929,0.99071
P03163,3,82.9,84.476747,-1.576747
P09330,4,88.4,88.080637,0.319363
P05280,1,78.8,78.285195,0.514805
P00088,3,75.1,73.96576,1.13424
P01845,3,63.5,63.263466,0.236534
P00826,5,55.7,58.599103,-2.899103
P00127,2,70.3,70.189967,0.110033
P07089,1,83.1,80.865553,2.234447
P05758,2,68.8,68.760751,0.039249
P04304,1,65.5,68.088879,-2.588879
P03300,5,77.9,76.925557,0.974443
P02361,4,76.0,74.488365,1.511635
P09173,5,71.1,71.161798,-0.061798
P03991,4,78.1,76.773506,1.326494
P02906,2,77.0,75.344992,1.655008
P07050,3,91.6,89.446717,2.153283
P05487,3,84.5,82.128436,2.371564
P00838,2,89.1,90.85895,-1.75895
P00610,1,66.9,65.247062,1.652938
P07727,2,100.0,96.14383,3.85617
P09769,2,60.8,60.213486,0.586514
P03925,3,57.4,54.802695,2.597305
P08273,5,78.3,78.698561,-0.398561
P06589,3,88.1,89.330314,-1.230314
P03786,3,73.5,70.160398,3.339602
P05609,1,62.4,60.074478,2.325522
P05537,2,46.8,47.759938,-0.959938
P02435,5,100.0,98.846131,1.153869
P00377,5,79.9,76.606704,3.293296
P02334,2,83.2,83.449577,-0.249577
P06789,4,88.2,85.596684,2.603316
P05562,4,62.7,62.139973,0.560027
P01488,4,88.4,85.181659,3.218341
P04238,1,97.6,97.578916,0.021084
P04776,4,63.4,61.568241,1.831759
P01120,1,70.5,71.635791,-1.135791
P09463,4,67.1,66.683854,0.416146
P02398,5,89.9,91.318986,-1.418986
P03921,2,89.6,88.122455,1.477545
P08819,5,67.9,67.543449,0.356551
P07861,2,73.4,73.505021,-0.105021
P06387,5,61.9,62.983652,-1.083652
P00743,1,97.2,94.914187,2.285813
P09203,4,78.5,78.578647,-0.078647
P08534,3,64.1,62.796177,1.303823
P07738,4,72.0,73.214318,-1.214318
P03811,1,67.2,64.190191,3.009809
P04622,3,74.7,76.558331,-1.858331
P09987,2,78.3,77.498569,0.801431
P02451,1,70.7,71.025459,-0.325459
P08019,1,81.3,80.32601,0.97399
P00747,5,78.3,79.311423,-1.011423
P07960,4,55.1,52.077335,3.022665
P02772,3,61.9,59.250955,2.649045
P01177,2,65.0,65.572738,-0.572738
P09129,4,62.8,63.820196,-1.020196
P08298,1,79.3,80.08676,-0.78676
P09872,2,100.0,97.114725,2.885275
P07115,5,61.0,61.208201,-0.208201
P06191,2,74.9,74.941881,-0.041881
P04362,2,69.6,71.763128,-2.163128
P07367,4,89.9,88.973169,0.926831
P06871,1,74.0,73.193233,0.806767
P09653,1,77.3,77.550692,-0.250692
P05214,3,94.9,93.298844,1.601156
P00501,4,74.8,77.704993,-2.904993
P02600,5,58.6,58.908485,-0.308485
P07348,5,81.1,80.646571,0.453429
P01661,3,62.6,61.399941,1.200059
P03989,1,56.1,56.793322,-0.693322
P06160,1,72.5,68.770584,3.729416
P03893,5,77.8,77.338595,0.461405
P03425,1,84.2,82.662615,1.537385
P07957,1,84.4,83.310086,1.089914
P02415,3,53.0,54.123241,-1.123241
P07721,1,71.5,73.4175,-1.9175
P06648,5,81.8,82.832442,-1.032442
P06287,3,88.6,89.718715,-1.118715
P09992,1,82.8,83.147004,-0.347004
P05224,2,90.8,88.794148,2.005852
P04718,2,55.6,54.910997,0.689003
P03229,4,94.5,95.697885,-1.197885
P01486,3,72.4,73.373921,-0.973921
P06698,4,56.1,56.297084,-0.197084
P03814,1,67.0,65.885276,1.114724
P04127,1,86.3,85.961703,0.338297
P03230,2,72.6,73.446985,-0.846985
P02195,2,81.6,83.70854,-2.10854
P06552,1,63.5,62.83154,0.66846
P02700,4,94.6,91.093552,3.506448
P09718,4,48.0,45.796866,2.203134
P02143,1,66.6,65.450824,1.149176
P08426,4,72.7,72.385458,0.314542
P09822,5,76.4,75.757409,0.642591
P03979,2,70.0,70.010975,-0.010975
P02169,5,88.5,88.943734,-0.443734
P03564,3,63.2,61.275639,1.924361
P04799,2,82.7,83.320953,-0.620953
P07211,3,92.1,92.617827,-0.517827
P08215,3,92.2,92.434787,-0.234787
P07613,2,87.7,86.182153,1.517847
P00935,3,86.0,84.225999,1.774001
P09579,5,98.6,97.498422,1.101578
P06691,2,74.1,75.875806,-1.775806
P02992,1,75.8,75.087614,0.712386
P08038,3,55.6,57.50244,-1.90244
P03378,3,60.6,61.163232,-0.563232
P03066,4,87.0,86.311115,0.688885
P01159,5,67.6,69.32952,-1.72952
P02010,4,59.5,60.055085,-0.555085
P08070,1,76.9,75.453347,1.446653
P09066,2,99.4,97.43894,1.96106
P04518,4,51.3,49.048794,2.251206
P09423,2,78.7,78.622376,0.077624
P00180,3,57.6,58.318969,-0.718969
P09276,4,69.2,67.712513,1.487487
P02536,3,82.6,82.511417,0.088583
P04308,2,84.6,85.6036,-1.0036
P07976,3,85.0,85.24988,-0.24988
P05150,3,74.0,75.254134,-1.254134
P00267,1,64.5,65.120348,-0.620348
P04491,5,62.0,61.360665,0.639335
P06066,5,66.6,66.045524,0.554476
P01518,1,45.0,47.987963,-2.987963
P09105,3,81.4,81.129618,0.270382
P09356,5,64.4,65.662086,-1.262086
P05496,2,49.6,49.117448,0.482552
P08541,3,76.7,78.21597,-1.51597
P00473,4,99.1,97.489624,1.610376
P07327,3,74.5,72.225555,2.274445
P04268,4,84.1,80.275386,3.824614
P05356,1,70.3,69.453234,0.846766
P05804,5,62.9,63.412524,-0.512524
P00677,1,80.4,77.458085,2.941915
P09245,2,56.2,58.795561,-2.595561
P01139,4,76.3,77.154214,-0.854214
P03901,2,71.1,69.315261,1.784739
P08592,4,68.9,71.144202,-2.244202
P07565,5,81.7,83.503299,-1.803299
P00535,4,77.7,75.72379,1.97621
P07797,4,84.4,87.688537,-3.288537
P06316,2,63.8,63.22516,0.57484
P03617,5,78.7,77.873433,0.826567
P03706,4,66.6,67.751197,-1.151197
P05598,4,91.8,90.453756,1.346244
P06199,4,86.8,86.266082,0.533918
P07912,4,93.8,91.027627,2.772373
P07296,4,88.6,87.982807,0.617193
P06814,3,77.2,75.330597,1.869403
P06236,3,83.1,82.914685,0.185315
P02896,5,75.9,75.463432,0.436568
P01479,3,73.9,74.245161,-0.345161
P03519,4,82.6,83.526549,-0.926549
P02855,3,54.3,55.145265,-0.845265
P05605,5,68.1,65.882986,2.217014
P03105,4,62.8,60.645073,2.154927
P08641,1,70.1,71.299542,-1.199542
P03372,3,71.5,71.86603,-0.36603
P08474,3,84.0,83.118668,0.881332
P02315,5,71.5,71.474747,0.025253
P00563,4,66.5,65.177133,1.322867
P00946,3,79.5,79.158841,0.341159
P01689,5,78.3,78.861883,-0.561883
P00534,4,65.7,66.638444,-0.938444
P05998,4,73.2,73.075546,0.124454
P01629,5,78.1,78.688632,-0.588632
P07409,2,78.7,78.763046,-0.063046
P09311,4,83.5,83.722959,-0.222959
P07805,5,74.5,74.576829,-0.076829
P08558,2,82.7,84.776767,-2.076767
P03506,3,77.1,74.307972,2.792028
P06462,1,68.7,71.550787,-2.850787
P09631,4,83.6,82.716613,0.883387
P09153,2,76.7,76.63854,0.06146
P09141,1,59.5,60.790832,-1.290832
P03784,4,80.0,78.906277,1.093723
P04541,2,74.3,74.837854,-0.537854
P07915,2,85.9,86.454591,-0.554591
P03515,3,72.1,71.85801,0.24199
P01849,5,82.1,84.259011,-2.159011
P00452,4,88.4,87.087614,1.312386
P09504,3,90.0,90.338817,-0.338817
P06882,4,83.7,85.793979,-2.093979
P04317,4,58.7,57.625492,1.074508
P04420,4,73.0,73.961959,-0.961959
P04545,2,68.8,70.972807,-2.172807
P06970,2,76.4,73.171145,3.228855
P02326,3,61.7,62.788294,-1.088294
P05374,1,79.8,76.222181,3.577819
P03736,1,95.6,97.869585,-2.269585
P03889,4,83.2,83.243259,-0.043259
P01423,4,71.3,71.925653,-0.625653
P03197,4,77.1,79.833422,-2.733422
P06689,3,82.5,83.435848,-0.935848
P02846,1,77.2,77.99334,-0.79334
P02448,4,72.3,73.190018,-0.890018
P02374,4,57.9,57.995195,-0.095195
P00517,4,66.0,67.073535,-1.073535
P05976,5,85.9,85.369333,0.530667
P08543,2,55.5,55.480186,0.019814
P01161,1,73.4,73.556791,-0.156791
P03755,1,88.8,89.726695,-0.926695
P04022,4,94.5,91.720357,2.779643
P00827,2,76.7,74.624058,2.075942
P02694,3,79.5,78.136393,1.363607
P09241,4,83.2,82.591289,0.608711
P05612,5,71.7,72.137908,-0.437908
P08255,5,100.0,98.290804,1.709196
P08505,4,77.8,79.108193,-1.308193
P09538,2,69.2,69.468177,-0.268177
P09064,2,83.1,83.106058,-0.006058
P06151,4,70.3,71.025557,-0.725557
P02714,2,87.6,86.898152,0.701848
P01122,2,80.7,79.260467,1.439533
P06502,3,65.0,67.039046,-2.039046
P07144,2,59.4,60.966925,-1.566925
P05766,3,79.8,81.87219,-2.07219
P09970,1,61.5,63.575859,-2.075859
P03977,3,73.7,71.485085,2.214915
P03993,5,93.4,96.117567,-2.717567
P07849,3,71.5,71.312723,0.187277
P04932,4,47.2,47.830251,-0.630251
P01770,2,91.4,90.302278,1.097722
P04788,1,84.9,83.188543,1.711457
P03178,2,74.2,74.319959,-0.119959
P05387,3,64.7,65.873402,-1.173402
P04189,2,85.6,86.936193,-1.336193
P05517,3,64.1,63.917847,0.182153
P09265,4,80.5,80.655137,-0.155137
P00952,4,92.3,91.885833,0.414167
P08208,1,62.5,60.452389,2.047611
P04277,1,81.3,80.242408,1.057592
P06468,3,87.1,87.358795,-0.258795
P06181,3,61.2,61.215571,-0.015571
P05472,4,58.0,59.190761,-1.190761
P07547,4,63.5,65.933901,-2.433901
P07071,2,71.1,73.091596,-1.991596
P01873,2,77.9,77.139521,0.760479
P06800,1,56.6,57.183494,-0.583494
P03072,3,66.9,67.392065,-0.492065
P06771,5,80.6,78.975901,1.624099
P08313,4,59.2,60.315825,-1.115825
P03154,1,76.6,77.088896,-0.488896
P01054,2,60.1,58.380604,1.719396
P04074,1,53.5,53.800457,-0.300457
P03130,3,67.0,68.456319,-1.456319
P05648,5,75.0,74.25328,0.74672
P09551,1,71.2,74.03106,-2.83106
P00802,4,50.2,52.22554,-2.02554
P03994,2,91.1,91.079268,0.020732
P06300,5,54.8,53.827632,0.972368
P09045,4,72.7,72.509878,0.190122
P08333,1,71.2,68.71415,2.48585
P06467,4,61.0,59.718069,1.281931
P01094,4,64.5,64.684217,-0.184217
P09636,3,71.3,71.244103,0.055897
P02627,4,80.6,80.297337,0.302663
P07483,1,81.4,82.706182,-1.306182
P01965,2,78.5,79.68701,-1.18701
P03996,5,88.4,90.567443,-2.167443
P08922,1,70.1,71.315553,-1.215553
P04829,3,66.7,67.075034,-0.375034
P02607,4,86.9,86.711316,0.188684
P02509,1,78.9,81.328414,-2.428414
P00661,2,45.1,46.665249,-1.565249
P07761,2,84.3,85.329309,-1.029309
P06844,3,100.0,98.385024,1.614976
P04631,4,75.9,73.17833,2.72167
P06026,5,52.6,54.653441,-2.053441
P09240,4,83.1,83.345265,-0.245265
P00293,5,61.7,61.069936,0.630064
P08131,3,77.6,78.973163,-1.373163
P08216,5,53.4,51.588204,1.811796
P08765,2,66.2,66.803861,-0.603861
P01773,1,60.8,61.401722,-0.601722
P04815,4,82.9,82.996881,-0.096881
P00536,1,87.5,88.754212,-1.254212
P04941,4,44.5,40.343672,4.156328
P07317,3,55.6,55.248991,0.351009
P09447,3,66.3,68.030418,-1.730418
P08583,4,56.0,56.033922,-0.033922
P04454,4,83.7,83.527296,0.172704
P02691,3,52.2,51.035899,1.164101
P09193,5,74.4,73.283194,1.116806
P05604,2,73.2,72.278658,0.921342
P04205,5,86.1,88.725119,-2.625119
P04450,4,76.8,77.763784,-0.963784
P00850,2,94.3,95.272309,-0.972309
P05805,1,61.3,63.813506,-2.513506
P02741,2,99.3,98.653953,0.646047
P04124,4,76.0,75.19157,0.80843
P05473,3,78.0,78.463019,-0.463019
P00320,4,53.6,53.906267,-0.306267
P02427,1,68.9,69.505051,-0.605051
P01081,5,84.8,85.542781,-0.742781
P03693,2,59.9,60.275099,-0.375099
P06677,5,71.0,70.999532,0.000468
P01016,3,77.8,76.332272,1.467728
P00984,5,77.5,73.958358,3.541642
P06764,4,72.2,71.61091,0.58909
P00495,4,79.2,77.401312,1.798688
P08184,1,50.8,51.612504,-0.812504
P05430,4,88.8,89.298735,-0.498735
P02921,5,42.3,43.478134,-1.178134
P09649,3,71.8,72.343844,-0.543844
P03441,1,78.1,79.615756,-1.515756
P07955,4,91.9,90.499377,1.400623
P01623,2,81.5,83.134337,-1.634337
P07297,5,70.5,70.100082,0.399918
P08685,3,86.8,87.0895,-0.2895
P09678,5,83.2,83.69082,-0.49082
P08715,5,90.7,90.50055,0.19945
P01506,1,65.1,65.035619,0.064381
P05973,3,70.4,67.458463,2.941537
P02359,2,70.4,69.912033,0.487967
P01969,2,77.4,77.53003,-0.13003
P01325,3,49.0,49.892342,-0.892342
P04595,5,52.1,51.532243,0.567757
P03681,1,48.4,47.262628,1.137372
P08750,5,73.2,74.096754,-0.896754
P09235,5,63.3,63.777741,-0.477741
P05028,3,90.8,86.260864,4.539136
P08439,3,62.6,61.604271,0.995729
P09566,1,70.0,71.298922,-1.298922
P01213,5,87.3,87.537507,-0.237507
P02920,4,70.8,70.000416,0.799584
P06219,5,74.7,74.58426,0.11574
P01737,1,78.5,76.700187,1.799813
P02800,4,68.0,69.511035,-1.511035
P00407,3,60.9,59.515169,1.384831
P06450,4,78.2,79.755224,-1.555224
P09352,1,61.5,60.772666,0.727334
P02097,4,64.7,64.427576,0.272424
P03581,4,70.1,67.690265,2.409735
P03946,3,68.2,69.102885,-0.902885
P08265,5,78.5,78.044984,0.455016
P07832,4,81.7,81.307958,0.392042
P07686,2,76.5,76.522641,-0.022641
P08858,3,81.5,80.036539,1.463461
P07553,4,73.6,73.634056,-0.034056
P01465,2,74.4,75.880848,-1.480848
P04471,4,62.6,61.327704,1.272296
P09804,4,66.4,66.32532,0.07468
P04436,1,84.5,84.449349,0.050651
P05230,5,45.8,47.059497,-1.259497
P07457,1,75.8,73.129298,2.670702
P03004,4,85.6,85.367497,0.232503
P07139,2,80.7,81.109284,-0.409284
P01648,5,68.0,67.433019,0.566981
P02914,5,90.4,90.721082,-0.321082
P04543,5,76.6,77.568464,-0.968464
P00276,1,94.3,93.950594,0.349406
P00966,4,72.4,69.830069,2.569931
P06313,5,80.6,79.472019,1.127981
P03118,4,78.6,76.717331,1.882669
P07692,4,77.6,77.564257,0.035743
P08090,5,97.3,99.003874,-1.703874
P01002,1,85.1,82.899208,2.200792
P04481,1,76.0,76.117448,-0.117448
P07973,5,57.9,58.995021,-1.095021
P01351,5,68.6,69.097072,-0.497072
P01826,4,77.4,76.284195,1.115805
P01074,1,83.8,83.226401,0.573599
P06255,1,74.7,73.539492,1.160508
P07308,1,71.8,71.848466,-0.048466
P00903,5,66.6,67.325974,-0.725974
P02710,4,76.2,76.613367,-0.413367
P01443,3,68.4,67.886441,0.513559
P09614,2,72.1,71.283015,0.816985
P02053,5,72.3,69.988039,2.311961
P09197,1,71.5,72.469504,-0.969504
P07445,5,58.9,60.447842,-1.547842
P00295,1,95.5,94.881078,0.618922
P05819,1,76.5,78.205499,-1.705499
P02380,1,75.0,70.747029,4.252971
P06293,4,75.3,74.317154,0.982846
P02460,3,70.1,70.367686,-0.267686
P08799,3,78.9,78.721002,0.178998
P04787,1,100.0,100.0,0.0
P08595,4,73.6,76.20237,-2.60237
P03235,1,82.1,81.555508,0.544492
P09940,1,79.1,79.247024,-0.147024
P04081,5,72.7,75.427354,-2.727354
P01453,1,54.0,56.348369,-2.348369
P05408,3,60.5,59.578631,0.921369
P03277,3,71.9,72.292264,-0.392264
P05159,2,68.6,69.703125,-1.103125
P02733,5,63.8,62.120039,1.679961
P09854,1,61.7,60.285982,1.414018
P09841,3,71.9,71.169053,0.730947
P08256,5,84.9,83.860137,1.039863
P04732,2,85.6,89.124712,-3.524712
P05815,3,48.7,50.303962,-1.603962
P04240,3,87.7,87.365172,0.334828
P05751,2,67.8,67.440756,0.359244
P08109,2,87.0,87.102144,-0.102144
P00844,4,59.0,56.22876,2.77124
P07503,2,71.2,71.326007,-0.126007
P00215,4,85.0,85.095413,-0.095413
P07201,1,85.5,83.983325,1.516675
P07796,3,51.2,52.28173,-1.08173
P01806,2,61.1,61.436002,-0.336002
P06033,5,71.2,72.703945,-1.503945
P04113,3,57.9,59.400751,-1.500751
P05104,1,74.0,76.152451,-2.152451
P06229,3,71.4,71.673203,-0.273203
P03554,3,58.9,59.921147,-1.021147
P00974,5,85.0,82.791006,2.208994
P04966,4,46.3,47.592338,-1.292338
P00336,3,96.9,97.635106,-0.735106
P05375,5,62.4,61.178018,1.221982
P01981,2,78.3,76.761786,1.538214
P01058,3,60.9,61.136425,-0.236425
P05600,5,74.6,72.861959,1.738041
P07442,3,76.4,75.639835,0.760165
P08139,5,37.9,39.221793,-1.321793
P07590,2,62.2,61.065706,1.134294
P03342,5,84.5,86.438529,-1.938529
P05933,5,66.8,69.607922,-2.807922
P08573,2,59.2,58.562671,0.637329
P02335,4,75.1,72.250733,2.849267
P02860,4,74.8,76.638516,-1.838516
P06694,2,71.3,71.426631,-0.126631
P08099,4,59.4,58.048125,1.351875
P08045,1,69.0,72.667053,-3.667053
P08270,2,76.3,75.456838,0.843162
P01759,3,96.6,96.788936,-0.188936
P00461,1,78.9,77.557436,1.342564
P00629,4,74.8,75.16622,-0.36622
P01015,4,62.1,62.261738,-0.161738
P08585,1,77.9,73.765031,4.134969
P08581,5,85.0,86.823055,-1.823055
P09444,1,44.6,42.081702,2.518298
P06222,1,91.3,90.768902,0.531098
P03257,1,78.9,80.868174,-1.968174
P02157,1,64.1,63.53169,0.56831
P06042,3,90.4,89.755489,0.644511
P08895,2,81.6,83.114772,-1.514772
P05296,5,84.8,86.100121,-1.300121
P07257,2,51.3,49.393348,1.906652
P00912,1,87.7,88.217526,-0.517526
P04018,1,67.0,65.706593,1.293407
P01843,2,78.6,79.155067,-0.555067
P04327,1,73.5,72.973502,0.526498
P07935,3,90.3,92.841868,-2.541868
P02742,2,56.9,54.823692,2.076308
P00460,1,78.1,79.859196,-1.759196
P01358,2,73.1,71.510615,1.589385
P00232,1,67.3,67.608041,-0.308041
P01657,5,77.4,74.38658,3.01342
P08308,5,83.8,83.739195,0.060805
P09673,1,82.5,79.667351,2.832649
P02604,5,68.4,68.895192,-0.495192
P00703,2,62.9,62.11195,0.78805
P06795,1,95.9,94.601453,1.298547
P03837,3,60.9,61.485736,-0.585736
P08912,4,62.5,60.731237,1.768763
P05013,5,53.4,55.867206,-2.467206
P00894,5,79.3,79.955467,-0.655467
P01219,4,76.6,77.608412,-1.008412
P02447,2,87.6,88.257504,-0.657504
P05246,1,66.3,69.72662,-3.42662
P07748,4,79.0,81.154931,-2.154931
P01833,2,86.7,89.147204,-2.447204
P05490,1,75.2,71.301234,3.898766
P00759,4,76.8,76.241189,0.558811
P06818,2,88.2,88.155418,0.044582
P01949,4,100.0,98.148683,1.851317
P08420,2,83.1,83.519726,-0.419726
P00940,5,69.5,71.480054,-1.980054
P03727,1,71.7,71.155384,0.544616
P09708,2,61.5,60.529349,0.970651
P04457,5,69.0,68.980104,0.019896
P06299,3,89.7,93.093008,-3.393008
P05149,1,88.4,87.306174,1.093826
P02510,1,62.3,62.150514,0.149486
P00059,4,77.0,78.577672,-1.577672
P05757,3,73.7,73.984346,-0.284346
P02859,3,64.6,62.759993,1.840007
P00013,2,56.1,55.88358,0.21642
P05498,4,87.0,85.725319,1.274681
P05664,3,71.7,71.065969,0.634031
P09930,3,82.1,83.043378,-0.943378
P00573,5,73.4,73.164461,0.235539
P00906,4,66.0,68.019121,-2.019121
P07051,5,85.0,84.548623,0.451377
P05345,4,78.1,78.939087,-0.839087
P04848,5,80.7,81.905524,-1.205524
P00401,2,80.5,80.136302,0.363698
P09184,2,76.2,75.123296,1.076704
P02571,5,86.5,88.661141,-2.161141
P06812,5,82.8,82.509226,0.290774
P00892,3,77.8,79.461337,-1.661337
P09733,5,86.2,88.498661,-2.298661
P08698,4,83.4,86.825568,-3.425568
P07704,1,79.4,79.031542,0.368458
P09305,1,71.1,71.741372,-0.641372
P08628,2,88.8,88.783134,0.016866
P06993,4,50.4,48.987452,1.412548
P06664,2,81.7,79.402708,2.297292
P00521,4,80.4,81.095445,-0.695445
P03462,4,62.4,64.629475,-2.229475
P04963,2,88.9,90.395051,-1.495051
P08359,5,87.2,86.365223,0.834777
P09585,5,63.8,62.968518,0.831482
P07452,1,94.1,92.400246,1.699754
P06503,2,61.7,61.727596,-0.027596
P01663,2,90.0,87.462884,2.537116
P06988,1,77.8,77.259217,0.540783
P02095,1,76.0,77.820596,-1.820596
P01436,4,91.4,92.288076,-0.888076
P05317,4,89.1,89.729782,-0.629782
P09848,2,83.0,81.469742,1.530258
P07018,4,70.5,69.539199,0.960801
P03215,1,88.3,89.759729,-1.459729
P09980,1,89.9,88.603339,1.296661
P04956,3,57.1,57.272868,-0.172868
P09062,3,76.7,76.77348,-0.07348
P06665,2,62.7,63.700093,-1.000093
P09882,3,75.0,75.467035,-0.467035
P01231,3,81.6,81.448528,0.151472
P05035,4,63.3,62.204435,1.095565
P08675,1,68.1,68.894363,-0.794363
P01338,2,67.6,63.996133,3.603867
P07068,2,69.8,72.721837,-2.921837
P06039,4,64.3,65.350107,-1.050107
P07980,4,67.3,64.945234,2.354766
P00736,3,64.5,62.730077,1.769923
P01596,2,90.7,91.372554,-0.672554
P09508,5,53.5,54.938059,-1.438059
P08569,4,99.8,97.036595,2.763405
P07223,5,84.7,84.30778,0.39222
P02433,1,60.4,60.233316,0.166684
P05050,5,77.2,76.146546,1.053454
P05613,2,85.9,91.476149,-5.576149
P09818,5,59.4,61.136213,-1.736213
P03503,3,70.3,70.769355,-0.469355
P05138,2,63.1,62.451694,0.648306
P02869,4,64.5,65.0889,-0.5889
P05198,3,85.8,83.428268,2.371732
P09699,1,74.2,72.843014,1.356986
P03863,2,77.0,75.681241,1.318759
P01386,2,80.9,80.034872,0.865128
P04138,1,78.9,78.346343,0.553657
P00190,1,84.5,82.832314,1.667686
P08443,2,64.5,64.382133,0.117867
P09727,5,87.8,87.627763,0.172237
P03953,3,64.9,64.104806,0.795194
P04395,5,74.4,74.053321,0.346679
P06733,1,72.2,72.881914,-0.681914
P07654,4,64.9,63.447965,1.452035
P02021,4,72.6,73.397901,-0.797901
P00290,4,60.9,60.174931,0.725069
P06626,2,82.0,81.478629,0.521371
P08836,1,65.6,63.53939,2.06061
P08991,4,79.2,80.324563,-1.124563
P07736,1,81.8,81.088701,0.711299
P05005,2,71.8,72.992235,-1.192235
P06281,4,91.8,93.268662,-1.468662
P03848,1,67.3,66.97929,0.32071
P09088,4,84.2,85.587354,-1.387354
P00064,1,84.9,81.849161,3.050839
P06681,5,81.9,81.030798,0.869202
P00646,2,70.7,70.1627,0.5373
P08001,3,100.0,99.067589,0.932411
P05403,4,67.7,70.032048,-2.332048
P09814,1,68.0,65.940713,2.059287
P02834,5,82.2,81.109163,1.090837
P08293,1,72.3,71.540585,0.759415
P03804,2,84.4,87.116953,-2.716953
P04177,5,92.7,93.745026,-1.045026
P02472,4,48.2,51.467277,-3.267277
P08999,4,81.5,83.400385,-1.900385
P00870,4,52.5,51.611133,0.888867
P02301,3,85.0,85.888222,-0.888222
P08013,2,100.0,97.290773,2.709227
P03557,1,74.6,71.819304,2.780696
P05353,3,66.6,66.606008,-0.006008
P03975,5,66.8,71.358428,-4.558428
P08223,4,83.1,84.376514,-1.276514
P08807,5,64.1,62.038625,2.061375
P09976,5,87.2,87.034642,0.165358
P07961,3,73.5,73.32947,0.17053
P03652,1,78.4,74.139352,4.260648
P01945,3,90.9,91.089076,-0.189076
P04807,5,70.3,73.533577,-3.233577
P06977,2,74.8,74.091925,0.708075
P07065,1,79.6,80.925852,-1.325852
P07035,1,67.7,66.658335,1.041665
P00937,3,85.2,87.458579,-2.258579
P09869,4,63.2,60.76433,2.43567
P00237,1,88.0,90.979984,-2.979984
P07710,4,78.1,78.056794,0.043206
P09522,4,92.8,94.011304,-1.211304
P05331,1,78.3,76.102666,2.197334
P01307,2,87.6,86.909297,0.690703
P02141,4,68.7,69.215535,-0.515535
P09005,3,92.7,91.777898,0.922102
P00578,2,97.5,96.112588,1.387412
P05200,5,84.6,84.503162,0.096838
P02349,1,72.4,72.282322,0.117678
P00299,2,48.4,47.869187,0.530813
P04451,3,51.8,51.009136,0.790864
P02168,2,78.5,77.718809,0.781191
P02919,1,77.1,74.03997,3.06003
P04843,2,76.5,75.677975,0.822025
P02354,3,80.3,80.561601,-0.261601
P01732,2,81.8,80.650179,1.149821
P01383,5,78.3,80.534477,-2.234477
P06080,3,59.4,56.660714,2.739286
P05484,5,81.7,82.597334,-0.897334
P06143,5,85.8,83.869125,1.930875
P04242,4,84.5,83.720583,0.779417
P01889,4,89.2,86.71601,2.48399
P08562,3,100.0,100.0,0.0
P06754,3,64.3,62.534461,1.765539
P07246,1,74.8,75.431671,-0.631671
P08021,1,82.5,84.816778,-2.316778
P02774,1,69.1,69.164786,-0.064786
P02651,2,53.5,50.491869,3.008131
P05485,5,67.8,66.012354,1.787646
P03022,4,65.8,65.189896,0.610104
P02735,2,61.6,62.802117,-1.202117
P07573,4,63.9,63.501567,0.398433
P02442,2,72.8,72.096191,0.703809
P00668,3,77.1,73.879352,3.220648
P06975,5,83.9,82.991218,0.908782
P05966,5,70.6,70.169647,0.430353
P08062,1,65.5,61.404334,4.095666
P07022,1,90.0,91.882349,-1.882349
P06945,5,82.5,83.546397,-1.046397
P06742,4,70.6,72.430708,-1.830708
P07125,1,79.8,77.863236,1.936764
P01100,1,57.1,56.765279,0.334721
P00445,1,85.7,84.931187,0.768813
P00542,3,79.5,77.609297,1.890703
P07982,3,79.6,79.432639,0.167361
P09150,3,82.1,82.364642,-0.264642
P09777,2,52.4,55.388087,-2.988087
P00352,3,66.1,64.789693,1.310307
P03042,1,85.0,83.327284,1.672716
P09710,5,66.4,67.131659,-0.731659
P08242,4,65.7,65.85642,-0.15642
P09543,1,88.5,87.255505,1.244495
P01022,5,58.8,60.362469,-1.562469
P01868,5,85.6,88.22477,-2.62477
P07498,5,57.8,59.271732,-1.471732
P06332,2,73.9,74.513402,-0.613402
P01093,1,82.3,83.224159,-0.924159
P01170,3,76.9,77.779605,-0.879605
P08458,4,71.1,68.965702,2.134298
P04833,5,54.1,56.162933,-2.062933
P00547,1,82.8,83.332913,-0.532913
P01507,5,99.7,99.103332,0.596668
P09519,5,50.5,50.306097,0.193903
P05413,1,79.0,79.122637,-0.122637
P06587,4,81.2,83.550549,-2.350549
P02865,5,56.0,57.415745,-1.415745
P00181,3,55.3,53.890554,1.409446
P09517,1,58.3,56.665367,1.634633
P01936,1,82.8,84.758687,-1.958687
P00730,3,89.8,87.515707,2.284293
P06395,4,65.1,67.251255,-2.151255
P02659,1,57.6,58.265835,-0.665835
P06070,4,67.6,67.471948,0.128052
P01654,2,82.1,83.484085,-1.384085
P08730,1,75.4,75.358224,0.041776
P09565,3,78.0,77.505071,0.494929
P00665,2,82.0,81.989487,0.010513
P03106,5,65.4,66.963102,-1.563102
P03093,3,48.3,50.818119,-2.518119
P01895,4,63.4,64.539762,-1.139762
P03317,1,67.3,69.078483,-1.778483
P05671,5,66.2,68.624307,-2.424307
P03001,2,89.4,89.482012,-0.082012
P02858,1,63.0,62.597279,0.402721
P08769,5,75.5,74.34123,1.15877
P04847,5,80.3,82.866754,-2.566754
P09253,2,62.2,60.988432,1.211568
P09996,5,67.8,64.852185,2.947815
P04139,4,70.1,71.584116,-1.484116
P07627,3,92.5,97.451091,-4.951091
P09473,2,75.2,74.269867,0.930133
P03373,4,60.2,60.819732,-0.619732
P01220,1,67.1,67.272179,-0.172179
P01511,1,97.7,96.201272,1.498728
P03632,2,91.2,87.460806,3.739194
P05393,5,60.0,59.415037,0.584963
P05286,2,81.3,82.567784,-1.267784
P02152,5,88.1,87.669309,0.430691
P02355,1,84.4,84.055512,0.344488
P08603,1,95.5,97.882529,-2.382529
P06954,2,81.2,82.444766,-1.244766
P05070,4,88.1,89.342078,-1.242078
P03406,2,88.1,86.061544,2.038456
P04269,4,92.8,93.008368,-0.208368
P02943,5,79.9,78.622334,1.277666
P05991,5,84.4,85.46393,-1.06393
P07685,5,75.7,73.938237,1.761763
P00074,4,64.6,62.085659,2.514341
P03475,2,78.2,75.193095,3.006905
P02552,3,65.3,64.033643,1.266357
P05981,3,60.1,57.958399,2.141601
P04313,2,50.4,50.29639,0.10361
P09884,2,76.1,77.259216,-1.159216
P00248,5,68.8,69.247854,-0.447854
P00751,4,69.8,71.08278,-1.28278
P02703,5,94.2,94.87022,-0.67022
P01563,2,93.6,94.676661,-1.076661
P05313,1,58.7,56.492077,2.207923
P00312,3,70.4,70.566412,-0.166412
P05389,2,97.3,97.376307,-0.076307
P00302,1,57.2,58.186913,-0.986913
P08017,5,98.0,97.169006,0.830994
P03615,1,64.9,64.366618,0.533382
P03512,5,58.4,58.912476,-0.512476
P00806,4,60.9,61.163867,-0.263867
P03433,4,87.5,87.69748,-0.19748
P04862,4,67.8,70.487038,-2.687038
P08644,4,77.0,75.627028,1.372972
P02085,5,100.0,99.754736,0.245264
P01628,4,77.6,75.802376,1.797624
P07719,3,62.2,62.615688,-0.415688
P07100,1,96.8,99.001021,-2.201021
P02137,2,68.2,69.54745,-1.34745
P08789,4,65.5,65.071453,0.428547
P05034,4,75.0,75.170247,-0.170247
P01262,3,70.2,70.375724,-0.175724
P06368,2,81.2,82.539494,-1.339494
P00100,5,71.4,71.526467,-0.126467
P02005,4,72.5,70.966247,1.533753
P09978,5,78.1,76.039601,2.060399
P02282,1,83.6,82.906486,0.693514
P00456,5,67.3,69.182032,-1.882032
P07971,4,79.4,79.526195,-0.126195
P03171,4,98.3,96.46063,1.83937
P02273,2,73.1,75.369018,-2.269018
P00778,1,74.9,74.041713,0.858287
P01293,5,78.1,76.336628,1.763372
P00746,2,80.2,79.172303,1.027697
P08338,4,84.3,85.770075,-1.470075
P00866,4,68.2,68.796266,-0.596266
P08758,4,87.3,86.421255,0.878745
P08145,2,77.5,79.048559,-1.548559
P01253,2,77.4,77.048896,0.351104
P02276,1,71.5,70.076193,1.423807
P02756,2,69.2,68.943422,0.256578
P00947,2,57.1,57.673265,-0.573265
P08334,3,66.6,64.456721,2.143279
P04917,4,89.4,88.787333,0.612667
P01699,5,91.2,91.290824,-0.090824
P04316,4,68.4,65.692356,2.707644
P03033,2,62.6,63.098181,-0.498181
P06729,2,83.2,83.046423,0.153577
P07233,5,87.3,86.373972,0.926028
P00865,4,87.6,84.365868,3.234132
P04438,5,95.2,94.682249,0.517751
P08612,1,90.7,88.07768,2.62232
P02527,1,83.1,80.639557,2.460443
P05829,3,82.1,86.513786,-4.413786
P05448,1,77.7,77.195523,0.504477
P00430,1,79.0,78.637026,0.362974
P00191,1,53.9,52.827814,1.072186
P06704,3,66.4,66.497857,-0.097857
P07612,2,82.3,84.1675,-1.8675
P05842,5,72.6,72.641958,-0.041958
P01793,4,63.4,66.410521,-3.010521
P01521,5,78.3,77.660001,0.639999
P06474,3,60.2,57.733144,2.466856
P01198,5,72.4,73.096163,-0.696163
P07254,5,83.1,84.735332,-1.635332
P00636,3,81.3,83.17811,-1.87811
P00609,5,45.6,47.332763,-1.732763
P07278,1,57.8,55.306338,2.493662
P08837,5,73.5,71.879023,1.620977
P00616,3,82.5,82.00953,0.49047
P01908,4,70.4,69.520792,0.879208
P05036,4,63.1,66.282208,-3.182208
P05686,2,76.8,77.952593,-1.152593
P02256,1,69.3,68.024129,1.275871
P05635,5,79.6,80.05294,-0.45294
P06089,1,76.5,74.300905,2.199095
P00580,5,69.6,69.135269,0.464731
P05835,2,81.6,80.312244,1.287756
P04993,1,93.2,95.554604,-2.354604
P08771,3,58.1,57.861469,0.238531
P09910,3,79.5,79.876807,-0.376807
P04049,3,76.3,73.400647,2.899353
P00313,1,80.3,80.660723,-0.360723
P07687,1,67.0,67.42305,-0.42305
P06910,2,73.8,74.007322,-0.207322
P09835,2,80.9,82.020805,-1.120805
P07924,2,91.8,91.27412,0.52588
P03132,4,66.1,68.40333,-2.30333
P02975,1,89.0,90.053284,-1.053284
P06702,1,87.4,87.087385,0.312615
P04738,5,84.3,84.841456,-0.541456
P07528,5,63.7,60.667556,3.032444
P03597,3,80.9,82.118905,-1.218905
P08227,3,84.6,87.74082,-3.14082
P05126,2,75.7,75.078775,0.621225
P06237,4,90.6,90.269756,0.330244
P09394,4,72.4,72.141316,0.258684
P09657,3,81.4,81.49933,-0.09933
P02046,3,93.3,95.938126,-2.638126
P00857,3,73.9,74.431374,-0.531374
P05547,4,62.8,63.04962,-0.24962
P06629,2,56.9,59.056673,-2.156673
P06720,1,81.1,81.13258,-0.03258
P00171,2,84.4,85.999198,-1.599198
P02266,3,88.0,87.942633,0.057367
P08962,1,74.7,71.985264,2.714736
P09373,2,75.1,75.349977,-0.249977
P01393,3,83.8,84.608805,-0.808805
P00081,2,85.6,85.689549,-0.089549
P01391,2,85.2,87.110766,-1.910766
P09236,1,76.9,77.069659,-0.169659
P05864,5,77.4,80.721664,-3.321664
P05579,3,67.7,69.909224,-2.209224
P05775,2,67.0,69.466909,-2.466909
P02696,5,70.0,72.116877,-2.116877
P01884,3,47.8,49.591789,-1.791789
P04690,1,58.8,57.441384,1.358616
P00764,3,79.1,77.790068,1.309932
P07523,3,73.5,72.271113,1.228887
P05343,5,81.1,83.386076,-2.286076
P07868,3,66.3,66.399168,-0.099168
P02799,5,91.9,90.367338,1.532662
P07356,5,62.9,62.050486,0.849514
P07995,2,71.7,73.620144,-1.920144
P07669,2,59.1,59.084145,0.015855
P08786,4,81.7,83.093322,-1.393322
P02022,2,73.5,72.802325,0.697675
P08862,5,53.7,53.039794,0.660206
P06753,2,71.7,73.865101,-2.165101
P01950,3,77.7,73.490366,4.209634
P02550,1,71.9,74.221046,-2.321046
P02615,2,69.5,70.527329,-1.027329
P06670,1,65.7,66.147146,-0.447146
P05486,2,65.0,63.966419,1.033581
P04662,4,83.1,80.275869,2.824131
P01278,3,75.2,74.295398,0.904602
P00146,1,75.0,75.961928,-0.961928
P05364,4,81.0,81.878745,-0.878745
P07742,3,48.5,49.155984,-0.655984
P05325,2,53.8,53.717808,0.082192
P00664,3,89.7,90.156932,-0.456932
P04380,4,61.4,60.803735,0.596265
P01478,2,56.8,57.614318,-0.814318
P07314,3,89.0,90.496236,-1.496236
P04012,4,100.0,97.697171,2.302829
P06797,2,75.7,77.537822,-1.837822
P04005,5,71.0,70.595119,0.404881
P00288,2,75.8,73.758664,2.041336
P01704,2,85.7,84.971669,0.728331
P08580,3,74.3,74.375961,-0.075961
P08820,5,86.7,89.336979,-2.636979
P04590,2,68.3,70.114257,-1.814257
P00755,3,63.7,63.210803,0.489197
P07584,5,80.0,80.733813,-0.733813
P01709,4,92.3,93.228754,-0.928754
P03744,5,44.0,43.379884,0.620116
P07122,3,92.0,90.500062,1.499938
P01257,3,74.1,71.984163,2.115837
P07163,5,81.8,82.040414,-0.240414
P06185,4,76.8,76.750064,0.049936
P05332,4,74.0,75.276318,-1.276318
P01633,1,72.0,71.072247,0.927753
P08809,1,76.1,75.360007,0.739993
P07206,5,74.4,72.596924,1.803076
P08538,5,72.7,73.282235,-0.582235
P02123,3,97.9,96.252527,1.647473
P00373,4,67.3,71.2673,-3.9673
P03668,3,95.5,96.577825,-1.077825
P07479,2,80.1,83.36325,-3.26325
P06303,1,81.3,80.510135,0.789865
P09039,3,58.1,57.16843,0.93157
P00899,2,86.3,87.275589,-0.975589
P02217,3,52.5,52.59478,-0.09478
P04949,4,84.0,85.427421,-1.427421
P08481,5,84.4,85.128858,-0.728858
P00116,1,68.8,71.424472,-2.624472
P02529,5,80.0,80.238693,-0.238693
P08630,2,79.3,78.16631,1.13369
P07896,2,81.9,81.926287,-0.026287
P09737,1,80.2,80.230236,-0.030236
P04550,2,64.8,65.33586,-0.53586
P03822,2,72.3,73.801394,-1.501394
P02088,5,79.4,77.819116,1.580884
P05221,3,100.0,100.0,0.0
P01813,5,69.0,69.057531,-0.057531
P06043,3,78.9,75.681077,3.218923
P00422,1,75.3,76.296782,-0.996782
P00559,5,64.9,67.651705,-2.751705
P06425,1,80.3,81.00228,-0.70228
P03133,4,76.8,76.340136,0.459864
P05809,3,75.1,74.041807,1.058193
P04251,1,62.1,66.357004,-4.257004
P03414,3,74.3,76.313815,-2.013815
P07019,4,64.7,61.76535,2.93465
P05607,3,67.4,66.265339,1.134661
P05125,5,82.8,83.520072,-0.720072
P07130,3,98.0,98.404139,-0.404139
P05892,2,88.8,87.514381,1.285619
P04208,2,60.4,61.844496,-1.444496
P04028,3,86.8,83.775108,3.024892
P02521,1,67.7,68.266576,-0.566576
P05548,3,73.6,77.572384,-3.972384
P05279,1,84.7,85.676687,-0.976687
P01517,5,78.9,77.655064,1.244936
P00715,4,79.0,78.494107,0.505893
P06935,1,78.0,74.290889,3.709111
P01883,5,66.4,67.307924,-0.907924
P00275,1,70.6,70.219144,0.380856
P07358,2,98.0,96.363363,1.636637
P09695,1,72.4,72.115635,0.284365
P07703,1,62.4,62.804057,-0.404057
P08249,5,83.7,83.230189,0.469811
P07058,3,78.3,77.040524,1.259476
P05347,3,54.3,54.375401,-0.075401
P07370,5,71.1,70.902981,0.197019
P06751,3,100.0,98.999108,1.000892
P05008,2,60.1,60.109204,-0.009204
P06431,4,81.9,83.099896,-1.199896
P02421,5,50.8,49.409918,1.390082
P04221,5,43.8,43.09412,0.70588
P07123,1,96.0,96.656168,-0.656168
P04116,2,73.1,71.502892,1.597108
P04542,4,64.8,64.545928,0.254072
P06846,4,80.0,78.630489,1.369511
P01143,4,92.3,92.863642,-0.563642
P02658,5,83.5,83.867992,-0.367992
P03026,2,81.7,83.293918,-1.593918
P06404,2,67.7,68.54126,-0.84126
P05702,4,80.2,81.857904,-1.657904
P02229,3,77.5,75.863524,1.636476
P02961,1,61.2,63.117949,-1.917949
P02549,3,71.0,71.493216,-0.493216
P06378,3,73.6,76.039199,-2.439199
P06530,1,74.9,73.966857,0.933143
P03528,1,91.3,88.835732,2.464268
P08385,2,84.1,82.389275,1.710725
P04596,1,69.8,70.19834,-0.39834
P08590,4,79.3,82.174117,-2.874117
P03673,3,75.1,74.993038,0.106962
P03808,5,66.0,64.637577,1.362423
P01531,2,86.6,85.186825,1.413175
P08791,4,69.0,69.738798,-0.738798
P06653,5,73.4,71.713036,1.686964
P06289,2,63.5,61.648106,1.851894
P06686,2,76.9,74.988769,1.911231
P05617,3,85.6,86.447021,-0.847021
P08840,1,63.7,64.952571,-1.252571
P01191,5,95.5,96.697,-1.197
P07490,2,62.6,64.160625,-1.560625
P08965,4,78.0,78.609431,-0.609431
P07564,2,70.9,71.269578,-0.369578
P08928,1,83.3,82.72366,0.57634
P02338,4,84.0,87.216046,-3.216046
P09586,4,85.2,83.911685,1.288315
P04192,3,80.8,81.713998,-0.913998
P00431,1,66.8,68.144288,-1.344288
P07381,4,70.6,70.865692,-0.265692
P06464,2,74.7,73.474464,1.225536
P00564,2,80.6,82.663804,-2.063804
P00927,4,84.5,82.840236,1.659764
P09514,3,85.4,87.391827,-1.991827
P00969,1,53.9,56.429836,-2.529836
P03983,1,80.8,81.621918,-0.821918
P02981,1,77.8,77.639569,0.160431
P02060,1,79.1,77.704841,1.395159
P02541,1,61.4,60.547018,0.852982
P08243,5,75.0,75.962055,-0.962055
P03775,3,72.3,74.672622,-2.372622
P00607,3,83.0,81.666759,1.333241
P01848,5,65.9,67.784196,-1.884196
P04619,3,51.7,54.452946,-2.752946
P04013,3,83.8,82.197432,1.602568
P03917,4,67.9,68.470343,-0.570343
P07103,2,63.2,61.373984,1.826016
P01860,1,90.5,90.16891,0.33109
P03167,2,82.3,81.80215,0.49785
P02429,4,68.1,69.828702,-1.728702
P04363,4,84.3,85.958716,-1.658716
P01010,4,62.7,65.237786,-2.537786
P02655,5,68.5,70.88655,-2.38655
P08952,2,75.6,74.850289,0.749711
P01322,3,74.2,73.056737,1.143263
P00108,4,84.6,84.359639,0.240361
P05061,2,78.4,79.500086,-1.100086
P07330,5,69.7,70.640989,-0.940989
P08281,2,92.0,93.036499,-1.036499
P05425,1,49.9,51.162107,-1.262107
P07610,4,81.7,79.876342,1.823658
P04730,5,70.1,70.588513,-0.488513
P02973,2,56.9,58.707052,-1.807052
P06350,4,85.2,86.179489,-0.979489
P05190,1,81.6,81.653178,-0.053178
P03090,5,76.3,73.71954,2.58046
P08144,5,55.6,56.984737,-1.384737
P04094,2,78.9,77.95927,0.94073
P02738,2,71.8,68.61614,3.18386
P02976,1,83.9,83.139435,0.760565
P00189,4,79.8,77.26503,2.53497
P07253,3,82.1,81.509474,0.590526
P01140,5,68.9,72.534601,-3.634601
P08634,2,85.3,86.693223,-1.393223
P06201,4,67.9,68.520269,-0.620269
P01164,4,68.9,68.060487,0.839513
P09205,3,54.1,53.482571,0.617429
P04464,3,100.0,98.121575,1.878425
P05841,1,83.2,82.226714,0.973286
P04774,4,64.4,64.832894,-0.432894
P00141,3,56.0,59.166313,-3.166313
P01973,4,54.1,53.799958,0.300042
P06649,4,55.9,55.339849,0.560151
P03758,4,75.7,74.397005,1.302995
P09513,5,62.7,64.572586,-1.872586
P04860,1,72.3,73.638805,-1.338805
P01272,4,57.4,56.585638,0.814362
P05047,5,87.4,87.902902,-0.502902
P04004,5,65.4,65.166605,0.233395
P05636,3,84.3,82.207655,2.092345
P07607,5,64.2,61.619662,2.580338
P05024,1,77.8,77.161881,0.638119
P08899,1,81.4,81.838392,-0.438392
P02690,1,72.9,70.796955,2.103045
P05627,3,64.6,64.821992,-0.221992
P09134,3,85.4,85.482447,-0.082447
P04930,3,70.0,68.965704,1.034296
P04206,5,66.7,69.70255,-3.00255
P09928,2,72.4,74.020993,-1.620993
P04017,1,84.3,84.11401,0.18599
P02356,4,81.7,82.32979,-0.62979
P01897,4,81.6,85.554195,-3.954195
P00890,3,78.1,78.155978,-0.055978
P07659,5,69.0,69.35866,-0.35866
P07207,4,66.4,66.636358,-0.236358
P02026,5,88.6,86.721093,1.878907
P01583,3,67.7,68.174028,-0.474028
P07866,5,67.8,69.226723,-1.426723
P09387,2,70.6,73.992565,-3.392565
P05570,4,55.5,57.060063,-1.560063
P03063,4,71.3,69.687297,1.612703
P05734,4,72.7,74.662752,-1.962752
P07603,5,96.9,97.103144,-0.203144
P08891,2,72.4,68.951442,3.448558
P01976,4,77.9,78.811711,-0.911711
P09532,3,79.2,79.689167,-0.489167
P05282,4,78.6,77.497094,1.102906
P06485,4,74.4,73.585932,0.814068
P03173,4,56.7,56.727111,-0.027111
P05253,3,94.4,95.558567,-1.158567
P01382,5,87.4,86.467869,0.932131
P03623,5,75.9,76.093826,-0.193826
P06840,1,97.4,95.96019,1.43981
P04215,1,78.7,75.884106,2.815894
P05678,2,87.7,87.381862,0.318138
P07894,2,59.4,60.292034,-0.892034
P06297,3,68.6,67.330357,1.269643
P04968,4,64.7,62.817719,1.882281
P04649,1,82.8,82.598289,0.201711
P00888,2,69.7,70.124486,-0.424486
P07601,5,60.6,61.6209,-1.0209
P09704,4,83.8,83.68502,0.11498
P05111,2,97.6,97.939052,-0.339052
P05235,4,74.5,73.901297,0.598703
P05952,5,83.6,82.244764,1.355236
P05392,5,79.2,79.436362,-0.236362
P02987,3,63.3,60.467482,2.832518
P00579,1,73.7,73.35495,0.34505
P00541,4,85.9,85.241298,0.658702
P00502,4,72.5,71.784035,0.715965
P01091,1,75.4,74.913792,0.486208
P02199,2,83.2,83.79944,-0.59944
P03384,2,69.8,71.451571,-1.651571
P04818,5,66.8,65.795031,1.004969
P06306,2,71.2,72.167173,-0.967173
P04779,4,70.3,72.626029,-2.326029
P03460,4,92.7,90.052723,2.647277
P09639,4,79.6,78.068089,1.531911
P08485,2,74.9,74.378239,0.521761
P09665,3,75.2,74.571521,0.628479
P08986,4,74.9,76.273169,-1.373169
P09344,5,72.8,70.30981,2.49019
P04881,2,82.9,83.117704,-0.217704
P05192,2,73.6,74.009212,-0.409212
P05133,4,77.6,74.433951,3.166049
P05287,3,85.3,86.071861,-0.771861
P05653,1,71.9,70.608646,1.291354
P08673,3,65.4,65.032385,0.367615
P03692,5,59.2,61.063554,-1.863554
P00026,1,83.5,81.532229,1.967771
P01179,1,90.1,91.994386,-1.894386
P07928,3,73.5,70.541589,2.958411
P03265,4,88.9,87.008175,1.891825
P08693,2,78.3,75.167624,3.132376
P01979,3,72.1,71.275751,0.824249
P01856,1,100.0,99.471998,0.528002
P06727,2,87.7,86.548248,1.151752
P08806,3,87.8,84.177375,3.622625
P03751,1,67.4,64.708607,2.691393
P05152,5,72.0,72.429436,-0.429436
P02758,1,88.0,89.640922,-1.640922
P08918,4,57.7,56.563668,1.136332
P07444,3,93.7,96.358682,-2.658682
P00833,3,82.0,83.208562,-1.208562
P05694,2,68.9,68.731945,0.168055
P03955,2,78.1,74.544536,3.555464
P02038,2,75.3,76.06123,-0.76123
P07169,5,70.5,67.554183,2.945817
P05304,2,54.0,52.3317,1.6683
P08643,1,55.9,54.610371,1.289629
P03303,3,56.2,57.761721,-1.561721
P07965,1,92.6,92.165404,0.434596
P06713,3,60.9,59.371319,1.528681
P02104,4,70.0,69.581547,0.418453
P09022,3,73.8,75.866203,-2.066203
P03284,3,62.8,62.597724,0.202276
P07055,3,77.5,75.261635,2.238365
P04290,4,56.8,57.048431,-0.248431
P01910,4,92.9,92.654875,0.245125
P09008,4,91.1,89.356962,1.743038
P09689,1,67.3,66.092923,1.207077
P04647,2,55.5,56.971642,-1.471642
P09526,1,77.6,77.386634,0.213366
P02178,4,84.8,86.955362,-2.155362
P00766,3,66.5,68.828039,-2.328039
P05791,5,83.7,85.182771,-1.482771
P05707,2,86.4,87.906264,-1.506264
P08497,3,70.4,74.05364,-3.65364
P09323,4,72.0,72.120773,-0.120773
P00630,3,79.7,78.047953,1.652047
P07304,2,87.6,90.129275,-2.529275
P08286,3,51.3,53.813661,-2.513661
P04216,3,61.3,59.490853,1.809147
P07426,1,70.8,69.543604,1.256396
P04500,5,63.9,64.515422,-0.615422
P05919,4,79.9,77.270792,2.629208
P03880,3,59.4,58.46788,0.93212
P07628,4,63.4,61.800359,1.599641
P04601,3,69.7,72.077575,-2.377575
P05687,4,76.3,76.39036,-0.09036
P08501,4,60.4,62.439736,-2.039736
P05039,2,81.7,81.70094,-0.00094
P04712,4,59.9,59.094877,0.805123
P04075,5,69.5,67.617484,1.882516
P01821,2,70.7,70.471318,0.228682
P01963,2,65.3,66.947123,-1.647123
P09376,5,78.9,80.100166,-1.200166
P01372,1,68.1,69.460101,-1.360101
P06099,2,62.7,65.224218,-2.524218
P07113,3,75.1,74.883264,0.216736
P08427,3,80.6,80.697889,-0.097889
P06318,2,66.8,68.291753,-1.491753
P00436,3,88.2,88.126329,0.073671
P06644,2,57.5,54.174645,3.325355
P03350,2,91.0,90.405433,0.594567
P04658,2,80.8,81.791276,-0.991276
P05362,4,83.2,82.437575,0.762425
P01195,2,49.1,48.776226,0.323774
P04302,3,67.3,63.953503,3.346497
P07105,4,70.9,73.574359,-2.674359
P04667,5,84.6,85.092742,-0.492742
P04234,5,79.5,79.377881,0.122119
P05460,5,69.2,69.847872,-0.647872
P02707,3,84.4,89.827039,-5.427039
P02013,2,86.7,87.099434,-0.399434
P00734,2,70.9,70.835638,0.064362
P01686,1,64.7,67.887226,-3.187226
P06654,1,55.5,56.083894,-0.583894
P02788,2,58.9,59.282942,-0.382942
P05557,2,91.9,90.585483,1.314517
P04929,2,73.8,73.044105,0.755895
P01156,2,90.4,89.472033,0.927967
P05435,2,78.4,78.883953,-0.483953
P00472,4,61.4,60.526353,0.873647
P07461,2,67.7,67.292717,0.407283
P02645,4,64.7,65.095365,-0.395365
P00509,5,54.6,51.730305,2.869695
P05114,1,61.2,60.897278,0.302722
P05787,3,87.8,89.832847,-2.032847
P07086,1,73.3,72.914806,0.385194
P01075,1,79.1,77.097465,2.002535
P03826,3,59.7,58.045246,1.654754
P00384,4,73.1,74.539518,-1.439518
P03359,2,58.3,57.561547,0.738453
P02194,1,82.4,85.820951,-3.420951
P05481,1,50.1,51.490966,-1.390966
P03306,2,66.6,65.943011,0.656989
P09365,4,65.1,65.48806,-0.38806
P06250,3,100.0,100.0,0.0
P07285,4,80.4,81.228358,-0.828358
P08555,3,51.1,51.68574,-0.58574
P08262,4,82.4,83.100416,-0.700416
P09160,5,73.2,72.504273,0.695727
P00115,3,69.2,67.362832,1.837168
P09326,5,68.0,68.758866,-0.758866
P05368,2,62.9,60.775429,2.124571
P01073,5,76.3,76.609818,-0.309818
P09871,5,90.2,87.224615,2.975385
P02121,5,66.7,65.849318,0.850682
P01212,5,73.7,71.172608,2.527392
P04674,4,83.0,82.842107,0.157893
P09210,3,69.7,69.589435,0.110565
P04973,4,81.4,83.60883,-2.20883
P07353,3,84.6,85.009307,-0.409307
P00427,5,70.5,71.758068,-1.258068
P04984,3,81.8,84.612982,-2.812982
P02072,4,61.2,57.501081,3.698919
P05986,3,72.3,74.71532,-2.41532
P09913,3,79.4,80.643281,-1.243281
P03323,2,81.7,81.499209,0.200791
P03041,1,66.4,66.489033,-0.089033
P00042,1,68.2,70.056747,-1.856747
P08593,3,85.9,86.818516,-0.918516
P03207,2,74.2,75.049337,-0.849337
P09112,5,63.8,61.790164,2.009836
P07411,4,76.3,76.781735,-0.481735
P09697,2,71.7,73.5125,-1.8125
P00615,5,67.0,67.752142,-0.752142
P07948,5,68.9,69.889086,-0.989086
P09188,4,64.1,64.272061,-0.172061
P05033,5,75.9,75.445295,0.454705
P02768,4,73.2,73.611337,-0.411337
P05293,2,81.4,82.71279,-1.31279
P07934,4,79.6,79.106171,0.493829
P04878,1,82.3,83.481274,-1.181274
P00510,2,61.6,59.998299,1.601701
P01751,5,83.1,80.121151,2.978849
P02514,4,65.0,67.891626,-2.891626
P00002,4,72.0,72.946902,-0.946902
P00030,4,90.5,88.389813,2.110187
P07949,2,69.7,68.624528,1.075472
P07759,1,55.0,57.956847,-2.956847
P00494,1,89.5,89.873091,-0.373091
P03142,4,59.2,59.547661,-0.347661
P09123,5,73.7,74.256955,-0.556955
P03717,2,70.6,70.970963,-0.370963
P07626,3,91.3,90.692693,0.607307
P09132,4,80.5,82.777055,-2.277055
P07491,1,68.2,70.769177,-2.569177
P08773,3,78.1,76.445489,1.654511
P06340,4,78.8,75.222616,3.577384
P04463,2,72.6,73.498262,-0.898262
P05110,5,81.6,81.38806,0.21194
P06093,2,81.0,81.188891,-0.188891
P02128,1,68.6,68.743216,-0.143216
P03390,5,81.2,78.388837,2.811163
P09479,1,71.2,72.505596,-1.305596
P05271,2,77.1,76.695706,0.404294
P06656,4,78.3,78.209804,0.090196
P00172,5,69.0,67.794881,1.205119
P00882,2,60.3,61.21094,-0.91094
P00309,2,81.2,79.099331,2.100669
P02431,3,60.9,58.65971,2.24029
P03639,1,65.9,66.456609,-0.556609
P04610,1,83.9,86.161261,-2.261261
P09389,5,83.1,85.892459,-2.792459
P01830,1,81.9,80.491492,1.408508
P09764,3,76.8,75.954133,0.845867
P02055,5,85.7,85.62375,0.07625
P06477,3,91.7,91.240562,0.459438
P03895,5,77.5,78.75734,-1.25734
P02852,3,50.0,51.197067,-1.197067
P04673,3,58.3,58.722334,-0.422334
P06315,4,57.0,56.42941,0.57059
P03479,2,78.8,77.613537,1.186463
P04532,5,82.6,83.597574,-0.997574
P08127,1,69.5,71.801259,-2.301259
P00388,5,85.7,86.751608,-1.051608
P03186,4,74.2,73.633296,0.566704
P04403,4,48.5,49.267409,-0.767409
P03311,4,94.3,92.544398,1.755602
P09605,5,61.8,62.6247,-0.8247
P06780,4,62.4,60.378535,2.021465
P02695,1,59.8,59.677197,0.122803
P05569,4,76.6,75.898943,0.701057
P02019,2,78.8,77.589161,1.210839
P07768,3,84.9,87.745804,-2.845804
P07583,1,80.4,81.51613,-1.11613
P04519,4,76.7,75.382199,1.317801
P01072,3,69.6,68.725296,0.874704
P01721,4,67.3,68.649667,-1.349667
P04080,5,94.3,95.444249,-1.144249
P09897,5,87.4,87.875767,-0.475767
P05784,3,70.4,71.034888,-0.634888
P00638,4,99.1,98.699621,0.400379
P04167,2,74.7,72.892503,1.807497
P02226,2,91.7,94.272579,-2.572579
P07272,1,79.9,79.064501,0.835499
P02719,1,84.9,84.321433,0.578567
P01562,2,82.9,82.922039,-0.022039
P08536,1,53.4,51.475725,1.924275
P02815,1,85.3,86.082356,-0.782356
P05752,1,88.0,86.2293,1.7707
P07066,1,65.8,64.254512,1.545488
P03831,3,71.9,72.953363,-1.053363
P02850,2,76.6,75.391031,1.208969
P01217,3,89.8,87.173866,2.626134
P05217,1,80.3,81.489932,-1.189932
P00752,1,65.9,65.291232,0.608768
P08772,2,69.5,68.433554,1.066446
P08831,2,81.1,82.347482,-1.247482
P08036,1,71.1,70.102552,0.997448
P09608,3,78.8,77.813292,0.986708
P06643,4,75.3,76.291816,-0.991816
P04224,3,65.4,65.018015,0.381985
P03620,1,82.3,83.075796,-0.775796
P07936,3,83.7,82.254497,1.445503
P05117,5,64.4,65.622478,-1.222478
P02118,2,63.2,62.951886,0.248114
P02181,3,80.5,81.426317,-0.926317
P07075,3,51.5,51.414827,0.085173
P02974,1,61.2,61.306597,-0.106597
P03838,3,77.0,73.808499,3.191501
P07802,5,81.5,83.266533,-1.766533
P01913,3,63.2,61.983176,1.216824
P03094,4,77.2,75.74165,1.45835
P01615,3,73.8,73.385717,0.414283
P00142,3,72.3,73.274906,-0.974906
P06117,1,46.5,47.352073,-0.852073
P07953,2,67.2,67.181381,0.018619
P08073,3,85.0,83.065451,1.934549
P00205,3,59.4,62.683297,-3.283297
P01711,3,81.9,86.188885,-4.288885
P03018,5,95.7,92.222281,3.477719
P00402,5,67.3,66.076633,1.223367
P09556,5,68.7,67.00356,1.69644
P07112,1,76.0,76.300667,-0.300667
P00169,5,88.0,89.201291,-1.201291
P01345,2,99.8,99.472618,0.327382
P09849,5,97.7,98.129377,-0.429377
P02803,2,74.7,71.32986,3.37014
P07892,3,74.5,76.616564,-2.116564
P03417,4,81.9,82.416444,-0.516444
P02167,5,74.9,75.196788,-0.296788
P05443,4,68.6,70.618046,-2.018046
P04264,2,65.5,67.915391,-2.415391
P00545,5,78.1,79.658862,-1.558862
P09413,4,80.7,82.274002,-1.574002
P03270,4,71.0,67.732388,3.267612
P06938,1,70.8,70.946327,-0.146327
P06310,4,57.8,58.643443,-0.843443
P07043,4,71.3,69.799887,1.500113
P07032,3,67.1,67.225698,-0.125698
P00242,1,70.3,69.526766,0.773234
P02796,2,84.3,85.983419,-1.683419
P02777,2,65.3,65.316793,-0.016793
P03576,4,100.0,98.638738,1.361262
P02930,3,52.6,54.284231,-1.684231
P05712,2,87.4,87.346042,0.053958
P05778,4,85.4,84.914563,0.485437
P07136,3,67.3,66.474617,0.825383
P04645,3,76.4,73.36272,3.03728
P07599,3,95.8,94.439726,1.360274
P05307,2,60.7,61.625719,-0.925719
P00130,1,72.5,70.190858,2.309142
P01939,2,65.1,65.527012,-0.427012
P01685,5,62.3,63.737423,-1.437423
P09860,3,44.8,42.446213,2.353787
P03430,5,88.4,89.037548,-0.637548
P09400,4,76.8,79.508216,-2.708216
P01086,5,72.2,70.187944,2.012056
P06433,4,54.0,55.468272,-1.468272
P01580,3,66.6,66.01135,0.58865
P03096,4,78.3,76.189829,2.110171
P05038,3,68.4,70.500029,-2.100029
P09195,5,86.1,86.55821,-0.45821
P06209,4,61.7,61.18992,0.51008
P06047,5,84.3,87.536154,-3.236154
P08454,5,79.8,79.880929,-0.080929
P06178,5,54.7,57.667114,-2.967114
P05822,1,66.8,70.399515,-3.599515
P01185,5,80.8,82.508158,-1.708158
P01101,3,80.5,84.136721,-3.636721
P04742,3,79.0,79.191519,-0.191519
P03882,1,64.9,65.029198,-0.129198
P05501,1,76.3,76.211593,0.088407
P08091,1,79.3,78.196393,1.103607
P04943,2,53.8,53.431711,0.368289
P01787,1,61.8,61.859925,-0.059925
P03411,1,78.2,76.747709,1.452291
P01776,5,78.0,78.50484,-0.50484
P04384,2,78.3,76.563383,1.736617
P09815,5,65.9,66.020879,-0.120879
P06336,3,100.0,96.985141,3.014859
P09750,3,90.6,90.038516,0.561484
P00944,2,77.8,79.529258,-1.729258
P08042,2,58.2,60.219401,-2.019401
P07839,2,68.7,70.550159,-1.850159
P06038,1,84.9,86.859415,-1.959415
P07608,3,91.5,91.51575,-0.01575
P00624,1,85.0,85.489373,-0.489373
P03885,5,62.4,59.202411,3.197589
P02206,5,55.7,55.426138,0.273862
P08736,2,87.7,86.443257,1.256743
P02446,5,83.6,83.813927,-0.213927
P09217,5,52.4,53.703318,-1.303318
P09887,5,79.4,77.708949,1.691051
P08648,2,65.7,63.457849,2.242151
P08158,1,96.3,96.400077,-0.100077
P03820,5,70.5,71.846018,-1.346018
P06723,2,58.2,54.983392,3.216608
P07110,2,65.5,66.397409,-0.897409
P02622,2,67.8,66.777687,1.022313
P00199,3,61.6,64.686534,-3.086534
P06277,3,94.0,95.124139,-1.124139
P02303,1,71.7,69.710501,1.989499
P08477,5,66.2,66.72227,-0.52227
P09152,1,81.5,81.690887,-0.190887
P08638,3,77.5,79.366894,-1.866894
P08658,3,73.3,74.246516,-0.946516
P06953,3,87.6,85.494221,2.105779
P04295,5,63.1,64.315659,-1.215659
P06082,2,60.0,59.817039,0.182961
P01366,4,71.4,73.403174,-2.003174
P08861,4,76.3,74.231309,2.068691
P06273,4,75.7,76.013164,-0.313164
P06688,1,91.6,90.918445,0.681555
P02016,5,75.2,74.544332,0.655668
P03785,5,85.0,82.66933,2.33067
P09224,2,59.0,58.310513,0.689487
P01131,2,74.4,74.91335,-0.51335
P07287,3,84.0,83.685154,0.314846
P02711,3,80.9,79.196894,1.703106
P00799,4,67.9,68.80898,-0.90898
P02905,2,77.8,76.16757,1.63243
P01872,1,84.7,84.497221,0.202779
P02892,2,75.1,74.401281,0.698719
P00854,4,67.9,71.623574,-3.723574
P07533,2,49.7,48.162559,1.537441
P09469,2,76.1,74.428016,1.671984
P05519,2,78.7,76.475893,2.224107
P05508,1,57.3,56.738019,0.561981
P05885,3,62.6,62.811097,-0.211097
P08155,4,96.0,96.836869,-0.836869
P07134,4,81.8,80.36472,1.43528
P02851,1,67.1,65.857489,1.242511
P07220,2,91.0,91.657715,-0.657715
P00025,5,82.7,82.906439,-0.206439
P00296,1,86.5,84.901415,1.598585
P04576,4,41.9,44.952487,-3.052487
P05699,2,65.9,66.447661,-0.547661
P05667,3,38.1,39.445564,-1.345564
P00943,1,52.6,51.622532,0.977468
P06335,1,52.3,53.501943,-1.201943
P04155,3,75.7,71.585754,4.114246
P08594,5,49.6,52.441024,-2.841024
P01933,3,58.8,57.994875,0.805125
P01905,1,89.7,90.735362,-1.035362
P06004,3,59.3,59.492219,-0.192219
P09207,5,59.4,58.610022,0.789978
P04079,1,91.6,90.574621,1.025379
P00686,3,78.6,78.71531,-0.11531
P08951,5,68.5,67.355786,1.144214
P02522,5,79.3,78.460849,0.839151
P05902,4,78.2,79.041524,-0.841524
P06655,1,79.9,80.863698,-0.963698
P05588,2,79.3,79.168204,0.131796
P07462,2,82.9,82.821516,0.078484
P01678,5,82.6,81.754785,0.845215
P08046,3,92.1,94.544753,-2.444753
P04015,1,64.7,62.012916,2.687084
P09637,4,64.4,67.257526,-2.857526
P05530,2,60.4,62.099722,-1.699722
P04770,3,69.0,68.852521,0.147479
P00458,4,68.7,70.015076,-1.315076
P06188,5,91.1,90.606706,0.493294
P04555,3,91.0,88.057807,2.942193
P03606,4,69.7,70.430652,-0.730652
P07274,4,72.8,70.529409,2.270591
P03835,5,59.2,56.726741,2.473259
P07851,4,63.7,63.542989,0.157011
P05492,3,77.8,78.689316,-0.889316
P09108,2,75.6,76.500855,-0.900855
P03241,2,71.1,71.386627,-0.286627
P00571,5,71.1,70.790585,0.309415
P06620,5,73.8,74.946848,-1.146848
P00606,1,71.5,69.986514,1.513486
P04664,1,80.1,79.535865,0.564135
P01452,1,54.1,51.801154,2.298846
P00860,1,60.0,60.73601,-0.73601
P02032,3,86.3,86.167039,0.132961
P01946,4,50.3,49.38432,0.91568
P02156,3,100.0,100.0,0.0
P03048,5,64.9,63.743063,1.156937
P04640,5,60.7,59.075073,1.624927
P04252,1,77.2,78.622294,-1.422294
P08646,5,63.2,63.704118,-0.504118
P09283,2,59.0,59.723519,-0.723519
P03067,5,77.0,77.787332,-0.787332
P04456,2,94.6,95.143646,-0.543646
P00840,4,79.1,80.33361,-1.23361
P06305,5,52.8,55.448839,-2.648839
P03862,1,66.1,64.217038,1.882962
P01344,5,71.0,67.788896,3.211104
P09140,5,48.4,46.532734,1.867266
P06660,3,80.9,80.923537,-0.023537
P05925,5,96.0,96.187079,-0.187079
P06519,4,62.3,63.183045,-0.883045
P08760,5,61.7,61.115554,0.584446
P07321,2,67.3,69.860965,-2.560965
P09264,4,74.9,75.163734,-0.263734
P03209,5,90.8,89.240533,1.559467
P03212,5,91.0,92.086264,-1.086264
P02601,3,96.2,97.295235,-1.095235
P01783,1,79.6,81.510519,-1.910519
P07064,4,72.1,75.028709,-2.928709
P06896,3,74.1,73.883542,0.216458
P05073,5,70.3,70.324664,-0.024664
P04831,2,41.0,41.300063,-0.300063
P04873,4,90.1,90.740527,-0.640527
P07600,5,81.6,82.544698,-0.944698
P06187,2,57.3,59.480791,-2.180791
P01877,1,83.8,85.823392,-2.023392
P09438,2,68.9,69.60959,-0.70959
P01193,4,56.9,57.219582,-0.319582
P05803,3,79.4,80.060774,-0.660774
P05438,3,68.1,67.178694,0.921306
P06426,1,76.8,76.20064,0.59936
P05785,5,71.1,66.825078,4.274922
P08434,2,38.3,37.058284,1.241716
P05334,2,66.6,68.595156,-1.995156
P08406,4,84.6,87.423993,-2.823993
P06475,3,71.9,71.787746,0.112254
P05970,4,72.7,72.949769,-0.249769
P09707,2,85.4,84.29212,1.10788
P09539,5,75.9,77.389439,-1.489439
P00170,3,83.6,81.466119,2.133881
P05301,2,86.0,85.306103,0.693897
P08857,4,73.6,71.706785,1.893215
P08865,5,90.0,88.625289,1.374711
P04890,4,62.8,60.066866,2.733134
P03821,2,72.7,70.562491,2.137509
P05157,3,78.5,78.195627,0.304373
P03956,1,91.2,90.274549,0.925451
P09595,3,80.8,82.350738,-1.550738
P09889,3,63.6,66.55827,-2.95827
P03858,4,65.1,64.749929,0.350071
P02833,4,64.3,64.441913,-0.141913
P04014,1,60.0,59.12023,0.87977
P07617,3,67.2,67.279982,-0.079982
P01377,2,44.1,43.470056,0.629944
P09693,4,93.4,90.489468,2.910532
P06607,5,79.6,78.380003,1.219997
P07855,2,100.0,97.315313,2.684687
P04195,5,69.2,71.1536,-1.9536
P07862,2,68.6,67.714739,0.885261
P06006,1,64.1,64.076251,0.023749
P04495,2,95.5,94.027321,1.472679
P09442,2,68.3,66.06161,2.23839
P03695,4,88.0,85.951847,2.048153
P05380,3,74.0,72.06676,1.93324
P02751,3,66.6,69.680155,-3.080155
P05124,5,73.0,72.422011,0.577989
P04893,2,59.7,59.892797,-0.192797
P05320,2,67.8,68.775718,-0.975718
P06385,3,87.4,85.907567,1.492433
P03052,2,98.4,97.03107,1.36893
P02287,2,71.5,73.233003,-1.733003
P05649,1,95.1,94.257025,0.842975
P09355,2,80.0,78.479956,1.520044
P01844,1,82.8,81.427238,1.372762
P02079,1,57.7,58.944022,-1.244022
P07290,5,75.1,75.23929,-0.13929
P06275,4,94.4,96.174819,-1.774819
P08766,3,65.5,63.481457,2.018543
P00554,3,76.3,78.47765,-2.17765
P08287,1,92.2,89.653925,2.546075
P01607,3,55.4,57.734646,-2.334646
P02877,5,85.4,86.36914,-0.96914
P04002,4,100.0,100.0,0.0
P04300,4,70.9,71.570937,-0.670937
P01688,1,87.2,88.712582,-1.512582
P08029,4,83.4,82.754712,0.645288
P09524,2,67.8,69.119354,-1.319354
P00150,2,81.6,79.79837,1.80163
P03188,4,86.0,86.675765,-0.675765
P07281,1,75.9,75.733706,0.166294
P03404,4,77.8,78.250002,-0.450002
P06915,4,83.8,82.608853,1.191147
P01283,5,71.8,72.991935,-1.191935
P06590,1,78.7,78.588653,0.111347
P08312,2,65.4,65.713586,-0.313586
P09715,4,89.7,90.516134,-0.816134
P06383,4,60.3,58.600043,1.699957
P01805,2,82.8,81.442786,1.357214
P08904,5,57.9,58.030918,-0.130918
P03802,5,75.8,74.375785,1.424215
P06782,2,68.2,68.614601,-0.414601
P04033,3,68.6,69.178026,-0.578026
P06520,1,72.4,72.307281,0.092719
P04841,1,86.2,86.234011,-0.034011
P07856,4,69.3,70.891291,-1.591291
P02623,4,80.2,80.623048,-0.423048
P01676,1,81.9,82.112188,-0.212188
P00077,3,71.6,70.165273,1.434727
P09085,2,79.6,77.920936,1.679064
P02557,1,69.7,69.791514,-0.091514
P04439,5,88.7,88.354183,0.345817
P00961,1,69.5,69.711931,-0.211931
P05201,3,93.4,90.279191,3.120809
P07341,2,65.9,64.590128,1.309872
P08113,1,79.7,79.829604,-0.129604
P00684,1,51.1,51.147094,-0.047094
P04067,4,75.9,76.010519,-0.110519
P03605,1,76.3,76.340508,-0.040508
P01030,1,90.1,92.066669,-1.966669
P07324,2,64.9,63.052441,1.847559
P02950,2,93.6,95.463384,-1.863384
P05802,5,78.8,78.024959,0.775041
P04144,5,57.3,57.846355,-0.546355
P02390,4,61.3,60.216101,1.083899
P02910,4,60.8,61.53381,-0.73381
P05675,4,72.3,71.140315,1.159685
P09349,5,85.2,83.853065,1.346935
P09131,3,75.5,76.350973,-0.850973
P00012,5,78.7,75.497641,3.202359
P04754,3,86.5,86.641914,-0.141914
P00484,2,89.2,87.661733,1.538267
P00020,4,89.1,89.596669,-0.496669
P02000,1,74.5,75.732817,-1.232817
P07309,5,62.8,62.405086,0.394914
P09957,5,64.4,64.828572,-0.428572
P08315,3,48.2,50.119574,-1.919574
P05963,2,77.9,77.738768,0.161232
P01653,4,85.5,84.842901,0.657099
P03131,1,78.3,79.451428,-1.151428
P01279,4,69.2,67.374459,1.825541
P06705,5,79.8,77.405504,2.394496
P01405,3,78.5,77.596641,0.903359
P08688,3,92.4,91.721262,0.678738
P06148,2,92.4,91.374494,1.025506
P02932,4,76.0,75.159133,0.840867
P05007,2,87.4,85.332617,2.067383
P02723,4,82.7,84.210706,-1.510706
P01795,1,80.9,80.997559,-0.097559
P06641,3,75.8,74.934003,0.865997
P01820,3,91.7,90.393118,1.306882
P05357,5,51.1,52.71546,-1.61546
P07999,5,78.5,78.449418,0.050582
P05394,3,58.5,58.19811,0.30189
P01419,4,62.0,60.699156,1.300844
P05272,2,76.3,75.123913,1.176087
P01462,2,64.0,64.594707,-0.594707
P00357,5,70.6,73.147199,-2.547199
P03978,5,82.2,83.526742,-1.326742
P00539,4,82.2,82.982488,-0.782488
P04938,2,51.5,51.722175,-0.222175
P07698,1,80.3,80.898161,-0.598161
P09411,3,70.0,70.667633,-0.667633
P01292,2,95.7,95.42383,0.27617
P09493,3,73.9,73.816064,0.083936
P04469,1,67.9,67.274157,0.625843
P08527,4,81.4,81.621471,-0.221471
P01797,4,49.0,48.656369,0.343631
P03548,2,71.1,71.36824,-0.26824
P03181,4,78.9,81.279007,-2.379007
P06142,5,88.6,87.95592,0.64408
P03924,3,94.8,95.330256,-0.530256
P08212,3,85.0,83.064072,1.935928
P06769,1,55.3,53.54843,1.75157
P01266,1,56.6,56.994082,-0.394082
P00003,3,75.2,74.963605,0.236395
P07107,5,81.6,83.376864,-1.776864
P06843,4,86.5,84.691765,1.808235
P06128,4,82.1,82.903502,-0.803502
P05996,5,59.7,59.341727,0.358273
P06690,5,63.8,64.769212,-0.969212
P01983,2,93.7,92.497029,1.202971
P03051,3,50.9,50.776883,0.123117
P04852,4,92.4,94.891462,-2.491462
P04592,4,68.7,70.974131,-2.274131
P02345,4,76.3,76.479241,-0.179241
P02001,2,77.0,76.750793,0.249207
P01520,4,84.8,85.301888,-0.501888
P06889,1,63.4,64.439244,-1.039244
P03685,2,84.3,86.601419,-2.301419
P01430,4,81.8,79.920931,1.879069
P03238,3,57.5,59.436994,-1.936994
P04070,3,87.9,87.632272,0.267728
P01254,4,60.4,57.959954,2.440046
P01543,4,57.1,57.352801,-0.252801
P04927,3,51.8,53.537425,-1.737425
P02589,5,44.5,41.90494,2.59506
P05340,2,88.0,86.887842,1.112158
P00672,2,75.8,75.759386,0.040614
P09102,1,72.1,72.157705,-0.057705
P08539,2,53.5,55.178964,-1.678964
P03782,4,80.9,79.253669,1.646331
P00243,3,63.0,63.770062,-0.770062
P06781,3,75.6,75.827542,-0.227542
P07129,2,90.7,85.598058,5.101942
P01616,3,83.4,83.800956,-0.400956
P07793,1,63.5,64.295794,-0.795794
P09259,2,53.9,52.794587,1.105413
P02525,5,93.6,94.436582,-0.836582
P02558,2,78.2,79.488049,-1.288049
P04711,4,85.9,84.078624,1.821376
P09879,5,33.8,32.805615,0.994385
P04105,1,65.4,63.903657,1.496343
P05409,3,42.9,40.469006,2.430994
P05535,2,83.1,82.69304,0.40696
P01594,1,49.0,49.263021,-0.263021
P05532,1,83.3,85.005053,-1.705053
P05163,2,73.5,74.023113,-0.523113
P07011,3,87.7,86.556995,1.143005
P04170,5,89.3,91.301568,-2.001568
P00898,5,70.1,72.9862,-2.8862
P08150,3,100.0,99.033231,0.966769
P09371,2,95.2,93.817639,1.382361
P06414,2,57.7,56.832716,0.867284
P00998,4,76.5,77.838862,-1.338862
P01659,3,59.6,60.50324,-0.90324
P02198,5,55.5,55.784111,-0.284111
P04951,5,87.3,86.624703,0.675297
P03518,1,81.9,80.125664,1.774336
P05626,5,44.9,43.087354,1.812646
P08660,5,75.5,75.371231,0.128769
P08296,2,89.8,91.118434,-1.318434
P07716,1,92.2,91.969415,0.230585
P09268,1,66.4,67.922534,-1.522534
P00750,3,57.8,56.530252,1.269748
P04053,1,80.8,80.831743,-0.031743
P04276,2,73.1,72.612052,0.487948
P03129,1,79.8,78.842018,0.957982
P06712,3,64.1,64.112061,-0.012061
P00884,1,78.5,79.555814,-1.055814
P07399,1,67.5,68.876462,-1.376462
P01189,1,67.7,70.076679,-2.376679
P07645,2,99.4,97.358005,2.041995
P06598,4,52.8,52.827146,-0.027146
P05016,1,72.9,72.486261,0.413739
P06012,3,81.9,80.38394,1.51606
P00478,3,68.7,67.376726,1.323274
P02112,3,63.9,61.810304,2.089696
P08253,2,61.7,59.359282,2.340718
P03723,3,84.0,83.600296,0.399704
P05223,1,73.0,73.659289,-0.659289
P09208,2,73.2,75.133092,-1.933092
P08500,4,75.2,77.253746,-2.053746
P09946,3,63.0,64.82735,-1.82735
P02191,5,87.5,87.154816,0.345184
P03487,1,62.1,61.806159,0.293841
P04617,5,66.2,66.570817,-0.370817
P03892,2,88.4,87.537187,0.862813
P00749,5,84.2,85.153101,-0.953101
P05975,4,65.4,66.193081,-0.793081
P07171,2,60.5,61.210718,-0.710718
P07357,1,74.2,73.483959,0.716041
P08437,2,65.8,66.641202,-0.841202
P03897,4,53.7,52.381935,1.318065
P00948,5,67.2,68.578208,-1.378208
P04233,4,72.5,71.452139,1.047861
P00524,5,80.3,82.269508,-1.969508
P03798,5,77.6,73.605128,3.994872
P06777,2,82.8,84.811122,-2.011122
P07640,3,83.6,86.552755,-2.952755
P06700,3,52.3,50.936529,1.363471
P05526,4,59.0,59.328969,-0.328969
P06959,3,85.4,83.551215,1.848785
P00497,4,91.2,91.943947,-0.743947
P04246,3,86.7,87.286722,-0.586722
P00156,2,57.4,58.320879,-0.920879
P01076,4,74.0,76.431019,-2.431019
P08250,2,88.4,88.735398,-0.335398
P01109,4,68.2,68.448501,-0.248501
P05770,2,68.1,65.888081,2.211919
P09076,2,84.8,84.72869,0.07131
P04103,2,73.0,71.76212,1.23788
P04027,5,57.1,59.413989,-2.313989
P01919,3,66.0,65.068082,0.931918
P02737,1,68.2,68.514476,-0.314476
P03795,4,63.1,63.333793,-0.233793
P02130,1,40.9,42.273795,-1.373795
P08988,3,73.4,74.312805,-0.912805
P05827,3,76.1,75.980048,0.119952
P01106,4,66.7,66.362017,0.337983
P03937,4,87.9,87.080372,0.819628
P07190,5,97.4,97.514414,-0.114414
P05095,5,65.2,68.95,-3.75
P09588,5,70.7,70.601224,0.098776
P03938,2,59.4,58.948128,0.451872
P07421,5,81.5,80.153756,1.346244
P03295,1,75.5,72.865903,2.634097
P07882,4,99.4,98.565507,0.834493
P04850,2,53.2,54.294924,-1.094924
P00399,5,73.9,74.197842,-0.297842
P07067,4,78.6,77.00585,1.59415
P09010,5,46.3,48.808831,-2.508831
P08492,4,58.2,61.171094,-2.971094
P06863,2,67.6,65.504406,2.095594
P04652,5,84.3,85.45071,-1.15071
P09825,2,70.0,72.591143,-2.591143
P01758,4,86.9,88.091621,-1.191621
P02363,2,72.3,71.140235,1.159765
P09417,4,56.6,58.386588,-1.786588
P05628,4,72.8,71.419188,1.380812
P02614,4,89.7,87.646664,2.053336
P02745,4,74.8,71.503234,3.296766
P09093,1,83.1,85.11666,-2.01666
P08493,3,75.8,73.738155,2.061845
P05147,5,79.3,82.585385,-3.285385
P08236,1,78.5,78.078193,0.421807
P05011,3,63.3,63.606368,-0.306368
P08239,2,89.7,89.996415,-0.296415
P06541,5,69.1,68.291874,0.808126
P06667,1,78.3,77.632371,0.667629
P06916,2,83.6,83.192295,0.407705
P05328,3,88.4,85.415692,2.984308
P04407,4,68.4,68.632747,-0.232747
P09832,5,77.2,76.027536,1.172464
P00410,3,61.1,63.13658,-2.03658
P05171,5,79.4,79.153884,0.246116
P08504,4,76.6,75.597657,1.002343
P03715,2,64.6,63.945384,0.654616
P07887,2,87.9,91.994521,-4.094521
P01649,3,90.8,91.356896,-0.556896
P03485,3,60.4,61.727641,-1.327641
P08623,5,92.5,96.071907,-3.571907
P03244,5,78.5,78.191158,0.308842
P09681,4,78.7,76.205934,2.494066
P05682,1,58.4,59.070475,-0.670475
P01477,3,81.3,81.186901,0.113099
P09461,2,62.2,60.96441,1.23559
P00885,5,66.1,66.357891,-0.257891
P03367,2,81.4,84.106223,-2.706223
P04320,4,80.1,79.949931,0.150069
P07813,3,81.1,83.2894,-2.1894
P07763,4,65.9,70.351942,-4.451942
P01603,3,78.5,77.319927,1.180073
P00597,1,77.0,77.543451,-0.543451
P00253,4,74.7,73.746367,0.953633
P00939,5,61.7,59.558021,2.141979
P04050,4,79.8,78.028222,1.771778
P00569,5,68.4,68.012411,0.387589
P03023,1,60.3,59.784892,0.515108
P08702,5,79.9,78.111987,1.788013
P01742,3,49.0,49.512963,-0.512963
P02824,5,81.5,79.371343,2.128657
P07034,3,100.0,100.0,0.0
P06481,4,67.7,70.789628,-3.089628
P04505,2,85.7,84.569882,1.130118
P05277,5,82.0,86.60803,-4.60803
P04257,5,67.9,68.314027,-0.414027
P03942,3,79.8,76.630503,3.169497
P07959,5,82.5,82.995998,-0.495998
P04019,3,69.2,71.3914,-2.1914
P04894,4,63.7,62.498057,1.201943
P04795,1,84.8,85.674236,-0.874236
P06451,2,71.8,73.885392,-2.085392
P07438,3,88.3,90.235441,-1.935441
P04114,5,84.1,82.025872,2.074128
P05314,4,69.2,72.565095,-3.365095
P02646,3,61.8,57.652855,4.147145
P06174,2,61.1,62.667966,-1.567966
P08706,3,78.1,75.642315,2.457685
P09277,2,57.8,56.903868,0.896132
P04978,3,58.3,56.314649,1.985351
P01854,5,83.3,80.975679,2.324321
P07263,4,85.7,89.482111,-3.782111
P07694,2,72.1,73.899797,-1.799797
P08983,1,96.4,98.713781,-2.313781
P02312,5,67.7,65.631426,2.068574
P02496,1,69.2,72.162691,-2.962691
P09939,2,90.3,89.39397,0.90603
P06730,1,71.7,72.441917,-0.741917
P06396,5,77.5,77.706673,-0.206673
P09357,3,92.1,90.840154,1.259846
P07940,4,81.8,81.912029,-0.112029
P03689,4,82.6,83.589696,-0.989696
P01907,1,70.5,71.776734,-1.276734
P01046,3,57.4,58.698708,-1.298708
P09004,5,49.0,48.841942,0.158058
P04921,1,89.4,89.490459,-0.090459
P06008,1,48.4,48.510504,-0.110504
P08284,4,69.6,69.555754,0.044246
P06216,1,64.9,64.316401,0.583599
P07767,5,67.4,65.540135,1.859865
P07878,2,90.7,89.775732,0.924268
P04686,4,64.2,62.177618,2.022382
P05457,4,65.2,65.405344,-0.205344
P04668,2,68.1,68.369184,-0.269184
P09421,1,85.8,86.011376,-0.211376
P05247,2,75.9,74.752514,1.147486
P03941,4,75.6,73.968265,1.631735
P01311,2,51.8,53.030636,-1.230636
P02253,3,97.9,95.032039,2.867961
P03100,3,73.4,73.263422,0.136578
P01673,4,59.3,60.575158,-1.275158
P09537,4,67.4,69.155258,-1.755258
P04513,1,77.7,77.524789,0.175211
P06630,5,84.8,84.797236,0.002764
P03769,2,87.2,86.690082,0.509918
P01354,1,69.6,71.283028,-1.683028
P01996,2,54.1,54.06156,0.03844
P05836,3,66.9,66.772734,0.127266
P02304,3,70.2,69.073581,1.126419
P07836,4,62.1,62.67469,-0.57469
P07656,1,93.4,92.040719,1.359281
P01560,3,63.0,61.208542,1.791458
P05493,2,73.5,73.801865,-0.301865
P05055,1,91.9,89.249039,2.650961
P05943,3,94.9,96.407957,-1.507957
P08756,5,77.6,77.610225,-0.010225
P02838,3,79.5,80.635751,-1.135751
P00803,1,66.8,67.100094,-0.300094
P04708,4,75.9,74.902035,0.997965
P03622,5,69.0,72.607888,-3.607888
P02255,3,86.3,86.080043,0.219957
P03944,1,89.1,87.507421,1.592579
P00216,5,80.6,82.64306,-2.04306
P09956,3,80.2,81.383179,-1.183179
P07810,3,65.5,68.964917,-3.464917
P01891,3,72.9,73.598762,-0.698762
P08684,2,55.7,56.776858,-1.076858
P00210,3,66.2,66.499437,-0.299437
P04609,2,59.6,56.915073,2.684927
P08035,1,87.6,88.214767,-0.614767
P05643,2,38.1,36.583305,1.516695
P02840,3,52.3,53.619018,-1.319018
P08112,5,74.2,75.995297,-1.795297
P06459,3,78.2,78.733796,-0.533796
P06361,3,61.3,62.260881,-0.960881
P01395,4,81.4,82.835764,-1.435764
P06606,4,87.1,88.523961,-1.423961
P09977,5,59.9,58.921406,0.978594
P06682,1,75.4,75.37333,0.02667
P02388,1,55.6,55.081675,0.518325
P03050,5,91.3,91.94177,-0.64177
P02493,4,70.0,72.53778,-2.53778
P07145,1,71.1,72.862696,-1.762696
P07791,5,58.4,60.811363,-2.411363
P02012,4,79.0,76.129795,2.870205
P08781,1,85.4,86.071206,-0.671206
P01041,5,92.8,95.686707,-2.886707
P06455,2,100.0,100.0,0.0
P00987,4,76.4,76.629785,-0.229785
P00964,2,92.6,94.016368,-1.416368
P00626,3,84.3,84.671962,-0.371962
P08932,2,92.3,89.396465,2.903535
P07325,5,75.4,76.374186,-0.974186
P05844,5,41.2,36.806643,4.393357
P03019,1,75.5,77.906497,-2.406497
P03694,4,82.4,83.421173,-1.021173
P08542,4,55.4,58.422353,-3.022353
P01640,3,78.0,77.071568,0.928432
P06154,4,78.2,76.679279,1.520721
P04355,1,78.3,76.355306,1.944694
P08115,3,89.8,90.20655,-0.40655
P07591,3,70.5,68.809434,1.690566
P00931,2,63.3,62.873777,0.426223
P03305,1,75.3,74.952482,0.347518
P02286,5,94.1,93.012546,1.087454
P02857,3,44.4,42.013571,2.386429
P01811,1,61.2,58.286024,2.913976
P02503,4,83.2,84.857839,-1.657839
P05273,2,79.6,78.205337,1.394663
P02133,4,49.7,50.361173,-0.661173
P02392,5,82.1,80.141372,1.958628
P00618,2,67.3,67.107586,0.192414
P03933,2,71.1,69.46024,1.63976
P07216,1,66.2,68.047173,-1.847173
P03486,4,70.1,70.382444,-0.282444
P05677,3,70.6,72.48647,-1.88647
P02204,3,74.8,76.50823,-1.70823
P07237,3,66.5,66.173149,0.326851
P02685,5,58.9,60.926247,-2.026247
P05658,2,78.9,77.479116,1.420884
P09377,4,71.3,70.320068,0.979932
P00417,2,52.6,52.876633,-0.276633
P09863,1,80.9,82.980341,-2.080341
P01274,1,83.2,81.147368,2.052632
P02201,5,81.5,82.372049,-0.872049
P00720,3,78.9,77.762758,1.137242
P02455,4,66.2,68.316418,-2.116418
P07346,2,84.5,86.175919,-1.675919
P04101,2,95.9,95.755889,0.144111
P01374,4,46.9,50.862871,-3.962871
P05971,4,59.8,62.559356,-2.759356
P07822,2,71.2,72.612084,-1.412084
P05441,2,67.2,69.96404,-2.76404
P04032,5,55.5,53.81521,1.68479
P08135,3,91.7,94.927582,-3.227582
P06513,4,91.1,90.624903,0.475097
P00783,5,85.7,88.090217,-2.390217
P08797,2,71.5,69.198753,2.301247
P01084,5,65.5,66.441077,-0.941077
P07196,2,91.2,90.384246,0.815754
P08780,5,64.8,64.627108,0.172892
P08792,4,67.9,67.503857,0.396143
P08381,5,54.7,53.482948,1.217052
P09962,3,82.8,81.468255,1.331745
P04409,4,100.0,99.763247,0.236753
P05006,4,66.6,67.697058,-1.097058
P00414,4,70.9,73.660577,-2.760577
P09436,2,80.0,79.160173,0.839827
P06166,1,70.3,70.869236,-0.569236
P08910,3,82.9,80.451681,2.448319
P05119,4,83.1,82.39685,0.70315
P09547,2,85.3,84.331713,0.968287
P03127,1,49.3,48.917187,0.382813
P08964,3,60.3,59.967436,0.332564
P02729,5,82.2,81.76204,0.43796
P04565,1,94.6,90.136916,4.463084
P00633,2,85.8,80.62363,5.17637
P02411,2,60.4,59.162764,1.237236
P00849,5,60.9,60.559576,0.340424
P06618,4,88.8,86.808508,1.991492
P01837,4,84.6,85.881029,-1.281029
P04360,3,81.2,80.235673,0.964327
P02717,5,85.5,84.699341,0.800659
P06091,4,80.3,77.669343,2.630657
P09363,1,72.6,72.22104,0.37896
P03551,4,87.7,87.753092,-0.053092
P04458,1,70.3,71.316891,-1.016891
P08572,5,66.4,69.83497,-3.43497
P02325,1,77.4,77.249828,0.150172
P03325,1,66.4,65.43239,0.96761
P06246,1,56.9,57.53638,-0.63638
P07775,5,81.7,80.412233,1.287767
P01235,1,71.6,72.577544,-0.977544
P04226,2,70.3,72.401861,-2.101861
P08833,3,75.9,75.286046,0.613954
P02397,2,84.7,84.978939,-0.278939
P08228,3,69.7,71.756921,-2.056921
P07850,2,58.9,58.900976,-0.000976
P00462,1,93.2,96.094455,-2.894455
P01137,2,85.5,83.220282,2.279718
P02371,2,70.7,70.605314,0.094686
P03216,2,51.0,50.37479,0.62521
P02704,4,85.7,84.403474,1.296526
P07646,1,90.4,88.689138,1.710862
P08588,2,68.3,70.039307,-1.739307
P00995,1,85.4,84.144014,1.255986
P08846,2,63.2,62.494949,0.705051
P08190,2,63.5,64.162007,-0.662007
P01149,1,99.1,97.523722,1.576278
P08984,1,66.5,67.482045,-0.982045
P03984,3,96.5,96.800779,-0.300779
P05564,3,67.1,65.858644,1.241356
P04671,3,63.0,60.047679,2.952321
P08844,3,78.4,76.115611,2.284389
P05074,4,56.4,57.459066,-1.059066
P09617,3,83.6,82.078884,1.521116
P00546,2,96.8,96.422246,0.377754
P09735,2,62.2,62.231371,-0.031371
P05683,3,64.5,65.600738,-1.100738
P00300,5,51.4,49.67528,1.72472
P03269,5,73.7,74.082593,-0.382593
P08859,3,76.1,75.643235,0.456765
P00129,4,60.4,58.499266,1.900734
P05978,3,79.9,79.316184,0.583816
P03046,2,78.9,76.64516,2.25484
P06461,2,68.1,66.957294,1.142706
P04910,3,84.7,84.170736,0.529264
P00069,5,69.6,71.115268,-1.515268
P01554,1,76.2,74.61363,1.58637
P04913,5,72.1,71.591891,0.508109
P07531,3,81.9,82.601843,-0.701843
P09663,4,59.8,61.95743,-2.15743
P06570,5,65.1,64.543131,0.556869
P02399,4,76.4,77.020676,-0.620676
P01264,3,72.2,74.199119,-1.999119
P03661,3,60.7,61.645006,-0.945006
P01145,1,83.6,83.738711,-0.138711
P06134,5,80.5,81.556367,-1.056367
P06971,3,80.7,81.764535,-1.064535
P00818,2,75.4,77.415541,-2.015541
P09393,2,55.8,58.252569,-2.452569
P05611,2,82.8,82.915866,-0.115866
P06009,3,76.9,77.636814,-0.736814
P09564,5,80.8,82.985003,-2.185003
P05693,1,59.8,58.012283,1.787717
P06458,1,62.3,62.459336,-0.159336
P06337,4,71.7,69.906242,1.793758
P00184,3,68.5,66.647205,1.852795
P04175,2,86.8,87.604731,-0.804731
P00951,4,80.6,79.865924,0.734076
P02452,3,75.9,74.024793,1.875207
P00103,3,85.7,84.888421,0.811579
P06051,2,82.9,83.984856,-1.084856
P06965,1,41.3,40.271203,1.028797
P00685,4,72.7,72.112127,0.587873
P07605,1,93.1,94.104233,-1.004233
P07095,1,81.9,85.388129,-3.488129
P09642,5,65.4,67.181104,-1.781104
P04258,5,68.8,73.350632,-4.550632
P01916,5,77.8,75.445821,2.354179
P09999,4,78.9,78.9142,-0.0142
P00922,2,79.7,79.585164,0.114836
P06891,1,63.7,62.521712,1.178288
P04476,2,65.3,64.679937,0.620063
P02139,3,71.3,70.367713,0.932287
P06671,5,63.2,65.618718,-2.418718
P04376,2,67.4,64.691018,2.708982
P04199,3,94.4,97.234769,-2.834769
P08734,1,58.0,57.178126,0.821874
P00548,3,87.6,87.91779,-0.31779
P04203,2,80.4,79.608542,0.791458
P06839,2,69.7,72.205485,-2.505485
P00151,3,59.5,61.086084,-1.586084
P01774,5,81.7,83.871225,-2.171225
P04383,5,59.6,58.427223,1.172777
P03410,5,54.1,56.868667,-2.768667
P08004,1,74.5,73.91787,0.58213
P08138,3,68.7,68.427503,0.272497
P08680,1,84.0,85.431733,-1.431733
P08886,3,74.6,75.052845,-0.452845
P09294,1,77.4,75.903904,1.496096
P07927,3,63.9,61.6713,2.2287
P04753,3,80.4,83.156441,-2.756441
P07093,5,57.3,55.923563,1.376437
P03854,2,58.1,59.568247,-1.468247
P00371,3,50.8,52.41305,-1.61305
P08718,1,74.9,75.053643,-0.153643
P05254,5,61.3,62.252659,-0.952659
P09307,4,92.1,88.109026,3.990974
P01110,3,84.6,83.78419,0.81581
P04008,5,86.9,87.542072,-0.642072
P08316,1,78.9,79.334762,-0.434762
P06708,4,81.5,78.899793,2.600207
P01065,5,81.8,80.259277,1.540723
P09625,2,73.6,73.936281,-0.336281
P02928,4,70.0,73.821531,-3.821531
P08889,4,68.5,70.274502,-1.774502
P05826,5,61.7,63.52662,-1.82662
P01887,5,66.1,66.452498,-0.352498
P05856,3,74.4,74.223689,0.176311
P01087,5,86.4,87.668831,-1.268831
P03232,2,54.7,55.831378,-1.131378
P04589,3,65.1,65.174578,-0.074578
P07806,5,75.1,75.334709,-0.234709
P05132,1,68.1,70.791297,-2.691297
P00301,4,96.4,96.017604,0.382396
P00075,1,87.2,90.132006,-2.932006
P01726,4,60.7,59.512048,1.187952
P00816,3,46.3,45.814705,0.485295
P06995,2,76.8,76.995194,-0.195194
P07529,5,65.0,66.145254,-1.145254
P00092,5,65.4,67.293533,-1.893533
P07120,3,90.2,90.086406,0.113594
P00635,5,62.2,62.835245,-0.635245
P02967,3,55.5,54.975815,0.524185
P02544,5,62.4,62.479463,-0.079463
P01548,5,57.9,53.239483,4.660517
P00369,4,85.0,85.677708,-0.677708
P04315,2,83.3,81.556295,1.743705
P04982,4,84.5,83.136299,1.363701
P07714,1,90.7,94.33745,-3.63745
P09552,2,74.9,76.080353,-1.180353
P05151,5,86.3,87.486903,-1.186903
P03733,1,93.4,92.553752,0.846248
P05764,3,55.5,56.666238,-1.166238
P07809,2,75.5,78.024733,-2.524733
P02641,1,100.0,99.417553,0.582447
P01373,3,86.1,84.017996,2.082004
P06847,3,68.7,69.160376,-0.460376
P07083,5,66.7,65.73661,0.96339
P05494,1,67.9,69.680515,-1.780515
P00052,1,64.2,63.147509,1.052491
P05509,4,88.4,91.196818,-2.796818
P00926,4,74.5,74.769368,-0.269368
P03875,4,70.0,70.040687,-0.040687
P07792,1,61.3,59.448909,1.851091
P08466,4,48.6,49.384804,-0.784804
P04539,5,75.9,74.465281,1.434719
P08571,2,80.8,80.425311,0.374689
P02067,5,77.7,77.443119,0.256881
P06583,3,54.5,54.804784,-0.304784
P00936,5,65.1,67.72296,-2.62296
P07205,4,80.5,84.151222,-3.651222
P07455,5,65.7,69.287569,-3.587569
P04466,3,89.2,88.040814,1.159186
P04992,1,55.9,56.357243,-0.457243
P09965,4,54.5,56.351205,-1.851205
P05240,4,85.1,86.82107,-1.72107
P00354,3,75.5,75.13989,0.36011
P07732,3,70.3,69.106085,1.193915
P03226,1,89.9,89.917643,-0.017643
P03236,5,85.1,87.34403,-2.24403
P07025,5,79.3,76.94793,2.35207
P04739,4,66.5,67.035484,-0.535484
P00038,5,85.6,87.149871,-1.549871
P02033,3,76.9,77.730672,-0.830672
P05550,3,63.4,62.077434,1.322566
P03339,4,99.2,97.164702,2.035298
P03034,5,83.4,82.266298,1.133702
P07101,3,92.9,91.932445,0.967555
P03253,5,66.0,67.757393,-1.757393
P05338,3,85.7,88.549186,-2.849186
P02241,2,77.9,76.235825,1.664175
P06725,2,90.0,93.363822,-3.363822
P07204,2,66.7,68.069566,-1.369566
P03894,2,84.9,84.641199,0.258801
P07804,3,86.3,87.103011,-0.803011
P08982,1,62.9,63.669902,-0.769902
P01105,3,61.0,59.562669,1.437331
P07360,2,77.5,76.473615,1.026385
P02826,5,71.7,72.930218,-1.230218
P03903,5,68.0,68.585616,-0.585616
P08508,3,76.8,76.812041,-0.012041
P09916,4,55.9,56.671581,-0.771581
P08877,1,54.2,55.989478,-1.789478
P00690,2,81.7,81.426489,0.273511
P02724,5,65.3,67.28066,-1.98066
P08909,2,63.1,63.355775,-0.255775
P03583,1,59.9,59.484725,0.415275
P04615,2,66.0,65.281792,0.718208
P00748,3,72.4,76.306044,-3.906044
P04899,1,62.5,60.041254,2.458746
P03580,1,71.7,71.850032,-0.150032
P06524,3,78.5,78.115009,0.384991
P01574,4,70.0,69.916158,0.083842
P03242,3,76.2,72.43565,3.76435
P02893,3,79.5,78.350918,1.149082
P05799,4,67.0,68.886491,-1.886491
P09911,4,95.8,96.392651,-0.592651
P00080,2,84.5,86.243886,-1.743886
P06407,1,62.7,61.186165,1.513835
P00722,4,83.1,82.219643,0.880357
P06480,4,59.8,59.684019,0.115981
P04636,4,92.1,95.134079,-3.034079
P06448,5,53.1,52.876266,0.223734
P09906,2,49.6,48.919839,0.680161
P04003,3,74.8,73.741141,1.058859
P09149,2,92.2,94.759866,-2.559866
P09284,5,80.3,82.546595,-2.246595
P07747,5,85.4,84.399202,1.000798
P00889,5,65.1,67.029598,-1.929598
P06749,2,74.1,72.397206,1.702794
P02978,3,61.1,61.320212,-0.220212
P04449,4,75.9,74.556573,1.343427
P00549,3,86.3,84.948542,1.351458
P09450,3,62.2,63.121753,-0.921753
P02941,2,79.8,77.43758,2.36242
P02144,2,72.9,72.978203,-0.078203
P05097,2,66.0,64.118357,1.881643
P03477,4,84.3,86.264479,-1.964479
P04560,4,70.0,71.084447,-1.084447
P08531,4,86.7,83.910942,2.789058
P02779,5,87.7,86.094625,1.605375
P05243,2,72.9,73.783579,-0.883579
P05116,4,45.3,48.287983,-2.987983
P07643,1,78.0,80.066112,-2.066112
P02436,4,78.9,78.94179,-0.04179
P05948,5,78.1,79.640275,-1.540275
P03053,1,88.4,87.636838,0.763162
P03228,1,73.4,74.763352,-1.363352
P06220,5,80.9,81.142649,-0.242649
P07262,2,81.4,80.365766,1.034234
P05744,1,81.0,81.351689,-0.351689
P03205,5,66.6,65.778239,0.821761
P07799,3,80.6,81.64096,-1.04096
P08512,5,86.3,88.323328,-2.023328
P06007,1,85.1,84.717118,0.382882
P00437,5,64.9,62.978419,1.921581
P01942,2,83.2,83.110492,0.089508
P03930,2,87.0,85.563074,1.436926
P05162,2,74.8,74.474771,0.325229
P09862,2,92.7,91.862023,0.837977
P04453,1,60.7,59.031186,1.668814
P04239,5,75.5,73.034833,2.465167
P04653,1,69.4,68.84036,0.55964
P06886,3,87.3,88.103369,-0.803369
P07240,1,75.1,75.030182,0.069818
P09643,5,73.9,73.553542,0.346458
P00192,2,83.4,83.645177,-0.245177
P03613,3,83.0,81.88827,1.11173
P01697,4,90.2,90.394908,-0.194908
P03161,5,72.1,71.282621,0.817379
P06454,2,87.0,86.798439,0.201561
P01456,5,70.4,72.899978,-2.499978
P06834,3,69.5,69.287401,0.212599
P07197,4,86.3,88.227639,-1.927639
P01103,5,80.1,80.397091,-0.297091
P03621,2,78.1,74.960094,3.139906
P01367,5,89.6,91.36822,-1.76822
P01835,3,79.0,80.441131,-1.441131
P02854,2,90.5,89.228349,1.271651
P07859,4,62.9,62.342695,0.557305
P05418,3,86.9,86.219507,0.680493
P00918,3,69.4,70.41926,-1.01926
P07811,1,66.9,67.734968,-0.834968
P00363,5,94.0,94.860221,-0.860221
P04000,2,93.3,91.906143,1.393857
P00263,2,85.7,85.988395,-0.288395
P04828,4,60.7,62.197714,-1.497714
P06798,1,78.5,77.130901,1.369099
P05499,1,98.1,97.092353,1.007647
P09033,4,77.3,76.621392,0.678608
P00204,4,85.9,84.976024,0.923976
P04747,4,50.6,51.961936,-1.361936
P06593,3,73.5,72.542798,0.957202
P09705,3,75.6,76.159937,-0.559937
P03330,1,94.7,95.105381,-0.405381
P06711,1,79.5,77.428753,2.071247
P01736,4,78.8,79.90398,-1.10398
P04267,4,69.4,67.300349,2.099651
P03454,4,68.9,70.756749,-1.856749
P06545,3,72.9,71.362864,1.537136
P05740,1,61.5,63.276152,-1.776152
P09531,4,67.1,68.662882,-1.562882
P01958,2,66.8,67.375452,-0.575452
P04723,3,78.8,78.490147,0.309853
P07502,2,84.0,85.437215,-1.437215
P07088,4,78.0,76.300073,1.699927
P05831,1,90.6,89.525302,1.074698
P03179,2,91.8,87.824043,3.975957
P00880,3,64.1,64.43788,-0.33788
P03368,5,68.9,67.206618,1.693382
P08618,4,91.4,91.202484,0.197516
P05102,4,76.8,76.652087,0.147913
P01743,2,78.8,78.619896,0.180104
P04329,3,69.7,71.440426,-1.740426
P03967,2,61.7,58.940442,2.759558
P06994,1,94.7,96.160687,-1.460687
P08207,5,73.7,75.211392,-1.511392
P01987,3,82.7,82.410424,0.289576
P03381,5,61.2,60.325098,0.874902
P03029,1,70.2,70.514455,-0.314455
P02554,3,75.4,74.129435,1.270565
P09635,2,100.0,99.404085,0.595915
P02164,3,56.5,54.930601,1.569399
P05660,4,62.9,63.518126,-0.618126
P02812,5,95.0,96.458602,-1.458602
P09548,2,85.3,82.630679,2.669321
P00006,4,60.6,61.037471,-0.437471
P04266,3,78.7,75.471094,3.228906
P02577,1,70.0,69.663067,0.336933
P07414,4,78.2,78.268825,-0.068825
P07889,2,78.1,77.185478,0.914522
P08586,4,69.6,68.824421,0.775579
P01708,3,75.9,75.302203,0.597797
P07675,2,95.0,93.181642,1.818358
P03987,1,52.9,54.276692,-1.376692
P03680,4,72.6,72.064405,0.535595
P06424,1,90.0,90.500477,-0.500477
P08104,3,58.6,60.214004,-1.614004
P01827,1,74.6,73.770337,0.829663
P09515,3,77.5,76.563379,0.936621
P08815,1,68.6,68.326945,0.273055
P03662,5,62.7,63.916827,-1.216827
P05534,5,87.6,85.897767,1.702233
P04030,3,79.3,78.727251,0.572749
P09027,3,96.3,94.848733,1.451267
P07402,1,63.6,64.988105,-1.388105
P05511,1,87.9,88.059676,-0.159676
P01619,1,86.0,84.533515,1.466485
P00594,2,81.7,80.345008,1.354992
P05743,4,67.0,68.68718,-1.68718
P03962,3,75.1,78.333548,-3.233548
P03489,5,71.5,69.909488,1.590512
P03264,5,79.3,78.705536,0.594464
P04745,5,77.7,76.155802,1.544198
P08956,4,93.9,94.126578,-0.226578
P06563,1,88.5,88.416245,0.083755
P03980,3,75.7,76.040388,-0.340388
P03832,4,78.9,76.751425,2.148575
P02797,3,65.4,66.311653,-0.911653
P09483,5,58.4,58.729363,-0.329363
P07798,5,59.9,59.16817,0.73183
P03853,4,72.2,70.275866,1.924134
P08384,1,44.6,44.817368,-0.217368
P07320,2,74.0,74.583345,-0.583345
P01240,5,77.1,75.616865,1.483135
P00094,5,56.3,54.763977,1.536023
P07572,3,78.7,78.634984,0.065016
P01972,5,64.4,64.243642,0.156358
P05577,3,78.7,75.498367,3.201633
P08479,4,89.0,87.086815,1.913185
P05792,1,71.5,72.165041,-0.665041
P03294,5,71.2,73.9793,-2.7793
P00794,1,60.1,60.630859,-0.530859
P07419,1,84.6,84.956986,-0.356986
P06940,4,56.9,55.953928,0.946072
P04991,5,72.3,74.676359,-2.376359
P01408,1,59.6,59.967967,-0.367967
P09747,3,67.5,66.221795,1.278205
P00155,5,77.7,74.975189,2.724811
P01151,1,89.3,90.776594,-1.476594
P04722,1,75.5,78.348811,-2.848811
P00252,2,64.4,66.548264,-2.148264
P03970,5,67.0,67.321086,-0.321086
P02068,1,60.9,60.607286,0.292714
P09658,4,76.2,75.28802,0.91198
P09948,5,92.8,91.206294,1.593706
P01771,5,94.8,93.825469,0.974531
P05813,3,85.5,83.363073,2.136927
P05572,2,62.1,61.659867,0.440133
P07446,3,68.6,71.490669,-2.890669
P03657,5,72.5,74.018829,-1.518829
P03558,1,38.8,39.492322,-0.692322
P00099,5,77.5,76.757491,0.742509
P04561,1,79.1,77.073584,2.026416
P00167,1,70.2,67.881226,2.318774
P07373,3,76.6,73.617361,2.982639
P07227,2,76.9,74.704759,2.195241
P03123,3,84.2,84.346562,-0.146562
P07941,3,77.8,81.007017,-3.207017
P09171,2,41.0,42.51156,-1.51156
P07752,5,82.4,84.928642,-2.528642
P01326,4,80.6,82.090076,-1.490076
P03286,4,73.3,73.615092,-0.315092
P02837,3,84.8,83.411508,1.388492
P06983,4,61.7,63.01962,-1.31962
P00596,5,68.2,67.005386,1.194614
P08473,1,76.4,76.808078,-0.408078
P08626,1,68.2,68.941711,-0.741711
P01875,1,67.3,64.472894,2.827106
P07142,1,86.3,85.246894,1.053106
P03272,5,76.6,75.37115,1.22885
P00721,2,81.6,80.1783,1.4217
P01127,2,66.2,65.817221,0.382779
P06829,4,64.0,62.388217,1.611783
P05329,4,95.0,93.886948,1.113052
P09223,4,98.7,98.162153,0.537847
P04193,1,81.7,82.942802,-1.242802
P03599,4,56.2,57.139961,-0.939961
P00274,4,64.6,62.250078,2.349922
P06591,2,82.8,83.487977,-0.687977
P03660,3,70.9,71.096596,-0.196596
P07350,1,66.3,67.412541,-1.112541
P01057,3,55.8,53.805546,1.994454
P08600,4,60.9,63.305986,-2.405986
P03385,2,49.8,51.074924,-1.274924
P01500,1,68.9,68.088078,0.811922
P08168,4,80.9,80.386318,0.513682
P08814,1,71.2,72.099028,-0.899028
P07484,2,79.2,76.825468,2.374532
P05824,3,81.8,84.138689,-2.338689
P05464,1,81.0,80.757583,0.242417
P02240,2,56.6,56.607695,-0.007695
P00454,3,100.0,100.0,0.0
P09468,2,72.3,74.970807,-2.670807
P04417,1,75.2,77.967758,-2.767758
P06523,3,62.7,61.757739,0.942261
P01665,3,60.1,59.26696,0.83304
P07951,5,89.1,90.407551,-1.307551
P09260,5,88.3,89.20191,-0.90191
P03816,3,79.3,78.352251,0.947749
P03544,5,69.5,68.393383,1.106617
P03143,5,79.9,77.926747,1.973253
P01129,1,81.5,79.481269,2.018731
P06106,5,87.7,87.20265,0.49735
P02946,1,72.4,73.073107,-0.673107
P04236,3,80.2,79.090863,1.109137
P08775,4,80.7,84.181959,-3.481959
P09136,2,90.8,90.900739,-0.100739
P07777,4,76.0,77.171002,-1.171002
P08498,4,53.3,54.144843,-0.844843
P05449,4,52.2,55.058506,-2.858506
P02929,3,72.3,72.356201,-0.056201
P06471,5,60.5,59.045021,1.454979
P06049,3,78.0,76.761572,1.238428
P07036,4,76.4,76.656437,-0.256437
P03691,1,67.3,68.268845,-0.968845
P08199,1,71.6,72.643881,-1.043881
P09806,4,73.6,69.693764,3.906236
P04145,5,50.5,50.111339,0.388661
P00978,2,68.2,70.992857,-2.792857
P05845,4,74.1,74.042221,0.057779
P01409,3,94.6,95.96925,-1.36925
P03456,3,75.7,73.070657,2.629343
P09949,1,56.5,56.786458,-0.286458
P05136,2,79.8,79.47046,0.32954
P01569,5,53.7,53.251411,0.448589
P00432,4,53.5,52.340612,1.159388
P02216,5,82.4,79.972406,2.427594
P09115,5,82.7,82.507744,0.192256
P05351,2,61.4,61.894571,-0.494571
P00532,1,80.8,81.517584,-0.717584
P02732,3,73.4,73.645754,-0.245754
P08234,5,71.8,72.337824,-0.537824
P04209,1,73.7,75.106416,-1.406416
P04558,2,67.6,68.349106,-0.749106
P01061,1,55.3,57.268684,-1.968684
P04031,5,66.4,65.284953,1.115047
P08294,4,54.9,56.703339,-1.803339
P01045,4,99.7,96.946358,2.753642
P00773,3,77.3,76.963108,0.336892
P07339,4,82.5,83.007523,-0.507523
P00277,2,75.0,74.097585,0.902415
P06973,3,79.8,77.54158,2.25842
P09434,3,56.2,57.116739,-0.916739
P09477,4,76.0,76.513739,-0.513739
P06040,4,65.3,66.680618,-1.380618
P06130,2,84.3,84.196812,0.103188
P03792,3,78.7,78.425888,0.274112
P05546,3,90.2,92.521358,-2.321358
P04487,4,69.4,68.045754,1.354246
P08356,2,89.1,87.384857,1.715143
P02328,2,64.1,62.841235,1.258765
P09621,5,63.7,61.859785,1.840215
P07578,2,79.9,79.70246,0.19754
P07252,5,76.0,76.548887,-0.548887
P02580,1,72.1,70.909096,1.190904
P07728,5,57.9,59.843951,-1.943951
P01966,3,86.5,84.878998,1.621002
P07516,4,90.2,91.230817,-1.030817
P06624,2,56.7,57.547106,-0.847106
P03274,5,85.3,87.43912,-2.13912
P06184,2,60.9,62.101909,-1.201909
P05146,3,84.2,81.798878,2.401122
P02863,1,73.6,72.784349,0.815651
P00393,4,55.2,56.741906,-1.541906
P00217,5,100.0,100.0,0.0
P05379,3,67.6,67.997583,-0.397583
P08134,5,80.1,81.854596,-1.754596
P07722,4,78.8,79.879347,-1.079347
P04916,4,71.3,71.239793,0.060207
P05545,5,60.9,61.066467,-0.166467
P02439,1,57.5,56.054556,1.445444
P05128,3,77.2,78.179113,-0.979113
P03866,4,95.7,99.611093,-3.911093
P05806,3,69.0,67.330009,1.669991
P09378,2,57.5,59.676655,-2.176655
P01816,3,79.9,77.499397,2.400603
P01859,2,55.3,55.628948,-0.328948
P03929,2,62.7,62.739971,-0.039971
P00182,2,72.1,71.231976,0.868024
P07465,4,81.4,81.713112,-0.313112
P09767,4,77.3,77.908062,-0.608062
P03999,2,79.4,78.818001,0.581999
P03629,2,59.5,60.25122,-0.75122
P01794,2,92.9,93.297051,-0.397051
P08230,4,92.7,94.541675,-1.841675
P04805,3,73.9,73.5916,0.3084
P07386,4,68.9,69.645292,-0.745292
P02458,4,49.9,51.646122,-1.746122
P02808,3,66.1,66.863314,-0.763314
P04108,1,84.4,87.488179,-3.088179
P09746,1,46.5,43.812791,2.687209
P08808,3,97.4,97.51974,-0.11974
P04811,2,80.5,79.993416,0.506584
P00298,3,82.0,82.367474,-0.367474
P06794,2,72.8,72.739127,0.060873
P09248,3,81.1,82.906938,-1.806938
P00224,2,82.1,83.324162,-1.224162
P04394,2,79.4,76.789143,2.610857
P01764,4,58.6,58.268124,0.331876
P08030,4,92.6,92.425732,0.174268
P05031,1,64.4,64.767458,-0.367458
P08768,5,57.7,57.154992,0.545008
P08883,2,66.8,68.119016,-1.319016
P07672,4,66.4,64.16323,2.23677
P08257,2,76.8,77.6715,-0.8715
P00796,1,74.2,72.355527,1.844473
P02953,1,61.0,62.137272,-1.137272
P02223,1,70.6,70.357599,0.242401
P03960,3,59.2,59.443835,-0.243835
P01662,2,78.3,78.427055,-0.127055
P07666,2,70.2,70.662825,-0.462825
P04135,5,77.6,78.417531,-0.817531
P08195,1,71.0,73.303451,-2.303451
P07880,1,67.6,69.85247,-2.25247
P04129,3,78.0,77.028822,0.971178
P04528,3,76.8,75.526014,1.273986
P03279,2,95.7,97.734362,-2.034362
P09109,4,51.8,53.628962,-1.828962
P02586,4,73.8,70.836726,2.963274
P07192,1,72.6,70.25882,2.34118
P08304,3,74.1,74.392466,-0.292466
P09269,5,60.5,62.054952,-1.554952
P01527,4,78.9,76.618192,2.281808
P01995,5,82.5,81.525915,0.974085
P01505,3,72.5,69.892178,2.607822
P03071,2,79.8,80.977648,-1.177648
P06585,1,53.5,52.352639,1.147361
P01224,4,75.5,74.239111,1.260889
P00625,5,72.3,72.608923,-0.308923
P07293,3,86.2,85.726834,0.473166
P02257,5,82.2,82.845209,-0.645209
P00671,4,83.3,83.083053,0.216947
P09426,5,81.9,83.594679,-1.694679
P06110,2,84.9,85.314019,-0.414019
P01237,1,62.9,62.522259,0.377741
P04416,2,95.2,93.247142,1.952858
P02135,5,60.8,61.999775,-1.199775
P06052,5,71.0,74.404588,-3.404588
P03998,2,32.7,34.267963,-1.567963
P06231,1,73.1,71.866061,1.233939
P03817,3,83.9,82.633088,1.266912
P03778,4,81.3,81.165725,0.134275
P05527,4,89.5,86.172842,3.327158
P08186,4,94.9,96.35498,-1.45498
P05429,1,88.1,87.881744,0.218256
P01113,5,69.7,66.765251,2.934749
P09645,1,66.1,66.229299,-0.129299
P08873,1,78.1,78.399314,-0.299314
P06397,4,92.4,92.177033,0.222967
P09007,4,69.8,71.880215,-2.080215
P09429,2,77.6,78.010682,-0.410682
P08960,4,33.8,34.063929,-0.263929
P02508,5,67.2,67.305697,-0.105697
P04832,1,82.7,81.255052,1.444948
P09167,5,70.5,72.055088,-1.555088
P02180,5,90.2,89.04745,1.15255
P09201,5,78.3,77.656241,0.643759
P07663,2,60.3,59.192104,1.107896
P04634,1,81.2,81.35645,-0.15645
P05311,5,73.1,73.309243,-0.209243
P01547,4,79.4,80.482695,-1.082695
P03038,2,81.9,85.181566,-3.281566
P03572,2,79.1,81.09996,-1.99996
P02404,4,81.9,83.565397,-1.665397
P04696,2,100.0,100.0,0.0
P05476,2,86.4,87.701989,-1.301989
P05573,2,63.3,64.548978,-1.248978
P06291,5,61.1,61.226366,-0.126366
P03653,1,74.9,75.235261,-0.335261
P03371,5,97.1,98.44403,-1.34403
P06773,3,84.4,86.005982,-1.605982
P02740,4,68.0,68.339199,-0.339199
P09089,5,78.1,78.846944,-0.746944
P00837,5,94.3,93.860034,0.439966
P02988,1,66.8,68.660216,-1.860216
P03115,2,91.6,91.539069,0.060931
P08923,4,78.3,77.571636,0.728364
P00765,4,78.9,77.338275,1.561725
P01577,4,79.5,77.472566,2.027434
P01710,2,65.6,66.585143,-0.985143
P01200,2,69.8,70.789412,-0.989412
P07867,2,67.5,67.077269,0.422731
P03859,5,62.9,64.677468,-1.777468
P05584,1,57.2,58.174344,-0.974344
P05776,5,64.5,62.496987,2.003013
P04026,1,57.9,57.697317,0.202683
P03767,5,67.3,68.076051,-0.776051
P09824,5,73.8,71.86391,1.93609
P08520,2,78.4,78.302427,0.097573
P00544,5,60.3,59.632292,0.667708
P04392,5,95.7,94.412487,1.287513
P07963,2,84.4,82.675837,1.724163
P05961,3,94.7,92.119526,2.580474
P03793,2,67.3,70.068382,-2.768382
P04768,3,64.6,61.138513,3.461487
P09295,2,73.8,74.494727,-0.694727
P05910,3,94.9,93.718621,1.181379
P07315,5,83.7,83.297553,0.402447
P04882,1,79.6,76.15761,3.44239
P08329,3,60.1,59.59078,0.50922
P04348,4,65.0,66.36737,-1.36737
P03633,1,57.7,55.410259,2.289741
P03674,2,82.4,83.405429,-1.005429
P01888,3,80.0,81.334998,-1.334998
P06752,4,78.7,74.864122,3.835878
P01566,2,51.7,51.085192,0.614808
P00655,4,76.1,73.998536,2.101464
P06242,2,83.0,84.629457,-1.629457
P06613,4,52.6,56.719311,-4.119311
P06675,3,60.5,59.298149,1.201851
P01466,4,66.5,66.484148,0.015852
P01915,4,72.5,71.624331,0.875669
P01667,3,66.8,66.364656,0.435344
P09206,4,57.8,59.570829,-1.770829
P01282,2,72.4,72.765551,-0.365551
P06223,5,78.2,76.876331,1.323669
P03570,3,67.2,67.537664,-0.337664
P01447,3,67.6,66.980633,0.619367
P00988,4,68.3,69.645848,-1.345848
P08224,1,90.6,90.301736,0.298264
P05377,4,88.6,87.842045,0.757955
P05669,4,55.7,57.154563,-1.454563
P02821,2,84.1,86.17105,-2.07105
P08106,5,70.9,71.113276,-0.213276
P04048,5,71.1,67.957062,3.142938
P08608,3,49.6,50.959927,-1.359927
P04685,5,62.7,64.330753,-1.630753
P03184,1,84.6,84.126675,0.473325
P01637,3,62.1,65.067105,-2.967105
P01318,5,66.7,69.19846,-2.49846
P07730,2,61.9,61.377905,0.522095
P03961,2,91.6,91.085541,0.514459
P00271,4,57.4,54.842237,2.557763
P05275,2,76.7,78.685595,-1.985595
P00291,4,88.0,86.185117,1.814883
P02581,3,59.1,58.86633,0.23367
P03600,1,66.0,65.066869,0.933131
P08841,2,70.8,71.202459,-0.402459
P06860,5,83.6,82.13012,1.46988
P00679,5,71.4,74.280906,-2.880906
P02322,3,59.4,61.688411,-2.288411
P04976,4,54.2,57.32981,-3.12981
P04243,1,90.9,89.158061,1.741939
P04627,5,90.7,92.503248,-1.803248
P07902,2,75.3,75.046664,0.253336
P01618,3,49.5,48.983994,0.516006
P09555,4,91.4,90.907253,0.492747
P00107,1,51.3,51.76061,-0.46061
P01869,3,75.1,72.712735,2.387265
P03428,1,75.7,75.650045,0.049955
P06987,2,89.6,91.395801,-1.795801
P09381,3,83.4,85.674035,-2.274035
P03183,3,87.7,87.603648,0.096352
P00355,2,78.8,77.261564,1.538436
P04713,1,82.9,83.163799,-0.263799
P06788,2,73.4,70.507661,2.892339
P05668,2,73.8,75.256604,-1.456604
P01215,1,56.6,57.218217,-0.618217
P05746,2,86.3,88.019559,-1.719559
P00691,2,67.9,67.603596,0.296404
P03231,2,63.6,60.421001,3.178999
P08364,4,43.7,44.794251,-1.094251
P04782,2,52.8,54.510782,-1.710782
P03874,2,98.8,95.694635,3.105365
P01027,1,73.7,76.094466,-2.394466
P04270,3,92.8,92.042023,0.757977
P06190,4,60.1,59.013946,1.086054
P08888,4,66.3,65.362921,0.937079
P08667,4,56.4,57.246636,-0.846636
P01677,1,92.2,93.375549,-1.175549
P08054,2,70.3,71.180688,-0.880688
P06693,5,78.6,77.373486,1.226514
P05139,2,65.8,66.15044,-0.35044
P09322,2,43.5,41.241247,2.258753
P03332,1,95.3,94.987291,0.312709
P03579,3,72.2,70.649896,1.550104
P01222,5,77.6,76.34837,1.25163
P08546,1,59.2,59.711862,-0.511862
P06969,3,85.2,84.426638,0.773362
P04411,5,78.1,79.779507,-1.679507
P08154,1,79.6,78.616503,0.983497
P09176,4,56.6,57.838726,-1.238726
P06650,5,88.7,85.988806,2.711194
P07872,1,75.2,75.862805,-0.662805
P06252,5,72.0,72.499105,-0.499105
P02331,3,81.4,84.582706,-3.182706
P02146,4,67.1,67.785465,-0.685465
P02401,2,59.7,59.643358,0.056642
P01497,2,69.3,69.495756,-0.195756
P04918,4,73.2,74.932806,-1.732806
P09017,5,65.8,65.094215,0.705785
P00442,1,91.9,93.152277,-1.252277
P07355,4,84.0,85.216797,-1.216797
P08544,2,87.8,87.465438,0.334562
P05100,5,54.9,54.884514,0.015486
P06192,3,78.4,76.352961,2.047039
P00060,1,80.6,80.133817,0.466183
P08866,4,77.1,77.594052,-0.494052
P03354,4,61.5,60.514078,0.985922
P02295,5,70.6,73.482144,-2.882144
P02049,5,72.9,71.84511,1.05489
P05308,2,72.3,70.121354,2.178646
P08553,1,100.0,100.0,0.0
P06331,3,67.9,68.415457,-0.515457
P07751,3,87.2,86.797672,0.402328
P05445,3,71.1,68.128051,2.971949
P00754,4,61.2,61.682309,-0.482309
P02025,1,69.2,66.089095,3.110905
P02790,4,99.9,98.803079,1.096921
P01713,2,63.6,65.234994,-1.634994
P08191,1,71.9,69.475655,2.424345
P04097,5,93.4,95.24618,-1.84618
P04520,3,92.4,92.009494,0.390506
P01784,3,72.0,72.251274,-0.251274
P09083,4,69.7,70.667198,-0.967198
P03025,1,67.8,68.408609,-0.608609
P04213,3,80.7,80.455393,0.244607
P03112,4,69.4,67.343457,2.056543
P07487,3,60.0,59.889066,0.110934
P08373,4,79.2,75.232185,3.967815
P06014,3,46.4,46.854793,-0.454793
P04785,1,82.4,84.280654,-1.880654
P09961,5,74.1,73.380823,0.719177
P07558,3,59.1,61.361219,-2.261219
P08214,4,72.8,71.444381,1.355619
P03696,1,85.7,89.113764,-3.413764
P09293,2,78.0,79.547192,-1.547192
P00479,5,77.1,78.539078,-1.439078
P03561,1,94.6,91.859367,2.740633
P01248,4,82.1,83.185497,-1.085497
P05883,3,64.4,61.331592,3.068408
P06359,3,69.7,70.779181,-1.079181
P03345,3,50.8,51.023569,-0.223569
P00367,4,59.1,60.979622,-1.879622
P07853,3,69.8,70.032208,-0.232208
P09097,5,80.0,79.134658,0.865342
P00164,5,72.9,73.893188,-0.993188
P00577,1,67.8,68.670483,-0.870483
P07886,1,55.7,57.306162,-1.606162
P09139,3,49.4,50.214722,-0.814722
P07102,5,92.6,89.009647,3.590353
P07390,1,68.4,66.564714,1.835286
P00785,2,65.1,65.444285,-0.344285
P05632,1,92.3,91.281065,1.018935
P05172,1,86.1,85.760599,0.339401
P08050,3,66.3,66.4797,-0.1797
P06747,1,80.5,77.751857,2.748143
P04134,2,94.6,94.046539,0.553461
P06244,3,64.9,66.817838,-1.917838
P05423,5,68.2,67.982507,0.217493
P07466,3,84.5,82.734845,1.765155
P06559,3,74.1,76.183149,-2.083149
P02901,2,83.0,81.753563,1.246437
P05182,1,73.0,71.185797,1.814203
P00035,2,67.6,69.345148,-1.745148
P04958,4,80.8,81.462305,-0.662305
P06501,2,77.1,78.424323,-1.324323
P00570,5,80.4,82.903239,-2.503239
P01471,5,74.3,74.215683,0.084317
P04343,5,86.0,86.881734,-0.881734
P05131,4,72.7,72.41538,0.28462
P01638,3,73.7,78.222155,-4.522155
P06622,5,78.4,78.83575,-0.43575
P07382,4,63.1,64.027073,-0.927073
P00905,4,71.1,71.221462,-0.121462
P09931,1,80.2,81.836786,-1.636786
P02743,5,72.8,72.298304,0.501696
P03273,5,92.1,93.444939,-1.344939
P09669,1,79.4,77.836487,1.563513
P02227,5,78.5,77.360605,1.139395
P06469,1,84.0,85.493604,-1.493604
P01463,3,67.6,69.130725,-1.530725
P03590,1,93.5,92.770666,0.729334
P08969,2,81.3,82.321212,-1.021212
P09290,4,65.3,67.659822,-2.359822
P08717,5,70.8,70.991374,-0.191374
P04638,2,69.6,70.542237,-0.942237
P02947,1,54.6,53.282257,1.317743
P05051,4,55.6,56.552309,-0.952309
P04437,3,63.8,61.763162,2.036838
P08355,3,76.2,77.094935,-0.894935
P05652,1,61.3,59.807518,1.492482
P03120,3,53.8,53.177445,0.622555
P04680,5,83.8,85.470001,-1.670001
P01535,2,67.8,66.423694,1.376306
P03471,1,71.4,71.863259,-0.463259
P05797,5,83.2,82.232679,0.967321
P03103,4,80.4,83.242165,-2.842165
P07917,2,61.0,60.086108,0.913892
P07569,2,59.7,62.99894,-3.29894
P06183,5,75.4,74.460385,0.939615
P05056,2,65.5,64.947089,0.552911
P08288,2,98.8,98.019123,0.780877
P00800,4,68.8,68.523176,0.276824
P01167,5,71.6,70.699396,0.900604
P01762,5,90.4,88.310558,2.089442
P05069,2,93.1,92.282835,0.817165
P08854,4,78.6,76.605869,1.994131
P00314,3,60.8,58.795552,2.004448
P07539,5,87.2,87.765638,-0.565638
P06787,1,63.7,60.421299,3.278701
P02043,4,52.1,52.444239,-0.344239
P06555,5,100.0,95.351561,4.648439
P03964,3,81.0,81.475451,-0.475451
P00896,5,57.8,61.146984,-3.346984
P04710,4,42.6,42.719569,-0.119569
P00558,3,100.0,100.0,0.0
P09402,1,79.0,78.452952,0.547048
P02158,4,47.1,47.125444,-0.025444
P03500,2,75.5,73.740716,1.759284
P01379,1,64.9,64.671781,0.228219
P04077,1,78.0,79.918424,-1.918424
P04854,5,56.8,55.286516,1.513484
P08180,2,75.5,74.609379,0.890621
P00979,5,47.2,48.812576,-1.612576
P09200,4,98.0,95.393655,2.606345
P02810,1,68.4,67.948061,0.451939
P02958,5,96.7,97.087445,-0.387445
P07950,1,82.5,81.841756,0.658244
P04887,5,70.3,72.10912,-1.80912
P00440,3,88.1,88.041137,0.058863
P08582,1,97.6,95.371865,2.228135
P05691,3,40.8,42.669399,-1.869399
P09952,3,84.7,82.561592,2.138408
P04431,2,82.2,82.560312,-0.360312
P07069,3,87.0,88.006668,-1.006668
P06719,5,72.6,74.28117,-1.68117
P00893,2,70.6,71.4063,-0.8063
P05867,1,71.4,68.368761,3.031239
P02190,2,64.9,64.585672,0.314328
P03510,3,76.3,74.377038,1.922962
P04061,2,72.5,74.615795,-2.115795
P05637,1,45.1,47.190439,-2.090439
P06182,3,67.9,70.217375,-2.317375
P09907,4,73.7,72.066217,1.633783
P06179,1,83.9,84.424615,-0.524615
P00642,2,71.7,70.68803,1.01197
P09692,2,74.2,72.697071,1.502929
P06339,5,85.4,87.841949,-2.441949
P08908,1,75.1,73.662063,1.437937
P04709,2,76.6,78.450634,-1.850634
P08560,4,67.0,68.277418,-1.277418
P03080,4,70.0,72.3125,-2.3125
P07268,1,62.9,62.642292,0.257708
P06826,5,86.3,88.148192,-1.848192
P08875,5,77.4,76.47193,0.92807
P09164,1,64.2,65.041297,-0.841297
P04047,2,71.4,70.904096,0.495904
P02667,1,81.7,81.83192,-0.13192
P06815,3,78.6,79.796447,-1.196447
P02516,4,63.5,64.253347,-0.753347
P03448,5,91.9,91.003839,0.896161
P00737,4,82.9,81.97069,0.92931
P09120,1,94.0,95.150994,-1.150994
P07378,1,81.3,79.993062,1.306938
P09420,3,97.3,96.50429,0.79571
P01684,2,71.6,69.366295,2.233705
P00316,2,86.6,86.960134,-0.360134
P01612,3,77.0,75.665071,1.334929
P02174,3,91.7,92.833108,-1.133108
P01572,2,65.5,67.943518,-2.443518
P06885,3,65.5,68.384658,-2.884658
P04534,3,81.6,81.834976,-0.234976
P08310,5,83.3,81.974312,1.325688
P08039,4,95.8,96.57593,-0.77593
P01259,2,66.8,66.771529,0.028471
P07413,4,95.2,95.201032,-0.001032
P09182,1,71.5,71.709404,-0.209404
P03743,5,91.4,90.705299,0.694701
P07944,1,62.4,62.438703,-0.038703
P03951,1,68.8,70.312172,-1.512172
P08343,3,83.4,83.403222,-0.003222
P07800,5,89.4,88.810365,0.589635
P08345,3,89.4,88.518919,0.881081
P02765,1,78.0,77.689089,0.310911
P05197,5,73.9,72.870248,1.029752
P09926,5,90.4,90.522436,-0.122436
P01512,4,62.3,63.700329,-1.400329
P00777,5,81.0,80.538902,0.461098
P06247,2,70.9,72.087985,-1.187985
P06743,4,88.7,86.768016,1.931984
P07649,3,78.5,79.042142,-0.542142
P07166,1,80.2,82.56776,-2.36776
P01753,4,84.0,82.51066,1.48934
P08303,5,51.6,52.758697,-1.158697
P04599,2,76.2,76.24702,-0.04702
P08697,2,88.2,85.931819,2.268181
P02895,3,71.4,70.868251,0.531749
P03536,3,66.1,66.11383,-0.01383
P03840,2,70.2,72.470055,-2.270055
P02678,2,70.9,70.888935,0.011065
P07310,2,98.2,98.045599,0.154401
P02248,2,92.1,90.410638,1.689362
P04981,3,85.6,82.40775,3.19225
P05999,1,49.0,49.157234,-0.157234
P06417,1,62.2,64.216235,-2.016235
P00391,5,88.6,85.775943,2.824057
P00511,5,66.2,68.099043,-1.899043
P01387,4,84.4,82.158064,2.241936
P01861,1,80.4,83.071863,-2.671863
P02948,5,78.6,77.333863,1.266137
P03959,3,66.9,68.597148,-1.697148
P00732,2,77.2,76.236443,0.963557
P08614,5,97.4,98.320408,-0.920408
P02781,2,72.0,72.401802,-0.401802
P05555,4,68.8,71.847702,-3.047702
P04088,5,98.9,98.569725,0.330275
P08823,1,78.2,79.371008,-1.171008
P04051,4,94.1,91.500661,2.599339
P09785,1,60.5,57.575882,2.924118
P01528,2,93.5,94.841555,-1.341555
P00343,3,76.0,75.619928,0.380072
P00110,1,68.2,69.504463,-1.304463
P00863,4,63.7,64.884859,-1.184859
P04602,5,69.0,67.786827,1.213173
P01720,2,90.1,86.968938,3.131062
P06086,1,88.2,89.329434,-1.129434
P02037,1,72.7,70.280518,2.419482
P07632,1,84.9,84.70034,0.19966
P04715,2,82.9,83.666893,-0.766893
P04447,5,61.7,60.609148,1.090852
P09077,1,77.8,79.989533,-2.189533
P03870,3,95.5,96.360152,-0.860152
P02819,5,68.6,70.611694,-2.011694
P02100,1,47.2,50.038855,-2.838855
P02501,2,65.0,66.904811,-1.904811
P06218,5,100.0,98.248465,1.751535
P04021,2,73.2,73.551114,-0.351114
P09001,3,84.5,85.008102,-0.508102
P06025,3,47.7,51.119518,-3.419518
P08087,3,74.2,73.322659,0.877341
P00258,2,79.5,76.790598,2.709402
P07845,1,62.0,62.215161,-0.215161
P06195,4,66.3,68.664477,-2.364477
P08568,5,88.2,88.302715,-0.102715
P02432,3,58.7,58.938617,-0.238617
P09372,1,51.6,53.282833,-1.682833
P05540,3,63.0,60.680652,2.319348
P02568,4,55.9,58.621358,-2.721358
P03550,3,66.7,67.285271,-0.585271
P09786,5,80.9,81.974952,-1.074952
P00359,4,88.8,87.4376,1.3624
P03444,1,65.6,68.562336,-2.962336
P00175,1,71.2,69.905259,1.294741
P04418,3,92.8,93.171589,-0.371589
P02151,5,73.9,74.418381,-0.518381
P07618,4,79.2,80.189527,-0.989527
P03457,5,66.6,68.358849,-1.758849
P02483,4,89.3,87.468865,1.831135
P03823,2,62.9,65.73806,-2.83806
P08205,1,74.6,75.806188,-1.206188
P05442,1,82.5,85.709693,-3.209693
P09837,3,68.8,69.614955,-0.814955
P08151,2,75.3,76.80245,-1.50245
P04151,1,45.1,47.072222,-1.972222
P04279,3,67.5,66.652917,0.847083
P07080,2,88.4,89.290113,-0.890113
P02809,4,81.3,83.066254,-1.766254
P09090,1,100.0,96.829486,3.170514
P08307,1,72.5,70.628103,1.871897
P00659,1,64.3,61.730733,2.569267
P02089,3,95.1,97.054327,-1.954327
P02782,5,79.0,76.64958,2.35042
P02106,2,59.7,58.197531,1.502469
P04356,3,91.3,90.794348,0.505652
P04078,2,96.0,94.826961,1.173039
P06058,2,100.0,97.594002,2.405998
P04184,2,74.9,75.603705,-0.703705
P00781,4,83.4,84.763408,-1.363408
P04925,4,54.9,56.404255,-1.504255
P06347,1,90.6,89.070125,1.529875
P06991,4,77.5,78.265122,-0.765122
P06307,4,61.5,60.137698,1.362302
P01564,5,60.4,59.433557,0.966443
P03678,3,81.1,81.624516,-0.524516
P06803,1,62.0,63.632689,-1.632689
P02879,5,61.3,63.200168,-1.900168
P07860,2,56.4,55.632896,0.767104
P09877,4,66.4,67.111611,-0.711611
P07258,4,80.3,81.246256,-0.946256
P03331,4,75.2,74.127768,1.072232
P06382,5,63.9,64.638544,-0.738544
P03174,1,75.3,74.236524,1.063476
P07456,4,71.9,72.304033,-0.404033
P07021,2,66.7,66.392188,0.307812
P07328,5,80.8,80.661622,0.138378
P06499,1,89.2,90.396441,-1.196441
P03626,2,52.5,52.647925,-0.147925
P02465,5,86.6,86.236832,0.363168
P00712,3,94.0,93.468872,0.531128
P02971,5,84.2,82.065597,2.134403
P04733,5,78.8,75.839223,2.960777
P06204,1,86.7,86.063855,0.636145
P06355,1,79.6,76.203218,3.396782
P04423,3,78.9,77.597597,1.302403
P08713,4,81.3,84.543691,-3.243691
P03437,1,98.2,96.305075,1.894925
P03016,5,66.1,68.710957,-2.610957
P07724,4,61.5,61.421075,0.078925
P00993,1,45.9,46.049244,-0.149244
P03834,1,82.4,83.334662,-0.934662
P01561,1,71.7,72.025187,-0.325187
P02115,1,95.0,96.385431,-1.385431
P04579,4,79.5,76.075798,3.424202
P05817,1,72.2,70.202682,1.997318
P08787,3,68.8,68.124112,0.675888
P02954,2,59.8,58.498453,1.301547
P00676,2,71.4,69.351634,2.048366
P01719,2,92.8,96.635008,-3.835008
P05657,5,100.0,100.0,0.0
P09035,3,78.2,78.249337,-0.049337
P05962,3,71.2,71.252409,-0.052409
P07229,2,83.4,84.097462,-0.697462
P05344,2,58.0,59.555414,-1.555414
P09041,5,65.7,66.595132,-0.895132
P01651,2,86.6,86.847148,-0.247148
P00194,2,75.3,74.679159,0.620841
P09328,1,76.7,73.911729,2.788271
P09302,4,75.4,75.425324,-0.025324
P02718,2,61.2,60.8315,0.3685
P04241,2,70.0,69.460342,0.539658
P04104,1,65.7,66.64352,-0.94352
P09056,3,67.7,68.279517,-0.579517
P06324,4,68.9,67.322173,1.577827
P09898,2,73.6,72.864979,0.735021
P09500,5,53.7,50.510222,3.189778
P08101,5,71.8,74.212981,-2.412981
P08726,1,63.4,61.842439,1.557561
P02705,5,67.0,67.367216,-0.367216
P04038,1,76.6,76.896449,-0.296449
P04188,3,77.2,77.400771,-0.200771
P03655,1,61.7,63.049857,-1.349857
P07151,3,77.3,77.614341,-0.314341
P09296,1,65.8,67.80386,-2.00386
P04260,4,100.0,98.37405,1.62595
P06373,1,57.8,59.510304,-1.710304
P05755,5,68.6,70.765621,-2.165621
P01432,2,60.8,60.851689,-0.051689
P09094,3,71.4,73.413324,-2.013324
P08759,3,76.0,75.937286,0.062714
P09903,1,68.1,69.227026,-1.127026
P08525,2,73.9,72.226662,1.673338
P06808,1,64.6,62.934531,1.665469
P07153,1,76.3,77.360547,-1.060547
P09034,1,81.1,81.886951,-0.786951
P00493,5,68.8,70.187448,-1.387448
P00453,1,64.1,63.656738,0.443262
P08700,1,80.1,82.258248,-2.158248
P00714,5,71.1,68.663656,2.436344
P08358,2,81.3,79.282739,2.017261
P04794,1,86.7,86.499243,0.200757
P05655,3,75.2,76.15625,-0.95625
P03833,2,91.1,91.183583,-0.083583
P06728,4,81.3,82.105249,-0.805249
P09797,5,58.2,58.126058,0.073942
P01294,4,69.4,68.553485,0.846515
P03134,5,83.7,83.903869,-0.203869
P07746,5,88.9,90.931372,-2.031372
P09701,3,85.0,87.14679,-2.14679
P00770,3,86.7,85.053125,1.646875
P09369,4,94.3,92.663095,1.636905
P01766,1,87.9,86.004413,1.895587
P01923,2,63.3,63.653345,-0.353345
P02629,1,70.2,66.864712,3.335288
P04289,4,82.0,81.94162,0.05838
P03886,3,80.5,82.126828,-1.626828
P04905,5,79.8,78.72836,1.07164
P04152,4,69.1,70.207072,-1.107072
P03521,2,91.1,93.568343,-2.468343
P06463,1,50.8,51.942809,-1.142809
P01567,3,73.8,70.972661,2.827339
P09578,4,91.8,94.708644,-2.908644
P09418,3,71.1,67.756848,3.343152
P06138,1,62.1,62.398421,-0.298421
P01727,4,64.7,61.981434,2.718566
P07614,4,74.5,75.459312,-0.959312
P07256,1,73.3,73.91868,-0.61868
P01415,1,95.1,93.038688,2.061312
P01202,2,67.9,69.933825,-2.033825
P08900,4,77.6,77.670542,-0.070542
P08438,4,38.9,39.454899,-0.554899
P06958,3,69.9,71.191432,-1.291432
P02556,4,54.8,51.779324,3.020676
P06858,5,67.7,68.507204,-0.807204
P07156,1,69.9,69.223167,0.676833
P07920,1,71.1,69.82966,1.27034
P03234,4,53.2,55.529245,-2.329245
P01782,5,76.2,74.522067,1.677933
P04861,2,90.6,86.846548,3.753452
P06796,2,67.1,68.371009,-1.271009
P01756,3,57.4,57.069007,0.330993
P07006,5,72.8,71.382232,1.417768
P01182,5,70.9,69.718168,1.181832
P01828,5,71.4,71.923303,-0.523303
P09459,4,91.0,87.245985,3.754015
P07771,5,79.2,78.254094,0.945906
P01716,4,73.9,74.133045,-0.233045
P08880,4,71.9,74.346922,-2.446922
P03610,2,54.8,56.088782,-1.288782
P09682,3,53.2,53.849128,-0.649128
P01514,1,68.7,67.007976,1.692024
P06266,1,74.6,72.644602,1.955398
P00349,2,75.1,73.538812,1.561188
P07049,1,77.4,77.89808,-0.49808
P07154,1,59.5,60.222558,-0.722558
P00907,1,78.2,74.736939,3.463061
P00595,1,72.0,69.593021,2.406979
P02848,3,81.7,82.0563,-0.3563
P01823,3,86.7,85.940262,0.759738
P00149,3,64.0,64.141641,-0.141641
P05365,3,75.9,75.13057,0.76943
P07471,1,77.8,77.70553,0.09447
P08105,1,31.8,31.050499,0.749501
P07464,5,67.8,68.862712,-1.062712
P04408,4,72.8,72.869293,-0.069293
P09782,3,80.6,81.141617,-0.541617
P09453,2,68.5,64.607954,3.892046
P02048,1,75.4,73.613516,1.786484
P01019,3,83.3,85.447416,-2.147416
P01581,5,82.2,83.246809,-1.046809
P01496,4,100.0,99.419111,0.580889
P08637,5,88.0,85.888875,2.111125
P04614,2,84.5,87.272461,-2.772461
P00136,5,73.4,74.593408,-1.193408
P08679,5,93.9,94.586954,-0.686954
P00004,5,82.7,82.67773,0.02227
P08368,1,91.2,92.032031,-0.832031
P05396,1,42.1,42.280999,-0.180999
P02117,5,83.2,82.53411,0.66589
P05818,3,89.9,87.775883,2.124117
P08353,3,76.9,77.739081,-0.839081
P01731,4,82.6,82.335659,0.264341
P01006,4,74.1,73.607819,0.492181
P04110,2,82.5,83.719339,-1.219339
P06498,3,64.2,63.128443,1.071557
P06876,3,69.8,67.617848,2.182152
P06714,2,52.5,52.768597,-0.268597
P02228,4,87.6,86.069734,1.530266
P01033,2,73.8,73.807013,-0.007013
P04132,2,74.3,75.267016,-0.967016
P05865,2,83.9,83.740692,0.159308
P03243,1,76.9,77.996539,-1.096539
P05355,2,53.6,53.774139,-0.174139
P00062,4,98.7,96.745811,1.954189
P03638,2,83.0,82.109157,0.890843
P06986,3,78.4,78.189311,0.210689
P03136,5,77.7,76.729073,0.970927
P01834,4,64.8,62.567555,2.232445
P05937,4,63.7,64.891724,-1.191724
P08622,1,64.8,65.676037,-0.876037
P03932,1,67.9,67.149892,0.750108
P00611,3,72.4,73.133089,-0.733089
P04997,2,74.3,73.620292,0.679708
P09011,4,61.2,61.290852,-0.090852
P08511,2,68.0,66.349985,1.650015
P05180,2,71.1,71.059077,0.040923
P09781,1,91.8,91.976233,-0.176233
P09794,5,75.8,74.15418,1.64582
P03654,3,81.1,83.472855,-2.372855
P06898,3,75.8,76.231672,-0.431672
P04334,2,72.9,71.501888,1.398112
P04613,3,64.2,62.642309,1.557691
P08602,3,60.4,59.459967,0.940033
P00238,4,88.0,87.033533,0.966467
P05206,1,72.6,76.58973,-3.98973
P03538,2,74.2,74.470724,-0.270724
P02308,1,55.8,58.649907,-2.849907
P07642,4,84.1,82.562936,1.537064
P05433,3,91.3,87.421216,3.878784
P00938,2,67.6,68.582694,-0.982694
P03836,2,52.7,53.934288,-1.234288
P03054,4,64.6,63.404426,1.195574
P09367,4,88.5,88.429262,0.070738
P08549,5,51.7,49.40522,2.29478
P05244,1,90.9,90.134934,0.765066
P03388,5,76.2,76.074977,0.125023
P07090,2,68.9,67.24439,1.65561
P01001,2,82.9,82.562824,0.337176
P00519,3,58.1,57.503782,0.596218
P09883,3,65.7,65.877227,-0.177227
P03370,2,71.5,72.15298,-0.65298
P01009,1,85.9,87.160007,-1.260007
P06514,2,81.3,79.150126,2.149874
P03218,4,72.3,73.916714,-1.616714
P02311,5,93.6,94.111113,-0.511113
P06429,3,99.7,97.339043,2.360957
P01799,3,67.0,65.641507,1.358493
P04734,5,62.7,62.303202,0.396798
P02024,1,80.2,78.683883,1.516117
P02682,3,56.5,58.890121,-2.390121
P03461,3,67.3,68.277878,-0.977878
P01342,2,63.8,61.899725,1.900275
P03745,4,73.6,75.540815,-1.940815
P06302,4,77.5,75.119003,2.380997
P04977,3,68.1,69.954222,-1.854222
P08324,3,62.5,64.095356,-1.595356
P01493,3,95.0,94.253497,0.746503
P02319,2,70.2,70.131341,0.068659
P02687,2,73.5,74.419311,-0.919311
P09761,5,81.0,82.50153,-1.50153
P02722,4,66.7,67.447812,-0.747812
P00483,3,64.1,63.471719,0.628281
P05997,4,57.8,58.937721,-1.137721
P00154,3,77.4,73.866766,3.533234
P03343,5,80.7,85.235364,-4.535364
P05893,4,72.8,72.331989,0.468011
P04023,1,74.9,72.301955,2.598045
P05249,1,81.4,79.563966,1.836034
P02856,5,96.6,98.86724,-2.26724
P03829,3,67.7,68.967763,-1.267763
P04063,3,72.0,73.013116,-1.013116
P02754,4,70.4,71.471821,-1.071821
P07365,4,78.6,76.151096,2.448904
P05769,2,76.6,74.061902,2.538098
P01256,1,100.0,100.0,0.0
P06722,3,83.6,85.061113,-1.461113
P07005,5,76.7,75.939355,0.760645
P09114,3,75.7,74.159434,1.540566
P01440,1,87.4,88.184662,-0.784662
P02706,5,81.4,80.845838,0.554162
P04556,5,83.7,84.608322,-0.908322
P09685,4,92.0,91.350159,0.649841
P01940,4,62.5,61.732823,0.767177
P05529,1,82.0,85.194357,-3.194357
P09104,4,66.3,69.426874,-3.126874
P05076,4,70.1,72.411836,-2.311836
P04792,1,61.5,60.068611,1.431389
P07871,3,53.6,55.023269,-1.423269
P09875,1,27.5,28.572205,-1.072205
P05064,5,78.0,75.28519,2.71481
P00543,2,81.6,82.011224,-0.411224
P00045,4,80.7,80.618195,0.081805
P07817,3,88.3,85.609315,2.690685
P05900,2,68.7,71.240462,-2.540462
P05603,5,56.9,58.044218,-1.144218
P07975,3,66.2,67.989274,-1.789274
P09125,3,90.0,93.117467,-3.117467
P07510,4,67.9,71.61181,-3.71181
P00598,5,68.8,68.775997,0.024003
P00538,2,66.5,69.580084,-3.080084
P03085,5,84.1,84.213112,-0.113112
P07677,4,61.3,61.317678,-0.017678
P04775,4,85.5,84.241599,1.258401
P01576,4,69.2,69.946289,-0.746289
P03145,3,79.2,78.550194,0.649806
P02018,4,76.9,73.9261,2.9739
P02324,3,64.9,66.250396,-1.350396
P05010,1,86.6,86.247934,0.352066
P02396,2,94.1,99.186309,-5.086309
P03739,5,72.9,73.754856,-0.854856
P03603,4,75.0,73.115048,1.884952
P08133,4,54.1,54.584198,-0.484198
P04872,4,71.8,74.642323,-2.842323
P09983,1,86.9,86.632723,0.267277
P01922,5,93.2,92.179764,1.020236
P01840,2,90.1,88.736016,1.363984
P06441,5,57.9,58.662854,-0.762854
P04479,1,41.6,41.752594,-0.152594
P01347,5,72.3,74.496695,-2.196695
P02271,2,69.4,70.543156,-1.143156
P06962,2,77.3,73.809297,3.490703
P04666,2,69.9,71.060469,-1.160469
P04271,2,89.2,90.914956,-1.714956
P04318,4,68.7,70.977885,-2.277885
P06432,1,89.2,89.176919,0.023081
P05589,5,62.1,62.856136,-0.756136
P02244,3,74.5,73.56091,0.93909
P02620,5,75.1,76.910792,-1.810792
P02926,2,48.9,48.803624,0.096376
P07525,5,62.5,63.395477,-0.895477
P04121,5,77.5,75.508689,1.991311
P05185,4,69.8,69.572587,0.227413
P08203,4,54.2,54.107364,0.092636
P09972,3,78.5,77.702547,0.797453
P00137,2,63.6,65.387342,-1.787342
P03278,2,73.3,73.096293,0.203707
P00016,3,55.0,56.475313,-1.475313
P02533,3,75.4,74.094452,1.305548
P04665,1,94.8,95.235962,-0.435962
P03646,1,77.3,76.570894,0.729106
P08405,3,55.3,58.844125,-3.544125
P08657,1,41.6,41.474121,0.125879
P08532,1,60.1,61.730417,-1.630417
P05437,1,90.9,89.500687,1.399313
P04707,4,82.9,83.322117,-0.422117
P03737,2,88.1,89.745671,-1.645671
P06186,3,70.7,70.394158,0.305842
P09963,1,62.8,62.291611,0.508389
P07557,5,73.6,72.081752,1.518248
P02438,1,68.1,67.43576,0.66424
P07009,1,69.3,68.975557,0.324443
P08302,4,60.9,60.501228,0.398772
P05690,4,62.3,62.048933,0.251067
P00065,1,51.1,52.081139,-0.981139
P09178,2,66.9,67.349049,-0.449049
P09554,4,91.5,89.280408,2.219592
P07787,5,71.9,72.528136,-0.628136
P01679,5,81.1,84.540922,-3.440922
P02400,1,90.6,90.687847,-0.087847
P06327,3,79.3,79.521567,-0.221567
P07930,4,60.0,60.872544,-0.872544
P07631,1,50.8,51.680302,-0.880302
P07688,2,71.6,71.58025,0.01975
P03884,2,93.1,97.853581,-4.753581
P04154,2,72.1,72.003087,0.096913
P00057,3,93.9,93.90987,-0.00987
P01163,4,100.0,96.504602,3.495398
P00674,4,88.5,86.412479,2.087521
P03013,3,68.7,69.198854,-0.498854
P08016,1,89.5,89.492543,0.007457
P06602,1,56.0,57.619066,-1.619066
P01894,2,79.6,79.484415,0.115585
P05765,4,82.0,83.312156,-1.312156
P00645,3,74.0,73.780955,0.219045
P03807,2,76.6,76.709084,-0.109084
P03074,3,86.9,84.377807,2.522193
P03729,2,86.8,84.096932,2.703068
P08306,1,85.1,84.709672,0.390328
P08008,1,69.1,68.032394,1.067606
P04214,5,100.0,97.149024,2.850976
P06344,2,81.4,83.473155,-2.073155
P06533,3,71.3,71.649162,-0.349162
P08317,5,68.4,68.14822,0.25178
P03032,3,71.6,74.29002,-2.69002
P06617,1,78.5,78.0941,0.4059
P03703,2,87.9,86.44148,1.45852
P01394,3,63.7,63.008634,0.691366
P06825,1,74.9,74.924788,-0.024788
P06778,3,72.1,71.257421,0.842579
P02555,5,75.2,74.494545,0.705455
P04397,4,79.3,81.231759,-1.931759
P06045,3,71.6,73.75858,-2.15858
P09000,2,72.6,72.645702,-0.045702
P04684,4,83.0,84.712435,-1.712435
P08292,5,79.0,80.151939,-1.151939
P04970,4,100.0,100.0,0.0
P07831,4,70.9,67.972733,2.927267
P00036,3,69.1,69.716954,-0.616954
P04853,2,62.2,63.192009,-0.992009
P01935,1,86.9,89.161415,-2.261415
P02333,5,80.0,79.539838,0.460162
P05226,3,75.7,76.715882,-1.015882
P01242,3,63.6,60.859855,2.740145
P04034,3,61.7,62.563386,-0.863386
P01924,2,71.1,74.075393,-2.975393
P07993,2,63.1,62.641378,0.458622
P04298,3,79.0,77.479935,1.520065
P08845,1,76.7,76.167663,0.532337
P08619,3,68.3,69.817867,-1.517867
P08486,2,89.2,89.702212,-0.502212
P05728,1,82.4,82.715744,-0.315744
P05127,1,57.5,55.188196,2.311804
P02817,5,94.5,94.485348,0.014652
P07579,1,95.4,95.851353,-0.451353
P02296,3,87.1,87.726437,-0.626437
P06838,1,89.4,91.429985,-2.029985
P06444,1,58.9,56.353856,2.546144
P01606,4,76.0,76.403038,-0.403038
P08927,1,65.6,64.473238,1.126762
P03843,1,88.8,89.622538,-0.822538
P01993,5,79.8,80.510554,-0.710554
P01874,2,82.5,84.007695,-1.507695
P01693,2,74.8,75.137849,-0.337849
P03125,4,56.4,55.749794,0.650206
P00273,4,95.8,100.0,-4.2
P04212,5,70.4,70.745114,-0.345114
P00193,2,58.6,60.685888,-2.085888
P03796,2,50.2,50.480771,-0.280771
P02766,3,81.7,77.281797,4.418203
P04757,2,72.5,69.844272,2.655728
P09856,4,76.9,75.908341,0.991659
P00828,1,87.3,88.535302,-1.235302
P05708,2,65.4,63.117692,2.282308
P00552,4,50.1,47.943335,2.156665
P05046,5,75.2,71.243307,3.956693
P03499,2,57.2,59.059651,-1.859651
P02891,3,71.4,71.008623,0.391377
P02999,3,65.9,67.17217,-1.27217
P04821,2,100.0,100.0,0.0
P04044,4,57.5,58.287754,-0.787754
P03039,4,71.7,71.986982,-0.286982
P04159,2,87.5,85.959633,1.540367
P00706,2,62.3,61.102583,1.197417
P09433,1,86.4,86.38284,0.01716
P01767,5,68.7,68.61465,0.08535
P07543,1,57.0,57.907331,-0.907331
P07177,4,83.9,82.457901,1.442099
P02653,5,77.0,76.631356,0.368644
P02918,2,67.9,71.128127,-3.228127
P07478,1,66.0,66.595002,-0.595002
P05656,5,80.5,82.456015,-1.956015
P05267,4,59.5,60.412106,-0.912106
P05322,5,76.8,77.337799,-0.537799
P07671,2,53.5,52.910685,0.589315
P08926,2,68.7,69.910349,-1.210349
P04141,3,80.3,82.460297,-2.160297
P09285,5,53.7,55.145191,-1.445191
P07434,1,77.0,76.878501,0.121499
P03078,4,47.3,46.95824,0.34176
P09774,3,68.4,65.878336,2.521664
P00660,1,55.0,56.010992,-1.010992
P05303,1,86.2,85.832571,0.367429
P04641,4,69.1,67.39025,1.70975
P01670,1,66.1,69.545653,-3.445653
P04133,5,67.9,70.534208,-2.634208
P05453,1,48.7,49.526175,-0.826175
P06330,2,73.8,74.026852,-0.226852
P05726,1,66.7,65.256208,1.443792
P01912,3,75.8,77.37274,-1.57274
P02188,1,67.9,67.10371,0.79629
P03459,4,73.1,75.148295,-2.048295
P01043,2,66.5,66.18531,0.31469
P01984,2,66.1,62.578866,3.521134
P08290,2,71.6,71.628406,-0.028406
P01287,1,46.3,46.904331,-0.604331
P01413,2,58.4,59.64659,-1.24659
P01301,3,62.1,62.996753,-0.896753
P05878,5,57.7,58.747927,-1.047927
P01360,3,78.0,80.488759,-2.488759
P04892,2,54.8,55.46179,-0.66179
P07507,3,90.7,91.666368,-0.966368
P03432,3,70.2,72.429113,-2.229113
P07705,1,94.6,95.191448,-0.591448
P01620,5,69.3,68.984193,0.315807
P08491,5,100.0,99.081354,0.918646
P08901,1,68.3,68.917516,-0.617516
P08653,5,65.0,65.102798,-0.102798
P06600,1,82.0,83.896941,-1.896941
P03749,5,69.0,71.316853,-2.316853
P09696,1,87.6,86.686262,0.913738
P09437,3,69.3,69.4452,-0.1452
P01674,2,71.3,73.201288,-1.901288
P05663,1,74.9,75.519125,-0.619125
P07693,4,61.2,61.234338,-0.034338
P05156,4,78.4,75.277463,3.122537
P06333,5,100.0,100.0,0.0
P05397,5,73.2,72.763189,0.436811
P09303,5,51.0,53.93966,-2.93966
P09915,5,75.7,77.615787,-1.915787
P06410,5,69.3,70.553602,-1.253602
P01380,4,60.0,56.437745,3.562255
P02990,4,63.6,62.985516,0.614484
P08793,3,57.3,58.132874,-0.832874
P07825,2,74.4,75.425984,-1.025984
P09662,2,72.2,68.301773,3.898227
P08552,2,67.9,67.361601,0.538399
P07048,4,80.0,82.58964,-2.58964
P06296,5,79.1,77.996498,1.103502
P04691,5,62.1,59.661343,2.438657
P04448,2,100.0,98.979134,1.020866
P08182,4,70.7,70.376592,0.323408
P05591,5,79.1,78.510069,0.589931
P09464,1,100.0,98.495634,1.504366
P03035,5,61.0,60.30001,0.69999
P07576,1,89.7,90.320314,-0.620314
P09186,4,67.0,66.242934,0.757066
P00982,3,96.2,96.159311,0.040689
P09646,1,71.1,71.320018,-0.220018
P01306,1,76.6,76.057287,0.542713
P06120,3,49.2,50.549132,-1.349132
P00321,4,59.1,60.075312,-0.975312
P07384,1,84.2,84.668682,-0.468682
P09424,3,69.0,69.687979,-0.687979
P05715,1,70.1,69.018822,1.081178
P01251,5,85.7,85.572189,0.127811
P09485,3,83.4,83.118922,0.281078
P00382,5,49.1,51.133725,-2.033725
P03206,1,67.5,69.050532,-1.550532
P06126,5,78.2,76.886465,1.313535
P04842,2,63.3,63.030779,0.269221
P07279,4,73.6,75.480256,-1.880256
P08276,2,60.7,60.497741,0.202259
P04122,4,73.1,75.748906,-2.648906
P04165,1,95.2,96.26246,-1.06246
P01614,2,79.1,77.373945,1.726055
P01298,4,87.6,86.158376,1.441624
P09250,2,100.0,98.465964,1.534036
P04936,4,75.1,73.840465,1.259535
P05782,4,67.0,69.019491,-2.019491
P00449,1,51.8,50.652012,1.147988
P07372,3,72.6,70.415733,2.184267
P05940,2,87.8,87.524258,0.275742
P08024,1,64.0,62.691518,1.308482
P06659,3,91.5,90.414784,1.085216
P09299,4,83.6,84.300634,-0.700634
P03336,5,96.8,94.685076,2.114924
P00426,4,78.4,81.904453,-3.504453
P02258,4,76.4,73.641468,2.758532
P09341,3,83.9,86.494463,-2.594463
P02051,2,73.3,72.678631,0.621369
P09792,4,69.0,67.402643,1.597357
P06015,1,85.3,85.433528,-0.133528
P01426,1,77.3,76.461442,0.838558
P03710,5,87.2,86.522791,0.677209
P03844,3,80.2,80.072542,0.127458
P09886,1,85.6,85.442493,0.157507
P06579,3,68.7,69.038589,-0.338589
P06731,4,65.7,65.299926,0.400074
P03150,2,64.5,62.727825,1.772175
P02074,3,76.1,76.340535,-0.240535
P09661,5,88.1,88.102672,-0.002672
P06346,1,77.5,75.318235,2.181765
P02430,4,73.5,74.29165,-0.79165
P09498,3,90.0,92.421209,-2.421209
P03450,5,78.6,76.560082,2.039918
P02649,5,71.1,71.984319,-0.884319
P08905,2,68.9,70.625152,-1.725152
P01780,2,71.8,71.491469,0.308531
P04430,4,79.3,78.458448,0.841552
P00761,3,79.9,79.637311,0.262689
P06831,2,62.9,61.117906,1.782094
P04442,2,56.9,53.812546,3.087454
P07898,2,60.9,60.784573,0.115427
P07939,1,86.8,88.860845,-2.060845
P01316,2,90.6,89.432653,1.167347
P01135,1,83.0,84.073894,-1.073894
P07416,2,78.3,76.475218,1.824782
P04948,3,87.2,86.572527,0.627473
P07368,1,78.4,77.000776,1.399224
P08123,2,72.7,71.425276,1.274724
P05002,3,93.4,93.157742,0.242258
P04370,4,77.2,77.76619,-0.56619
P06633,2,61.8,60.843855,0.956145
P02082,1,71.2,73.30054,-2.10054
P01809,3,74.8,77.046299,-2.246299
P09687,2,66.3,67.840909,-1.540909
P09388,2,64.5,64.005721,0.494279
P00152,3,80.5,82.495055,-1.995055
P06805,4,77.6,73.761017,3.838983
P05290,5,85.7,86.540399,-0.840399
P06895,3,67.5,71.429896,-3.929896
P05922,1,75.7,76.954457,-1.254457
P00678,2,74.0,78.208631,-4.208631
P02457,5,80.8,82.49142,-1.69142
P09632,3,89.6,89.501207,0.098793
P06144,4,72.8,70.824263,1.975737
P04538,4,67.8,67.535882,0.264118
P09204,1,73.9,74.487823,-0.587823
P06888,3,93.9,92.661145,1.238855
P04045,2,69.0,68.744612,0.255388
P00339,4,68.6,67.692852,0.907148
P09288,1,82.9,82.257188,0.642812
P08656,3,71.9,74.262262,-2.362262
P07962,5,61.5,59.365424,2.134576
P06076,1,83.8,83.204611,0.595389
P05361,2,76.6,74.81766,1.78234
P09994,3,77.5,78.362966,-0.862966
P05837,2,66.7,65.247894,1.452106
P09641,3,57.4,56.573827,0.826173
P03386,3,83.4,85.53133,-2.13133
P06578,4,72.7,72.557473,0.142527
P04149,2,78.2,76.242193,1.957807
P07303,3,57.5,56.2526,1.2474
P09440,4,80.4,81.277634,-0.877634
P08335,4,62.3,61.628104,0.671896
P09219,3,63.3,62.217587,1.082413
P08559,4,70.8,69.19687,1.60313
P01630,4,55.3,56.244756,-0.944756
P00653,3,82.7,82.502124,0.197876
P06941,5,65.7,65.047045,0.652955
P03546,2,71.4,70.258602,1.141398
P09762,2,65.3,65.977111,-0.677111
P05208,3,56.9,54.099099,2.800901
P06073,1,65.5,65.694639,-0.194639
P09570,1,92.9,91.412344,1.487656
P02878,3,79.3,78.675894,0.624106
P01420,4,56.7,57.308543,-0.608543
P06280,3,81.4,80.81393,0.58607
P05615,1,98.4,99.760678,-1.360678
P07969,4,71.9,73.615748,-1.715748
P05689,3,55.8,57.482697,-1.682697
P07418,4,85.9,86.884866,-0.984866
P02221,5,61.8,63.193827,-1.393827
P08725,1,66.3,65.970966,0.329034
P06193,5,61.2,58.301482,2.898518
P07070,2,69.0,70.154915,-1.154915
P00119,5,69.6,66.067185,3.532815
P01624,5,63.4,64.100595,-0.700595
P03392,3,68.7,68.734437,-0.034437
P06416,4,72.5,71.159402,1.340598
P01513,5,78.7,78.074718,0.625282
P01441,2,75.4,76.190955,-0.790955
P03591,1,85.3,84.501409,0.798591
P05239,1,71.3,72.251077,-0.951077
P06680,2,50.7,52.612179,-1.912179
P05953,5,66.4,66.712198,-0.312198
P05299,4,94.6,95.59595,-0.99595
P01585,4,72.8,72.63929,0.16071
P09467,3,72.8,72.114926,0.685074
P01450,5,81.9,83.00634,-1.10634
P08869,1,80.5,81.661857,-1.161857
P09482,5,82.8,80.350655,2.449345
P00424,3,98.7,96.631626,2.068374
P06537,3,85.6,86.07389,-0.47389
P08022,2,82.5,83.75682,-1.25682
P03149,1,67.7,67.613805,0.086195
P03151,4,76.1,75.437604,0.662396
P07770,4,87.5,85.191841,2.308159
P02252,3,95.7,94.357509,1.342491
P06942,3,58.5,56.531418,1.968582
P01353,4,55.5,57.910394,-2.410394
P02564,5,72.6,71.122213,1.477787
P01738,1,72.1,71.40521,0.69479
P00044,5,73.0,72.762715,0.237285
P04608,1,79.8,77.561172,2.238828
P05178,5,78.9,78.778923,0.121077
P09920,1,81.2,80.525886,0.674114
P00681,3,57.9,60.399148,-2.499148
P04219,2,100.0,97.776849,2.223151
P01223,3,69.5,69.038471,0.461529
P07829,1,66.1,67.276561,-1.176561
P05391,1,82.7,79.828054,2.871946
P02064,5,79.1,80.62378,-1.52378
P01680,4,69.5,68.088242,1.411758
P07741,5,90.3,89.247444,1.052556
P06872,2,79.8,77.509626,2.290374
P09375,3,96.6,97.400329,-0.800329
P09185,2,92.5,93.046058,-0.546058
P03396,5,73.4,76.600737,-3.200737
P09422,2,69.4,70.986083,-1.586083
P09237,5,61.9,60.604844,1.295156
P03262,1,62.1,60.781754,1.318246
P05359,4,83.8,83.77928,0.02072
P00082,5,70.3,70.194676,0.105324
P08949,1,81.5,83.146534,-1.646534
P06278,4,71.1,72.915679,-1.815679
P04583,2,71.3,71.592263,-0.292263
P00709,1,58.7,61.02955,-2.32955
P07121,4,71.0,70.913858,0.086142
P08088,2,56.6,58.04935,-1.44935
P06930,2,56.2,56.4778,-0.2778
P08436,1,85.1,83.891716,1.208284
P02127,3,69.9,69.773101,0.126899
P08462,5,87.5,88.70675,-1.20675
P03867,3,80.0,80.007845,-0.007845
P08902,5,87.9,86.68642,1.21358
P05256,4,72.8,71.797912,1.002088
P02027,4,62.0,62.725061,-0.725061
P09117,1,72.4,72.064221,0.335779
P01407,4,85.2,84.451987,0.748013
P07739,3,79.4,80.250417,-0.850417
P00592,2,46.7,44.714017,1.985983
P01406,4,59.4,56.829007,2.570993
P02091,3,93.2,92.874526,0.325474
P08043,3,71.7,71.592995,0.107005
P09177,1,73.4,72.692482,0.707518
P05894,1,56.0,57.016873,-1.016873
P03540,2,66.5,65.582998,0.917002
P03747,3,64.6,66.522249,-1.922249
P00112,1,81.9,85.059925,-3.159925
P02099,2,75.1,73.378985,1.721015
P02670,4,55.4,58.865365,-3.465365
P09431,2,93.5,91.053259,2.446741
P08037,4,89.3,90.245236,-0.945236
P09229,4,67.5,66.359698,1.140302
P09929,3,75.2,77.522272,-2.322272
P04777,4,71.5,71.632867,-0.132867
P07208,4,37.4,37.586762,-0.186762
P07554,4,75.4,77.659415,-2.259415
P04401,1,73.8,76.147492,-2.347492
P04367,3,73.0,70.747073,2.252927
P05773,5,87.7,87.145832,0.554168
P02618,4,69.0,67.169626,1.830374
P01578,5,44.9,40.870077,4.029923
P00046,2,81.8,83.440567,-1.640567
P04717,4,85.2,86.168297,-0.968297
P00956,4,86.3,82.953607,3.346393
P04256,4,71.3,73.587288,-2.287288
P08507,5,83.8,84.692812,-0.892812
P04250,3,95.6,95.549701,0.050299
P04659,1,66.2,67.153978,-0.953978
P04572,1,70.8,73.456826,-2.656826
P00131,5,89.5,91.694018,-2.194018
P00328,1,54.7,55.765332,-1.065332
P09520,5,62.4,62.326808,0.073192
P04681,3,66.7,67.389821,-0.689821
P07131,4,54.7,54.462883,0.237117
P06801,4,72.6,71.048805,1.551195
P03899,1,80.7,81.79607,-1.09607
P01052,4,84.9,84.014774,0.885226
P02261,5,73.6,73.293401,0.306599
P04064,4,69.3,69.525879,-0.225879
P00514,4,79.2,80.628058,-1.428058
P03931,4,55.8,55.054509,0.745491
P04211,5,85.6,86.470249,-0.870249
P05305,2,75.0,76.313555,-1.313555
P06227,3,69.4,69.839612,-0.439612
P06785,2,77.6,77.468145,0.131855
P07146,1,69.3,68.314885,0.985115
P05914,2,79.1,78.830107,0.269893
P05465,2,63.6,63.127167,0.472833
P09168,3,68.3,67.450404,0.849596
P09354,5,59.4,61.551846,-2.151846
P08241,3,75.7,74.297933,1.402067
P08835,3,85.0,84.811265,0.188735
P09944,4,90.3,89.386043,0.913957
P02531,4,90.9,89.390633,1.509367
P04839,1,61.5,61.425642,0.074358
P09353,1,51.0,51.477338,-0.477338
P05879,4,50.3,50.732129,-0.432129
P06203,5,66.8,68.379333,-1.579333
P05886,5,71.5,72.927251,-1.427251
P00994,2,79.0,77.596022,1.403978
P09739,2,57.4,58.11796,-0.71796
P01522,5,70.1,68.995522,1.104478
P09791,1,89.5,90.696975,-1.196975
P08948,1,88.9,88.052395,0.847605
P04900,2,74.7,73.367108,1.332892
P07425,4,80.9,83.686305,-2.786305
P03141,1,77.3,74.600863,2.699137
P07587,4,77.6,75.719331,1.880669
P05800,3,65.1,65.428865,-0.328865
P07619,5,61.6,61.4055,0.1945
P02902,4,81.5,83.361506,-1.861506
P01593,3,90.8,88.338417,2.461583
P03361,1,95.7,94.080936,1.619064
P03914,1,67.3,65.924759,1.375241
P04489,5,80.3,81.623234,-1.323234
P02484,3,68.6,66.782684,1.817316
P02985,4,94.0,94.542205,-0.542205
P03533,2,65.9,66.390674,-0.490674
P01031,2,92.1,93.027962,-0.927962
P07795,5,82.6,84.56834,-1.96834
P04096,1,80.7,79.555931,1.144069
P00126,2,69.6,71.324883,-1.724883
P08640,3,72.3,71.148815,1.151185
P08080,4,86.0,85.934435,0.065565
P03045,2,81.6,83.001782,-1.401782
P08633,2,82.5,82.910699,-0.410699
P07988,3,68.5,67.164476,1.335524
P03463,2,77.8,75.600865,2.199135
P09895,2,81.3,79.287394,2.012606
P00551,4,36.6,37.957921,-1.357921
P07597,3,86.9,84.791275,2.108725
P02969,5,69.2,68.547877,0.652123
P00928,5,64.9,60.757437,4.142563
P08148,5,68.7,66.481752,2.218248
P03598,4,89.3,89.367893,-0.067893
P05203,2,69.7,68.784101,0.915899
P02644,5,60.7,63.9347,-3.2347
P01847,5,83.0,82.166059,0.833941
P02002,3,85.6,86.143366,-0.543366
P04325,4,87.4,86.65413,0.74587
P06955,1,83.0,83.604885,-0.604885
P02750,2,69.1,67.055662,2.044338
P09559,1,57.7,59.327589,-1.627589
P09918,2,47.1,46.46128,0.63872
P01643,2,81.3,82.700934,-1.400934
P00113,2,51.1,51.518796,-0.418796
P01575,3,56.1,57.881093,-1.781093
P06147,2,88.6,86.026384,2.573616
P02062,1,46.7,47.130987,-0.430987
P03686,5,81.1,82.674578,-1.574578
P06737,1,65.0,65.806394,-0.806394
P04759,4,75.0,72.899276,2.100724
P06398,5,90.8,90.859653,-0.059653
P07059,2,49.2,51.313063,-2.113063
P09202,3,44.4,44.644103,-0.244103
P06692,1,67.6,68.757751,-1.157751
P09455,1,86.7,87.161245,-0.461245
P03752,5,93.8,89.759731,4.040269
P05513,1,94.4,90.902349,3.497651
P01350,5,86.9,85.70114,1.19886
P02674,5,85.2,88.121088,-2.921088
P01841,1,74.6,75.102038,-0.502038
P01964,2,69.2,67.839385,1.360615
P08367,1,64.1,61.820978,2.279022
P04231,2,53.8,54.961707,-1.161707
P01427,4,82.8,82.944675,-0.144675
P03595,1,80.3,84.180043,-3.880043
P04419,3,94.2,94.30342,-0.10342
P02008,3,72.7,72.201522,0.498478
P07594,3,79.6,80.231644,-0.631644
P09542,4,80.7,83.581329,-2.881329
P06807,4,76.8,75.914882,0.885118
P02209,2,80.2,79.521755,0.678245
P08535,1,73.1,72.08309,1.01691
P07695,5,88.5,88.134543,0.365457
P01971,3,80.5,81.510711,-1.010711
P07004,5,62.2,60.024457,2.175543
P02983,5,85.3,83.773778,1.526222
P01584,2,48.4,47.871805,0.528195
P00375,1,86.3,87.576841,-1.276841
P06870,5,62.9,62.399472,0.500528
P09216,3,66.5,67.002119,-0.502119
P01617,1,75.3,75.51591,-0.21591
P06934,4,48.2,47.814615,0.385385
P07824,2,59.2,60.407767,-1.207767
P05241,1,72.8,73.426767,-0.626767
P08848,3,58.2,58.00887,0.19113
P00908,5,75.8,74.384349,1.415651
P04405,1,85.2,83.78332,1.41668
P01706,4,77.5,79.137288,-1.637288
P05719,2,53.2,50.988797,2.211203
P05821,1,77.5,75.020101,2.479899
P09988,1,80.9,80.24737,0.65263
P08655,2,83.6,84.753242,-1.153242
P09516,2,100.0,99.479476,0.520524
P08803,4,58.2,57.607176,0.592824
P01361,1,93.3,95.454893,-2.154893
P02542,3,90.7,89.616513,1.083487
P06238,2,77.3,78.180885,-0.880885
P09014,2,78.7,78.488541,0.211459
P01980,5,81.1,80.553095,0.546905
P07323,4,67.9,67.818063,0.081937
P00774,3,46.8,46.053454,0.746546
P01951,3,56.6,56.574634,0.025366
P05177,5,68.8,69.086328,-0.286328
P08676,1,83.2,83.914241,-0.714241
P07784,4,75.4,75.083301,0.316699
P08372,4,79.5,79.009863,0.490137
P05370,2,98.1,94.403623,3.696377
P03592,5,56.3,55.89664,0.40336
P09300,4,95.9,95.555397,0.344603
P08095,4,78.8,76.566968,2.233032
P05811,1,92.9,93.965071,-1.065071
P04945,3,58.8,59.430869,-0.630869
P02998,4,82.2,80.868545,1.331455
P08374,1,68.3,70.189444,-1.889444
P08394,3,69.1,69.114087,-0.014087
P00305,5,61.2,61.258909,-0.058909
P04837,5,85.3,88.894939,-3.594939
P08737,3,97.3,98.8548,-1.5548
P05399,2,69.1,68.336891,0.763109
P02661,5,70.8,70.774267,0.025733
P05916,4,76.7,77.40877,-0.70877
P07403,1,81.5,82.797513,-1.297513
P02110,3,94.2,90.752004,3.447996
P03995,5,93.7,93.605441,0.094559
P01196,3,77.0,78.176953,-1.176953
P08371,4,77.5,75.329819,2.170181
P08318,2,72.0,73.802262,-1.802262
P05907,2,88.7,88.095415,0.604585
P04867,5,100.0,98.183167,1.816833
P02219,5,63.5,63.122018,0.377982
P08599,3,87.2,87.032006,0.167994
P06569,1,62.4,60.264528,2.135472
P06819,1,85.1,86.857706,-1.757706
P05703,5,53.9,54.546866,-0.646866
P07322,4,88.7,84.783856,3.916144
P07451,2,85.6,86.567735,-0.967735
P01428,3,65.5,65.114634,0.385366
P06366,3,97.0,97.57972,-0.57972
P09589,2,80.4,81.282432,-0.882432
P06495,2,69.8,73.175766,-3.375766
P08631,2,71.3,73.16108,-1.86108
P09488,5,90.8,90.199899,0.600101
P06828,1,73.9,73.895815,0.004185
P01647,3,65.5,65.992406,-0.492406
P05029,3,85.9,87.21087,-1.31087
P09602,1,87.1,85.167531,1.932469
P02640,3,70.0,70.135935,-0.135935
P01180,4,88.8,89.696897,-0.896897
P09494,1,82.0,83.552088,-1.552088
P02196,1,69.0,68.680959,0.319041
P06572,4,72.4,72.710468,-0.310468
P00784,1,83.6,83.140059,0.459941
P09640,2,46.8,47.725856,-0.925856
P01097,3,45.6,49.733303,-4.133303
P05596,2,69.9,69.502793,0.397207
P00923,2,60.6,58.708273,1.891727
P08331,2,66.4,67.235248,-0.835248
P06951,5,70.6,69.184071,1.415929
P05402,1,75.2,75.85996,-0.65996
P02849,2,62.4,62.04381,0.35619
P07441,4,70.4,69.174318,1.225682
P00694,2,77.4,75.477391,1.922609
P06734,5,74.5,72.774748,1.725252
P06240,4,67.6,67.863125,-0.263125
P05477,4,69.3,71.208501,-1.908501
P01155,4,87.3,86.647025,0.652975
P03281,3,86.2,84.163102,2.036898
P00374,4,73.6,75.252725,-1.652725
P08763,1,81.0,82.422563,-1.422563
P01286,2,67.4,66.967078,0.432922
P02065,3,57.2,57.984824,-0.784824
P02028,4,65.1,65.269122,-0.169122
P07494,5,85.2,86.355299,-1.155299
P00139,5,85.1,84.160681,0.939319
P06856,3,58.7,57.290169,1.409831
P07099,4,76.0,75.952185,0.047815
P08328,4,75.4,75.987903,-0.587903
P05382,2,47.6,49.858896,-2.258896
P00457,5,82.3,82.442971,-0.142971
P07616,5,64.8,62.87777,1.92223
P03349,5,80.2,82.029001,-1.829001
P00415,2,71.6,67.15514,4.44486
P03971,3,64.5,62.501476,1.998524
P04834,3,71.1,70.920547,0.179453
P09959,4,66.7,66.144753,0.555247
P09629,2,62.8,62.067184,0.732816
P05789,2,61.7,62.059711,-0.359711
P06095,5,68.2,67.060074,1.139926
P01206,2,73.1,73.348022,-0.248022
P05729,1,76.4,75.136256,1.263744
P05561,5,100.0,98.95085,1.04915
P09655,2,59.9,59.115002,0.784998
P01526,1,68.6,65.876501,2.723499
P05041,5,67.3,68.714834,-1.414834
P09078,5,74.1,70.617784,3.482216
P00284,2,71.9,71.426063,0.473937
P03904,2,70.0,72.028424,-2.028424
P02274,3,44.9,44.969338,-0.069338
P03679,5,65.0,70.415798,-5.415798
P03321,4,75.8,75.529475,0.270525
P00727,3,81.1,81.102989,-0.002989
P07760,4,91.3,93.858477,-2.558477
P01461,3,74.3,73.905416,0.394584
P03609,1,88.4,87.279492,1.120508
P03006,2,76.3,76.463631,-0.163631
P02391,2,73.2,69.501602,3.698398
P09904,3,82.5,83.552935,-1.052935
P07706,2,67.0,65.905558,1.094442
P02327,5,95.3,94.359918,0.940082
P01519,3,45.0,44.717134,0.282866
P09740,3,73.8,73.4894,0.3106
P00423,2,100.0,99.823838,0.176162
P00469,2,89.8,91.26963,-1.46963
P02874,4,70.0,69.544576,0.455424
P01792,5,56.8,60.850556,-4.050556
P09338,4,74.4,72.385004,2.014996
P00723,3,92.5,93.919736,-1.419736
P07001,2,64.6,65.156574,-0.556574
P05575,1,80.7,81.277041,-0.577041
P01846,4,89.0,86.494176,2.505824
P01056,1,81.1,81.46209,-0.36209
P09947,4,84.8,82.775277,2.024723
P03504,5,82.9,86.787069,-3.887069
P08419,4,46.6,48.980272,-2.380272
P02058,4,85.4,84.798743,0.601257
P08418,2,80.1,78.702929,1.397071
P05094,5,42.6,43.619447,-1.019447
P09577,3,84.7,83.418293,1.281707
P00735,5,75.5,78.70826,-3.20826
P06750,5,70.0,69.317262,0.682738
P06132,1,75.1,76.51964,-1.41964
P07137,5,74.7,72.60289,2.09711
P05475,4,57.2,57.826487,-0.626487
P01225,3,70.8,72.909918,-2.109918
P00523,2,89.5,89.269814,0.230186
P02712,4,81.8,80.897735,0.902265
P08033,2,71.1,74.674408,-3.574408
P08188,5,75.1,76.749021,-1.649021
P09615,5,78.7,77.07381,1.62619
P03532,4,70.2,70.787151,-0.587151
P02066,2,94.5,92.216328,2.283672
P05451,5,82.7,82.486004,0.213996
P07888,3,87.8,87.058542,0.741458
P08478,1,59.9,60.143537,-0.243537
P09984,2,71.2,70.795689,0.404311
P07593,3,69.2,68.831878,0.368122
P03593,5,96.8,94.598319,2.201681
P07723,3,63.7,66.258989,-2.558989
P01082,5,67.8,69.981885,-2.181885
P02086,1,89.6,89.893279,-0.293279
P01068,4,38.1,40.60548,-2.50548
P05383,3,58.7,58.842188,-0.142188
P03419,3,53.3,53.304266,-0.004266
P07234,3,80.5,83.12088,-2.62088
P09594,5,70.7,71.597299,-0.897299
P05238,5,65.1,68.241626,-3.141626
P02935,2,69.6,72.706035,-3.106035
P08946,2,69.9,68.620897,1.279103
P02479,4,69.2,69.368167,-0.168167
P05947,4,62.8,63.047974,-0.247974
P07104,2,88.6,86.903932,1.696068
P01176,4,80.7,85.002467,-4.302467
P03719,2,58.3,59.129799,-0.829799
P02011,2,81.1,80.702407,0.397593
P07655,5,68.1,68.685007,-0.585007
P04200,1,58.2,60.803135,-2.603135
P09850,2,89.8,91.70651,-1.90651
P00220,5,83.8,84.860334,-1.060334
P01682,1,76.5,75.986107,0.513893
P07676,1,74.9,72.8064,2.0936
P00689,5,84.4,82.059286,2.340714
P04533,4,84.8,84.586537,0.213463
P02561,5,83.2,82.222329,0.977671
P05685,3,81.4,84.023072,-2.623072
P03902,2,87.6,85.845682,1.754318
P08012,3,81.8,81.553862,0.246138
P06090,5,88.2,87.702343,0.497657
P01533,2,63.3,65.256018,-1.956018
P09534,1,73.4,72.06793,1.33207
P06696,2,69.8,71.85114,-2.05114
P03097,3,80.9,81.919583,-1.019583
P02966,2,69.5,71.794038,-2.294038
P06241,5,88.6,88.077759,0.522241
P06584,2,59.9,61.371213,-1.471213
P04465,5,85.8,84.758667,1.041333
P04204,3,76.4,76.533474,-0.133474
P02759,1,58.5,58.714983,-0.214983
P08754,1,83.0,79.896692,3.103308
P02862,2,79.5,75.677942,3.822058
P01573,1,75.5,73.938373,1.561627
P00073,5,93.2,95.441271,-2.241271
P03196,5,85.2,84.865855,0.334145
P07773,5,59.4,58.476599,0.923401
P03845,1,71.9,73.976351,-2.076351
P01178,3,80.8,83.788673,-2.988673
P08156,3,90.8,91.562758,-0.762758
P01092,2,76.6,75.922824,0.677176
P08275,3,52.1,53.629345,-1.529345
P02386,2,88.7,87.857425,0.842575
P01297,4,100.0,100.0,0.0
P06776,5,76.2,75.861994,0.338006
P09591,3,62.7,61.75551,0.94449
P06699,4,81.7,81.840646,-0.140646
P04006,3,82.6,83.371135,-0.771135
P02294,5,52.7,54.567493,-1.867493
P02405,4,61.4,62.350417,-0.950417
P08998,3,54.2,52.490435,1.709565
P00395,2,73.9,71.992221,1.907779
P03790,2,73.8,74.130442,-0.330442
P07369,2,100.0,98.919848,1.080152
P00386,3,66.7,67.672814,-0.972814
P00572,2,71.3,68.836437,2.463563
P02569,2,76.9,76.86797,0.03203
P01011,2,56.5,58.740212,-2.240212
P04371,4,75.7,77.217728,-1.517728
P00198,5,59.5,58.996069,0.503931
P09650,5,66.2,64.38895,1.81105
P00303,2,63.7,64.895136,-1.195136
P03356,1,71.5,74.443243,-2.943243
P05980,4,58.1,59.133113,-1.033113
P09465,2,76.6,74.972403,1.627597
P01807,5,61.7,60.972498,0.727502
P07534,5,66.0,67.511831,-1.511831
P03335,3,79.8,78.864401,0.935599
P00972,2,70.5,70.171073,0.328927
P01181,2,83.8,85.022034,-1.222034
P05581,5,84.3,84.189301,0.110699
P04651,4,63.2,62.167442,1.032558
P08496,5,69.4,70.885624,-1.485624
P00515,3,82.1,83.662083,-1.562083
P00286,2,77.0,76.617543,0.382457
P09121,3,68.8,70.036267,-1.236267
P04736,1,99.4,96.754718,2.645282
P00575,2,62.0,60.870757,1.129243
P08917,1,79.2,78.569118,0.630882
P04323,5,56.2,55.422737,0.777263
P07010,3,65.2,67.31954,-2.11954
P09530,1,79.2,77.139379,2.060621
P01470,3,84.3,86.240068,-1.940068
P03577,1,75.6,77.337837,-1.737837
P09310,4,64.9,65.064716,-0.164716
P09196,2,46.8,47.403212,-0.603212
P00470,3,56.4,57.597835,-1.197835
P03427,2,75.4,74.66196,0.73804
P00439,4,67.3,68.868061,-1.568061
P04037,4,60.7,60.882223,-0.182223
P06960,2,75.7,73.621015,2.078985
P00285,4,98.6,96.445179,2.154821
P06377,2,73.0,73.729461,-0.729461
P05174,2,66.0,68.567441,-2.567441
P03667,2,80.7,83.03716,-2.33716
P03491,5,87.7,87.653739,0.046261
P05323,5,39.4,41.764287,-2.364287
P05312,5,77.9,77.103582,0.796418
P09619,3,70.0,72.030291,-2.030291
P07481,5,67.5,66.76504,0.73496
P08483,3,76.3,74.16398,2.13602
P04582,5,73.0,75.877592,-2.877592
P02636,3,77.2,77.364797,-0.164797
P06500,2,74.6,73.495369,1.104631
P09079,2,80.2,83.746277,-3.546277
P04461,5,78.2,78.841039,-0.641039
P06791,5,68.5,68.849377,-0.349377
P03773,1,97.2,97.69865,-0.49865
P03514,4,53.3,55.558332,-2.258332
P06562,5,74.7,74.215885,0.484115
P03768,4,77.6,76.210353,1.389647
P01024,4,84.0,84.976514,-0.976514
P03268,3,84.8,84.778181,0.021819
P05665,5,73.9,72.952617,0.947383
P04566,4,63.2,63.153257,0.046743
P05858,2,78.8,76.744219,2.055781
P07639,2,71.4,72.653913,-1.253913
P02725,2,58.3,59.420495,-1.120495
P03761,5,81.2,81.270834,-0.070834
P08824,4,79.8,80.213647,-0.413647
P05363,1,64.2,66.685313,-2.485313
P06430,5,79.7,77.545559,2.154441
P06761,2,73.9,72.139922,1.760078
P08547,4,73.1,73.775163,-0.675163
P08252,5,64.8,65.26891,-0.46891
P04160,3,72.6,70.171582,2.428418
P03586,3,82.4,86.142408,-3.742408
P01881,2,93.3,94.072311,-0.772311
P05407,1,76.9,76.001548,0.898452
P02688,2,100.0,97.62228,2.37772
P07879,1,59.0,57.558502,1.441498
P04826,2,78.3,78.866888,-0.566888
P00089,4,95.0,93.836774,1.163226
P08971,5,76.6,75.994383,0.605617
P00583,1,57.9,59.079246,-1.179246
P05093,1,66.2,64.70519,1.49481
P09600,2,70.1,67.714841,2.385159
P07313,4,69.9,71.061374,-1.161374
P02590,3,88.5,89.871223,-1.371223
P04425,4,70.5,71.93329,-1.43329
P01892,2,84.8,84.055029,0.744971
P03337,5,64.7,65.317284,-0.617284
P09198,1,71.2,71.409548,-0.209548
P07449,2,80.6,82.494856,-1.894856
P00101,3,63.0,65.808478,-2.808478
P09289,4,65.5,63.870401,1.629599
P04399,4,66.5,66.360936,0.139064
P05979,1,70.6,69.449694,1.150306
P05516,3,66.6,68.779893,-2.179893
P09780,4,62.7,61.577811,1.122189
P08701,2,80.7,81.446367,-0.746367
P05204,4,43.5,39.185798,4.314202
P06285,5,74.7,76.04919,-1.34919
P02009,2,84.7,83.520713,1.179287
P09337,2,84.1,83.867135,0.232865
P02054,5,83.4,83.385997,0.014003
P08311,3,75.7,75.124493,0.575507
P06837,5,61.5,63.046323,-1.546323
P07984,5,81.2,83.572706,-2.372706
P09826,4,90.8,92.170018,-1.370018
P03128,3,56.2,56.347666,-0.147666
P08433,4,74.2,75.437782,-1.237782
P00076,3,73.6,73.429647,0.170353
P03452,3,77.4,76.987458,0.412542
P03122,3,94.5,93.816936,0.683064
P07178,3,69.6,69.986784,-0.386784
P08428,3,73.1,73.314837,-0.214837
P01126,3,63.5,64.930687,-1.430687
P07869,2,93.6,92.199166,1.400834
P08450,1,94.3,94.027004,0.272996
P03155,4,75.8,75.82517,-0.02517
P09492,5,65.6,64.667566,0.932434
P04041,1,95.0,90.987207,4.012793
P05533,1,83.2,82.327029,0.872971
P04102,3,84.3,86.259889,-1.959889
P03445,5,73.2,73.350539,-0.150539
P06408,4,89.3,90.560443,-1.260443
P03805,2,89.0,86.920515,2.079485
P06422,5,77.2,75.095472,2.104528
P03383,5,70.3,72.996952,-2.696952
P05042,2,84.6,86.243137,-1.643137
P02814,1,86.6,87.438457,-0.838457
P00467,3,65.1,66.020258,-0.920258
P04068,1,78.2,76.624746,1.575254
P09396,1,79.2,78.873081,0.326919
P08126,3,78.5,79.267911,-0.767911
P09331,1,72.1,74.865428,-2.765428
P03064,2,67.4,69.883999,-2.483999
P03059,2,81.2,80.894581,0.305419
P00983,1,76.9,77.204581,-0.304581
P01411,4,86.4,86.862287,-0.462287
P06005,1,76.4,76.391131,0.008869
P08360,3,79.7,77.959363,1.740637
P04670,3,65.8,66.619859,-0.819859
P00839,3,86.8,83.547374,3.252626
P03602,5,76.5,77.571072,-1.071072
P00622,3,78.3,76.037395,2.262605
P05523,1,61.2,62.371119,-1.171119
P09452,3,78.0,77.729386,0.270614
P08735,5,78.0,76.109887,1.890113
P02608,1,83.9,85.051721,-1.151721
P01078,5,87.1,85.200141,1.899859
P01012,4,66.9,68.704248,-1.804248
P06194,2,82.7,83.314094,-0.614094
P02798,2,63.0,63.036805,-0.036805
P05616,2,88.4,89.399283,-0.999283
P04426,4,76.8,75.464212,1.335788
P04654,3,84.5,85.675941,-1.175941
P02116,5,91.5,94.358404,-2.858404
P06465,5,61.9,62.501963,-0.601963
P04378,5,71.8,73.529188,-1.729188
P07167,1,81.1,79.758334,1.341666
P01412,3,78.1,77.996368,0.103632
P00875,3,64.2,64.283133,-0.083133
P08921,5,55.4,56.946781,-1.546781
P07305,1,70.5,69.180358,1.319642
P06071,2,82.6,82.592632,0.007368
P00480,3,72.9,73.579413,-0.679413
P06912,5,76.8,75.75974,1.04026
P06957,3,79.4,78.781966,0.618034
P09242,2,70.3,71.539903,-1.239903
P01467,1,59.6,58.959341,0.640659
P04510,2,87.5,88.288351,-0.788351
P00246,1,70.5,69.175595,1.324405
P03651,4,66.1,69.464374,-3.364374
P02417,5,94.8,93.688846,1.111154
P03730,1,73.9,75.094827,-1.194827
P04244,5,75.9,75.22923,0.67077
P02635,4,68.6,71.24717,-2.64717
P06531,5,80.7,83.841904,-3.141904
P08171,3,63.6,59.151323,4.448677
P04434,3,76.2,75.92543,0.27457
P00162,5,63.1,60.768186,2.331814
P02078,5,62.6,62.804508,-0.204508
P07148,1,95.7,95.572792,0.127208
P09412,4,83.2,82.25883,0.94117
P03271,4,68.2,68.921388,-0.721388
P07152,1,72.9,72.292547,0.607453
P08652,1,68.0,63.21839,4.78161
P06037,5,68.2,68.674006,-0.474006
P05369,5,51.9,53.162949,-1.262949
P09890,3,77.4,75.561746,1.838254
P04136,5,86.2,85.847465,0.352535
P01788,2,27.3,30.368771,-3.068771
P04410,1,66.9,68.01102,-1.11102
P09937,5,82.3,81.313399,0.986601
P09859,5,68.6,71.004413,-2.404413
P03671,2,72.1,72.743603,-0.643603
P04812,1,86.5,87.825205,-1.325205
P02842,2,80.5,80.110458,0.389542
P06535,5,73.2,73.536225,-0.336225
P05852,3,77.9,76.572179,1.327821
P02317,2,60.2,62.107586,-1.907586
P08086,2,85.0,84.312758,0.687242
P05936,5,82.4,79.988144,2.411856
P04931,2,79.6,79.138656,0.461344
P02200,4,58.5,62.721457,-4.221457
P08229,5,92.0,92.412774,-0.412774
P03040,5,54.4,54.433056,-0.033056
P03910,1,81.0,80.99555,0.00445
P08409,1,88.4,86.544345,1.855655
P04446,1,60.5,59.940703,0.559297
P08246,1,58.7,58.922039,-0.222039
P06376,2,73.2,71.977833,1.222167
P07186,1,78.4,78.9493,-0.5493
P01203,4,100.0,99.307805,0.692195
P01188,5,59.8,62.340647,-2.540647
P00364,2,53.9,52.711394,1.188606
P05987,1,50.3,51.106165,-0.806165
P01340,3,61.4,58.29797,3.10203
P01601,3,60.1,60.160824,-0.060824
P07985,1,80.5,80.799656,-0.299656
P02922,2,79.6,77.628317,1.971683
P08110,4,91.0,90.72445,0.27555
P04347,3,78.6,78.047932,0.552068
P07997,1,59.9,58.944382,0.955618
P09714,3,51.2,49.138804,2.061196
P05777,5,73.8,72.646579,1.153421
P01724,2,97.3,97.042524,0.257476
P02612,5,94.2,97.779167,-3.579167
P01032,4,57.1,58.283058,-1.183058
P05193,1,87.7,84.289593,3.410407
P03876,1,85.5,83.392497,2.107503
P09049,2,79.4,78.128523,1.271477
P00084,2,79.5,79.326762,0.173238
P09660,5,74.5,74.677701,-0.177701
P09914,2,68.6,70.394062,-1.794062
P05196,5,91.4,92.481518,-1.081518
P07713,5,78.4,77.672732,0.727268
P09145,5,72.1,68.664917,3.435083
P09249,4,76.5,79.886803,-3.386803
P07745,5,55.9,58.17938,-2.27938
P06100,5,80.9,82.621459,-1.721459
P09613,4,74.2,75.99169,-1.79169
P04163,5,100.0,99.710723,0.289277
P03185,1,74.8,75.062888,-0.262888
P03562,1,75.3,75.079994,0.220006
P03789,3,74.2,70.18625,4.01375
P08206,2,83.7,83.687204,0.012796
P08678,1,96.3,95.123446,1.176554
P05426,1,86.0,86.269814,-0.269814
P06172,4,80.0,79.486912,0.513088
P03104,5,95.4,91.422512,3.977488
P00867,2,86.1,85.843229,0.256771
P00758,1,52.7,54.686995,-1.986995
P05292,1,65.3,65.164345,0.135655
P04957,4,72.5,71.961151,0.538849
P02938,1,94.2,94.586092,-0.386092
P08495,2,79.7,77.439844,2.260156
P02057,5,72.4,73.700154,-1.300154
P04865,4,72.0,71.353042,0.646958
P02962,2,62.6,60.636168,1.963832
P02251,2,56.0,57.726313,-1.726313
P02474,4,91.1,94.393687,-3.293687
P09676,3,63.2,60.241933,2.958067
P00197,5,62.0,63.02908,-1.02908
P05838,1,81.1,83.507876,-2.407876
P08187,2,51.5,51.603392,-0.103392
P00847,4,68.2,69.45202,-1.25202
P03898,2,89.7,89.131374,0.568626
P02498,2,73.2,70.751966,2.448034
P02970,2,98.1,96.380321,1.719679
P09071,5,70.3,67.938966,2.361034
P02140,3,76.3,77.08838,-0.78838
P03754,1,70.5,72.257503,-1.757503
P04217,2,81.5,80.358985,1.141015
P00891,5,87.3,87.689646,-0.389646
P04965,4,60.5,61.521739,-1.021739
P07482,5,65.4,65.201085,0.198915
P06114,1,73.5,71.694835,1.805165
P09876,3,74.9,76.391861,-1.491861
P08285,4,76.0,75.727622,0.272378
P07910,3,54.1,54.556483,-0.456483
P04570,1,73.1,71.303864,1.796136
P02952,3,82.8,82.738875,0.061125
P04591,3,72.4,70.541908,1.858092
P04247,1,72.3,72.472214,-0.172214
P00281,5,56.8,57.564357,-0.764357
P03170,2,77.2,76.697591,0.502409
P05269,5,65.2,64.819486,0.380514
P04493,2,79.2,80.184235,-0.984235
P00071,2,56.4,54.505431,1.894569
P00586,1,73.4,74.852803,-1.452803
P08945,3,94.1,94.741807,-0.641807
P04398,5,62.1,64.097985,-1.997985
P01050,4,85.5,86.210501,-0.710501
P06374,5,59.6,59.834856,-0.234856
P08528,4,82.5,82.985643,-0.485643
P04083,5,81.4,79.507333,1.892667
P09297,1,78.5,79.630393,-1.130393
P05618,3,64.9,66.1156,-1.2156
P07750,3,73.8,71.858701,1.941299
P00805,1,51.5,49.679282,1.820718
P03698,5,72.1,72.459076,-0.359076
P06460,4,55.3,54.360836,0.939164
P05590,3,62.2,62.394578,-0.194578
P08140,3,78.0,77.470192,0.529808
P09360,1,66.3,69.188776,-2.888776
P03684,5,86.0,87.34397,-1.34397
P02298,5,49.9,52.849531,-2.949531
P06830,2,65.1,66.453919,-1.353919
P07772,4,66.7,68.469259,-1.769259
P06558,4,61.6,62.949465,-1.349465
P04960,4,89.1,87.659752,1.440248
P04441,1,71.5,69.672331,1.827669
P05295,1,70.1,70.999305,-0.899305
P09753,4,85.7,85.47583,0.22417
P04222,3,72.4,71.668085,0.731915
P06493,4,30.9,33.808939,-2.908939
P04522,4,76.8,76.129311,0.670689
P09866,2,65.5,67.792583,-2.292583
P05774,1,75.9,74.852866,1.047134
P01445,4,71.3,72.351963,-1.051963
P02225,4,72.2,69.763204,2.436796
P02897,2,88.6,88.556658,0.043342
P05559,2,74.7,74.12889,0.57111
P09407,1,49.0,50.001119,-1.001119
P07248,3,84.8,84.17731,0.62269
P08117,5,80.5,81.634619,-1.134619
P02211,4,66.7,67.084966,-0.384966
P08417,1,67.8,67.509748,0.290252
P07733,3,100.0,100.0,0.0
P07881,4,76.8,77.870533,-1.070533
P00338,3,73.7,72.071659,1.628341
P06968,2,57.0,57.611332,-0.611332
P07087,4,53.7,53.966742,-0.266742
P07595,2,81.6,82.748328,-1.148328
P02384,2,78.3,76.214749,2.085251
P05048,4,72.6,73.774632,-1.174632
P06261,3,90.3,88.318678,1.981322
P02101,3,77.5,79.077838,-1.577838
P02083,4,71.6,70.286196,1.313804
P00153,5,69.9,69.990258,-0.090258
P04503,3,69.4,71.866729,-2.466729
P04562,4,44.4,46.868007,-2.468007
P08217,4,89.3,87.424307,1.875693
P09382,2,66.6,68.215845,-1.615845
P06944,2,73.7,71.160216,2.539784
P00489,1,81.9,85.479784,-3.579784
P09308,1,61.1,60.467648,0.632352
P09935,5,41.5,40.457246,1.042754
P00226,1,95.1,97.19418,-2.09418
P06550,4,78.5,77.501141,0.998859
P05401,5,54.7,54.112676,0.587324
P02111,4,79.8,79.141373,0.658627
P05720,2,91.0,89.213099,1.786901
P04726,5,71.2,69.168855,2.031145
P04066,2,84.1,85.240036,-1.140036
P00639,3,69.0,67.408883,1.591117
P02934,3,59.6,58.013664,1.586336
P07276,2,66.0,67.660048,-1.660048
P03525,5,83.0,82.86794,0.13206
P08377,5,94.5,94.635649,-0.135649
P05887,3,80.3,78.586642,1.713358
P02915,4,74.5,72.816839,1.683161
P04278,1,86.6,86.061936,0.538064
P02471,3,65.5,64.851213,0.648787
P05459,4,73.6,73.294562,0.305438
P09760,3,76.3,76.206289,0.093711
P04679,2,74.7,73.492988,1.207012
P07904,3,93.8,93.486262,0.313738
P00557,3,78.2,76.780013,1.419987
P01812,2,68.0,71.366755,-3.366755
P02660,3,67.7,68.342417,-0.642417
P00949,1,77.9,76.718569,1.181431
P08686,5,53.9,53.65672,0.24328
P07235,4,93.4,93.181668,0.218332
P01796,1,94.3,92.134833,2.165167
P02866,1,75.9,76.864616,-0.964616
P04082,2,75.6,73.828532,1.771468
P04996,5,85.6,85.363932,0.236068
P07883,5,82.5,82.514937,-0.014937
P02249,4,76.0,76.176255,-0.176255
P05452,2,76.4,76.626089,-0.226089
P07473,5,80.6,81.746647,-1.146647
P00102,5,72.6,69.250352,3.349648
P06370,4,61.2,61.23116,-0.03116
P03857,4,57.9,60.127234,-2.227234
P08970,2,39.8,41.809323,-2.009323
P09448,4,54.1,53.917383,0.182617
P05950,4,100.0,100.0,0.0
P01246,5,61.5,57.510144,3.989856
P05558,1,90.0,90.256406,-0.256406
P03618,2,83.2,84.502241,-1.302241
P07908,2,73.5,73.65873,-0.15873
P04106,3,60.8,62.536466,-1.736466
P09454,1,61.9,59.400463,2.499537
P00279,1,90.2,88.839834,1.360166
P02218,3,67.6,66.760445,0.839555
P00555,1,92.9,91.372899,1.527101
P08259,4,64.0,65.358185,-1.358185
P02205,2,90.3,89.939675,0.360325
P09101,4,58.6,59.119624,-0.519624
P06866,4,66.2,64.921157,1.278843
P09801,3,73.1,71.339257,1.760743
P03002,1,100.0,98.847271,1.152729
P06490,2,56.3,55.862911,0.437089
P08342,3,62.7,64.691838,-1.991838
P05466,4,61.5,63.943287,-2.443287
P07041,1,79.3,76.907938,2.392062
P08429,4,81.1,81.87957,-0.77957
P04594,4,74.5,76.042639,-1.542639
P08121,3,58.3,57.216055,1.083945
P08906,1,84.0,84.055017,-0.055017
P09144,3,74.7,72.1383,2.5617
P01802,2,69.6,69.23667,0.36333
P05768,4,76.8,76.990274,-0.190274
P05888,1,77.5,76.664365,0.835635
P04763,1,80.8,81.391805,-0.591805
P00623,4,60.9,62.528995,-1.628995
P09037,1,67.4,69.854826,-2.454826
P02186,4,90.6,88.539511,2.060489
P08295,1,69.5,70.311894,-0.811894
P04387,5,65.0,64.878202,0.121798
P05044,4,55.9,56.355191,-0.455191
P05164,1,67.6,65.756089,1.843911
P00120,1,71.7,70.420827,1.279173
P06918,1,78.0,74.87255,3.12745
P06701,3,83.9,82.823773,1.076227
P01800,1,62.9,62.371925,0.528075
P06573,4,58.1,60.217563,-2.117563
P08574,4,77.8,80.077282,-2.277282
P06167,5,95.4,96.30699,-0.90699
P05930,4,90.2,86.406013,3.793987
P05202,1,73.1,73.314724,-0.214724
P05105,1,49.0,50.620496,-1.620496
P03492,4,79.1,77.549347,1.550653
P08550,3,58.0,57.502503,0.497497
P01636,2,93.7,92.609741,1.090259
P07977,2,70.4,71.463203,-1.063203
P06197,1,61.8,61.673786,0.126214
P07697,3,77.9,78.910544,-1.010544
P02668,5,66.6,68.087174,-1.487174
P00887,3,68.4,70.442541,-2.042541
P03061,1,72.7,74.250101,-1.550101
P04573,1,68.0,68.137369,-0.137369
P08818,2,67.3,68.720216,-1.420216
P09425,3,78.4,79.094291,-0.694291
P06112,4,68.1,68.149719,-0.049719
P00855,4,70.2,71.15546,-0.95546
P07648,5,72.5,71.029545,1.470455
P04755,3,68.5,69.731752,-1.231752
P06878,5,96.3,98.105329,-1.805329
P02829,1,78.7,78.736634,-0.036634
P03113,4,82.1,81.270511,0.829489
P07495,2,87.2,85.910425,1.289575
P08935,1,83.9,84.497948,-0.597948
P09770,1,84.3,84.674416,-0.374416
P08279,3,50.1,51.721868,-1.621868
P03585,4,83.3,83.758221,-0.458221
P06832,4,73.0,74.391726,-1.391726
P00133,3,78.7,79.914243,-1.214243
P09509,3,74.0,74.221395,-0.221395
P01317,1,94.6,94.317026,0.282974
P09664,5,58.5,56.498118,2.001882
P07301,3,74.9,78.813474,-3.913474
P01541,5,69.5,68.033027,1.466973
P09960,2,57.0,57.437068,-0.437068
P04381,2,81.1,80.636514,0.463486
P02260,2,66.0,66.787599,-0.787599
P02109,4,62.0,62.146064,-0.146064
P06536,5,72.7,71.962202,0.737798
P02247,3,84.4,84.032856,0.367144
P05291,2,82.2,86.165818,-3.965818
P04095,3,64.4,64.456559,-0.056559
P09054,2,78.2,76.745949,1.454051
P06419,4,80.2,80.477168,-0.277168
P06322,2,76.3,75.01685,1.28315
P03827,5,69.2,71.80899,-2.60899
P01882,3,71.6,71.805032,-0.205032
P02884,2,75.6,74.014497,1.585503
P05638,3,83.1,82.328524,0.771476
P01896,1,65.8,66.127789,-0.327789
P01777,5,66.6,67.432007,-0.832007
P09802,5,71.5,70.748551,0.751449
P03555,4,59.4,60.221345,-0.821345
P00001,4,87.3,88.537426,-1.237426
P01779,3,75.0,73.357848,1.642152
P04648,2,69.6,70.67809,-1.07809
P00143,2,85.4,86.334491,-0.934491
P03672,4,71.0,67.420049,3.579951
P05518,1,86.2,84.664846,1.535154
P04369,3,69.9,70.212961,-0.312961
P08097,5,82.1,81.596818,0.503182
P04903,2,78.3,79.852623,-1.552623
P00421,2,97.3,97.256623,0.043377
P07480,1,66.4,66.992391,-0.592391
P02490,1,76.5,74.923744,1.576256
P02230,1,61.9,61.573455,0.326545
P09023,3,61.8,60.422693,1.377307
P00516,3,67.0,67.399175,-0.399175
P00412,2,66.3,67.790735,-1.490735
P06092,3,54.0,54.317644,-0.317644
P08566,1,64.6,64.226884,0.373116
P08966,3,98.1,96.922998,1.177002
P09831,5,87.9,88.405846,-0.505846
P00123,3,67.3,68.005382,-0.705382
P02637,2,90.2,90.678716,-0.478716
P02907,1,66.2,68.505465,-2.305465
P02903,2,92.7,91.035465,1.664535
P03192,4,56.5,57.795866,-1.295866
P03850,3,80.4,80.798398,-0.398398
P01785,2,67.6,69.906728,-2.306728
P04814,3,84.2,83.896387,0.303613
P08011,1,74.3,73.074738,1.225262
P00697,4,80.8,81.56571,-0.76571
P08521,3,55.2,57.366195,-2.166195
P09787,5,78.9,78.177967,0.722033
P05058,2,40.7,39.283948,1.416052
P08218,3,43.2,39.328831,3.871169
P01904,1,67.7,67.698105,0.001895
P02189,3,65.1,66.104055,-1.004055
P07854,1,40.0,39.874029,0.125971
P04628,5,64.2,63.413727,0.786273
P09788,1,57.5,57.965797,-0.465797
P02847,3,100.0,97.113555,2.886445
P02575,5,80.6,81.29539,-0.69539
P09220,4,76.2,76.475677,-0.275677
P06635,2,86.3,87.134343,-0.834343
P05022,3,76.1,76.853817,-0.753817
P04695,2,69.9,69.656813,0.243187
P07439,3,81.3,81.8808,-0.5808
P05372,2,80.7,84.154378,-3.454378
P06904,5,78.8,77.190369,1.609631
P05257,5,64.1,63.879057,0.220943
P05722,3,97.4,96.153484,1.246516
P02931,2,65.9,67.12425,-1.22425
P08670,5,81.9,82.220563,-0.320563
P05439,2,74.7,72.90194,1.79806
P08647,5,63.7,62.214649,1.485351
P06921,2,75.0,73.076542,1.923458
P06783,4,76.7,75.07258,1.62742
P07561,5,80.3,82.696463,-2.396463
P01414,5,85.0,87.353813,-2.353813
P05087,1,85.0,85.227767,-0.227767
P08407,1,65.9,68.618708,-2.718708
P09688,4,61.0,61.456059,-0.456059
P04484,5,68.0,69.086768,-1.086768
P07753,5,89.2,90.259463,-1.059463
P09945,3,69.4,68.457107,0.942893
P04804,5,86.8,88.859667,-2.059667
P07945,1,68.4,70.747009,-2.347009
P03260,1,70.1,71.011721,-0.911721
P09656,4,84.8,84.750137,0.049863
P08047,5,66.9,66.462745,0.437255
P01157,4,85.8,83.412256,2.387744
P07827,5,75.0,73.973208,1.026792
P05212,2,86.8,85.383373,1.416627
P03062,1,88.1,85.855587,2.244413
P08069,3,70.7,72.884229,-2.184229
P04902,1,62.5,60.697273,1.802727
P03574,2,84.5,86.413377,-1.913377
P04429,1,70.6,70.273119,0.326881
P08107,4,81.7,83.177772,-1.477772
P08651,2,82.2,80.828472,1.371528
P01590,4,79.2,79.888863,-0.688863
P04725,4,52.3,52.472038,-0.172038
P02602,1,63.0,59.310754,3.689246
P03162,1,79.6,80.74614,-1.14614
P07637,2,73.2,73.845529,-0.645529
P01036,4,53.1,53.111618,-0.011618
P01088,2,99.7,98.321731,1.378269
P01557,2,44.9,45.06111,-0.16111
P00550,2,85.2,84.493818,0.706182
P04950,3,94.0,95.440358,-1.440358
P05661,1,71.9,72.399029,-0.499029
P05645,4,80.1,81.764169,-1.664169
P06400,1,80.1,80.578278,-0.478278
P04140,3,55.6,56.007529,-0.407529
P02102,2,53.8,50.820177,2.979823
P04282,4,74.6,72.495048,2.104952
P09808,1,55.5,55.691613,-0.191613
P03412,3,62.5,62.51902,-0.01902
P05946,2,74.7,72.048998,2.651002
P06163,3,86.5,85.54245,0.95755
P08177,1,79.4,81.999425,-2.599425
P03913,4,74.4,73.857526,0.542474
P06325,3,95.2,93.959718,1.240282
P07194,2,80.3,81.304608,-1.004608
P06668,2,89.9,87.917665,1.982335
P06997,5,88.7,88.115644,0.584356
P01064,1,70.9,73.400043,-2.500043
P06772,1,63.5,62.676147,0.823853
P02381,1,89.8,89.711811,0.088189
P06401,1,82.3,82.296553,0.003447
P04988,5,80.7,80.420527,0.279473
P07527,3,70.5,71.60169,-1.10169
P09484,3,99.4,98.64933,0.75067
P09063,5,78.4,77.489967,0.910033
P08444,1,91.1,90.981249,0.118751
P00815,2,80.0,80.036512,-0.036512
P04158,4,74.1,73.523771,0.576229
P01974,1,72.6,71.157254,1.442746
P02979,1,73.2,72.652252,0.547748
P04460,5,66.2,66.327642,-0.127642
P08636,1,80.9,82.961877,-2.061877
P09261,4,65.5,63.543247,1.956753
P05017,1,81.7,85.665687,-3.965687
P09659,5,93.6,93.101565,0.498435
P03741,2,74.3,76.192947,-1.892947
P03718,4,85.1,84.074162,1.025838
P08014,1,85.7,85.314481,0.385519
P07991,2,67.0,67.710761,-0.710761
P01941,4,73.3,74.051684,-0.751684
P07435,1,71.6,70.621393,0.978607
P01069,2,61.2,62.235218,-1.035218
P03801,2,84.5,84.778184,-0.278184
P04660,4,53.8,55.08478,-1.28478
P09333,3,87.5,91.95901,-4.45901
P04375,1,94.0,96.931622,-2.931622
P01556,4,71.9,71.153259,0.746741
P01930,1,72.6,72.195143,0.404857
P01538,1,66.3,71.066741,-4.766741
P09251,1,90.2,89.843598,0.356402
P05515,4,67.3,66.26118,1.03882
P02071,1,100.0,97.647426,2.352574
P04339,1,87.1,83.759715,3.340285
P03855,1,62.3,60.876355,1.423645
P02818,5,71.8,73.780716,-1.980716
P00420,5,66.3,69.705927,-3.405927
P01321,4,77.9,74.501317,3.398683
P06544,5,79.1,77.119773,1.980227
P07566,1,70.1,66.078917,4.021083
P05470,4,63.0,62.32903,0.67097
P01955,2,77.4,78.211574,-0.811574
P00049,5,75.6,77.011345,-1.411345
P09211,1,50.5,52.677457,-2.177457
P03288,4,70.6,69.10727,1.49273
P02991,2,46.8,50.344636,-3.544636
P09518,4,89.9,90.21766,-0.31766
P00219,2,69.5,68.016318,1.483682
P00056,2,100.0,98.621642,1.378358
P02791,5,75.9,76.808701,-0.908701
P06105,5,86.6,88.820582,-2.220582
P04803,1,83.1,81.450561,1.649439
P04749,1,99.0,99.626955,-0.626955
P06661,2,86.6,84.64201,1.95799
P03403,3,69.2,69.169615,0.030385
P00066,2,79.2,78.795451,0.404549
P08119,2,81.6,82.265853,-0.665853
P06175,5,73.1,71.709823,1.390177
P06103,2,56.8,58.742707,-1.942707
P07170,5,62.5,59.208109,3.291891
P08874,5,86.7,87.080628,-0.380628
P06079,5,80.1,79.1793,0.9207
P04740,3,82.2,82.073903,0.126097
P07857,1,82.1,83.025344,-0.925344
P09359,1,54.7,53.10379,1.59621
P05926,2,67.0,69.144846,-2.144846
P09722,1,79.8,78.920836,0.879164
P09228,1,44.9,43.743282,1.156718
P02413,1,61.0,64.350976,-3.350976
P03285,1,85.8,85.459911,0.340089
P05274,3,72.7,72.254084,0.445916
P01613,4,83.6,81.901328,1.698672
P05134,5,71.1,73.052059,-1.952059
P04980,4,98.5,96.892619,1.607381
P00488,3,76.9,76.565401,0.334599
P07474,4,72.1,70.975804,1.124196
P07351,5,68.2,68.430182,-0.230182
P06449,3,84.9,87.216906,-2.316906
P04643,3,57.8,61.203423,-3.403423
P03443,5,59.3,57.748505,1.551495
P09435,2,73.9,73.872158,0.027842
P09736,2,84.8,82.902223,1.897777
P03139,2,83.0,83.036369,-0.036369
P03928,3,89.5,89.115735,0.384265
P03513,3,71.5,72.502862,-1.002862
P08779,5,43.4,44.455286,-1.055286
P08677,4,69.2,69.361274,-0.161274
P05319,4,81.5,83.826022,-2.326022
P03389,2,66.4,67.723394,-1.323394
P03283,2,91.9,90.953347,0.946653
P07690,2,86.0,85.169075,0.830925
P01675,5,78.2,78.111865,0.088135
P06489,1,68.5,69.058785,-0.558785
P06107,4,64.0,65.464413,-1.464413
P07176,1,77.6,79.535487,-1.935487
P06403,2,94.1,91.755724,2.344276
P01439,5,81.9,82.854117,-0.954117
P06164,1,67.8,67.177557,0.622443
P08811,3,85.3,84.845752,0.454248
P02444,1,76.3,75.461861,0.838139
P00434,5,64.1,63.941847,0.158153
P07782,2,47.7,48.606281,-0.906281
P09013,1,66.0,65.730239,0.269761
P09472,1,75.8,75.850733,-0.050733
P02420,2,80.6,80.267792,0.332208
P09118,2,78.9,77.237979,1.662021
P04580,1,66.6,67.448615,-0.848615
P09803,2,62.8,64.166938,-1.366938
P06913,5,70.7,70.381184,0.318816
P03846,4,67.7,68.06051,-0.36051
P01631,3,77.1,77.923082,-0.823082
P02148,3,68.7,68.383326,0.316674
P02583,3,70.3,72.867419,-2.567419
P04142,2,81.0,80.937811,0.062189
P03716,5,94.0,92.926938,1.073062
P01855,3,83.6,83.243948,0.356052
P09864,4,87.4,86.580842,0.819158
P02170,1,72.4,71.86958,0.53042
P07891,5,76.8,74.727769,2.072231
P03934,2,74.7,73.841762,0.858238
P04137,3,88.2,89.436352,-1.236352
P00283,3,86.0,86.754015,-0.754015
P00165,3,77.1,75.932036,1.167964
P02867,4,89.2,89.178049,0.021951
P05154,1,79.4,79.625391,-0.225391
P08695,4,70.7,70.852753,-0.152753
P09309,2,80.7,79.572956,1.127044
P05754,5,58.1,58.909441,-0.809441
P09580,2,55.3,53.3328,1.9672
P00919,5,76.6,77.550102,-0.950102
P06111,1,99.1,96.844999,2.255001
P07548,5,92.6,95.571892,-2.971892
P09392,3,79.0,80.052029,-1.052029
P02720,1,64.0,64.138209,-0.138209
P06292,3,85.5,85.130142,0.369858
P03137,3,95.6,95.300617,0.299383
P09668,4,62.6,64.484009,-1.884009
P08804,1,52.8,53.16003,-0.36003
P04885,5,77.6,75.022707,2.577293
P07013,2,78.2,78.352556,-0.152556
P01817,1,64.4,65.472494,-1.072494
P06497,3,83.9,86.452322,-2.552322
P01455,3,92.0,90.589721,1.410279
P05268,4,83.1,81.406181,1.693819
P05412,5,76.2,74.777407,1.422593
P09905,5,71.6,73.627944,-2.027944
P00255,1,65.5,66.34514,-0.84514
P03865,4,88.9,88.654922,0.245078
P02721,2,90.8,86.230039,4.569961
P05297,1,96.2,91.846365,4.353635
P03505,4,86.3,86.758287,-0.458287
P02511,5,85.5,84.763352,0.736648
P09098,4,79.4,77.757187,1.642813
P01296,4,59.3,56.953514,2.346486
P04940,1,71.5,72.719922,-1.219922
P00869,4,89.1,90.567533,-1.467533
P05145,1,69.1,68.36447,0.73553
P06375,1,89.0,90.824801,-1.824801
P09985,5,83.4,83.152982,0.247018
P06906,3,96.8,96.156776,0.643224
P06034,2,62.6,61.880097,0.719903
P03780,5,95.0,95.951887,-0.951887
P08340,1,73.6,73.367972,0.232028
P07079,2,69.9,69.775816,0.124184
P07472,4,79.5,79.459235,0.040765
P07540,2,87.7,86.735523,0.964477
P03259,1,86.1,84.108554,1.991446
P04056,2,89.2,86.409183,2.790817
P05512,1,82.6,82.10441,0.49559
P00491,2,68.1,70.544339,-2.444339
P00068,3,80.0,80.581063,-0.581063
P05360,4,73.9,73.421762,0.478238
P00921,3,62.6,65.428337,-2.828337
P05115,5,79.3,80.242788,-0.942788
P06165,4,83.5,83.957957,-0.457957
P03014,2,60.8,60.834598,-0.034598
P08233,2,72.9,73.091986,-0.191986
P06990,4,71.1,69.700796,1.399204
P03191,5,60.1,60.038738,0.061262
P03095,5,81.5,80.667759,0.832241
P04336,1,58.3,57.255299,1.044701
P03878,5,83.4,84.29007,-0.89007
P05326,3,75.7,74.925266,0.774734
P04194,2,51.9,52.919733,-1.019733
P00856,3,74.6,77.990543,-3.390543
P06518,5,74.6,72.407922,2.192078
P04042,2,76.5,77.396866,-0.896866
P01591,4,80.8,80.076906,0.723094
P01169,2,72.0,71.349436,0.650564
P00701,1,61.0,62.335195,-1.335195
P01275,3,78.6,77.934109,0.665891
P03800,5,69.2,70.801905,-1.601905
P04767,5,60.3,61.113496,-0.813496
P00245,1,68.6,69.434837,-0.834837
P07020,5,64.7,63.21181,1.48819
P07361,3,61.7,63.948715,-2.248715
P00601,5,82.6,84.935338,-2.335338
P09771,3,69.2,68.970587,0.229413
P05896,1,75.3,78.486194,-3.186194
P03109,3,94.4,93.503278,0.896722
P08225,5,81.5,80.909704,0.590296
P04875,2,68.6,70.106426,-1.506426
P05760,2,77.8,76.919953,0.880047
P01660,3,55.0,54.06659,0.93341
P07864,2,60.5,59.40941,1.09059
P09950,1,80.0,80.919109,-0.919109
P00913,1,67.6,66.33892,1.26108
P03436,5,100.0,100.0,0.0
P08089,3,82.3,85.693091,-3.393091
P09721,3,70.6,69.540948,1.059052
P00997,4,68.8,70.89858,-2.09858
P02469,3,60.5,61.113495,-0.613495
P00537,2,100.0,99.871079,0.128921
P02063,1,64.9,63.561255,1.338745
P02047,5,84.9,85.320667,-0.420667
P05772,4,80.6,81.199979,-0.599979
P00250,5,69.5,69.1619,0.3381
P05234,1,95.1,95.321256,-0.221256
P06612,2,63.9,62.778535,1.121465
P01134,1,97.8,96.738745,1.061255
P02654,4,57.0,55.921371,1.078629
P01829,4,79.3,83.334023,-4.034023
P00428,1,67.2,68.640845,-1.440845
P01034,1,48.5,52.132494,-3.632494
P02378,1,78.0,76.03756,1.96244
P07160,2,67.1,68.40767,-1.30767
P00662,5,84.4,87.144195,-2.744195
P06055,2,78.8,76.997262,1.802738
P04338,3,56.1,58.375411,-2.275411
P02638,2,71.3,70.258538,1.041462
P08855,3,91.2,93.060528,-1.860528
P08170,4,79.0,76.604905,2.395095
P09731,2,77.8,77.410733,0.389267
P03705,4,78.2,75.151715,3.048285
P05587,2,86.2,85.448412,0.751588
P00862,5,100.0,100.0,0.0
P02172,3,63.0,61.25093,1.74907
P03534,2,67.5,70.57638,-3.07638
P05672,5,63.2,60.375407,2.824593
P01549,3,98.7,98.477098,0.222902
P09598,3,59.4,59.211418,0.188582
P05832,1,58.5,59.890461,-1.390461
P06679,4,70.1,69.542923,0.557077
P03708,1,61.8,61.451477,0.348523
P01683,3,53.9,56.258339,-2.358339
P03225,1,74.0,74.283795,-0.283795
P03200,5,96.3,94.578824,1.721176
P01245,3,61.2,61.064204,0.135796
P08096,4,82.2,84.22963,-2.02963
P02440,4,80.2,79.23395,0.96605
P02056,2,51.3,51.514928,-0.214928
P06072,4,42.9,42.066143,0.833857
P02956,4,92.4,92.115875,0.284125
P07014,3,70.1,69.265309,0.834691
P07133,2,63.7,64.900273,-1.200273
P06113,2,71.6,71.922165,-0.322165
P01718,5,68.7,68.773879,-0.073879
P07604,2,77.6,76.192633,1.407367
P01634,5,46.2,45.668071,0.531929
P09348,2,82.0,82.655185,-0.655185
P05432,2,57.8,58.202676,-0.402676
P08710,5,73.9,73.228964,0.671036
P02927,2,78.8,78.436653,0.363347
P05184,4,90.1,89.724,0.376
P03124,1,89.0,87.64311,1.35689
P04895,2,90.9,91.74678,-0.84678
P07979,1,73.5,70.540721,2.959279
P03190,5,71.3,71.91825,-0.61825
P02285,3,69.5,70.251822,-0.751822
P07708,4,65.4,65.838504,-0.438504
P00793,3,78.1,76.657539,1.442461
P02785,3,91.1,89.446476,1.653524
P07138,1,74.6,76.220892,-1.620892
P02762,2,89.5,89.406849,0.093151
P02853,4,68.6,67.880281,0.719719
P05341,3,59.5,62.524647,-3.024647
P02340,4,94.7,92.623569,2.076431
P08687,3,42.8,42.937311,-0.137311
P08530,2,63.0,61.582047,1.417953
P00128,1,71.1,71.631036,-0.531036
P08083,3,77.8,79.508641,-1.708641
P01302,3,86.2,82.878944,3.321056
P03810,2,75.9,73.63678,2.26322
P02395,5,82.6,83.746049,-1.146049
P00813,5,69.0,68.056056,0.943944
P07052,5,64.7,63.360501,1.339499
P07270,5,69.2,69.049937,0.150063
P09525,5,80.7,81.780546,-1.080546
P06646,1,87.4,86.888377,0.511623
P05348,2,91.2,89.901966,1.298034
P08711,4,71.4,71.028186,0.371814
P00683,5,67.7,66.257668,1.442332
P04322,1,43.8,44.10696,-0.30696
P00728,4,74.2,74.088891,0.111109
P09618,2,63.6,62.747834,0.852166
P06663,4,72.4,70.147294,2.252706
P09415,5,89.2,90.50896,-1.30896
P07766,2,97.0,98.928657,-1.928657
P08231,4,75.0,75.854838,-0.854838
P08924,5,63.3,62.974634,0.325366
P05026,5,77.7,80.065852,-2.365852
P02173,1,74.2,72.533274,1.666726
P08694,1,74.6,73.620018,0.979982
P03422,2,79.9,78.555664,1.344336
P06270,1,68.8,66.77258,2.02742
P03883,1,67.2,67.270872,-0.070872
P08248,2,57.4,56.414159,0.985841
P05972,5,70.6,72.54524,-1.94524
P08480,5,82.4,83.254615,-0.854615
P00608,3,73.5,69.081178,4.418822
P05354,5,100.0,99.223946,0.776054
P03963,5,73.8,74.611586,-0.811586
P03111,4,68.9,70.191875,-1.291875
P08192,5,79.6,77.661223,1.938777
P06394,5,71.4,71.223295,0.176705
P04934,1,83.6,83.728764,-0.128764
P08826,1,56.9,60.146509,-3.246509
P08157,3,75.8,75.367296,0.432704
P04689,1,76.4,78.556204,-2.156204
P05639,3,69.3,72.024917,-2.724917
P02964,4,100.0,100.0,0.0
P06412,4,81.0,82.683932,-1.683932
P00053,1,58.3,57.249298,1.050702
P08838,4,94.1,93.602201,0.497799
P03911,2,54.1,54.665475,-0.565475
P09460,3,85.8,88.879075,-3.079075
P06582,3,79.0,79.019959,-0.019959
P01499,3,68.4,70.37893,-1.97893
P08545,3,47.9,51.312709,-3.412709
P07219,5,88.6,87.4102,1.1898
P04568,4,77.8,76.925006,0.874994
P02968,1,64.9,64.52282,0.37718
P00520,2,77.7,73.824584,3.875416
P09819,5,70.3,70.626767,-0.326767
P01707,2,86.6,86.040801,0.559199
P07476,2,68.9,67.912977,0.987023
P02403,2,66.6,65.530223,1.069777
P07509,2,75.0,74.863353,0.136647
P05155,5,67.3,67.950303,-0.650303
P08323,1,81.0,80.536682,0.463318
P06482,2,71.4,73.066025,-1.666025
P04480,4,80.4,81.652658,-1.252658
P04908,5,54.8,50.843126,3.956874
P00647,5,87.3,88.110514,-0.810514
P05994,5,85.0,84.770721,0.229279
P07286,1,60.3,61.05863,-0.75863
P05207,4,65.1,66.353057,-1.253057
P08389,3,57.2,57.41329,-0.21329
P09896,2,82.6,84.358229,-1.758229
P02265,2,63.7,63.403962,0.296038
P08102,4,53.8,56.408004,-2.608004
P01953,1,81.7,81.305643,0.394357
P05921,4,92.0,91.338497,0.661503
P07247,3,85.2,86.173407,-0.973407
P04085,5,83.7,84.126214,-0.426214
P04511,2,64.9,64.2983,0.6017
P02342,4,47.7,49.559799,-1.859799
P00353,1,80.6,79.929987,0.670013
P03818,4,84.7,84.398108,0.301892
P06669,1,83.3,81.698632,1.601368
P05199,5,73.7,74.417923,-0.717923
P03237,1,74.8,75.225271,-0.425271
P08719,5,83.1,81.449355,1.650645
P02532,4,50.3,51.409729,-1.109729
P05681,3,92.3,91.489229,0.810771
P01962,2,93.1,94.362055,-1.262055
P05505,1,76.9,76.926936,-0.026936
P09712,4,72.5,72.893061,-0.393061
P05993,4,95.5,97.423526,-1.923526
P06177,2,57.4,58.566716,-1.166716
P02780,5,85.0,86.925748,-1.925748
P03861,5,80.0,81.798461,-1.798461
P08386,5,55.1,58.792258,-3.692258
P06928,5,92.7,90.745208,1.954792
P06081,2,90.6,89.815269,0.784731
P03204,4,71.3,72.227658,-0.927658
P04197,3,77.3,77.465931,-0.165931
P08269,5,93.5,96.086955,-2.586955
P01144,4,77.6,73.880928,3.719072
P09279,4,54.9,51.294158,3.605842
P07291,1,64.9,62.45046,2.44954
P01309,5,76.8,75.290098,1.509902
P07731,4,56.9,58.211238,-1.311238
P04065,5,90.1,89.25314,0.84686
P01295,4,91.4,90.883775,0.516225
P09734,1,80.9,81.433075,-0.533075
P07774,2,81.7,83.091075,-1.391075
P09055,1,58.4,59.132582,-0.732582
P09406,1,80.7,79.857933,0.842067
P01324,4,39.7,40.747954,-1.047954
P09175,4,82.2,83.654976,-1.454976
P08162,5,66.2,68.037241,-1.837241
P04272,3,62.8,63.486433,-0.686433
P08914,3,93.8,94.371089,-0.571089
P00779,1,89.3,87.966222,1.333778
P05857,5,78.8,77.999197,0.800803
P00262,2,66.1,63.696483,2.403517
P06949,4,70.3,72.099584,-1.799584
P02560,2,75.3,73.314759,1.985241
P02673,3,88.3,85.267684,3.032316
P03291,2,87.6,85.574923,2.025077
P03542,2,83.7,83.543695,0.156305
P03333,4,90.2,89.772588,0.427412
P04549,4,75.1,78.340941,-3.240941
P00897,4,75.9,74.15561,1.74439
P03699,4,87.7,86.83057,0.86943
P00711,5,86.7,89.157356,-2.457356
P03992,4,71.1,72.002291,-0.902291
P04521,3,57.0,58.20268,-1.20268
P05697,2,73.9,72.845864,1.054136
P03328,1,67.1,69.648494,-2.548494
P01571,5,78.9,78.828141,0.071859
P07937,4,72.9,69.897949,3.002051
P03464,1,63.5,65.518802,-2.018802
P02500,2,75.5,73.820904,1.679096
P01789,2,82.7,85.065704,-2.365704
P04092,4,68.8,71.365404,-2.565404
P03280,5,63.0,63.85948,-0.85948
P08770,1,73.2,73.615768,-0.415768
P05574,4,81.2,81.328169,-0.128169
P02624,4,97.2,95.58364,1.61636
P00330,1,74.3,74.744625,-0.444625
P05229,1,68.7,66.958499,1.741501
P03828,1,88.0,87.02338,0.97662
P01918,5,75.1,75.034376,0.065624
P09549,1,76.9,78.873211,-1.973211
P09395,1,70.9,71.828455,-0.928455
P09541,5,91.0,88.666398,2.333602
P02309,2,83.6,82.713356,0.886644
P00970,3,65.6,66.574038,-0.974038
P00058,4,63.3,63.223826,0.076174
P00315,4,87.2,88.026405,-0.826405
P09953,5,87.2,88.043166,-0.843166
P09964,2,67.0,68.416847,-1.416847
P08408,2,72.4,76.154831,-3.754831
P05580,5,78.9,76.963674,1.936326
P02617,4,59.1,59.560725,-0.460725
P00644,5,81.5,83.54251,-2.04251
P00070,4,59.4,58.950155,0.449845
P01348,3,75.5,73.558665,1.941335
P08523,4,73.0,73.295458,-0.295458
P03879,1,67.0,66.74017,0.25983
P08860,2,79.6,78.389701,1.210299
P04143,2,80.2,81.70755,-1.50755
P01141,3,74.7,72.070546,2.629454
P04800,3,46.7,48.309754,-1.609754
P01692,3,95.4,94.079482,1.320518
P03616,2,91.5,91.444017,0.055983
P07897,3,71.1,70.384541,0.715459
P05915,2,82.7,81.589944,1.110056
P09191,3,61.2,59.43931,1.76069
P07477,5,71.2,71.476384,-0.276384
P05567,3,52.2,51.197426,1.002574
P00334,4,67.4,66.469323,0.930677
P08081,5,68.1,68.741111,-0.641111
P07536,2,67.9,66.654509,1.245491
P02486,3,92.8,94.723,-1.923
P00050,2,65.4,68.003742,-2.603742
P06967,4,90.5,89.466384,1.033616
P09620,5,67.9,69.54885,-1.64885
P01489,5,76.2,78.251571,-2.051571
P08567,3,85.8,86.210448,-0.410448
P06439,5,72.8,73.752011,-0.952011
P08934,4,73.4,73.947194,-0.547194
P07077,3,64.6,61.118824,3.481176
P05536,3,85.4,82.44128,2.95872
P07199,1,95.7,93.759201,1.940799
P07128,4,61.8,57.714501,4.085499
P03246,2,58.1,57.923095,0.176905
P03637,2,84.2,83.964502,0.235498
P09416,2,95.6,97.064521,-1.464521
P02187,2,79.8,80.348993,-0.548993
P02693,2,76.8,75.512832,1.287168
P09921,1,54.3,55.784092,-1.484092
P00864,1,75.1,72.265987,2.834013
P06931,3,42.9,43.389246,-0.489246
P06137,2,78.6,77.373415,1.226585
P05086,1,88.4,90.548209,-2.148209
P06357,2,91.6,90.163793,1.436207
P05400,1,46.7,48.223346,-1.523346
P04838,4,68.6,69.63893,-1.03893
P06041,3,49.0,51.617466,-2.617466
P01375,1,63.8,63.673403,0.126597
P03140,5,58.0,56.082919,1.917081
P00789,4,73.0,73.978229,-0.978229
P08057,3,89.6,90.675954,-1.075954
P09742,2,67.0,67.157922,-0.157922
P03447,5,85.9,85.573805,0.326195
P05630,4,92.3,92.120729,0.179271
P06989,5,64.5,62.976946,1.523054
P09592,3,68.5,68.08124,0.41876
P00257,1,70.7,69.46888,1.23112
P04548,4,71.1,73.706006,-2.606006
P09119,1,58.0,59.043147,-1.043147
P04288,1,71.8,71.916518,-0.116518
P05790,5,83.7,83.145181,0.554819
P04090,5,97.0,95.536565,1.463435
P00540,5,90.1,90.129022,-0.029022
P09583,3,66.6,65.839046,0.760954
P01545,3,95.5,95.029681,0.470319
P02222,2,57.8,59.839526,-2.039526
P00782,2,59.7,60.233644,-0.533644
P06457,5,66.1,69.849467,-3.749467
P08839,5,88.7,91.036973,-2.336973
P09397,4,62.9,61.839057,1.060943
P06354,2,52.9,53.121858,-0.221858
P01986,3,82.1,83.214915,-1.114915
P05227,4,63.0,62.380697,0.619303
P00419,1,100.0,98.950434,1.049566
P02684,1,85.5,85.600646,-0.100646
P02213,5,87.1,87.294137,-0.194137
P08361,2,71.1,71.106588,-0.006588
P07843,5,98.4,97.653187,0.746813
P09941,2,78.5,78.603347,-0.103347
P07522,4,80.0,78.465181,1.534819
P04274,2,47.0,48.574801,-1.574801
P07606,5,71.0,72.376832,-1.376832
P05216,3,54.4,54.190819,0.209181
P04656,5,61.4,64.019551,-2.619551
P03675,5,53.5,54.924964,-1.424964
P01000,2,75.1,74.490366,0.609634
P02652,5,65.6,69.395725,-3.795725
P02775,3,61.2,62.213134,-1.013134
P05625,1,56.4,58.797069,-2.397069
P04280,4,64.5,65.61952,-1.11952
P09630,1,90.1,89.20148,0.89852
P04490,3,72.5,72.756791,-0.256791
P00587,3,75.2,74.299576,0.900424
P00814,2,75.2,76.688654,-1.488654
P09137,3,75.7,76.780739,-1.080739
P07433,3,68.2,69.014544,-0.814544
P04947,2,96.3,94.181811,2.118189
P09273,4,70.5,71.921733,-1.421733
P03187,1,59.0,57.46954,1.53046
P09880,2,76.3,76.656455,-0.356455
P03245,4,86.4,87.136106,-0.736106
P06323,2,63.5,60.082381,3.417619
P01335,5,72.9,71.328612,1.571388
P01781,4,75.2,72.325417,2.874583
P04311,1,63.5,63.167823,0.332177
P04176,4,63.1,62.249962,0.850038
P02267,1,81.2,81.470129,-0.270129
P08540,5,56.3,56.572946,-0.272946
P00871,1,58.4,55.561786,2.838214
P07251,1,73.5,70.991274,2.508726
P04186,3,71.5,74.143329,-2.643329
P02744,4,64.4,66.500934,-2.100934
P08556,3,80.3,79.860554,0.439446
P07550,4,90.7,88.195183,2.504817
P08415,4,85.7,83.8979,1.8021
P09214,3,86.8,85.671912,1.128088
P07863,1,81.4,81.839425,-0.439425
P07016,4,53.6,53.130077,0.469923
P07443,3,95.6,98.225063,-2.625063
P06911,4,58.4,56.845732,1.554268
P02499,4,58.8,60.814711,-2.014711
P03287,4,76.5,77.925549,-1.425549
P01048,2,73.8,74.440263,-0.640263
P08321,3,69.3,69.212552,0.087448
P09521,4,77.6,78.08866,-0.48866
P06168,2,66.3,66.727069,-0.427069
P05281,4,49.5,50.176623,-0.676623
P03501,1,66.4,67.426378,-1.026378
P04245,5,72.8,74.014798,-1.214798
P03940,3,74.7,76.361302,-1.661302
P07354,5,76.8,76.667856,0.132144
P04120,5,57.4,59.69378,-2.29378
P03484,1,86.0,84.836952,1.163048
P06823,5,62.9,62.855636,0.044364
P04263,3,87.3,90.983565,-3.683565
P03418,1,61.7,61.678275,0.021725
P07078,1,74.1,74.277012,-0.177012
P01772,4,89.2,89.791411,-0.591411
P05166,5,73.4,74.488137,-1.088137
P05796,5,80.3,80.698974,-0.398974
P06269,4,74.7,73.082152,1.617848
P08518,2,81.1,80.509464,0.590536
P05597,5,60.4,60.589933,-0.189933
P00621,5,87.8,87.774664,0.025336
P06189,5,77.9,75.052699,2.847301
P02596,4,73.0,75.53267,-2.53267
P03164,4,85.2,83.361343,1.838657
P05232,4,66.5,64.325761,2.174239
P05595,2,85.4,84.028348,1.371652
P06868,5,69.7,68.711394,0.988606
P09582,2,81.4,81.916558,-0.516558
P04303,3,52.1,51.001502,1.098498
P09374,4,68.6,69.01819,-0.41819
P03852,3,63.5,62.981472,0.518528
P08320,2,73.0,73.551031,-0.551031
P01285,1,57.3,58.209971,-0.909971
P08499,3,68.7,70.545333,-1.845333
P04421,5,88.4,89.033802,-0.633802
P07803,3,71.6,71.06493,0.53507
P05861,4,82.0,80.236409,1.763591
P05995,1,88.9,90.731189,-1.831189
P09480,5,73.8,72.48495,1.31505
P03712,3,55.7,55.599973,0.100027
P01977,4,74.5,75.244166,-0.744166
P06260,5,69.7,70.4855,-0.7855
P01281,1,76.1,77.164783,-1.064783
P02041,3,73.5,71.016602,2.483398
P06952,5,72.5,73.400841,-0.900841
P06883,5,87.2,87.471311,-0.271311
P09667,3,61.0,60.113886,0.886114
P08179,4,69.8,68.984588,0.815412
P02254,3,70.8,71.178376,-0.378376
P03627,4,76.8,77.643072,-0.843072
P01029,3,87.6,86.853832,0.746168
P02940,4,59.4,58.429911,0.970089
P01540,1,76.1,76.064437,0.035563
P00222,2,64.9,64.51412,0.38588
P09754,2,72.3,74.068308,-1.768308
P03247,1,77.0,76.199053,0.800947
P01004,2,65.4,65.42265,-0.02265
P02376,2,35.1,34.843078,0.256922
P07794,1,90.3,90.905363,-0.605363
P06651,3,61.8,64.451252,-2.651252
P07175,3,78.6,78.14597,0.45403
P05346,3,78.6,79.125156,-0.525156
P00648,2,84.0,83.893408,0.106592
P00640,3,65.5,65.605316,-0.105316
P01067,1,69.9,72.031669,-2.131669
P07870,1,58.6,59.537181,-0.937181
P04296,5,66.6,66.482219,0.117781
P02959,5,73.0,72.978706,0.021294
P06900,4,69.4,71.222716,-1.822716
P07184,4,91.2,87.897034,3.302966
P00392,2,68.2,66.723753,1.476247
P09666,4,68.2,67.024588,1.175412
P00873,4,83.5,84.006359,-0.506359
P07352,5,61.1,60.824053,0.275947
P02820,4,73.9,72.028603,1.871397
P05211,4,88.5,90.289567,-1.789567
P05302,5,56.1,58.065565,-1.965565
P00914,5,89.8,90.709558,-0.909558
P01365,5,87.0,85.659419,1.340581
P09998,4,54.2,54.885703,-0.685703
P00726,5,83.4,82.362446,1.037554
P05081,2,49.9,51.681497,-1.781497
P02098,1,87.9,89.258577,-1.358577
P01199,5,71.2,71.181385,0.018615
P06577,2,85.5,88.801707,-3.301707
P07149,1,85.6,88.219419,-2.619419
P00280,4,83.7,81.604936,2.095064
P00824,2,70.6,68.949201,1.650799
P01334,2,89.8,91.411629,-1.611629
P07568,4,83.2,82.964186,0.235814
P09180,5,55.1,56.174794,-1.074794
P06078,2,80.7,77.586835,3.113165
P05875,5,94.6,91.995582,2.604418
P02044,5,64.1,64.467355,-0.367355
P08967,4,50.0,50.831386,-0.831386
P07140,1,100.0,99.194241,0.805759
P09304,4,78.7,79.226427,-0.526427
P05808,3,61.7,61.432974,0.267026
P03986,4,73.8,76.126557,-2.326557
P02588,1,70.8,72.606683,-1.806683
P00522,4,78.7,79.91392,-1.21392
P02807,4,73.2,69.406064,3.793936
P09917,3,82.2,81.105845,1.094155
P03180,4,71.4,72.85982,-1.45982
P05336,5,91.3,92.94131,-1.64131
P07000,1,95.9,97.069648,-1.169648
P03531,4,76.0,77.680692,-1.680692
P08720,4,56.0,53.343272,2.656728
P01047,1,66.9,69.574236,-2.674236
P08777,3,60.8,60.227742,0.572258
P07150,4,62.1,62.091101,0.008899
P07391,2,87.5,86.964424,0.535576
P07511,4,84.4,86.007472,-1.607472
P05551,4,66.3,65.491862,0.808138
P07475,3,84.5,80.684838,3.815162
P06697,1,66.3,66.721695,-0.421695
P04498,4,74.1,71.979266,2.120734
P04552,3,83.6,82.134264,1.465736
P06353,4,71.8,71.581989,0.218011
P04036,1,70.4,69.490748,0.909252
P00500,3,65.3,67.211025,-1.911025
P00957,4,88.7,90.291153,-1.591153
P03578,3,58.5,58.599446,-0.099446
P03566,5,86.1,83.759248,2.340752
P07641,3,76.3,75.67121,0.62879
P08193,4,76.2,76.482711,-0.282711
P09813,2,74.0,72.840854,1.159146
P03726,5,68.3,66.54992,1.75008
P05795,5,71.0,71.819171,-0.819171
P04413,3,73.9,73.143795,0.756205
P06851,1,89.6,91.766029,-2.166029
P00476,1,83.4,85.830717,-2.430717
P06998,2,74.9,72.356257,2.543743
P06466,3,74.4,74.825552,-0.425552
P07117,4,62.9,62.508635,0.391365
P03314,1,87.3,83.759138,3.540862
P03474,5,87.1,88.445876,-1.345876
P00160,1,82.2,81.082746,1.117254
P09199,2,59.0,57.910482,1.089518
P01359,3,80.0,79.352496,0.647504
P09755,4,55.5,57.698126,-2.198126
P06249,4,94.2,95.713323,-1.513323
P05388,2,59.1,58.661962,0.438038
P04086,1,79.8,78.905368,0.894632
P01077,3,58.5,57.211505,1.288495
P03047,2,68.9,70.513438,-1.613438
P04359,4,90.7,90.282476,0.417524
P08085,3,59.0,58.943599,0.056401
P07651,3,69.9,71.371811,-1.471811
P06214,5,96.6,97.419876,-0.819876
P08852,3,92.5,89.280844,3.219156
P05646,4,76.4,75.215797,1.184203
P02165,1,55.6,54.734305,0.865695
P00841,4,69.1,68.652507,0.447493
P09222,3,71.8,72.401358,-0.601358
P06329,1,48.8,51.169948,-2.369948
P05739,5,83.1,84.543352,-1.443352
P08723,3,79.6,81.292414,-1.692414
P07647,4,74.4,72.912519,1.487481
P02752,1,79.8,80.860185,-1.060185
P06623,4,77.3,75.157189,2.142811
P05949,3,61.8,62.578988,-0.778988
P08561,3,71.1,70.761509,0.338491
P00811,4,54.9,56.242479,-1.342479
P04148,1,73.8,72.724318,1.075682
P09726,1,63.1,63.193674,-0.093674
P06899,1,73.6,72.446309,1.153691
P00372,2,99.3,97.553243,1.746757
P04544,5,57.4,56.485401,0.914599
P07922,4,74.9,77.267736,-2.367736
P07602,5,76.0,76.278314,-0.278314
P07921,2,53.2,52.532612,0.667388
P02369,1,85.7,87.976349,-2.276349
P09060,4,57.8,58.014347,-0.214347
P06150,4,76.3,73.808054,2.491946
P03318,3,90.0,89.294374,0.705626
P07816,1,68.5,69.228002,-0.728002
P02836,3,77.7,76.56981,1.13019
P08744,2,57.3,54.631097,2.668903
P09951,5,95.1,97.757946,-2.657946
P09190,1,70.5,70.315633,0.184367
P08369,1,67.2,67.851054,-0.651054
P06173,3,72.4,74.413576,-2.013576
P03759,3,85.4,84.272956,1.127044
P07277,1,78.7,78.267875,0.432125
P06964,4,67.3,69.912812,-2.612812
P03440,4,78.8,75.479956,3.320044
P01652,5,76.5,75.510497,0.989503
P07514,1,78.4,79.126704,-0.726704
P09757,1,87.9,89.215803,-1.315803
P02278,4,60.7,61.443818,-0.743818
P03508,5,88.7,88.792126,-0.092126
P06348,2,51.0,50.789353,0.210647
P02715,4,68.0,68.025899,-0.025899
P01914,5,84.5,84.895951,-0.395951
P08336,5,54.5,54.913478,-0.413478
P02236,2,79.6,77.670519,1.929481
P08152,5,80.5,82.728969,-2.228969
P01650,2,67.9,68.047817,-0.147817
P01878,1,74.9,73.332322,1.567678
P07749,2,83.0,82.185945,0.814055
P08092,3,73.3,72.339902,0.960098
P08064,4,44.7,41.630733,3.069267
P09861,4,84.9,84.046799,0.853201
P07394,4,70.2,71.252183,-1.052183
P08025,3,82.8,83.743192,-0.943192
P08161,5,65.8,64.509311,1.290689
P04125,3,63.6,67.198818,-3.598818
P08615,5,60.3,58.658668,1.641332
P06133,2,55.7,58.161718,-2.461718
P05358,3,59.4,58.175865,1.224135
P07422,4,76.2,77.347655,-1.147655
P01352,2,65.6,67.426037,-1.826037
P06276,5,95.4,96.087184,-0.687184
P08743,1,68.4,70.922534,-2.522534
P04107,2,77.1,76.424494,0.675506
P02239,5,49.7,49.748705,-0.048705
P02639,5,80.5,78.936354,1.563646
P07734,3,74.0,72.945371,1.054629
P03731,4,74.5,76.938102,-2.438102
P03084,1,89.5,91.055129,-1.555129
P03690,5,71.4,71.521564,-0.121564
P09366,5,68.9,70.093582,-1.193582
P02087,5,75.6,75.919197,-0.319197
P06056,2,68.2,69.416784,-1.216784
P01431,4,70.4,68.705978,1.694022
P02844,2,68.2,67.294022,0.905978
P01524,1,78.1,73.973784,4.126216
P09391,2,79.5,77.360975,2.139025
P08414,3,57.8,57.373019,0.426981
P02913,4,69.3,67.498877,1.801123
P03969,2,76.0,74.893736,1.106264
P00731,4,81.5,83.519764,-2.019764
P09901,5,75.8,76.895717,-1.095717
P01970,3,62.5,61.888261,0.611739
P06943,3,87.6,83.747706,3.852294
P07790,1,75.4,77.526947,-2.126947
P00590,2,94.9,94.116663,0.783337
P07135,3,66.1,70.565542,-4.465542
P04281,2,66.4,68.813231,-2.413231
P00438,2,62.3,61.739156,0.560844
P08261,1,65.9,65.431047,0.468953
P04262,3,84.0,82.280969,1.719031
P04588,3,88.4,86.650251,1.749749
P01007,3,68.6,69.510995,-0.910995
P01066,5,66.2,66.190338,0.009662
P07622,5,69.8,70.071411,-0.271411
P08052,1,77.2,75.558815,1.641185
P08738,1,76.6,73.98367,2.61633
P05989,1,64.8,63.399521,1.400479
P04388,5,68.5,66.636183,1.863817
P00792,4,51.7,51.825002,-0.125002
P07899,3,78.1,76.248875,1.851125
P04321,3,72.7,74.40545,-1.70545
P08691,1,70.0,69.181261,0.818739
P02632,5,64.9,64.778985,0.121015
P03416,2,69.8,69.284479,0.515521
P05181,4,56.7,56.397885,0.302115
P06506,3,89.1,86.646643,2.453357
P05495,5,70.7,69.988894,0.711106
P05191,3,94.6,94.283329,0.316671
P00207,1,82.6,85.063447,-2.463447
P07057,1,92.2,91.776071,0.423929
P02675,2,82.0,83.158483,-1.158483
P02125,5,71.0,70.952966,0.047034
P05135,4,77.1,75.513862,1.586138
P07326,1,80.5,79.030968,1.469032
P03156,2,63.7,62.160319,1.539681
P00556,5,81.7,81.872515,-0.172515
P02949,3,58.3,58.824063,-0.524063
P03740,4,65.4,65.381208,0.018792
P09756,2,94.3,94.604706,-0.304706
P04909,1,75.9,76.330204,-0.430204
P02747,4,62.6,62.179793,0.420207
P08456,5,63.3,62.201375,1.098625
P05447,2,90.4,89.94598,0.45402
P07700,5,67.0,67.727569,-0.727569
P02778,3,65.1,63.721801,1.378199
P09491,1,68.7,69.706233,-1.006233
P07284,4,68.2,69.452197,-1.252197
P03065,5,87.3,86.49048,0.80952
P03700,1,82.4,81.859356,0.540644
P03003,4,67.2,68.952138,-1.752138
P08613,5,80.1,79.025692,1.074308
P02783,5,48.1,53.537116,-5.437116
P06122,5,64.6,65.498497,-0.898497
P00934,5,98.9,97.872853,1.027147
P05696,3,100.0,98.198993,1.801007
P01079,2,72.0,70.183431,1.816569
P09091,3,74.5,72.318086,2.181914
P06044,1,81.4,83.828959,-2.428959
P09339,2,75.9,76.519638,-0.619638
P08393,2,75.7,76.430449,-0.730449
P07679,1,72.0,72.932525,-0.932525
P06334,1,78.4,77.169634,1.230366
P05860,4,59.0,58.05205,0.94795
P02243,5,70.6,72.812224,-2.212224
P06200,3,82.8,82.352343,0.447657
P06627,5,76.6,73.844154,2.755846
P05045,1,88.8,87.703998,1.096002
P04646,4,69.5,69.087961,0.412039
P02069,3,66.0,66.362869,-0.362869
P06405,5,78.3,75.412632,2.887368
P01468,3,96.2,94.9942,1.2058
P06804,2,71.3,70.257437,1.042563
P06029,5,53.1,53.147682,-0.047682
P06822,3,77.6,74.354832,3.245168
P09449,4,57.9,59.033985,-1.133985
P07900,3,70.4,71.194212,-0.794212
P04752,5,88.4,90.141296,-1.741296
P00418,4,63.6,62.303796,1.296204
P08502,2,80.0,79.233424,0.766576
P02634,2,78.7,83.202558,-4.502558
P01062,2,87.5,87.648894,-0.148894
P00322,4,92.3,95.342019,-3.042019
P03927,2,72.8,73.75533,-0.95533
P02904,1,67.9,67.565808,0.334192
P04379,2,98.1,97.099923,1.000077
P09231,2,65.4,65.723541,-0.323541
P07397,4,90.3,89.003022,1.296978
P07236,3,87.8,88.04066,-0.24066
P02986,1,90.6,90.204389,0.395611
P08263,1,89.7,88.959115,0.740885
P02843,2,49.6,51.507392,-1.907392
P02409,3,100.0,97.75801,2.24199
P03936,4,100.0,98.065799,1.934201
P00223,1,63.6,62.911529,0.688471
P05674,1,100.0,99.057109,0.942891
P02489,4,64.5,64.693753,-0.193753
P06833,1,64.4,65.682714,-1.282714
P08423,1,79.8,80.751704,-0.951704
P09938,2,90.0,89.741255,0.258745
P01960,5,75.5,73.984501,1.515499
P01241,3,77.1,74.206264,2.893736
P07061,3,40.7,40.409159,0.290841
P02202,2,65.9,66.821248,-0.921248
P03560,4,72.1,69.441003,2.658997
P02268,3,60.6,60.788542,-0.188542
P06527,2,68.8,70.068062,-1.268062
P06757,4,67.6,64.250313,3.349687
P05083,1,50.1,51.060984,-0.960984
P01917,2,70.8,67.919027,2.880973
P09110,4,73.8,74.903905,-1.103905
P04230,5,83.0,84.390803,-1.390803
P05957,2,82.1,81.984749,0.115251
P07084,5,66.8,69.554524,-2.754524
P09361,1,61.7,63.470591,-1.770591
P06529,2,77.8,77.535535,0.264465
P07981,3,69.0,67.722837,1.277163
P07515,1,65.8,67.312308,-1.512308
P04428,2,61.8,61.179508,0.620492
P03709,4,78.5,77.974535,0.525465
P06581,5,78.4,78.129304,0.270696
P03507,4,45.4,46.188769,-0.788769
P03841,1,40.5,44.14803,-3.64803
P04292,4,64.1,63.471679,0.628321
P01270,1,60.7,61.324847,-0.624847
P01425,2,89.7,88.28181,1.41819
P00179,3,75.5,74.872193,0.627807
P06516,1,55.1,55.144206,-0.044206
P08403,5,62.6,62.654931,-0.054931
P03408,1,63.6,65.001857,-1.401857
P09790,3,96.5,94.027862,2.472138
P02616,3,68.4,66.862265,1.537735
P01229,5,69.9,69.693931,0.206069
P03905,5,57.7,58.307433,-0.607433
P08484,1,82.0,82.830952,-0.830952
P00098,2,91.5,90.289839,1.210161
P04840,5,55.6,56.440566,-0.840566
P03537,5,52.2,53.10294,-0.90294
P09622,4,91.0,92.783969,-1.783969
P04517,5,79.0,78.648794,0.351206
P06169,3,84.6,80.391371,4.208629
P01666,4,64.1,65.765599,-1.665599
P02570,4,88.9,89.608261,-0.708261
P04719,1,77.8,79.628957,-1.828957
P09979,3,59.7,60.984696,-1.284696
P06217,2,70.5,71.880063,-1.380063
P06131,2,81.0,83.197801,-2.197801
P08268,2,70.9,73.09095,-2.19095
P02701,5,84.6,85.711093,-1.111093
P02942,1,95.1,95.700728,-0.600728
P05284,3,80.1,78.808138,1.291862
P09130,1,71.8,73.029001,-1.229001
P09009,4,82.3,81.328358,0.971642
P08915,2,75.2,73.855206,1.344794
P05783,3,99.0,98.412218,0.587782
P08347,1,60.6,60.566578,0.033422
P05538,2,72.1,70.594324,1.505676
P06865,4,66.7,64.808637,1.891363
P04286,2,76.0,75.257227,0.742773
P06271,2,66.5,65.846964,0.653036
P07611,1,63.2,63.976633,-0.776633
P08459,4,83.3,83.078119,0.221881
P07165,3,87.0,88.604904,-1.604904
P05714,2,69.3,69.519027,-0.219027
P00037,2,92.3,92.124469,0.175531
P06857,5,100.0,100.0,0.0
P01005,4,72.0,72.196825,-0.196825
P01715,3,82.9,82.3927,0.5073
P07076,1,80.0,80.344702,-0.344702
P00901,1,68.9,70.173731,-1.273731
P05366,1,70.1,69.337758,0.762242
P08271,3,47.0,46.015905,0.984095
P09432,5,89.7,88.994589,0.705411
P02423,1,66.3,67.689783,-1.389783
P00403,1,76.7,75.891342,0.808658
P02245,4,70.7,73.066902,-2.366902
P04485,2,55.7,54.635809,1.064191
P04876,3,39.1,36.751741,2.348259
P00178,3,89.8,91.413349,-1.613349
P01402,4,91.7,90.064086,1.635914
P07729,5,70.3,71.497591,-1.197591
P05983,1,84.1,85.522012,-1.422012
P08605,3,79.2,77.688338,1.511662
P05654,5,68.5,70.511368,-2.011368
P07447,4,71.4,71.836971,-0.436971
P05521,1,56.0,57.514987,-1.514987
P01186,3,67.2,68.233895,-1.033895
P01250,3,71.1,69.438259,1.661741
P04721,1,65.4,67.225053,-1.825053
P09986,5,64.2,64.603566,-0.403566
P05846,5,87.6,87.407271,0.192729
P00960,1,63.7,64.762776,-1.062776
P04237,5,61.5,63.759392,-2.259392
P09604,1,62.4,63.14295,-0.74295
P07349,3,94.4,92.211428,2.188572
P03887,5,67.1,68.837477,-1.737477
P02924,2,83.2,82.750083,0.449917
P00054,4,89.2,90.059283,-0.859283
P00067,1,68.9,71.397935,-2.497935
P06019,5,45.5,47.079773,-1.579773
P05717,2,86.7,89.422582,-2.722582
P04306,3,79.9,78.833056,1.066944
P03126,2,86.5,89.81208,-3.31208
P06036,5,91.9,91.4259,0.4741
P05934,5,81.6,82.322086,-0.722086
P09158,1,69.9,68.163249,1.736751
P01291,2,89.8,88.604163,1.195837
P07496,5,77.3,73.561233,3.738767
P04724,1,59.9,59.21749,0.68251
P01280,2,87.6,86.957613,0.642387
P06232,1,77.1,76.277906,0.822094
P00039,5,97.3,93.431956,3.868044
P04060,1,69.0,67.853713,1.146287
P01020,2,71.4,71.4704,-0.0704
P05576,2,90.1,88.85086,1.24914
P03849,2,44.4,43.565604,0.834396
P04731,4,42.3,42.369192,-0.069192
P07143,4,77.1,79.366913,-2.266913
P00087,5,63.6,62.115114,1.484886
P03635,5,73.9,74.131421,-0.231421
P06364,5,66.7,68.711484,-2.011484
P01870,1,89.5,90.880556,-1.380556
P03010,4,86.0,85.750449,0.249551
P07362,4,72.4,71.981107,0.418893
P03420,5,57.5,57.459481,0.040519
P00767,5,81.3,81.915069,-0.615069
P04825,3,80.5,82.264933,-1.764933
P03083,5,60.8,59.451322,1.348678
P05019,4,88.5,88.620714,-0.120714
P03559,3,49.1,50.207884,-1.107884
P04935,5,62.5,62.946535,-0.446535
P04813,1,75.5,75.583391,-0.083391
P01579,1,83.1,84.121987,-1.021987
P04483,4,57.9,61.174517,-3.274517
P08801,5,66.6,67.371546,-0.771546
P01723,1,91.0,94.355594,-3.355594
P04748,5,69.0,71.232254,-2.232254
P00105,5,91.9,91.42093,0.47907
P09427,2,48.4,48.437627,-0.037627
P08650,4,86.5,89.414646,-2.914646
P03824,1,72.9,72.143354,0.756646
P01482,1,67.0,65.188915,1.811085
P09271,1,47.0,46.07498,0.92502
P08896,4,85.5,84.663353,0.836647
P07634,1,79.8,79.974202,-0.174202
P06225,5,88.1,87.710345,0.389655
P08821,4,56.2,54.232926,1.967074
P02406,1,75.1,77.596269,-2.496269
P04100,3,87.9,86.331596,1.568404
P01592,5,84.8,84.08146,0.71854
P06507,2,63.0,62.083835,0.916165
P08975,5,65.0,65.942095,-0.942095
P09441,1,62.0,64.157595,-2.157595
P00446,3,90.6,89.008609,1.591391
P05701,1,75.2,76.715147,-1.515147
P01244,5,60.4,58.724386,1.675614
P05220,4,92.5,93.560472,-1.060472
P09834,5,71.3,72.013201,-0.713201
P07337,4,49.1,48.937707,0.162293
P06568,1,84.8,87.987635,-3.187635
P04559,4,73.1,74.897132,-1.797132
P02598,5,98.9,98.734449,0.165551
P05259,2,97.2,97.875129,-0.675129
P09912,4,50.0,51.929843,-1.929843
P04577,5,87.0,84.845607,2.154393
P01687,1,100.0,99.625546,0.374454
P03313,5,95.8,95.256582,0.543418
P06947,3,76.0,75.815737,0.184263
P00886,5,89.5,85.974616,3.525384
P09574,5,76.4,73.714451,2.685549
P03114,5,94.9,94.146062,0.753938
P01059,2,63.7,64.981376,-1.281376
P02284,2,57.0,55.168077,1.831923
P07783,3,71.5,70.300787,1.199213
P00348,5,70.7,68.545059,2.154941
P05742,4,74.4,75.01028,-0.61028
P06002,4,80.1,81.220507,-1.120507
P06521,3,89.6,88.82891,0.77109
P05410,1,75.5,76.166971,-0.666971
P05258,1,71.3,70.514597,0.785403
P09610,5,100.0,97.588857,2.411143
P09471,1,82.3,82.430822,-0.130822
P08464,1,81.1,80.090866,1.009134
P09729,5,69.4,70.062683,-0.662683
P06208,3,80.0,79.986952,0.013048
P08850,3,73.0,72.862859,0.137141
P01410,5,85.3,84.374013,0.925987
P05889,3,77.5,78.841742,-1.341742
P03056,3,62.2,61.653441,0.546559
P06684,3,72.0,71.58613,0.41387
P03302,4,81.2,84.605665,-3.405665
P07398,4,98.1,96.805499,1.294501
P02081,4,72.0,72.210636,-0.210636
P03766,3,65.7,65.284438,0.415562
P02771,4,56.7,56.299116,0.400884
P05386,5,77.6,76.945579,0.654421
P05352,1,66.2,69.967406,-3.767406
P04600,4,60.0,59.484493,0.515507
P08955,2,72.1,71.291365,0.808635
P08709,1,79.7,80.157148,-0.457148
P05542,5,46.8,50.886702,-4.086702
P02061,1,61.4,60.338793,1.061207
P00836,5,93.9,91.641173,2.258827
P07318,5,72.4,75.433888,-3.033888
P01165,5,71.5,71.905537,-0.405537
P02040,2,51.2,51.307238,-0.107238
P04161,4,74.9,72.282024,2.617976
P03619,1,44.1,44.411963,-0.311963
P01733,1,79.8,77.280517,2.519483
P02497,1,82.3,82.09372,0.20628
P06601,4,79.7,80.000467,-0.300467
P09752,2,67.0,68.94059,-1.94059
P00383,1,68.7,69.934586,-1.234586
P00159,1,79.0,77.861935,1.138065
P00400,3,83.3,81.283646,2.016354
P01931,4,79.2,77.583947,1.616053
P06156,2,94.5,90.419077,4.080923
P01070,2,98.6,99.07112,-0.47112
P00471,1,81.0,80.843686,0.156314
P01625,5,77.2,75.250078,1.949922
P04071,2,75.1,75.122061,-0.022061
P08084,5,94.8,91.549517,3.250483
P04766,3,84.5,83.572338,0.927662
P02686,1,72.8,71.792137,1.007863
P00356,4,76.3,75.839138,0.460862
P08005,5,70.6,72.354368,-1.754368
P05161,5,62.6,60.88118,1.71882
P00787,4,79.0,78.058649,0.941351
P06739,5,62.1,59.106844,2.993156
P03783,2,54.7,56.224228,-1.524228
P06873,3,65.5,67.002337,-1.502337
P02573,3,50.4,52.603567,-2.203567
P01664,1,76.1,73.650687,2.449313
P02917,2,76.0,75.153191,0.846809
P08894,2,68.3,68.770583,-0.470583
P01369,4,79.7,78.265508,1.434492
P02336,4,80.3,83.766435,-3.466435
P07629,4,99.3,100.0,-0.7
P04331,1,56.3,55.004875,1.295125
P06496,1,76.8,77.138313,-0.338313
P01728,2,74.5,75.964358,-1.464358
P01398,5,57.1,55.765458,1.334542
P06874,5,78.4,77.485593,0.914407
P07919,2,68.8,70.249531,-1.449531
P09018,4,65.5,66.473336,-0.973336
P01368,5,85.1,85.587261,-0.487261
P06180,1,88.2,84.429123,3.770877
P04868,4,77.8,75.349566,2.450434
P07758,5,77.2,78.420637,-1.220637
P01778,5,77.4,78.52435,-1.12435
P04585,3,89.6,90.077749,-0.477749
P07552,3,51.9,52.374482,-0.474482
P02789,5,56.9,58.103497,-1.203497
P01863,5,93.1,94.064547,-0.964547
P06301,2,83.5,82.630097,0.869903
P03757,3,58.4,59.702602,-1.302602
P07968,5,87.5,87.280305,0.219695
P00845,1,92.4,93.957077,-1.557077
P06124,1,66.4,67.129266,-0.729266
P04473,3,63.3,62.647051,0.652949
P00895,2,51.4,51.570366,-0.170366
P00214,4,99.0,99.018175,-0.018175
P00786,1,55.2,55.296537,-0.096537
P04373,2,72.3,71.221239,1.078761
P04781,1,53.8,52.663811,1.136189
P03764,4,44.3,44.618248,-0.318248
P08300,2,80.3,81.500653,-1.200653
P05905,4,84.2,83.827263,0.372737
P04952,3,74.2,73.832453,0.367547
P03387,4,85.2,86.08073,-0.88073
P00230,4,66.7,68.164121,-1.464121
P01803,2,60.6,60.877586,-0.277586
P09446,4,84.8,84.823955,-0.023955
P00249,1,56.4,54.481504,1.918496
P04024,2,78.0,75.171668,2.828332
P09795,5,82.1,83.759018,-1.659018
P04737,3,89.1,89.299355,-0.199355
P08668,1,70.0,71.766724,-1.766724
P08169,1,74.8,76.616479,-1.816479
P04190,3,62.7,64.174859,-1.474859
P09855,5,100.0,96.772597,3.227403
P04633,2,77.0,76.713477,0.286523
P06850,3,70.4,69.978825,0.421175
P03707,1,73.8,73.901856,-0.101856
P08898,5,72.7,72.010874,0.689126
P00619,4,54.2,55.60664,-1.40664
P08795,1,73.8,71.567144,2.232856
P04761,3,64.5,65.345991,-0.845991
P07956,5,67.2,68.754757,-1.554757
P05958,1,90.1,86.528177,3.571823
P04907,3,75.0,74.760668,0.239332
P08431,1,68.8,67.909235,0.890765
P01903,2,47.5,53.003701,-5.503701
P09280,5,59.9,56.078395,3.821605
P03451,2,75.0,75.073167,-0.073167
P06717,5,80.5,82.093654,-1.593654
P01642,2,82.6,84.896557,-2.296557
P05398,3,64.2,63.718595,0.481405
P00924,1,77.5,76.57928,0.92072
P06695,3,72.9,74.456904,-1.556904
P03923,4,84.0,82.892332,1.107668
P02422,2,79.0,79.652769,-0.652769
P09634,5,70.8,71.749205,-0.949205
P07755,4,80.5,82.007116,-1.507116
P05939,1,77.0,76.869893,0.130107
P01822,4,68.1,68.453654,-0.353654
P00963,2,86.3,85.464002,0.835998
P07918,4,83.8,83.509345,0.290655
P03375,3,71.1,73.459227,-2.359227
P09081,2,84.9,84.842035,0.057965
P05679,1,99.9,98.654117,1.245883
P06638,3,50.3,51.98552,-1.68552
P05881,2,87.8,86.763847,1.036153
P02972,4,77.4,78.05667,-0.65667
P04859,2,65.0,66.151782,-1.151782
P06745,1,63.5,64.311631,-0.811631
P04661,5,70.9,71.14949,-0.24949
P08681,1,96.5,95.291996,1.208004
P03584,3,92.8,93.241336,-0.441336
P03604,1,97.2,97.636263,-0.436263
P05951,4,86.5,82.465136,4.034864
P05049,5,78.1,78.062939,0.037061
P05057,4,82.5,78.615809,3.884191
P07028,4,69.3,74.082081,-4.782081
P09807,3,83.1,82.423043,0.676957
P06909,2,87.2,85.966881,1.233119
P06282,4,55.3,57.743332,-2.443332
P04166,5,82.8,83.749719,-0.949719
P03119,3,61.6,61.54618,0.05382
P07400,3,81.8,81.647407,0.152593
P03423,3,59.8,59.361903,0.438097
P04987,2,71.0,72.360473,-1.360473
P07563,4,66.5,66.233113,0.266887
P06710,4,80.2,81.98213,-1.78213
P05585,4,70.8,72.689374,-1.889374
P07026,4,84.9,84.49899,0.40101
P02982,4,45.8,50.355475,-4.555475
P07821,2,58.6,59.300935,-0.700935
P05462,4,74.7,73.616987,1.083013
P01205,2,63.3,61.51238,1.78762
P01023,3,51.4,49.955351,1.444649
P00455,5,52.1,55.667145,-3.567145
P08519,3,72.9,69.821676,3.078324
P06210,4,89.4,89.29767,0.10233
P02872,2,64.9,65.906034,-1.006034
P09868,3,70.9,73.773505,-2.873505
P09386,4,63.5,64.264344,-0.764344
P05642,5,65.6,65.591962,0.008038
P08028,3,56.9,57.891607,-0.991607
P06880,3,68.2,70.021344,-1.821344
P05982,1,77.3,76.284197,1.015803
P05491,2,61.8,61.438007,0.361993
P05428,4,66.8,66.859547,-0.059547
P07707,1,60.6,59.08292,1.51708
P03251,3,56.2,56.454942,-0.254942
P05455,1,67.9,67.215589,0.684411
P01838,5,72.6,72.626048,-0.026048
P06437,5,76.0,75.52194,0.47806
P04273,1,77.9,77.288251,0.611749
P03664,1,83.4,81.906608,1.493392
P02936,5,83.2,83.796025,-0.596025
P00265,1,89.8,87.402807,2.397193
P08402,5,81.1,82.932242,-1.832242
P01118,3,68.4,67.779466,0.620534
P03021,2,68.4,70.39072,-1.99072
P02357,4,43.2,41.184073,2.015927
P03098,3,66.1,65.413981,0.686019
P02595,1,71.6,72.543273,-0.943273
P00991,4,84.2,84.913137,-0.713137
P07273,5,63.9,62.594256,1.305744
P05231,5,80.9,81.595667,-0.695667
P07636,1,62.8,62.424041,0.375959
P03812,2,98.8,98.293788,0.506212
P09738,1,77.2,74.933693,2.266307
P00086,1,72.5,70.857666,1.642334
P07311,4,79.1,78.249177,0.850823
P04492,1,54.6,54.834221,-0.234221
P01320,3,80.5,80.743541,-0.243541
P05904,2,79.3,79.829741,-0.529741
P00872,2,73.4,74.106639,-0.706639
P05349,3,84.4,84.094714,0.305286
P07504,4,79.7,78.823732,0.876268
P01768,2,87.6,85.46544,2.13456
P08078,1,93.9,91.889432,2.010568
P00687,5,46.6,47.194122,-0.594122
P08424,5,78.0,76.902602,1.097398
P02350,3,82.7,83.340905,-0.640905
P06094,4,82.3,84.14482,-1.84482
P02801,2,74.7,73.592182,1.107818
P05623,5,42.5,40.442898,2.057102
P02716,5,57.6,57.706059,-0.106059
P08026,3,91.5,93.72649,-2.22649
P00451,5,83.5,84.107189,-0.607189
P02650,2,71.8,72.664342,-0.864342
P00186,2,76.5,76.485546,0.014454
P06616,4,91.9,90.689518,1.210482
P04046,4,86.4,85.961625,0.438375
P03415,4,70.2,73.559455,-3.359455
P03177,3,60.3,58.406892,1.893108
P06666,1,47.9,47.18272,0.71728
P05741,4,77.0,72.625912,4.374088
P02215,1,85.3,85.825626,-0.525626
P00014,3,78.1,76.752859,1.347141
P04729,4,79.1,80.063609,-0.963609
P07410,5,64.7,65.286593,-0.586593
P07392,3,70.5,68.787327,1.712673
P08098,1,100.0,97.417715,2.582285
P01263,1,63.5,63.613044,-0.113044
P08421,4,91.9,88.805124,3.094876
P00745,2,89.0,88.902622,0.097378
P04364,5,79.7,78.891296,0.808704
P02894,1,72.2,72.562443,-0.362443
P05250,5,87.8,86.174424,1.625576
P09811,2,55.6,55.855621,-0.255621
P07893,2,87.0,87.227333,-0.227333
P01422,5,78.8,75.409621,3.390379
P06212,2,88.2,88.672659,-0.472659
P05085,4,81.7,85.064174,-3.364174
P08309,1,72.8,72.87953,-0.07953
P09679,1,74.3,74.668527,-0.368527
P02606,1,91.9,89.960029,1.939971
P08490,3,73.7,74.052112,-0.352112
P00048,3,70.1,72.136783,-2.036783
P04007,3,41.6,43.39861,-1.79861
P06849,3,68.9,67.680146,1.219854
P01761,1,88.5,87.22183,1.27817
P03549,1,63.9,63.032959,0.867041
P05786,2,68.3,71.19569,-2.89569
P03772,2,33.9,33.753204,0.146796
P04531,4,61.7,61.578178,0.121822
P04702,1,81.8,81.883059,-0.083059
P06824,3,50.9,52.217357,-1.317357
P04059,5,78.9,77.729034,1.170966
P03121,1,86.0,86.101714,-0.101714
P01929,5,62.0,61.580239,0.419761
P08129,4,67.5,67.160181,0.339819
P08936,1,56.2,55.315325,0.884675
P08609,3,79.2,78.536427,0.663573
P03466,2,80.9,81.556446,-0.656446
P08395,5,71.4,72.855946,-1.455946
P05684,4,74.0,73.439744,0.560256
P00317,4,74.9,75.087917,-0.187917
P02368,4,82.1,81.328323,0.771677
P00379,1,54.7,55.58082,-0.88082
P02518,4,86.5,86.71275,-0.21275
P00576,3,79.8,80.32406,-0.52406
P03909,2,71.2,69.04259,2.15741
P05218,4,63.9,62.211164,1.688836
P02138,5,46.0,45.235652,0.764348
P07340,5,60.0,60.274139,-0.274139
P03543,1,72.2,72.249946,-0.049946
P01498,3,83.7,83.62659,0.07341
P02321,1,49.3,49.537649,-0.237649
P09545,3,82.6,83.8121,-1.2121
P03968,5,81.6,84.992435,-3.392435
P02669,5,51.1,51.781195,-0.681195
P09719,3,67.0,64.809022,2.190978
P08375,1,79.1,77.468926,1.631074
P08961,3,72.0,73.104891,-1.104891
P01123,4,97.2,98.717054,-1.517054
P04605,4,92.3,91.895844,0.404156
P04119,4,74.5,77.610244,-3.110244
P05725,3,79.2,77.39799,1.80201
P09312,2,72.3,76.134249,-3.834249
P04644,1,61.3,63.040313,-1.740313
P09481,3,64.8,64.316206,0.483794
P01364,3,57.5,57.080741,0.419259
P04516,5,90.1,93.017118,-2.917118
P04182,3,63.7,65.621152,-1.921152
P00370,1,93.4,92.803003,0.596997
P05847,5,52.2,54.557145,-2.357145
P09486,3,65.7,66.814086,-1.114086
P04830,3,62.8,60.206938,2.593062
P04326,5,59.0,57.301537,1.698463
P07202,5,73.3,73.879687,-0.579687
P00790,2,86.1,87.094821,-0.994821
P05553,1,64.4,62.262759,2.137241
P08442,2,70.1,72.215141,-2.115141
P08557,2,67.1,67.667333,-0.567333
P01044,3,79.4,80.662178,-1.262178
P06645,3,69.2,69.080643,0.119357
P04285,3,75.8,77.280924,-1.480924
P09329,4,86.5,86.096148,0.403852
P03380,3,80.4,83.642655,-3.242655
P08671,2,56.1,59.002959,-2.902959
P03116,3,91.7,91.055627,0.644373
P09103,5,77.3,74.419589,2.880411
P09680,3,85.9,87.478359,-1.578359
P06211,5,64.3,64.368065,-0.068065
P00725,1,53.9,53.912747,-0.012747
P02337,2,82.0,83.180212,-1.180212
P07998,1,91.7,87.958257,3.741743
P06024,3,49.2,51.11754,-1.91754
P09743,2,93.3,95.108252,-1.808252
P06908,1,73.1,72.315231,0.784769
P03981,1,81.0,80.470357,0.529643
P08332,1,70.9,70.157223,0.742777
P01104,1,58.9,57.081277,1.818723
P08727,5,72.8,69.612608,3.187392
P09275,2,66.1,67.383936,-1.283936
P06758,3,76.1,77.064818,-0.964818
P00366,4,74.0,76.951116,-2.951116
P09505,4,83.6,83.649223,-0.049223
P08266,1,73.7,74.267488,-0.567488
P00260,1,87.2,84.917504,2.282496
P01336,4,53.7,53.294401,0.405599
P07840,4,81.2,82.945323,-1.745323
P03289,1,88.8,88.61696,0.18304
P00292,3,74.4,74.295249,0.104751
P09684,5,62.1,61.31911,0.78089
P05170,3,55.3,55.674747,-0.374747
P03722,2,75.7,73.661783,2.038217
P02530,4,61.0,61.348117,-0.348117
P04389,5,64.9,65.433368,-0.533368
P00976,4,85.2,84.569847,0.630153
P01985,2,77.8,78.512805,-0.712805
P09462,4,72.6,73.953154,-1.353154
P09466,3,65.6,67.583639,-1.983639
P02410,1,70.0,68.904676,1.095324
P06608,1,59.6,61.038483,-1.438483
P03189,4,74.5,75.221463,-0.721463
P00202,3,75.4,72.772334,2.627666
P06162,5,80.0,81.660245,-1.660245
P01853,4,83.2,83.476231,-0.276231
P05745,5,67.3,68.655443,-1.355443
P05415,4,65.7,66.867985,-1.167985
P04514,4,68.0,67.276479,0.723521
P00917,3,86.3,85.391498,0.908502
P04720,4,78.8,77.58831,1.21169
P01160,1,80.8,81.186457,-0.386457
P02657,3,100.0,99.432245,0.567755
P06920,1,99.0,97.586892,1.413108
P04858,2,86.5,87.793259,-1.293259
P09244,5,100.0,96.641663,3.358337
P04535,4,80.4,81.469801,-1.069801
P00029,1,64.8,64.226907,0.573093
P08141,2,71.3,69.800596,1.499404
P01990,4,86.2,86.167205,0.032795
P07168,4,61.6,60.460247,1.139753
P09652,3,84.3,83.992673,0.307327
P05662,5,95.2,96.152264,-0.952264
P06478,5,92.8,89.945524,2.854476
P02126,2,89.5,85.293572,4.206428
P08987,1,53.2,54.468957,-1.268957
P02306,2,88.4,89.785358,-1.385358
