Person_ID,validation_fold,true_value,predicted_value
P00001,5,5.9,5.537113066321423
P00002,5,5.5,6.318238004000492
P00003,1,8.4,7.0106187423238975
P00004,4,4.6,5.418950280215094
P00005,5,6.1,5.2762506817204144
P00006,5,4.3,5.471809372019548
P00008,1,4.6,5.547738371522266
P00009,2,5.5,6.0167596233030185
P00010,2,4.2,3.996264539019287
P00011,4,4.1,4.772727226596948
P00012,2,3.7,4.995263729266777
P00013,3,6.4,5.2170657932435125
P00014,3,8.5,5.8171106438147335
P00015,2,8.0,7.216468096926381
P00017,4,6.4,6.633910830131722
P00019,3,8.4,7.2992528750959424
P00020,1,6.2,6.571481584468111
P00021,3,6.8,7.344974544171512
P00022,2,6.0,7.174472096539079
P00023,1,8.3,8.683252027181409
P00024,3,6.0,5.997242576608536
P00025,4,5.0,6.013284577779733
P00026,3,5.8,5.845576087938824
P00027,3,6.4,5.317548214520167
P00028,5,6.1,6.585424136285301
P00030,5,7.6,8.089470171970493
P00031,5,5.4,5.392776671723463
P00032,5,5.0,4.7394711940464465
P00033,5,7.0,5.768728446958459
P00034,3,6.0,4.99583591988341
P00035,2,5.3,6.450978576761726
P00036,2,5.8,6.902094767418079
P00037,1,7.1,7.535576635302482
P00038,2,6.3,5.814236834592877
P00039,5,5.5,6.968522756799982
P00040,3,6.2,6.355108645248275
P00041,1,6.0,6.395194580496559
P00042,4,8.0,6.022983069983261
P00043,3,7.4,6.63586367469701
P00044,3,7.3,6.5834898252007745
P00047,4,3.5,4.5354811628840155
P00049,2,8.6,9.166929917108977
P00051,5,4.4,4.36446713670917
P00052,1,3.9,3.811853600488442
P00053,3,4.5,4.186705463323097
P00054,3,6.3,6.75604556106923
P00055,2,5.1,6.159086953303182
P00056,4,8.4,7.294024669598379
P00057,3,8.0,8.229076450213542
P00058,2,4.0,3.4523343332417253
P00060,4,5.0,5.777833100808437
P00061,5,7.5,7.866313105406025
P00062,3,6.9,7.528855683510626
P00063,3,5.9,5.289061989653694
P00064,3,7.3,5.634226204819838
P00066,1,7.4,6.548940594218373
P00067,5,7.1,6.975772695207528
P00068,5,6.4,6.238723073503239
P00069,2,5.2,4.740761205627353
P00070,2,3.0,3.0446023538676856
P00071,5,2.3,2.424153412594004
P00072,1,5.2,6.453818095279719
P00073,1,8.8,7.198358714025351
P00075,5,6.2,7.775692808257858
P00076,2,4.4,4.8348267090522405
P00077,4,6.1,5.9769985035935385
P00079,4,7.1,5.9531902257795055
P00081,5,6.8,5.927583254965655
P00082,3,6.9,7.241525667487115
P00083,2,8.4,6.324042065702718
P00084,5,4.9,4.125222942733846
P00085,3,6.2,5.774887812958015
P00086,4,6.5,4.9306939178131035
P00087,5,5.1,5.560172620096839
P00088,3,4.9,5.828178286338652
P00089,2,8.0,8.36996147859951
P00090,5,7.1,7.210822447861277
P00091,2,5.3,6.0959800582544466
P00092,2,5.4,4.099205116559144
P00096,5,4.7,5.563375380551201
P00097,4,6.1,6.278761860319866
P00098,5,6.1,5.422943849633146
P00100,3,4.2,5.144776541961208
P00101,4,6.6,5.3824959353519235
P00102,5,6.4,6.63250452506444
P00103,4,8.2,7.759829614060644
P00104,1,5.3,5.530005674550359
P00105,5,6.3,6.4289198694050835
P00106,4,4.2,4.255880272296852
P00107,3,5.3,6.195744571180572
P00109,4,6.5,6.194562504837465
P00110,2,9.4,7.850435149151322
P00111,2,7.0,6.719345102141404
P00113,5,5.0,3.623304722569798
P00116,3,4.8,4.6202763500208714
P00117,3,6.6,4.802151361952989
P00118,5,7.5,7.290429706173703
P00119,1,3.3,3.1189424692596215
P00121,1,5.9,7.569253378745524
P00122,1,6.0,4.961327232852732
P00123,1,3.0,5.176724823564965
P00124,3,5.4,6.6359766778379194
P00125,1,4.6,4.356424873004946
P00126,3,4.8,5.871000403713162
P00128,1,7.3,7.019791355423498
P00129,4,5.1,6.26201901828439
P00131,5,7.5,7.834770421771265
P00132,5,8.9,7.324684585862762
P00133,1,7.3,6.736293291918369
P00135,4,6.8,7.586884736974443
P00137,1,7.2,8.014969730927344
P00139,3,6.1,5.389256185335973
P00140,5,7.0,7.1791817834325276
P00141,5,5.4,5.317488083250797
P00143,4,6.1,5.953461703600103
P00144,5,7.9,7.282009710121396
P00145,1,5.8,6.587026715379649
P00146,3,6.1,5.6957897622715645
P00148,3,5.1,4.69509149284451
P00150,4,9.7,7.1811431241914025
P00152,3,7.9,6.992304989811739
P00154,2,5.6,5.673808028354999
P00155,2,7.4,6.00271276096199
P00156,1,4.3,4.451590667853777
P00158,3,3.6,4.439458177729997
P00159,3,5.4,4.338802914873844
P00161,1,6.1,6.823688399649661
P00162,5,5.3,5.851395590393469
P00164,2,6.5,6.296452257346449
P00166,3,6.4,6.777837234566434
P00167,5,7.0,5.725441877535738
P00168,1,4.9,6.363898641140233
P00169,2,8.1,7.0663125497823485
P00170,3,7.0,7.450791259410542
P00171,5,8.6,7.492366149950183
P00172,3,5.1,6.591078258256877
P00173,2,7.5,7.78014147202935
P00174,3,9.6,8.500809446111093
P00175,1,6.7,6.569046940013353
P00176,5,6.9,7.8357944864818645
P00177,4,6.9,7.630503135832255
P00178,1,8.8,7.7541085671006496
P00179,4,3.7,3.8194853599550442
P00180,2,2.7,2.9289798288464888
P00181,5,6.5,6.957174824372542
P00182,5,5.5,5.170922678358864
P00183,4,7.0,7.85568507079539
P00186,3,6.6,5.811685762734288
P00188,3,3.4,2.4823426034031195
P00192,1,6.2,5.9097000159470205
P00194,5,6.1,5.533384903066745
P00195,3,7.7,6.425263245422561
P00196,4,5.0,5.9276496360364375
P00197,5,4.4,4.319128506137185
P00198,5,5.8,4.877187339257668
P00199,2,8.0,6.697870495244738
P00202,3,8.4,8.282915917722592
P00203,1,4.6,5.990134066984243
P00204,5,8.0,7.0502256397560155
P00205,3,5.2,6.368475547305693
P00206,3,6.0,5.394606756749888
P00207,4,4.4,4.82753515944025
P00208,1,8.5,7.366139044601534
P00209,4,5.2,6.949558441090542
P00210,5,5.0,5.015269769667611
P00211,1,5.4,4.617914245605979
P00212,2,4.8,5.1800526532359905
P00213,1,7.3,7.030443233228375
P00214,3,5.1,5.892323557039974
P00216,5,7.6,7.761162883264339
P00217,5,8.3,8.104267054408268
P00218,4,5.8,4.711493768817367
P00219,4,4.5,3.0620324450073637
P00221,4,1.7,2.618006426642064
P00222,4,5.0,5.368013834203853
P00224,3,4.9,5.871603226964206
P00225,4,5.6,3.9198076455568556
P00226,1,8.7,7.940576718630622
P00227,2,5.6,5.037862447338091
P00228,3,5.3,5.412999190330943
P00229,1,4.4,5.175195152748463
P00230,4,4.8,3.734467002798921
P00231,4,5.9,5.312428018014581
P00233,2,7.4,7.7821894280079
P00234,2,6.9,6.686563094505547
P00235,3,3.4,3.7094055198716256
P00236,2,6.1,6.8827826612350105
P00237,5,8.8,7.983926644267598
P00238,3,9.1,6.793261389370592
P00239,5,6.3,6.565396081113171
P00240,3,5.3,6.668072307294201
P00241,3,6.1,6.6936936161484315
P00242,2,8.4,6.71523569005902
P00244,4,3.8,3.4850951194724296
P00245,5,4.8,4.656531817230934
P00246,4,5.4,4.535716248196525
P00247,4,7.7,7.567014120702226
P00248,5,5.3,4.9390529259523435
P00249,4,5.8,6.007223883627437
P00250,2,5.9,6.722146058696696
P00251,2,5.6,6.169967519699116
P00252,1,7.4,8.384232631103135
P00253,2,4.9,3.9034629774388794
P00254,3,6.3,8.089718860746883
P00255,3,6.1,6.959926251448323
P00256,4,5.5,5.602163692888049
P00257,2,4.4,3.214535860453347
P00258,5,6.4,6.849204759475325
P00259,1,5.1,6.357918902175665
P00260,2,5.5,4.9322464394620305
P00261,2,3.8,3.697175207572379
P00262,5,5.5,7.092189130730471
P00263,3,6.5,6.1891681418135285
P00264,1,7.8,7.794081203897995
P00265,5,6.5,6.79902204871699
P00267,1,7.3,6.3707130926904725
P00270,5,5.0,5.003842037125438
P00272,2,7.0,5.2624754699678125
P00273,5,8.3,7.703253496006394
P00274,5,6.7,6.40095749897726
P00275,3,6.5,5.6215103074391015
P00276,5,8.2,7.3415301706452585
P00277,4,6.1,5.588602506370702
P00278,2,4.3,5.844843433981554
P00279,3,7.6,7.007620266326982
P00281,4,4.5,4.978739325759025
P00282,1,4.8,4.240691818563974
P00283,3,8.0,6.673229075775596
P00285,2,6.5,6.432695549853856
P00287,3,5.6,5.762759924017924
P00288,1,6.5,5.37080450881379
P00289,4,6.5,6.036704574684081
P00290,3,5.2,6.102661555918502
P00291,4,5.7,5.7935556555003505
P00292,1,5.6,4.99462485948904
P00293,4,6.9,5.929258252368398
P00294,4,5.9,6.054397486287071
P00295,4,6.9,6.885928749049134
P00296,3,8.4,8.38193701660914
P00298,1,9.0,8.394465406615854
P00299,1,5.7,5.878670866040945
P00300,4,2.6,3.443809664063917
P00301,1,8.8,9.14152624956955
P00302,2,4.9,4.725987452206218
P00303,4,5.8,6.547926463713944
P00304,2,4.6,5.99599666944362
P00305,2,5.2,5.1897326198604725
P00306,1,4.8,5.964873293253096
P00307,2,5.9,7.034124956987993
P00308,1,6.3,7.138186969624489
P00309,3,6.7,8.030963477845654
P00310,4,9.4,8.161821972480027
P00311,3,5.2,5.463076587955348
P00312,4,5.7,7.5132407154583545
P00313,4,8.7,7.124775271203715
P00314,4,3.3,4.518325748063208
P00315,2,6.8,6.382659047452575
P00319,3,7.9,6.839271975162355
P00321,2,5.0,5.53548360147926
P00322,1,4.3,5.347728594909002
P00325,2,8.1,7.576765991995841
P00326,3,5.7,5.863044338606276
P00327,4,4.1,4.952300766126965
P00329,4,6.7,6.3374953754991585
P00331,5,2.7,2.5078543989064093
P00332,5,4.9,5.511746389360659
P00333,4,6.3,6.221097673385911
P00334,5,2.7,2.6184224442533064
P00335,4,6.0,7.77989113990256
P00336,1,9.1,8.159175885347143
P00338,5,5.5,5.817543507489021
P00339,1,2.8,3.0047018599248942
P00340,5,7.3,6.65273132489356
P00341,3,9.4,8.239601177590595
P00342,2,5.0,6.322113629053998
P00343,3,7.6,7.1447088140702615
P00344,4,7.6,7.134962790605151
P00345,1,4.9,5.9938774272186315
P00346,2,2.5,3.5606501654754696
P00347,4,5.5,6.757195648032053
P00348,4,8.1,5.892316953469583
P00349,1,5.6,5.593993096736917
P00350,5,6.5,6.1510688078157525
P00351,2,8.1,7.180705413111152
P00352,1,2.1,2.868408266155514
P00353,3,3.3,4.123579811705781
P00354,2,7.6,6.7211572673981435
P00355,5,3.4,4.218232292153644
P00357,5,6.4,6.309569808680898
P00359,5,6.6,6.424241449445885
P00360,3,6.0,6.7003209990721055
P00361,2,4.6,4.521888981672272
P00362,2,6.2,6.839298748157486
P00363,5,7.1,6.415471816467996
P00364,1,7.6,6.462470056167099
P00365,3,4.3,4.5466811223278185
P00366,3,4.4,3.913773959237836
P00367,4,5.7,5.955204634687837
P00369,4,7.2,8.254493530873376
P00371,1,4.9,5.027198734077914
P00372,3,7.7,7.326938888167852
P00373,1,2.7,2.679765714395111
P00376,2,2.8,3.38977799417257
P00377,3,6.0,7.331902518273617
P00378,2,5.9,5.892441388328457
P00379,2,3.2,3.914137205746092
P00381,2,8.8,7.986269170219226
P00382,4,4.9,4.063794664651458
P00383,4,5.2,6.624766009443817
P00384,2,3.3,4.795981459462319
P00385,1,5.7,4.9016413102259895
P00386,2,5.4,4.679191390663119
P00388,4,8.3,6.238943649467903
P00389,3,6.3,6.125302103921886
P00390,5,6.0,7.124993416590086
P00391,4,4.0,5.250509575663221
P00393,1,5.8,5.929653568226741
P00394,3,5.2,5.7457378861695405
P00395,3,7.1,7.665618799542916
P00396,1,8.3,6.121778039920475
P00397,3,6.0,6.706381658165936
P00398,3,7.8,7.783130894492401
P00400,3,5.9,6.322223949073607
P00401,2,5.5,5.762477438328799
P00402,3,5.9,5.085086514426958
P00403,2,7.8,6.918611506259827
P00404,5,7.0,6.317161516974423
P00406,2,8.4,6.442240866138876
P00407,4,7.1,5.728613308079324
P00408,2,9.1,6.506442826959149
P00409,4,5.8,4.829706322484007
P00410,4,4.6,4.511180818457933
P00411,5,3.6,4.901193792767651
P00413,3,7.8,5.796576788584208
P00414,5,5.0,5.924956861078704
P00415,2,5.2,5.682565408111721
P00416,4,6.8,5.855731523008245
P00419,3,9.6,7.54683528132543
P00421,3,8.6,6.451864188591525
P00422,4,5.5,6.001036265165856
P00424,4,6.2,7.423845291946816
P00425,4,3.8,5.459536092040518
P00426,2,6.9,6.301111756957715
P00427,2,3.3,4.6329758030532995
P00428,4,4.8,4.987888892329587
P00429,5,3.4,4.107755609497448
P00430,4,2.3,3.885002287780339
P00431,3,4.2,5.155375242094089
P00432,5,7.2,7.297244228110156
P00433,4,6.7,6.432411984963613
P00434,2,5.4,5.767900876350204
P00435,2,6.3,7.374126201025304
P00436,2,7.0,5.435970670174359
P00437,5,7.0,5.322354058913402
P00438,5,4.4,5.129703044141144
P00439,1,6.9,5.943852300209489
P00440,2,9.6,8.582794392323873
P00441,3,5.9,5.9641832137891715
P00442,3,9.2,7.90590773442139
P00443,1,7.0,7.3743195310216825
P00444,3,8.8,6.538041315378796
P00445,4,8.4,7.142012687888195
P00446,3,7.8,7.4031890777661795
P00447,5,6.8,5.220169799650558
P00448,2,6.0,6.281102546016037
P00449,4,5.3,5.495264014804118
P00450,2,4.0,5.78619754435353
P00451,5,3.1,4.7400287468019515
P00452,2,7.5,6.861313440799593
P00453,5,5.4,5.258832709976787
P00454,4,7.3,6.951761312023826
P00456,3,6.9,6.313888646716162
P00457,3,6.7,6.228797185302538
P00458,5,3.6,4.250142909854338
P00459,5,3.8,5.199641671697416
P00460,4,3.4,4.1545424793658015
P00461,3,6.4,6.450096823856931
P00462,5,9.2,7.936060604395822
P00464,5,7.7,6.6398516704011685
P00465,1,3.1,2.337593111090792
P00466,1,3.5,3.9370749242700986
P00467,2,5.3,6.610409219600132
P00468,3,4.8,3.441441226171481
P00469,3,8.2,7.732327945734763
P00470,2,5.5,6.62158823635487
P00471,2,5.1,6.479139975159879
P00472,3,6.0,5.806211909375778
P00474,4,4.6,5.297710567730619
P00475,4,6.4,7.144376918012986
P00476,4,5.7,6.780484742818811
P00477,3,6.2,6.536369585351849
P00479,2,5.0,6.078577609036114
P00480,1,2.8,3.8752087753339914
P00482,4,5.1,5.734026132946342
P00483,2,5.9,6.387025848747256
P00484,3,6.3,7.444959964831468
P00485,5,8.9,8.072808303492241
P00486,1,5.8,6.195802482523759
P00487,1,6.8,6.08488592912906
P00488,2,5.5,5.559307227863067
P00489,3,7.3,7.088969420893686
P00490,2,6.1,6.264839304543678
P00493,3,6.1,4.918734444613314
P00494,1,8.2,7.5793516671120695
P00495,4,5.5,6.02990914247145
P00496,5,5.6,6.104132859182749
P00497,2,4.6,4.551761402041488
P00498,4,5.4,6.246959553054338
P00499,2,6.2,5.679084717989984
P00500,2,6.3,7.412061806144084
P00501,1,7.4,7.227382194284237
P00502,3,5.5,7.436347763435527
P00503,4,4.0,4.697103104951657
P00504,5,4.8,5.221757899097402
P00505,2,3.9,3.2157285619750087
P00506,3,5.7,6.416333708240485
P00507,1,6.9,6.567677814669761
P00508,3,4.2,4.833379790723349
P00509,2,5.3,5.5159137347523295
P00511,4,4.6,4.6479492878390865
P00512,4,7.1,6.93395173804281
P00513,3,5.8,4.844167330395612
P00514,3,6.6,5.515317133526334
P00515,1,6.0,7.048182287577727
P00516,2,4.2,3.1867295868302072
P00518,4,5.9,6.119732909558133
P00519,1,6.2,6.302031160467919
P00521,3,6.8,5.6013641592058185
P00522,2,6.9,7.98236902747516
P00523,4,3.5,4.394167076243989
P00524,1,8.0,7.546822124070344
P00525,3,5.7,6.335265915299012
P00526,3,3.9,5.444758867160735
P00527,5,6.1,5.266811145664519
P00528,1,2.6,3.121885944789232
P00529,1,6.2,6.382717770829937
P00530,3,9.2,8.192826814911735
P00531,4,8.9,7.982831518910228
P00532,4,5.9,6.352966702993249
P00533,3,9.8,8.959119583818316
P00534,2,7.0,6.691395593355623
P00535,1,6.9,6.646089324089489
P00536,1,7.2,7.559850193202042
P00537,5,9.4,8.009000730028935
P00538,1,8.2,8.307159909229725
P00539,2,5.5,5.176077524625376
P00540,1,8.7,6.759568337901138
P00541,2,6.9,6.237197742768618
P00544,1,4.5,4.1899286361593315
P00545,3,5.6,5.200428650767403
P00546,2,9.0,7.478004024271684
P00547,3,5.0,5.095509213873075
P00549,3,6.9,6.0560585077235585
P00550,1,4.0,4.491575591762829
P00551,5,1.8,2.9435050278082513
P00553,2,7.1,7.3339485180812485
P00554,2,4.7,5.38716439789251
P00555,3,6.1,5.645907181709548
P00556,1,7.9,7.631840145420817
P00558,1,9.5,7.914504277937219
P00559,1,3.5,4.4562647238410715
P00560,1,9.1,8.63591995450087
P00561,3,4.3,4.72618714496988
P00562,3,2.6,3.1617837153341686
P00563,4,6.6,6.379780724045603
P00564,2,6.4,6.491072339024052
P00565,1,7.3,6.683455352253095
P00566,2,6.7,5.683294530935657
P00568,1,5.6,5.187343814843892
P00570,1,8.5,8.084324538013636
P00571,3,6.0,6.647013697419344
P00572,5,6.1,6.853929345280015
P00573,1,5.1,6.450025248048016
P00574,1,5.4,5.956785816021282
P00576,2,5.0,5.826787155916687
P00578,3,6.9,6.306737324316367
P00579,5,6.5,5.596293182308851
P00580,1,8.0,6.263758815222046
P00581,3,5.2,6.045350456602796
P00582,5,6.0,6.813600830716985
P00583,4,3.4,3.0171218136038966
P00587,1,9.0,7.281425933084915
P00588,3,7.0,6.956483322597727
P00589,2,6.7,5.582794286739284
P00590,1,8.5,6.70956982229633
P00591,4,3.9,4.836621333559615
P00592,4,4.0,3.228170757435101
P00593,1,6.9,6.669543637763222
P00594,2,7.1,6.624254015988856
P00596,4,5.6,5.112473112413437
P00599,1,5.0,3.8476907120957025
P00600,4,9.2,7.668330448661832
P00601,2,7.2,6.433576280444009
P00602,2,4.1,4.7155911030002775
P00603,5,5.0,6.4353577401885635
P00604,2,4.6,4.8850356432904505
P00605,5,9.0,6.878270433705701
P00606,4,4.7,4.438126756006099
P00607,1,8.0,6.586295046790993
P00608,5,6.2,5.719933452405029
P00609,1,5.4,6.327246150503054
P00610,2,7.4,6.710254159317976
P00611,1,6.0,5.9526832912332495
P00612,4,5.8,6.447775977971003
P00613,2,3.1,4.387434050291756
P00614,5,4.5,4.816669175508422
P00615,4,6.4,6.648521519167071
P00617,2,5.4,6.184457298456381
P00618,1,4.8,4.701100148423344
P00619,4,5.4,5.344972784549293
P00620,4,9.0,8.619507843806385
P00622,1,5.8,6.919706860548423
P00624,3,6.4,7.318718314987166
P00625,1,4.4,5.239366662465647
P00626,4,6.8,6.898208027574436
P00627,3,7.1,6.6394825192721925
P00628,5,8.5,8.616389349773536
P00629,1,6.4,5.859520239426222
P00630,4,7.9,7.475591178925926
P00632,1,5.5,6.2632926510540745
P00633,1,6.1,6.361310823277023
P00634,4,5.7,5.985196213854625
P00635,2,7.8,7.063530266729277
P00638,4,8.3,7.946379025446511
P00639,2,3.4,3.7436605204536666
P00640,4,3.1,2.7314170834273397
P00643,1,8.4,7.468802903104809
P00644,2,9.6,7.947768698332686
P00645,1,8.0,6.887504076105042
P00646,1,4.0,4.161712759184013
P00647,2,9.4,7.607434309447162
P00649,3,6.6,6.1001374570842914
P00650,4,4.0,4.578289185947849
P00651,1,5.0,5.959347398218429
P00652,2,6.2,6.2941813535382805
P00653,4,6.0,6.259558597831451
P00656,5,7.9,7.325662505045781
P00657,5,8.7,6.533625549011983
P00658,5,4.0,5.050192859434799
P00659,2,4.2,4.454716472136604
P00660,2,3.6,5.884849033030343
P00661,2,2.0,3.561498670748132
P00664,1,4.9,5.8324732024461605
P00665,2,6.7,6.419572076520588
P00666,1,6.6,6.400742924877752
P00667,2,5.3,5.571118679869608
P00668,3,5.5,6.048060536331442
P00669,5,6.5,6.436351580467497
P00670,3,4.4,4.499527802228876
P00671,5,8.0,7.783376132632421
P00673,5,8.9,8.992775994314943
P00674,4,7.6,7.283412678740507
P00675,1,7.9,7.9564245839777
P00676,1,5.7,5.624100525734576
P00677,5,5.3,5.284539248161581
P00680,1,5.1,4.8827385114201345
P00681,4,4.2,5.8306225534195
P00682,4,4.7,5.766914045086111
P00683,4,5.7,7.218962817294155
P00684,1,4.8,4.032010743888798
P00685,2,6.6,6.425517049724765
P00686,3,6.8,7.050859119859673
P00688,5,7.1,7.127993190662648
P00689,4,3.6,4.826877653426822
P00690,3,5.9,5.963420523003133
P00691,5,6.0,6.484646396594516
P00692,4,4.5,3.8780260423961304
P00693,4,5.3,5.241941441974326
P00695,3,8.0,7.250825108077275
P00696,5,8.9,8.123246095929666
P00697,3,6.7,5.948806724940527
P00699,5,6.8,6.395060251992354
P00700,4,7.5,7.340012838263938
P00701,3,3.6,4.8512788390856
P00702,4,5.8,5.635380307562665
P00703,2,4.0,5.098618230092469
P00705,4,6.9,6.4796527505317165
P00706,1,4.5,4.251968290494958
P00707,3,8.8,6.778373744995626
P00708,5,5.7,6.45632769443635
P00709,4,5.8,4.689918054931859
P00710,4,6.8,6.575832297996106
P00712,3,7.5,6.178758812263837
P00713,3,7.0,5.928932091971494
P00714,2,4.4,4.70040002130434
P00715,2,5.6,6.043407130866688
P00716,1,6.9,7.152258565509426
P00717,4,6.6,7.452134784880493
P00718,3,6.6,6.408413012654098
P00719,2,6.0,6.563717640698398
P00720,1,5.8,6.259764354197968
P00722,5,7.6,7.1969580217719535
P00724,5,7.0,6.352170160678216
P00725,4,5.2,4.420491962700944
P00727,3,5.7,5.26494547298652
P00728,4,7.8,7.238774651870321
P00732,5,5.3,5.465960577381229
P00735,5,6.2,5.269927889609047
P00736,3,3.0,3.8259533200882534
P00737,3,5.1,6.566690750567256
P00738,2,8.3,9.241006831273726
P00739,2,7.0,6.64913082404304
P00740,5,4.6,4.60696857257264
P00741,2,6.8,6.916918692649054
P00742,2,7.2,5.970018906849355
P00743,4,8.4,6.9764051704983725
P00744,2,6.9,7.052045313955725
P00745,4,4.6,6.349935011815244
P00746,2,5.3,4.842901546642131
P00748,4,4.6,4.647374219083261
P00749,5,6.5,7.766763042585083
P00751,3,3.2,4.909865003921482
P00753,1,5.9,7.037330187383483
P00754,4,9.2,7.069269070600805
P00755,1,6.9,6.432815863340475
P00756,1,7.2,7.548241744437878
P00757,3,4.0,5.904230758497312
P00758,4,6.1,5.804065542739599
P00759,2,5.2,5.715915329492517
P00760,5,7.6,7.689019009736029
P00761,5,7.0,7.703611234183211
P00762,2,8.8,6.3920005396676975
P00763,5,4.6,6.302878715764173
P00765,1,8.0,7.470119057593114
P00766,4,6.5,6.188442218728153
P00767,2,3.1,4.219743731314454
P00768,1,4.3,3.787727281128925
P00769,3,5.9,6.929127478100009
P00770,5,3.8,4.677392364305476
P00771,3,5.0,7.487146599927149
P00772,4,3.0,3.1050848120443537
P00773,3,3.8,5.04269084492542
P00774,3,5.7,4.791621734967419
P00775,2,6.1,5.5630592519560444
P00776,2,7.0,5.248275971740585
P00777,5,6.8,6.538419533021086
P00778,1,6.2,6.447259149252213
P00779,4,8.1,6.6523119629116865
P00780,1,6.7,6.208950791075689
P00781,5,6.9,6.910816665541282
P00782,1,6.1,5.400554549850415
P00785,5,4.0,4.072893258972007
P00786,4,6.3,7.179797424038047
P00787,5,6.1,5.112995014031034
P00790,4,6.4,6.663792272480469
P00791,2,5.9,5.980600316461294
P00792,1,5.1,4.903960897859267
P00793,1,5.1,4.689162332722974
P00794,5,5.5,4.914914887257303
P00795,2,5.5,5.67205511111667
P00796,1,4.9,4.33096398089707
P00797,2,8.1,6.053076459441271
P00798,5,4.7,4.477086731640318
P00799,2,6.4,7.0368282543512874
P00800,2,8.6,8.26733078344294
P00801,3,5.9,6.287425535332113
P00802,1,4.6,5.061506253542335
P00804,5,5.6,5.932788159416169
P00805,4,7.3,7.821657888691169
P00806,5,5.7,5.7549351892665115
P00808,2,5.2,5.983505858530264
P00809,5,7.2,6.890701437729641
P00810,3,6.6,6.460144348906667
P00811,5,7.7,5.9058697641790765
P00812,1,6.7,6.630709998051147
P00814,4,7.5,7.83782151496694
P00815,2,7.4,7.338592098695061
P00819,4,4.0,4.155300155028323
P00820,1,5.6,6.5398337127659465
P00821,2,5.2,5.543095451671635
P00822,1,4.9,5.419926508700246
P00823,5,9.5,7.358093178285701
P00824,1,4.6,4.877270611587817
P00825,5,6.0,5.818116161647893
P00826,2,5.9,5.597409212208353
P00827,3,7.4,5.5997427420212835
P00828,5,7.6,5.242871711301741
P00829,3,3.1,3.710505067574356
P00830,1,3.8,3.006298435328581
P00832,1,4.9,5.675951516490724
P00833,3,6.2,6.628475761241099
P00834,4,5.0,6.194538555874351
P00835,4,6.0,5.174969235633374
P00836,1,9.7,7.8427123666458325
P00837,5,8.9,7.837235608602623
P00838,5,7.8,7.652242120501149
P00840,2,6.3,7.735533722105304
P00841,3,6.2,4.84160808136917
P00842,5,6.5,5.546984301474964
P00843,4,9.8,8.301164514696081
P00844,4,7.6,8.309996553876895
P00845,2,5.5,5.772699929392583
P00846,5,4.4,4.817662169237998
P00847,3,2.2,2.1731815149929545
P00849,3,4.8,4.967308774541458
P00850,5,7.7,7.303134692896937
P00851,5,5.3,6.408773333068915
P00852,2,4.4,4.547278745477535
P00853,5,6.4,6.34783001407793
P00854,3,8.9,8.56805612684067
P00855,2,7.1,7.480361394226345
P00856,2,5.2,6.149850107079978
P00857,1,5.6,6.8704065975544015
P00858,5,4.8,6.126575926280681
P00859,4,4.3,4.135800259728684
P00860,3,3.2,3.1658381360112258
P00861,1,6.0,5.890503145221407
P00862,2,7.2,7.209311864410803
P00863,5,6.5,6.715378504836601
P00864,2,6.0,5.304660497696077
P00866,5,5.5,6.365023337633658
P00867,5,7.3,6.288117683230535
P00869,4,7.1,7.250247306639398
P00871,5,5.4,6.059498512726216
P00874,1,6.5,6.820360256717937
P00876,5,5.8,5.519543561905522
P00877,5,7.3,7.791295337644984
P00880,3,3.7,4.736501865737585
P00881,1,8.7,8.495277531583938
P00882,2,3.3,3.932979269193761
P00883,4,7.6,6.319656831599079
P00884,5,7.2,5.908158521070469
P00885,4,2.3,3.147735929295563
P00886,4,6.2,5.554865348156249
P00887,4,5.3,5.758471406322753
P00889,2,6.2,6.32183007216452
P00890,5,4.8,5.0265003834289
P00891,2,4.9,6.062062171014973
P00892,5,5.8,5.1034549664529445
P00893,3,6.1,6.81310713995446
P00895,3,5.8,5.629570382916634
P00896,1,8.4,8.146765605883136
P00897,1,7.0,6.669080271305887
P00900,4,6.0,5.645049787279566
P00901,4,5.3,4.01162202946816
P00902,1,7.4,6.974286221201601
P00903,5,6.6,7.353242312399251
P00904,3,4.9,6.563375841484243
P00905,3,7.8,7.051034618082091
P00906,2,3.9,2.9103573557381437
P00908,4,6.6,6.67440733641106
P00909,1,7.1,7.352936997760452
P00910,2,4.6,4.688956129219427
P00911,1,7.8,7.44330249401406
P00912,3,9.4,7.535900678193544
P00913,1,5.1,4.195744213846464
P00915,5,5.9,6.244627661806603
P00916,3,8.4,6.4050894779840855
P00917,3,5.3,4.72433848545918
P00918,1,2.9,2.881864156945156
P00919,2,6.9,6.766565627741723
P00920,5,3.6,3.0388458922163983
P00923,5,6.0,6.698083773220092
P00924,4,6.9,7.590041532949142
P00925,1,6.8,6.503514041144302
P00926,3,5.8,6.276469874485439
P00927,3,6.4,6.847952558649446
P00929,1,6.1,6.377906194180673
P00930,5,4.4,4.633201735354159
P00931,2,4.6,5.1777802027996636
P00932,3,7.4,7.1133884855303595
P00933,1,6.6,6.595415408942836
P00934,3,7.7,6.965855306543714
P00935,2,6.7,7.311089546280188
P00936,3,4.9,5.05936666262944
P00937,2,6.8,5.979509335921279
P00938,4,5.7,5.7639534372261165
P00940,4,5.4,5.784656916669796
P00941,4,4.2,4.437217462536888
P00945,5,4.2,5.25437458589457
P00947,5,4.0,4.246441890779393
P00948,2,5.2,6.458379212761571
P00950,3,4.9,4.854550993892717
P00951,4,4.1,5.615358633096985
P00952,5,6.5,6.230016573249505
P00953,2,6.7,5.720130491578195
P00954,2,6.2,6.792844464316337
P00955,1,6.4,5.738775504371655
P00956,2,6.3,6.685686393740427
P00957,3,5.9,6.093593623406229
P00958,5,8.1,6.585984203555405
P00963,2,7.8,7.6703359516735565
P00964,3,7.6,7.038943403167954
P00965,4,5.0,4.7359570247449145
P00967,5,6.8,6.790737266019785
P00968,5,5.4,5.457727785171413
P00969,5,3.5,3.301952859309899
P00970,3,4.4,6.388493168103846
P00971,3,8.0,7.500852551362312
P00972,4,5.9,6.436830896493527
P00973,2,7.5,7.139631253972333
P00974,1,4.9,5.653068961917512
P00975,1,4.5,5.538697234764195
P00976,5,6.3,6.836196832505062
P00977,1,4.1,4.8446562495772065
P00978,2,5.9,5.880141293284132
P00979,2,5.1,5.568336425287456
P00980,5,9.0,7.406218051141418
P00981,2,6.5,6.7542257791884355
P00983,3,6.8,7.264947623303568
P00984,4,5.7,4.246977459224849
P00985,1,4.9,5.05059008170777
P00987,4,6.0,4.372858281967002
P00989,4,8.2,7.313565505926891
P00991,5,7.8,6.652754194052255
P00992,1,9.0,8.745129637851402
P00993,5,4.2,5.157156043914636
P00994,3,7.9,8.555626922607134
P00995,4,5.8,6.549992184843719
P00996,2,6.6,6.517195351669461
P00997,5,5.2,6.7186077694346995
P00999,5,6.0,5.873065805925273
P01000,3,4.2,5.405504176657549
P01001,4,7.3,5.424981639380633
P01002,4,6.5,6.347691774797856
P01003,4,5.6,5.880290435548682
P01004,2,5.5,6.21279294617086
P01005,1,5.7,6.287165681735734
P01007,2,3.4,3.2410674364451983
P01008,4,6.2,5.995820851536584
P01009,2,5.5,6.456960817248756
P01010,3,5.1,5.687654231892871
P01011,3,5.3,5.178465403395441
P01012,2,4.9,4.58802403172853
P01013,4,4.9,6.190938651001905
P01014,4,4.2,4.729579424375127
P01015,3,6.9,6.40645547484142
P01016,5,6.6,6.06943606477723
P01017,2,7.1,7.150504383670198
P01019,2,6.6,6.2043812967890215
P01020,5,3.2,3.7976588169481658
P01021,5,5.5,5.441734498597839
P01022,3,4.7,4.205574565472984
P01023,3,5.1,5.7396947521557
P01024,3,5.1,5.5250884749119145
P01025,5,8.6,9.071153217461127
P01026,3,8.2,6.717735060636864
P01027,1,4.9,5.332316627057874
P01028,4,5.8,5.692805698175513
P01029,2,5.4,6.841775242691525
P01030,2,5.4,6.75183993678572
P01031,4,8.4,6.762353654924006
P01032,1,5.1,4.496943431496119
P01033,2,3.0,3.09345410805188
P01034,3,6.3,4.53668679062306
P01035,3,6.6,6.9905031841265775
P01036,3,2.6,1.084344093818558
P01037,4,8.4,6.487265417233397
P01038,2,4.0,4.0341961505442105
P01039,4,7.6,6.233072553549988
P01040,2,6.2,6.934586568885102
P01042,4,5.3,6.069006185422607
P01043,2,5.7,5.558102388617839
P01045,3,7.4,6.313819436664974
P01046,3,5.8,5.314110053093004
P01047,2,7.6,6.282120904964277
P01049,1,3.0,3.3557268107290383
P01050,1,9.2,8.173038281714032
P01051,5,5.4,6.758606731815348
P01052,3,6.2,5.926174888134417
P01054,1,4.5,5.443037647797008
P01055,3,7.8,6.935155644331265
P01056,3,4.2,6.087842931821285
P01057,1,4.1,5.101274765008165
P01058,5,6.3,6.705399134990056
P01059,2,4.7,4.293466852867054
P01061,2,5.4,6.007563510848809
P01062,5,6.3,8.225250967014253
P01063,5,7.8,6.360472081315053
P01064,4,7.2,6.653923135915119
P01065,3,3.4,4.10539732257906
P01066,1,6.2,4.950455693733759
P01067,3,7.0,7.538691842996967
P01068,3,4.2,4.73465876052185
P01069,5,5.8,7.678393527127932
P01070,2,9.5,8.937724812810146
P01071,5,7.1,6.906160792936381
P01073,3,4.4,5.025212224652187
P01074,4,6.7,6.3841236595757325
P01076,4,6.9,5.295729713008162
P01077,4,3.8,3.9212780878842874
P01078,4,3.4,4.6638422967300635
P01080,3,7.5,6.5863118580269475
P01081,2,9.6,7.878107047705818
P01082,4,6.0,5.865090058872604
P01083,1,5.1,4.530034144027792
P01084,2,5.4,4.6972935673176375
P01085,3,8.7,8.44703224547411
P01086,2,7.0,5.766183277967181
P01087,4,5.8,6.264933784917244
P01088,4,9.4,8.50318451482369
P01089,3,3.7,4.100914185081274
P01090,3,6.6,5.521592890526071
P01092,1,6.6,6.535405412363469
P01093,1,5.7,6.484480859895518
P01094,3,4.8,6.045159398525005
P01095,3,4.7,6.064388815883789
P01096,3,7.1,5.903003335470542
P01097,3,3.0,3.2965953759135522
P01098,2,6.4,6.664927923685024
P01099,4,6.0,7.771755205077265
P01100,5,5.7,5.696083703883776
P01102,5,6.1,6.792947514144389
P01103,1,7.3,6.7202422076588535
P01104,5,3.3,4.931289212548156
P01105,5,4.9,6.082327232934667
P01106,2,6.1,6.173382290163419
P01107,3,3.3,4.553661342957286
P01109,5,7.3,6.363442016601671
P01110,5,5.1,5.32744843166421
P01111,2,7.3,6.713198299308065
P01113,4,6.5,6.2171522013326115
P01114,2,4.8,6.165985751128807
P01115,4,8.3,6.731231162527014
P01118,2,7.4,6.244974367879562
P01119,4,4.7,5.023953384234257
P01120,3,6.5,6.281399603059722
P01122,4,5.2,5.794163632176044
P01123,1,5.7,6.982783270852311
P01124,2,5.5,6.325744811890037
P01125,1,7.4,5.3601455673687
P01126,5,4.5,4.9425827678793794
P01127,5,5.2,6.891451010146718
P01128,2,7.6,6.068033489652653
P01129,1,7.5,6.796355874992965
P01130,4,7.8,7.740364752738325
P01131,2,8.4,6.577683139629372
P01132,5,7.2,7.939483045689924
P01133,5,6.8,5.911979933717569
P01135,2,6.8,6.242742704340253
P01136,3,9.3,8.026753355263756
P01137,2,6.3,6.22776068399003
P01138,3,6.6,7.00238267225796
P01139,1,6.4,6.627325156819273
P01141,1,4.4,5.401697413932078
P01143,1,8.5,7.166593644139281
P01145,5,6.5,6.446652740929409
P01146,4,8.7,7.472388548078396
P01147,4,6.0,6.900375302300569
P01148,3,5.8,6.238473719850563
P01149,1,7.8,7.294608486848354
P01150,3,6.5,7.317813497576814
P01151,3,8.2,7.62974287886371
P01152,4,7.2,6.322560093842067
P01153,5,6.6,5.379530257685884
P01155,5,6.1,7.30545694979923
P01157,2,6.0,6.882814715378791
P01158,1,4.7,5.238965065193227
P01159,2,5.8,5.3740791478025365
P01160,2,7.0,5.362694645426341
P01161,4,5.4,6.83924835655182
P01162,1,8.2,7.528229688545236
P01164,4,7.7,7.412345794052413
P01165,5,5.8,7.167391241514843
P01166,3,7.3,7.950961647278286
P01169,1,5.4,5.695788767062079
P01172,2,7.0,5.6647907347809685
P01174,4,7.0,5.949836698516799
P01175,4,7.8,7.668702852021326
P01176,5,8.0,5.212837861367399
P01177,1,5.0,6.549788550580184
P01179,5,6.9,6.96225558217032
P01181,2,5.3,5.915287493967981
P01182,1,7.0,7.864201565769991
P01184,4,7.1,7.416234583036881
P01185,1,7.4,7.075886313485199
P01186,3,5.0,6.4656609088636925
P01187,4,5.2,5.970148974169959
P01188,3,5.7,5.78995028935178
P01190,3,5.7,5.218785885596534
P01191,4,6.6,7.8589591925068305
P01192,4,5.6,5.661455702457375
P01193,3,6.5,6.142129863283113
P01194,2,5.3,4.374064577429792
P01195,3,5.8,5.197422714280536
P01196,2,7.4,6.509705457720986
P01197,5,7.8,6.993332211884228
P01198,3,5.7,5.385402931195261
P01199,2,4.2,5.073829012071656
P01200,3,9.6,7.6615719793560535
P01201,3,3.9,3.9934446413195728
P01202,1,6.8,6.740034263647368
P01203,3,8.0,8.84735830679368
P01204,3,5.1,6.275536092496366
P01205,2,4.7,4.4627882236281895
P01206,3,4.4,5.863707914345803
P01207,3,8.8,6.785150782337436
P01208,3,7.4,7.555004111530348
P01209,5,4.4,5.2786951875153525
P01210,5,5.7,6.019423258434538
P01211,5,3.8,3.40457088484073
P01213,1,6.3,5.7076076685022334
P01214,2,3.9,4.907760223851627
P01215,1,4.4,4.885740771173367
P01216,5,7.2,6.638684470870997
P01217,4,5.9,6.154822361474192
P01218,1,6.6,5.633168854217591
P01220,4,3.5,3.520978359094781
P01221,1,6.2,6.096995845245992
P01222,1,8.0,7.922856847511525
P01223,2,7.9,7.825153427255028
P01225,2,3.7,4.471458067733659
P01226,5,9.7,7.925952350159545
P01227,2,6.1,5.381765727892602
P01229,3,7.2,7.122850685707097
P01230,2,6.4,5.693085187399024
P01231,3,6.7,6.348561988480861
P01232,1,4.5,5.743283304003503
P01233,2,6.2,7.25454334140019
P01234,3,4.7,4.867404515987522
P01235,3,5.8,5.687222983876056
P01236,3,5.4,5.101943292687184
P01237,2,4.8,4.6637753818197965
P01238,5,8.3,7.227100256130996
P01240,5,5.7,5.233897626434732
P01241,3,6.1,6.285316974898656
P01242,4,5.6,6.483913629701903
P01243,1,3.9,4.827182696554845
P01244,1,5.2,6.427361374096525
P01245,1,4.8,6.054941232240446
P01246,1,5.6,4.461577512769879
P01248,1,6.3,6.553310930773911
P01249,3,2.1,2.2465482605539533
P01250,2,6.0,4.785378087324817
P01251,1,4.3,4.884212996441175
P01252,2,6.8,6.642683695570482
P01253,4,7.0,6.7380261377705795
P01255,5,6.5,6.29137155059917
P01258,4,6.2,6.316204457167289
P01259,1,6.4,6.719782834184677
P01260,5,8.5,7.427460607140281
P01261,2,5.6,5.191268413608586
P01262,1,5.6,6.235151911725073
P01263,1,3.3,3.905362306212766
P01264,3,5.9,7.972511919704138
P01266,3,3.6,4.075360070623429
P01267,1,7.8,8.144173110433208
P01269,3,6.8,7.120185789673698
P01270,3,3.6,3.6902044619507097
P01271,5,1.7,3.4576437833723697
P01272,3,5.9,6.7638258454689995
P01273,1,6.2,6.6205783465989665
P01274,5,7.2,6.764466004179014
P01275,4,6.9,7.88628661255039
P01276,2,7.5,6.557193947523528
P01278,2,5.5,7.798058045535046
P01279,2,7.3,6.92418235534975
P01280,2,5.8,6.458945199639415
P01282,3,5.6,6.905053062713105
P01283,4,5.8,6.271087125675209
P01284,2,3.9,3.8476086027949674
P01286,3,7.2,6.99685888233478
P01287,5,4.7,3.689912901027088
P01288,4,7.7,7.7438922541395945
P01290,2,5.9,5.938503956328028
P01291,4,7.7,6.559232144946657
P01292,5,8.4,8.394261371217262
P01293,1,7.2,6.645232364229659
P01294,5,4.9,5.99224039740954
P01295,5,8.7,7.242663483545634
P01296,3,6.7,6.285971569707358
P01298,3,7.5,6.017759653501201
P01299,1,6.2,6.351524600531793
P01300,1,7.1,4.947071634344884
P01301,3,4.7,5.324498671222171
P01302,4,8.3,7.766332767322885
P01303,3,5.0,5.64705133902795
P01304,2,5.4,5.9415312874113875
P01305,2,5.5,5.4834046797908975
P01307,4,8.4,7.8120746057257495
P01308,1,6.2,5.859894123751755
P01309,5,6.9,7.165857117976554
P01310,1,4.5,4.654596017500603
P01311,5,2.7,2.2591426079427923
P01312,2,7.6,4.903399113817358
P01313,1,2.7,3.980913846310627
P01314,2,6.2,5.263090194258468
P01315,1,5.6,6.28151842316337
P01316,5,4.8,7.1502924962401755
P01317,4,9.8,8.31592430305501
P01320,4,5.1,5.542310950158058
P01321,4,4.2,3.6268616644818543
P01322,2,6.6,8.276595109837839
P01323,1,5.1,5.384441624579656
P01324,1,7.5,5.888390097723814
P01325,3,5.1,5.9781002415198445
P01326,1,5.5,5.263032781660858
P01327,5,5.7,5.561758279808674
P01328,4,6.2,7.738102749596833
P01331,4,2.6,2.298216571268312
P01332,5,4.7,4.11561882265822
P01334,2,8.2,7.284552417969658
P01336,2,4.7,4.495645785036093
P01337,4,8.1,7.780152044950454
P01338,3,2.9,2.505675387900654
P01339,4,5.5,4.740706932737504
P01340,5,6.2,5.821687259818539
P01341,5,5.4,7.186571419597896
P01342,1,5.5,6.174775973068117
P01343,3,6.9,6.16643289788902
P01344,1,6.3,5.80270038291754
P01345,1,7.2,7.538807735068211
P01346,2,4.5,6.099838240051879
P01347,5,3.5,4.92399113452487
P01348,4,7.0,7.010518969485568
P01349,1,6.0,6.528716084400342
P01350,4,7.9,8.068840251172293
P01351,2,6.5,5.585762669345135
P01352,1,4.3,4.638576495424009
P01353,4,6.0,6.565747203943057
P01355,4,6.1,5.866370901766149
P01356,1,4.8,3.552304968556472
P01357,3,5.4,7.13574280815511
P01358,1,8.8,6.887889484395087
P01359,1,5.4,6.522961167920225
P01360,4,6.9,6.183284306558074
P01361,1,8.4,7.860628018725461
P01362,3,5.5,4.081682009326623
P01363,5,5.1,5.640709733772058
P01364,3,3.1,5.049938254000901
P01365,4,8.0,6.612743113833883
P01366,1,7.4,7.837216656273458
P01367,2,9.4,7.852384593140555
P01370,5,7.0,7.3196671091306
P01371,3,7.0,7.498220552548385
P01373,1,5.6,6.242671869645509
P01374,5,4.1,5.483004765189752
P01375,2,5.2,5.6186837033161625
P01376,3,4.6,5.740562121199906
P01379,3,2.3,4.32561485909576
P01380,2,5.4,5.759699949161355
P01381,1,6.0,5.335459203292922
P01382,1,8.0,6.392639940065848
P01383,4,5.4,6.230469805992493
P01384,2,8.2,7.278088370397381
P01385,4,7.1,8.545198349134825
P01388,4,4.1,5.039377784205824
P01390,4,7.9,5.915907065369872
P01391,1,8.6,7.942234776497035
P01392,2,6.5,6.022751703241687
P01393,4,6.4,7.219429786173601
P01394,1,5.0,5.61649866736841
P01395,2,7.0,7.5529819353165495
P01396,5,4.1,4.516730659478993
P01397,4,7.4,6.478026603969741
P01398,5,4.2,4.711004711493205
P01399,1,7.6,7.218065092378565
P01400,1,9.1,7.05053208337174
P01401,2,7.1,5.824685887754648
P01406,2,6.2,5.138007887502388
P01407,2,6.5,7.325517586930854
P01408,4,2.3,3.534258274647674
P01410,5,6.8,6.777378041315295
P01412,1,5.6,6.760567730394795
P01413,4,4.9,4.250323135606944
P01414,4,6.3,6.358225474855332
P01416,3,7.3,5.956107267341461
P01417,5,5.9,4.669985898325887
P01418,4,4.4,4.292408306779545
P01419,2,6.4,6.408759571526758
P01421,3,3.2,3.940309648004094
P01422,3,6.1,7.2307766097343285
P01423,1,7.6,8.271404532390344
P01424,5,6.3,6.958526054871934
P01425,1,6.7,7.70286960470423
P01426,1,5.4,6.219743694271285
P01427,3,7.6,7.469326768315538
P01428,2,7.9,6.474967462567161
P01429,1,4.9,4.112011199574574
P01430,5,6.6,6.543280739261363
P01433,3,4.5,4.259607209447063
P01434,3,5.0,5.517765388063002
P01435,5,6.8,6.676395873230993
P01437,4,8.0,6.974999193389808
P01438,1,5.4,4.4711174427339335
P01439,1,4.7,4.434211814794122
P01440,3,8.0,6.539377068875186
P01441,3,5.6,5.989992934783203
P01442,1,6.8,6.722201636274338
P01443,2,4.8,4.245088810418179
P01444,5,4.3,4.956297710189033
P01446,1,7.6,7.099921527762247
P01447,5,1.3,2.8851022624000815
P01448,1,7.2,6.144960643533586
P01450,4,8.1,6.8057942842679235
P01451,2,1.5,2.5334859557485006
P01453,4,5.5,6.411594109881329
P01455,3,7.8,6.763444757871537
P01457,4,8.3,7.732456038704502
P01458,4,7.9,7.099880939089073
P01459,4,4.2,4.599828164984642
P01460,4,6.4,6.57315666823684
P01461,3,7.8,6.3538725825735725
P01462,3,6.1,6.296017614889619
P01463,3,6.8,5.331034554354608
P01465,5,6.0,5.729088775683774
P01467,5,3.5,3.6868410676009837
P01468,3,6.8,7.139478641936389
P01469,2,6.4,6.459801393896505
P01470,2,7.2,7.672334087576768
P01471,2,5.2,5.639662533178127
P01472,4,5.1,5.850756055725776
P01474,3,6.9,8.286560456174627
P01475,5,5.4,6.059912309023919
P01476,1,8.0,7.8455556404455
P01477,2,6.1,6.498741666274463
P01478,1,4.8,5.0775503669700655
P01479,1,5.6,6.387038299686416
P01480,2,5.4,5.65305255492611
P01481,5,4.0,4.66405034481239
P01483,3,4.3,4.055687458141376
P01484,2,6.0,6.046016662410114
P01485,4,6.6,7.255016002369483
P01486,2,7.5,6.212504645156273
P01487,3,7.8,7.1111403937746225
P01488,4,4.8,4.404735083264226
P01489,4,6.7,6.5363576663535605
P01490,3,6.2,4.4257796865325885
P01493,4,9.6,8.835305294087618
P01494,4,5.5,5.294799653900139
P01495,4,4.9,6.287965336032957
P01496,5,7.2,6.716059568065499
P01497,5,5.4,5.175362686907021
P01498,3,5.9,5.817273059939465
P01499,4,7.3,6.321943416715227
P01500,3,6.6,6.338168158098354
P01502,1,8.4,7.273992013677544
P01503,1,4.8,5.422533086213754
P01504,4,9.4,8.443467833245801
P01505,5,6.5,5.468330664696589
P01506,4,5.4,5.779410319756085
P01508,3,3.4,3.2489133750793626
P01509,1,7.3,7.866381227226357
P01510,1,8.6,8.818617281281044
P01511,5,5.8,6.623637671427167
P01512,2,5.2,6.0584460175983
P01514,3,6.1,6.495952074452791
P01515,1,5.2,6.253199516162847
P01516,4,4.6,4.859223649017936
P01517,5,6.4,6.270063889372508
P01519,1,3.8,5.558647738198902
P01521,3,4.2,4.0968962078891735
P01522,2,6.4,7.207887293195714
P01523,1,7.3,6.976118267505203
P01525,2,4.6,4.354054207284408
P01526,2,4.9,4.390610844083811
P01527,5,8.3,8.276188241382693
P01529,3,4.8,4.838985972434017
P01530,5,6.5,5.726956568066303
P01531,5,8.0,7.890623532512983
P01532,2,7.6,7.169616490393346
P01533,3,4.1,6.221416626647424
P01534,4,5.0,6.2439250572880844
P01535,3,4.4,3.8438593718850553
P01536,3,6.5,5.98653610602261
P01537,4,6.4,7.332771629361919
P01538,4,9.2,7.5466910406022505
P01539,2,7.5,7.111069804655105
P01540,4,8.2,6.575139029143768
P01541,4,7.9,6.409194555978427
P01542,1,7.6,7.585775404317705
P01543,3,4.9,5.140380338327567
P01544,2,8.1,6.909599253975776
P01546,2,4.0,4.769169589675566
P01547,3,1.9,3.7292273832182437
P01548,5,5.9,6.620359026575395
P01549,2,5.9,7.726156275611357
P01551,2,2.5,5.068976591828497
P01552,2,4.8,5.038866500216221
P01553,2,5.5,6.823078339269781
P01554,1,3.3,4.7695957252303876
P01555,5,6.8,6.338686630716055
P01556,4,4.3,4.513859861053715
P01557,2,3.4,4.621483970871146
P01558,5,7.1,6.654620268987133
P01559,3,8.2,7.0664355732489454
P01561,4,3.5,2.9030634481353204
P01562,4,7.0,4.890660155752643
P01563,4,7.4,5.19678897805291
P01564,1,6.2,5.442291526985834
P01565,2,3.4,4.516402139911054
P01566,2,3.4,4.954817923725555
P01567,4,4.0,5.994853414452665
P01568,5,5.9,4.992401771589783
P01569,5,4.4,5.625586457548805
P01570,3,6.7,6.63745490082983
P01571,1,6.7,6.3751386847904
P01572,2,5.5,7.257894066254762
P01573,2,5.0,6.464885195839942
P01574,3,7.0,7.25372212539263
P01575,5,5.4,5.811564114843407
P01576,2,2.9,3.3157371997303122
P01577,3,7.0,7.413197302359858
P01578,4,2.4,2.9986186090668463
P01579,2,6.4,6.596469898238569
P01581,2,6.2,6.3036405396717505
P01582,3,5.7,6.783447364810941
P01583,5,6.6,6.816366409746496
P01584,3,4.7,5.749533471664931
P01585,5,7.6,7.995151109410088
P01586,5,5.2,6.244716693695908
P01588,1,7.7,6.80516843959978
P01590,1,6.4,6.0947983351721335
P01591,4,6.9,6.3837314018980456
P01592,5,7.0,5.833128855452066
P01593,4,8.4,7.707279518369861
P01594,5,5.4,7.1046272780054895
P01595,2,5.3,5.872047314009088
P01597,2,7.5,7.732524947877514
P01598,5,6.2,7.0952857705149475
P01599,1,4.6,5.073349576328024
P01600,2,4.3,4.863488675235767
P01601,2,2.6,3.8721073944832365
P01602,3,7.5,6.001895663321811
P01604,2,7.7,6.6821930591594345
P01606,4,7.1,6.578954026887133
P01608,5,5.1,6.843818296109928
P01609,1,8.9,8.638286329048112
P01610,1,3.8,4.427503687777741
P01611,4,4.3,4.794624123218417
P01613,5,5.1,5.860708756069739
P01616,3,6.1,6.121325071275505
P01617,4,6.6,6.425246457031078
P01618,2,4.1,5.44831066746896
P01619,3,5.7,5.021335922059956
P01620,2,5.4,6.248072498311125
P01621,1,5.8,6.594314289595159
P01622,3,4.9,3.723525072434228
P01623,5,6.8,7.184267727171721
P01625,5,8.4,7.177127325966107
P01626,1,7.1,6.851018083625193
P01627,4,5.2,6.409308239292093
P01628,2,4.2,4.608588484347325
P01629,4,6.3,5.13291602759338
P01630,2,6.9,6.493330744475873
P01631,2,7.5,6.809172172776301
P01633,2,3.9,4.067182240941223
P01634,1,3.9,4.395972023581607
P01635,5,5.2,5.194941548589678
P01636,2,7.7,6.9980851881265735
P01637,2,5.3,5.000281575629172
P01638,4,8.6,7.047816665976011
P01640,2,8.4,7.241683485513848
P01641,5,7.2,7.070150245864044
P01642,4,7.5,6.757379673407869
P01643,4,6.8,5.985551570399518
P01644,1,6.6,5.814663936071113
P01645,4,4.5,5.366914527217274
P01646,1,5.8,6.5860776948768915
P01647,3,4.4,4.563699853508573
P01649,2,7.2,7.055843263266075
P01650,4,5.4,4.934491891433038
P01653,2,5.8,6.384152407197112
P01654,2,6.4,6.203842180585732
P01655,5,6.6,6.066769690681115
P01656,2,6.0,6.747517388028614
P01657,3,7.4,6.97754084556575
P01658,3,7.8,6.946320173356476
P01660,5,9.3,6.700480305536548
P01661,4,7.0,5.9616481092163145
P01662,1,3.7,4.183257687051779
P01663,2,6.3,5.821540856295551
P01665,4,5.0,4.159798792896946
P01668,2,7.6,6.827752079785187
P01669,3,7.5,7.321491999890434
P01670,4,6.8,7.578214563325221
P01671,2,7.2,7.368531672891053
P01672,4,6.2,6.97941839651039
P01675,1,6.2,6.569205461798855
P01676,4,7.8,8.012433184527787
P01677,1,7.2,7.201071080403385
P01678,4,6.4,6.11064690267276
P01679,3,6.9,7.213454484727297
P01682,2,4.6,5.3577354445213885
P01683,2,4.1,5.880782424815705
P01684,3,5.8,4.724155695150351
P01688,3,7.1,7.034721293452797
P01689,3,6.0,6.926300051488238
P01690,4,5.1,5.456510772776831
P01693,5,4.6,4.565330750952054
P01694,1,8.2,7.276552030128911
P01695,5,4.8,4.698242732002131
P01696,3,4.3,5.631531532117334
P01697,5,9.4,7.853187675707629
P01699,1,5.5,5.837100477838671
P01700,4,5.1,4.140348093449269
P01701,3,5.8,5.3681942286875515
P01702,4,5.1,5.438445528729876
P01703,2,5.2,7.18725403250062
P01704,4,8.5,6.747321522824028
P01705,3,7.0,7.725956681929714
P01706,5,8.7,7.488342993444717
P01707,1,6.8,7.14358335281333
P01708,1,3.3,4.101227969091661
P01709,4,5.4,5.993670271223664
P01710,4,6.8,5.702323241165636
P01713,4,6.3,6.753693676443967
P01714,3,7.3,7.210006488987629
P01716,4,4.8,5.437043451030738
P01717,5,5.9,6.284906772762038
P01719,3,9.2,7.856938635453727
P01721,2,6.2,5.715182586442889
P01722,4,5.6,5.506569150898013
P01723,1,8.6,7.872944675422845
P01724,3,8.0,7.000026598485061
P01725,5,7.1,7.6274575289518785
P01726,3,6.7,5.491758214154112
P01728,1,5.0,5.682044032698644
P01729,5,4.8,5.112705915016085
P01730,4,2.2,3.659607122010535
P01733,4,8.1,6.822125858952192
P01734,4,7.1,6.708921976430749
P01735,4,3.8,6.111969307403848
P01736,1,6.8,7.56815228115126
P01737,5,6.7,6.625433533957918
P01738,5,8.4,7.362320702543552
P01739,5,6.9,8.061907666913187
P01740,5,5.5,5.687606061054916
P01741,4,6.5,6.087015175238205
P01743,1,7.0,8.225524810429476
P01744,3,6.6,7.340634835455643
P01745,5,5.0,4.641995591457403
P01746,2,7.7,7.837949875434801
P01747,4,3.0,4.495996490472563
P01748,5,6.5,7.733186997593501
P01750,5,4.3,5.717729983779562
P01751,2,4.4,5.06541407703907
P01752,2,8.4,7.195783437791007
P01753,3,4.5,5.133481309058904
P01754,3,7.2,6.675561313587754
P01756,1,3.8,5.334643430942784
P01757,1,7.1,7.53940127359898
P01758,3,6.2,6.835447013874139
P01759,3,6.7,5.970368539782357
P01760,1,5.6,5.461539547748889
P01761,5,7.5,6.78773014070563
P01762,4,8.0,6.837260393349938
P01763,5,2.6,3.6457122204852315
P01764,5,6.9,6.547169107162193
P01765,3,6.5,7.407647854193144
P01766,4,4.7,5.228740250304305
P01768,1,8.6,7.869843395963408
P01769,3,6.2,6.795129498990627
P01770,1,7.3,5.69848982747352
P01772,1,6.8,5.020875120461127
P01774,2,8.6,8.236796690082691
P01775,1,6.9,6.5705686961109375
P01778,1,7.5,7.509642260290541
P01779,5,6.8,5.725248417718762
P01781,5,4.4,5.162064377830852
P01783,2,6.2,6.843677467199826
P01784,2,6.7,6.1535552417842405
P01785,5,6.1,4.782893834323762
P01786,1,4.4,4.295538905489649
P01787,5,5.7,6.11497400855058
P01788,5,3.4,2.8750475024660407
P01789,5,7.3,6.389081825575567
P01790,4,7.2,6.601636963956375
P01791,2,7.3,6.557886049735266
P01792,2,5.1,4.401905218933701
P01793,4,5.1,5.131821159322444
P01794,1,5.1,6.197901122670642
P01795,5,6.0,7.098523744762177
P01797,5,4.0,4.453785259320844
P01799,4,4.1,3.9260441457531554
P01800,4,5.5,5.325950702585111
P01802,2,5.2,6.364846181373468
P01803,3,6.8,6.190698273724246
P01804,3,5.8,5.63567796897996
P01805,3,3.0,2.6843631113047133
P01806,2,5.4,5.4214521097516455
P01808,3,6.7,8.76302832969817
P01810,5,4.8,5.473949418684894
P01812,3,4.3,5.935914781690567
P01813,4,6.7,4.986696036359468
P01814,5,4.1,5.067423826941063
P01816,3,8.4,8.815154658445175
P01817,3,3.1,3.358274679326105
P01818,4,6.6,6.102189504129589
P01819,4,5.9,5.465911827776948
P01820,5,8.1,9.082917264810815
P01821,2,5.5,6.468282329213006
P01822,4,7.5,5.325296911740547
P01823,1,7.1,6.656994365313505
P01824,1,5.2,6.283125266356628
P01825,3,7.8,8.088420390426363
P01826,3,6.8,6.532253835238608
P01827,2,7.4,8.13350770246553
P01828,1,6.2,6.069849469705829
P01829,2,7.5,6.351331142990238
P01830,3,7.2,6.864242082515578
P01831,4,6.3,5.882487074138718
P01832,1,6.4,6.829588392281535
P01835,4,7.3,6.789271613838735
P01836,2,5.3,5.579233291662264
P01837,1,5.2,6.426738131495384
P01838,2,6.5,5.764279324328099
P01839,1,6.5,5.085368026529622
P01841,2,3.1,3.3254996618792947
P01842,5,4.7,5.151078878194605
P01843,5,9.4,8.492901251018287
P01844,3,7.9,6.691057868389933
P01845,4,4.7,3.7933393642560946
P01848,1,2.2,3.863228420575206
P01849,3,8.7,7.457296256335557
P01851,4,7.1,7.061223818894084
P01852,4,9.3,6.959988985557734
P01853,2,8.7,7.343397374226683
P01854,4,6.9,6.03307500832735
P01855,2,7.0,6.681027732928095
P01856,1,8.2,6.814300617007345
P01858,4,5.7,6.378533711425873
P01860,4,7.1,7.429565642302111
P01861,1,6.4,6.133216568662056
P01862,4,8.4,6.974199461592379
P01863,1,7.3,7.473483503703639
P01864,2,5.1,5.920014792233236
P01865,4,7.3,6.367461278710254
P01866,5,6.3,6.59722630941877
P01867,1,6.2,7.373990228562737
P01868,1,8.2,6.683709524185585
P01869,3,4.4,4.515713923087459
P01870,3,6.0,5.4554724784998125
P01872,3,6.9,7.11714974339244
P01875,5,5.7,5.733947037307375
P01876,5,6.8,6.446765464665139
P01877,1,3.5,4.153267173317521
P01878,2,5.1,3.580033847609668
P01879,4,6.8,7.800780719348137
P01880,1,5.8,6.990070280854523
P01882,1,7.0,6.841317887460057
P01883,4,8.0,7.152140798577972
P01884,5,4.0,3.496287890238927
P01885,1,8.0,7.769711310251828
P01886,2,7.5,5.511859127580395
P01887,4,7.3,7.105746120654141
P01888,4,7.1,7.048706795584178
P01889,1,8.9,8.280107149553142
P01890,1,4.6,6.0502969369107555
P01891,5,5.0,4.563248011902113
P01892,5,6.3,7.653253975923373
P01893,1,6.0,6.46570414515723
P01895,5,7.1,6.360776123715195
P01896,4,7.3,6.344300983511521
P01897,3,5.3,6.737630051361374
P01898,1,7.2,6.655992782271627
P01899,5,5.3,6.037755363032276
P01900,1,3.4,4.6341710476813995
P01901,3,4.2,6.0877927863460455
P01902,4,8.5,8.807304160362563
P01903,3,5.8,4.73276129191555
P01905,3,9.8,6.731796308776039
P01906,4,7.4,7.097552596632298
P01907,2,8.0,7.878186196833326
P01909,5,7.0,6.901742171361663
P01910,1,5.4,6.256701183946158
P01911,2,7.4,7.936238767679733
P01912,5,4.3,6.185019375093653
P01913,3,4.9,5.121180549709157
P01914,5,7.6,6.505994666936417
P01915,2,4.2,4.101285925564874
P01916,3,7.8,7.391953012224973
P01918,3,5.9,7.179177909801904
P01919,1,4.1,4.837168073680226
P01921,2,7.1,7.372371067321489
P01922,1,7.2,5.807299122950545
P01924,1,6.1,6.148291528874328
P01925,5,5.9,5.306778822272774
P01926,5,6.3,7.599068259006931
P01927,5,7.7,8.765912260893845
P01928,4,3.7,3.7084058831773827
P01930,2,5.6,6.566300103385784
P01931,2,3.2,4.207880999809211
P01933,3,6.6,5.770180707006057
P01934,1,8.3,6.2789783572972695
P01935,4,8.6,8.06851804363349
P01937,2,6.8,6.046420062969688
P01938,3,4.4,5.771644072626006
P01939,4,6.2,5.511759929172373
P01940,3,3.2,3.650279750867308
P01941,1,7.1,6.853481566241755
P01942,4,8.0,7.716451260780788
P01943,3,3.0,3.0888880328561608
P01947,5,3.7,4.308016834119653
P01948,2,7.2,7.872519375778602
P01949,3,6.5,6.534059822515641
P01950,5,7.1,6.945243636548318
P01951,3,4.0,6.262128378484545
P01952,4,2.8,5.363345770268074
P01953,1,5.4,7.3297442345795
P01954,5,6.1,6.0095092199933315
P01957,4,6.2,7.0159389849917675
P01959,5,4.2,4.838021550700757
P01962,1,8.5,7.333467481881016
P01963,4,7.9,6.476281483902971
P01964,3,4.6,5.402672151655235
P01965,4,8.7,8.386859655534145
P01966,3,8.4,7.773752976648226
P01967,5,5.9,5.814695132862349
P01968,4,9.6,8.05779303581593
P01969,3,5.2,5.7756064653181065
P01971,5,6.2,7.635903658818377
P01973,1,4.6,4.514512324119204
P01974,1,4.4,5.62986170717896
P01975,4,5.4,7.1922007917131126
P01976,4,5.7,6.824800283328388
P01977,2,6.6,7.015650331618074
P01978,1,8.9,7.049835664140463
P01979,4,6.9,5.9934737509279845
P01980,4,4.0,3.685153004711001
P01982,1,7.0,6.488484146567065
P01983,5,6.5,5.973103879342799
P01984,1,4.1,4.672447492514374
P01985,5,6.0,7.303037873844243
P01986,2,6.6,6.736563701441245
P01988,3,4.0,4.787734910784484
P01990,1,7.0,5.9161039792427355
P01991,1,7.2,6.649310855217419
P01993,2,8.1,7.3164492071534575
P01994,4,4.6,5.681237130111402
P01995,5,4.2,4.451996058911735
P01996,2,4.0,3.6202669890471393
P01997,3,7.2,5.8362814589973695
P01998,3,6.4,6.865589149326205
P01999,3,8.0,7.096798827961873
P02001,3,7.4,7.2017757155488695
P02002,3,5.5,5.760701354034431
P02003,1,5.4,5.18694913632454
P02004,2,8.2,8.515712188302093
P02005,2,4.3,4.785150577858142
P02006,2,5.0,4.984571088546766
P02008,4,6.2,6.577741381384866
P02009,1,7.1,7.186911534756523
P02010,4,6.2,6.539419133546531
P02011,4,1.6,3.8799702456540834
P02012,3,4.4,5.2861495944452095
P02013,3,5.2,5.994102135203534
P02014,5,7.1,5.813598889368457
P02015,2,4.8,5.50825142911486
P02018,3,5.7,7.376441282748861
P02019,4,6.5,6.023043451682786
P02021,2,7.1,5.705200509423361
P02023,1,5.2,4.580102300882105
P02024,3,5.7,5.095254603595394
P02025,4,6.9,5.531164650643191
P02026,2,7.0,6.606174831929713
P02028,5,8.4,6.666486214569326
P02029,1,6.2,6.51548506207402
P02031,4,3.2,4.3719116511962515
P02032,5,7.7,8.410943406380968
P02033,5,5.7,5.926615882086041
P02034,5,8.9,6.548887693018831
P02035,3,6.3,5.832604597825645
P02037,5,4.7,5.77932534972342
P02038,1,5.4,6.7731257306354875
P02039,2,8.8,7.867107562275471
P02041,2,4.8,3.3411875978792747
P02042,4,5.4,5.133072941702457
P02043,2,5.5,6.749639334835171
P02045,5,5.7,4.755707345830011
P02046,3,8.0,8.055557314383185
P02047,4,6.6,6.064497459395678
P02049,4,5.9,6.367322535392752
P02050,1,8.3,6.630459744655421
P02051,1,6.1,6.379519612644614
P02052,2,5.0,6.681835400887754
P02053,1,5.5,6.850471546722715
P02054,2,5.1,6.379033769726859
P02055,5,6.7,5.832163473541598
P02056,1,2.4,3.4581107477246085
P02057,5,7.7,8.246619418286574
P02058,4,8.5,8.090315619415144
P02059,3,3.2,2.815149889013495
P02060,4,5.4,6.208927253625549
P02061,3,6.5,4.788481634665178
P02062,3,4.8,5.757140813578794
P02063,5,2.8,3.9914914110125803
P02064,4,9.3,8.83434919083258
P02065,4,4.1,4.869001102316376
P02066,1,4.5,5.629505906895162
P02067,1,6.6,5.070994135986911
P02068,3,7.4,7.094167504327505
P02069,5,7.1,7.221666979210443
P02070,2,4.1,3.641765210008528
P02071,1,7.6,6.507433249133395
P02073,1,2.5,3.6417864033427545
P02075,2,6.7,5.13801943010434
P02076,2,7.0,7.417660919434633
P02077,1,7.7,7.015206634222448
P02079,3,3.9,5.210710163134921
P02080,5,3.7,4.495675476492947
P02082,4,7.6,7.084801523300961
P02083,5,3.7,2.765573229623012
P02085,3,7.6,7.239126330358978
P02087,3,5.1,5.2976146981785455
P02088,1,9.3,8.00626567449297
P02090,5,4.0,3.992467008548075
P02091,2,5.9,7.043698023087971
P02092,5,5.2,6.28302950790736
P02093,1,6.0,6.307260079188341
P02094,1,8.6,8.150858245373499
P02096,4,7.0,7.550181116203175
P02097,1,6.1,6.5130287208093085
P02098,1,8.9,7.4241768183850105
P02099,5,6.0,6.289951956850811
P02100,1,6.3,4.738566632233714
P02101,3,6.5,6.574942794093501
P02102,5,2.8,3.3413899592077443
P02105,3,8.8,7.49887652026905
P02106,2,3.9,3.669411643864991
P02108,1,6.4,6.426722944706109
P02110,2,7.2,7.179583990318258
P02111,2,3.8,5.191130636974697
P02112,1,7.4,6.747574791894743
P02113,1,4.0,4.226246533535575
P02114,1,5.1,4.994645115617694
P02115,5,6.8,6.823617423078789
P02116,3,5.2,5.935042128108949
P02117,3,3.5,4.281541621283823
P02118,4,6.8,6.593456608782612
P02119,1,7.0,6.193801825366815
P02120,3,5.8,5.283894821303052
P02121,2,4.5,5.304811280231635
P02123,4,8.8,6.792552536579297
P02124,5,4.8,5.2171924203309485
P02128,1,6.6,5.752014061511928
P02130,5,4.0,4.781731093995487
P02131,3,9.5,8.231954202543296
P02132,2,6.4,6.6063905413602555
P02133,2,2.7,2.9595180231812916
P02134,3,6.5,5.934267356810559
P02135,3,4.6,5.679168799361524
P02136,1,6.5,7.081094199653083
P02137,2,4.1,5.144929387978642
P02138,1,4.9,4.272115038250301
P02139,2,7.8,6.942190079297017
P02140,2,5.0,6.033234568399624
P02141,3,3.4,4.535323827559962
P02142,1,6.2,7.195223385946475
P02143,1,5.6,5.804578061407484
P02144,5,6.8,7.644305901166846
P02145,4,6.3,6.246864873643805
P02146,5,6.4,6.351338340742619
P02149,4,6.6,7.083144009715729
P02150,2,5.2,5.843720669367852
P02151,1,5.7,5.542704394930834
P02152,1,7.0,6.41873330865973
P02154,1,4.9,4.761150057663517
P02156,1,8.0,7.462347821802541
P02158,2,4.2,4.689596367876588
P02159,2,6.2,6.875434657272237
P02161,1,8.1,6.232302387897695
P02162,1,5.6,6.308455877434755
P02163,5,3.4,5.322731872624866
P02165,4,4.5,4.962355988466424
P02167,5,2.5,3.7767428331345307
P02168,1,6.9,5.818275602816184
P02169,3,6.7,7.616315965390383
P02170,1,4.2,4.7319723531475555
P02171,3,6.2,4.772044250953549
P02172,2,5.2,4.566894388298734
P02173,1,6.7,7.3222980468901815
P02176,5,5.9,5.664139182072379
P02177,1,4.7,5.590129030029503
P02178,5,5.9,6.2953652678312375
P02180,5,7.4,7.3879869943007295
P02181,3,5.5,5.967124798026723
P02182,2,3.2,3.558929056832632
P02183,1,2.0,2.7705975200466963
P02184,1,3.0,2.4437102452520834
P02185,5,5.4,6.593776369471236
P02186,2,7.2,7.3004848893369845
P02187,4,5.2,6.655692414993329
P02188,3,4.3,3.9371798176754944
P02189,5,7.1,7.9353129379064855
P02190,2,5.0,5.222485426146345
P02191,3,5.1,5.565847670718115
P02192,2,8.1,6.70072867375962
P02193,4,6.3,6.298971247523592
P02195,2,6.6,5.415972929989835
P02198,5,4.3,5.208194172428063
P02200,4,5.6,6.20490472418236
P02201,1,7.7,7.174174738249308
P02202,1,6.1,6.629437960885013
P02203,1,4.0,6.047317235049078
P02206,3,3.2,2.7466446624733662
P02207,1,7.0,6.4637567622692025
P02208,4,5.0,6.38765977139825
P02209,3,5.7,5.689594513714414
P02210,5,3.4,3.972418324520996
P02211,2,5.0,6.421756357724755
P02212,3,9.6,8.751391103279337
P02213,5,6.3,5.629634670559706
P02214,3,4.9,4.54274195781359
P02216,4,7.5,8.333347123941243
P02217,1,5.6,5.244680148341085
P02218,5,7.4,6.700240687627077
P02219,5,6.0,7.582066049758639
P02220,5,4.8,5.537639802019307
P02221,2,4.7,4.643011862778882
P02222,3,3.7,4.145907889724345
P02223,2,4.3,4.959251856131215
P02224,4,4.9,5.786010198599565
P02225,4,8.3,7.678488471218467
P02226,4,6.9,5.918770544065823
P02227,2,4.7,3.5745326237373436
P02228,2,7.0,7.175130335903567
P02231,3,2.2,2.2469069211048844
P02234,1,8.8,7.713895435076876
P02235,4,6.8,6.573298970376819
P02236,3,8.6,8.349302584059734
P02238,2,4.6,5.151086715702627
P02240,5,3.7,4.857852324503808
P02242,2,5.3,4.932245055371824
P02243,3,5.3,5.29095211418548
P02246,1,4.9,5.972838832712908
P02247,1,4.3,5.020070647071351
P02248,1,7.9,8.316851755770276
P02249,1,6.9,6.791692502647059
P02250,1,8.4,8.48418703834274
P02251,2,6.6,4.340450806679894
P02252,3,7.0,7.5035738518786825
P02253,1,9.4,8.589170485770829
P02254,4,7.2,6.763250512470689
P02255,3,7.0,7.175462539136908
P02256,5,3.5,4.398253142417885
P02257,1,9.0,8.41755186424187
P02259,3,5.6,7.505087862540202
P02261,2,5.4,5.128082093307566
P02263,2,8.7,6.446013202924049
P02265,3,7.7,6.741152442297144
P02267,5,7.6,5.853284840156151
P02268,1,6.7,5.283866219540949
P02269,5,6.6,7.134385347359053
P02271,3,3.5,4.898099279788813
P02272,4,4.5,6.395670255675581
P02273,2,7.2,7.096666572837211
P02274,3,5.0,6.191438085139553
P02275,1,4.4,4.403989020679846
P02278,2,4.4,4.366447492939614
P02279,3,5.0,6.075398467209529
P02280,4,6.9,7.102205169300581
P02282,3,7.9,6.284332994327832
P02283,5,3.6,4.195492184927618
P02284,2,5.0,4.479627480682335
P02285,1,7.1,8.159801767851874
P02286,2,6.0,6.349819863616502
P02287,3,5.5,5.7558573030711315
P02289,1,5.6,6.3127505663649375
P02290,5,7.8,7.98009121373115
P02291,5,5.9,7.17050911079353
P02292,5,3.9,4.150242806623917
P02293,1,6.9,7.530257996849812
P02294,3,4.2,4.450554071568246
P02295,2,5.8,7.143622536636586
P02296,1,4.5,5.039082742761027
P02297,5,5.8,5.757774267541437
P02298,1,5.2,5.3540641405110465
P02299,5,6.0,6.8678854804531015
P02300,5,4.4,5.66663864306248
P02301,1,7.4,7.291300667936485
P02303,3,5.7,6.458260329151074
P02304,1,5.8,5.700311495115359
P02305,4,6.3,6.495744773243963
P02306,1,5.9,6.678343222017478
P02307,2,4.8,4.886596715326277
P02308,3,5.0,5.334676766906667
P02311,1,9.2,6.71534422275484
P02312,4,5.6,5.655457564096821
P02313,4,6.3,7.227566089386691
P02314,4,6.4,6.0683833820163295
P02315,4,6.5,6.407090891313308
P02316,2,6.7,6.396277327778976
P02317,2,7.1,5.657465208997327
P02318,5,6.6,6.283645171895995
P02319,4,6.0,6.762967544332449
P02320,5,7.0,7.0278259980442925
P02321,3,5.1,7.297248116557975
P02322,4,3.5,4.082668901497671
P02323,2,5.9,7.395277431180635
P02324,4,5.4,4.738058606918432
P02325,1,4.5,6.922140356764266
P02326,5,4.8,4.236039698026431
P02327,3,8.8,8.19644818218957
P02328,3,3.0,2.699596360189072
P02329,2,5.8,5.190073953542486
P02330,2,5.4,6.0680889240839
P02331,1,5.1,6.488917846210222
P02332,3,7.6,7.429822834153296
P02333,3,5.5,7.026763274189272
P02334,3,6.3,6.28117899984136
P02335,3,6.4,6.930758506537587
P02336,3,4.7,5.400179932031811
P02337,4,6.6,5.83424274476951
P02338,1,7.3,5.753122590660014
P02339,3,5.5,5.7649493325263785
P02340,2,7.1,6.012286810654624
P02341,4,6.7,5.949932007356802
P02342,2,6.6,6.546593795613849
P02344,2,5.9,6.9077301211255815
P02345,4,7.4,7.266031602342716
P02346,1,8.0,7.026391172408514
P02347,5,6.0,7.189953634094911
P02350,5,8.4,7.657710672390238
P02352,2,6.8,6.9308755970620775
P02353,1,7.0,6.4280370726700555
P02354,1,6.6,6.0898154425027675
P02355,3,6.3,7.256923582432697
P02356,3,5.0,5.5996416139497205
P02357,1,5.3,4.441778190329431
P02358,2,7.7,7.099788731290135
P02359,5,6.6,6.151164393246714
P02361,5,2.3,3.377333311720935
P02362,2,5.3,6.088636021939514
P02363,3,5.5,6.42686816132738
P02366,4,4.2,4.454092028694519
P02367,5,4.0,5.794804933071642
P02368,2,6.4,6.3531176838805905
P02369,2,6.4,6.9275690680437165
P02370,5,5.0,5.6856254926476035
P02371,2,5.4,4.390099945060358
P02372,3,3.6,3.7557299289823267
P02373,4,6.5,6.7148801407941985
P02374,4,4.5,5.580720739351736
P02375,5,5.7,5.866593789840811
P02376,2,4.5,5.879567462013757
P02378,4,5.3,5.415680535832127
P02380,5,5.5,7.035801457323133
P02381,1,5.6,5.226121348611044
P02382,3,6.0,5.766173895962321
P02385,1,6.3,6.913486686835671
P02387,4,6.6,5.9988838354036815
P02388,4,3.4,2.731450136606993
P02389,5,6.7,5.530495323983132
P02390,1,6.2,6.619206547195352
P02391,2,6.5,6.390960423120281
P02392,2,3.7,5.946957773527157
P02393,4,3.4,4.338664281125347
P02394,4,1.5,2.7419550686355016
P02395,3,6.1,6.305889881557704
P02396,4,6.8,6.070529416273641
P02397,1,5.8,5.917576420576793
P02398,3,8.2,6.624626975201175
P02400,5,5.6,4.935726934183455
P02401,5,4.5,4.945316889942057
P02402,3,4.2,4.828969132954153
P02403,4,5.5,6.699346785158743
P02404,4,8.1,7.537463894141285
P02405,1,4.4,3.9554355767399
P02406,3,5.9,6.328723491930372
P02407,1,9.6,7.559150449077278
P02408,4,8.5,7.92356233415665
P02409,2,5.8,6.990826545590687
P02410,4,6.3,6.363903890731811
P02411,4,6.0,5.611139703119352
P02412,2,7.2,6.007988126114597
P02413,5,7.3,7.197283189786666
P02414,5,3.7,4.973173876291598
P02415,4,3.0,2.2050991944114844
P02418,4,4.1,3.9295735422206914
P02419,1,6.2,6.915551939744717
P02420,3,3.5,3.4420705747350087
P02423,4,6.7,6.669980614077536
P02424,4,8.3,7.192766262291249
P02426,2,4.6,2.9250428484617754
P02427,2,5.0,5.3986106580768185
P02428,5,7.2,7.778113266687258
P02429,2,5.4,6.48382329030717
P02430,5,7.4,8.718728129902416
P02431,3,6.2,5.218278202100582
P02432,2,7.0,7.375704532241926
P02433,3,4.9,5.005723834537623
P02434,4,3.6,4.6074465398183895
P02436,4,9.5,7.741811948131479
P02438,1,7.1,6.035321425406518
P02439,1,5.3,4.592438951978082
P02440,1,4.8,5.230832067856073
P02441,4,6.1,6.9163237376007505
P02442,1,6.4,7.035965331174453
P02443,5,7.1,7.197587552560238
P02444,3,7.4,7.199024375843014
P02445,1,7.1,7.379765355426966
P02447,3,5.5,5.990536837838408
P02448,5,7.5,5.403423534767967
P02449,4,5.4,4.777883190348041
P02450,5,4.6,5.132541121366609
P02453,2,7.0,6.3454057243417346
P02454,2,5.2,4.925692456834718
P02455,2,5.8,5.00329036403852
P02458,2,5.0,4.650330197910206
P02459,4,7.1,6.353845302529358
P02460,4,4.8,3.857033969455353
P02461,3,7.9,8.302459014957881
P02462,4,8.1,7.567591279247441
P02463,4,5.9,5.997177842135557
P02464,3,5.1,3.8992765394568583
P02465,4,5.8,6.718976242469509
P02466,3,6.7,7.326173378047816
P02467,5,8.4,8.052497114007078
P02468,5,7.0,7.125235011931359
P02469,1,3.9,3.602876248449134
P02470,5,4.2,5.079922884140419
P02471,2,3.7,4.934087176304189
P02472,5,8.1,8.730932297087996
P02473,4,5.6,5.852440398925915
P02475,2,4.0,5.412824917620165
P02476,4,5.7,5.410523711393347
P02477,1,7.9,6.914952852708898
P02478,4,5.9,5.214674444040558
P02480,2,6.2,5.9443927840134005
P02484,2,6.8,5.510533761433702
P02485,3,5.4,6.619319339691
P02486,4,7.0,6.8147779467771
P02487,4,5.6,6.218098959684883
P02488,5,4.6,5.094106267446089
P02490,5,5.8,4.363047512125472
P02491,4,6.6,6.1084427712807425
P02493,1,5.0,5.70125636191002
P02494,3,7.9,7.728358492288133
P02495,2,4.1,3.653481490479507
P02496,2,6.8,7.415998621498795
P02497,1,3.4,4.4161562560500505
P02498,1,4.1,3.857962393538559
P02499,4,6.7,7.094363776730745
P02501,5,6.8,7.069539191716862
P02503,4,7.5,7.560283019353641
P02504,3,4.6,5.1858583649296435
P02505,3,4.1,5.268489536502537
P02506,5,6.0,6.0094901834277366
P02507,5,6.0,6.93783414527921
P02508,2,6.5,5.632989648514177
P02509,4,7.9,6.245538846143037
P02510,3,2.4,3.269249807389183
P02511,3,5.1,5.4786750990020705
P02512,2,7.8,7.017102548293103
P02513,2,6.9,5.3135268643283675
P02515,1,5.4,5.1483737915900605
P02517,2,8.4,7.827974185049245
P02518,5,6.3,6.408811624630262
P02519,2,5.3,4.808669313311556
P02523,4,6.7,5.965369804423898
P02524,4,5.7,6.144464531830807
P02525,3,9.6,8.194494708846786
P02528,1,3.3,4.340586381799711
P02529,3,3.8,4.441185069209096
P02530,4,3.9,4.178488504167358
P02531,5,7.0,7.294773151196168
P02532,1,5.5,6.696697264846859
P02534,5,9.0,7.368223306574521
P02535,4,5.6,6.083637977124366
P02536,5,6.4,6.345730524830331
P02538,5,6.3,5.634614917183942
P02539,4,6.5,6.8711329547511
P02540,4,3.1,4.046375854505177
P02541,5,6.2,6.928985900594279
P02542,5,7.0,8.013347784128253
P02543,1,7.9,6.754823703897389
P02544,5,2.1,4.394073266094619
P02545,4,7.3,7.025550711799492
P02547,4,3.0,4.149950125587527
P02548,5,7.1,7.0824113446386345
P02549,3,7.0,7.272665348016233
P02550,4,5.0,5.211917758210771
P02551,1,7.0,7.518616195024089
P02552,1,6.6,6.25115089865386
P02553,2,7.9,7.311769380748835
P02554,4,5.3,5.378192023301953
P02555,1,4.5,5.286200966626142
P02557,5,2.9,3.568326264724752
P02558,2,6.3,6.822805986949195
P02559,4,5.6,4.5036204422883515
P02560,1,5.3,5.67215400178375
P02561,2,7.1,7.4561666763297945
P02563,3,4.2,4.083088810693368
P02564,5,7.3,8.538008843408294
P02565,3,7.0,7.807419499365091
P02567,3,6.0,6.9475384914918115
P02569,3,4.9,5.940513711229428
P02571,1,8.1,6.662473007396668
P02572,3,4.0,4.821856482589363
P02574,2,5.7,5.039453398792711
P02575,1,7.7,6.8593321950058055
P02577,4,4.2,3.6977992210011212
P02578,4,3.8,2.5362077208328992
P02579,2,5.8,4.999653786829035
P02580,2,4.7,5.77055078055329
P02582,3,2.7,4.396634425581511
P02583,4,5.2,4.8382186822233635
P02584,4,8.6,8.01756864223886
P02585,3,7.0,7.26064300601401
P02586,2,4.7,5.872880400050995
P02588,4,3.4,4.0911103497172085
P02589,4,3.8,5.455529296892562
P02590,3,5.4,7.1883974231621
P02591,4,8.4,7.4666090862162955
P02592,3,5.4,6.138182838405732
P02594,5,7.6,7.137657583300102
P02595,5,8.1,7.453327161482604
P02596,1,5.8,4.881705830306232
P02597,4,5.0,5.341903595221159
P02600,4,4.4,4.240336079071871
P02601,3,9.0,8.634313531670426
P02602,4,4.9,3.90798180500635
P02603,3,5.8,6.925260148341788
P02604,5,5.6,5.324219110437384
P02605,3,6.7,6.024176258597362
P02607,2,6.1,6.163785957035178
P02609,3,6.1,5.907921395753061
P02611,1,6.3,5.912982573172024
P02614,5,5.9,4.821899953187799
P02616,3,3.6,3.959574740903696
P02617,4,8.5,7.533262502029567
P02618,3,4.7,6.009474692827038
P02619,4,3.1,4.513903916360446
P02620,4,6.1,6.597245141415662
P02621,4,5.8,6.2274900104955275
P02622,3,4.2,5.2332779626530925
P02624,3,7.4,6.552207060709029
P02625,3,5.6,4.479401720121206
P02627,3,6.3,6.195616557797184
P02628,1,5.5,5.5889770775465095
P02629,4,5.5,6.335718997091086
P02630,3,6.1,6.654055184313458
P02631,5,4.3,5.714692532388686
P02632,2,3.9,4.314084435743927
P02633,1,6.7,7.995438994290435
P02634,5,7.6,6.6218164924719405
P02638,5,6.4,7.625143134411152
P02639,2,7.0,6.369865745558887
P02640,5,4.3,4.67423352793236
P02641,3,9.2,8.443414564143154
P02642,5,5.0,5.164083797440139
P02644,4,5.3,4.870551909929135
P02645,1,5.7,5.9448503930097525
P02646,1,4.3,4.619220893954002
P02648,3,6.6,7.579763033590021
P02649,3,6.2,6.7180298819305655
P02650,5,4.1,5.090989507599706
P02651,2,4.9,5.266446185751155
P02652,4,3.3,4.989416772099177
P02653,1,5.4,7.930030224567382
P02654,4,3.8,4.591679629386327
P02656,2,7.4,6.357894393788116
P02657,5,9.5,7.112557413821592
P02659,4,2.6,1.3065500654694109
P02661,4,3.5,4.933500674418852
P02662,2,7.7,6.166802634096258
P02664,3,5.8,7.8220251689040845
P02665,4,6.1,7.063557151600655
P02666,2,6.4,6.361978661146481
P02667,3,7.4,6.366681590526921
P02668,3,4.8,3.637102920552871
P02669,1,3.3,3.5424430403612304
P02670,4,3.5,3.9715633077671946
P02671,3,4.1,5.034566127143079
P02673,3,7.4,5.595227434331231
P02674,1,7.3,7.063227552407804
P02675,4,5.9,6.001476269568714
P02676,1,6.4,6.466778208899167
P02677,3,4.7,5.90649559736599
P02678,4,5.2,6.141658495195677
P02681,4,5.2,5.092284946539866
P02682,2,6.0,6.379503591493409
P02683,4,4.6,4.917747140996153
P02684,2,6.3,6.232163150265092
P02685,2,5.5,6.4075859811859
P02686,1,3.0,2.7704179792876467
P02688,4,7.7,7.214004954689862
P02689,4,3.8,5.7434655474002
P02690,2,5.0,5.260488894166272
P02691,1,3.1,4.824093401150892
P02692,3,4.8,6.451545965870719
P02693,5,8.4,8.213678329941
P02694,5,6.1,6.104286483866013
P02695,3,3.8,4.993954569424524
P02696,1,4.4,4.897976097818504
P02697,3,4.8,5.468724087642934
P02698,4,4.0,4.707344765905024
P02699,5,7.2,6.041624228489639
P02700,3,8.0,8.795523679735625
P02701,4,4.8,6.6524588103612965
P02702,2,5.7,6.436617652573804
P02704,5,5.2,5.877608422697564
P02705,2,8.5,7.039736588666223
P02706,2,6.6,5.88237356177096
P02708,1,7.2,6.508991543426826
P02712,3,5.0,5.501855464614974
P02713,5,4.4,3.5363450385581046
P02714,1,4.9,4.9308572715875885
P02715,4,3.9,3.940797730685264
P02716,2,3.1,3.000030168930612
P02717,2,7.9,6.077797592444622
P02718,1,4.8,5.854483248675146
P02719,3,5.5,4.94944330033865
P02720,4,4.3,3.436556497754371
P02721,1,6.9,5.823824909847041
P02724,1,6.9,6.193018164425988
P02725,3,4.3,5.444790806148002
P02726,5,5.8,7.324827910340071
P02727,4,4.9,3.936411367823533
P02728,1,4.1,5.227636113075998
P02729,1,5.2,6.65229958484264
P02730,5,5.5,6.784170518987867
P02732,1,7.8,6.834090720002164
P02733,4,4.8,5.406958298144011
P02734,2,3.6,3.547398618891483
P02735,3,7.2,6.403028613872702
P02737,4,3.9,4.733252259246871
P02738,4,4.3,3.8880952156338697
P02739,3,5.1,6.192611323960337
P02740,1,6.4,5.886257241328266
P02741,3,7.6,6.762890457603786
P02743,2,4.4,3.9905191388687817
P02744,4,4.6,4.632747834043252
P02745,4,3.9,4.69191638923469
P02746,2,3.3,3.5516891526764565
P02747,5,7.5,6.139408581907053
P02748,1,5.4,5.140855978192711
P02749,2,5.6,5.6559986271975795
P02750,3,5.2,4.8219826121964475
P02752,1,7.3,6.1637111793937525
P02753,4,8.0,7.565150943774505
P02754,2,4.9,4.816680736205326
P02756,4,7.1,7.324764343909443
P02757,3,8.2,7.581689448614389
P02759,1,6.8,6.550307420020676
P02760,4,7.7,5.580286571993724
P02761,4,6.0,6.258258773124026
P02762,3,6.7,6.018856574541327
P02764,5,6.0,6.297746239411803
P02765,5,7.5,7.3189864100465325
P02767,5,6.0,6.865794520967957
P02768,3,5.7,6.5606720032573245
P02770,1,6.6,6.755876207378219
P02771,3,6.8,6.177110099190239
P02772,2,4.6,5.561816280116813
P02773,5,5.9,4.751492125341737
P02775,4,5.6,4.248243088374734
P02776,4,4.4,4.847421761033477
P02777,3,5.6,6.353476199707322
P02779,2,7.1,5.509370096181936
P02780,1,5.2,6.0811492983172455
P02781,5,6.7,7.061799596034541
P02782,5,7.7,7.907226155524203
P02783,2,4.0,5.568064002997437
P02784,4,3.6,4.301000160178955
P02785,2,4.8,5.776330375000234
P02786,1,7.0,6.877511333860897
P02787,2,5.7,5.983465452854549
P02789,1,3.7,4.579287193091449
P02790,4,8.9,8.09950252359708
P02791,3,6.7,6.112121846338796
P02792,1,3.9,3.3577900532960214
P02793,5,8.8,8.357685007330376
P02794,3,6.1,6.4751284140395065
P02795,2,6.4,6.271630567030967
P02797,4,7.7,6.954056568347824
P02798,3,7.5,6.497632437156991
P02799,5,6.9,5.743396972530671
P02800,3,7.9,7.492121755791575
P02801,3,4.8,4.02748772914471
P02802,4,5.4,4.896883471189155
P02803,4,4.9,5.051119758359047
P02804,4,5.3,5.645744580962186
P02805,2,6.4,6.205584985734316
P02807,2,4.7,5.900693852384342
P02808,1,5.8,5.61390780666094
P02810,1,6.4,7.341417464500157
P02811,4,7.8,7.142692005172499
P02813,1,5.8,5.860649911712642
P02814,1,8.0,6.233802988875099
P02815,2,7.9,6.315460312279942
P02816,3,8.4,7.512714492728206
P02818,4,8.2,8.175064822933631
P02819,2,4.3,4.2397335038522765
P02820,3,5.7,6.784460944152948
P02821,1,4.4,5.520783262553872
P02822,4,8.0,7.812313497709784
P02823,4,2.7,2.644000521307718
P02824,3,6.0,5.647154461800826
P02825,1,7.2,5.949874028333952
P02826,4,7.6,6.703691503681334
P02827,5,5.9,4.950448965863439
P02828,4,5.8,6.547170233326362
P02829,1,6.7,7.17850389590515
P02830,2,7.5,7.439518912080377
P02831,3,4.0,3.6870661871607457
P02832,4,6.9,5.614631747701607
P02833,1,3.7,4.357323729989501
P02834,1,8.0,6.596086369879738
P02836,5,6.4,7.061666886897713
P02840,1,4.2,3.6092201196018054
P02841,4,6.4,6.799673328661341
P02842,5,4.6,4.998328285289995
P02843,1,1.6,4.054588316995924
P02844,5,4.8,4.6187557585333705
P02847,2,6.8,6.608772094407515
P02848,5,6.4,6.216933616958704
P02849,3,8.0,7.089550361771839
P02850,1,4.1,4.835154933978903
P02851,2,7.6,6.2584325185884975
P02852,4,4.8,5.350632317177316
P02853,5,8.0,7.400677945707718
P02854,1,6.4,6.715337842935104
P02855,2,4.6,4.546697711060827
P02856,1,8.4,7.979115111893944
P02857,4,5.9,7.149076196579828
P02858,2,2.8,2.7678244565969887
P02859,5,6.5,4.866258064086025
P02860,2,6.8,7.4503649116230966
P02861,5,4.1,4.989404650652309
P02862,1,8.2,7.663266746727551
P02863,4,5.4,7.406865993681074
P02865,5,6.2,5.86874510236542
P02868,1,3.8,4.045354579900272
P02869,1,6.3,6.363641757980361
P02870,1,9.1,7.610138949493991
P02872,5,4.4,4.599105197119928
P02874,4,6.1,6.60315830667364
P02875,2,5.4,6.183390091294943
P02876,2,5.2,4.922486125377942
P02878,5,7.8,8.212248069330155
P02879,2,8.1,8.077698768185265
P02882,3,4.0,5.21047389520369
P02883,4,7.9,7.2337180983593665
P02885,4,7.8,6.632355759488262
P02886,4,6.1,5.379308225416276
P02887,3,7.0,6.542710794363842
P02889,4,5.9,7.0682010688176025
P02891,4,6.1,4.699415987570307
P02892,5,5.3,6.389517077698323
P02893,5,3.6,5.092872178731438
P02894,2,5.2,5.410903885251108
P02895,4,5.0,6.15243358191068
P02896,4,5.5,6.784516650364849
P02897,4,8.4,6.940744999047132
P02898,1,8.5,7.728631696944876
P02899,1,4.3,4.512301266523279
P02900,3,4.8,5.017922270537945
P02901,1,7.7,6.993077818245936
P02902,2,3.6,5.115527509344897
P02904,5,4.7,5.500347959461651
P02905,3,4.9,5.113716391778655
P02907,2,4.3,4.771454691750623
P02908,1,3.1,2.90714829974681
P02910,3,3.7,3.5846000377482734
P02911,5,4.2,3.83219915473973
P02912,4,7.2,6.03075910667099
P02913,4,4.6,6.143415892234175
P02914,3,4.7,4.897154685125189
P02915,4,5.3,6.7582043352463135
P02916,5,7.4,6.8885700153932765
P02918,5,5.6,5.294615070522488
P02919,4,6.3,7.334300764312106
P02920,5,4.8,5.8616143289873905
P02921,2,5.4,5.841213156221504
P02923,5,3.8,3.2476758724979695
P02924,4,4.6,6.057237916279531
P02925,4,3.6,4.771319850689558
P02927,5,6.7,6.868356696988633
P02928,4,8.8,8.670778381261385
P02929,2,5.4,5.565999694624828
P02932,4,5.2,5.921031543346603
P02933,2,5.4,5.327345712318836
P02934,1,6.5,6.950135102139324
P02935,5,6.7,5.895012409324818
P02936,4,7.3,5.385081432476789
P02937,5,5.9,6.349544087705334
P02939,4,7.7,6.967433462707306
P02940,3,5.1,7.080197500650736
P02941,4,6.9,4.956192677206034
P02942,3,7.8,7.664710786368644
P02943,3,5.6,5.616231923116729
P02944,2,5.9,5.420280095041169
P02945,2,4.5,5.590844132006366
P02946,2,6.2,5.54005540343018
P02947,5,4.2,4.795414363712382
P02948,2,7.6,7.904200221905822
P02950,2,7.7,7.52583869317268
P02951,1,9.0,8.276956692784687
P02952,2,8.2,7.204739169325986
P02953,1,7.2,6.616108335936994
P02954,3,5.2,6.04123340572967
P02955,4,5.8,7.11494410761489
P02956,5,6.2,5.288152338518249
P02957,5,6.4,6.157343548207948
P02958,4,7.7,7.105221831436672
P02959,2,6.5,6.143482482453573
P02960,3,4.6,6.556176941673753
P02961,3,7.7,8.605508013447913
P02962,5,5.8,6.703001895623587
P02963,1,6.8,6.5001005982286815
P02965,4,6.9,7.382531963664218
P02966,4,5.0,6.6134357991326755
P02967,4,6.4,5.962600002032521
P02968,1,7.0,6.1309919469545004
P02969,4,5.0,6.249827695082521
P02971,1,5.7,7.158097170694191
P02972,5,8.0,7.607917901917696
P02973,2,4.7,5.810815921384072
P02974,3,6.0,6.0141439867099304
P02975,4,7.1,6.1539245914247696
P02976,1,5.7,5.975982465939388
P02977,3,4.7,5.138645725909033
P02978,4,5.5,6.080370501091662
P02979,2,7.3,6.9385925813099885
P02980,5,8.2,6.5102743681940485
P02981,3,7.0,6.751742105279626
P02982,5,5.0,5.6325095151627105
P02983,3,6.0,6.337770911143939
P02984,1,7.5,7.667532940526674
P02985,2,7.4,8.501357524453597
P02986,5,7.9,7.186054088117742
P02987,5,5.3,5.8551969418524505
P02988,4,7.5,5.660058534943562
P02993,2,6.6,6.2649890332183995
P02994,1,8.0,7.247172101659987
P02995,5,3.2,3.6410472588898766
P02996,2,4.4,5.52720104404529
P02997,2,8.9,8.708243651184954
P02998,4,3.2,4.560014768598137
P03000,1,9.1,6.064444674332369
P03001,2,4.2,5.374875641358865
P03002,5,7.4,7.786833426359082
P03003,4,6.9,8.348001930538288
P03004,5,6.7,6.766432831531606
P03005,2,5.0,4.616993111808668
P03006,3,5.2,5.2973149571766065
P03007,2,6.8,7.256333208330738
P03008,5,7.9,7.423484521887986
P03009,2,5.8,6.907855635772303
P03011,4,6.0,6.443535906773291
P03012,1,5.3,5.259803143163216
P03013,3,6.8,6.017290176201378
P03014,1,6.0,6.679725247139631
P03015,3,8.6,7.209207957362988
P03016,1,3.7,3.463798875387652
P03017,2,7.4,7.011565438389321
P03018,4,8.5,7.733418332634178
P03020,1,6.7,5.50805846407799
P03021,1,3.9,5.0110794040710225
P03022,2,3.5,2.2143372453335926
P03023,1,3.6,2.3945265012109402
P03025,2,7.4,6.461468273586899
P03026,1,8.2,7.463201103542056
P03028,3,8.3,7.932887111359303
P03030,5,5.5,5.38863853672829
P03031,2,5.5,6.477106617788336
P03032,1,6.6,6.703704942381887
P03033,5,3.7,3.7987038412714904
P03034,4,7.2,5.493925409771759
P03035,1,4.6,5.779545981879049
P03036,1,6.5,5.615567412077808
P03037,3,4.9,5.393702020811976
P03039,2,7.3,5.727877419098373
P03040,1,4.7,4.372054695175365
P03041,4,7.4,7.77700366793606
P03042,1,6.3,6.893570676615671
P03043,5,7.7,6.474193361112726
P03044,1,5.2,5.554826222460734
P03045,3,7.2,7.134015536343875
P03046,1,6.5,6.2329178272217485
P03047,1,6.7,6.8355739607090635
P03048,5,1.0,2.343948628410405
P03049,3,7.3,7.585497478539149
P03051,5,4.6,4.750246076754452
P03052,2,4.1,6.31815656534578
P03054,3,6.6,6.6150694198622375
P03055,2,5.2,6.668898759902237
P03056,3,3.4,4.051265570641834
P03058,1,5.5,5.356395164823466
P03060,1,6.6,6.79068270186051
P03063,1,4.4,5.1473912171768355
P03064,3,6.3,5.390394881242114
P03065,3,4.7,5.9293705875548985
P03067,1,4.0,4.330180543166394
P03068,3,3.7,5.8976307713839855
P03069,5,5.5,6.089051783948542
P03070,5,8.1,6.118284245415684
P03071,5,7.2,7.181468059948754
P03072,2,3.8,4.6198835789316
P03073,4,4.0,3.532932260542033
P03075,3,8.4,8.081694602336965
P03076,3,5.3,6.238768154185634
P03077,1,9.2,8.647240757990225
P03078,2,5.4,6.156410677107702
P03079,3,6.2,7.067410824723514
P03080,3,4.6,5.246877068027748
P03081,2,4.8,6.044772531694959
P03082,4,6.7,6.1370379592096835
P03084,3,7.0,5.607898514920597
P03086,3,6.8,5.908143751634937
P03087,4,4.1,4.706779054717427
P03088,3,4.3,5.142100109649359
P03089,1,5.4,5.642412873334114
P03091,2,8.4,6.855839709249896
P03092,5,6.3,7.54008964040724
P03093,4,4.5,4.136875421064341
P03094,4,7.6,6.452847529939824
P03095,5,7.6,7.440700280212694
P03096,4,3.3,5.073359282932297
P03097,4,2.8,2.185002004150694
P03098,1,5.2,4.578655941667136
P03099,3,3.1,3.485215560509367
P03100,2,5.7,6.046798409670284
P03101,3,7.5,6.309427645701972
P03102,3,6.7,6.1910158888921245
P03103,1,6.6,7.326227401765105
P03104,1,9.4,9.571997441141933
P03105,5,4.6,4.883874719060502
P03106,4,5.3,6.152029834917034
P03107,5,5.6,5.665913868855813
P03108,1,5.5,5.12132687429123
P03109,2,6.6,6.4469872837927
P03110,2,3.9,3.1168200392848213
P03111,4,6.1,4.663349480921642
P03112,2,4.2,5.337283609343643
P03113,3,6.9,7.17704463423031
P03115,4,8.0,7.67142760436667
P03116,2,6.4,6.42243550109169
P03117,4,4.3,3.6913837303996333
P03118,3,6.7,6.2047555934926235
P03119,3,3.6,3.643645565630124
P03120,1,4.3,4.29213100393822
P03122,5,9.6,8.260284144450013
P03123,2,5.9,6.4679300637130375
P03125,3,4.8,5.762861527723075
P03126,3,6.5,6.920680285924331
P03127,4,5.5,5.335186123198413
P03128,4,3.1,4.666972999898437
P03129,3,7.5,7.077484819191124
P03130,5,4.2,4.109829381661996
P03131,2,6.6,6.323222867714346
P03132,2,6.2,5.724601776058426
P03133,5,3.2,4.31433329232512
P03134,5,9.2,8.100753310778774
P03135,1,6.3,5.2494462194651685
P03136,2,4.9,5.049473301274518
P03137,4,5.3,6.322812601225022
P03138,5,6.0,6.580830649119885
P03139,4,6.2,6.90917432499599
P03140,1,4.7,5.666971096869111
P03141,5,6.8,5.993054531806534
P03144,5,2.4,2.3623561173409287
P03145,2,6.0,6.800080141093205
P03146,2,8.0,6.7270602152424575
P03147,4,6.5,5.317116378039129
P03148,4,7.7,7.077357174183135
P03150,2,4.3,5.804362368229471
P03152,5,3.8,5.728537620606208
P03154,2,4.8,4.7131664484374305
P03155,3,6.4,6.732080227383131
P03157,1,4.2,3.4586188724374125
P03158,4,8.8,7.685298309404059
P03159,1,7.4,6.406242548978838
P03160,2,8.6,8.540223308507791
P03161,1,5.4,6.410111366205246
P03162,2,5.0,6.8567096112449395
P03164,1,5.5,6.379629837538789
P03166,3,6.5,6.296867816338541
P03167,1,8.5,7.349351872681595
P03169,4,6.5,8.051587618694377
P03170,2,7.4,5.5157581259983814
P03171,3,7.4,7.688917086256726
P03172,5,6.8,5.357727111320043
P03173,2,4.7,4.731165008215704
P03174,2,5.0,6.786110462721237
P03176,1,3.2,3.3992496440430884
P03177,4,5.4,4.763486214154237
P03178,2,6.4,5.575600025886215
P03180,5,4.2,4.239757857687867
P03181,4,6.3,7.538714106115514
P03182,5,6.1,4.773110725669134
P03183,1,6.3,6.21167217148623
P03184,5,6.7,6.6307159829680975
P03185,3,4.7,4.36015393523395
P03187,4,7.8,6.96493311983917
P03189,2,4.7,5.268870447028509
P03191,3,5.9,7.245592947027913
P03192,1,6.5,5.799029503958914
P03193,1,7.1,6.438111962251576
P03194,5,8.8,7.839763252137213
P03197,2,8.6,8.481799921696467
P03198,5,8.7,8.71925833862187
P03199,2,7.9,8.508056096894304
P03201,3,6.4,4.646132113221393
P03203,4,6.6,5.375206521091661
P03204,5,8.0,8.301572941715861
P03205,4,2.9,3.2882164329534653
P03206,3,5.8,6.576525898617107
P03207,5,5.5,5.26065852555447
P03209,4,6.1,6.8787686100520204
P03210,3,6.6,5.152808136969296
P03211,3,6.8,6.886925203965031
P03212,2,7.3,6.868865728012163
P03213,3,7.3,5.889742385373687
P03214,5,8.8,7.690147044690436
P03215,1,6.4,6.506631898206014
P03216,1,7.1,6.723833151585023
P03220,1,6.1,7.386895587669538
P03221,4,6.4,6.165020406034565
P03222,4,5.0,5.040785585149048
P03223,5,5.0,4.648299805069949
P03224,2,6.9,5.879683890714888
P03225,4,7.0,6.750225294331473
P03226,1,7.8,6.832590579295675
P03227,4,6.8,6.762751465950853
P03229,4,7.9,7.41958395079617
P03230,4,4.5,3.423684857947427
P03231,1,4.5,6.563957461012467
P03232,2,4.6,5.225692929982518
P03233,1,7.3,7.340673895071681
P03234,4,6.9,6.407733890743213
P03235,2,6.2,6.427674236575541
P03236,4,6.6,6.5087921259042485
P03237,3,4.4,6.872388284811331
P03238,4,5.6,5.979005215535732
P03239,5,7.2,7.433702236947884
P03240,5,6.3,5.8159296073889655
P03241,1,5.1,5.098479668783879
P03243,3,4.2,5.241851538813685
P03244,3,5.6,6.234440978940744
P03245,1,6.4,6.735639003870165
P03247,3,5.3,6.181200188150952
P03248,4,8.1,7.2739135119850635
P03249,5,6.1,7.051584672305266
P03251,1,4.9,3.4472194858502614
P03252,2,7.6,8.33368301902041
P03253,3,2.9,3.6992098131799196
P03254,3,6.7,6.298528352044433
P03255,3,4.9,3.824012491963089
P03256,2,6.5,7.719026065841684
P03257,3,4.8,5.404265966301677
P03258,5,6.2,6.339314308022299
P03259,3,7.5,7.281489723023869
P03260,1,7.0,7.4253646801460285
P03261,5,2.9,4.143531863007391
P03262,1,6.9,7.135704032050736
P03263,5,6.7,7.750342565718854
P03264,4,5.4,6.37888052932382
P03265,1,4.0,6.069516588377328
P03266,3,4.9,5.035904819429989
P03267,3,6.0,6.26166512086871
P03268,5,5.8,6.219124741587494
P03269,5,6.4,7.000390991065121
P03270,4,5.6,5.897925202956045
P03271,1,7.4,6.449182614880485
P03272,1,5.5,6.580831744663054
P03273,5,7.7,6.9446135653719585
P03275,4,8.4,8.478709394459411
P03276,2,4.2,4.884666073185203
P03277,2,6.0,6.118891893970845
P03280,3,5.7,6.815888939170668
P03281,5,5.1,5.7670106201388185
P03282,5,6.7,5.780317486610356
P03283,3,6.8,6.436502787587018
P03284,2,5.5,6.492945329307611
P03285,4,7.2,6.289503585445476
P03286,2,8.4,6.083992870023234
P03287,4,5.8,7.3962725321660665
P03288,1,6.9,6.092711069621035
P03290,1,5.6,6.588494846483919
P03291,3,6.2,5.971592903643496
P03292,1,6.5,7.296039767432925
P03293,4,4.6,4.373839930173087
P03294,4,6.1,6.648466625540621
P03295,2,4.6,5.327157916959669
P03297,5,8.8,6.663121218113864
P03298,2,4.0,4.4186839919429906
P03299,3,6.7,6.362904649509374
P03300,2,5.4,6.772276405456125
P03301,3,6.2,4.5332574066885964
P03302,2,8.4,7.6224098722999445
P03303,1,3.3,3.4903424163567967
P03304,1,4.8,4.812132150744309
P03305,4,7.5,7.037589741148801
P03306,2,3.4,2.812741842293568
P03307,1,5.8,5.934222214261035
P03308,2,5.9,5.92808045844075
P03309,1,5.4,5.588644786617121
P03310,1,7.4,7.000649822123827
P03311,4,7.3,5.828763407536666
P03312,1,7.1,6.493389002164877
P03313,3,5.7,5.424284691534543
P03314,5,8.2,7.432550176572959
P03315,2,9.0,8.482714247971508
P03316,3,4.7,5.529851987077921
P03317,5,4.5,3.727002933660717
P03318,1,7.0,6.547475275741495
P03323,3,7.0,7.260486141310185
P03324,3,5.7,5.091251442438513
P03325,5,5.4,6.554684874431919
P03326,5,7.8,6.680671264263475
P03327,5,5.9,5.924149276157328
P03328,1,6.1,6.5466847144644245
P03329,4,6.8,6.377130017113776
P03331,2,5.2,6.376686636673953
P03332,2,5.6,6.838036434018772
P03333,5,7.6,6.388818553176814
P03335,2,7.9,7.157002466174167
P03336,1,8.2,7.3848707571601935
P03337,3,4.0,4.0949181108418236
P03338,5,5.4,5.918304304528537
P03339,3,8.2,7.313970255994602
P03340,3,6.0,6.3960342396986025
P03341,2,7.1,7.888096413534036
P03342,3,5.5,6.225231581454626
P03343,5,8.6,7.647796309725673
P03345,2,5.4,4.434980164215721
P03346,5,6.5,6.4823798499639045
P03347,5,6.1,6.827944281235279
P03348,2,5.3,5.420980630170716
P03349,2,7.4,5.338930524289198
P03350,3,7.5,6.734568021537786
P03351,1,5.3,6.17144318743633
P03352,3,5.5,5.32992978349586
P03353,2,5.9,7.2416076526263335
P03354,3,4.7,4.7845107851627855
P03355,4,7.2,7.238302827562431
P03356,1,5.9,7.204311259125041
P03357,5,6.0,7.359287842845241
P03358,3,6.4,6.446566986514624
P03359,4,6.9,5.398106450425139
P03360,1,1.0,2.5326585539881608
P03361,1,9.0,5.452866172177331
P03363,2,6.1,6.9263620528527
P03364,4,3.4,5.57864302790629
P03365,5,9.4,8.571918771354833
P03366,3,4.4,5.727854449697283
P03367,1,9.2,7.382198840920104
P03369,5,7.8,8.799865215890076
P03370,4,4.9,5.772763693493049
P03371,5,8.6,6.660602907004083
P03372,3,4.7,4.029148582162053
P03373,4,5.6,5.665627456657706
P03374,1,4.7,5.859694746761416
P03375,4,7.4,7.0233043947489096
P03376,1,5.1,3.886837309743078
P03377,2,7.1,7.232670411861945
P03378,5,5.1,6.4053795007435514
P03379,1,7.7,7.325824260548856
P03380,2,7.0,6.062853576414603
P03382,5,8.0,6.965154295179282
P03383,1,7.0,5.4869376805034635
P03384,3,5.2,6.0807956063472535
P03385,5,8.0,6.837228090866521
P03386,2,7.4,6.947848732254069
P03387,4,7.4,6.8685610684054845
P03388,3,5.7,5.443351344036466
P03389,5,6.3,6.939524121721959
P03390,3,3.8,3.849439724074245
P03391,1,4.4,4.514373057585611
P03392,5,7.0,6.645968675144101
P03394,5,5.5,5.249665308426426
P03395,1,7.7,8.66429673632452
P03396,3,3.3,3.5805091534384874
P03397,4,5.4,4.725573342903196
P03399,1,5.2,4.60891551784032
P03400,3,4.8,5.07900063815367
P03401,2,4.5,4.806512709306918
P03402,3,7.6,7.348543810064193
P03403,1,4.4,4.750758934348694
P03404,3,4.4,5.524000498545034
P03407,4,7.2,5.695537455637272
P03408,2,7.6,6.541609827458658
P03409,4,4.1,5.205442951329229
P03410,1,6.0,5.83197233392932
P03411,1,8.7,7.417165271362546
P03412,2,4.5,5.625463069411678
P03413,4,5.5,5.3197516591509935
P03414,5,8.5,7.055679448411171
P03415,2,5.1,6.214045357620511
P03416,5,7.4,7.4280501925546885
P03417,5,6.0,6.083460939036217
P03418,4,7.1,6.613186302854287
P03419,4,6.6,7.1722080692016545
P03420,2,4.6,4.79547922827473
P03423,3,5.1,6.082950522496467
P03426,1,4.8,6.664834714649525
P03427,5,4.2,4.620996739239107
P03428,4,2.8,5.3631743895785595
P03430,5,5.6,5.306001295869494
P03431,1,5.2,5.926330049627773
P03432,5,1.1,3.76097946797775
P03435,2,6.1,5.59193325179507
P03436,1,9.2,8.350180488098545
P03437,1,8.6,7.7569657530562335
P03438,2,4.1,4.222458159168691
P03439,1,6.2,6.607149693941878
P03440,1,9.2,7.07059546047601
P03441,2,4.4,4.51859252324244
P03442,2,5.9,6.1005690729433235
P03444,5,2.5,4.0552002328706855
P03445,1,6.8,6.4953168337446465
P03447,4,7.7,7.69514574120817
P03448,4,5.7,5.667334931863849
P03451,3,7.9,8.136758370485907
P03452,4,5.1,4.958784454929653
P03453,2,5.9,5.756519794687299
P03454,4,4.9,6.670574750504979
P03455,2,8.1,7.450749605712627
P03456,4,8.3,8.257091657552635
P03457,5,6.6,5.75443059024542
P03458,1,5.2,4.9962042339512545
P03461,1,6.2,7.321793404611585
P03462,5,5.7,6.847558266863902
P03465,2,4.2,4.69384080730386
P03467,2,5.2,6.859833293294679
P03469,1,6.5,5.894453118689955
P03470,2,7.1,7.003925651850886
P03471,2,8.3,7.559905041974375
P03472,5,6.9,6.639217318209871
P03473,1,6.6,6.623264516743099
P03474,5,7.2,7.509526315532241
P03475,1,4.9,4.83663997217951
P03476,5,7.2,6.475637353129324
P03477,5,7.2,5.6884860193482725
P03479,1,5.3,6.02540673927278
P03480,5,4.7,4.866437599529575
P03481,2,7.2,7.334882953492046
P03482,5,5.3,5.084845169218222
P03483,2,7.1,6.988071477766874
P03484,2,6.1,6.106424153073912
P03485,2,6.2,6.4878268964669585
P03486,5,5.3,5.098266948831855
P03487,1,1.8,3.2232312821545954
P03489,4,6.6,6.404364443131972
P03491,5,7.3,6.5296977401606435
P03492,5,4.1,5.85024491111597
P03493,5,5.5,6.351627235358124
P03494,2,5.4,6.166838507520163
P03495,1,8.8,6.901988832202835
P03496,3,7.8,7.850680446998389
P03497,3,2.8,4.467621799593886
P03498,3,5.0,5.781172828563585
P03499,3,6.2,5.988395424557561
P03500,4,5.7,6.862742674070457
P03501,1,5.1,4.663772748680554
P03503,1,3.0,3.6919627703316085
P03504,1,5.0,6.663059456105266
P03505,1,5.6,5.4643826926292105
P03506,2,5.9,6.426055911256006
P03508,5,8.5,6.186081550158294
P03510,2,9.3,6.650472542601069
P03511,2,6.5,5.223916747565463
P03513,2,6.8,5.492306471117825
P03514,3,3.3,2.8204213892042413
P03517,1,7.8,6.80867856806445
P03518,5,5.6,5.651056709365915
P03519,4,3.7,4.6983708388886
P03520,3,3.6,4.49832510740768
P03521,1,6.8,7.538567904417233
P03522,4,3.9,6.1928704068265406
P03523,2,6.5,6.483126920376699
P03526,2,6.6,7.375788353691132
P03527,5,2.4,3.8337426678403492
P03528,2,7.0,6.743897924882462
P03529,5,4.4,4.271029254274727
P03532,3,6.9,7.160693840156334
P03533,4,4.1,4.246646745649133
P03536,1,7.9,8.60759400674396
P03537,5,6.4,7.218541505839588
P03538,1,6.5,6.538058984873821
P03540,4,4.1,5.320451019895223
P03541,2,5.8,6.385400941453212
P03542,3,5.9,6.993510959759449
P03543,5,6.9,6.120327408761789
P03544,1,6.7,7.440818116624618
P03546,4,8.0,7.790739761803988
P03547,3,7.5,7.1786716858286646
P03549,3,4.6,3.511687917312439
P03550,3,4.4,3.4360202560645736
P03551,4,6.9,6.530663369339266
P03552,5,5.4,4.485414501520177
P03554,1,3.3,5.114132950513051
P03555,1,7.8,8.422652128369739
P03556,1,7.8,6.658537725200911
P03557,3,4.6,4.578880180253192
P03560,1,5.2,4.81789792407384
P03561,1,8.5,7.133797059019789
P03562,4,6.8,7.239261929393053
P03563,2,5.7,6.621656211709639
P03564,4,6.2,6.576259187091881
P03565,4,6.2,6.376021571036265
P03566,3,7.9,6.90268722401027
P03567,2,6.8,6.052504850871406
P03568,5,5.5,6.329620689929571
P03569,1,6.6,7.5824123541938135
P03570,1,5.1,5.626858845626916
P03571,2,5.6,6.700858599263757
P03574,3,6.6,6.2007461203725365
P03575,2,6.3,6.143698052474694
P03576,2,7.2,7.188470943822032
P03577,1,5.2,7.016084628001414
P03578,4,4.5,4.450506418972578
P03579,2,3.6,5.201055381978894
P03581,1,5.3,4.742002301543929
P03582,3,8.1,6.885189095934725
P03584,5,8.7,6.8848471547582
P03585,2,8.2,8.471598483122175
P03586,2,9.1,8.057926420092336
P03587,2,7.2,6.3905433774967415
P03589,5,7.1,6.939031424109578
P03590,3,7.0,6.364745392202597
P03592,3,4.4,5.72252918995848
P03593,2,9.2,7.917638331123138
P03594,1,6.0,4.948726891737339
P03595,1,6.7,6.137122915086753
P03596,4,4.6,3.2425348034794768
P03597,5,6.6,6.582421332710496
P03598,3,5.4,5.889936187170374
P03599,1,4.8,4.637222740231894
P03600,3,5.8,5.384228071301782
P03601,4,4.2,5.379180299628987
P03602,5,4.8,5.082221988048346
P03603,4,4.9,6.768507741010013
P03604,4,8.0,7.651349292047801
P03605,5,7.3,6.03569091009122
P03606,1,6.2,4.910793564883921
P03607,1,9.2,7.686778581371535
P03608,3,8.8,8.369388466152289
P03611,2,8.5,7.777434475067179
P03612,4,5.6,4.924532531631972
P03613,5,7.7,6.761323737985698
P03614,3,8.4,5.887850750856139
P03615,5,6.3,6.300755419268087
P03616,5,7.5,6.169915023350299
P03617,2,5.0,6.760301427597944
P03618,5,8.0,7.213578026579748
P03619,5,4.6,4.292114133469802
P03620,5,7.4,6.4327587835624955
P03621,1,7.7,7.090998685258851
P03622,2,5.2,5.7385202165227245
P03623,2,8.0,8.047811614195545
P03624,1,4.1,4.985746704822771
P03626,4,5.6,6.154832121010097
P03627,1,5.4,6.701188337774022
P03629,3,7.2,6.181397693224255
P03631,4,6.8,6.219764105639914
P03632,4,6.7,7.314642627061702
P03633,5,4.8,5.151674089687504
P03634,5,6.4,4.917157227436191
P03638,5,7.7,7.589006516490231
P03639,1,7.5,6.718187295889199
P03640,1,7.1,6.670573425105292
P03641,5,5.8,6.685856213626454
P03642,3,7.0,7.396293072846416
P03644,3,5.6,5.342960851969403
P03645,3,5.8,6.850991814975473
P03646,1,4.1,4.843491905318212
P03647,5,3.6,3.4409451418691206
P03648,4,9.6,8.394112838770285
P03649,1,8.3,7.1383551415358015
P03650,3,7.7,7.32181137320043
P03652,1,4.0,4.411503852013647
P03653,1,7.0,7.109658059339099
P03654,4,5.5,6.390128189069329
P03655,2,3.7,3.702558742717197
P03657,2,6.9,6.729117995269091
P03658,4,4.8,5.688411725345106
P03660,3,5.2,5.126065517956213
P03661,3,5.7,5.923566512660072
P03663,1,4.1,5.721253913943592
P03664,5,7.3,6.433735984480099
P03665,3,7.0,8.00771429977715
P03666,2,3.6,3.2317333209566885
P03667,4,7.2,7.753908046732365
P03668,3,5.0,6.841365094410326
P03669,1,3.9,3.4193682158273635
P03670,2,6.3,7.4950420766086125
P03671,5,7.4,4.987690786851915
P03672,1,2.3,3.079664039016443
P03674,4,8.9,7.148611595730037
P03677,5,4.5,3.681767697248117
P03679,5,6.0,6.525951730939776
P03681,5,4.1,3.5847590159195653
P03683,4,7.4,6.143803185812605
P03684,1,7.5,7.169901558261233
P03685,4,5.3,7.018024545488446
P03686,5,6.7,6.756015015039408
P03688,5,6.5,5.6940903798361076
P03689,5,7.3,6.48531820559706
P03690,5,4.0,4.0045526466870225
P03691,2,3.5,4.4065664221107514
P03693,1,5.0,4.919989157794687
P03694,2,7.5,6.616575430849744
P03696,1,6.9,6.330187235481518
P03697,4,6.6,5.1636787163791045
P03698,4,5.3,4.510169158271601
P03699,4,7.2,7.752912838214623
P03700,3,4.7,6.058607134329241
P03701,5,4.2,2.763610834488506
P03702,4,7.2,7.7227072786927
P03705,1,6.1,5.23000526159534
P03706,1,4.8,5.593333063230328
P03707,4,7.8,7.161177557495922
P03708,4,4.3,4.393086780162868
P03709,3,4.3,5.46726792571977
P03712,4,2.6,3.5863388088616337
P03714,3,6.4,7.011284508113712
P03715,1,9.0,7.76234009077431
P03716,5,6.1,7.226257050694475
P03717,2,4.8,3.6037725901060242
P03718,3,7.2,6.255219572417722
P03719,5,6.3,6.897254962090658
P03721,2,7.0,5.313985875540367
P03722,3,5.5,5.770660906142916
P03723,2,7.4,6.953538961802676
P03724,4,9.3,7.4594667338874965
P03725,2,7.4,7.170158613695014
P03726,5,4.1,3.2468335928356864
P03727,5,5.8,6.556968154337232
P03729,2,6.2,6.312891145280288
P03730,3,7.0,6.530679635417984
P03731,3,6.6,5.360729688470992
P03732,3,7.2,7.023978404302012
P03733,1,6.6,6.303111494746423
P03734,5,6.2,6.503521463212611
P03735,5,4.1,4.942107900395059
P03737,4,4.7,4.025556805526616
P03738,3,7.1,6.978019147471905
P03739,5,6.8,6.562540752354092
P03740,3,5.3,5.433309747430142
P03741,5,4.5,4.851078459932678
P03742,4,4.3,4.244521981952297
P03743,5,6.4,7.70229422360604
P03745,4,4.1,4.507209163870385
P03746,4,5.6,6.2729635565148785
P03747,2,9.2,7.479741969255662
P03749,4,5.4,5.197887053884638
P03750,4,8.0,6.27567456343634
P03751,1,4.2,3.9445478633522626
P03752,3,9.6,7.6420235880489695
P03753,4,4.2,6.087819576029167
P03754,2,7.6,7.306815299334352
P03755,3,5.4,6.66519483083165
P03758,5,6.0,6.610950174584842
P03760,2,7.6,5.90077322495901
P03761,4,6.3,6.972533850184836
P03762,4,6.8,6.289982968399444
P03763,4,6.6,6.225791156167309
P03764,2,5.2,5.404350344997884
P03765,1,8.9,7.395974389274593
P03766,4,5.2,6.22352953451841
P03767,2,6.2,4.806930764772068
P03770,3,5.7,6.536749710641111
P03771,3,5.0,5.091735380980335
P03772,3,5.4,5.209131848416405
P03774,4,6.7,6.765729329746765
P03775,2,9.7,8.606586565702656
P03776,4,6.1,5.464446120356439
P03777,1,4.1,4.763677527473812
P03778,3,4.5,6.194643618827619
P03779,3,6.0,7.261304671132162
P03782,3,5.2,6.928255044251435
P03783,2,5.0,5.751760035097275
P03785,5,8.4,6.6509202987884875
P03786,1,6.0,5.605252402950671
P03787,5,6.9,6.018393555717866
P03788,2,5.5,5.7336249641569506
P03789,3,5.1,5.406631748169493
P03792,2,7.5,6.87963450044761
P03793,1,7.5,6.647736357326382
P03794,4,5.8,6.4301689041798165
P03796,1,6.2,5.223908784381628
P03797,3,4.3,4.697598645383907
P03799,4,5.3,5.370042142266348
P03800,1,6.0,5.1663198237746295
P03801,1,6.2,5.435545854013871
P03802,3,7.2,7.293538078938495
P03803,1,5.5,7.485482814449497
P03805,1,6.5,7.778209763857698
P03806,2,4.3,4.562103092872104
P03807,1,5.2,6.334261039341188
P03808,4,3.8,4.025002118668354
P03810,1,9.4,8.048783534120009
P03811,2,4.5,5.1130212404493705
P03812,1,5.7,6.021257419514505
P03813,2,7.6,7.02000665667931
P03814,3,7.2,7.6680289252731875
P03815,3,8.1,7.747608622092489
P03819,4,8.2,7.30848186727766
P03820,1,8.1,6.686769560153925
P03821,3,3.6,5.637703710954888
P03822,3,8.9,7.803580716270372
P03823,1,7.1,6.3083460596922505
P03825,3,6.3,5.380745757624191
P03826,5,5.8,6.648098625940905
P03829,2,8.7,7.340097449669818
P03830,4,1.9,3.4134625625116493
P03831,4,5.1,6.07900484689932
P03832,4,7.8,7.6464076250330075
P03833,3,7.2,5.391757218027765
P03834,1,5.8,7.120078066374401
P03836,2,3.3,3.8523177586458277
P03838,5,5.8,6.4387157389329
P03840,1,6.7,6.213109919890457
P03841,5,7.1,7.647244727063013
P03842,2,5.7,6.662680519846408
P03843,1,8.5,7.7592746301875835
P03844,2,5.1,6.146377404998404
P03845,4,7.0,6.440674300151715
P03847,5,4.4,5.415973908936797
P03848,1,6.3,6.73147141781957
P03849,4,2.8,3.4256601233007387
P03850,1,5.8,6.159024640505989
P03851,2,6.9,6.322682405397976
P03852,4,4.8,5.73317672868597
P03854,2,7.4,6.596118669340182
P03856,1,7.6,6.642683475947491
P03858,5,5.2,5.346808267039928
P03859,4,6.0,5.56352690852862
P03860,1,5.4,5.878737950155219
P03861,2,7.8,6.35249335478775
P03862,5,2.6,3.910083640487402
P03863,4,4.8,3.9659687384742894
P03864,5,7.0,7.109722250682208
P03865,2,5.2,5.976555548585063
P03866,2,8.8,7.555252023699902
P03867,4,7.6,7.550257035512207
P03869,3,7.9,5.390914147075425
P03870,4,6.5,6.39500517220174
P03871,3,7.1,6.2893187764287575
P03875,5,7.6,6.55873341172197
P03876,5,3.4,3.4256113795156957
P03877,2,5.3,5.09069425860814
P03879,3,4.4,5.160838031925023
P03880,3,5.8,6.411138413204291
P03881,4,4.0,4.471681608098601
P03882,5,8.7,7.591765260399642
P03883,1,5.8,6.001270515012088
P03884,2,6.2,7.2043867644997155
P03889,4,7.7,7.53228286364913
P03891,5,3.3,3.6548623669334894
P03892,1,6.5,6.189677479670225
P03893,4,5.0,5.225750678393435
P03894,1,9.4,8.866445060994998
P03895,4,9.1,7.437520340050587
P03896,4,6.9,8.366920853560188
P03897,1,4.5,4.675047220233809
P03898,2,6.9,7.0726704985209095
P03899,3,6.5,6.813023745814417
P03900,5,6.6,6.995359874904773
P03901,4,3.3,4.108655467443579
P03902,1,9.3,7.664474894488929
P03903,4,6.4,6.422740073041329
P03904,5,6.2,5.837132477851963
P03905,1,4.5,5.255970754767237
P03909,3,4.4,5.535668289544408
P03910,3,6.1,6.4622417350701244
P03911,4,5.4,5.0941038775859795
P03912,1,6.8,5.479533519102234
P03914,3,5.2,5.3400596137677185
P03915,3,3.4,3.0312471299933863
P03916,4,9.0,7.562948740499682
P03918,1,1.8,2.9487450820653556
P03921,3,7.6,6.684329808427821
P03922,2,6.8,7.256203512585731
P03923,5,4.8,6.427520544202733
P03925,4,3.4,4.368138890113985
P03926,5,6.7,6.792496115069792
P03927,3,4.6,3.9102133717355465
P03928,3,8.4,6.297211598904935
P03929,2,8.1,6.390152663608537
P03930,2,8.0,7.420378139581228
P03931,4,6.0,6.826407185858376
P03932,3,6.1,5.542869092759062
P03933,4,5.4,6.467264057773791
P03934,5,5.9,6.336467370688243
P03935,3,5.8,6.849349512055534
P03936,3,8.6,7.398212083875691
P03937,4,6.8,5.6140819482297015
P03938,1,4.8,5.612080556853993
P03939,3,6.4,6.60126942667892
P03940,2,5.2,6.118774569412449
P03941,3,6.4,5.8623782514903215
P03942,5,6.0,7.894784031281571
P03945,2,7.0,6.747448485292182
P03946,5,6.3,6.360262465070135
P03947,3,4.4,5.1686691951537185
P03948,5,4.4,5.139931254241586
P03949,2,7.0,6.84677242211822
P03950,4,4.5,4.642413929242128
P03951,5,5.5,6.271730576414
P03952,3,5.2,6.28366521347712
P03953,1,6.6,6.658325896651577
P03954,2,4.4,4.852155551052509
P03956,4,6.5,5.836882895194948
P03957,5,5.2,5.020193462247369
P03960,3,5.2,5.240017225878724
P03961,4,6.9,5.256083829761933
P03964,3,7.7,7.075819308026495
P03965,5,6.6,6.3174589023324454
P03966,3,8.2,7.391740776068256
P03967,2,3.9,3.831556053016753
P03969,3,5.5,6.152959137984024
P03970,2,6.5,7.189768475594036
P03971,3,8.1,6.962337886175208
P03973,2,6.6,6.614271954593915
P03974,5,4.5,5.384975336341655
P03975,5,8.7,7.362869429924162
P03976,5,5.8,4.6735876945069545
P03977,5,5.9,7.495726636686029
P03978,4,7.5,6.426322724316592
P03982,2,6.9,7.562071706467506
P03983,2,9.6,9.071887598562666
P03984,1,6.7,7.320335244741928
P03985,2,6.7,5.246527844549553
P03986,3,3.8,5.861623937335489
P03987,4,3.0,3.428919989307068
P03988,4,5.8,6.954195326125513
P03989,2,4.7,4.497106938989001
P03990,5,4.8,5.73698093127595
P03991,3,4.6,5.195030323258629
P03992,1,8.5,7.04372416113822
P03993,3,7.1,8.103829395979774
P03995,2,9.1,7.854571565750649
P03996,4,5.5,6.523525705798055
P03997,4,8.4,6.418006913186636
P03998,1,2.8,2.1357141193408085
P03999,3,7.6,7.106051308339518
P04000,5,5.9,5.971189544052287
P04001,1,6.7,6.390284244465678
P04002,3,8.4,6.877146632886997
P04003,5,7.1,6.560291449826745
P04004,2,6.3,5.973389452144972
P04005,3,5.6,6.174082948813948
P04006,4,6.3,6.1503409345865485
P04007,5,5.5,5.024175074981349
P04009,5,6.5,7.853116159023736
P04010,2,5.1,6.066658336660603
P04011,3,8.2,8.302447809921665
P04012,3,6.9,6.781835315268706
P04013,1,6.2,6.121178052983901
P04014,4,4.5,5.231949259960466
P04015,5,6.1,6.124072451847481
P04016,1,5.9,5.870049742684372
P04017,5,8.4,8.040621101525979
P04018,1,5.6,4.757430531865207
P04019,5,6.6,6.204288689368598
P04020,2,5.9,6.741468882029611
P04021,3,5.0,6.969249866759095
P04022,5,8.1,7.708543401947942
P04023,5,3.9,5.453645245557157
P04026,2,6.7,7.312776307765897
P04027,3,5.1,4.174826535413107
P04028,2,2.7,3.655458309653736
P04030,3,6.4,7.136592769423665
P04031,4,8.0,7.85414841371918
P04032,3,5.7,5.656201363564692
P04033,1,4.7,5.2504317128831905
P04034,1,7.4,6.0001988518772
P04036,1,5.7,4.574561634196851
P04037,1,5.0,5.936277941292606
P04038,5,6.6,6.30564969645567
P04039,3,7.4,6.716717273164628
P04040,1,5.5,5.557590977721507
P04043,5,6.2,6.0050810241051895
P04044,2,4.7,3.7180555529308426
P04045,3,7.2,7.3884440930581015
P04046,2,6.0,5.976917674748133
P04047,1,5.2,5.840488424512594
P04048,2,7.5,7.29070034585594
P04050,1,6.6,6.970740918120233
P04051,4,7.0,6.454908609616154
P04052,3,5.4,6.066953361886977
P04053,1,5.3,6.302264440574258
P04054,2,9.0,7.041832104204332
P04055,2,6.5,7.134297411924097
P04056,1,6.4,6.068374852564872
P04057,5,3.4,4.714372067500884
P04058,2,4.2,6.215767327121924
P04059,3,7.4,6.598667702732776
P04063,4,7.3,7.0183568385093515
P04066,2,6.2,5.691175986619363
P04067,1,4.9,5.15703974093075
P04068,1,5.3,5.029026647472799
P04069,2,5.9,5.730884259538894
P04070,4,4.8,5.703663995452378
P04072,1,7.3,7.210129200818939
P04074,3,6.3,5.48836064476707
P04075,1,2.6,4.843116927850313
P04076,3,6.6,6.4830066672721465
P04077,4,5.8,6.2096299209520645
P04078,4,7.6,5.9365594188422355
P04079,2,5.7,7.2750281307460725
P04080,2,8.1,6.872422549735066
P04081,1,4.9,5.032535728183106
P04083,2,6.1,5.324769490357712
P04084,4,8.0,7.88807097430233
P04085,3,6.4,5.459991454655406
P04086,3,9.4,7.758340174613484
P04088,4,7.7,7.801582761424545
P04090,5,6.8,6.87186662032589
P04091,2,4.4,3.8460831659514927
P04092,3,6.4,6.745539523499187
P04093,3,6.1,5.796665645603231
P04094,1,4.8,5.262629652859966
P04095,4,4.5,4.977956472191208
P04096,2,6.9,6.025132250144981
P04098,1,5.2,4.703264216503659
P04099,5,6.2,5.465050544016152
P04101,5,9.7,7.430208268609697
P04102,2,7.4,7.272050210015381
P04103,3,7.0,7.567289178596349
P04104,4,4.4,4.145651022825778
P04105,4,5.0,5.640009185855737
P04107,3,6.3,6.63775277762937
P04109,4,8.6,8.471700603238961
P04113,1,6.0,6.4976109234080655
P04115,1,6.6,5.693742041343313
P04116,2,1.6,3.6497642293133534
P04117,5,3.1,3.493796667215095
P04118,5,6.2,5.647736804165363
P04120,4,3.8,3.6417545858871936
P04121,2,6.3,6.242906378314022
P04122,3,6.6,6.535898662716429
P04123,5,6.0,6.794407738528355
P04124,1,6.0,7.140357876689987
P04125,5,4.9,4.59040624301267
P04127,4,6.8,6.696459937108156
P04128,5,4.9,5.401129809323098
P04129,1,6.2,5.9456575313068605
P04130,4,4.7,5.982645979528799
P04131,1,5.1,6.0096262626990775
P04132,1,3.6,4.389703160802649
P04133,2,6.8,7.193775241271176
P04134,4,6.3,7.627544628144862
P04135,2,5.1,6.529027105035251
P04136,3,5.5,6.088468501389288
P04137,5,6.1,6.488456056919871
P04138,2,6.8,7.324177565483803
P04139,3,5.0,6.136880375882688
P04140,2,4.7,4.2299314444644445
P04141,5,5.0,5.319566149852928
P04142,3,6.5,7.316489653017898
P04143,3,5.5,5.458843555830576
P04144,2,5.2,6.878407219447647
P04145,4,4.5,4.619828028028074
P04147,3,6.7,7.013789354536117
P04148,5,6.5,6.939490598510707
P04150,2,6.6,5.260061839972562
P04151,3,2.2,2.770012391190352
P04152,4,3.8,5.135482575727133
P04153,2,5.1,6.2809582770922
P04156,4,7.8,6.653735420860189
P04157,2,8.5,8.384503261870595
P04158,5,4.9,3.998021531577893
P04159,2,7.0,6.84931440288087
P04161,4,4.4,4.806897700524157
P04162,3,6.8,5.8459911541236025
P04163,4,9.5,8.22982202104123
P04165,1,7.0,6.805136531916906
P04166,4,7.2,7.177329352741103
P04168,5,6.7,7.2642195009104675
P04169,2,5.0,5.343196049072574
P04170,2,8.6,6.365991243921223
P04171,4,7.0,6.415795490556214
P04172,1,6.7,5.1596395147085765
P04173,5,5.3,6.876412837583528
P04174,1,6.8,6.725020441596188
P04175,2,8.2,7.847795056057555
P04176,3,3.8,3.8348125762025203
P04178,1,5.4,7.534196240724414
P04179,5,4.6,4.972249499321744
P04180,3,6.5,6.2702617877847535
P04181,2,4.3,3.6629298031387414
P04183,5,5.6,5.691877588972051
P04184,2,6.8,5.824270076894297
P04185,2,8.1,8.291397825247216
P04186,5,7.1,6.502900361549932
P04187,2,9.3,7.141357377833009
P04188,1,7.0,6.529046616524528
P04189,2,5.9,6.543376215014675
P04190,4,2.9,3.7890699753159125
P04191,2,8.2,7.753176084933347
P04192,5,5.8,8.081697748664853
P04193,4,6.1,6.7256927298225975
P04194,4,5.3,6.388687250677761
P04196,1,5.9,5.773026760238441
P04197,1,6.3,6.891436736788847
P04198,4,6.7,7.015906880350042
P04199,4,8.7,7.615869591402783
P04200,4,2.8,2.941380554032226
P04201,5,8.6,7.047329031994154
P04204,4,5.9,6.357362978993047
P04205,4,6.7,6.677716895693604
P04206,2,6.6,7.000061695209989
P04207,3,4.7,5.773271115016549
P04209,4,5.3,6.374018040498052
P04210,3,6.0,6.514297982686528
P04211,1,5.5,6.971162135526296
P04213,4,5.6,5.983052794998495
P04214,4,6.7,6.6483658368432845
P04215,3,3.9,4.054260502167368
P04216,4,4.9,5.832262497728615
P04217,4,7.0,6.0289100538945535
P04220,2,5.1,6.259854063294069
P04221,1,1.3,2.512241242861892
P04222,4,5.0,6.4375629783117425
P04224,5,6.7,5.900660739621962
P04225,4,6.2,4.6030117827222
P04226,1,6.6,4.850433987982349
P04227,2,2.7,4.054989284595712
P04228,2,7.4,5.397018912301098
P04229,2,6.7,6.296999177636413
P04231,5,4.3,4.686222766251283
P04232,3,5.2,5.49882129013995
P04234,3,7.4,6.291512272408586
P04236,5,7.1,7.569027104637231
P04237,3,3.6,5.570807686240679
P04239,5,5.6,6.397273823529833
P04241,4,5.4,5.539362973109176
P04242,5,6.6,5.842344737142757
P04244,5,5.4,4.9674410215903775
P04245,4,5.9,6.368186826359172
P04247,1,6.4,6.097875301398073
P04248,1,2.3,3.996952824991488
P04249,4,4.8,4.849010147395702
P04250,3,7.7,6.949993385099896
P04251,1,6.9,5.832493492779379
P04252,1,6.8,7.071018685199031
P04253,1,5.7,7.026015863358953
P04254,5,6.9,6.848438411526671
P04255,4,4.4,6.603970148144036
P04257,1,4.7,6.151636121819227
P04258,1,1.3,3.8659420381987037
P04259,4,7.2,6.805849799055759
P04260,4,6.1,6.579911973844993
P04261,2,6.3,6.882641650100247
P04263,5,8.0,6.2636989486584715
P04264,4,5.5,4.953269061432271
P04265,5,2.0,3.0110452676201755
P04266,1,4.7,5.532161700721133
P04267,5,5.7,5.700646761323042
P04268,2,6.6,5.761799932582134
P04269,2,9.8,8.489755263482953
P04270,4,9.3,9.029541926000793
P04271,2,7.3,7.572027949023942
P04272,4,3.5,3.5489613039865464
P04273,3,6.9,6.615588873384533
P04274,5,4.6,3.8109323794232832
P04275,5,2.6,3.7877590838666704
P04276,4,7.4,6.4077463411404
P04277,1,6.1,6.5071788206095516
P04278,5,5.8,5.857816877425415
P04279,3,5.6,5.645653944249804
P04280,4,7.4,7.101184862360575
P04281,4,5.5,5.608220740184497
P04282,5,4.6,5.4011996251165035
P04283,1,7.3,6.918793639634407
P04284,4,4.3,4.848915278161092
P04285,5,6.2,7.083110781880405
P04286,2,8.9,8.331251549085827
P04288,5,3.7,2.4650890587271843
P04289,3,7.9,7.9766312603289915
P04290,5,5.9,6.005538241839766
P04291,1,1.6,4.358451414186855
P04292,3,7.1,7.156691903821591
P04293,3,5.4,5.374170431698038
P04294,4,5.1,6.541198353914081
P04295,2,7.8,6.738264205325999
P04296,5,4.8,5.66330325613342
P04297,3,6.8,4.834207848975631
P04298,4,8.1,6.9784318114886315
P04299,3,6.7,6.238415202008039
P04300,4,7.9,6.637721544053197
P04302,1,6.2,6.196696985670933
P04303,4,5.4,5.2663642429644755
P04304,5,4.0,5.869104651276567
P04305,1,5.9,5.972879221945462
P04306,5,6.2,7.4749392445037435
P04307,2,5.2,5.008819806922448
P04308,5,7.4,6.8305382531730645
P04309,5,5.7,6.999448197648396
P04310,3,5.6,6.159789699485408
P04311,3,4.4,5.329376921886255
P04312,1,4.7,4.475155080755904
P04313,5,6.6,6.434042055631223
P04314,2,4.2,4.146092080306136
P04315,1,7.2,5.656149007619323
P04317,3,4.8,5.543199311398944
P04318,3,5.1,6.868766560446076
P04319,1,5.1,4.8522815468769185
P04320,5,6.6,6.886483916377527
P04321,3,7.2,6.80574338118964
P04322,4,5.8,5.182948763285436
P04323,1,6.6,5.435458475992849
P04325,2,9.0,8.560703352735098
P04326,5,5.9,5.987658584794224
P04329,3,8.5,6.932239161586873
P04331,4,1.6,2.404005621790143
P04332,5,5.8,6.243850303198949
P04333,2,5.9,5.752060923713157
P04336,4,3.0,2.806622898987812
P04337,5,6.1,5.8679748991506635
P04338,4,5.2,4.541082984425104
P04339,5,4.3,5.282614757134865
P04340,5,4.6,4.385170014884204
P04342,2,5.3,6.614382475392509
P04344,4,4.7,5.322999083813206
P04345,1,7.4,6.969885920472434
P04347,1,5.1,5.620899814322188
P04348,2,3.7,3.7908791436691733
P04349,1,5.6,5.494453482747531
P04350,3,4.7,5.422113509417718
P04351,3,7.0,6.29623261451582
P04352,2,5.7,5.580562576515595
P04353,1,6.2,5.9571101530928985
P04355,1,6.0,6.3084590320716245
P04356,1,5.9,7.139455932746171
P04359,5,6.9,6.8808876183280105
P04363,3,6.5,6.9549050057283175
P04364,4,6.0,5.24613359991916
P04365,4,2.9,3.7742348702512603
P04367,2,7.2,5.7144570694046335
P04368,2,5.5,4.74558688963059
P04369,2,6.1,6.776088186796671
P04370,2,4.4,5.073355160149529
P04371,5,6.2,5.997569093382383
P04372,5,4.6,4.633089973662223
P04373,1,5.5,6.161723181763759
P04374,5,5.3,6.978389715804553
P04375,4,9.1,6.901920572790981
P04376,2,5.9,7.164904421008969
P04377,3,6.4,6.634281298185449
P04378,5,5.4,6.227645675155979
P04379,1,7.4,7.2685719969225495
P04380,4,4.2,4.7213363429016315
P04383,5,4.4,3.007678642662355
P04384,5,6.5,5.841136434790095
P04387,1,7.9,6.167417060431422
P04388,1,9.4,8.06502836941215
P04390,5,5.0,7.021614325008718
P04391,5,6.6,6.452498130787499
P04392,5,6.5,6.216249186732506
P04393,4,4.6,4.376488476531562
P04396,3,7.2,7.422197273825872
P04397,4,7.7,7.8908762189255
P04399,1,5.6,6.29041656753619
P04400,5,6.9,7.249778191609698
P04401,3,7.8,6.887259135245436
P04403,3,3.3,3.9323846644997227
P04404,2,4.6,5.30038491090135
P04406,1,5.8,6.419592927783168
P04407,2,7.2,7.6345076127491
P04408,3,5.7,6.603716476773329
P04410,2,4.6,4.909443341413015
P04413,1,2.9,3.916570151296183
P04414,5,9.1,7.194262460382557
P04415,2,6.8,5.64268058849772
P04416,4,8.0,7.33759638630073
P04417,2,3.9,4.364427920504401
P04419,5,9.0,7.4594944729658295
P04420,5,6.3,5.981543758124076
P04422,4,8.0,6.419465071037734
P04423,5,6.1,7.510784822883747
P04424,5,6.9,6.549928669927381
P04425,2,7.0,5.874864989734647
P04426,4,6.0,5.889501599518749
P04427,3,3.2,4.318698234755202
P04428,5,7.0,6.730618618862119
P04429,1,4.6,6.241306983667509
P04430,3,5.4,6.332773374813456
P04432,1,5.7,6.392798991455419
P04433,4,6.8,6.059235139117248
P04434,1,6.1,5.166997110368671
P04437,2,6.6,6.438240501105099
P04439,2,5.5,5.497640172879126
P04440,2,5.4,6.408416519698281
P04441,1,8.4,7.981215661955142
P04443,5,5.4,6.2275567044964975
P04444,1,6.3,6.62681613605666
P04445,3,5.7,5.07205768399404
P04446,4,7.4,7.251909382343618
P04448,3,8.5,6.703474806487261
P04449,3,5.0,5.72664661398687
P04450,2,6.0,5.761299529548095
P04451,5,5.2,4.784553091767807
P04452,5,9.3,7.928604272418425
P04454,3,6.7,6.1147731389611515
P04455,5,5.8,6.5584045991080755
P04456,1,8.3,6.806971978615911
P04457,2,7.0,7.037549503310061
P04458,3,4.4,4.682584015507999
P04460,4,6.9,5.515765448917424
P04462,5,6.4,7.1130137925216275
P04463,3,3.5,2.696833357862124
P04465,3,7.9,7.659926628762511
P04466,4,7.3,7.540624467884523
P04467,3,7.2,7.753211373252984
P04468,2,4.5,5.233976232523515
P04469,4,5.8,6.014065606753645
P04470,2,6.4,6.911020108601338
P04471,2,5.1,4.30502089295776
P04472,1,6.2,6.393474498535653
P04474,3,9.1,8.527158864869277
P04476,1,5.0,5.5296285981464175
P04477,4,7.2,7.710721572806475
P04478,1,6.7,5.165396775486981
P04479,1,6.1,5.26609321685858
P04480,3,4.4,5.375323667745681
P04481,1,5.8,6.193366258339941
P04482,4,5.8,5.0739894459002945
P04483,3,6.5,5.962379100306589
P04484,5,6.3,6.243279193339897
P04485,1,3.0,3.623151936885905
P04486,3,8.3,6.518523058946793
P04490,5,7.0,6.2364014292349434
P04492,5,3.7,3.8429374367491236
P04493,1,6.3,6.358839338451813
P04494,4,7.6,7.981440940343109
P04496,1,5.8,6.135298911052247
P04497,3,5.6,4.285015772439699
P04498,1,3.4,3.967134884921328
P04499,3,6.7,8.043765089807469
P04500,2,6.8,7.1826080787613265
P04501,5,2.6,3.1181455091388925
P04502,3,7.1,6.5684554549566405
P04503,5,3.8,5.014700113042892
P04504,3,4.9,5.215363660337741
P04505,4,6.9,5.833559097497806
P04506,5,4.9,5.133001956223071
P04507,5,7.9,7.809064907570243
P04509,2,6.0,6.741733345995629
P04510,1,9.6,8.507646753816244
P04511,2,7.3,7.338880171464058
P04513,1,5.0,5.261100092770755
P04514,2,5.6,5.109489032604452
P04515,3,5.5,5.904411492407216
P04516,1,5.4,6.037212381676784
P04517,1,4.7,5.584819347947081
P04518,3,5.4,5.180692899869299
P04519,2,8.2,6.30242930845589
P04521,1,3.6,2.956312294421272
P04522,3,8.0,7.810055825574525
P04524,3,5.3,7.206699267749659
P04525,2,8.2,7.4464235902598634
P04527,1,4.1,4.835036706807717
P04528,2,6.3,5.242865056223009
P04530,1,7.6,6.327852538722847
P04531,5,4.7,5.6080545708513085
P04532,3,4.6,4.697168261805187
P04533,4,6.4,7.188603541439754
P04535,3,8.0,7.727856031737429
P04536,5,6.8,4.959953747050186
P04537,5,7.9,7.5494337993673195
P04538,5,5.8,6.671333716948578
P04539,2,5.6,5.34432437346953
P04540,2,3.9,3.339125366699476
P04541,4,6.2,7.008423050377413
P04542,1,4.8,5.460610053679801
P04543,1,5.6,4.383106907994124
P04544,2,4.9,4.6681605460154945
P04545,5,7.0,6.300160106712089
P04546,2,8.5,6.7016219895008735
P04547,5,7.6,6.796216449792539
P04548,4,8.3,8.447858387944514
P04549,1,6.9,5.729159968136347
P04550,4,4.6,5.3093646526653275
P04551,3,6.5,6.896891020270932
P04553,5,4.8,5.618805373055014
P04554,1,7.7,6.513281100866565
P04555,4,7.7,6.661568920961194
P04556,3,6.6,7.042691881885373
P04557,5,5.2,6.555057338412441
P04558,4,5.4,5.8586066448355885
P04559,2,8.9,8.275431983524433
P04560,4,4.0,4.215725601611146
P04561,5,6.8,7.202971090016826
P04562,3,4.0,4.8977005962379625
P04563,3,4.2,4.983788424697876
P04565,4,7.5,7.3267358352812675
P04566,3,5.0,4.179034159570555
P04567,4,6.4,4.308144632991955
P04568,3,4.4,5.313960335291076
P04569,1,5.9,6.310308971070984
P04570,2,4.2,5.954236135161263
P04571,4,4.5,4.358094067487796
P04572,5,8.1,7.901561224101265
P04573,1,6.0,5.695451350071698
P04575,5,5.3,6.659614865417036
P04577,2,6.1,6.438340497012008
P04578,2,5.3,5.609130046181692
P04579,2,5.9,6.0071245419088495
P04580,1,7.2,6.515842041367806
P04581,4,7.1,5.613476369277057
P04582,5,7.3,7.788788403238026
P04584,2,4.9,4.941975498700247
P04585,3,7.0,7.398065233233333
P04587,1,4.4,5.385614347442505
P04588,2,5.5,6.050719709246984
P04589,4,2.7,4.571308996041807
P04591,5,7.4,7.63539416179996
P04592,5,5.6,5.5230830792539995
P04593,2,6.4,6.7253653569821195
P04594,1,4.9,4.645602066848176
P04595,4,6.2,5.550818676967492
P04597,2,9.2,8.384705459513206
P04598,4,5.6,4.808546481977613
P04599,5,6.9,5.7051488101346095
P04600,5,4.8,4.934308666150336
P04601,5,5.5,5.050459352289337
P04602,4,6.9,6.4609305351485995
P04603,3,5.4,6.5827551995142475
P04605,3,6.2,6.711980064626097
P04606,2,6.7,6.767690142800087
P04607,5,5.4,6.171108783775706
P04608,2,6.2,5.632773748270883
P04609,3,5.4,7.14736073824428
P04613,2,4.3,6.11714004208955
P04614,3,5.8,6.592143821724328
P04616,4,7.1,6.02469476644312
P04617,5,6.1,7.258253122331203
P04618,5,3.4,5.14556470873729
P04619,5,5.7,6.65316757919115
P04620,5,5.8,5.536375842360357
P04622,5,4.1,4.9020714665059195
P04623,2,6.3,5.1831321984695595
P04624,4,7.6,6.234897340795192
P04625,2,7.4,6.265594537125131
P04626,5,8.1,7.605287143077285
P04627,3,7.7,7.676388568488813
P04628,5,4.6,4.9897773695762915
P04630,3,6.1,5.253768891303685
P04632,1,5.8,4.790187458527981
P04633,4,7.6,6.61976024774532
P04634,5,4.1,6.2684899725308565
P04635,5,1.5,2.324231991100394
P04636,4,9.6,7.302473310464103
P04637,4,5.6,5.239510706203115
P04638,3,5.8,6.157615395578768
P04639,4,4.0,6.178190893524405
P04640,1,2.6,3.226059807539212
P04641,3,5.1,5.645451530514654
P04642,2,7.2,7.284086014205333
P04643,5,4.9,6.047022366634288
P04644,2,3.8,4.723008044985747
P04645,3,4.0,5.27199383184747
P04646,5,6.0,6.020104909489805
P04647,5,4.1,4.9785086023169605
P04648,4,8.4,4.8644163661585775
P04649,4,4.5,3.6845132616512517
P04650,4,6.3,5.591906290012396
P04651,5,7.8,7.4908844976800095
P04652,3,7.8,5.550425494997728
P04654,3,2.3,4.340658969504724
P04655,3,5.4,7.245264665069687
P04656,3,3.8,3.860942442298943
P04657,4,2.7,2.350034686337718
P04658,5,6.8,7.449250599290536
P04660,5,2.4,4.899939022975882
P04661,4,4.3,4.502941772179088
P04662,2,6.0,7.026823096485834
P04663,2,6.8,5.7566707203147285
P04664,5,6.1,6.506901217422341
P04666,5,5.3,6.5662666769342195
P04667,1,7.2,8.168480985951495
P04668,5,6.2,6.9820642061220894
P04669,1,7.9,6.7160118195283625
P04670,2,4.8,4.254677261374464
P04671,1,6.1,7.084783210613018
P04672,2,8.5,6.775539165750624
P04673,1,4.5,6.300451148748626
P04674,3,8.8,7.4155560573465715
P04675,2,7.1,6.799488119594666
P04676,4,6.7,6.288085334291304
P04677,3,3.6,3.5015014501302573
P04678,2,4.5,3.77220938591323
P04679,1,6.7,4.367652592139366
P04680,2,7.8,7.731478029664751
P04681,2,3.6,4.409223319821592
P04683,4,5.2,4.97343049322789
P04684,2,8.5,7.916443742798397
P04686,3,3.6,3.020688322053845
P04687,1,6.3,4.872314909606949
P04688,1,6.7,6.937030371237121
P04689,4,1.8,4.306726569796396
P04690,5,3.4,4.987230852792007
P04691,1,4.0,4.551170701837885
P04692,2,6.6,7.4360925237498074
P04694,3,8.1,6.980644824928682
P04695,1,4.4,5.248963282264273
P04696,1,9.4,7.1282968820237045
P04697,1,6.9,7.271701644180135
P04698,2,7.0,6.939179303391899
P04699,2,4.8,4.366300668343897
P04700,4,6.6,5.926380092538149
P04701,4,5.2,5.0937267784958085
P04703,3,6.8,6.120288036898966
P04704,3,6.1,6.808006847192543
P04705,5,7.4,7.430267745254291
P04706,2,5.9,5.6380540828925065
P04707,2,6.7,6.746304664969478
P04708,4,5.1,6.612771022228228
P04709,5,4.8,4.5959334358496555
P04711,4,4.5,3.9676104575939277
P04713,3,7.0,7.379799661238446
P04715,4,7.5,6.999132511501882
P04716,4,5.0,7.17142925274849
P04717,2,8.0,9.072497013392123
P04718,2,4.0,3.554209262580723
P04720,4,5.6,6.180808721927549
P04723,1,6.2,8.29601107055309
P04724,5,7.7,7.422096709415659
P04725,3,3.0,3.0127189518549886
P04727,1,5.5,5.563902382566221
P04728,4,2.9,4.250050631949204
P04729,1,6.0,5.305996251801691
P04730,4,4.4,4.083324272530173
P04731,5,7.0,7.469822504910557
P04732,1,9.5,8.814008764255986
P04734,2,5.4,5.381993430318472
P04735,4,6.1,7.337911250380002
P04736,3,8.2,6.993466165334876
P04737,4,5.7,5.977997859616198
P04738,4,6.7,6.516538620662304
P04739,2,7.4,7.215845038377999
P04740,4,5.2,5.506046455467343
P04742,1,7.9,7.601455788849306
P04744,4,6.0,6.120029593223769
P04745,5,7.3,6.207659274545884
P04746,1,5.2,6.258880531929726
P04748,3,5.2,7.522434532543538
P04749,3,7.4,6.435535905533581
P04750,2,7.2,5.137555487407685
P04751,2,7.8,7.7300811552812565
P04753,4,3.8,5.242788305877593
P04754,3,7.2,6.871578014919173
P04755,5,7.0,5.685919362260995
P04758,2,5.1,5.319084320258496
P04759,4,8.3,7.9055557993961845
P04760,1,8.2,7.613853907467134
P04761,4,4.3,5.1203828360224435
P04763,1,6.0,5.649381632680556
P04764,1,6.0,5.346109171982606
P04765,5,7.0,6.697765615398108
P04767,3,5.4,6.699859116097262
P04768,3,7.8,6.292838101754176
P04770,5,3.9,3.7169754882995996
P04772,1,4.2,4.78822808817207
P04773,3,4.3,5.76703026675441
P04775,2,7.4,7.43514617287356
P04776,4,5.3,5.971596320256684
P04778,2,5.0,4.852348611181848
P04780,1,4.2,4.402189224142793
P04781,5,5.8,6.176378704541809
P04782,5,2.8,3.067368079420029
P04783,1,4.8,4.4204310183968785
P04784,3,7.0,7.246172191963682
P04785,2,9.2,8.382974662142608
P04786,4,9.8,7.8532958236755
P04787,4,8.5,7.179292232578527
P04790,1,5.1,4.845964600481916
P04792,5,4.1,4.446321541530366
P04793,5,6.5,7.097492500622916
P04795,2,7.7,8.442144622720143
P04796,3,4.0,4.667074754286856
P04797,2,2.8,4.090145735652929
P04798,3,5.5,5.871975647876611
P04799,4,4.0,3.8525438288564553
P04800,4,4.7,5.1694765589892375
P04801,5,5.8,5.545910924947147
P04802,2,8.5,8.17788357015933
P04803,3,4.7,4.252911404930391
P04804,2,5.6,6.835467507861052
P04805,3,3.9,4.235375114009523
P04806,5,8.2,6.765580050385178
P04807,3,4.6,4.016674321566778
P04808,1,4.5,5.895485622589956
P04809,2,3.3,4.3285428722886845
P04812,5,5.1,5.7633863700395205
P04813,1,3.9,4.118067877369562
P04814,5,4.2,5.435719153819779
P04815,4,9.8,8.981172901589112
P04817,4,6.1,5.78759299803678
P04818,1,5.7,5.609070701271611
P04819,1,6.2,5.40248579429965
P04820,4,2.8,4.014639818193524
P04821,2,9.8,8.103574737833313
P04823,2,6.2,6.619321742075436
P04824,5,5.6,5.431748548049555
P04825,4,4.6,6.31873459835716
P04826,1,7.6,7.038886201318993
P04827,3,5.7,6.393240598527248
P04828,3,6.5,8.244020788326878
P04829,5,4.6,3.5095185401435938
P04831,4,2.6,3.2000817868591107
P04832,1,6.8,7.13143551704111
P04833,4,6.7,6.278500541307108
P04834,2,6.5,6.114363853928509
P04835,5,3.7,4.199084675138549
P04836,2,5.0,6.194314639603692
P04837,2,4.6,5.66888088495808
P04838,3,6.2,5.615653109218733
P04839,5,5.5,5.475175484492127
P04840,3,2.9,3.4474011442318413
P04841,4,5.3,6.57794521132974
P04842,5,4.8,4.818843401832916
P04843,2,5.6,5.639182966654899
P04844,5,8.8,7.220381016422217
P04845,5,6.4,7.356429692295593
P04846,1,6.1,6.079154971038089
P04847,3,5.6,5.021984898439943
P04849,1,7.4,7.015802203398863
P04851,2,5.3,5.0803397951163305
P04852,3,6.6,5.304901204004083
P04853,3,4.3,4.699244738871318
P04854,2,5.5,6.061161249800666
P04855,5,7.1,6.240940992763121
P04856,5,7.8,5.6006283200058
P04857,1,4.8,4.837128074779228
P04858,1,6.0,6.816183436217334
P04860,3,5.6,6.459620441988906
P04861,4,8.0,7.307036128641187
P04862,1,4.2,5.019578818936945
P04864,1,6.0,5.848277508247488
P04865,1,6.2,6.476076986062907
P04866,3,6.7,5.304880605569558
P04868,3,5.8,6.920809322402217
P04869,3,6.4,5.449138141551115
P04871,4,6.7,6.718240346234801
P04874,5,5.3,6.838108830175872
P04875,1,6.3,5.983913629293013
P04876,5,6.9,6.043349444340142
P04878,3,5.2,6.076232306812191
P04879,5,4.9,5.688997322748052
P04882,2,3.7,5.158149143427735
P04883,4,5.0,5.325128871134029
P04884,1,4.6,3.843120047875104
P04885,4,4.4,5.878978359848376
P04886,4,5.9,5.502943274339179
P04887,1,4.2,4.841691992942038
P04888,5,5.9,5.917722562587812
P04889,2,3.5,4.246325812941784
P04890,4,6.8,7.3734494728488915
P04891,3,2.2,1.7945284012621734
P04892,4,6.0,6.402759805524319
P04893,5,4.6,4.266276170956352
P04895,1,8.8,8.294406623608648
P04896,1,5.0,5.373879631624434
P04897,5,7.0,7.662757187603639
P04898,3,6.7,6.113918608725954
P04899,3,2.4,3.7122420896892607
P04900,2,4.1,5.688117233099965
P04901,4,8.3,7.873070635885518
P04902,1,5.4,5.6196555889230195
P04903,3,6.5,5.07778137051611
P04904,2,6.2,7.181971711945301
P04905,3,7.7,7.000636330639011
P04906,3,8.3,7.951448790949858
P04907,5,5.9,5.434483767187379
P04908,5,4.2,3.594593044638821
P04909,4,5.2,5.939294305114603
P04912,5,8.9,8.585797702860734
P04913,3,7.0,7.434267318841686
P04914,5,8.0,8.161258446538193
P04917,1,5.9,7.159634239297117
P04918,2,6.0,5.52354797864049
P04919,1,6.5,7.367067036555857
P04921,3,7.1,5.180472317607858
P04922,4,6.4,7.828864862879308
P04923,5,5.7,5.533520238812196
P04924,1,7.1,5.6803315209064
P04925,5,7.4,7.260815845820043
P04926,5,6.5,5.173601369389245
P04927,2,4.9,5.3610202479885505
P04928,4,7.1,6.435358066533571
P04929,5,8.5,8.463567754068084
P04932,2,5.0,6.361303400257395
P04933,1,7.3,6.548245985589904
P04934,1,7.7,6.650694859058438
P04935,1,4.0,4.2482343835560545
P04936,4,6.1,6.933666299515287
P04937,4,4.0,5.836072262664129
P04938,3,5.9,5.997964499664901
P04939,1,7.0,6.365432939794407
P04940,3,7.2,8.525241265127145
P04941,1,4.0,3.531566233491397
P04942,2,7.8,7.32659701129571
P04943,1,8.9,8.107877261953366
P04944,5,5.5,5.746327915440704
P04946,5,5.7,5.572304925568257
P04947,4,9.2,8.086214702477733
P04948,3,8.8,7.575523128945968
P04949,1,6.1,6.352958004870898
P04950,1,6.0,7.241059890574963
P04952,4,5.7,6.423978368472568
P04954,3,5.7,4.826911788790116
P04955,3,4.8,5.393812838405957
P04958,5,7.1,6.919007673192921
P04959,2,6.2,6.740160773827963
P04961,4,8.9,7.708606913446986
P04962,2,7.0,6.951069413660435
P04964,2,4.0,3.8844150301080584
P04965,3,4.5,5.394609690713503
P04967,3,6.6,7.488763365359013
P04968,1,5.2,5.747114395609252
P04969,4,6.6,4.865083301563486
P04971,4,5.3,5.515926936812859
P04973,4,7.3,7.462015820624301
P04975,1,4.1,4.2100301850885415
P04977,1,4.3,5.659239013145148
P04978,4,4.7,2.853501360781379
P04979,2,6.9,8.165167746790473
P04980,4,8.0,7.215784310881519
P04981,5,5.6,6.38482147340847
P04982,1,6.6,7.333521940682029
P04983,4,7.0,6.421377517463449
P04984,3,7.8,6.137215153523246
P04985,1,5.9,5.1929465636133285
P04986,1,7.9,5.981942459582383
P04988,5,5.7,5.461849086182784
P04989,4,6.8,6.019295575148835
P04990,5,8.2,6.628632870063216
P04991,4,6.4,4.805809309738807
P04992,4,4.0,4.856021989093182
P04993,4,7.9,6.489603922685712
P04994,1,6.4,6.124498669144294
P04995,3,5.0,5.55952568317462
P04996,2,6.2,5.281378568908394
P04997,5,5.9,7.086882225153611
P04998,4,6.3,5.127921662587473
P05000,4,5.9,6.748474210997147
P05002,2,5.0,4.940733688224657
P05003,2,7.4,6.153033685130206
P05004,1,5.4,5.429303829665962
P05005,1,5.0,5.645216512000446
P05007,3,5.6,6.357522296348138
P05008,2,4.0,3.874966205488779
P05009,2,4.8,6.214142847767046
P05010,1,6.3,6.0923063042720225
P05011,5,6.2,5.976860507456322
P05012,4,5.0,5.602967991404394
P05013,4,3.5,4.574535018070103
P05014,3,6.5,7.164380963464103
P05016,2,6.3,6.39664177822728
P05017,2,8.5,7.177740906130758
P05018,1,6.1,5.627247420641056
P05022,4,7.6,7.351435423189549
P05023,1,6.8,6.1247066679989395
P05024,5,5.6,6.43367909502059
P05025,3,7.2,5.8048271964686515
P05027,5,6.6,6.916842010098213
P05029,3,7.0,6.368682979788494
P05030,3,6.4,5.920269117247309
P05031,1,5.2,6.443759525881486
P05033,4,5.9,5.897709222282616
P05034,5,5.6,6.764474130510554
P05035,3,4.6,3.853192810551507
P05037,5,8.0,7.676352404558518
P05040,5,6.9,6.728828207213785
P05041,5,5.3,6.846808335076308
P05042,1,6.0,5.939679026531726
P05043,4,4.0,4.479797961654949
P05044,2,4.9,5.444347335113586
P05046,3,5.0,5.792857519579443
P05047,5,8.7,7.557191291449057
P05048,1,6.3,6.406673295747948
P05049,4,5.6,6.156029547571404
P05050,5,7.9,7.799964107149307
P05051,3,5.1,6.368234669881427
P05052,4,9.6,7.016434715908291
P05053,1,7.6,6.587125095242038
P05054,5,7.3,6.583798197278184
P05055,3,7.4,6.689964122078582
P05056,5,3.6,3.6860999412964652
P05057,4,6.3,7.4329252401900305
P05061,1,8.3,7.26491537764721
P05062,3,6.6,6.49058155126781
P05063,1,4.5,4.747186360155607
P05064,1,3.4,4.878958736843887
P05065,1,5.4,5.030228136841976
P05066,4,4.8,5.585483959154306
P05067,1,6.5,7.653801544843257
P05068,1,4.8,4.269600468435625
P05069,5,7.2,7.991183090402833
P05070,4,8.1,7.3781895426546695
P05071,2,5.2,6.32375489908064
P05072,4,9.1,6.61681308287098
P05074,2,4.3,4.551702395358918
P05075,5,8.7,7.719140880480741
P05077,3,7.0,8.130917756957244
P05078,3,7.5,6.466277190216211
P05079,1,5.5,6.149411885652808
P05080,5,4.9,5.748200415780604
P05082,1,5.7,6.3528944408080035
P05083,3,4.5,4.228425684465819
P05084,2,6.0,5.212551964556252
P05085,4,6.7,7.212330055383891
P05087,1,7.7,7.632812948102633
P05088,1,8.8,8.35008760137517
P05089,4,4.4,4.037170070808267
P05090,5,7.2,5.681240816323235
P05091,2,9.8,8.93258147516005
P05092,3,3.9,4.739212334313299
P05093,5,6.8,6.951695298676158
P05094,5,6.3,4.8519966320555845
P05097,2,6.2,5.3379287311202495
P05098,5,7.2,7.377894218402533
P05099,3,5.5,5.522491458872155
P05101,5,3.3,4.376587064477389
P05102,4,6.9,7.199473729290683
P05103,5,4.7,3.887077363642579
P05105,4,4.1,4.224668487392915
P05106,4,5.2,6.193820292094671
P05107,4,7.8,6.528291460935964
P05108,2,4.8,6.387778809053679
P05109,1,5.8,6.770031669033603
P05111,5,8.7,8.268719886040019
P05112,1,6.2,6.252608306656644
P05113,3,4.0,5.2656767594548315
P05114,3,5.6,4.650212568728998
P05115,4,3.6,4.27833699964836
P05116,5,6.8,5.827949178790443
P05117,1,2.9,4.803909601211698
P05118,4,5.8,4.743966448900155
P05119,2,7.8,8.049309764433998
P05122,2,5.6,4.069793768327585
P05123,4,3.2,6.581364960486384
P05124,2,5.0,6.113440755317959
P05125,4,8.3,7.4687418736053655
P05127,4,1.2,2.333564060266327
P05129,5,6.2,6.034279392458701
P05130,1,6.6,6.092618276183934
P05131,1,4.6,5.309506623237485
P05133,4,4.5,5.934689791573504
P05134,1,5.6,6.430883360512441
P05136,3,8.1,6.945347866362078
P05138,5,7.3,6.307557386879569
P05139,3,6.1,5.168574094999343
P05140,1,6.1,5.170239160374872
P05141,1,8.0,8.102701444815569
P05142,3,5.4,5.392256035093196
P05143,3,4.4,4.870117048087289
P05144,2,3.4,4.2854902085153785
P05147,5,6.6,6.755757554348733
P05149,2,5.6,6.429650737980132
P05150,1,6.8,7.959976219702695
P05151,2,5.8,6.9682172346857385
P05152,1,5.9,6.409143920412652
P05153,5,6.1,7.096376433870262
P05154,5,5.8,6.157158715153826
P05155,2,3.8,4.157787342262205
P05156,4,5.9,7.1808868542390725
P05157,2,4.8,4.843116396232601
P05159,1,7.0,5.902587205061109
P05160,1,3.8,3.879856865839584
P05162,4,4.7,4.890642908713392
P05163,3,4.4,4.642564175743371
P05164,1,2.1,3.4183610382115885
P05165,1,6.0,5.333046322744545
P05166,3,6.3,5.651919535004135
P05168,4,5.2,5.688224691126296
P05169,1,4.8,4.287049554534532
P05170,4,5.7,4.531709661569488
P05172,3,8.0,6.397184300829331
P05173,3,6.1,6.443205108220475
P05174,4,8.4,7.814254604707184
P05175,4,8.7,8.032112822870928
P05176,2,5.5,5.841150078510071
P05177,4,1.9,4.226234502916042
P05178,4,4.7,4.6860927194984825
P05179,5,5.5,6.8710919203465455
P05180,5,4.6,4.6111563152082775
P05183,2,7.6,7.5121881527459236
P05184,4,5.0,4.387291561352052
P05185,5,6.0,5.842971849017958
P05186,3,6.2,5.342189131454481
P05188,3,6.9,6.79898169310756
P05190,2,7.5,6.790184844304788
P05191,4,8.9,7.4815938255209335
P05192,5,6.1,7.093559768838508
P05193,5,5.9,6.044482714827889
P05194,2,6.3,6.434850377522675
P05195,3,5.4,6.299656940228207
P05198,5,5.2,6.39768341480039
P05200,2,4.9,4.653162424396536
P05201,3,5.3,6.307156196355912
P05202,3,7.8,7.496325961107372
P05203,3,5.8,6.117620478518994
P05205,2,6.1,6.455744538325666
P05209,4,2.8,4.042412065086542
P05210,4,6.7,4.586113800615699
P05211,1,6.1,5.9198839410520305
P05212,5,7.9,5.622119676680939
P05213,4,8.0,6.962563529951463
P05215,5,5.1,4.38313800276375
P05216,3,6.2,6.415597085179053
P05217,1,6.6,6.892343308614179
P05218,1,5.3,5.173343042004848
P05219,1,7.9,6.902647575293371
P05220,5,9.0,8.265762104729014
P05221,3,7.6,7.799081860081831
P05222,4,6.7,7.026757989229076
P05225,4,7.0,5.742891404683999
P05228,3,8.0,7.991442598315858
P05229,3,7.4,7.012698438476608
P05230,2,4.1,3.0810812786349717
P05232,3,2.9,2.6256158429701335
P05234,5,7.2,7.179104022796585
P05235,2,5.9,5.568588561064429
P05236,3,6.6,6.939296394755568
P05239,1,7.6,6.844125829462322
P05240,1,6.0,6.094666972411391
P05241,1,5.1,5.6851306800522075
P05242,2,6.2,6.425597808440248
P05243,3,4.6,4.163927176120145
P05244,5,7.0,6.007428826590923
P05245,1,5.1,3.8180216193585896
P05246,4,4.8,4.561184102304212
P05247,3,3.1,2.681493669303286
P05249,4,5.5,6.227927587782754
P05250,4,6.3,6.411464361972213
P05251,5,3.6,4.904202181579529
P05252,3,6.5,6.274852862337835
P05253,3,7.0,6.6393409243538635
P05255,5,5.8,6.800288412388692
P05256,4,3.7,4.041710386446502
P05257,5,4.6,5.334255561613879
P05258,3,3.4,4.384012161960328
P05259,2,7.1,6.6759659597458505
P05260,4,3.8,4.613526856012651
P05261,5,4.9,5.97566490277258
P05262,4,4.7,5.019672177192625
P05263,1,6.8,4.8432238028060075
P05264,5,7.2,6.542146144894392
P05265,4,6.9,7.968919758778927
P05266,2,4.8,4.421814907027313
P05267,1,3.2,5.078260624510168
P05268,2,5.4,6.815832823357767
P05270,5,6.2,6.811301716619938
P05271,1,6.5,6.133294554110452
P05274,1,6.7,5.51620367718661
P05277,4,7.8,7.27109322139686
P05278,4,4.8,4.824314823531212
P05279,2,8.2,7.911044359501005
P05280,4,6.5,7.703553698285095
P05281,2,4.3,4.854885208546065
P05282,4,4.9,4.74527852954865
P05283,2,6.7,6.859096904968671
P05284,4,5.0,6.317385654001297
P05285,3,9.0,8.645248387449833
P05288,1,9.8,8.792979592734042
P05290,4,5.4,5.8165703981935515
P05292,5,6.0,5.8323099645031595
P05293,2,5.6,7.10447772083816
P05294,2,5.3,7.042735241766588
P05295,4,3.2,4.21605997783764
P05296,3,6.5,6.621614177326177
P05297,3,7.7,7.780585952981421
P05298,1,9.3,9.314409168246986
P05299,3,8.2,7.672254885274296
P05300,2,9.6,8.213048605689494
P05301,2,5.7,6.29984078769345
P05302,4,6.3,5.837096693853816
P05303,2,5.7,6.952105431666039
P05304,5,5.8,6.881150987019807
P05306,5,6.2,6.176734397280617
P05307,1,4.8,5.607570563332079
P05309,4,4.3,4.347608555443668
P05310,1,6.7,7.152832975795354
P05311,4,7.2,6.6393987354422395
P05312,1,7.9,7.196120169868903
P05313,5,5.4,5.630134959348702
P05314,1,9.0,7.744633735695704
P05315,3,4.3,5.851303509490154
P05316,1,4.5,4.406725501388829
P05318,5,5.5,6.145069426813843
P05319,3,6.9,6.374415982836803
P05320,4,6.4,6.324886557005028
P05326,3,5.9,5.298326823425186
P05327,2,5.1,6.913851368647247
P05328,2,5.7,6.058159968421211
P05329,1,7.6,7.260127056562198
P05330,1,7.6,7.622373596532148
P05331,1,5.8,5.8256924482612105
P05332,5,5.0,6.464034590891553
P05333,2,4.8,4.464740361663146
P05335,2,6.3,6.427725829617806
P05336,4,5.8,7.798689311425191
P05337,5,7.6,7.45337941055231
P05338,4,6.4,5.879130442744165
P05339,1,5.0,4.625696988061867
P05340,1,5.3,4.136356528612988
P05342,5,2.3,3.7641458768315554
P05345,5,7.3,7.94539696134863
P05346,3,6.3,6.959844917920727
P05347,1,6.3,5.554181056888895
P05349,5,7.3,7.562348475287165
P05350,4,3.0,3.6281490189033225
P05351,2,5.0,5.255231891355795
P05353,4,7.6,7.0465558002165585
P05354,2,6.6,6.568574694873817
P05355,3,6.2,5.502367770098217
P05356,1,6.5,5.742163272054383
P05359,2,8.1,8.059263861107198
P05360,3,6.1,7.2326171966761645
P05362,5,6.5,7.124714862859141
P05363,5,7.5,5.5125517067436345
P05364,3,6.3,6.64059425921435
P05366,3,4.3,5.044946166242686
P05367,2,6.7,6.356713296561741
P05368,1,4.4,3.725445603006017
P05370,3,9.1,7.717239192034654
P05371,3,5.7,6.36646723137604
P05372,4,8.7,7.343229377850145
P05373,5,6.2,7.424047760688089
P05374,2,6.6,6.621883587953375
P05375,1,3.1,3.001574695267548
P05376,2,6.5,6.793098342577338
P05379,2,9.2,7.755820606624061
P05380,2,7.8,7.487883960742895
P05381,5,7.0,6.9959238675884174
P05382,4,2.0,4.235693961359671
P05383,2,3.4,5.407471255943022
P05384,5,6.1,6.565448163192225
P05386,4,5.5,5.410253257010075
P05387,2,7.3,5.958241271658281
P05388,3,4.5,6.338543219606596
P05389,4,7.4,6.8705376353001615
P05390,2,5.1,5.219290880516349
P05391,1,5.4,6.222244827221456
P05392,2,7.1,6.266213225578395
P05393,2,2.2,4.12149568057052
P05394,5,4.3,4.8140333195092415
P05395,1,9.4,7.715875045366459
P05396,2,6.0,6.480856916645736
P05397,5,7.9,6.276657859584816
P05398,1,4.1,4.877114727165198
P05400,3,6.8,7.415954044076819
P05401,3,4.5,4.862313430959727
P05402,5,7.0,7.386695898648796
P05403,3,7.2,6.891972707304713
P05404,3,9.3,9.117850484860359
P05407,5,6.2,5.802484541859217
P05410,5,5.9,5.834854396260124
P05411,4,5.2,6.191529136884437
P05414,2,3.1,3.646762357984015
P05415,3,3.7,4.869385774416943
P05416,4,7.7,6.696323571751749
P05417,1,5.9,6.328935615170785
P05418,4,7.4,6.376735325129901
P05419,3,4.4,4.768439567777062
P05420,5,5.7,5.0689250184919885
P05421,5,3.0,2.466735927203416
P05422,2,8.0,6.286069610701937
P05424,3,5.2,5.292551804860507
P05426,1,9.7,8.14979815914563
P05429,3,7.8,7.315097299241929
P05430,3,6.0,5.795240032159416
P05431,1,5.6,7.594687187063056
P05432,2,3.7,2.190466717378859
P05433,5,8.4,7.417647925169041
P05435,3,4.8,5.155697823984993
P05436,4,4.4,4.924056523080758
P05437,3,5.2,5.6745502477173915
P05439,4,5.9,6.134754146272201
P05442,1,7.3,6.142250723263984
P05445,3,8.1,8.200378730730597
P05446,5,4.7,4.6772868462424455
P05448,2,7.1,6.776840213908142
P05449,4,2.1,2.5058568338199407
P05450,1,5.2,5.981306165430658
P05451,1,7.6,7.587491139978421
P05452,4,5.2,5.4323926137234775
P05454,2,5.2,5.406412586741681
P05455,3,6.9,6.631534800580167
P05456,5,6.4,6.502222688773477
P05457,5,4.2,4.004388833273035
P05458,3,4.9,6.0112215257962385
P05459,1,4.1,5.984254314201949
P05460,3,4.2,3.5949560044478375
P05461,1,4.9,6.504826305244973
P05462,1,8.8,7.968971467879218
P05463,4,8.8,6.999635255823134
P05464,5,7.3,5.7092222815395814
P05465,4,6.9,6.081840018211301
P05468,4,7.9,8.114772800761425
P05469,2,3.1,5.368350254904046
P05470,2,5.8,6.13060477308095
P05471,5,3.4,3.997904199683722
P05472,1,6.1,5.999559063305747
P05473,2,6.0,4.890480572177442
P05474,1,6.8,5.127982881603921
P05475,5,4.1,4.612967319422414
P05476,3,5.5,5.161562104163546
P05478,2,6.6,7.305409320494484
P05480,3,8.2,7.074167059865146
P05481,3,2.7,4.7475932485696735
P05483,3,8.2,7.058553120794414
P05484,5,1.8,3.204434847881548
P05485,2,4.4,5.196600711302937
P05486,5,4.2,5.951657492125648
P05487,5,5.4,6.13453771970002
P05488,2,7.8,6.878108972785332
P05489,3,3.8,5.369867790741887
P05490,3,3.4,3.917979076873855
P05491,3,4.4,5.218938545980787
P05492,3,9.5,7.084826588363424
P05493,1,4.2,4.24306215643502
P05494,3,6.4,6.519197773224396
P05495,2,3.9,5.1121652094615415
P05496,5,5.4,4.225793537973981
P05497,5,5.2,4.544012249208405
P05498,4,5.7,6.469497742476247
P05499,1,4.5,6.29134186564289
P05500,4,6.7,6.700587167296132
P05501,1,8.8,7.43296890226311
P05503,1,4.7,4.692430804580095
P05505,5,6.8,6.14651430320609
P05507,2,8.7,8.845232280688247
P05508,1,4.0,3.5658984941958303
P05509,3,6.5,7.60010716920309
P05510,4,6.3,6.922760047217315
P05511,3,9.4,8.168052857411563
P05512,3,5.4,6.8100030059716055
P05515,2,6.5,7.576855036807797
P05516,2,5.0,5.863099011567605
P05517,1,2.5,2.3772607463933926
P05518,1,6.3,8.030962861578432
P05521,2,4.5,4.907503951709563
P05524,2,5.6,5.869384924801814
P05525,3,3.4,2.7939105201569667
P05526,4,4.5,5.549724387552173
P05527,3,9.8,7.855098529024094
P05528,1,8.0,7.059977073659034
P05529,2,6.5,5.918211323794796
P05530,3,5.6,5.696838870515735
P05531,4,4.2,4.724226314421916
P05532,5,8.2,5.4243733166542585
P05533,1,5.7,6.980597218195453
P05534,5,4.4,5.526119298921678
P05535,5,6.9,7.454752981328129
P05536,3,8.8,7.308552291556565
P05538,1,3.9,4.425997506539771
P05539,3,3.2,5.003578147574595
P05540,1,5.3,5.919930534706501
P05541,5,6.8,5.890344885273933
P05542,5,4.0,3.03257696391825
P05544,3,7.4,7.57099253120354
P05546,1,7.3,6.561825272754419
P05547,4,5.5,5.7189479308264115
P05548,1,6.4,6.912375493591665
P05550,5,7.3,5.2478030530297275
P05551,5,3.2,3.0133426480157963
P05552,3,8.3,6.881449278940194
P05553,2,2.8,2.8541309647048676
P05555,3,7.2,8.543347418969994
P05557,1,6.4,5.60420632410633
P05558,1,7.9,7.39685161039863
P05559,3,4.4,4.468795228287159
P05560,4,5.1,5.869214093770032
P05561,5,9.6,8.441918099529786
P05563,4,8.5,6.480374848994378
P05564,3,5.7,7.105235623663416
P05565,1,4.5,5.6233905812017655
P05566,2,3.6,2.733758748780151
P05567,4,5.2,4.574376168850165
P05568,2,5.9,6.644209250169745
P05569,4,5.3,5.373874846778599
P05570,5,5.2,5.752133690430674
P05571,4,8.4,5.776562951018642
P05573,2,5.3,6.059664774100901
P05575,4,8.2,7.216713297466147
P05576,3,6.6,7.211811717330698
P05577,4,3.6,4.237312443383294
P05578,1,6.9,5.958771117407089
P05579,3,3.8,3.6575526347600547
P05580,3,8.8,7.728927736356869
P05584,1,4.7,5.6311223962985375
P05585,2,2.5,3.141931797583599
P05586,1,7.4,6.259858292659997
P05587,4,7.6,6.251477289274615
P05588,5,9.4,7.630625311867341
P05589,2,5.3,5.730828706807798
P05590,5,4.5,6.055818224828298
P05591,4,3.8,5.662704246063798
P05592,1,5.6,7.590550587038852
P05593,5,6.7,6.0954143422958085
P05594,2,7.8,7.194504997591118
P05595,1,7.4,7.224324372338119
P05596,5,7.4,6.586210691588876
P05597,5,6.0,4.502622763159866
P05599,5,5.2,5.216832035700741
P05600,1,8.1,7.107395363391452
P05601,5,5.3,5.2803418092364485
P05602,1,7.5,5.629518003502521
P05604,2,7.5,6.24082759851983
P05606,2,8.1,8.519200042324341
P05607,1,5.3,5.761548478439661
P05608,3,4.7,5.562701798704464
P05609,1,2.5,3.1917782091045543
P05610,4,3.1,3.096835407810433
P05612,3,5.7,5.17546651152011
P05613,1,9.3,7.758324266767554
P05616,2,6.9,6.466906600975146
P05617,2,7.6,5.703783553756477
P05618,1,6.8,6.764996913414312
P05619,5,4.1,5.158614596003647
P05621,3,7.1,6.379431428955706
P05622,4,6.3,6.722976350150999
P05623,3,4.8,5.864926003444163
P05624,3,5.5,5.928983559122061
P05625,2,7.7,6.5319138167677195
P05626,1,3.2,3.244529305449701
P05628,1,7.0,5.663475790548759
P05629,3,6.4,6.858698288713987
P05630,5,6.8,7.413981560412908
P05632,2,7.0,6.83893519280234
P05633,5,5.8,5.7591751327617375
P05634,2,7.3,7.010389901420293
P05635,1,6.1,6.026157044340175
P05638,1,3.7,2.9253807275239705
P05639,5,5.4,6.04348649235779
P05640,3,7.1,5.2616534491728455
P05642,5,8.2,8.492821174270793
P05643,2,2.1,2.4537974086941823
P05644,5,7.4,7.796959173396841
P05645,2,4.2,3.9420054841495
P05646,3,8.5,7.4007406114649905
P05648,3,6.0,6.664944009481774
P05649,1,7.2,7.311004058278888
P05651,5,7.3,7.256705594003407
P05652,4,4.0,3.658569001684446
P05653,3,4.3,4.495935111287343
P05654,2,5.2,5.559962481663109
P05655,5,7.2,7.281727842637346
P05656,1,6.2,5.804313884280394
P05657,4,9.7,8.626488083735122
P05658,4,5.5,4.679794517463614
P05661,5,5.7,6.442257781796361
P05662,5,7.9,7.876400361386953
P05663,3,5.2,6.079404004560809
P05664,4,6.3,8.047194922299132
P05665,1,5.4,5.757026990291099
P05666,5,6.8,6.3096037760568855
P05667,3,1.9,1.3202178147068073
P05668,3,5.6,6.082890765986376
P05669,4,6.6,6.193733885953557
P05670,3,8.4,8.359136601459362
P05671,5,3.3,4.079810932939289
P05672,1,6.5,6.252710966269154
P05673,3,8.1,6.900467677675565
P05674,3,7.8,8.273059773684253
P05676,4,6.8,5.3384062483767805
P05678,1,7.7,6.812759247379917
P05679,3,7.6,8.464062505598951
P05681,2,6.0,5.912766273588319
P05682,5,5.5,4.237096894246807
P05683,5,5.0,5.710113985557024
P05687,3,5.7,5.936338378947149
P05688,3,6.4,7.435183260720825
P05689,2,4.6,4.461243342465995
P05690,1,4.6,5.790618440374802
P05692,3,7.4,6.496534631948096
P05693,4,3.6,4.8727706745768025
P05694,4,8.3,8.10702178001348
P05695,4,8.7,6.805102179002269
P05697,5,4.3,4.695944752491018
P05698,3,6.3,6.333323475285456
P05699,2,4.6,5.143950707036263
P05701,2,6.6,6.307949262654038
P05702,5,6.0,6.406922210482485
P05703,2,5.5,3.410226431491856
P05704,1,8.4,7.256371098168105
P05705,4,6.5,6.596713976467661
P05706,1,4.2,6.346404750541003
P05708,1,5.6,5.255061674910722
P05709,4,6.6,5.728408415581659
P05710,4,5.1,6.246077731276021
P05711,4,9.0,6.864964354432102
P05712,5,8.4,7.212483735707053
P05713,2,5.5,6.473478198338916
P05714,3,4.5,5.455822111468347
P05715,2,4.3,5.713966977613921
P05716,5,6.7,7.805763800372828
P05718,1,3.6,3.338257240665727
P05720,5,7.4,7.499305822170559
P05722,5,9.8,8.41371526374547
P05725,1,6.7,6.419924261867371
P05726,4,4.3,5.711431907293248
P05727,2,5.3,6.120972410591427
P05729,2,6.4,5.6194371619696355
P05730,1,6.5,5.855957763497947
P05731,1,6.5,5.884159540049151
P05733,1,7.2,6.968844732688614
P05734,4,6.0,5.733479644200685
P05735,5,4.6,5.355034818125722
P05736,3,7.6,7.058310737439632
P05737,2,7.1,6.6539545580194215
P05738,3,6.9,5.081645442771772
P05739,5,5.9,5.3464096623162725
P05741,2,6.2,6.869316451751956
P05742,1,5.1,5.535823853455545
P05745,3,5.4,4.290356367636145
P05746,4,7.2,6.692250840032169
P05747,1,5.5,5.593004636490101
P05749,2,6.9,5.82351384260126
P05752,2,8.4,8.188046733203905
P05753,2,4.8,4.771778773820069
P05754,4,3.9,3.2043893285111276
P05755,5,6.7,7.522266648765741
P05756,3,6.2,6.176656865826039
P05757,1,7.3,6.559463774277318
P05758,4,5.8,5.407112408161955
P05759,1,5.5,4.69761597080428
P05761,5,3.7,4.465421540840386
P05762,4,6.6,6.051528011288947
P05763,3,5.1,5.54302595437991
P05765,3,7.1,7.426051260754145
P05766,3,9.0,7.269388268549989
P05767,3,9.1,7.9747250771538685
P05769,1,8.0,7.853946810621614
P05770,1,7.4,7.4512620581221185
P05772,4,4.5,4.5693563240822686
P05773,3,7.7,8.061446608637326
P05774,3,5.5,5.549740111862896
P05776,2,5.7,4.81381799570368
P05777,4,5.6,6.87237359707322
P05778,1,8.4,6.560884762053038
P05779,4,7.4,6.951602502611554
P05782,3,5.4,5.658940960536597
P05783,5,6.8,7.223049561325252
P05784,1,1.8,3.2824172183295612
P05785,1,5.6,5.805692238588231
P05787,4,7.8,6.727011098725713
P05788,2,6.7,6.843012102324879
P05789,2,4.5,4.8739309544092855
P05790,2,7.1,6.66898330768413
P05792,3,2.7,3.260614737496835
P05793,2,5.2,5.561836724792383
P05794,5,5.2,5.893981869286512
P05795,1,7.8,7.121167399202258
P05798,3,7.4,7.6859783966662985
P05799,1,7.3,6.359427931238162
P05800,1,7.7,7.131567966808115
P05801,3,5.5,5.819702205454629
P05802,4,8.1,7.1763382601850765
P05804,5,6.0,6.2540674683904856
P05805,4,4.2,5.48358306281202
P05806,1,7.5,7.072590503441459
P05807,4,6.0,6.982107307630446
P05808,1,5.4,5.007561103101826
P05809,2,5.6,7.920758331107397
P05810,1,7.8,7.092984239715543
P05811,2,6.7,5.865820631975969
P05813,4,8.9,8.363034186410715
P05814,1,7.0,6.722954091836036
P05815,1,4.7,4.949014179278458
P05816,5,7.8,7.324146056870304
P05818,1,7.1,7.153186217742406
P05819,4,6.6,7.3953930074373275
P05820,2,5.2,5.4173444743044685
P05821,3,6.4,5.182375399207809
P05822,5,1.5,3.8849798783512544
P05823,3,5.0,5.818189003882756
P05824,1,4.5,3.776800193174979
P05825,4,7.5,6.460975426868931
P05826,3,2.7,3.072858944538745
P05827,1,3.2,4.309574657699157
P05830,2,6.3,6.504547992056189
P05831,3,9.4,8.297735595734476
P05832,1,4.8,4.177230986133462
P05833,1,6.1,6.031512797093972
P05834,2,3.7,3.6069113673000874
P05835,4,6.3,6.65382556973272
P05836,5,5.2,6.531632829407324
P05837,1,1.9,2.775436576623612
P05838,4,8.2,6.743105394182255
P05839,2,5.7,5.956977664041957
P05840,4,6.8,7.650283927162732
P05841,5,4.5,6.3355981801122825
P05842,4,5.6,6.669849504436493
P05843,4,4.1,5.643934224738111
P05844,3,4.4,3.817022249194199
P05846,4,4.0,5.476965932923247
P05847,3,6.1,6.859901246646283
P05848,1,5.5,6.194489138182907
P05849,2,3.7,5.176146200424217
P05851,4,5.5,5.321986096172576
P05852,4,5.5,5.93614403648654
P05853,2,9.7,9.630549778435448
P05854,2,3.9,4.160674586716049
P05855,1,5.9,5.407846135031832
P05856,5,7.4,6.621046331868314
P05857,2,6.8,5.4966459266854555
P05858,2,5.7,5.751983708022111
P05861,1,7.1,6.029630419720186
P05862,3,5.4,5.695563405735503
P05863,3,6.6,7.06870421823869
P05864,4,5.6,5.469777502921806
P05865,3,9.6,7.907930538791775
P05866,2,7.3,7.7893765972905324
P05867,5,3.7,6.211118813923859
P05868,5,4.9,6.459282647656917
P05869,2,8.8,5.77134013417901
P05870,4,5.0,6.309659181009054
P05871,3,8.7,8.43518572261761
P05872,5,5.1,5.492252201718562
P05875,5,6.6,6.453722858175215
P05876,5,9.7,8.125544046272218
P05877,1,4.6,4.3928141807915235
P05878,5,4.2,4.646032519075829
P05879,3,5.3,5.799021779788966
P05880,4,6.0,5.815894859807436
P05881,2,5.9,5.722350191516013
P05882,5,5.2,5.569459901938356
P05883,4,4.0,3.802535037993752
P05885,2,2.5,3.1542678654734826
P05886,4,5.6,7.145822822716012
P05887,3,4.1,4.879207880991404
P05888,5,5.9,6.144509728644259
P05889,1,6.0,7.735559702439995
P05890,1,7.9,7.398477990966502
P05892,4,7.0,7.574958476203247
P05893,2,6.4,6.346695194286822
P05894,2,5.6,4.603098932837299
P05896,3,4.8,4.4757594881475065
P05897,4,8.2,6.580855903581211
P05898,2,5.1,5.377203936617701
P05900,1,6.1,5.200524976190516
P05901,4,5.9,6.6098428110719105
P05902,4,5.3,4.979277734720428
P05903,3,6.7,6.921350063711528
P05904,2,5.6,5.797628805008175
P05906,4,2.7,3.7519430728241683
P05907,3,8.7,5.001114826547645
P05908,4,5.8,7.21161335645931
P05910,3,7.4,6.131306241440602
P05911,4,9.7,9.096099297582612
P05913,4,8.0,7.991639446933001
P05914,2,7.3,7.3650768087999925
P05915,2,6.4,6.691988145759718
P05917,2,6.7,6.576034361406567
P05918,5,7.4,7.070848038267319
P05919,4,5.6,5.372970038023887
P05920,3,6.6,7.9457416098830365
P05921,3,7.5,6.215398506786
P05923,3,5.7,4.930427829717863
P05924,1,4.8,5.411698273054671
P05925,2,9.1,8.531173159549242
P05927,1,7.6,7.3197783830351675
P05928,4,5.1,4.980305949116471
P05929,5,7.6,7.352976938727261
P05930,2,7.4,7.2928134678349865
P05932,3,6.0,6.297570279808031
P05933,3,2.8,4.503725710446789
P05935,1,4.0,5.034369928691503
P05936,1,5.0,5.837985892181491
P05938,3,6.8,6.748849445531984
P05939,4,5.4,5.791600865112633
P05940,4,6.9,7.305787021155844
P05941,4,7.6,6.408300259094212
P05942,1,6.2,6.079434814788324
P05943,2,6.9,6.881677947314151
P05945,4,9.8,7.482512526677063
P05946,2,5.1,4.898707508671216
P05947,2,7.4,4.334862002417102
P05948,4,4.8,5.227895448263868
P05952,1,6.5,4.580572499084139
P05953,3,5.8,6.188755355140067
P05954,5,6.0,6.00972981895371
P05955,1,8.8,7.7524242831077
P05956,5,7.4,5.652914021236413
P05957,1,6.4,6.94351752508214
P05958,1,4.8,5.545933340296699
P05959,4,6.4,5.47788974400527
P05960,5,6.7,6.740278934441728
P05962,1,7.2,6.6667582042831715
P05963,5,2.8,3.2826190162139026
P05964,4,4.0,3.9932760992671543
P05965,5,3.9,2.5552843499751847
P05966,5,4.7,3.7404669549117036
P05967,4,5.5,4.451200816590298
P05968,5,6.5,7.362379936891369
P05969,2,5.9,6.764318521482451
P05970,4,5.7,5.879601696466741
P05971,4,5.5,5.324549392144829
P05972,3,4.0,5.525080238125684
P05973,1,4.2,4.3637403121229985
P05974,4,7.3,8.273486628768278
P05975,4,7.4,6.754852444387541
P05978,2,5.8,5.998498945824631
P05979,4,7.2,6.43291799849265
P05981,1,2.3,2.45493281407493
P05982,5,6.9,6.396963413249987
P05983,5,7.0,6.931067222396629
P05984,1,5.9,5.269413025637227
P05985,1,7.0,5.661047989832933
P05986,4,8.2,7.048955262301658
P05987,4,4.5,5.156194820218927
P05988,3,7.0,6.090937762954161
P05989,4,8.6,7.577619250987942
P05990,4,9.0,7.959245782953815
P05991,5,5.8,7.320573202269443
P05993,1,7.1,6.415543120787191
P05994,5,2.8,3.9586388511598347
P05995,1,8.2,7.784403621422623
P05996,4,3.5,3.567187852212472
P05997,5,6.7,4.6487847335567976
P05998,4,7.7,6.899209267436619
P05999,1,3.2,4.685667039143247
P06000,4,7.1,6.309921894688186
P06001,2,8.6,8.34153540866982
P06002,5,7.0,6.4352312268177325
P06003,3,5.3,5.026237782835121
P06004,3,4.4,5.008472789465902
P06005,2,6.0,6.278628203401929
P06006,3,7.5,6.801130340732273
P06007,3,6.9,6.969099084357269
P06008,4,3.2,4.060042178879107
P06009,2,5.9,5.860103372138182
P06010,1,4.0,5.8243667100878485
P06011,5,7.6,5.54512847679171
P06012,3,6.2,7.144543751754759
P06013,2,7.1,7.626307103301195
P06014,1,6.8,5.362816073246878
P06017,4,7.4,6.967636928684327
P06019,2,2.7,3.23383594307988
P06020,1,5.5,4.946078046932685
P06021,4,6.3,4.049009445847696
P06022,2,6.7,6.252211372240881
P06023,4,6.9,8.432776959840643
P06024,1,6.2,5.044650869244115
P06025,2,3.0,5.71984839302222
P06026,4,6.2,5.937756640227878
P06027,2,8.0,8.022355288909495
P06028,2,5.5,5.664753997599661
P06029,4,3.2,3.4091195465936455
P06030,1,5.9,5.946644965878258
P06031,1,3.1,3.857699659390575
P06032,3,7.3,5.996437553921636
P06034,1,5.3,5.590845257623203
P06035,2,6.7,5.36439659516071
P06036,1,6.7,6.41599913264673
P06037,1,5.4,6.118635798680038
P06038,5,7.4,7.351026451247847
P06040,1,6.3,5.724459928730368
P06042,1,6.2,6.795219496620069
P06043,5,5.7,4.827396766580098
P06044,5,6.8,6.808663212672366
P06045,2,5.9,5.211731618956983
P06046,5,5.5,5.695125293568365
P06047,3,8.3,7.354451294338401
P06049,4,6.3,5.493479351668201
P06050,1,5.1,5.200630386824656
P06051,3,5.8,7.743547527134271
P06052,4,3.9,3.2175731330245325
P06054,2,6.1,7.282094319243319
P06055,4,5.8,7.706298586067722
P06056,5,5.2,7.399951558526852
P06057,3,7.3,8.321099559111133
P06059,3,6.6,5.457608833251231
P06060,1,5.4,5.001129197301897
P06061,2,5.3,7.279363417180877
P06062,3,5.4,5.044864639889094
P06063,1,5.1,5.127806972505098
P06064,4,4.4,2.7918663094036185
P06065,4,6.9,6.131359926351143
P06068,3,6.2,6.418469873581788
P06069,2,4.6,6.045175322957361
P06070,1,5.0,6.176263095877854
P06072,4,3.1,3.2380063897508213
P06073,4,4.3,4.925056197003883
P06074,5,9.5,7.7320894403520875
P06075,2,3.8,3.336906970891688
P06076,3,7.0,6.777057106027735
P06077,4,6.3,6.307989897710069
P06078,5,4.4,3.4891856036166105
P06080,2,4.1,4.511259001594082
P06081,5,5.3,4.929291037368259
P06082,3,6.0,5.24165044779572
P06083,3,7.7,6.850957238254809
P06084,4,6.1,6.409154077154441
P06085,4,6.7,6.171652607484763
P06086,5,6.9,7.150092925430817
P06087,5,3.0,2.3800979852561848
P06088,3,6.0,5.217800625264567
P06089,5,6.6,7.2941515941613355
P06090,4,7.8,6.700146534641219
P06091,5,6.6,7.999892821378765
P06092,4,3.8,3.9063677554987963
P06093,4,7.9,6.64922284024731
P06094,2,6.8,5.9034525199686545
P06095,2,5.6,5.485024772861373
P06096,1,6.8,6.446607050956081
P06097,2,2.7,4.556316215274156
P06098,1,3.3,3.2441046486304237
P06099,3,6.1,6.043222148025327
P06100,4,5.6,5.893463655588024
P06101,5,5.2,5.036344353304156
P06102,1,6.7,6.812369440814398
P06103,3,5.3,6.259184773473374
P06104,2,7.6,7.9071141545882115
P06105,2,7.1,6.224269110022269
P06107,4,6.1,4.537417383449364
P06108,5,7.6,7.350442234778686
P06110,5,8.5,8.32358150538953
P06111,4,9.5,8.896644942158717
P06112,5,6.9,6.154996062023586
P06113,1,4.5,3.926160137525736
P06114,4,7.8,7.141859817105864
P06115,2,4.7,4.804240435292991
P06116,4,7.4,5.887542004208558
P06118,5,7.0,7.605655191018397
P06119,5,4.6,4.6131440946991304
P06121,3,4.6,5.253851739036012
P06122,5,4.6,5.7581216247692275
P06125,2,5.0,5.145873863009011
P06128,1,6.8,6.996847626117401
P06132,3,6.1,6.2425151180109895
P06137,3,6.4,5.018990764030135
P06138,5,5.0,5.498611521989637
P06139,3,4.6,4.761111182663601
P06140,1,4.6,5.821039396847239
P06141,2,1.4,3.9049568872219327
P06142,5,6.7,6.87304875329166
P06143,5,9.0,8.0646576633679
P06144,2,5.5,6.059846069366159
P06145,2,6.8,5.889857415636999
P06147,4,5.0,7.453097193068719
P06148,5,8.0,6.730144215987121
P06149,4,4.8,5.234189641274536
P06150,1,5.2,4.629872283418528
P06151,5,2.3,2.8158857706780713
P06152,2,5.3,5.806090911510074
P06154,2,6.8,6.90796946095767
P06155,2,4.3,3.8518846430093214
P06156,2,7.0,7.656474397068905
P06159,4,8.4,8.614327620021834
P06160,1,5.0,6.500308809927393
P06161,4,3.5,4.164240423595187
P06162,2,7.2,7.266539479585197
P06163,4,5.0,5.500258080367208
P06165,3,5.5,5.436520480696845
P06166,5,6.3,7.390975388588428
P06167,5,8.2,7.5835861081064335
P06168,3,6.2,6.397569807665755
P06169,2,4.8,4.855252523265772
P06170,2,3.0,4.15020392775367
P06171,1,9.5,8.90070563547683
P06172,5,8.5,7.259736781479735
P06176,3,4.0,3.7491159402473224
P06177,2,5.0,5.427242302332174
P06178,1,6.2,5.834823328593485
P06179,5,6.0,6.852413661550381
P06180,3,5.7,5.636692036774957
P06181,1,3.4,4.635571460467727
P06182,4,4.6,3.5359165268261883
P06184,2,4.1,4.685053072805682
P06185,3,4.1,5.158747486971766
P06186,5,6.0,6.070045914304498
P06187,2,4.4,4.234744052336872
P06188,5,5.6,6.667144046733633
P06189,1,6.3,5.307758758587232
P06190,5,4.5,4.3894732287794085
P06191,1,5.9,6.323501187492352
P06192,5,7.3,6.858320284495789
P06193,2,5.6,5.631126541794337
P06194,3,6.3,6.691071461531784
P06195,2,5.1,5.862724818128671
P06196,1,5.2,5.286331015685107
P06197,3,6.0,6.818503448294706
P06198,1,6.4,6.29816721088646
P06199,2,6.4,6.670021278365107
P06200,5,6.8,6.280750415160476
P06203,5,4.6,4.297053205010888
P06204,5,5.4,6.667371221846155
P06205,1,7.4,7.351533960606479
P06207,2,6.7,5.833900604761482
P06208,3,6.7,6.337954983054239
P06209,4,2.5,3.0116697285713436
P06210,5,9.0,8.597776973454318
P06212,1,6.7,6.6184164356164095
P06214,4,7.2,6.299382703521433
P06215,5,3.5,3.9436596810371674
P06217,4,6.1,6.1060684002723615
P06220,1,7.4,6.562396345940362
P06221,1,5.2,5.851902651621913
P06223,3,7.0,6.529154070202351
P06224,2,9.0,8.192720281494202
P06225,5,6.2,6.093003850173775
P06226,4,7.5,5.831236413802504
P06228,2,8.7,6.98244814975182
P06229,3,4.7,6.307778887558179
P06231,3,4.9,4.552555375487406
P06232,5,5.9,5.568623990563504
P06233,5,4.7,5.889869702905957
P06234,5,5.6,5.598852961002992
P06235,2,4.8,6.3336894648461834
P06237,1,5.7,6.355382950222365
P06238,1,3.0,2.2881990537319687
P06239,5,3.2,4.609110863286797
P06240,1,6.5,7.3312987260926015
P06241,2,6.3,5.969380235568522
P06242,3,4.1,5.060766967323538
P06243,4,8.3,6.337948163833913
P06244,4,3.9,4.668661119915259
P06245,2,6.6,6.7422546826297935
P06246,2,2.7,3.000625921638659
P06247,5,5.9,6.81904111524188
P06248,4,7.4,7.88290185790597
P06249,1,9.1,7.497366106215219
P06251,3,7.1,6.166843786247584
P06252,3,4.9,5.338340119665972
P06253,5,5.3,7.1754715412689185
P06254,4,6.8,7.579722287369321
P06255,4,3.0,3.8008562130443586
P06256,2,9.7,8.296635724411523
P06257,3,5.2,6.069574186151289
P06258,2,2.4,3.1104973962222933
P06261,4,8.0,7.342510567374559
P06262,4,8.5,7.154243052815811
P06263,4,4.9,5.79930498424036
P06264,5,5.4,6.278965745003763
P06265,3,7.2,6.746779967987128
P06267,1,7.0,5.812294938001231
P06268,4,9.0,6.0198278763968185
P06269,4,7.0,7.592789042281829
P06270,4,3.3,3.878809306683525
P06271,4,6.1,7.246311302349901
P06272,3,5.4,4.874012957873044
P06273,3,9.7,8.638521908923071
P06274,4,5.2,5.9892881735406736
P06275,1,5.8,6.679023516303166
P06276,1,7.0,5.708438336306121
P06277,1,6.0,4.993250328493997
P06278,5,3.6,4.213683655915679
P06279,4,4.2,4.344975711533785
P06280,4,6.2,6.6197854268424585
P06281,5,8.4,5.7776658017165285
P06282,1,2.8,3.1061312549923623
P06283,3,7.1,6.139639312530377
P06284,5,6.1,6.682001360645907
P06285,4,4.6,4.142364352844394
P06286,5,5.4,7.155144683817416
P06287,2,7.1,6.772106900125809
P06288,2,5.0,5.448354802685006
P06289,4,2.0,3.8328575333598662
P06291,3,5.6,7.147277947740351
P06292,3,8.9,8.034130458421853
P06293,5,7.4,7.434881747325026
P06296,2,5.7,5.563279186568021
P06297,5,8.7,7.948844190209778
P06298,3,4.4,5.05208517071734
P06299,1,9.4,8.350885177993446
P06300,1,5.4,3.8823969188680456
P06301,4,6.7,5.953170997849659
P06302,4,5.7,5.994568841248146
P06303,1,5.5,6.344187455727293
P06304,5,4.0,4.974399694483744
P06305,3,6.2,4.446020778641064
P06306,2,5.2,5.190579079655645
P06307,4,8.5,7.772004374780362
P06308,3,9.0,7.587994694148242
P06309,5,5.3,5.686256232866665
P06310,4,3.6,4.013938144305114
P06311,1,6.2,7.09693130413005
P06312,3,6.2,6.8458193570385575
P06313,2,7.4,6.3372731982895365
P06315,4,5.0,6.299637203875518
P06316,2,1.7,4.0906500692809065
P06317,4,6.0,5.398610993365172
P06318,3,5.5,4.96110749194735
P06319,4,7.5,8.170535383093302
P06320,2,3.0,3.977668225325697
P06321,3,7.2,7.354088747853944
P06323,1,5.0,4.7503363630135045
P06325,4,8.3,7.752104174348258
P06326,4,5.7,5.5691429313403855
P06327,3,7.3,7.566407196512612
P06329,5,3.8,4.416924859287151
P06330,2,6.4,5.74253716336616
P06331,3,2.5,3.469945968511587
P06332,4,6.0,6.340499302558674
P06333,5,7.7,6.7017726127297506
P06335,3,7.4,6.949647974648333
P06337,1,4.2,4.222961456909394
P06338,3,7.4,6.075427356961118
P06339,1,4.6,6.067895165864798
P06341,4,6.4,8.388729588664674
P06342,5,6.0,7.4454501832331035
P06343,3,5.4,6.2708212606942855
P06344,5,6.7,7.5234792375043815
P06345,2,5.6,5.6042841495048075
P06346,2,7.7,5.719367469449771
P06347,4,3.9,4.048582615788295
P06348,3,4.3,4.173753699350443
P06349,3,4.7,5.948482928086478
P06350,2,8.3,7.134396528395234
P06351,1,5.1,5.117334041500046
P06352,5,4.8,5.182271406799094
P06353,2,6.8,6.850743820686054
P06354,3,5.3,4.284800748300802
P06355,3,5.2,5.069632362862353
P06356,5,8.4,8.348464432601858
P06357,4,6.4,6.993604121977664
P06358,1,5.9,6.336271224355018
P06359,1,3.3,4.348932080257659
P06361,3,4.6,3.572899620505839
P06362,2,4.8,5.298618593228201
P06367,2,8.9,7.679196906376892
P06368,2,4.0,4.580594710424865
P06372,5,3.8,4.574654920657835
P06373,1,3.8,4.460603769426084
P06374,3,1.4,2.618787663520328
P06375,3,8.1,8.962622025114221
P06376,4,5.8,5.595986965108127
P06377,1,5.8,6.69504124815868
P06380,4,7.4,7.937504035487686
P06381,5,4.9,4.8176124405489205
P06382,1,5.9,7.3873871023398525
P06384,4,6.8,7.224631822847998
P06385,4,6.6,6.48288489370536
P06387,3,4.3,4.204553032545977
P06392,3,6.6,6.977395726785591
P06395,3,5.8,5.843513888060119
P06396,4,8.5,6.2000891401995935
P06398,1,6.4,5.969719212043428
P06401,2,4.8,4.939832483283993
P06402,2,5.2,5.293298719624586
P06403,2,8.3,7.231560553865024
P06404,5,5.0,6.504253499775889
P06405,4,6.8,7.77191878105185
P06406,1,8.2,6.453608499307922
P06407,5,5.8,5.765200112012226
P06409,1,4.7,4.593160901041897
P06410,3,4.5,5.309075624691013
P06411,4,5.4,5.703366248944847
P06412,4,7.3,7.158642451389106
P06414,2,7.0,6.637658197465765
P06415,1,5.8,6.308112176903632
P06416,2,6.5,4.931073050900719
P06417,2,4.3,5.2753485936152265
P06418,1,7.1,7.143360986356898
P06419,1,6.0,7.2711967438697025
P06420,5,6.6,6.95953308895258
P06421,1,6.8,6.603082105977231
P06422,1,6.1,5.534004267329526
P06423,2,8.4,7.311636359159233
P06424,5,8.1,8.492575731873638
P06425,2,8.4,7.39511821241515
P06426,4,7.6,6.807181346441088
P06427,2,6.3,5.539201424693454
P06428,2,5.9,7.34327618015651
P06430,4,7.4,6.1080032834499995
P06431,2,7.4,8.018765357321954
P06432,5,6.9,7.120668295415586
P06433,2,5.7,6.4437730617326
P06434,4,7.0,5.519911778092911
P06435,2,6.8,6.576932962203943
P06436,3,4.9,7.011980838351382
P06437,5,6.1,4.829357407115279
P06438,5,2.9,5.128511220196999
P06439,4,5.6,6.849009416806857
P06441,3,4.5,5.139689196731001
P06442,1,8.4,7.563949565266369
P06443,2,7.3,6.341141023317487
P06444,1,4.9,5.5919696546676025
P06445,4,5.6,6.411699559141305
P06446,1,6.9,6.939365665399851
P06447,2,6.7,7.405341821563532
P06448,3,4.8,4.704747676442736
P06449,2,8.2,8.780252972800062
P06450,2,4.3,4.7120492433324666
P06452,3,4.1,6.084676209229275
P06453,2,3.3,3.313633174865068
P06454,3,7.4,8.040190182589859
P06456,3,5.6,6.721551576519701
P06457,4,9.3,8.130976848651919
P06458,1,5.3,5.78809954067666
P06459,3,5.1,5.400488618638024
P06460,5,6.7,6.390559029070753
P06461,5,5.3,5.62454670713846
P06462,4,7.3,6.52083073195208
P06463,1,4.8,6.373929861131691
P06464,2,8.2,7.2514776554709535
P06465,1,6.6,6.152718078417884
P06466,5,7.5,6.715645200800466
P06467,4,6.4,6.276900377259781
P06469,5,5.1,5.680187774352114
P06471,2,4.9,4.919048548637139
P06472,5,4.5,6.057426057258647
P06474,1,4.3,2.9665136484504475
P06476,5,5.4,5.811690033615344
P06477,3,6.2,6.392930460757072
P06478,1,4.2,5.518115053176269
P06479,5,7.1,7.829589443545171
P06480,2,5.9,5.468518603102711
P06482,2,5.2,5.814679584149595
P06483,1,6.7,5.926488484342393
P06484,4,5.3,5.776574817503529
P06485,5,6.9,5.03906871328454
P06486,3,5.3,6.13024433467324
P06487,2,7.6,6.583528005033828
P06488,2,5.0,6.82872188102767
P06489,5,6.1,7.150520758970975
P06490,3,5.5,6.925687255720762
P06491,4,4.2,4.172896500933647
P06492,1,6.6,5.411175822039787
P06493,4,2.6,2.314271487655038
P06494,3,5.9,5.470104019335553
P06495,4,6.5,7.018897603238738
P06496,3,4.8,5.6035846982282305
P06497,3,6.7,7.046994531730143
P06499,5,5.1,5.075455475760249
P06500,4,6.9,6.41666888654469
P06501,4,8.0,7.755947592633081
P06504,3,7.0,7.544587379981143
P06505,3,3.9,4.226067303427842
P06506,1,8.5,6.834792196871248
P06507,3,5.7,6.012988552768541
P06508,2,6.5,6.382993454559593
P06509,2,7.8,6.703825659838884
P06510,4,4.8,4.879057558311783
P06511,3,5.9,6.16560620164718
P06512,1,6.2,5.558659387693221
P06513,1,6.3,6.277680604086801
P06514,5,5.2,5.022950936173894
P06515,3,5.6,7.04143791124751
P06516,3,4.7,3.4736706893203286
P06517,2,6.1,4.467062991434435
P06518,2,4.4,5.192230238025108
P06519,3,4.6,3.9799249198304776
P06520,5,7.5,7.92726690814764
P06521,5,3.9,4.685723938389346
P06522,4,6.1,6.281126147839998
P06523,3,4.8,4.259652643928693
P06525,2,4.7,3.5577847087556194
P06526,4,5.4,5.5814793754746725
P06527,2,4.6,5.133589796372426
P06529,2,4.9,4.999270986930301
P06530,4,6.9,6.770743699446374
P06531,4,7.8,8.549909356387715
P06532,2,8.0,7.391407377906859
P06534,3,7.5,7.326440045786786
P06535,1,6.2,6.1697858598003705
P06536,5,6.6,6.920529383104675
P06537,2,7.8,6.1277656436696
P06538,1,5.5,6.169984274545889
P06539,1,6.8,7.414092276246348
P06540,2,4.1,5.193240907667854
P06541,5,6.3,6.6206667309969625
P06542,3,8.6,6.9439491626831575
P06543,3,7.7,7.447935703185393
P06544,3,5.5,6.153199506668637
P06545,3,5.2,5.982938527173455
P06546,1,6.1,6.752413800216875
P06548,2,2.7,3.4236045693517476
P06549,2,4.3,4.636335057783375
P06550,3,4.6,3.721518823527968
P06551,3,6.4,7.093456787592183
P06552,1,4.8,5.135997329856405
P06553,2,7.0,7.395441487788627
P06555,4,8.2,7.921755814862473
P06556,4,5.2,6.013537658357112
P06557,1,7.4,5.071598903073166
P06558,1,3.1,4.3223189762620855
P06559,5,5.0,4.617786800592467
P06561,2,6.1,7.171661482051647
P06563,3,8.2,6.848121131773869
P06564,1,7.3,7.5260570784134515
P06565,4,5.1,5.157163479934156
P06566,5,7.3,6.890582937043853
P06568,5,3.8,4.008181281441422
P06569,2,7.2,6.272025818986441
P06570,1,3.5,3.129458159486507
P06571,3,3.3,4.507317517429285
P06573,5,5.4,7.179666756026425
P06575,1,3.7,4.23012099973197
P06577,2,7.4,7.572122466725818
P06578,5,4.7,5.214441067625732
P06579,1,5.3,4.784744851030472
P06580,2,8.0,8.260853351825874
P06581,5,7.6,6.561272350759894
P06582,4,8.7,6.7917786858877225
P06583,3,4.9,6.559998595772229
P06585,1,3.6,4.806326858748368
P06586,2,8.4,7.655289051006703
P06587,2,7.8,7.0356991267751345
P06588,3,4.7,5.5424171277567105
P06589,5,7.2,6.677087946780216
P06590,4,7.6,7.145244426626355
P06591,4,5.8,5.300483087199199
P06594,3,5.0,6.34412580570028
P06595,5,6.1,5.851707264167202
P06596,3,3.7,2.4133163549504943
P06597,5,8.9,9.301914785498823
P06598,5,5.0,5.508742965945865
P06599,2,8.0,6.145617536492491
P06600,5,7.9,7.958817238199604
P06601,5,4.9,5.451221226604181
P06602,1,5.7,5.720852400602694
P06603,1,3.9,5.510694720242537
P06605,5,4.7,5.268465572311362
P06607,2,5.7,5.1100839778959335
P06610,1,7.8,7.181541942315613
P06611,5,8.8,6.690772601692729
P06612,1,4.8,5.461716894494151
P06613,2,4.8,4.950039870188432
P06614,3,6.0,6.410289467901512
P06615,2,5.4,5.37378903163809
P06619,2,7.1,7.735615290207803
P06621,4,7.5,6.16767254721672
P06623,4,5.0,6.023043019694185
P06624,2,5.5,3.972514405656966
P06625,4,4.5,5.460400838699993
P06626,2,7.7,7.278888910510952
P06627,2,4.1,6.16083925800825
P06628,3,6.3,5.980502273425867
P06630,1,6.8,6.156041258501204
P06631,3,4.9,5.247421485953434
P06632,1,5.1,6.847642380997706
P06634,1,6.8,6.490478106321519
P06635,5,4.7,4.737460601406017
P06636,5,4.3,3.519136504598476
P06638,2,5.7,6.734848773137456
P06640,2,3.1,4.672410296654478
P06642,5,7.8,7.095338221857204
P06643,2,8.2,7.4432774712273835
P06644,3,6.6,4.820827949786383
P06645,2,5.0,5.90613982521168
P06646,1,6.5,5.921895704760093
P06647,2,5.0,5.174911935465358
P06649,3,4.0,3.2623770852693643
P06650,2,6.8,7.013547860955557
P06651,2,7.2,6.6680366964510664
P06652,5,6.9,6.854025677674289
P06653,4,4.6,7.091014098943548
P06654,3,6.3,5.892247852642702
P06655,2,6.4,5.718276021982483
P06656,4,4.4,6.235781902493673
P06657,1,7.3,6.253390957373838
P06658,5,8.0,8.027956300542915
P06659,2,5.7,5.831361990735526
P06660,2,6.4,6.6778799714564885
P06661,2,4.3,3.8283856800368383
P06662,2,7.3,7.95275295919956
P06663,1,5.4,5.466045231444105
P06664,1,4.9,2.779593147039191
P06665,2,5.3,5.2382647763603085
P06666,5,1.0,2.5018773350516263
P06667,4,6.3,7.091644589307574
P06668,1,8.9,7.237007302382721
P06669,4,6.8,6.770437552613751
P06671,5,7.3,6.393648672430855
P06672,4,4.7,5.232013441634111
P06675,2,1.9,4.420843488102805
P06676,1,8.1,6.629177650100022
P06678,3,7.1,5.977584224697639
P06679,2,6.1,4.715672698431855
P06680,4,6.4,5.556477349447279
P06681,2,7.6,7.771152339790461
P06682,2,6.8,6.518595516674896
P06683,3,7.0,5.516966811510551
P06686,2,4.8,4.772548464752502
P06688,1,5.4,6.938043443286999
P06689,2,6.3,5.615215593716163
P06692,1,4.4,5.1519131111940615
P06693,2,7.0,6.6180276468784
P06694,3,7.1,6.701157091020528
P06695,1,6.8,7.28729304430103
P06696,1,7.3,6.592834727960298
P06697,5,4.2,5.388674930160455
P06698,5,4.2,6.715254517404618
P06700,3,3.7,4.466622116754955
P06701,3,6.1,6.2666884796742925
P06704,1,7.0,7.605185034765107
P06705,1,6.9,5.449955697326599
P06706,1,6.5,7.163745401289118
P06710,1,7.4,6.462087687782594
P06711,5,6.7,7.574406642101659
P06712,1,5.5,6.888032801833943
P06714,4,5.8,5.330723929478809
P06715,5,6.3,5.8850623888367615
P06716,4,7.5,6.97918291537656
P06717,3,9.4,6.553680871457562
P06718,1,4.8,4.0933852848246985
P06719,4,6.5,6.670129497318863
P06720,5,8.6,6.4376470915488335
P06722,3,6.2,6.949631839117304
P06724,5,8.5,6.927594682865878
P06725,4,6.8,7.300663636194162
P06726,4,6.2,4.942843537561617
P06727,5,9.1,6.24157592924065
P06728,2,5.6,5.937619252829833
P06729,2,6.1,6.493332784098056
P06730,2,7.7,7.303310093830271
P06731,3,4.6,4.04895456702188
P06734,5,5.4,6.10999265919789
P06736,1,5.9,5.297159036459286
P06737,4,5.7,5.173992468203857
P06738,5,8.1,6.744562581104683
P06741,5,7.0,5.8438336749902176
P06743,2,1.8,3.491002767730242
P06745,1,6.1,5.6189562460980715
P06746,4,7.2,7.9636123356333925
P06747,4,8.0,5.459642133728407
P06748,1,5.9,6.995983173742406
P06751,2,9.3,6.757202069157712
P06755,5,7.1,6.160013227712997
P06756,3,6.4,6.916391147365727
P06758,5,7.3,7.591069914866478
P06759,3,8.3,7.341300885914374
P06760,4,7.4,8.251835302327873
P06763,1,7.2,6.586535896428096
P06764,1,5.1,6.375941113416803
P06765,4,5.2,6.6730341633586505
P06767,1,6.8,7.875996243611336
P06769,2,5.4,4.305086444422464
P06770,2,6.3,7.094419542856707
P06771,5,5.8,4.348085233072427
P06773,4,7.8,6.295723351068153
P06774,5,6.4,6.7166839755381265
P06775,1,6.3,7.109223216595558
P06776,5,4.9,5.077631295853277
P06777,2,4.9,5.8152216567515245
P06779,4,7.7,6.501337233032175
P06780,5,3.7,3.8108762486258576
P06781,1,5.3,5.379140945762387
P06782,5,4.8,5.110806278060153
P06783,5,6.6,5.342861197234988
P06786,2,7.1,6.700783605181351
P06788,2,5.1,4.765947466394274
P06789,2,5.8,6.059648064912471
P06790,5,3.3,5.60950291727217
P06791,5,6.8,6.023876036464657
P06794,1,4.8,4.338419189061197
P06795,2,9.2,7.378876520559401
P06796,4,7.5,6.3874733856754915
P06797,5,3.7,5.125892539217722
P06798,5,4.5,5.760459876428862
P06799,5,3.3,3.44918314716763
P06801,4,5.0,6.3584742628802395
P06802,2,7.4,7.423401990074503
P06803,1,7.1,6.9754148968885294
P06804,1,4.3,5.043065499238279
P06805,4,6.0,5.634776509879782
P06806,1,5.4,6.252169898052326
P06807,2,8.8,8.141310279900747
P06808,3,5.6,5.765607933192163
P06809,1,6.8,6.324503986532942
P06812,2,5.4,6.153238800916459
P06814,4,5.5,6.545801766523931
P06815,1,5.7,5.836833418597365
P06817,3,5.9,6.585144210775045
P06818,5,6.6,7.509873382832747
P06819,4,4.3,6.680476464005205
P06820,1,4.9,5.104983903852624
P06821,3,4.4,4.368166590324972
P06822,3,6.7,6.1852984855063875
P06823,1,6.4,7.241441221176593
P06824,2,4.4,3.9004219532989324
P06826,5,5.6,6.092610467880262
P06829,5,5.8,5.250497502304176
P06831,2,6.5,7.610559050763461
P06832,2,4.3,3.198369072972784
P06833,2,4.6,3.781692292679247
P06834,2,7.6,5.7056055301424
P06835,3,4.7,4.992688272907507
P06836,3,7.6,7.022698930189616
P06838,3,7.7,7.345747474049876
P06839,1,4.9,5.861659270894189
P06840,5,7.3,7.61474655289701
P06842,1,3.4,3.383148291570405
P06843,5,4.6,4.906622687717628
P06844,3,6.4,6.093478464010092
P06846,2,6.1,4.824270782909156
P06848,2,5.6,5.914798706359447
P06850,2,3.8,3.5274755705644414
P06851,1,9.2,6.637548000631541
P06853,2,4.5,5.596945585199358
P06855,1,8.5,6.1917375273605035
P06856,5,3.9,3.559728818134508
P06857,2,9.8,8.39385232881321
P06858,1,4.7,4.660349810011587
P06859,2,4.5,4.473306203723468
P06860,2,8.3,7.439673410610604
P06863,4,7.0,6.876019618303527
P06864,3,5.6,6.206523214967524
P06865,3,5.9,4.893079561422142
P06866,2,6.7,5.7089951011494895
P06867,1,6.2,6.793723993680513
P06868,2,5.8,6.707790144657216
P06870,2,5.0,5.138052573698061
P06871,4,4.4,3.79422681816052
P06872,5,6.4,6.706476509672566
P06873,1,5.7,4.451198236818573
P06875,4,8.4,6.1463774626974566
P06876,2,4.9,3.9502892230320494
P06877,3,8.6,7.949193127812624
P06878,2,6.3,6.154074311190786
P06880,4,2.2,3.2966926434911556
P06882,2,5.9,5.19279490460646
P06883,2,9.8,7.326595081039445
P06884,3,3.2,4.191279359479726
P06886,2,8.0,7.7592689306535165
P06887,1,6.9,6.232438277960785
P06888,3,6.1,5.639968079044169
P06890,1,5.5,5.4217070370270735
P06891,1,6.3,5.468597784701581
P06892,2,5.6,5.849467073224989
P06893,5,4.9,4.986258168619411
P06894,4,4.3,2.773354626457762
P06895,3,4.3,5.82837013166987
P06897,3,7.9,7.1395877068054725
P06898,1,4.5,5.123005765592859
P06899,2,3.5,4.098004605295234
P06900,5,3.3,3.31362672447396
P06901,1,3.9,4.275470177263555
P06902,4,6.0,6.2292659236948404
P06904,5,5.8,4.742949446348077
P06905,5,9.1,7.932433576367898
P06909,1,5.8,6.211516505412781
P06911,4,3.8,2.8623617205436087
P06912,5,6.5,6.898673983891916
P06914,3,4.2,5.629520748805846
P06915,5,7.4,6.684838935261988
P06916,2,3.3,4.670282243234786
P06917,5,5.6,5.935202554798618
P06918,4,5.7,5.9646454936512745
P06919,2,8.2,6.614860289004561
P06921,2,5.1,6.121925799085943
P06922,4,6.9,5.344774841659251
P06923,5,7.2,7.132805437523028
P06924,3,6.8,6.500029504412365
P06925,2,3.2,4.166519867713596
P06926,3,4.4,5.538158965119505
P06927,1,7.2,7.373823680038887
P06928,4,7.8,7.30558647256874
P06929,5,4.0,3.9915896159419653
P06930,4,4.2,3.729762986064968
P06931,1,3.5,3.174854655537591
P06933,3,6.0,6.71213515504551
P06934,3,1.7,1.9257162188822323
P06935,2,9.3,8.67167043384157
P06936,4,7.4,6.168360330243194
P06937,5,3.5,4.451531054154263
P06938,4,3.6,3.7802713718265206
P06939,2,3.5,3.8918738818750263
P06940,3,2.5,3.7890468981814256
P06941,2,6.4,5.139932038411912
P06942,2,3.1,5.893475254762518
P06943,4,8.5,7.014467438036402
P06944,1,7.2,6.839475151907665
P06947,5,6.4,5.816157787466301
P06948,1,6.3,6.139216977626724
P06949,5,7.6,6.817503066589542
P06950,2,4.4,5.522236422889392
P06951,1,5.2,7.157687095406266
P06953,4,6.1,7.6087447790772496
P06954,3,5.2,7.635618464829783
P06955,2,6.7,7.327692972521611
P06956,3,6.9,6.72871740196443
P06957,4,6.8,5.73285903352445
P06958,5,6.5,5.730971512319747
P06959,1,5.9,6.579563600035109
P06960,1,3.9,5.8474625510846465
P06961,4,7.8,8.050272553986836
P06962,4,7.8,6.80158494666974
P06963,4,4.0,4.8859643280809735
P06964,2,6.8,8.961500938224173
P06965,3,1.0,2.460109277250161
P06966,3,6.2,7.312357968901016
P06968,3,3.4,4.389402737539523
P06969,4,8.4,7.685822002163743
P06970,5,6.7,7.726779563744417
P06971,2,7.7,6.807688484911064
P06972,2,9.2,7.863319524497125
P06973,1,5.3,5.312938802913981
P06974,2,4.8,3.8038956984808237
P06975,3,8.5,8.7589471294412
P06977,1,3.2,4.243984191730097
P06980,3,7.4,6.039088884422812
P06982,5,6.5,5.58025419480213
P06983,5,4.2,4.743625364769482
P06984,5,5.0,6.893316898744376
P06985,1,7.4,7.6908422803728005
P06986,2,6.8,7.6961106429825
P06987,1,7.3,7.709180316560564
P06989,5,5.1,6.627129644878143
P06990,5,4.7,5.260193886264034
P06991,2,7.7,6.725188851342224
P06992,4,7.8,6.07146016897082
P06993,4,3.2,3.817751848800367
P06994,4,8.9,7.312716397739463
P06995,4,6.0,6.53061747737338
P06996,1,8.2,8.271701738959912
P06997,1,4.9,4.656352909204774
P06998,4,6.0,6.795496952773581
P06999,3,6.8,5.638656780894209
P07000,2,5.8,7.556105826522377
P07001,3,8.5,6.8603759633474235
P07003,2,7.8,8.326060460269883
P07006,2,5.7,6.166611243725537
P07007,5,5.8,5.567336366085876
P07008,3,3.6,3.332797664019549
P07013,2,8.3,7.613136787062853
P07014,2,4.9,5.0377014450378805
P07015,4,7.1,6.666945475602221
P07016,2,5.7,5.81297371685021
P07019,1,7.1,6.825513354703262
P07020,3,2.8,2.7846598532098246
P07021,5,5.6,5.879228520338826
P07022,1,6.1,5.013505580145481
P07023,1,6.3,7.782335359735853
P07024,5,6.8,6.279909655392803
P07026,3,5.5,5.160670166107457
P07027,1,8.1,6.868979311863427
P07028,4,5.6,4.726403327951947
P07029,5,9.6,8.239591981386015
P07030,1,3.0,3.8578148320041343
P07032,1,8.7,5.867482221768159
P07033,4,7.2,7.639181345669366
P07034,1,9.5,7.735740640218249
P07035,5,6.7,5.514338628032761
P07037,5,6.0,4.090075939588261
P07038,2,8.0,7.527502614633807
P07039,5,5.0,5.439689100151744
P07040,1,5.0,5.9726456726938615
P07041,1,4.6,3.058725281608652
P07042,3,6.2,6.255795995230851
P07043,3,3.4,3.664299104334271
P07045,4,4.6,5.049388032928378
P07046,2,5.3,6.4707103197096405
P07048,3,3.7,4.5719989629661795
P07051,5,7.9,6.251098128246931
P07052,3,4.1,4.582129686383437
P07053,2,8.8,7.96508367346862
P07054,1,3.1,3.27366614107031
P07055,4,6.3,6.165365440226294
P07056,2,7.2,7.095250351238554
P07057,2,6.9,7.052940744069955
P07058,5,5.3,6.325075177923513
P07060,2,4.5,5.7061025282588735
P07061,5,4.2,4.298195536536843
P07062,1,3.5,2.8379435688455814
P07063,2,6.5,7.253261031683952
P07064,3,5.2,7.567406469049083
P07065,3,7.4,6.256233531823927
P07066,4,2.6,4.2234404868636535
P07067,2,8.5,6.646207932783655
P07068,5,7.0,5.098296844327788
P07069,3,7.6,7.126720719007252
P07072,5,7.5,5.814760958213372
P07074,1,5.4,5.276139945105065
P07075,3,4.6,4.552184644763561
P07076,2,5.2,6.403490932792403
P07077,5,4.7,5.951701880262433
P07078,5,7.7,7.517316367288998
P07079,5,4.0,4.570012268675616
P07080,5,7.0,5.762032996919811
P07081,4,5.3,4.997946426911551
P07082,4,4.5,5.574971810301658
P07085,5,4.3,3.9135185249919324
P07086,1,6.1,5.371234212084455
P07087,5,4.9,4.550234469498675
P07088,3,7.5,7.101233312338942
P07089,5,4.4,4.814072044486002
P07090,2,5.3,6.204559429385798
P07091,3,4.2,4.760900546699892
P07092,3,7.0,7.343117195111235
P07093,1,3.1,4.65254342685407
P07094,4,7.1,6.981331078382589
P07095,1,7.4,7.120883052016967
P07096,4,4.5,5.210782309726052
P07099,5,6.7,6.458935987896344
P07100,4,6.8,7.793110616806547
P07101,3,6.3,7.973824050219511
P07102,3,8.4,7.493920467622615
P07103,1,4.7,4.132179178584135
P07104,2,6.9,6.875435196896992
P07105,1,5.3,5.8893432824405165
P07107,5,4.9,5.0635399565727495
P07108,2,3.1,3.6402688166342956
P07109,3,1.2,1.53757743980007
P07110,4,7.0,6.45792592997653
P07111,5,6.2,4.677868987727221
P07112,3,5.7,6.9895546343321
P07114,2,2.8,3.497476937348562
P07115,3,5.8,4.853760826097705
P07117,3,4.8,5.602417955368239
P07118,1,4.6,5.958559573028746
P07119,5,5.8,5.871953644037986
P07120,1,5.2,7.443836583022172
P07121,5,3.5,3.342407961902586
P07122,2,8.8,7.693367727405061
P07123,2,7.2,6.864183636707503
P07125,2,4.6,6.162724505571917
P07126,2,7.9,7.253789372520568
P07127,3,4.4,3.6030454941112353
P07128,2,3.2,4.876213689505407
P07129,2,8.2,7.367352522079845
P07130,2,7.2,6.607202345550565
P07131,2,4.3,5.30406098420728
P07132,4,6.7,5.93129345090246
P07133,2,5.7,7.696116000755075
P07134,1,8.5,8.226689449948093
P07135,5,5.8,5.591183626548654
P07136,4,4.2,2.8845649241061055
P07137,3,8.4,6.902337872743625
P07138,3,6.3,4.7712106843141235
P07139,4,8.2,7.637543711891282
P07140,5,8.0,6.3703369763514965
P07142,1,7.9,7.163662636309961
P07143,2,6.0,6.298562524728728
P07144,1,5.8,5.469455950575313
P07145,3,3.9,4.270951909855342
P07146,3,5.2,4.4607290135477236
P07147,4,5.9,5.946761034264193
P07148,1,6.7,6.47753974667723
P07149,3,5.9,7.1800924238218125
P07150,2,6.7,5.519775819314213
P07151,1,7.6,6.592797718202556
P07152,5,3.6,4.911672245362733
P07153,1,6.0,4.747920533925936
P07154,1,3.9,5.411841841161952
P07155,4,5.6,4.852668806968336
P07156,5,4.8,5.984103430790514
P07157,4,6.7,6.121876871537859
P07159,4,7.0,6.174076836748714
P07160,5,8.0,7.153787971109968
P07161,4,6.2,6.557935207487679
P07162,4,8.1,7.640243407200584
P07163,2,7.4,6.28915760203533
P07164,4,5.4,6.79191304560019
P07165,1,6.0,5.926208838865709
P07166,1,8.7,8.82129937521682
P07167,5,4.9,5.811588863493548
P07168,3,3.2,5.3649790757165965
P07169,1,5.8,5.79185856570691
P07170,3,5.2,6.541545513755644
P07171,1,3.3,2.4694169282957334
P07172,2,4.8,4.879440716363959
P07174,2,7.9,5.974478158398482
P07175,2,6.7,6.498711834427669
P07176,5,9.1,7.541029840728526
P07178,3,5.6,6.2323652259248
P07179,5,3.7,4.0355682101528245
P07181,4,7.3,5.738673372109057
P07182,5,2.9,3.190618428730828
P07184,5,6.6,6.688024656100245
P07185,4,5.8,7.041706694119162
P07186,5,4.1,5.338823557357111
P07187,5,5.1,6.341574113718884
P07188,5,6.6,5.459786005146258
P07189,2,9.6,6.947127969687249
P07190,4,6.9,7.494462774512135
P07191,3,8.3,7.204132511174268
P07192,4,9.0,8.31332228969262
P07193,5,3.2,5.4965803231619
P07194,5,5.8,6.02116766319898
P07195,1,4.1,3.590528115719192
P07196,2,8.0,7.688364661056907
P07197,3,6.3,6.31275712069547
P07198,2,5.7,6.542705793324166
P07199,4,8.9,7.06140160939807
P07200,1,7.0,5.249385902270854
P07201,2,7.0,6.336368816062817
P07202,2,5.0,6.525099049545345
P07204,1,5.4,6.650071162326971
P07205,3,6.9,5.972585429479437
P07206,4,7.5,6.675197397520207
P07208,5,4.4,5.146419073239279
P07209,5,7.8,7.706770140593559
P07210,4,5.8,6.181878611952872
P07211,3,7.6,6.408073806891046
P07212,1,7.2,7.504035975427568
P07213,1,5.8,6.469831386974951
P07214,1,7.1,8.091178271682429
P07215,3,9.1,7.9925217986269175
P07216,5,5.3,5.412894889508026
P07217,2,4.4,4.077008777292874
P07218,1,6.1,6.532168505872944
P07220,5,5.1,4.932197686642129
P07221,2,6.6,6.34764524110965
P07222,2,6.9,5.161670924620612
P07223,5,6.6,6.097952408491497
P07224,5,7.3,6.401513235934182
P07225,1,8.8,8.627614302551539
P07226,3,5.3,6.92357360227457
P07227,5,3.2,2.6350158348699244
P07228,5,5.8,6.422953317955059
P07229,4,4.5,5.910347994987838
P07230,5,8.8,8.762004420397009
P07232,3,5.8,6.306651685385443
P07233,4,8.0,7.299602411901679
P07234,3,6.6,6.6774308836228675
P07235,5,8.2,7.18007111799691
P07236,5,6.3,5.9197656356704496
P07237,3,3.5,3.63539849938624
P07238,1,5.1,5.88709080211866
P07239,1,4.7,3.9881714434584015
P07240,2,7.6,7.4570293357620905
P07241,5,5.7,5.322199246238824
P07242,4,5.9,5.440333358830536
P07244,1,8.8,5.779343750629638
P07245,1,6.7,6.488007814686978
P07246,4,4.6,4.6801266797119325
P07247,5,6.5,6.253636959410769
P07248,4,3.9,6.077122325834376
P07249,4,5.0,5.296070170849406
P07250,1,5.3,5.976627015183532
P07251,2,6.9,7.231340022850585
P07253,2,6.7,6.874142516519875
P07254,3,5.4,6.532916198169591
P07255,1,5.4,5.714410249396405
P07256,4,6.0,7.102009998675355
P07257,1,5.0,4.242822260453373
P07258,1,6.3,4.6081004204637805
P07259,4,6.3,4.43975894268399
P07260,3,4.2,4.52458190677509
P07261,4,4.9,3.1539809824148453
P07262,2,7.9,6.7955869383800485
P07263,2,7.2,7.003671651138343
P07264,2,6.4,7.000668484225855
P07265,3,4.9,4.223594640815418
P07266,4,4.6,5.812647409504196
P07268,3,3.6,4.843079592495357
P07270,5,4.9,4.867370853542907
P07271,2,5.3,5.30767579062392
P07272,3,8.5,8.296883472029323
P07274,2,4.1,5.239569846884864
P07275,5,5.4,4.7873425780861645
P07276,2,4.3,5.926529285623872
P07277,4,5.6,6.098078747443323
P07278,3,2.6,4.248421183084963
P07279,3,5.7,6.696690486619286
P07281,5,6.9,5.643959684572594
P07282,3,6.8,5.715297618585529
P07283,1,4.8,5.887187406864977
P07284,1,3.8,4.563869031276916
P07285,2,5.6,6.698081056685001
P07286,2,7.1,5.766090780745164
P07287,3,5.7,5.164917819354847
P07288,5,2.7,3.7056887627920747
P07289,4,5.0,5.766568523142104
P07291,5,8.7,6.731785220056586
P07292,4,9.2,8.20899335346174
P07293,4,6.4,6.021796159196958
P07294,5,5.5,5.364268299392823
P07295,3,6.3,7.333616479630422
P07296,4,8.0,7.014505899013155
P07297,3,5.0,4.291012068081478
P07298,3,5.9,5.65747573990349
P07299,2,5.5,6.273510955677741
P07300,3,6.7,7.036533236388793
P07301,1,5.8,6.188022777493355
P07302,2,6.1,7.335124521699614
P07303,5,6.3,6.215651331306666
P07304,5,5.3,5.666293134822782
P07305,5,6.3,5.416186556131405
P07307,1,4.9,4.782538280813583
P07309,2,5.8,6.147371693654366
P07311,3,6.2,6.322611468197068
P07312,2,5.7,6.787555153907398
P07314,2,6.0,7.665940355730724
P07315,2,6.9,6.955807614541774
P07316,3,9.0,8.092134307784795
P07317,3,4.5,4.320442311537181
P07318,4,6.8,7.370185594647605
P07319,2,5.4,6.908338956406863
P07320,5,6.8,7.171029256200082
P07321,2,6.6,6.586235690935279
P07322,1,6.7,7.016040879388691
P07323,5,6.6,6.391612544711986
P07326,2,6.2,6.480251789297143
P07327,4,4.5,4.328243349252104
P07328,3,5.2,5.930045228865984
P07329,1,5.9,5.9347506226970195
P07330,4,7.5,6.90395581567836
P07332,1,6.6,5.890830102603022
P07333,4,5.9,6.073207826692609
P07335,1,7.3,6.745810553081748
P07336,4,6.4,6.756610627534238
P07337,5,5.0,4.371708368709198
P07338,3,4.2,4.526775001619666
P07340,4,5.3,7.008574362230526
P07341,1,8.2,7.165067410448705
P07343,2,6.8,6.647080068779278
P07344,1,3.4,4.380146519367139
P07346,5,7.7,7.102244663808392
P07348,4,5.2,5.63034986327674
P07349,4,8.2,7.3615648954152695
P07350,2,5.9,7.306814153068377
P07351,1,6.4,6.429264190608813
P07352,2,6.5,6.460490624053359
P07353,3,7.2,6.38152377808953
P07354,1,6.5,5.987369575630572
P07355,5,9.0,7.827811664178442
P07356,5,6.1,6.13533401477267
P07357,5,7.2,6.247250468513865
P07358,1,7.1,7.341070490463043
P07359,2,7.4,7.816211744993838
P07360,3,7.2,6.913937021932966
P07361,2,6.2,4.376986956021284
P07362,5,4.1,4.11230531956115
P07363,1,6.1,6.26603116732991
P07364,5,5.5,5.752327661028047
P07365,1,8.9,7.249755169411921
P07366,3,2.8,2.770058635377158
P07369,1,7.9,6.89501019884021
P07370,3,6.0,7.1251087904256645
P07371,3,6.6,6.842764982394723
P07372,3,5.5,5.2127484823894115
P07374,2,4.4,5.697577982934302
P07375,2,7.8,7.182761331314362
P07376,1,6.1,5.323595419432618
P07377,3,5.8,6.620633200818548
P07378,3,6.4,6.436256162260975
P07381,3,5.3,5.139385391485228
P07382,5,6.8,6.470798307427042
P07383,4,6.7,6.769374251660216
P07384,4,3.5,3.886792108093142
P07385,5,5.3,6.8968197035295296
P07386,5,1.7,3.759641154286778
P07388,1,6.2,6.025774705547103
P07390,1,4.9,5.994835641977909
P07392,4,8.3,7.110610550530374
P07394,5,6.4,6.523077987635126
P07397,5,8.3,7.5090073617095126
P07398,3,8.0,7.523572942348539
P07399,1,4.1,4.912674727700155
P07400,5,6.0,6.601498326561256
P07401,4,2.5,3.2548689442616205
P07403,2,6.7,7.039000717723038
P07406,5,9.2,8.125110598957491
P07407,5,6.9,5.903847343654663
P07408,3,4.8,6.124967624636372
P07409,4,5.6,6.0010245949492464
P07410,4,4.0,3.167202342607155
P07411,1,6.8,6.570810257674337
P07412,2,3.4,5.027583062400188
P07413,1,7.0,7.442109193828848
P07415,5,4.1,6.097700738165187
P07417,5,6.6,7.51329666211833
P07418,5,7.7,6.391067713782264
P07419,1,5.3,4.805804555590747
P07420,4,6.3,6.8006997966335385
P07422,1,8.0,9.101564609501846
P07423,4,9.7,7.22835028970747
P07424,5,3.9,4.1590218172146285
P07425,5,6.0,6.391130569622417
P07426,2,7.8,6.8291247729571465
P07427,5,6.0,6.356833751924893
P07428,4,8.9,7.324773585065051
P07429,1,6.8,6.439535795053875
P07430,2,9.4,9.058103907804856
P07433,5,3.6,4.388911655605186
P07434,3,5.5,5.917310035249308
P07435,1,5.5,5.472950514973581
P07436,1,7.6,7.0364805417441945
P07437,3,5.1,4.551631263910387
P07439,2,6.1,6.470631461229084
P07440,1,4.8,5.577416160839828
P07441,2,4.4,3.753081220363214
P07442,5,5.8,6.580556134601534
P07443,1,8.5,7.318123459668648
P07444,4,8.8,7.202299502047058
P07445,5,6.9,7.5381735197647775
P07446,3,6.2,6.9477022127361
P07447,1,7.0,5.199816420549459
P07448,5,7.7,7.082257902748712
P07449,5,5.0,4.538826788507822
P07450,4,5.3,5.832283384513028
P07451,5,8.8,7.016844243902128
P07452,5,7.2,6.689926849410477
P07453,5,3.8,4.800585611946032
P07454,5,5.3,5.757464702311176
P07455,4,5.9,6.379863558017096
P07456,3,6.3,7.272028978694686
P07460,1,4.0,4.045945878262093
P07461,4,4.7,4.893697879760158
P07462,5,5.2,6.667830070632522
P07463,1,3.5,4.338232219497416
P07465,3,5.5,4.877337748783356
P07466,3,5.5,5.457690790366931
P07468,3,4.2,4.470174491582535
P07469,5,7.3,6.908639941670869
P07470,1,4.4,4.829116917659588
P07471,4,3.7,4.515271114033629
P07473,1,4.8,5.774764369190394
P07475,1,8.0,6.959819599407683
P07476,1,5.7,6.326328320248206
P07477,3,6.8,6.296779641721746
P07478,5,6.5,7.063744811129806
P07479,3,6.8,8.318138164537535
P07480,4,6.0,5.797148409182193
P07481,4,6.5,6.105328691560832
P07482,4,4.5,4.763664073561382
P07483,3,4.3,5.239867096831044
P07484,1,6.2,7.134850806817342
P07485,5,7.0,6.1636433537824535
P07486,1,8.3,7.632036136892601
P07487,4,5.5,6.403673698873427
P07488,2,4.4,4.079833927292295
P07489,3,3.0,3.5254819156694914
P07492,2,3.6,3.3546988768273525
P07493,5,5.3,5.5128238615712535
P07495,1,6.4,6.164452697371955
P07496,1,8.5,6.593196110579111
P07497,3,6.9,7.127109638208079
P07498,4,3.5,4.661830915002547
P07499,3,7.0,8.142772722797144
P07500,5,8.5,7.292447286316275
P07501,2,4.4,5.023809339623345
P07502,1,6.7,7.367382040597282
P07503,4,5.8,6.165268488450738
P07504,4,5.1,4.66896900168628
P07507,4,6.4,6.115769394994865
P07508,1,5.4,5.583963558295196
P07509,5,8.2,7.17220724257197
P07510,4,6.0,5.893253228783902
P07511,1,5.8,6.044854161082278
P07512,2,5.6,6.378763487137433
P07513,4,4.0,4.751046790811189
P07514,4,7.5,7.129731428504462
P07515,2,7.8,6.929524590285567
P07517,5,6.6,6.195992232783622
P07518,4,7.7,7.2153404513065595
P07519,3,5.3,5.440378855570524
P07520,5,5.1,4.573954047307014
P07522,1,7.8,7.8940721769387725
P07525,3,7.3,7.075280094824016
P07526,5,6.1,5.438187081162888
P07527,3,4.4,5.612602070919649
P07529,3,9.2,9.34056796857548
P07531,3,7.5,7.298573395377764
P07532,3,2.9,3.926256935863058
P07533,3,5.7,7.012228734331328
P07534,3,2.6,3.6094531144736144
P07536,3,4.4,5.102958062161587
P07538,4,5.3,5.983825116100339
P07539,2,7.8,6.8183510728832815
P07541,3,5.1,5.777694654819677
P07542,2,6.0,5.860858826806551
P07545,2,3.9,4.185243933838089
P07546,2,4.5,3.5154272654488166
P07547,4,5.7,5.957407669332774
P07548,3,7.0,6.728101382160938
P07549,4,5.3,5.721240845376577
P07550,1,9.0,7.368077668124095
P07551,3,4.4,4.408224582619577
P07552,3,2.8,2.5838752277561636
P07553,1,3.8,5.593445859986806
P07554,1,5.5,6.148469477857621
P07555,3,9.2,8.303483748673145
P07556,5,5.4,5.999606371498781
P07557,3,5.4,6.549147562386802
P07558,2,7.0,7.654746123517571
P07559,4,7.3,4.766771919103199
P07560,4,7.3,7.21377558838361
P07561,5,5.9,7.260367445886169
P07562,3,9.4,7.401832340487011
P07565,3,8.0,7.491056089725726
P07568,4,4.9,5.6507504691152315
P07569,5,4.6,5.002265553453139
P07570,4,6.3,5.660114363548235
P07571,5,4.3,5.568131556532229
P07572,1,8.2,7.630635151398324
P07573,4,6.3,6.382099731958904
P07575,4,6.2,6.093210206972622
P07576,5,8.3,8.380016544463057
P07577,5,6.0,5.513477629827766
P07578,5,5.6,6.37608031874358
P07580,2,4.6,5.190710978417395
P07581,3,5.8,7.079384169856898
P07582,3,3.9,5.00029171953394
P07583,5,8.3,9.025984635126697
P07584,1,6.1,6.8138870867649315
P07585,5,8.2,6.671349788471762
P07586,1,6.9,5.071900116222993
P07587,4,4.5,5.631011613562252
P07588,1,5.4,5.991233072190381
P07589,3,3.0,2.5782262342701228
P07590,5,5.1,5.823070008139639
P07591,2,2.6,2.9721820001181323
P07592,2,5.3,5.857884131034085
P07593,5,6.5,6.3617990755347815
P07594,3,6.2,5.816807972689432
P07595,3,6.7,6.672727926984274
P07597,2,7.2,5.195109393626656
P07598,2,3.9,4.035174996832956
P07600,1,6.6,6.556467074804848
P07601,2,6.9,6.253236605526068
P07603,1,7.9,7.002803869931397
P07606,2,7.6,6.233043844651056
P07607,2,7.0,6.3511751065707225
P07608,3,5.2,5.463024982775086
P07609,3,8.1,6.9896010885990565
P07610,1,5.9,4.986746595754473
P07612,4,6.9,7.090918851713758
P07614,1,5.0,5.426462452040556
P07619,2,5.4,6.9158285346778605
P07620,5,4.4,6.070489346637041
P07621,3,4.5,5.963184307307716
P07623,5,3.8,3.9887525169377565
P07625,4,7.0,6.63781623828368
P07626,5,6.9,7.060495707783515
P07627,3,6.5,7.046172634905439
P07628,2,5.9,6.695021453646945
P07629,4,6.9,6.372466562704356
P07630,4,5.5,7.16830323891
P07631,3,4.4,4.367190853790246
P07632,5,9.3,8.81073939523127
P07633,3,6.9,6.61952168315597
P07634,4,4.9,4.440843897658848
P07636,1,5.6,5.0687199089173856
P07637,2,6.1,6.796858479753986
P07639,5,4.2,4.900353306624835
P07640,1,5.6,6.465129346555564
P07641,5,6.8,7.00253196674436
P07642,1,7.5,7.039009731875251
P07644,2,6.7,5.878148029864738
P07646,1,8.1,7.173817599408175
P07647,3,6.0,6.734598261457121
P07648,5,6.9,8.395166054858668
P07649,2,7.0,7.16728757766627
P07651,5,5.1,5.441116625164853
P07652,1,4.7,4.7265979414538135
P07653,5,5.1,6.0482237072779235
P07654,5,5.8,5.965615938869897
P07655,3,5.8,6.4012242513157425
P07656,4,8.0,7.71330886690372
P07658,4,3.7,3.6749522527000944
P07659,3,7.6,7.761447544376424
P07661,3,5.8,5.628361410811648
P07662,4,4.0,5.3530595416101585
P07663,5,6.3,5.998977897139562
P07665,4,7.7,6.912050098152397
P07666,5,9.1,7.533231611746189
P07667,5,6.6,6.018283624453575
P07668,4,6.4,6.073121026696409
P07669,5,6.5,5.759943424153297
P07670,4,6.0,6.258223542111738
P07671,1,4.3,5.0990296809251685
P07672,3,4.9,4.498259890772842
P07674,2,5.6,6.58001341201169
P07676,2,5.8,4.853631922343687
P07677,3,3.6,3.522144423858349
P07678,5,6.6,6.6117790776511365
P07679,5,8.9,8.150466942170407
P07680,2,5.0,5.478387908234046
P07682,2,8.9,7.78973646072192
P07683,5,9.2,7.724920135346756
P07684,3,5.0,6.7859979441665
P07685,4,6.7,6.308688483162913
P07688,4,4.9,5.396868086930992
P07689,5,4.8,5.157332004961419
P07690,1,8.1,6.078589246014842
P07691,4,8.4,7.253216967853915
P07692,1,7.9,5.665079994040432
P07693,2,5.4,4.928048331652521
P07694,1,7.1,7.05383439248011
P07695,5,7.8,7.364269987261622
P07696,4,6.8,6.391942768779147
P07699,4,5.1,6.045713726855778
P07700,5,5.3,5.932329011875841
P07701,1,3.1,3.4171628772834954
P07702,5,4.2,5.788799624994063
P07703,4,2.7,3.4046741555672178
P07704,5,6.4,5.257711229162568
P07705,5,9.6,7.675242741663859
P07708,5,4.9,6.556309699829623
P07709,1,6.8,7.75189764324434
P07710,5,5.7,5.914527922355387
P07713,2,5.2,5.5418885832466005
P07714,3,6.6,6.0785100832672585
P07715,3,8.7,7.329477252571248
P07716,1,8.8,6.09385777530679
P07717,2,5.7,7.01413200916644
P07718,5,7.6,8.522874918400888
P07719,5,5.2,6.757616726584988
P07720,5,6.7,7.2605326291714265
P07721,4,6.3,5.996927171332756
P07722,5,6.6,7.500400749367389
P07723,5,6.4,6.744365124152376
P07724,4,6.5,7.09280293356234
P07725,3,7.6,6.9101340959116495
P07726,4,5.4,5.535218589401599
P07728,5,4.8,3.2212922926657463
P07729,2,6.4,6.736627675436216
P07730,5,4.9,4.433510817862301
P07731,1,5.3,5.114742655466227
P07732,4,2.7,4.619755151469002
P07733,1,8.4,6.706219871021109
P07735,3,8.5,7.712465118444649
P07737,2,6.5,6.691182990081181
P07739,4,8.1,7.582110910076417
P07740,5,3.1,2.6507735631520073
P07741,3,8.5,7.048239494382378
P07742,3,3.8,4.563532238379434
P07743,3,6.0,6.344275835972533
P07745,5,5.8,5.4724834983001704
P07746,4,4.5,5.139302031081692
P07747,3,7.2,7.36578995888986
P07748,2,5.8,6.101718497637092
P07749,2,8.2,5.643250530897535
P07751,3,6.6,6.438248134660338
P07752,5,6.9,7.752030635576018
P07753,3,7.8,7.345457661450696
P07754,2,6.0,6.884966021216553
P07755,1,7.8,6.8364391010182555
P07757,5,8.5,7.6113093298518555
P07758,2,6.9,6.7449648616262525
P07759,2,6.2,6.327120748933622
P07760,4,6.3,6.831683476665008
P07761,4,5.1,5.672067357757685
P07762,2,7.1,7.600941823190316
P07763,3,5.3,4.755667352227497
P07764,1,5.9,6.1064254170805325
P07765,1,3.3,5.70013123969333
P07766,3,7.9,8.164008132367957
P07767,3,6.5,5.965555574368038
P07768,5,7.3,6.86570967647107
P07769,1,6.9,7.218855043014179
P07770,2,7.5,6.615866607616892
P07771,3,3.5,4.096726287281727
P07772,5,4.2,4.14350955164206
P07773,3,5.9,5.534764048162289
P07774,5,6.0,5.906242557095532
P07775,3,7.4,7.60050327639653
P07776,3,5.7,6.602391114530215
P07777,5,4.7,5.761547964194366
P07778,4,6.9,6.9790048288741104
P07779,2,6.8,5.3057326078858935
P07780,4,7.6,6.960027486443891
P07781,4,5.8,6.568397725937664
P07782,3,6.8,8.131320719047885
P07783,2,3.4,5.125255853214495
P07784,2,6.0,5.5335487336518145
P07785,2,9.4,6.893986913642289
P07786,3,6.9,6.051018947732383
P07787,1,4.6,5.848664247137106
P07788,4,4.6,5.3733695624626385
P07789,3,7.4,6.2863064213320925
P07790,5,7.2,5.895342538055021
P07792,1,4.2,5.0669469765362765
P07793,1,4.9,5.46327251718247
P07795,3,8.0,8.307544052258748
P07796,1,4.3,3.882143267594369
P07798,2,5.1,3.8340305839927553
P07801,5,9.2,8.389435826231862
P07802,2,4.1,5.421039795239883
P07803,4,7.0,6.904260055305037
P07804,4,4.8,6.3341039511033985
P07805,3,3.6,3.501392920724801
P07807,5,5.5,6.369493074502044
P07808,3,3.9,3.0620689651197224
P07809,3,6.8,6.5780021190085405
P07810,2,4.9,5.12323562228324
P07812,3,4.9,6.39288336694602
P07813,5,5.6,7.430544905258816
P07814,5,7.6,7.848195876257551
P07815,2,9.4,7.639736839667409
P07816,3,4.7,4.86306862632369
P07817,4,6.8,7.000938939727807
P07819,5,5.8,5.747005789049393
P07820,3,7.2,6.556170085407999
P07821,2,6.6,7.117746736065087
P07822,4,5.8,5.74845612871253
P07823,4,6.1,6.128542150976935
P07824,2,5.0,4.900717043268092
P07825,2,6.5,7.575552980692331
P07826,4,7.6,6.814022560110484
P07827,4,6.4,5.795180363335016
P07828,3,3.3,1.9760295548426687
P07829,5,6.4,6.413569688391301
P07830,5,4.4,5.746592673139432
P07831,3,8.2,7.862461382686234
P07832,4,4.4,5.605388768548522
P07833,4,5.2,6.884740258228269
P07834,5,5.0,5.939176592839045
P07836,1,5.2,6.772079368302511
P07837,5,7.6,7.102706325426917
P07838,5,7.5,7.539235641697841
P07841,1,7.1,6.905146089481692
P07842,3,4.5,4.635754096222518
P07843,5,8.9,7.667361806055177
P07844,2,5.8,5.720434369248851
P07846,5,8.2,8.739202330954637
P07847,5,7.4,6.489476446830506
P07848,2,5.9,5.321696607826453
P07849,4,7.9,8.01919554967041
P07850,4,7.2,5.466855458690794
P07851,1,5.6,4.672176772728788
P07853,3,5.8,6.168945652488911
P07854,1,3.8,4.615405128537951
P07855,3,7.0,6.373720570673156
P07856,2,6.4,6.392716692775834
P07857,2,3.7,4.090138558969359
P07858,1,5.6,6.426446303290435
P07859,3,4.9,4.846400986969348
P07860,1,3.1,4.6859598271568625
P07861,4,5.1,5.245225138751044
P07862,4,6.0,6.146391593477449
P07863,1,3.7,2.8165810395138187
P07865,3,6.6,5.142991719589907
P07866,2,6.3,5.065182679328053
P07868,1,5.1,3.594580637055184
P07869,3,7.0,7.011846743426528
P07870,3,3.2,4.345842928141824
P07871,4,4.1,4.939061553412759
P07872,3,6.2,6.22410666188821
P07873,2,8.4,7.931931209953395
P07874,5,8.7,8.039914126613496
P07875,3,3.0,3.258111439468351
P07876,2,8.7,7.952597119702885
P07877,3,3.3,3.7982481209271044
P07878,2,8.6,8.38966390724806
P07881,2,7.3,6.723809085856187
P07882,1,7.2,7.534309613999948
P07883,2,7.5,8.056961894867937
P07884,5,6.9,5.503864024371036
P07886,3,4.7,4.849656770998552
P07888,4,4.9,6.894529450391838
P07889,4,6.5,6.289967726548051
P07890,5,7.8,6.640486772322918
P07892,4,7.8,6.192272248663297
P07893,1,6.9,6.62232539938288
P07897,1,7.0,7.0630944665677715
P07898,4,5.2,6.719355077899441
P07899,4,4.5,4.724747594631676
P07900,1,7.2,7.622496733653169
P07901,1,3.7,6.146683105018406
P07903,5,5.7,5.507514720136547
P07904,1,9.2,8.604118391395556
P07905,1,6.8,7.012115612537714
P07908,3,4.2,5.2145666671652355
P07909,2,5.6,6.181816720555456
P07910,5,5.2,5.241033594884161
P07912,5,8.4,7.34215982637162
P07913,4,5.6,5.391509341354471
P07915,1,7.8,7.583201308609443
P07917,1,5.3,4.901788720216203
P07918,3,6.1,6.7548561490510135
P07919,1,5.5,7.6126208756757325
P07920,2,6.9,6.3024545551461255
P07921,2,3.6,4.11461262580064
P07922,3,7.0,6.671850403854738
P07923,4,3.0,3.1133281899904177
P07924,4,8.1,7.040420249424052
P07925,4,7.1,7.079519141122946
P07926,2,7.8,6.918192639851325
P07927,5,5.5,6.3686487261913864
P07928,1,7.3,5.544786632692333
P07929,5,5.5,5.543023853286769
P07930,5,3.7,4.306383960765062
P07931,3,6.3,7.095235066440294
P07933,4,7.6,8.599864062531326
P07934,3,6.1,6.340370910611915
P07935,2,9.1,7.609412017605838
P07936,5,6.6,6.470319347014306
P07937,3,7.2,7.625024853057841
P07938,2,5.6,6.0953911639637735
P07940,2,7.4,8.442175963925783
P07941,1,6.2,7.042622889019166
P07942,2,4.7,4.564832627332005
P07943,4,7.2,7.639666584264575
P07944,5,5.9,6.273215395241184
P07946,4,8.2,6.670120849802201
P07947,1,5.7,4.585129938058998
P07948,3,5.4,5.4253030631998795
P07949,3,4.2,3.8775139674210393
P07950,2,5.8,5.615544138441379
P07951,4,6.0,6.737041842417751
P07952,2,7.6,7.347700160110659
P07953,3,7.0,4.830654750565497
P07954,2,7.1,7.095272968099479
P07955,2,6.3,6.791965576374344
P07956,5,6.0,4.799318035024336
P07958,1,5.3,5.837108578082754
P07959,2,7.1,6.507238929082932
P07961,1,5.0,5.647956459514776
P07962,5,6.8,7.032703895269888
P07963,4,6.8,5.6130955621660625
P07964,2,8.3,7.686933252633615
P07965,4,7.7,7.7700940522994815
P07966,2,9.6,7.925054109350574
P07967,1,5.0,6.239361957891499
P07968,3,5.4,5.731054904367271
P07969,1,7.2,8.11028074009097
P07970,2,5.3,5.8233035510950035
P07971,2,6.7,6.715862363875968
P07972,1,5.4,5.634952302839755
P07974,4,3.8,3.563022561526271
P07975,1,2.4,4.670472134350521
P07976,1,7.0,7.347841375953057
P07977,4,6.2,7.172867509142714
P07978,4,6.0,4.911830343960326
P07979,5,2.4,4.233906940889343
P07981,2,7.1,5.173693570028482
P07982,5,5.6,6.874029496827179
P07983,1,7.2,5.167505036488352
P07984,5,3.9,3.1429899084797004
P07986,1,2.4,4.163142146924365
P07987,2,5.8,4.548027642237288
P07989,3,6.1,7.781410532429971
P07990,2,5.6,5.729194404623663
P07991,4,8.6,7.7137965032193385
P07992,3,4.7,5.33611448904423
P07993,5,3.3,3.7078196898031566
P07994,2,6.8,6.4529136566916305
P07995,2,4.4,5.149715306624928
P07997,4,4.7,6.321499207941533
P07998,2,6.2,6.4836030333680075
P07999,5,8.0,7.16790836774583
P08003,3,6.5,5.536762002471571
P08004,5,4.5,3.8638948258529675
P08005,1,8.3,7.2972791682708005
P08007,1,3.1,3.72981736340506
P08008,4,6.6,7.603954409701186
P08010,4,7.9,7.103288659986948
P08011,4,3.1,3.992366087860474
P08012,3,5.0,5.921516462678457
P08013,2,9.8,7.15330897459531
P08014,1,7.6,5.644220950777754
P08015,3,3.0,4.288134343846955
P08016,5,9.3,7.025713649802031
P08017,3,8.4,7.585815943746036
P08018,2,4.7,5.534973320898228
P08019,5,6.8,7.58132591680755
P08020,2,3.8,3.988405708171925
P08022,5,7.0,7.036238297836563
P08023,5,6.3,6.968208908749695
P08024,3,6.1,5.455032845777883
P08025,4,8.5,7.89054802855685
P08026,1,5.4,6.998204403170821
P08027,2,3.9,4.651795362303431
P08028,1,5.2,6.247316931511328
P08032,1,6.6,4.793376821805706
P08033,4,3.9,3.199702631679533
P08037,4,8.6,8.141466029806963
P08038,3,3.1,4.135328374666787
P08039,1,9.6,8.39838477623217
P08040,1,5.6,6.396386983969098
P08041,5,3.8,4.291645546478742
P08042,3,5.8,4.9191990670992185
P08043,1,9.4,7.856520912840473
P08045,4,5.8,6.839649205252667
P08046,1,6.1,5.60906728042585
P08047,5,3.2,4.177339614139236
P08048,3,8.5,6.819406940636483
P08049,2,7.9,8.648887772866264
P08051,1,4.7,4.607896918595568
P08052,5,7.8,7.673071796360391
P08053,1,5.1,6.385814403429467
P08054,3,9.4,7.595293170506559
P08055,5,4.3,5.32749982568987
P08056,1,5.4,6.544668775829572
P08057,3,6.7,6.484666688884375
P08058,5,3.6,4.223635177959576
P08059,1,5.0,6.566879647883492
P08061,5,5.4,5.864849366593971
P08062,5,3.9,4.372026097201255
P08066,3,9.0,7.402378006953376
P08067,2,5.2,5.98423588576504
P08069,5,5.9,5.91749321519605
P08071,1,2.9,3.9691267865689848
P08072,5,7.6,6.530453777132624
P08073,1,4.0,4.189029073192286
P08074,3,6.0,5.850498765478426
P08075,2,7.5,7.382433886656678
P08077,1,6.1,5.6540793594828465
P08078,5,5.1,5.945949987235289
P08079,1,7.9,6.607567521594244
P08080,2,6.9,6.607123839789906
P08082,1,8.6,7.3712560777751825
P08083,5,5.1,6.336455392371492
P08084,2,8.6,7.316401447231357
P08085,3,6.7,8.135752781984436
P08087,3,6.6,6.310855029006673
P08088,1,6.8,5.553010066714478
P08090,2,7.4,7.956633359409063
P08091,4,5.3,4.887446984632522
P08092,2,2.5,3.2005147963408107
P08093,3,4.3,4.441382344387949
P08094,5,8.4,7.4704861975807875
P08096,2,7.6,7.266571202044894
P08097,5,5.8,6.634244639769225
P08098,5,9.7,8.829688417505311
P08099,4,5.4,4.544556371193467
P08100,3,6.8,6.216980891432904
P08101,4,8.9,8.258709951469076
P08102,5,4.0,3.415363435765889
P08103,5,6.1,5.8554384201472915
P08104,4,5.2,6.039205486742642
P08105,3,2.7,3.17181246684619
P08106,2,6.2,6.36512283045006
P08107,2,6.9,7.084878075632702
P08108,2,4.3,4.702580510506758
P08109,5,9.5,7.84872364088175
P08111,1,5.9,6.307807660393067
P08112,1,5.4,5.721567651771394
P08113,3,5.8,6.41411796050091
P08114,5,9.8,8.285047315551049
P08115,5,6.9,6.892967655446789
P08116,5,7.8,7.764688944506227
P08117,4,5.0,6.6214082049231635
P08118,4,7.1,7.935610391492652
P08120,1,6.4,5.890790089574631
P08121,3,3.2,2.780220099969385
P08122,4,5.1,4.366344950392132
P08123,3,4.6,5.209228111079048
P08124,3,6.3,6.462270206458791
P08125,4,4.5,5.1471359194603385
P08126,5,9.0,8.585423842991373
P08127,2,4.8,3.7809307933749547
P08128,5,4.7,4.787190521773588
P08129,4,3.4,4.745804742412302
P08130,4,9.3,8.746801507271025
P08131,3,5.3,5.8952245609688765
P08132,1,6.4,5.92295108823416
P08133,5,5.6,6.966045836875946
P08135,5,8.4,7.015609245251058
P08136,5,8.3,7.288253768051985
P08137,3,5.7,5.913728528169027
P08139,2,3.6,3.208618637656798
P08140,2,6.3,5.578943730483863
P08142,4,5.4,4.890523615000491
P08144,4,7.6,7.311951679176599
P08145,2,3.7,4.221198257135375
P08147,5,3.1,4.8004727310736985
P08148,2,4.5,5.324591599601153
P08149,4,7.2,5.3098073354537565
P08150,1,7.0,6.318279896087624
P08151,4,6.4,6.181943458050281
P08153,5,4.6,5.629638006375007
P08154,5,4.4,4.214802143579086
P08155,4,7.7,7.24145969830463
P08156,4,5.7,5.8410754068297726
P08157,5,6.0,6.358567209858865
P08159,5,4.3,3.7748013227023605
P08160,2,7.0,7.166274409736887
P08161,5,3.5,2.506080394007579
P08162,1,6.4,6.220278137842268
P08163,4,9.8,8.363704192631143
P08164,5,6.1,4.067726452987678
P08165,2,9.3,8.150102796682578
P08166,1,4.6,4.727576100624021
P08167,2,6.4,5.781562372123627
P08168,3,8.1,6.3148452347427035
P08169,1,7.1,6.622525871351536
P08170,2,7.3,6.667544460347965
P08171,2,2.0,4.304106475821945
P08172,2,7.2,6.652258295387852
P08173,1,7.5,6.852367981197507
P08179,3,5.2,6.065129731645399
P08180,2,4.8,5.6811588481519015
P08182,2,6.0,7.256639204526548
P08183,3,4.8,5.4226635388653674
P08184,2,6.2,5.972114171834585
P08186,3,6.1,6.552809198282424
P08187,4,5.8,5.882405925472595
P08188,3,7.7,7.5238878000292235
P08189,4,7.8,7.824184748509577
P08190,2,6.5,4.643386430670692
P08191,5,6.5,7.134427373583298
P08192,1,7.4,7.570649835030438
P08194,4,7.4,6.640444110760557
P08195,4,4.9,3.6817591298025745
P08196,3,4.2,4.315169756291059
P08197,3,8.3,7.977786702185112
P08198,1,4.6,4.2789890738568594
P08200,2,5.2,5.039483823351924
P08202,3,5.2,6.311825908982167
P08205,3,4.9,4.138825396831182
P08206,4,6.3,6.071632208560477
P08208,3,7.8,6.736550788649712
P08209,3,4.7,5.3573888352934835
P08210,5,6.9,7.2440360871666165
P08211,2,4.6,5.595257278741299
P08212,5,8.0,7.843700138675787
P08213,2,6.8,7.1615257144561495
P08215,2,7.9,6.199308797298415
P08216,1,2.0,3.9395607440289524
P08217,1,5.4,4.748991354101377
P08218,5,2.2,3.018820044799767
P08219,2,3.6,4.494551180149601
P08221,5,4.1,4.7359676350716775
P08222,2,7.4,6.656449599018435
P08223,2,7.5,6.646867885914238
P08225,1,3.1,4.3980635003877415
P08226,1,6.0,5.438150253202374
P08227,2,6.0,6.919094191735697
P08229,5,8.5,7.435966595029253
P08230,1,6.7,6.341622537631949
P08232,4,5.8,5.577088103885548
P08233,1,6.5,6.204409201006174
P08234,1,6.9,6.462794121046306
P08236,1,7.1,6.453068308226276
P08237,4,7.1,7.0430528971109085
P08238,2,5.7,5.130542205379401
P08239,5,3.1,5.126527848081104
P08240,2,6.7,6.538552790862026
P08241,2,6.6,6.500940713117855
P08242,2,7.4,5.753876987422313
P08243,5,3.9,4.073235057757939
P08244,1,3.6,3.8965144253912025
P08245,1,8.3,8.035746572298338
P08246,5,5.9,6.36726948361966
P08247,3,6.1,7.222616512002781
P08248,3,5.0,5.9677752863070035
P08249,5,6.5,5.6844848669474315
P08250,1,8.4,7.302639853830076
P08251,3,4.1,3.7313304220272694
P08252,2,4.9,6.91990353906648
P08253,1,1.8,3.437736333958888
P08255,4,6.6,6.532692982893925
P08256,5,5.2,4.982721457324185
P08259,4,4.1,4.645570663217636
P08260,4,5.0,5.384418840597313
P08261,2,4.8,3.7950640778350775
P08262,1,3.8,5.01799432576646
P08263,3,7.9,7.121104795566314
P08264,4,6.9,7.102304914713986
P08266,2,4.6,4.797312428372401
P08267,5,7.1,7.114526810708907
P08268,4,7.7,6.246838669846218
P08269,2,6.9,7.180796814841511
P08270,3,6.9,6.113033534121106
P08271,4,5.1,6.479502494226844
P08272,2,9.0,7.360590925756309
P08273,1,6.6,5.176403267789494
P08274,1,8.8,8.299445229797577
P08275,5,6.0,5.9526904424651255
P08277,5,4.9,6.328244144813941
P08278,1,5.7,5.848660373299903
P08279,4,6.2,5.636505091891364
P08280,1,6.0,5.848104048678884
P08281,2,7.8,7.355403004630811
P08282,4,7.0,6.582041722897241
P08283,5,3.4,4.284799722742077
P08284,4,3.5,4.152329328241095
P08285,1,6.4,7.114822410802759
P08286,4,4.5,3.184000865865405
P08287,4,8.8,8.07484490130739
P08288,5,7.6,7.181537260286332
P08289,3,6.5,6.677536672618632
P08290,1,4.7,4.563954486184509
P08292,3,4.9,4.413718536653172
P08293,2,3.2,3.872720047414578
P08294,4,8.1,6.540192498392825
P08295,2,5.3,3.8052926341790436
P08298,5,7.4,7.306257664468914
P08299,1,5.3,6.483276945343357
P08300,1,5.6,5.533039808012995
P08301,5,5.2,5.83929290874854
P08302,5,6.0,5.347500766690796
P08303,2,4.8,4.183598897180644
P08304,4,6.6,6.120460078127462
P08305,4,6.6,6.400828392286398
P08306,1,6.8,6.625892827582453
P08307,4,3.9,4.073883223558436
P08308,3,4.7,4.174927708287653
P08309,1,6.5,5.639030846766932
P08310,2,7.3,7.5262902458714525
P08312,1,5.2,6.596034030762415
P08313,2,6.0,4.760630916036266
P08314,1,5.9,6.158675386916718
P08315,3,4.6,4.739417420021795
P08316,2,7.5,7.349235824880956
P08317,5,6.2,6.081241682775817
P08318,2,5.9,5.0071287674748985
P08319,1,6.3,6.162983169395058
P08320,1,5.9,6.880589187776699
P08321,5,5.3,6.117090639294208
P08322,5,5.7,7.231995741131586
P08323,2,6.9,7.2125426316051025
P08324,3,5.5,5.069518349801271
P08327,4,5.9,5.620896139344072
P08328,3,6.5,7.246501307062173
P08329,4,8.2,7.338580823177691
P08330,5,3.3,2.5656626726331644
P08331,4,5.7,6.408117254976538
P08332,1,6.6,6.093575578381398
P08333,5,8.5,6.955062319105629
P08334,5,7.4,6.32571625645526
P08335,2,7.7,5.892448843693649
P08336,1,4.7,5.574887604711675
P08337,1,6.4,5.8070006063588995
P08338,4,8.1,6.53036321734056
P08339,3,4.6,4.733214899280794
P08340,5,5.5,5.395340014444153
P08341,1,6.8,5.319463246864442
P08342,1,5.2,4.9146564805482935
P08344,3,5.9,5.885120089922574
P08345,3,7.4,7.6860580772485445
P08346,2,6.0,6.320506279574367
P08347,3,5.2,4.922705008913273
P08348,1,6.6,7.139878636323317
P08349,5,5.4,7.979877484284618
P08350,1,4.7,5.472604190044991
P08351,4,5.0,4.864169813098489
P08352,2,4.6,5.28478395519061
P08353,3,4.1,5.373165027316822
P08354,2,7.1,6.2701168512229835
P08355,1,5.1,4.952283241740735
P08356,3,5.8,6.504104852588933
P08357,5,4.4,3.4215214643293796
P08358,5,6.9,7.210198180759825
P08359,1,6.4,7.458879428301929
P08360,1,5.8,6.443374153601685
P08361,4,5.2,5.538989695272293
P08362,4,7.1,7.66174768697724
P08363,4,7.3,7.226203645863922
P08364,1,3.8,3.455982911279319
P08366,3,4.8,4.270178704254383
P08368,4,7.5,6.5323254191573135
P08369,4,4.9,5.945910535530235
P08370,5,3.1,3.2355856987078058
P08371,4,6.4,6.42159409835741
P08372,5,6.4,6.164630447666882
P08373,1,4.7,4.475942715613682
P08374,3,5.8,5.119754581322266
P08375,2,7.2,5.9593266223069135
P08376,3,6.4,6.875622876016134
P08377,2,9.8,8.974944197699003
P08378,3,5.3,6.165520091178374
P08379,2,7.4,7.120311896416595
P08382,4,6.1,6.646380760967095
P08383,5,6.4,5.622121374109395
P08384,4,3.1,2.5167197509246537
P08385,1,7.6,7.822601527176382
P08386,5,6.0,5.158701076905047
P08388,5,6.7,6.847269734141153
P08389,2,3.9,2.6765390273986704
P08390,1,9.5,6.75481775730891
P08391,5,4.8,5.574730221074595
P08392,1,6.3,4.8561137487717385
P08394,2,6.3,5.397947880189857
P08395,5,7.0,7.247424764124459
P08396,5,6.0,6.445955729605937
P08397,4,5.7,6.967048917836159
P08398,2,9.7,8.664848492291242
P08400,5,8.5,6.278226749742211
P08401,4,8.7,8.192704856172217
P08403,5,5.2,4.7643595709657856
P08404,1,7.4,6.704340657704377
P08405,1,6.1,6.105221008568793
P08407,2,6.7,4.650268335804451
P08408,1,6.4,6.827753605676868
P08409,3,6.0,6.194662666267988
P08410,5,4.6,3.7228817063645283
P08411,4,6.7,6.390615112747447
P08412,2,4.4,5.9505288015968105
P08413,1,6.1,5.223626357542146
P08414,3,3.0,4.72401945017904
P08415,3,6.4,7.181293255614607
P08416,2,7.9,7.408109084964872
P08417,5,5.9,5.0917425951375614
P08418,4,5.8,7.340678023254368
P08420,3,6.9,5.921197637203664
P08421,3,8.8,6.700555917799875
P08422,5,3.9,3.548363490648208
P08423,5,5.3,4.642860943286612
P08424,4,5.3,5.40827976214023
P08425,5,6.8,6.752468650172249
P08426,4,5.6,5.826276573302344
P08427,5,8.7,7.743335705280616
P08428,4,7.6,8.210129251157682
P08431,2,4.2,4.0428424145219655
P08432,5,3.3,5.5463296224157626
P08433,2,5.2,6.5011534771164365
P08434,5,4.7,6.341782913625609
P08435,4,6.4,6.5607498091970164
P08436,3,4.1,4.880082454606385
P08438,3,4.3,5.962477669023333
P08439,2,9.6,8.28417702623086
P08440,5,7.9,5.6986335517856315
P08442,5,8.1,7.287778552881769
P08443,2,5.5,5.090623270798076
P08444,3,5.1,5.336717927837314
P08445,3,6.9,7.101013084303542
P08446,5,2.6,3.4748298286238173
P08448,3,6.0,5.183985373795767
P08450,3,7.2,8.117398298192443
P08451,3,7.6,7.90615535627842
P08452,3,5.9,5.535550738975544
P08453,4,6.0,4.990253814626617
P08454,1,5.5,6.599963326846298
P08455,3,5.0,4.217323093113093
P08456,5,5.7,6.126001682283961
P08457,1,5.1,4.905145856695697
P08460,3,5.9,6.191721381649795
P08461,4,7.2,8.217809184978613
P08463,3,3.5,3.7219695443914733
P08468,2,5.7,6.226393400787172
P08469,4,6.8,6.535172849877684
P08470,3,7.0,6.360063408674818
P08471,4,5.8,6.6754742470710315
P08473,3,4.8,4.156592312923876
P08474,5,6.6,6.17271712113191
P08475,4,4.8,4.444210511702082
P08476,4,8.8,6.443843678333495
P08477,4,4.0,4.730438743829525
P08478,2,4.8,4.435032082059347
P08479,2,5.7,6.647150325701412
P08480,5,5.7,6.545064424018926
P08481,3,6.0,5.496873955022862
P08482,1,6.3,5.998780895933826
P08483,2,5.8,6.295095441847871
P08484,1,5.9,5.294755777662255
P08485,1,5.4,6.062221578241175
P08486,4,6.9,6.117962130815831
P08487,1,5.7,6.329240933925563
P08488,1,5.7,7.7786258936235075
P08489,3,5.1,6.531996707554811
P08490,3,7.2,7.954869080179739
P08491,4,8.1,7.432286308138955
P08495,3,5.4,5.038384680392098
P08496,5,4.9,4.8957943754316675
P08497,5,4.3,5.029006306382346
P08498,2,6.8,5.337130171333146
P08499,3,4.8,4.392699952393851
P08500,4,4.9,5.803054819465338
P08501,3,4.4,5.242693786166393
P08502,3,5.2,5.878044355190607
P08503,3,6.0,7.104112203870121
P08504,3,5.7,4.952371419540631
P08505,3,7.4,7.120894764020071
P08506,1,5.7,5.837335641409279
P08508,5,7.1,5.946283043278999
P08509,4,5.4,4.706392519765863
P08510,4,7.1,6.7038418225086325
P08511,3,6.6,5.996296934492657
P08512,5,5.4,5.3551312887769535
P08514,2,9.1,6.437109746020404
P08516,4,6.4,7.735100183331003
P08518,4,5.7,6.050120079737021
P08521,1,4.4,1.8198052347353348
P08522,1,6.7,6.1277253666707026
P08524,3,5.6,5.147523976912202
P08525,5,6.8,6.27042996888613
P08526,2,7.6,7.580289091486717
P08528,1,4.9,5.505582443162234
P08530,4,2.9,1.9800260072515306
P08532,3,3.1,4.7915480148841905
P08535,2,4.9,4.890208854008619
P08536,4,3.9,4.719470687420118
P08537,4,4.7,5.7324554460509525
P08538,4,4.3,4.6274778631392115
P08539,1,5.3,6.4102034083364705
P08541,1,6.3,5.818272504939334
P08542,1,5.3,6.764644469485046
P08543,3,2.9,2.8889506790742754
P08545,3,4.3,4.595713186082439
P08550,4,3.4,4.939882528771105
P08551,4,4.1,4.288246720796596
P08552,5,4.2,5.299832608797131
P08553,4,9.8,8.380647155257893
P08555,2,3.5,3.583538185420802
P08556,5,6.2,6.23335927365231
P08557,2,4.2,4.342898266453199
P08560,5,5.7,5.986311698151548
P08562,4,9.1,8.32531429945243
P08563,2,6.7,6.804315994425079
P08564,1,7.0,6.553170083333603
P08565,5,6.4,6.842916044032275
P08566,1,6.3,6.0796339330957565
P08568,4,7.7,6.9633116982941345
P08569,4,6.8,7.047326030043347
P08570,5,7.9,7.42264878040992
P08572,1,5.4,5.869155688097441
P08574,3,6.8,7.369709757031199
P08575,5,6.9,7.357728176896111
P08576,2,4.7,6.115265850581753
P08577,1,5.9,6.059002472171918
P08579,5,4.6,4.951596080351007
P08580,4,8.2,6.646462706579936
P08581,2,4.5,5.280959433608502
P08582,4,6.8,7.5305173811423005
P08583,3,2.8,3.737343946843478
P08584,5,4.3,5.828206908361581
P08585,4,9.2,8.439221957035855
P08586,5,5.0,5.295775170091181
P08587,3,9.4,7.484445767638729
P08588,5,5.3,5.322833924618078
P08590,5,3.4,5.236310912483832
P08593,1,9.3,8.45259150001284
P08594,3,3.8,3.2680874625410827
P08595,3,5.8,7.055427180287252
P08596,3,5.1,4.562932478443063
P08597,1,4.6,5.36127773454897
P08598,1,8.0,6.337059591604327
P08599,3,5.2,6.047375327374433
P08601,5,5.1,5.567684219278695
P08602,2,5.3,4.5700156009600725
P08605,1,7.5,7.6179709894639345
P08606,4,4.7,5.198117771864266
P08607,2,3.6,3.9963352836074346
P08608,4,4.1,5.308147532280521
P08609,1,5.6,6.1440962867348015
P08610,2,4.0,4.560551246346538
P08611,5,5.6,6.4828446279821685
P08613,3,5.4,7.246509861086711
P08614,5,8.2,7.122183477258813
P08615,4,3.8,7.604453233450853
P08616,5,7.5,7.866458330003665
P08617,3,4.5,3.547854293340593
P08618,3,6.4,6.143619542157805
P08620,1,4.0,4.003014418662607
P08621,1,7.6,6.470266946306477
P08623,1,7.6,7.963203848041957
P08624,2,4.0,5.406808554272661
P08625,2,5.3,4.890512364489171
P08626,4,2.7,3.8346815028566406
P08627,5,5.3,5.118613868461538
P08628,1,6.6,6.149473307817036
P08629,3,9.5,6.489197926131622
P08630,2,8.8,7.562357940787681
P08631,2,5.0,5.282740299980176
P08632,5,6.2,5.301117077787701
P08635,5,6.5,5.234742402719926
P08636,5,7.4,6.38461582661854
P08637,3,7.2,7.980621281137689
P08639,2,6.2,6.711271709269406
P08640,3,3.9,4.4847659056299145
P08642,5,4.5,5.071757368009847
P08643,4,6.5,7.187413647365275
P08644,2,7.0,6.909139771126897
P08645,4,7.8,7.018201823287719
P08646,2,5.0,5.112426035067503
P08649,2,4.1,5.34664777335283
P08650,4,5.6,5.868016386183652
P08652,5,4.8,4.9785965991345895
P08654,5,4.4,5.161456056631741
P08655,5,8.8,7.672844609844318
P08656,1,5.2,5.736908750033511
P08658,1,5.4,5.582438059115595
P08659,4,6.5,5.456232565098965
P08662,4,5.7,4.969598769005625
P08663,4,4.3,5.313167699714915
P08664,3,6.5,6.536403807404385
P08665,3,3.2,3.972334350373528
P08666,1,4.5,5.6603463306571875
P08667,2,3.1,3.274519560328878
P08668,5,8.0,8.51126988281969
P08669,5,7.0,6.227396165369236
P08670,1,6.3,6.63353349319763
P08671,2,6.3,5.260790202705664
P08672,5,6.3,5.53032998224329
P08673,3,5.0,5.651063819392938
P08674,5,8.4,8.023367294724377
P08675,3,8.7,8.059420886403192
P08676,4,8.0,8.037348526398976
P08677,3,8.9,8.008215235465604
P08678,2,8.3,7.723971169144889
P08679,1,8.7,7.691837825285747
P08682,3,9.2,7.5046640649967955
P08683,5,6.7,5.998364987830633
P08685,1,9.5,7.501499872298744
P08687,1,5.7,6.482268615068111
P08688,5,4.5,5.749136164577697
P08689,3,6.7,6.2668804900931985
P08690,2,7.8,7.667998746107342
P08692,2,7.5,6.230496533761491
P08694,1,4.6,4.567686201015986
P08695,1,6.1,6.187989406878189
P08696,5,6.0,6.104805641838099
P08697,4,5.8,6.12207660598421
P08698,2,9.1,7.259580248400446
P08702,2,6.2,7.720294111073498
P08703,2,4.5,5.4307775653882375
P08704,5,6.5,6.402292641572075
P08705,1,7.5,7.3755795673324105
P08706,3,2.6,4.274305239903288
P08707,2,5.4,5.486630610527875
P08709,2,6.9,7.702822032849184
P08710,1,6.0,6.365448408307995
P08711,1,6.1,7.465894615976323
P08712,3,8.2,8.046444561777498
P08714,5,3.4,4.034873890040867
P08715,2,5.4,6.950719958692068
P08716,1,5.8,6.889375537994569
P08717,3,5.2,6.03994195759426
P08718,4,7.1,7.311117325601418
P08719,2,6.4,7.055986397332367
P08720,5,5.8,5.843711790211825
P08721,3,8.9,6.702195149945139
P08722,2,6.2,5.884504097087301
P08723,5,7.0,6.708957628685712
P08724,5,4.2,6.453301765237604
P08725,1,7.8,5.9919052662836565
P08726,1,5.3,4.717985569301076
P08727,2,2.7,4.332810427814698
P08729,4,2.9,3.1135931901631277
P08730,1,6.8,7.0229467084900286
P08731,4,7.1,6.349458010836557
P08733,5,4.3,4.394204487459811
P08735,1,5.6,5.646423539497999
P08736,3,6.6,7.14278811127096
P08737,1,9.4,7.440985855501004
P08738,5,4.9,4.749786440116147
P08740,2,6.1,5.4621516978716365
P08741,2,3.4,4.096709128490151
P08744,4,5.2,5.5209979972735175
P08745,3,8.5,6.6185904009154415
P08746,5,4.4,3.6392146305561495
P08747,4,3.2,3.460740713500886
P08748,5,5.9,5.6529817870052375
P08749,4,4.9,3.4459832387363365
P08750,1,4.7,4.333871756565186
P08751,2,6.4,5.854324625575608
P08753,2,3.5,4.091787970211292
P08754,1,9.2,7.455451744976183
P08755,5,8.2,7.040822937058732
P08756,5,6.7,5.772766566632439
P08757,5,7.0,5.8309376276070966
P08758,2,7.7,6.758161332309739
P08759,2,5.2,5.780048446309897
P08762,4,5.9,6.056628818331841
P08763,4,3.5,4.3487780529676385
P08764,2,2.6,4.5982541886997685
P08765,5,6.8,6.188735508305544
P08767,4,5.8,6.670496343756247
P08768,3,5.8,5.328110043938937
P08769,4,7.1,5.970833638106284
P08770,2,8.3,7.700025083768018
P08772,5,7.2,5.303342797374116
P08773,4,6.2,7.2617838777096
P08774,1,6.7,6.284696692737903
P08775,5,6.8,7.327266841080843
P08776,3,4.5,5.204667400586507
P08777,3,3.5,4.372825933366991
P08778,5,3.7,4.403644105191789
P08779,1,5.9,6.099754664825787
P08780,2,4.6,4.289611144122736
P08781,5,7.6,6.683469129778803
P08782,5,2.4,2.9952167482466128
P08783,3,6.4,7.391919140891928
P08785,2,6.4,5.682127073686625
P08786,4,3.7,5.1804443657586035
P08787,2,6.2,5.660376595788298
P08788,1,6.0,6.172435639965001
P08789,2,5.4,6.873803964597506
P08790,1,6.4,7.671822163097256
P08791,1,6.6,5.496490805073081
P08792,4,5.7,6.777625282947259
P08793,2,4.4,5.919698814759024
P08795,2,7.2,7.194407305795132
P08796,1,6.8,8.21679251350541
P08798,1,7.4,5.915337675985052
P08799,1,8.0,7.773485132450323
P08800,1,3.0,1.3798378172298422
P08801,2,7.7,7.592589646276182
P08802,1,7.6,6.516525501487288
P08804,5,6.4,5.161436935940229
P08805,4,4.0,5.2130587809734426
P08807,5,5.4,4.9398589233851435
P08808,5,8.1,6.834996528808114
P08809,2,6.8,5.733178914154831
P08810,5,6.0,7.925008208932145
P08811,3,7.7,7.966505982887425
P08812,2,6.1,7.0907117725656255
P08813,2,7.1,7.036682850116258
P08814,1,6.2,6.052210298416226
P08815,2,5.7,5.047665356467163
P08816,2,5.6,6.66091803958002
P08819,1,5.5,6.429783591111794
P08821,1,5.6,6.3021926180339545
P08822,1,8.4,7.2339745814412515
P08823,4,5.8,6.92893668099509
P08827,5,4.0,4.691482049278556
P08831,3,5.8,6.700159458462631
P08832,4,6.9,6.35990085251193
P08833,4,6.4,6.707989035220946
P08834,2,5.2,5.576003511742872
P08835,4,6.6,5.445559476978416
P08836,4,5.4,5.762271189104941
P08838,4,7.5,6.796787663731816
P08839,2,5.7,6.878848580179898
P08840,2,5.9,5.673373338497251
P08841,3,8.7,7.215328300020506
P08842,4,3.4,4.04779532089037
P08843,5,8.3,7.590056896940175
P08844,1,5.6,6.081915345944943
P08845,3,6.1,5.196834444185823
P08846,5,6.1,6.261992524532849
P08847,2,6.8,6.741513358869717
P08848,5,3.8,2.6076262783376354
P08849,4,7.5,7.98318642732305
P08851,2,8.6,7.8902270903927265
P08852,5,7.1,5.875124885919132
P08853,3,3.7,4.742009633540578
P08854,3,8.1,6.990279426137775
P08855,3,9.3,7.044566544142673
P08856,5,5.8,6.510425265191972
P08857,5,6.4,5.794577711152122
P08858,1,6.6,7.145266279358986
P08859,4,2.9,3.318054660523474
P08861,3,7.2,5.796036454576828
P08862,4,3.5,3.8669744806790236
P08863,2,6.8,5.1350373351286
P08864,1,6.8,6.739808003057421
P08865,1,9.3,8.105901222071445
P08867,3,4.8,5.192946966294946
P08868,1,6.7,5.712632614957002
P08870,3,6.4,5.739737730670663
P08871,5,7.9,6.50668358352929
P08872,3,5.8,7.052820622666761
P08873,4,6.9,7.213124434651659
P08874,5,6.9,7.466250509226305
P08875,3,5.8,6.763920461765097
P08876,2,5.5,6.659933133335771
P08877,2,4.1,5.223810831928933
P08878,1,7.3,8.413907142966895
P08879,3,5.2,6.663342564897116
P08882,3,5.9,5.447338559545709
P08883,2,6.2,6.279820260006377
P08884,3,5.9,5.576694359147911
P08885,4,1.7,3.0964543124108506
P08886,4,5.4,5.192867673514157
P08887,4,6.7,6.8530622000809345
P08888,1,6.0,5.196964163120386
P08889,4,4.8,5.255662363039025
P08890,5,6.5,5.5745043484504535
P08891,1,6.5,6.124761785771148
P08892,2,5.5,6.534324108236635
P08893,5,7.5,5.827287404715237
P08894,3,4.2,4.293308626707325
P08896,2,5.7,6.1913929303000925
P08897,4,6.7,6.165696061436706
P08900,3,6.6,7.091996314549803
P08901,2,8.0,7.0914050554873125
P08902,3,6.6,7.4611693615473555
P08903,4,5.8,5.980374197252025
P08904,2,2.2,3.661287890680133
P08905,2,5.2,6.020954259939268
P08906,2,7.5,6.024162938483259
P08908,3,6.4,5.93802478848547
P08909,2,7.7,6.58476733862033
P08910,3,5.8,6.8494418409260165
P08911,1,4.8,5.691862043454382
P08914,2,9.4,8.12362200156365
P08915,1,5.5,6.267518050171547
P08916,3,2.8,3.340941778989935
P08917,3,5.0,6.256482691973266
P08918,2,3.6,4.474744182561434
P08920,4,8.3,6.1498481855789136
P08921,5,2.7,3.156460937144044
P08922,1,5.4,6.554854543391294
P08923,2,6.9,6.367805172488989
P08926,2,6.2,5.858303117165684
P08927,1,8.8,6.699321213090605
P08929,1,7.0,7.00786590912353
P08931,1,6.8,8.42292777369869
P08932,4,7.2,6.60211509207667
P08933,1,6.5,7.305904166341124
P08934,4,5.9,5.590067156346947
P08935,3,7.6,6.511253314212365
P08936,1,3.8,4.145501099057367
P08937,2,9.4,8.50054123780621
P08938,1,5.7,5.566118581680705
P08939,4,7.0,6.10364635676261
P08940,2,3.0,3.6543311271596757
P08943,4,5.3,7.093561848352085
P08944,2,6.9,7.748843966567197
P08945,5,7.0,6.125980536141662
P08946,1,6.8,7.2011461182962435
P08947,1,5.7,7.288512776102271
P08948,3,7.1,6.622616705041474
P08949,3,8.9,7.723697813195141
P08950,3,6.7,4.435909883244474
P08951,4,4.5,4.992024987923453
P08953,3,5.0,5.726881910608399
P08955,2,3.3,3.9923676091521814
P08956,3,8.0,6.882953303728842
P08957,2,4.1,4.086994040841816
P08958,4,7.0,5.402702923752905
P08959,4,6.6,6.745114840142105
P08960,5,3.1,2.7207179331101483
P08961,1,5.2,4.547638067262592
P08962,4,5.2,6.937792369185686
P08963,4,8.9,7.637652280959324
P08966,4,8.5,7.0983101708152825
P08967,4,4.8,3.385362942808018
P08968,5,6.2,6.216905434491757
P08970,2,3.1,4.0462878809332725
P08971,4,7.4,7.1883684735121545
P08972,4,5.5,5.268407928325455
P08973,4,5.8,6.1413186735944025
P08974,3,7.0,6.836401876688173
P08975,4,5.7,6.142812088889955
P08977,4,6.5,4.937870115171727
P08978,4,6.8,8.150466333629067
P08979,3,7.3,5.696206912916729
P08980,3,4.9,5.367181099769238
P08981,2,6.6,6.0483921962904965
P08982,1,5.9,4.503265977516867
P08983,5,6.2,7.164133767595163
P08984,4,7.6,6.582185171145512
P08985,1,7.6,7.306963708433981
P08987,1,5.4,6.532475689053951
P08988,3,7.1,6.972742544776071
P08989,2,6.6,5.083491060804606
P08991,2,6.7,5.639559067143382
P08992,3,7.7,7.195347987446311
P08993,4,6.1,6.104275515593921
P08994,4,4.9,6.160677320045952
P08995,5,5.7,6.728415666261872
P08996,3,8.4,6.812719886419456
P09000,5,6.4,5.6462804601286045
P09001,1,6.5,6.9151612432383995
P09002,5,7.0,6.970585917261222
P09003,1,3.1,3.212103133810391
P09005,5,5.2,6.02532627145598
P09006,5,4.3,4.208483612556563
P09007,3,9.5,7.13911257325462
P09008,1,6.3,6.637660385978892
P09009,4,7.5,7.044819125763112
P09010,4,3.4,2.769859317029711
P09011,3,7.7,6.585677822514534
P09014,4,7.5,7.023725242593054
P09015,2,5.4,4.816767611201832
P09016,1,6.1,4.8578853061971135
P09017,4,4.9,5.056854337823706
P09018,2,6.4,6.362689047881376
P09019,2,4.0,3.555049674630724
P09020,5,4.1,5.157589013682273
P09022,1,6.2,5.970779042655367
P09023,1,2.6,2.5645417139490303
P09024,5,7.9,6.765914164861903
P09025,1,6.3,4.919668841757581
P09026,5,5.1,4.303236881877536
P09027,2,8.2,6.939431064502161
P09028,3,5.2,4.028346327337006
P09029,1,6.3,5.450860996411188
P09030,5,6.2,6.544086335571972
P09031,5,3.8,3.5229798612784764
P09032,2,4.5,3.6527765900782256
P09033,3,6.5,6.481583362295762
P09035,5,5.0,5.703894201773605
P09036,4,5.7,5.609910566966052
P09037,2,5.2,5.244103127991352
P09040,3,5.9,6.4095094265994526
P09041,2,7.5,5.804495658052224
P09042,5,5.3,5.759259214376331
P09044,5,3.9,4.369860669873068
P09046,2,6.5,6.810080267403369
P09047,3,5.7,6.135898638553666
P09048,3,9.1,8.44746843445112
P09049,5,7.6,6.451654729620093
P09051,1,6.4,4.992276966065089
P09052,1,6.1,6.1472774240437005
P09053,4,6.7,6.52664264209921
P09055,1,5.4,6.339391928201596
P09057,2,5.0,5.336274491608167
P09058,3,5.2,4.561590120913788
P09059,4,6.2,5.113146498279477
P09060,3,4.8,5.207023866255495
P09063,4,8.2,8.220930267544006
P09064,1,6.9,6.025607363938868
P09065,4,6.1,6.267539257042201
P09066,3,6.1,6.469203275395499
P09067,4,7.0,7.080687646745605
P09070,5,4.7,4.822972174781265
P09072,1,5.9,6.508390618164599
P09073,3,3.0,3.880394878996019
P09074,3,4.9,5.19858772167367
P09075,1,7.4,6.042338109950972
P09076,2,5.4,6.027883225496863
P09079,1,7.2,6.95640918428172
P09080,2,9.2,5.863703479427527
P09081,1,4.1,6.280893216286402
P09082,3,3.2,2.78172781982148
P09083,1,5.1,4.5808648556485885
P09084,2,3.9,2.8348072445660444
P09086,4,4.8,4.851245873829992
P09087,3,5.9,5.462451183962203
P09090,2,5.6,6.106068177923774
P09091,4,4.7,4.64673965336976
P09092,3,7.2,7.595660640222568
P09093,1,7.8,7.097729762092534
P09094,4,7.8,5.450561998234719
P09098,2,7.0,6.101947869205494
P09099,4,7.8,8.063714276957914
P09100,5,8.3,7.314037066601822
P09101,5,6.0,6.803436957866293
P09102,5,5.8,5.498754798599811
P09104,4,6.5,5.210530129072568
P09105,3,8.1,7.300569693348666
P09106,1,6.5,6.2814598083764555
P09107,2,7.1,6.809349437480463
P09108,2,3.6,3.801014474042277
P09109,1,6.0,6.219101808541399
P09110,3,6.8,6.1574250311804555
P09111,4,4.8,4.311029939494605
P09112,5,6.3,5.028990354997444
P09113,4,4.3,4.273941830367031
P09114,5,5.5,4.745615045068166
P09115,5,8.8,7.748448753741683
P09117,3,5.8,6.02984724703938
P09118,1,8.1,7.60606558502746
P09119,1,4.0,4.602797224336668
P09120,3,8.5,8.15771254281167
P09121,5,7.5,6.312076168092149
P09123,3,6.6,5.566568698884097
P09124,1,3.6,2.4009948087000113
P09125,2,9.5,7.1785819288920685
P09126,2,7.7,7.463475423142962
P09128,2,2.4,2.1865738868983757
P09129,5,4.9,4.806684313232573
P09131,5,5.2,5.896719771578925
P09132,4,7.0,7.2359316389062736
P09133,3,4.9,4.245938890943844
P09135,5,5.4,6.171426046899044
P09136,4,8.8,7.4797740768188765
P09137,2,7.7,6.613058011438711
P09138,3,7.1,5.7855397708878185
P09139,3,4.9,5.096683536983212
P09140,2,3.1,2.578947292069568
P09141,1,4.3,4.377684401921506
P09142,5,4.9,4.794816923663511
P09143,1,6.6,5.130257464066424
P09144,5,6.0,7.351990842737199
P09145,5,5.2,6.689598212727525
P09146,4,6.4,5.953919714591929
P09147,4,5.7,5.529615675747168
P09148,4,4.7,5.5838386273970215
P09149,3,8.5,7.728436749648987
P09150,3,4.1,4.63962822467491
P09151,2,3.8,4.396406973602925
P09152,3,7.9,8.108395577362796
P09153,1,9.2,8.677069615212742
P09154,1,7.9,6.155837716646672
P09155,3,7.2,6.939854910855352
P09156,3,7.0,6.597066495032544
P09157,2,7.4,6.151626499683492
P09158,5,6.9,5.544619425408584
P09159,1,7.7,6.46810122811327
P09161,4,5.0,4.9342912146899955
P09162,2,6.2,6.1190800588038154
P09163,5,5.2,5.798471604500987
P09165,4,5.2,5.9822482619027815
P09166,3,7.0,8.58241376214448
P09167,2,4.8,4.814539265654474
P09168,4,5.7,6.0356254283048205
P09169,1,8.4,7.478822913827335
P09170,1,8.0,6.118424263441092
P09171,3,5.2,5.578363314907098
P09172,2,4.6,5.0966659373177965
P09173,4,6.8,6.9472572842332045
P09174,5,5.1,4.923462700060686
P09176,1,5.8,5.006916589601726
P09178,1,6.0,6.023710497928773
P09179,1,7.6,7.880604195039283
P09180,2,3.7,4.000864854278382
P09181,1,6.0,6.636445210258909
P09183,4,4.8,5.678372667133942
P09185,4,9.4,6.339953471122907
P09186,2,7.0,8.055399467033723
P09187,5,7.9,7.640220583513082
P09188,3,7.0,6.430556213826009
P09190,2,6.0,7.530938780062978
P09191,4,5.7,4.893874455240223
P09192,1,7.4,7.683179657899579
P09193,2,2.5,4.199089405530552
P09194,3,5.0,5.391243731753323
P09195,3,6.8,6.1214571596647875
P09198,2,7.9,7.568581619997243
P09199,1,2.5,4.013793910930287
P09200,3,6.6,6.876352831150776
P09201,1,5.4,6.1095550865496016
P09202,3,2.8,3.5889884490524935
P09203,5,8.0,7.106733858951961
P09204,4,4.8,5.1252665764815415
P09205,3,8.9,7.109061304558236
P09207,2,5.4,5.610489461555358
P09210,5,5.0,4.655736314126211
P09211,5,4.4,4.736868625341787
P09213,1,3.9,4.774753434963075
P09214,5,6.1,5.067660234381176
P09215,1,5.5,5.315927085217451
P09216,4,4.9,4.217850239648183
P09217,4,5.0,5.870589246482944
P09219,3,5.4,4.909794025573635
P09220,2,7.4,6.433638945719578
P09221,4,6.4,7.339366007206671
P09223,3,7.2,7.410552920628798
P09224,1,4.4,5.345389668578258
P09225,3,6.8,7.116649575725612
P09227,4,6.8,7.597032287616923
P09228,2,2.5,3.2243770126936613
P09229,2,7.1,6.636256795520977
P09232,3,4.4,4.4474404449980325
P09233,5,2.1,0.6361764045736678
P09234,2,5.1,6.311975950719986
P09235,2,6.4,7.080037550057051
P09236,4,4.5,5.558802025045774
P09237,4,4.9,5.293583245200428
P09238,2,4.7,5.096852552133668
P09239,4,4.5,4.212182219889803
P09240,3,6.9,5.354576856298932
P09242,1,6.3,5.27601230394738
P09243,3,7.3,6.323587191260036
P09244,3,7.0,7.370917088247827
P09245,1,5.3,7.055091118579997
P09247,3,3.9,4.614565482945326
P09249,5,8.3,7.868326687624716
P09250,1,8.0,8.295151059881897
P09251,5,8.1,7.1329831892468984
P09252,1,6.4,7.244393831713626
P09253,4,5.6,6.710128857233145
P09254,1,5.8,7.040738970623283
P09255,1,4.3,3.440925650715157
P09256,5,4.7,4.54878150617783
P09257,5,8.9,7.3942914392811385
P09258,4,4.1,2.618518005737198
P09259,5,3.6,4.158442871019155
P09260,3,7.2,6.606514530055495
P09261,2,5.2,6.275730548810947
P09262,1,8.6,7.970343267528481
P09265,2,5.4,5.508122111534596
P09266,5,3.8,5.03613796985005
P09267,3,6.5,7.7951894943226705
P09268,3,4.9,4.1897474419786525
P09269,3,2.7,4.284098928213682
P09270,3,6.8,5.8551023309734305
P09271,5,4.9,4.425184208262852
P09272,1,5.1,5.487374144234346
P09273,1,5.0,6.21330751282424
P09274,3,5.8,5.893124284239324
P09275,3,6.5,6.133724348683393
P09276,2,3.9,3.2382559710899694
P09278,5,8.9,6.344819379878765
P09279,5,6.2,6.428603432966683
P09280,4,5.3,6.408454058926935
P09282,3,7.3,6.308069715118555
P09283,5,6.3,6.7692380525064655
P09285,1,7.3,5.971676679710498
P09286,1,6.2,5.7065550688799975
P09288,4,7.8,7.704137103183378
P09291,3,7.6,6.858631327183388
P09292,4,6.0,6.777924183473029
P09293,5,4.7,4.372737220254686
P09294,4,6.7,6.137956016494039
P09295,5,8.1,7.030437038445278
P09296,2,6.5,5.663522382399443
P09298,5,6.1,6.688211528476506
P09299,1,5.7,6.8695181640691985
P09301,3,6.8,6.614105623003514
P09302,2,4.7,5.06499755025401
P09303,5,3.2,3.922862335174224
P09305,1,3.1,3.8146327943607674
P09306,3,6.9,6.216767651498935
P09307,4,6.4,7.161716073608572
P09308,5,5.6,7.40333256099987
P09310,1,6.3,5.881530297548298
P09311,1,8.7,7.946795910375494
P09312,3,5.3,5.692388469477309
P09313,3,6.4,7.346557801555195
P09314,4,9.6,7.109608065018045
P09315,2,6.6,6.849969978339687
P09316,3,6.2,5.404855614420729
P09317,1,7.4,5.893143707919142
P09318,2,6.8,7.651885470461694
P09319,3,9.6,7.691791824037343
P09320,2,7.3,6.278876150260877
P09322,3,5.5,7.080453189273067
P09323,3,4.9,5.833817407066383
P09324,4,8.0,7.69580199769716
P09325,2,3.8,3.691039074699447
P09326,1,5.7,4.97716388260643
P09327,5,4.4,5.65564635668414
P09328,3,5.3,5.164510336870494
P09329,5,4.9,4.756434162375044
P09330,3,8.5,7.05038056840154
P09333,1,5.8,6.961489680064975
P09334,4,6.8,7.200577827264891
P09335,4,2.6,3.6489919549802643
P09336,5,6.5,7.034627161167377
P09337,4,3.0,4.172923464299593
P09341,2,7.0,6.422232852213223
P09342,1,6.6,6.151167887333242
P09343,2,3.1,3.084811834123404
P09344,5,3.5,4.530428170132234
P09345,3,4.5,4.967957819596996
P09346,5,8.5,7.3309152910129285
P09347,5,5.0,5.243038785432813
P09348,3,3.4,4.470972554721827
P09349,4,7.3,8.048826701947588
P09350,5,6.6,6.178342167846129
P09351,5,6.8,4.827509967807211
P09352,1,4.1,5.407072101854123
P09353,5,4.7,5.69613098314512
P09354,4,5.8,6.046504218903308
P09356,2,2.3,4.381331625943344
P09357,4,4.6,4.6732276808277255
P09358,4,4.5,5.676235599635046
P09360,3,5.0,4.680904751241689
P09361,4,4.6,4.617779982498323
P09363,2,5.2,6.60287790974667
P09364,1,5.2,5.860660951673195
P09365,3,3.7,5.643660982352686
P09366,1,7.5,6.3012726933443055
P09367,2,6.0,6.637889774571044
P09369,4,5.4,5.130102673081286
P09371,3,7.9,7.710661083094541
P09372,5,5.3,6.1034222842237895
P09375,1,6.4,6.6673560322952525
P09376,3,5.1,5.042986420964583
P09377,3,3.3,3.1725534217673474
P09378,5,6.8,7.036885979302802
P09380,2,7.2,7.346394730562741
P09381,3,6.4,7.004616628348007
P09383,2,9.5,8.276416462941025
P09385,4,7.5,7.360346872626228
P09387,5,8.1,6.222248792998293
P09388,5,6.1,6.056612250779889
P09390,5,5.2,5.569078984359112
P09392,3,5.3,6.155676301280517
P09393,5,4.2,4.691274762858884
P09394,4,7.7,7.620048373525144
P09395,5,3.2,4.6812193185917685
P09396,3,5.7,5.302834387684812
P09399,5,6.2,6.294743276299267
P09400,1,6.9,6.633025880134479
P09401,2,8.0,7.513638906026471
P09402,5,5.7,5.698070897434708
P09404,2,8.6,7.9124712829464325
P09406,5,6.3,6.564154240487847
P09407,2,4.8,4.586181423198591
P09408,3,7.5,7.077793641997181
P09410,3,8.6,8.573726745419131
P09411,1,6.4,6.841922389697495
P09412,2,4.1,3.6224722607074993
P09413,4,5.0,5.3904410064550925
P09414,4,8.0,6.521207864210412
P09415,4,9.0,7.370564466150327
P09416,5,7.1,7.610267879371509
P09417,5,2.9,4.588495328189595
P09419,3,8.9,6.646138295638577
P09420,3,7.2,7.541243904004316
P09421,1,9.7,8.15770423386403
P09422,4,5.4,4.779438664032902
P09424,5,2.6,4.772220611650214
P09425,4,5.9,6.563118977135641
P09426,2,4.4,6.126326346186359
P09427,5,4.8,4.937822591703673
P09428,4,8.8,7.6153544296167155
P09429,4,7.0,6.331581445431182
P09430,1,7.0,5.093463275827165
P09431,3,6.3,6.038758539018385
P09433,1,7.3,7.3599052853681055
P09434,1,5.1,5.153176468249835
P09435,2,6.8,7.330277923271209
P09436,3,5.7,4.665812184545995
P09437,2,7.1,6.059312957570704
P09438,4,5.8,5.495472959456522
P09439,5,6.0,5.309036587822074
P09440,2,3.3,4.968244121046112
P09441,2,3.4,3.4978244999943557
P09442,3,6.4,6.514050308879456
P09443,1,7.2,6.728475912054061
P09444,5,5.1,4.771791891405021
P09445,2,3.7,2.277382004204028
P09448,2,4.8,4.545430152483105
P09449,1,4.4,5.379624205146897
P09450,1,3.9,3.5942872093993743
P09451,3,7.6,7.398796440925063
P09452,4,5.8,6.511767645935762
P09453,1,6.1,7.401059058352029
P09454,4,2.2,3.225953884495281
P09455,4,6.6,6.304228312007604
P09456,2,5.9,5.3914399629646095
P09457,5,6.1,5.824054184972514
P09458,4,4.2,3.688779325402189
P09459,5,8.0,7.448911887395145
P09460,5,5.8,5.7648347840301195
P09461,2,6.0,5.8308428771003245
P09462,3,7.3,6.9539983827148575
P09463,5,4.2,4.736401779259867
P09464,1,9.4,7.881831563879038
P09465,2,5.9,6.361252511785228
P09467,2,2.9,3.4700671157025447
P09469,2,7.2,6.343878803560645
P09470,3,7.7,6.050548988365692
P09472,2,3.8,4.47076201230082
P09473,1,6.0,6.174548915907032
P09474,4,7.4,7.196117899911619
P09475,3,5.0,6.935955536520797
P09476,3,5.1,4.450666708714982
P09478,2,5.8,7.414010664317252
P09479,5,4.6,4.969965039010505
P09481,1,5.4,6.475200720608239
P09482,4,6.1,6.674408570364449
P09483,4,6.3,7.110728252416886
P09484,4,7.5,6.7785156346642035
P09485,1,6.5,6.189633562150179
P09486,3,7.6,6.056817017263157
P09487,3,5.3,5.438944557978117
P09488,2,7.2,6.681916584826219
P09489,1,6.5,6.107423721928967
P09490,2,5.2,5.24882273500871
P09491,4,4.0,3.7494583008274573
P09492,1,6.5,6.146935452372985
P09494,3,5.1,6.0475227980283
P09495,4,6.4,7.045516391045241
P09496,5,5.2,6.651707255434854
P09497,2,6.7,4.998520055773032
P09498,1,7.8,7.26757607649112
P09501,3,8.7,7.644940484246648
P09502,4,6.6,6.5380287679809515
P09503,1,9.5,7.609991339685692
P09504,3,8.1,6.56558914390009
P09505,2,4.4,5.725797259469352
P09506,2,5.1,5.1807287794230215
P09508,1,2.4,3.22400106306565
P09510,1,4.2,4.3932782813764275
P09511,4,6.4,6.800465233681181
P09513,1,7.6,5.725109308124539
P09514,1,8.2,6.875038926321294
P09515,5,4.8,4.191441363810728
P09516,3,7.2,6.553054699064185
P09518,5,5.4,5.666645894434838
P09520,2,1.0,2.232995138123751
P09521,5,7.3,7.343616215049584
P09523,4,5.9,5.9089407568186685
P09524,3,7.9,7.940209102411262
P09525,1,4.2,4.311358533507948
P09526,1,8.5,7.003114262492856
P09527,2,3.6,3.369630304903362
P09528,2,4.5,5.330877652295913
P09531,2,4.3,3.334964451553268
P09532,3,4.5,5.117911691518489
P09534,5,5.4,5.1850142540346855
P09535,5,8.3,7.420294654303625
P09536,3,8.2,6.790602941856771
P09537,2,7.6,7.329127312688197
P09538,4,4.4,4.891037587480076
P09539,3,4.8,6.688940976365424
P09540,2,5.0,6.02269098590416
P09541,1,3.8,4.471090652600147
P09542,2,7.2,6.685621165877896
P09544,3,5.5,5.731077271281681
P09545,5,6.7,7.26044634013199
P09546,2,3.2,4.021861164465362
P09547,2,3.7,4.37179865718298
P09548,2,9.0,6.417691095143237
P09549,5,6.3,5.430693401152904
P09551,2,7.5,7.167714182605552
P09552,1,5.1,5.934919378340797
P09553,2,7.3,5.881421716699746
P09556,4,6.2,6.606799381160769
P09557,3,7.9,5.915889451552691
P09558,2,4.4,4.059877179067255
P09559,5,6.4,7.182126631872201
P09560,2,6.6,7.332305355548577
P09561,3,8.2,7.348499584215464
P09562,1,5.6,6.39884631022465
P09563,3,8.3,6.797760226205671
P09564,4,7.1,7.056283923384894
P09566,3,4.5,3.850669211173811
P09567,1,3.8,4.801822602556607
P09568,2,5.7,7.015502564263549
P09569,4,6.1,6.4754025154191375
P09571,4,4.6,4.283446077586489
P09572,5,5.7,4.785217486658306
P09573,3,3.1,3.608299540372544
P09574,5,6.6,6.708075439603185
P09575,5,6.6,7.393160602311183
P09576,1,5.1,5.976915277797854
P09577,4,5.5,5.779867521363426
P09578,1,8.1,7.289725343097427
P09579,4,7.4,6.260230818537098
P09580,1,5.8,6.209991895591054
P09584,2,6.6,7.038353135653537
P09586,5,6.5,6.130796790842067
P09587,1,9.8,7.974697020671943
P09588,5,4.7,4.600223891261613
P09589,2,5.7,5.931202822327224
P09591,5,2.5,3.6800375466635358
P09592,5,3.1,2.307407400135355
P09593,1,8.0,6.592873341267334
P09594,4,7.5,7.444772480779414
P09595,1,6.1,5.275746464074042
P09597,2,5.7,5.759022668535033
P09598,3,2.8,2.2056658359828862
P09600,1,6.6,6.650156747346385
P09602,4,4.7,5.901850547397144
P09604,1,4.3,5.109676126990063
P09605,2,7.0,7.4736580968941775
P09606,5,6.9,7.51748545666851
P09608,1,6.2,5.604655762372023
P09609,1,5.7,6.650414846948925
P09610,4,9.8,8.250650572175608
P09611,5,7.7,6.4888528839250155
P09612,1,6.8,6.721591303610336
P09616,4,7.2,7.064119117470359
P09617,2,5.5,5.938119916075548
P09618,3,4.7,5.559623299391497
P09619,5,5.7,5.748031824815307
P09621,1,3.6,5.04180021266106
P09622,2,6.8,7.385876328089996
P09623,4,8.2,6.174403042835595
P09624,4,6.5,5.505014624916387
P09626,1,7.8,7.1253098062978575
P09627,5,5.8,6.771608584531129
P09628,3,5.5,6.142482945424165
P09629,2,5.3,5.8481994974022
P09630,1,6.8,7.279266293423868
P09633,5,6.2,5.6647632245620585
P09634,3,5.5,5.796940487770588
P09635,5,8.3,7.270622180754758
P09636,5,7.0,6.812252706247154
P09637,3,6.6,7.51653854491361
P09638,5,4.8,4.243147163645855
P09639,4,5.3,4.823410501909452
P09641,3,5.8,5.861786285329244
P09642,5,6.5,6.896165966420197
P09644,4,6.5,6.081156593415226
P09646,5,5.8,6.05658296767114
P09647,2,9.1,7.809667107505914
P09648,5,6.4,7.11771876567958
P09650,3,5.0,6.274500693308589
P09651,4,2.8,3.3103056068117924
P09652,1,6.6,5.494239059291523
P09653,5,6.8,7.354323663427606
P09655,3,3.7,5.549305761015946
P09656,4,9.3,7.828412920045503
P09657,3,6.6,5.270321370709652
P09658,2,6.8,5.423550070682911
P09659,3,8.1,7.738177354590856
P09660,1,8.0,5.630918980719066
P09661,2,6.4,6.751557007546635
P09662,2,4.6,5.093840190466265
P09663,2,4.1,4.828733237967447
P09665,4,6.1,6.274827744049452
P09666,5,5.7,5.4512079917646465
P09667,2,5.7,4.8891294325467145
P09668,4,5.7,5.998565464034881
P09669,5,5.3,6.457581857716033
P09671,3,6.0,6.346283285938941
P09672,2,6.6,5.924486951004158
P09674,2,7.1,7.556093015520999
P09675,2,6.6,6.5839055376096125
P09677,3,3.3,4.263033818417797
P09679,2,7.0,8.457297129808817
P09680,3,6.9,5.583405739073116
P09681,2,7.7,6.32286741916531
P09683,4,7.0,7.497401324897889
P09684,5,2.4,3.851552348369417
P09686,3,8.0,6.870577329136177
P09688,3,6.6,7.318072868130379
P09691,5,5.3,6.072468249779489
P09692,1,3.9,6.3089720352296315
P09693,1,7.4,7.38711355799701
P09694,4,4.5,6.067768372365135
P09695,1,5.4,3.9608851555896187
P09696,3,7.8,5.501071889083516
P09697,4,5.8,5.864217826384797
P09699,5,3.2,4.235123927524141
P09700,2,8.7,7.730659220554175
P09701,4,6.3,6.014509018745417
P09702,3,9.0,6.006105375750709
P09703,5,3.2,3.7787182394586742
P09704,2,6.3,6.594515322170768
P09705,3,5.9,5.165928225386697
P09706,1,7.2,6.2117298271367005
P09707,2,4.8,5.318128674285792
P09708,2,4.1,5.26079479505773
P09709,1,6.0,6.757414232200584
P09710,5,5.7,6.5401802567164795
P09711,4,7.9,6.798867981594972
P09713,4,6.8,6.064582820567104
P09714,1,5.8,5.563058682609294
P09716,4,7.7,6.07530002526723
P09717,4,5.2,5.479851707327027
P09718,3,6.0,6.035893208102275
P09720,2,8.0,8.65300616473346
P09722,2,5.8,5.895595815430333
P09723,5,5.8,5.679079555104199
P09724,3,3.2,3.3120743071146914
P09726,2,5.7,4.831401481296604
P09727,2,7.9,7.205665651666331
P09728,4,7.7,7.301354345125474
P09729,1,6.1,4.9310406545207295
P09730,4,3.1,4.406727233290527
P09731,2,4.1,4.42265440364031
P09732,5,5.8,5.654045870507074
P09733,3,7.8,6.516374058233501
P09734,1,8.2,6.696397685870134
P09735,5,4.6,4.558220641800144
P09736,2,6.1,6.339209218559101
P09737,5,3.4,4.69342280794894
P09738,2,3.3,3.3614264435615366
P09739,1,3.9,4.1204010751091475
P09740,4,5.1,6.240252206437818
P09741,1,6.3,6.7074784929098765
P09743,5,7.7,7.70456237053604
P09744,1,5.9,4.759131634798657
P09745,5,4.6,5.914013794753741
P09746,4,5.4,5.877059679524816
P09747,5,5.8,7.206561038622623
P09748,2,6.1,7.534725265929041
P09749,1,5.7,4.361111724014811
P09750,2,7.4,7.5167107986570185
P09751,3,6.9,7.190348790367241
P09752,4,5.4,5.856607543153056
P09753,3,8.9,9.090877463663304
P09754,5,4.4,5.823422627981315
P09755,5,2.5,4.797566390024221
P09756,2,9.5,8.04521072613231
P09758,4,9.6,7.38880802712452
P09759,4,8.8,7.053903252129631
P09760,2,9.3,8.65998728230297
P09761,4,5.1,6.195070631913459
P09763,4,5.8,5.48634277703518
P09764,5,4.3,4.6614016910512905
P09765,2,4.4,4.877421094366659
P09766,1,3.3,2.9666706814500805
P09767,5,5.5,5.83438929299308
P09768,3,9.3,7.267309241605417
P09770,2,8.1,7.774355500705516
P09771,3,5.2,5.786352418707782
P09772,3,5.1,5.451096233013641
P09773,1,4.9,3.799000119832052
P09774,3,3.0,4.796951124034802
P09776,3,5.4,5.176890204548641
P09777,5,4.5,5.268561412726788
P09778,5,6.8,6.327673705203554
P09779,3,7.0,6.632090922096179
P09781,5,7.1,6.707904041219315
P09782,1,3.9,4.324868969385089
P09783,5,6.0,6.6904823588528926
P09784,1,4.8,6.420672250763093
P09785,1,6.8,7.1355243230566145
P09786,2,6.2,6.361020742092252
P09787,1,5.1,5.765863109452432
P09788,5,8.3,7.2432103773841865
P09790,3,7.0,6.601254263243038
P09791,1,8.3,6.734050729203009
P09793,1,7.2,6.51994977689024
P09794,5,7.8,7.809041294839108
P09795,3,6.4,6.855194093899454
P09796,2,7.1,7.913718973785803
P09797,2,4.5,5.265481710095979
P09799,4,6.4,6.325728505132749
P09800,4,6.8,5.690500741167083
P09801,3,5.1,4.0892552387386125
P09802,4,5.0,6.294523293416423
P09803,1,4.0,4.276194769262459
P09804,4,5.5,5.731707842458823
P09805,2,5.4,5.76337135348472
P09806,2,5.1,5.425536291595062
P09808,1,6.8,5.837823795194265
P09809,4,8.1,7.613623397878738
P09811,3,6.8,6.968174589167318
P09812,5,4.9,3.7901218826599345
P09813,4,5.0,5.616561999172738
P09814,4,5.5,4.527958035080816
P09815,4,6.8,7.149942293586523
P09816,4,4.3,4.932019651465834
P09817,4,6.1,6.782849564377364
P09818,2,4.0,4.1272681198265815
P09819,5,6.8,6.163611537006805
P09820,3,3.9,4.827097680947432
P09821,2,6.7,5.7407375223395425
P09822,2,7.2,5.674501480387658
P09824,4,5.7,6.195767586551956
P09825,5,6.1,5.885094133140797
P09826,3,7.1,5.9543071388575015
P09827,5,4.4,5.154210408839731
P09828,3,3.5,3.8300305535248227
P09829,2,5.8,6.918901848094999
P09831,2,7.5,7.247819045563071
P09833,3,4.8,5.270574228238813
P09834,3,6.0,5.7722449283911255
P09835,5,6.0,6.02517119235983
P09837,3,5.7,6.736110891096499
P09838,3,7.1,6.567010405420073
P09839,2,6.4,6.626677061099975
P09840,2,4.8,4.54594569994402
P09841,5,7.3,6.600346932687377
P09842,5,4.7,4.683423809002168
P09843,3,6.2,5.992234096050827
P09844,4,6.7,5.965571076511738
P09845,1,4.8,5.81979701813196
P09846,3,8.4,8.494510803287493
P09847,3,8.0,7.371118823177215
P09848,1,6.0,6.9369234543372755
P09849,4,7.8,7.361670799069207
P09851,4,4.4,5.245725716130499
P09852,3,8.8,6.7829200909994585
P09853,3,5.2,4.783017739616499
P09854,5,5.4,6.108874686853522
P09855,4,6.4,7.107187703841463
P09856,1,6.7,7.236575678578675
P09857,1,5.3,5.809156523422923
P09858,3,6.6,6.930661809607251
P09859,5,7.5,7.253041960216792
P09860,1,3.9,3.70377419300571
P09862,1,8.5,7.957825957500521
P09864,1,6.7,6.476418913455719
P09865,3,7.2,7.017864431121837
P09866,3,7.0,6.616591349966914
P09867,3,8.6,6.705450168992335
P09868,5,4.1,5.454672411493631
P09869,1,4.3,4.65611313788117
P09870,2,4.7,4.950404095013678
P09871,1,5.1,7.601564675408838
P09875,1,2.6,3.210122132270075
P09876,1,5.5,6.45660632360814
P09877,3,8.7,7.9278956032809695
P09878,2,6.6,6.727916426155021
P09879,3,5.6,4.002510140797268
P09880,2,7.2,7.589578323824279
P09881,3,5.9,6.53777535664399
P09882,1,4.4,4.686303815957571
P09883,2,5.9,6.250954428970105
P09884,5,7.2,6.109388432303917
P09889,2,6.3,5.965951611630324
P09891,3,5.0,5.707896500103437
P09893,3,4.4,5.317108693284059
P09894,2,8.6,8.391477059387103
P09895,5,5.9,4.691620508164825
P09896,2,4.5,4.425499941021654
P09897,2,6.2,7.248488492606638
P09898,1,4.7,5.963027542193501
P09899,1,2.8,2.761010035443005
P09900,3,2.9,3.3747049264081723
P09901,5,4.0,5.245041884807137
P09903,4,6.5,6.314926454251377
P09904,2,5.6,4.241900313891688
P09905,4,8.8,7.381676062438489
P09907,4,6.8,6.631144983224266
P09911,4,5.5,5.986391461429229
P09912,2,4.1,4.182531207561915
P09913,1,7.4,7.621207331496186
P09914,2,5.0,6.652988762031648
P09915,3,6.3,7.5599051831929795
P09916,5,6.0,5.534524229910898
P09917,4,6.8,6.338270383731597
P09919,3,6.7,6.554688582320242
P09920,5,4.8,5.389964563440992
P09921,2,3.3,4.211197153082554
P09922,1,3.4,4.935548207228839
P09926,2,6.6,6.6724741110394055
P09927,2,6.4,7.237281542087886
P09928,4,7.0,6.791654171925014
P09929,4,5.0,6.399804252255019
P09930,2,8.3,6.936926689098992
P09931,1,8.0,6.679388534504912
P09933,5,6.5,6.529477938427371
P09934,1,8.3,8.573498912564324
P09935,3,3.9,4.428868323447057
P09936,4,9.8,7.804294718250193
P09937,1,6.2,6.644858779812748
P09938,1,9.3,6.984312669909726
P09939,5,9.4,9.473181516939576
P09940,5,5.7,6.031441853374925
P09943,5,4.0,4.877079776997126
P09944,3,5.7,7.173871569175779
P09945,3,6.2,5.186034697058025
P09946,4,6.9,6.270863881548286
P09947,5,6.0,6.228757116706424
P09948,3,9.1,7.6622487338775915
P09949,3,3.9,3.494678458211375
P09952,4,7.7,7.313049361865979
P09955,3,4.8,5.026180025935413
P09956,1,7.4,5.863536626931815
P09957,1,4.1,5.726521802399855
P09958,4,5.2,5.452608684697219
P09959,4,5.0,6.373583734182559
P09960,5,6.4,5.491615377614986
P09961,3,5.3,6.511316207744629
P09962,1,6.9,6.5135191308647125
P09963,3,4.6,5.046702909485555
P09964,4,7.9,7.731571931535852
P09966,1,6.2,5.26906719065562
P09967,2,8.9,8.29891598471537
P09968,1,6.0,5.639188582815082
P09969,1,8.2,7.573042424214713
P09970,5,6.0,5.002406935136232
P09971,5,7.6,6.7646654304698055
P09973,4,6.7,6.661877186815173
P09974,4,5.2,5.6171012385668515
P09976,1,5.6,6.63116830556963
P09977,3,4.4,4.938077655597276
P09978,4,6.6,7.847812579386323
P09979,2,3.3,4.31259217765344
P09980,5,7.9,7.9314072165806415
P09981,2,7.6,7.0639602681848075
P09982,1,6.2,4.532833542240544
P09983,3,6.8,7.397208650736557
P09985,2,5.1,5.097454983934833
P09986,2,5.7,4.242801688216698
P09987,2,9.0,7.602467986245683
P09988,5,7.8,7.909961247547713
P09989,1,5.8,5.685539482547063
P09990,4,2.6,3.6081163479029077
P09993,3,7.2,6.580307512959007
P09994,4,8.2,8.041162984268457
P09995,2,7.1,6.874291101906496
P09996,5,5.7,6.855800139022091
P09997,3,7.7,6.999017323954336
P09998,5,3.7,2.451186208940991
P10000,1,7.7,7.573812586343168
