model,class,fpr,tpr,auc
Multinomial_Logistic,Poor,0.0,0.0,0.9810852149271678
Multinomial_Logistic,Poor,0.0,0.002053388090349076,0.9810852149271678
Multinomial_Logistic,Poor,0.0,0.4948665297741273,0.9810852149271678
Multinomial_Logistic,Poor,0.0006609385327164573,0.4948665297741273,0.9810852149271678
Multinomial_Logistic,Poor,0.0006609385327164573,0.5256673511293635,0.9810852149271678
Multinomial_Logistic,Poor,0.0013218770654329147,0.5256673511293635,0.9810852149271678
Multinomial_Logistic,Poor,0.0013218770654329147,0.5359342915811088,0.9810852149271678
Multinomial_Logistic,Poor,0.0019828155981493722,0.5359342915811088,0.9810852149271678
Multinomial_Logistic,Poor,0.0019828155981493722,0.5379876796714579,0.9810852149271678
Multinomial_Logistic,Poor,0.0026437541308658294,0.5379876796714579,0.9810852149271678
Multinomial_Logistic,Poor,0.0026437541308658294,0.5564681724845996,0.9810852149271678
Multinomial_Logistic,Poor,0.003304692663582287,0.5564681724845996,0.9810852149271678
Multinomial_Logistic,Poor,0.003304692663582287,0.5770020533880903,0.9810852149271678
Multinomial_Logistic,Poor,0.0039656311962987445,0.5770020533880903,0.9810852149271678
Multinomial_Logistic,Poor,0.0039656311962987445,0.5852156057494866,0.9810852149271678
Multinomial_Logistic,Poor,0.004626569729015202,0.5852156057494866,0.9810852149271678
Multinomial_Logistic,Poor,0.004626569729015202,0.5934291581108829,0.9810852149271678
Multinomial_Logistic,Poor,0.005287508261731659,0.5934291581108829,0.9810852149271678
Multinomial_Logistic,Poor,0.005287508261731659,0.6016427104722792,0.9810852149271678
Multinomial_Logistic,Poor,0.005948446794448116,0.6016427104722792,0.9810852149271678
Multinomial_Logistic,Poor,0.005948446794448116,0.6098562628336756,0.9810852149271678
Multinomial_Logistic,Poor,0.006609385327164574,0.6098562628336756,0.9810852149271678
Multinomial_Logistic,Poor,0.006609385327164574,0.6139630390143738,0.9810852149271678
Multinomial_Logistic,Poor,0.007931262392597489,0.6139630390143738,0.9810852149271678
Multinomial_Logistic,Poor,0.007931262392597489,0.6447638603696099,0.9810852149271678
Multinomial_Logistic,Poor,0.008592200925313946,0.6447638603696099,0.9810852149271678
Multinomial_Logistic,Poor,0.008592200925313946,0.6899383983572895,0.9810852149271678
Multinomial_Logistic,Poor,0.009253139458030404,0.6899383983572895,0.9810852149271678
Multinomial_Logistic,Poor,0.009253139458030404,0.6940451745379876,0.9810852149271678
Multinomial_Logistic,Poor,0.00991407799074686,0.6940451745379876,0.9810852149271678
Multinomial_Logistic,Poor,0.00991407799074686,0.6960985626283368,0.9810852149271678
Multinomial_Logistic,Poor,0.011235955056179775,0.6960985626283368,0.9810852149271678
Multinomial_Logistic,Poor,0.011235955056179775,0.6981519507186859,0.9810852149271678
Multinomial_Logistic,Poor,0.011896893588896233,0.6981519507186859,0.9810852149271678
Multinomial_Logistic,Poor,0.011896893588896233,0.7002053388090349,0.9810852149271678
Multinomial_Logistic,Poor,0.01255783212161269,0.7002053388090349,0.9810852149271678
Multinomial_Logistic,Poor,0.01255783212161269,0.7125256673511293,0.9810852149271678
Multinomial_Logistic,Poor,0.014540647719762063,0.7125256673511293,0.9810852149271678
Multinomial_Logistic,Poor,0.014540647719762063,0.7248459958932238,0.9810852149271678
Multinomial_Logistic,Poor,0.015862524785194978,0.7248459958932238,0.9810852149271678
Multinomial_Logistic,Poor,0.015862524785194978,0.7330595482546202,0.9810852149271678
Multinomial_Logistic,Poor,0.016523463317911435,0.7330595482546202,0.9810852149271678
Multinomial_Logistic,Poor,0.016523463317911435,0.7474332648870636,0.9810852149271678
Multinomial_Logistic,Poor,0.017184401850627893,0.7474332648870636,0.9810852149271678
Multinomial_Logistic,Poor,0.017184401850627893,0.7618069815195072,0.9810852149271678
Multinomial_Logistic,Poor,0.01784534038334435,0.7618069815195072,0.9810852149271678
Multinomial_Logistic,Poor,0.01784534038334435,0.7761806981519507,0.9810852149271678
Multinomial_Logistic,Poor,0.018506278916060808,0.7761806981519507,0.9810852149271678
Multinomial_Logistic,Poor,0.018506278916060808,0.784394250513347,0.9810852149271678
Multinomial_Logistic,Poor,0.019167217448777262,0.784394250513347,0.9810852149271678
Multinomial_Logistic,Poor,0.019167217448777262,0.7864476386036962,0.9810852149271678
Multinomial_Logistic,Poor,0.021150033046926635,0.7864476386036962,0.9810852149271678
Multinomial_Logistic,Poor,0.021150033046926635,0.7885010266940452,0.9810852149271678
Multinomial_Logistic,Poor,0.021810971579643092,0.7885010266940452,0.9810852149271678
Multinomial_Logistic,Poor,0.021810971579643092,0.7905544147843943,0.9810852149271678
Multinomial_Logistic,Poor,0.025776602775941838,0.7905544147843943,0.9810852149271678
Multinomial_Logistic,Poor,0.025776602775941838,0.7967145790554415,0.9810852149271678
Multinomial_Logistic,Poor,0.026437541308658295,0.7967145790554415,0.9810852149271678
Multinomial_Logistic,Poor,0.026437541308658295,0.7987679671457906,0.9810852149271678
Multinomial_Logistic,Poor,0.027098479841374753,0.7987679671457906,0.9810852149271678
Multinomial_Logistic,Poor,0.027098479841374753,0.8090349075975359,0.9810852149271678
Multinomial_Logistic,Poor,0.02775941837409121,0.8090349075975359,0.9810852149271678
Multinomial_Logistic,Poor,0.02775941837409121,0.811088295687885,0.9810852149271678
Multinomial_Logistic,Poor,0.028420356906807668,0.811088295687885,0.9810852149271678
Multinomial_Logistic,Poor,0.028420356906807668,0.813141683778234,0.9810852149271678
Multinomial_Logistic,Poor,0.029081295439524125,0.813141683778234,0.9810852149271678
Multinomial_Logistic,Poor,0.029081295439524125,0.8151950718685832,0.9810852149271678
Multinomial_Logistic,Poor,0.029742233972240583,0.8151950718685832,0.9810852149271678
Multinomial_Logistic,Poor,0.029742233972240583,0.8193018480492813,0.9810852149271678
Multinomial_Logistic,Poor,0.031064111037673495,0.8193018480492813,0.9810852149271678
Multinomial_Logistic,Poor,0.031064111037673495,0.8213552361396304,0.9810852149271678
Multinomial_Logistic,Poor,0.03238598810310641,0.8213552361396304,0.9810852149271678
Multinomial_Logistic,Poor,0.03238598810310641,0.8234086242299795,0.9810852149271678
Multinomial_Logistic,Poor,0.03304692663582287,0.8234086242299795,0.9810852149271678
Multinomial_Logistic,Poor,0.03304692663582287,0.8295687885010267,0.9810852149271678
Multinomial_Logistic,Poor,0.033707865168539325,0.8295687885010267,0.9810852149271678
Multinomial_Logistic,Poor,0.033707865168539325,0.8418891170431212,0.9810852149271678
Multinomial_Logistic,Poor,0.037012557832121616,0.8418891170431212,0.9810852149271678
Multinomial_Logistic,Poor,0.037012557832121616,0.8439425051334702,0.9810852149271678
Multinomial_Logistic,Poor,0.03767349636483807,0.8439425051334702,0.9810852149271678
Multinomial_Logistic,Poor,0.03767349636483807,0.8501026694045175,0.9810852149271678
Multinomial_Logistic,Poor,0.038334434897554524,0.8501026694045175,0.9810852149271678
Multinomial_Logistic,Poor,0.038334434897554524,0.8562628336755647,0.9810852149271678
Multinomial_Logistic,Poor,0.038995373430270985,0.8562628336755647,0.9810852149271678
Multinomial_Logistic,Poor,0.038995373430270985,0.8583162217659137,0.9810852149271678
Multinomial_Logistic,Poor,0.03965631196298744,0.8583162217659137,0.9810852149271678
Multinomial_Logistic,Poor,0.03965631196298744,0.8624229979466119,0.9810852149271678
Multinomial_Logistic,Poor,0.0403172504957039,0.8624229979466119,0.9810852149271678
Multinomial_Logistic,Poor,0.0403172504957039,0.864476386036961,0.9810852149271678
Multinomial_Logistic,Poor,0.040978189028420355,0.864476386036961,0.9810852149271678
Multinomial_Logistic,Poor,0.040978189028420355,0.86652977412731,0.9810852149271678
Multinomial_Logistic,Poor,0.04230006609385327,0.86652977412731,0.9810852149271678
Multinomial_Logistic,Poor,0.04230006609385327,0.8685831622176592,0.9810852149271678
Multinomial_Logistic,Poor,0.04296100462656973,0.8685831622176592,0.9810852149271678
Multinomial_Logistic,Poor,0.04296100462656973,0.8706365503080082,0.9810852149271678
Multinomial_Logistic,Poor,0.044282881692002646,0.8706365503080082,0.9810852149271678
Multinomial_Logistic,Poor,0.044282881692002646,0.8726899383983573,0.9810852149271678
Multinomial_Logistic,Poor,0.0449438202247191,0.8726899383983573,0.9810852149271678
Multinomial_Logistic,Poor,0.0449438202247191,0.8767967145790554,0.9810852149271678
Multinomial_Logistic,Poor,0.04560475875743556,0.8767967145790554,0.9810852149271678
Multinomial_Logistic,Poor,0.04560475875743556,0.8788501026694046,0.9810852149271678
Multinomial_Logistic,Poor,0.046265697290152015,0.8788501026694046,0.9810852149271678
Multinomial_Logistic,Poor,0.046265697290152015,0.8809034907597536,0.9810852149271678
Multinomial_Logistic,Poor,0.046926635822868476,0.8809034907597536,0.9810852149271678
Multinomial_Logistic,Poor,0.046926635822868476,0.8829568788501027,0.9810852149271678
Multinomial_Logistic,Poor,0.05023132848645076,0.8829568788501027,0.9810852149271678
Multinomial_Logistic,Poor,0.05023132848645076,0.8870636550308009,0.9810852149271678
Multinomial_Logistic,Poor,0.05485789821546596,0.8870636550308009,0.9810852149271678
Multinomial_Logistic,Poor,0.05485789821546596,0.8891170431211499,0.9810852149271678
Multinomial_Logistic,Poor,0.056179775280898875,0.8891170431211499,0.9810852149271678
Multinomial_Logistic,Poor,0.056179775280898875,0.891170431211499,0.9810852149271678
Multinomial_Logistic,Poor,0.058823529411764705,0.891170431211499,0.9810852149271678
Multinomial_Logistic,Poor,0.058823529411764705,0.893223819301848,0.9810852149271678
Multinomial_Logistic,Poor,0.059484467944481166,0.893223819301848,0.9810852149271678
Multinomial_Logistic,Poor,0.059484467944481166,0.8952772073921971,0.9810852149271678
Multinomial_Logistic,Poor,0.06014540647719762,0.8952772073921971,0.9810852149271678
Multinomial_Logistic,Poor,0.06014540647719762,0.8973305954825462,0.9810852149271678
Multinomial_Logistic,Poor,0.06080634500991408,0.8973305954825462,0.9810852149271678
Multinomial_Logistic,Poor,0.06080634500991408,0.8993839835728953,0.9810852149271678
Multinomial_Logistic,Poor,0.061467283542630535,0.8993839835728953,0.9810852149271678
Multinomial_Logistic,Poor,0.061467283542630535,0.9034907597535934,0.9810852149271678
Multinomial_Logistic,Poor,0.0667547918043622,0.9034907597535934,0.9810852149271678
Multinomial_Logistic,Poor,0.0667547918043622,0.9055441478439425,0.9810852149271678
Multinomial_Logistic,Poor,0.0680766688697951,0.9055441478439425,0.9810852149271678
Multinomial_Logistic,Poor,0.0680766688697951,0.9075975359342916,0.9810852149271678
Multinomial_Logistic,Poor,0.07072042300066093,0.9075975359342916,0.9810852149271678
Multinomial_Logistic,Poor,0.07072042300066093,0.9096509240246407,0.9810852149271678
Multinomial_Logistic,Poor,0.0713813615333774,0.9096509240246407,0.9810852149271678
Multinomial_Logistic,Poor,0.0713813615333774,0.9137577002053389,0.9810852149271678
Multinomial_Logistic,Poor,0.07270323859881031,0.9137577002053389,0.9810852149271678
Multinomial_Logistic,Poor,0.07270323859881031,0.9158110882956879,0.9810852149271678
Multinomial_Logistic,Poor,0.07336417713152676,0.9158110882956879,0.9810852149271678
Multinomial_Logistic,Poor,0.07336417713152676,0.917864476386037,0.9810852149271678
Multinomial_Logistic,Poor,0.07732980832782552,0.917864476386037,0.9810852149271678
Multinomial_Logistic,Poor,0.07732980832782552,0.919917864476386,0.9810852149271678
Multinomial_Logistic,Poor,0.07799074686054197,0.919917864476386,0.9810852149271678
Multinomial_Logistic,Poor,0.07799074686054197,0.9240246406570842,0.9810852149271678
Multinomial_Logistic,Poor,0.07997356245869135,0.9240246406570842,0.9810852149271678
Multinomial_Logistic,Poor,0.07997356245869135,0.9260780287474333,0.9810852149271678
Multinomial_Logistic,Poor,0.08129543952412426,0.9260780287474333,0.9810852149271678
Multinomial_Logistic,Poor,0.08129543952412426,0.9281314168377823,0.9810852149271678
Multinomial_Logistic,Poor,0.08327825512227363,0.9281314168377823,0.9810852149271678
Multinomial_Logistic,Poor,0.08327825512227363,0.9342915811088296,0.9810852149271678
Multinomial_Logistic,Poor,0.08658294778585592,0.9342915811088296,0.9810852149271678
Multinomial_Logistic,Poor,0.08658294778585592,0.9363449691991786,0.9810852149271678
Multinomial_Logistic,Poor,0.08724388631857237,0.9363449691991786,0.9810852149271678
Multinomial_Logistic,Poor,0.08724388631857237,0.9425051334702259,0.9810852149271678
Multinomial_Logistic,Poor,0.09120951751487112,0.9425051334702259,0.9810852149271678
Multinomial_Logistic,Poor,0.09120951751487112,0.944558521560575,0.9810852149271678
Multinomial_Logistic,Poor,0.09781890284203569,0.944558521560575,0.9810852149271678
Multinomial_Logistic,Poor,0.09781890284203569,0.946611909650924,0.9810852149271678
Multinomial_Logistic,Poor,0.10112359550561797,0.946611909650924,0.9810852149271678
Multinomial_Logistic,Poor,0.10112359550561797,0.9486652977412731,0.9810852149271678
Multinomial_Logistic,Poor,0.11103767349636484,0.9486652977412731,0.9810852149271678
Multinomial_Logistic,Poor,0.11103767349636484,0.9527720739219713,0.9810852149271678
Multinomial_Logistic,Poor,0.1163251817580965,0.9527720739219713,0.9810852149271678
Multinomial_Logistic,Poor,0.1163251817580965,0.9548254620123203,0.9810852149271678
Multinomial_Logistic,Poor,0.11764705882352941,0.9548254620123203,0.9810852149271678
Multinomial_Logistic,Poor,0.11764705882352941,0.9568788501026694,0.9810852149271678
Multinomial_Logistic,Poor,0.12359550561797752,0.9568788501026694,0.9810852149271678
Multinomial_Logistic,Poor,0.12359550561797752,0.9589322381930184,0.9810852149271678
Multinomial_Logistic,Poor,0.12491738268341045,0.9589322381930184,0.9810852149271678
Multinomial_Logistic,Poor,0.12491738268341045,0.9630390143737166,0.9810852149271678
Multinomial_Logistic,Poor,0.13152676801057503,0.9630390143737166,0.9810852149271678
Multinomial_Logistic,Poor,0.13152676801057503,0.9650924024640657,0.9810852149271678
Multinomial_Logistic,Poor,0.1348314606741573,0.9650924024640657,0.9810852149271678
Multinomial_Logistic,Poor,0.1348314606741573,0.9671457905544147,0.9810852149271678
Multinomial_Logistic,Poor,0.13681427627230666,0.9671457905544147,0.9810852149271678
Multinomial_Logistic,Poor,0.13681427627230666,0.9691991786447639,0.9810852149271678
Multinomial_Logistic,Poor,0.13747521480502314,0.9691991786447639,0.9810852149271678
Multinomial_Logistic,Poor,0.13747521480502314,0.971252566735113,0.9810852149271678
Multinomial_Logistic,Poor,0.13879709187045605,0.971252566735113,0.9810852149271678
Multinomial_Logistic,Poor,0.13879709187045605,0.973305954825462,0.9810852149271678
Multinomial_Logistic,Poor,0.14077990746860541,0.973305954825462,0.9810852149271678
Multinomial_Logistic,Poor,0.14077990746860541,0.9753593429158111,0.9810852149271678
Multinomial_Logistic,Poor,0.1427627230667548,0.9753593429158111,0.9810852149271678
Multinomial_Logistic,Poor,0.1427627230667548,0.9794661190965093,0.9810852149271678
Multinomial_Logistic,Poor,0.16721744877726372,0.9794661190965093,0.9810852149271678
Multinomial_Logistic,Poor,0.16721744877726372,0.9815195071868583,0.9810852149271678
Multinomial_Logistic,Poor,0.17647058823529413,0.9815195071868583,0.9810852149271678
Multinomial_Logistic,Poor,0.17647058823529413,0.9835728952772074,0.9810852149271678
Multinomial_Logistic,Poor,0.17779246530072704,0.9835728952772074,0.9810852149271678
Multinomial_Logistic,Poor,0.17779246530072704,0.9856262833675564,0.9810852149271678
Multinomial_Logistic,Poor,0.18241903502974224,0.9856262833675564,0.9810852149271678
Multinomial_Logistic,Poor,0.18241903502974224,0.9897330595482546,0.9810852149271678
Multinomial_Logistic,Poor,0.2048909451421018,0.9897330595482546,0.9810852149271678
Multinomial_Logistic,Poor,0.2048909451421018,0.9917864476386037,0.9810852149271678
Multinomial_Logistic,Poor,0.2200925313945803,0.9917864476386037,0.9810852149271678
Multinomial_Logistic,Poor,0.2200925313945803,0.9938398357289527,0.9810852149271678
Multinomial_Logistic,Poor,0.2339722405816259,0.9938398357289527,0.9810852149271678
Multinomial_Logistic,Poor,0.2339722405816259,0.9958932238193019,0.9810852149271678
Multinomial_Logistic,Poor,0.24388631857237278,0.9958932238193019,0.9810852149271678
Multinomial_Logistic,Poor,0.24388631857237278,0.997946611909651,0.9810852149271678
Multinomial_Logistic,Poor,0.3139458030403173,0.997946611909651,0.9810852149271678
Multinomial_Logistic,Poor,0.3139458030403173,1.0,0.9810852149271678
Multinomial_Logistic,Poor,1.0,1.0,0.9810852149271678
Ordinal_Cumulative,Poor,0.0,0.0,0.9802912743899213
Ordinal_Cumulative,Poor,0.0,0.002053388090349076,0.9802912743899213
Ordinal_Cumulative,Poor,0.0,0.4989733059548255,0.9802912743899213
Ordinal_Cumulative,Poor,0.0006609385327164573,0.4989733059548255,0.9802912743899213
Ordinal_Cumulative,Poor,0.0006609385327164573,0.5030800821355236,0.9802912743899213
Ordinal_Cumulative,Poor,0.0013218770654329147,0.5030800821355236,0.9802912743899213
Ordinal_Cumulative,Poor,0.0013218770654329147,0.5133470225872689,0.9802912743899213
Ordinal_Cumulative,Poor,0.0019828155981493722,0.5133470225872689,0.9802912743899213
Ordinal_Cumulative,Poor,0.0019828155981493722,0.5482546201232033,0.9802912743899213
Ordinal_Cumulative,Poor,0.0026437541308658294,0.5482546201232033,0.9802912743899213
Ordinal_Cumulative,Poor,0.0026437541308658294,0.5605749486652978,0.9802912743899213
Ordinal_Cumulative,Poor,0.003304692663582287,0.5605749486652978,0.9802912743899213
Ordinal_Cumulative,Poor,0.003304692663582287,0.5687885010266941,0.9802912743899213
Ordinal_Cumulative,Poor,0.0039656311962987445,0.5687885010266941,0.9802912743899213
Ordinal_Cumulative,Poor,0.0039656311962987445,0.5811088295687885,0.9802912743899213
Ordinal_Cumulative,Poor,0.004626569729015202,0.5811088295687885,0.9802912743899213
Ordinal_Cumulative,Poor,0.004626569729015202,0.5913757700205339,0.9802912743899213
Ordinal_Cumulative,Poor,0.005287508261731659,0.5913757700205339,0.9802912743899213
Ordinal_Cumulative,Poor,0.005287508261731659,0.5934291581108829,0.9802912743899213
Ordinal_Cumulative,Poor,0.005948446794448116,0.5934291581108829,0.9802912743899213
Ordinal_Cumulative,Poor,0.005948446794448116,0.5975359342915811,0.9802912743899213
Ordinal_Cumulative,Poor,0.007270323859881031,0.5975359342915811,0.9802912743899213
Ordinal_Cumulative,Poor,0.007270323859881031,0.6796714579055442,0.9802912743899213
Ordinal_Cumulative,Poor,0.007931262392597489,0.6796714579055442,0.9802912743899213
Ordinal_Cumulative,Poor,0.007931262392597489,0.6858316221765913,0.9802912743899213
Ordinal_Cumulative,Poor,0.009253139458030404,0.6858316221765913,0.9802912743899213
Ordinal_Cumulative,Poor,0.009253139458030404,0.6899383983572895,0.9802912743899213
Ordinal_Cumulative,Poor,0.011235955056179775,0.6899383983572895,0.9802912743899213
Ordinal_Cumulative,Poor,0.011235955056179775,0.7063655030800822,0.9802912743899213
Ordinal_Cumulative,Poor,0.013218770654329148,0.7063655030800822,0.9802912743899213
Ordinal_Cumulative,Poor,0.013218770654329148,0.7104722792607803,0.9802912743899213
Ordinal_Cumulative,Poor,0.013879709187045605,0.7104722792607803,0.9802912743899213
Ordinal_Cumulative,Poor,0.013879709187045605,0.7207392197125256,0.9802912743899213
Ordinal_Cumulative,Poor,0.01520158625247852,0.7207392197125256,0.9802912743899213
Ordinal_Cumulative,Poor,0.01520158625247852,0.7248459958932238,0.9802912743899213
Ordinal_Cumulative,Poor,0.015862524785194978,0.7248459958932238,0.9802912743899213
Ordinal_Cumulative,Poor,0.015862524785194978,0.7392197125256673,0.9802912743899213
Ordinal_Cumulative,Poor,0.016523463317911435,0.7392197125256673,0.9802912743899213
Ordinal_Cumulative,Poor,0.016523463317911435,0.757700205338809,0.9802912743899213
Ordinal_Cumulative,Poor,0.017184401850627893,0.757700205338809,0.9802912743899213
Ordinal_Cumulative,Poor,0.017184401850627893,0.7679671457905544,0.9802912743899213
Ordinal_Cumulative,Poor,0.018506278916060808,0.7679671457905544,0.9802912743899213
Ordinal_Cumulative,Poor,0.018506278916060808,0.7700205338809035,0.9802912743899213
Ordinal_Cumulative,Poor,0.019167217448777262,0.7700205338809035,0.9802912743899213
Ordinal_Cumulative,Poor,0.019167217448777262,0.7761806981519507,0.9802912743899213
Ordinal_Cumulative,Poor,0.01982815598149372,0.7761806981519507,0.9802912743899213
Ordinal_Cumulative,Poor,0.01982815598149372,0.7782340862422998,0.9802912743899213
Ordinal_Cumulative,Poor,0.020489094514210177,0.7782340862422998,0.9802912743899213
Ordinal_Cumulative,Poor,0.020489094514210177,0.7823408624229979,0.9802912743899213
Ordinal_Cumulative,Poor,0.021150033046926635,0.7823408624229979,0.9802912743899213
Ordinal_Cumulative,Poor,0.021150033046926635,0.784394250513347,0.9802912743899213
Ordinal_Cumulative,Poor,0.023132848645076007,0.784394250513347,0.9802912743899213
Ordinal_Cumulative,Poor,0.023132848645076007,0.7905544147843943,0.9802912743899213
Ordinal_Cumulative,Poor,0.024454725710508923,0.7905544147843943,0.9802912743899213
Ordinal_Cumulative,Poor,0.024454725710508923,0.7926078028747433,0.9802912743899213
Ordinal_Cumulative,Poor,0.025776602775941838,0.7926078028747433,0.9802912743899213
Ordinal_Cumulative,Poor,0.025776602775941838,0.7946611909650924,0.9802912743899213
Ordinal_Cumulative,Poor,0.02775941837409121,0.7946611909650924,0.9802912743899213
Ordinal_Cumulative,Poor,0.02775941837409121,0.7967145790554415,0.9802912743899213
Ordinal_Cumulative,Poor,0.028420356906807668,0.7967145790554415,0.9802912743899213
Ordinal_Cumulative,Poor,0.028420356906807668,0.7987679671457906,0.9802912743899213
Ordinal_Cumulative,Poor,0.029081295439524125,0.7987679671457906,0.9802912743899213
Ordinal_Cumulative,Poor,0.029081295439524125,0.8008213552361396,0.9802912743899213
Ordinal_Cumulative,Poor,0.029742233972240583,0.8008213552361396,0.9802912743899213
Ordinal_Cumulative,Poor,0.029742233972240583,0.8028747433264887,0.9802912743899213
Ordinal_Cumulative,Poor,0.03040317250495704,0.8028747433264887,0.9802912743899213
Ordinal_Cumulative,Poor,0.03040317250495704,0.8069815195071869,0.9802912743899213
Ordinal_Cumulative,Poor,0.031064111037673495,0.8069815195071869,0.9802912743899213
Ordinal_Cumulative,Poor,0.031064111037673495,0.8151950718685832,0.9802912743899213
Ordinal_Cumulative,Poor,0.031725049570389956,0.8151950718685832,0.9802912743899213
Ordinal_Cumulative,Poor,0.031725049570389956,0.8193018480492813,0.9802912743899213
Ordinal_Cumulative,Poor,0.03238598810310641,0.8193018480492813,0.9802912743899213
Ordinal_Cumulative,Poor,0.03238598810310641,0.8234086242299795,0.9802912743899213
Ordinal_Cumulative,Poor,0.03304692663582287,0.8234086242299795,0.9802912743899213
Ordinal_Cumulative,Poor,0.03304692663582287,0.8336755646817249,0.9802912743899213
Ordinal_Cumulative,Poor,0.033707865168539325,0.8336755646817249,0.9802912743899213
Ordinal_Cumulative,Poor,0.033707865168539325,0.8357289527720739,0.9802912743899213
Ordinal_Cumulative,Poor,0.03502974223397224,0.8357289527720739,0.9802912743899213
Ordinal_Cumulative,Poor,0.03502974223397224,0.837782340862423,0.9802912743899213
Ordinal_Cumulative,Poor,0.037012557832121616,0.837782340862423,0.9802912743899213
Ordinal_Cumulative,Poor,0.037012557832121616,0.8439425051334702,0.9802912743899213
Ordinal_Cumulative,Poor,0.03767349636483807,0.8439425051334702,0.9802912743899213
Ordinal_Cumulative,Poor,0.03767349636483807,0.8501026694045175,0.9802912743899213
Ordinal_Cumulative,Poor,0.0403172504957039,0.8501026694045175,0.9802912743899213
Ordinal_Cumulative,Poor,0.0403172504957039,0.8521560574948666,0.9802912743899213
Ordinal_Cumulative,Poor,0.04230006609385327,0.8521560574948666,0.9802912743899213
Ordinal_Cumulative,Poor,0.04230006609385327,0.8542094455852156,0.9802912743899213
Ordinal_Cumulative,Poor,0.044282881692002646,0.8542094455852156,0.9802912743899213
Ordinal_Cumulative,Poor,0.044282881692002646,0.86652977412731,0.9802912743899213
Ordinal_Cumulative,Poor,0.0449438202247191,0.86652977412731,0.9802912743899213
Ordinal_Cumulative,Poor,0.0449438202247191,0.8685831622176592,0.9802912743899213
Ordinal_Cumulative,Poor,0.046265697290152015,0.8685831622176592,0.9802912743899213
Ordinal_Cumulative,Poor,0.046265697290152015,0.8726899383983573,0.9802912743899213
Ordinal_Cumulative,Poor,0.048909451421017845,0.8726899383983573,0.9802912743899213
Ordinal_Cumulative,Poor,0.048909451421017845,0.8809034907597536,0.9802912743899213
Ordinal_Cumulative,Poor,0.050892267019167214,0.8809034907597536,0.9802912743899213
Ordinal_Cumulative,Poor,0.050892267019167214,0.8850102669404517,0.9802912743899213
Ordinal_Cumulative,Poor,0.05485789821546596,0.8850102669404517,0.9802912743899213
Ordinal_Cumulative,Poor,0.05485789821546596,0.8891170431211499,0.9802912743899213
Ordinal_Cumulative,Poor,0.05551883674818242,0.8891170431211499,0.9802912743899213
Ordinal_Cumulative,Poor,0.05551883674818242,0.891170431211499,0.9802912743899213
Ordinal_Cumulative,Poor,0.056179775280898875,0.891170431211499,0.9802912743899213
Ordinal_Cumulative,Poor,0.056179775280898875,0.893223819301848,0.9802912743899213
Ordinal_Cumulative,Poor,0.056840713813615336,0.893223819301848,0.9802912743899213
Ordinal_Cumulative,Poor,0.056840713813615336,0.8952772073921971,0.9802912743899213
Ordinal_Cumulative,Poor,0.05750165234633179,0.8952772073921971,0.9802912743899213
Ordinal_Cumulative,Poor,0.05750165234633179,0.8973305954825462,0.9802912743899213
Ordinal_Cumulative,Poor,0.05816259087904825,0.8973305954825462,0.9802912743899213
Ordinal_Cumulative,Poor,0.05816259087904825,0.8993839835728953,0.9802912743899213
Ordinal_Cumulative,Poor,0.058823529411764705,0.8993839835728953,0.9802912743899213
Ordinal_Cumulative,Poor,0.058823529411764705,0.9014373716632443,0.9802912743899213
Ordinal_Cumulative,Poor,0.061467283542630535,0.9014373716632443,0.9802912743899213
Ordinal_Cumulative,Poor,0.061467283542630535,0.9055441478439425,0.9802912743899213
Ordinal_Cumulative,Poor,0.0667547918043622,0.9055441478439425,0.9802912743899213
Ordinal_Cumulative,Poor,0.0667547918043622,0.9075975359342916,0.9802912743899213
Ordinal_Cumulative,Poor,0.07005948446794448,0.9075975359342916,0.9802912743899213
Ordinal_Cumulative,Poor,0.07005948446794448,0.9096509240246407,0.9802912743899213
Ordinal_Cumulative,Poor,0.07270323859881031,0.9096509240246407,0.9802912743899213
Ordinal_Cumulative,Poor,0.07270323859881031,0.9117043121149897,0.9802912743899213
Ordinal_Cumulative,Poor,0.07336417713152676,0.9117043121149897,0.9802912743899213
Ordinal_Cumulative,Poor,0.07336417713152676,0.9137577002053389,0.9802912743899213
Ordinal_Cumulative,Poor,0.07468605419695969,0.9137577002053389,0.9802912743899213
Ordinal_Cumulative,Poor,0.07468605419695969,0.9158110882956879,0.9802912743899213
Ordinal_Cumulative,Poor,0.07666886979510905,0.9158110882956879,0.9802912743899213
Ordinal_Cumulative,Poor,0.07666886979510905,0.917864476386037,0.9802912743899213
Ordinal_Cumulative,Poor,0.07732980832782552,0.917864476386037,0.9802912743899213
Ordinal_Cumulative,Poor,0.07732980832782552,0.919917864476386,0.9802912743899213
Ordinal_Cumulative,Poor,0.07865168539325842,0.919917864476386,0.9802912743899213
Ordinal_Cumulative,Poor,0.07865168539325842,0.9219712525667351,0.9802912743899213
Ordinal_Cumulative,Poor,0.08261731658955718,0.9219712525667351,0.9802912743899213
Ordinal_Cumulative,Poor,0.08261731658955718,0.9240246406570842,0.9802912743899213
Ordinal_Cumulative,Poor,0.08393919365499009,0.9240246406570842,0.9802912743899213
Ordinal_Cumulative,Poor,0.08393919365499009,0.9260780287474333,0.9802912743899213
Ordinal_Cumulative,Poor,0.08460013218770654,0.9260780287474333,0.9802912743899213
Ordinal_Cumulative,Poor,0.08460013218770654,0.9281314168377823,0.9802912743899213
Ordinal_Cumulative,Poor,0.08592200925313946,0.9281314168377823,0.9802912743899213
Ordinal_Cumulative,Poor,0.08592200925313946,0.9301848049281314,0.9802912743899213
Ordinal_Cumulative,Poor,0.08658294778585592,0.9301848049281314,0.9802912743899213
Ordinal_Cumulative,Poor,0.08658294778585592,0.9342915811088296,0.9802912743899213
Ordinal_Cumulative,Poor,0.09120951751487112,0.9342915811088296,0.9802912743899213
Ordinal_Cumulative,Poor,0.09120951751487112,0.9363449691991786,0.9802912743899213
Ordinal_Cumulative,Poor,0.09253139458030403,0.9363449691991786,0.9802912743899213
Ordinal_Cumulative,Poor,0.09253139458030403,0.9383983572895277,0.9802912743899213
Ordinal_Cumulative,Poor,0.0945142101784534,0.9383983572895277,0.9802912743899213
Ordinal_Cumulative,Poor,0.0945142101784534,0.9404517453798767,0.9802912743899213
Ordinal_Cumulative,Poor,0.09649702577660278,0.9404517453798767,0.9802912743899213
Ordinal_Cumulative,Poor,0.09649702577660278,0.9425051334702259,0.9802912743899213
Ordinal_Cumulative,Poor,0.10773298083278256,0.9425051334702259,0.9802912743899213
Ordinal_Cumulative,Poor,0.10773298083278256,0.944558521560575,0.9802912743899213
Ordinal_Cumulative,Poor,0.1116986120290813,0.944558521560575,0.9802912743899213
Ordinal_Cumulative,Poor,0.1116986120290813,0.946611909650924,0.9802912743899213
Ordinal_Cumulative,Poor,0.11962987442167879,0.946611909650924,0.9802912743899213
Ordinal_Cumulative,Poor,0.11962987442167879,0.9486652977412731,0.9802912743899213
Ordinal_Cumulative,Poor,0.12029081295439524,0.9486652977412731,0.9802912743899213
Ordinal_Cumulative,Poor,0.12029081295439524,0.9507186858316222,0.9802912743899213
Ordinal_Cumulative,Poor,0.12293456708526107,0.9507186858316222,0.9802912743899213
Ordinal_Cumulative,Poor,0.12293456708526107,0.9548254620123203,0.9802912743899213
Ordinal_Cumulative,Poor,0.12425644415069398,0.9548254620123203,0.9802912743899213
Ordinal_Cumulative,Poor,0.12425644415069398,0.9568788501026694,0.9802912743899213
Ordinal_Cumulative,Poor,0.12690019828155982,0.9568788501026694,0.9802912743899213
Ordinal_Cumulative,Poor,0.12690019828155982,0.9589322381930184,0.9802912743899213
Ordinal_Cumulative,Poor,0.1348314606741573,0.9589322381930184,0.9802912743899213
Ordinal_Cumulative,Poor,0.1348314606741573,0.9630390143737166,0.9802912743899213
Ordinal_Cumulative,Poor,0.13549239920687375,0.9630390143737166,0.9802912743899213
Ordinal_Cumulative,Poor,0.13549239920687375,0.9650924024640657,0.9802912743899213
Ordinal_Cumulative,Poor,0.13747521480502314,0.9650924024640657,0.9802912743899213
Ordinal_Cumulative,Poor,0.13747521480502314,0.9671457905544147,0.9802912743899213
Ordinal_Cumulative,Poor,0.1394580304031725,0.9671457905544147,0.9802912743899213
Ordinal_Cumulative,Poor,0.1394580304031725,0.9691991786447639,0.9802912743899213
Ordinal_Cumulative,Poor,0.14540647719762062,0.9691991786447639,0.9802912743899213
Ordinal_Cumulative,Poor,0.14540647719762062,0.971252566735113,0.9802912743899213
Ordinal_Cumulative,Poor,0.15267680105750164,0.971252566735113,0.9802912743899213
Ordinal_Cumulative,Poor,0.15267680105750164,0.973305954825462,0.9802912743899213
Ordinal_Cumulative,Poor,0.15862524785194976,0.973305954825462,0.9802912743899213
Ordinal_Cumulative,Poor,0.15862524785194976,0.9753593429158111,0.9802912743899213
Ordinal_Cumulative,Poor,0.15928618638466624,0.9753593429158111,0.9802912743899213
Ordinal_Cumulative,Poor,0.15928618638466624,0.9774127310061602,0.9802912743899213
Ordinal_Cumulative,Poor,0.16920026437541308,0.9774127310061602,0.9802912743899213
Ordinal_Cumulative,Poor,0.16920026437541308,0.9815195071868583,0.9802912743899213
Ordinal_Cumulative,Poor,0.17713152676801058,0.9815195071868583,0.9802912743899213
Ordinal_Cumulative,Poor,0.17713152676801058,0.9835728952772074,0.9802912743899213
Ordinal_Cumulative,Poor,0.17911434236615995,0.9835728952772074,0.9802912743899213
Ordinal_Cumulative,Poor,0.17911434236615995,0.9856262833675564,0.9802912743899213
Ordinal_Cumulative,Poor,0.18374091209517515,0.9856262833675564,0.9802912743899213
Ordinal_Cumulative,Poor,0.18374091209517515,0.9876796714579056,0.9802912743899213
Ordinal_Cumulative,Poor,0.18704560475875742,0.9876796714579056,0.9802912743899213
Ordinal_Cumulative,Poor,0.18704560475875742,0.9897330595482546,0.9802912743899213
Ordinal_Cumulative,Poor,0.19497686715135493,0.9897330595482546,0.9802912743899213
Ordinal_Cumulative,Poor,0.19497686715135493,0.9917864476386037,0.9802912743899213
Ordinal_Cumulative,Poor,0.21348314606741572,0.9917864476386037,0.9802912743899213
Ordinal_Cumulative,Poor,0.21348314606741572,0.9938398357289527,0.9802912743899213
Ordinal_Cumulative,Poor,0.2617316589557171,0.9938398357289527,0.9802912743899213
Ordinal_Cumulative,Poor,0.2617316589557171,0.9958932238193019,0.9802912743899213
Ordinal_Cumulative,Poor,0.2650363516192994,0.9958932238193019,0.9802912743899213
Ordinal_Cumulative,Poor,0.2650363516192994,0.997946611909651,0.9802912743899213
Ordinal_Cumulative,Poor,0.3152676801057502,0.997946611909651,0.9802912743899213
Ordinal_Cumulative,Poor,0.3152676801057502,1.0,0.9802912743899213
Ordinal_Cumulative,Poor,1.0,1.0,0.9802912743899213
LightGBM_Tuned,Poor,0.0,0.0,0.9739153211523403
LightGBM_Tuned,Poor,0.0,0.002053388090349076,0.9739153211523403
LightGBM_Tuned,Poor,0.0,0.3613963039014374,0.9739153211523403
LightGBM_Tuned,Poor,0.0006609385327164573,0.3613963039014374,0.9739153211523403
LightGBM_Tuned,Poor,0.0006609385327164573,0.4537987679671458,0.9739153211523403
LightGBM_Tuned,Poor,0.0013218770654329147,0.4537987679671458,0.9739153211523403
LightGBM_Tuned,Poor,0.0013218770654329147,0.46406570841889117,0.9739153211523403
LightGBM_Tuned,Poor,0.0019828155981493722,0.46406570841889117,0.9739153211523403
LightGBM_Tuned,Poor,0.0019828155981493722,0.48254620123203285,0.9739153211523403
LightGBM_Tuned,Poor,0.0026437541308658294,0.48254620123203285,0.9739153211523403
LightGBM_Tuned,Poor,0.0026437541308658294,0.5030800821355236,0.9739153211523403
LightGBM_Tuned,Poor,0.003304692663582287,0.5030800821355236,0.9739153211523403
LightGBM_Tuned,Poor,0.003304692663582287,0.5236139630390144,0.9739153211523403
LightGBM_Tuned,Poor,0.0039656311962987445,0.5236139630390144,0.9739153211523403
LightGBM_Tuned,Poor,0.0039656311962987445,0.5400410677618069,0.9739153211523403
LightGBM_Tuned,Poor,0.004626569729015202,0.5400410677618069,0.9739153211523403
LightGBM_Tuned,Poor,0.004626569729015202,0.5420944558521561,0.9739153211523403
LightGBM_Tuned,Poor,0.005287508261731659,0.5420944558521561,0.9739153211523403
LightGBM_Tuned,Poor,0.005287508261731659,0.5564681724845996,0.9739153211523403
LightGBM_Tuned,Poor,0.005948446794448116,0.5564681724845996,0.9739153211523403
LightGBM_Tuned,Poor,0.005948446794448116,0.5708418891170431,0.9739153211523403
LightGBM_Tuned,Poor,0.007270323859881031,0.5708418891170431,0.9739153211523403
LightGBM_Tuned,Poor,0.007270323859881031,0.5811088295687885,0.9739153211523403
LightGBM_Tuned,Poor,0.007931262392597489,0.5811088295687885,0.9739153211523403
LightGBM_Tuned,Poor,0.007931262392597489,0.5872689938398358,0.9739153211523403
LightGBM_Tuned,Poor,0.008592200925313946,0.5872689938398358,0.9739153211523403
LightGBM_Tuned,Poor,0.008592200925313946,0.5893223819301848,0.9739153211523403
LightGBM_Tuned,Poor,0.009253139458030404,0.5893223819301848,0.9739153211523403
LightGBM_Tuned,Poor,0.009253139458030404,0.5995893223819302,0.9739153211523403
LightGBM_Tuned,Poor,0.00991407799074686,0.5995893223819302,0.9739153211523403
LightGBM_Tuned,Poor,0.00991407799074686,0.6036960985626283,0.9739153211523403
LightGBM_Tuned,Poor,0.011896893588896233,0.6036960985626283,0.9739153211523403
LightGBM_Tuned,Poor,0.011896893588896233,0.6180698151950719,0.9739153211523403
LightGBM_Tuned,Poor,0.01255783212161269,0.6180698151950719,0.9739153211523403
LightGBM_Tuned,Poor,0.01255783212161269,0.6591375770020534,0.9739153211523403
LightGBM_Tuned,Poor,0.013218770654329148,0.6591375770020534,0.9739153211523403
LightGBM_Tuned,Poor,0.013218770654329148,0.6611909650924025,0.9739153211523403
LightGBM_Tuned,Poor,0.014540647719762063,0.6611909650924025,0.9739153211523403
LightGBM_Tuned,Poor,0.014540647719762063,0.6776180698151951,0.9739153211523403
LightGBM_Tuned,Poor,0.01520158625247852,0.6776180698151951,0.9739153211523403
LightGBM_Tuned,Poor,0.01520158625247852,0.6858316221765913,0.9739153211523403
LightGBM_Tuned,Poor,0.016523463317911435,0.6858316221765913,0.9739153211523403
LightGBM_Tuned,Poor,0.016523463317911435,0.6878850102669405,0.9739153211523403
LightGBM_Tuned,Poor,0.017184401850627893,0.6878850102669405,0.9739153211523403
LightGBM_Tuned,Poor,0.017184401850627893,0.6899383983572895,0.9739153211523403
LightGBM_Tuned,Poor,0.01784534038334435,0.6899383983572895,0.9739153211523403
LightGBM_Tuned,Poor,0.01784534038334435,0.704312114989733,0.9739153211523403
LightGBM_Tuned,Poor,0.018506278916060808,0.704312114989733,0.9739153211523403
LightGBM_Tuned,Poor,0.018506278916060808,0.7063655030800822,0.9739153211523403
LightGBM_Tuned,Poor,0.019167217448777262,0.7063655030800822,0.9739153211523403
LightGBM_Tuned,Poor,0.019167217448777262,0.7227926078028748,0.9739153211523403
LightGBM_Tuned,Poor,0.01982815598149372,0.7227926078028748,0.9739153211523403
LightGBM_Tuned,Poor,0.01982815598149372,0.7248459958932238,0.9739153211523403
LightGBM_Tuned,Poor,0.020489094514210177,0.7248459958932238,0.9739153211523403
LightGBM_Tuned,Poor,0.020489094514210177,0.7268993839835729,0.9739153211523403
LightGBM_Tuned,Poor,0.021150033046926635,0.7268993839835729,0.9739153211523403
LightGBM_Tuned,Poor,0.021150033046926635,0.731006160164271,0.9739153211523403
LightGBM_Tuned,Poor,0.023132848645076007,0.731006160164271,0.9739153211523403
LightGBM_Tuned,Poor,0.023132848645076007,0.7392197125256673,0.9739153211523403
LightGBM_Tuned,Poor,0.02511566424322538,0.7392197125256673,0.9739153211523403
LightGBM_Tuned,Poor,0.02511566424322538,0.7474332648870636,0.9739153211523403
LightGBM_Tuned,Poor,0.025776602775941838,0.7474332648870636,0.9739153211523403
LightGBM_Tuned,Poor,0.025776602775941838,0.7515400410677618,0.9739153211523403
LightGBM_Tuned,Poor,0.029081295439524125,0.7515400410677618,0.9739153211523403
LightGBM_Tuned,Poor,0.029081295439524125,0.7535934291581109,0.9739153211523403
LightGBM_Tuned,Poor,0.03040317250495704,0.7535934291581109,0.9739153211523403
LightGBM_Tuned,Poor,0.03040317250495704,0.757700205338809,0.9739153211523403
LightGBM_Tuned,Poor,0.031064111037673495,0.757700205338809,0.9739153211523403
LightGBM_Tuned,Poor,0.031064111037673495,0.7597535934291582,0.9739153211523403
LightGBM_Tuned,Poor,0.03238598810310641,0.7597535934291582,0.9739153211523403
LightGBM_Tuned,Poor,0.03238598810310641,0.7638603696098563,0.9739153211523403
LightGBM_Tuned,Poor,0.033707865168539325,0.7638603696098563,0.9739153211523403
LightGBM_Tuned,Poor,0.033707865168539325,0.7659137577002053,0.9739153211523403
LightGBM_Tuned,Poor,0.0356906807666887,0.7659137577002053,0.9739153211523403
LightGBM_Tuned,Poor,0.0356906807666887,0.7679671457905544,0.9739153211523403
LightGBM_Tuned,Poor,0.036351619299405155,0.7679671457905544,0.9739153211523403
LightGBM_Tuned,Poor,0.036351619299405155,0.7700205338809035,0.9739153211523403
LightGBM_Tuned,Poor,0.037012557832121616,0.7700205338809035,0.9739153211523403
LightGBM_Tuned,Poor,0.037012557832121616,0.7720739219712526,0.9739153211523403
LightGBM_Tuned,Poor,0.03767349636483807,0.7720739219712526,0.9739153211523403
LightGBM_Tuned,Poor,0.03767349636483807,0.7761806981519507,0.9739153211523403
LightGBM_Tuned,Poor,0.03965631196298744,0.7761806981519507,0.9739153211523403
LightGBM_Tuned,Poor,0.03965631196298744,0.7864476386036962,0.9739153211523403
LightGBM_Tuned,Poor,0.0403172504957039,0.7864476386036962,0.9739153211523403
LightGBM_Tuned,Poor,0.0403172504957039,0.7905544147843943,0.9739153211523403
LightGBM_Tuned,Poor,0.04296100462656973,0.7905544147843943,0.9739153211523403
LightGBM_Tuned,Poor,0.04296100462656973,0.7926078028747433,0.9739153211523403
LightGBM_Tuned,Poor,0.043621943159286185,0.7926078028747433,0.9739153211523403
LightGBM_Tuned,Poor,0.043621943159286185,0.8049281314168378,0.9739153211523403
LightGBM_Tuned,Poor,0.044282881692002646,0.8049281314168378,0.9739153211523403
LightGBM_Tuned,Poor,0.044282881692002646,0.8090349075975359,0.9739153211523403
LightGBM_Tuned,Poor,0.04560475875743556,0.8090349075975359,0.9739153211523403
LightGBM_Tuned,Poor,0.04560475875743556,0.811088295687885,0.9739153211523403
LightGBM_Tuned,Poor,0.046265697290152015,0.811088295687885,0.9739153211523403
LightGBM_Tuned,Poor,0.046265697290152015,0.8172484599589322,0.9739153211523403
LightGBM_Tuned,Poor,0.046926635822868476,0.8172484599589322,0.9739153211523403
LightGBM_Tuned,Poor,0.046926635822868476,0.8193018480492813,0.9739153211523403
LightGBM_Tuned,Poor,0.04758757435558493,0.8193018480492813,0.9739153211523403
LightGBM_Tuned,Poor,0.04758757435558493,0.8213552361396304,0.9739153211523403
LightGBM_Tuned,Poor,0.048909451421017845,0.8213552361396304,0.9739153211523403
LightGBM_Tuned,Poor,0.048909451421017845,0.8234086242299795,0.9739153211523403
LightGBM_Tuned,Poor,0.05023132848645076,0.8234086242299795,0.9739153211523403
LightGBM_Tuned,Poor,0.05023132848645076,0.8254620123203286,0.9739153211523403
LightGBM_Tuned,Poor,0.050892267019167214,0.8254620123203286,0.9739153211523403
LightGBM_Tuned,Poor,0.050892267019167214,0.8316221765913757,0.9739153211523403
LightGBM_Tuned,Poor,0.051553205551883675,0.8316221765913757,0.9739153211523403
LightGBM_Tuned,Poor,0.051553205551883675,0.8336755646817249,0.9739153211523403
LightGBM_Tuned,Poor,0.05287508261731659,0.8336755646817249,0.9739153211523403
LightGBM_Tuned,Poor,0.05287508261731659,0.8357289527720739,0.9739153211523403
LightGBM_Tuned,Poor,0.053536021150033045,0.8357289527720739,0.9739153211523403
LightGBM_Tuned,Poor,0.053536021150033045,0.837782340862423,0.9739153211523403
LightGBM_Tuned,Poor,0.05485789821546596,0.837782340862423,0.9739153211523403
LightGBM_Tuned,Poor,0.05485789821546596,0.8418891170431212,0.9739153211523403
LightGBM_Tuned,Poor,0.056840713813615336,0.8418891170431212,0.9739153211523403
LightGBM_Tuned,Poor,0.056840713813615336,0.8459958932238193,0.9739153211523403
LightGBM_Tuned,Poor,0.05750165234633179,0.8459958932238193,0.9739153211523403
LightGBM_Tuned,Poor,0.05750165234633179,0.8480492813141683,0.9739153211523403
LightGBM_Tuned,Poor,0.05816259087904825,0.8480492813141683,0.9739153211523403
LightGBM_Tuned,Poor,0.05816259087904825,0.8501026694045175,0.9739153211523403
LightGBM_Tuned,Poor,0.058823529411764705,0.8501026694045175,0.9739153211523403
LightGBM_Tuned,Poor,0.058823529411764705,0.8521560574948666,0.9739153211523403
LightGBM_Tuned,Poor,0.059484467944481166,0.8521560574948666,0.9739153211523403
LightGBM_Tuned,Poor,0.059484467944481166,0.8562628336755647,0.9739153211523403
LightGBM_Tuned,Poor,0.06080634500991408,0.8562628336755647,0.9739153211523403
LightGBM_Tuned,Poor,0.06080634500991408,0.8583162217659137,0.9739153211523403
LightGBM_Tuned,Poor,0.061467283542630535,0.8583162217659137,0.9739153211523403
LightGBM_Tuned,Poor,0.061467283542630535,0.8603696098562629,0.9739153211523403
LightGBM_Tuned,Poor,0.06212822207534699,0.8603696098562629,0.9739153211523403
LightGBM_Tuned,Poor,0.06212822207534699,0.8624229979466119,0.9739153211523403
LightGBM_Tuned,Poor,0.06278916060806344,0.8624229979466119,0.9739153211523403
LightGBM_Tuned,Poor,0.06278916060806344,0.864476386036961,0.9739153211523403
LightGBM_Tuned,Poor,0.06411103767349637,0.864476386036961,0.9739153211523403
LightGBM_Tuned,Poor,0.06411103767349637,0.86652977412731,0.9739153211523403
LightGBM_Tuned,Poor,0.06609385327164574,0.86652977412731,0.9739153211523403
LightGBM_Tuned,Poor,0.06609385327164574,0.8706365503080082,0.9739153211523403
LightGBM_Tuned,Poor,0.0667547918043622,0.8706365503080082,0.9739153211523403
LightGBM_Tuned,Poor,0.0667547918043622,0.8767967145790554,0.9739153211523403
LightGBM_Tuned,Poor,0.06741573033707865,0.8767967145790554,0.9739153211523403
LightGBM_Tuned,Poor,0.06741573033707865,0.8788501026694046,0.9739153211523403
LightGBM_Tuned,Poor,0.06873760740251157,0.8788501026694046,0.9739153211523403
LightGBM_Tuned,Poor,0.06873760740251157,0.8809034907597536,0.9739153211523403
LightGBM_Tuned,Poor,0.07072042300066093,0.8809034907597536,0.9739153211523403
LightGBM_Tuned,Poor,0.07072042300066093,0.8870636550308009,0.9739153211523403
LightGBM_Tuned,Poor,0.07204230006609386,0.8870636550308009,0.9739153211523403
LightGBM_Tuned,Poor,0.07204230006609386,0.8891170431211499,0.9739153211523403
LightGBM_Tuned,Poor,0.07270323859881031,0.8891170431211499,0.9739153211523403
LightGBM_Tuned,Poor,0.07270323859881031,0.891170431211499,0.9739153211523403
LightGBM_Tuned,Poor,0.07336417713152676,0.891170431211499,0.9739153211523403
LightGBM_Tuned,Poor,0.07336417713152676,0.893223819301848,0.9739153211523403
LightGBM_Tuned,Poor,0.07402511566424323,0.893223819301848,0.9739153211523403
LightGBM_Tuned,Poor,0.07402511566424323,0.8952772073921971,0.9739153211523403
LightGBM_Tuned,Poor,0.07865168539325842,0.8952772073921971,0.9739153211523403
LightGBM_Tuned,Poor,0.07865168539325842,0.8973305954825462,0.9739153211523403
LightGBM_Tuned,Poor,0.0806345009914078,0.8973305954825462,0.9739153211523403
LightGBM_Tuned,Poor,0.0806345009914078,0.8993839835728953,0.9739153211523403
LightGBM_Tuned,Poor,0.08261731658955718,0.8993839835728953,0.9739153211523403
LightGBM_Tuned,Poor,0.08261731658955718,0.9014373716632443,0.9739153211523403
LightGBM_Tuned,Poor,0.08790482485128882,0.9014373716632443,0.9739153211523403
LightGBM_Tuned,Poor,0.08790482485128882,0.9034907597535934,0.9739153211523403
LightGBM_Tuned,Poor,0.0898876404494382,0.9034907597535934,0.9739153211523403
LightGBM_Tuned,Poor,0.0898876404494382,0.9055441478439425,0.9739153211523403
LightGBM_Tuned,Poor,0.09054857898215465,0.9055441478439425,0.9739153211523403
LightGBM_Tuned,Poor,0.09054857898215465,0.9075975359342916,0.9739153211523403
LightGBM_Tuned,Poor,0.09385327164573695,0.9075975359342916,0.9739153211523403
LightGBM_Tuned,Poor,0.09385327164573695,0.9096509240246407,0.9739153211523403
LightGBM_Tuned,Poor,0.09517514871116986,0.9096509240246407,0.9739153211523403
LightGBM_Tuned,Poor,0.09517514871116986,0.9117043121149897,0.9739153211523403
LightGBM_Tuned,Poor,0.09583608724388631,0.9117043121149897,0.9739153211523403
LightGBM_Tuned,Poor,0.09583608724388631,0.9158110882956879,0.9739153211523403
LightGBM_Tuned,Poor,0.09649702577660278,0.9158110882956879,0.9739153211523403
LightGBM_Tuned,Poor,0.09649702577660278,0.917864476386037,0.9739153211523403
LightGBM_Tuned,Poor,0.10112359550561797,0.917864476386037,0.9739153211523403
LightGBM_Tuned,Poor,0.10112359550561797,0.919917864476386,0.9739153211523403
LightGBM_Tuned,Poor,0.10442828816920026,0.919917864476386,0.9739153211523403
LightGBM_Tuned,Poor,0.10442828816920026,0.9219712525667351,0.9739153211523403
LightGBM_Tuned,Poor,0.10508922670191673,0.9219712525667351,0.9739153211523403
LightGBM_Tuned,Poor,0.10508922670191673,0.9240246406570842,0.9739153211523403
LightGBM_Tuned,Poor,0.10773298083278256,0.9240246406570842,0.9739153211523403
LightGBM_Tuned,Poor,0.10773298083278256,0.9260780287474333,0.9739153211523403
LightGBM_Tuned,Poor,0.10971579643093192,0.9260780287474333,0.9739153211523403
LightGBM_Tuned,Poor,0.10971579643093192,0.9281314168377823,0.9739153211523403
LightGBM_Tuned,Poor,0.11103767349636484,0.9281314168377823,0.9739153211523403
LightGBM_Tuned,Poor,0.11103767349636484,0.9301848049281314,0.9739153211523403
LightGBM_Tuned,Poor,0.1163251817580965,0.9301848049281314,0.9739153211523403
LightGBM_Tuned,Poor,0.1163251817580965,0.9322381930184805,0.9739153211523403
LightGBM_Tuned,Poor,0.11962987442167879,0.9322381930184805,0.9739153211523403
LightGBM_Tuned,Poor,0.11962987442167879,0.9342915811088296,0.9739153211523403
LightGBM_Tuned,Poor,0.12029081295439524,0.9342915811088296,0.9739153211523403
LightGBM_Tuned,Poor,0.12029081295439524,0.9363449691991786,0.9739153211523403
LightGBM_Tuned,Poor,0.12359550561797752,0.9363449691991786,0.9739153211523403
LightGBM_Tuned,Poor,0.12359550561797752,0.9383983572895277,0.9739153211523403
LightGBM_Tuned,Poor,0.12491738268341045,0.9383983572895277,0.9739153211523403
LightGBM_Tuned,Poor,0.12491738268341045,0.9404517453798767,0.9739153211523403
LightGBM_Tuned,Poor,0.13152676801057503,0.9404517453798767,0.9739153211523403
LightGBM_Tuned,Poor,0.13152676801057503,0.9425051334702259,0.9739153211523403
LightGBM_Tuned,Poor,0.13417052214144085,0.9425051334702259,0.9739153211523403
LightGBM_Tuned,Poor,0.13417052214144085,0.944558521560575,0.9739153211523403
LightGBM_Tuned,Poor,0.1348314606741573,0.944558521560575,0.9739153211523403
LightGBM_Tuned,Poor,0.1348314606741573,0.946611909650924,0.9739153211523403
LightGBM_Tuned,Poor,0.13747521480502314,0.946611909650924,0.9739153211523403
LightGBM_Tuned,Poor,0.13747521480502314,0.9486652977412731,0.9739153211523403
LightGBM_Tuned,Poor,0.14144084600132187,0.9486652977412731,0.9739153211523403
LightGBM_Tuned,Poor,0.14144084600132187,0.9527720739219713,0.9739153211523403
LightGBM_Tuned,Poor,0.15003304692663583,0.9527720739219713,0.9739153211523403
LightGBM_Tuned,Poor,0.15003304692663583,0.9568788501026694,0.9739153211523403
LightGBM_Tuned,Poor,0.15069398545935228,0.9568788501026694,0.9739153211523403
LightGBM_Tuned,Poor,0.15069398545935228,0.9589322381930184,0.9739153211523403
LightGBM_Tuned,Poor,0.15598149372108394,0.9589322381930184,0.9739153211523403
LightGBM_Tuned,Poor,0.15598149372108394,0.9609856262833676,0.9739153211523403
LightGBM_Tuned,Poor,0.15730337078651685,0.9609856262833676,0.9739153211523403
LightGBM_Tuned,Poor,0.15730337078651685,0.9630390143737166,0.9739153211523403
LightGBM_Tuned,Poor,0.15862524785194976,0.9630390143737166,0.9739153211523403
LightGBM_Tuned,Poor,0.15862524785194976,0.9650924024640657,0.9739153211523403
LightGBM_Tuned,Poor,0.1625908790482485,0.9650924024640657,0.9739153211523403
LightGBM_Tuned,Poor,0.1625908790482485,0.9691991786447639,0.9739153211523403
LightGBM_Tuned,Poor,0.16721744877726372,0.9691991786447639,0.9739153211523403
LightGBM_Tuned,Poor,0.16721744877726372,0.971252566735113,0.9739153211523403
LightGBM_Tuned,Poor,0.17184401850627892,0.971252566735113,0.9739153211523403
LightGBM_Tuned,Poor,0.17184401850627892,0.973305954825462,0.9739153211523403
LightGBM_Tuned,Poor,0.17647058823529413,0.973305954825462,0.9739153211523403
LightGBM_Tuned,Poor,0.17647058823529413,0.9753593429158111,0.9739153211523403
LightGBM_Tuned,Poor,0.1784534038334435,0.9753593429158111,0.9739153211523403
LightGBM_Tuned,Poor,0.1784534038334435,0.9774127310061602,0.9739153211523403
LightGBM_Tuned,Poor,0.1817580964970258,0.9774127310061602,0.9739153211523403
LightGBM_Tuned,Poor,0.1817580964970258,0.9815195071868583,0.9739153211523403
LightGBM_Tuned,Poor,0.18374091209517515,0.9815195071868583,0.9739153211523403
LightGBM_Tuned,Poor,0.18374091209517515,0.9835728952772074,0.9739153211523403
LightGBM_Tuned,Poor,0.18572372769332451,0.9835728952772074,0.9739153211523403
LightGBM_Tuned,Poor,0.18572372769332451,0.9856262833675564,0.9739153211523403
LightGBM_Tuned,Poor,0.21414408460013218,0.9856262833675564,0.9739153211523403
LightGBM_Tuned,Poor,0.21414408460013218,0.9876796714579056,0.9739153211523403
LightGBM_Tuned,Poor,0.22141440846001323,0.9876796714579056,0.9739153211523403
LightGBM_Tuned,Poor,0.22141440846001323,0.9897330595482546,0.9739153211523403
LightGBM_Tuned,Poor,0.2498347653668209,0.9897330595482546,0.9739153211523403
LightGBM_Tuned,Poor,0.2498347653668209,0.9917864476386037,0.9739153211523403
LightGBM_Tuned,Poor,0.25313945803040316,0.9917864476386037,0.9739153211523403
LightGBM_Tuned,Poor,0.25313945803040316,0.9938398357289527,0.9739153211523403
LightGBM_Tuned,Poor,0.2723066754791804,0.9938398357289527,0.9739153211523403
LightGBM_Tuned,Poor,0.2723066754791804,0.9958932238193019,0.9739153211523403
LightGBM_Tuned,Poor,0.29610046265697293,0.9958932238193019,0.9739153211523403
LightGBM_Tuned,Poor,0.29610046265697293,0.997946611909651,0.9739153211523403
LightGBM_Tuned,Poor,0.35756774619960346,0.997946611909651,0.9739153211523403
LightGBM_Tuned,Poor,0.35756774619960346,1.0,0.9739153211523403
LightGBM_Tuned,Poor,1.0,1.0,0.9739153211523403
Stacking,Poor,0.0,0.0,0.9810458571911334
Stacking,Poor,0.0,0.002053388090349076,0.9810458571911334
Stacking,Poor,0.0,0.3921971252566735,0.9810458571911334
Stacking,Poor,0.0006609385327164573,0.3921971252566735,0.9810458571911334
Stacking,Poor,0.0006609385327164573,0.48254620123203285,0.9810458571911334
Stacking,Poor,0.0019828155981493722,0.48254620123203285,0.9810458571911334
Stacking,Poor,0.0019828155981493722,0.4989733059548255,0.9810458571911334
Stacking,Poor,0.0026437541308658294,0.4989733059548255,0.9810458571911334
Stacking,Poor,0.0026437541308658294,0.5338809034907598,0.9810458571911334
Stacking,Poor,0.003304692663582287,0.5338809034907598,0.9810458571911334
Stacking,Poor,0.003304692663582287,0.5482546201232033,0.9810458571911334
Stacking,Poor,0.0039656311962987445,0.5482546201232033,0.9810458571911334
Stacking,Poor,0.0039656311962987445,0.5503080082135524,0.9810458571911334
Stacking,Poor,0.004626569729015202,0.5503080082135524,0.9810458571911334
Stacking,Poor,0.004626569729015202,0.5687885010266941,0.9810458571911334
Stacking,Poor,0.005287508261731659,0.5687885010266941,0.9810458571911334
Stacking,Poor,0.005287508261731659,0.5790554414784395,0.9810458571911334
Stacking,Poor,0.005948446794448116,0.5790554414784395,0.9810458571911334
Stacking,Poor,0.005948446794448116,0.5934291581108829,0.9810458571911334
Stacking,Poor,0.006609385327164574,0.5934291581108829,0.9810458571911334
Stacking,Poor,0.006609385327164574,0.6119096509240246,0.9810458571911334
Stacking,Poor,0.007270323859881031,0.6119096509240246,0.9810458571911334
Stacking,Poor,0.007270323859881031,0.6365503080082136,0.9810458571911334
Stacking,Poor,0.008592200925313946,0.6365503080082136,0.9810458571911334
Stacking,Poor,0.008592200925313946,0.6591375770020534,0.9810458571911334
Stacking,Poor,0.011235955056179775,0.6591375770020534,0.9810458571911334
Stacking,Poor,0.011235955056179775,0.6858316221765913,0.9810458571911334
Stacking,Poor,0.011896893588896233,0.6858316221765913,0.9810458571911334
Stacking,Poor,0.011896893588896233,0.7002053388090349,0.9810458571911334
Stacking,Poor,0.01255783212161269,0.7002053388090349,0.9810458571911334
Stacking,Poor,0.01255783212161269,0.7125256673511293,0.9810458571911334
Stacking,Poor,0.013218770654329148,0.7125256673511293,0.9810458571911334
Stacking,Poor,0.013218770654329148,0.7145790554414785,0.9810458571911334
Stacking,Poor,0.013879709187045605,0.7145790554414785,0.9810458571911334
Stacking,Poor,0.013879709187045605,0.7166324435318275,0.9810458571911334
Stacking,Poor,0.014540647719762063,0.7166324435318275,0.9810458571911334
Stacking,Poor,0.014540647719762063,0.7371663244353183,0.9810458571911334
Stacking,Poor,0.01520158625247852,0.7371663244353183,0.9810458571911334
Stacking,Poor,0.01520158625247852,0.7515400410677618,0.9810458571911334
Stacking,Poor,0.015862524785194978,0.7515400410677618,0.9810458571911334
Stacking,Poor,0.015862524785194978,0.75564681724846,0.9810458571911334
Stacking,Poor,0.019167217448777262,0.75564681724846,0.9810458571911334
Stacking,Poor,0.019167217448777262,0.757700205338809,0.9810458571911334
Stacking,Poor,0.01982815598149372,0.757700205338809,0.9810458571911334
Stacking,Poor,0.01982815598149372,0.7597535934291582,0.9810458571911334
Stacking,Poor,0.021150033046926635,0.7597535934291582,0.9810458571911334
Stacking,Poor,0.021150033046926635,0.7638603696098563,0.9810458571911334
Stacking,Poor,0.021810971579643092,0.7638603696098563,0.9810458571911334
Stacking,Poor,0.021810971579643092,0.7700205338809035,0.9810458571911334
Stacking,Poor,0.024454725710508923,0.7700205338809035,0.9810458571911334
Stacking,Poor,0.024454725710508923,0.7946611909650924,0.9810458571911334
Stacking,Poor,0.02511566424322538,0.7946611909650924,0.9810458571911334
Stacking,Poor,0.02511566424322538,0.8028747433264887,0.9810458571911334
Stacking,Poor,0.025776602775941838,0.8028747433264887,0.9810458571911334
Stacking,Poor,0.025776602775941838,0.8090349075975359,0.9810458571911334
Stacking,Poor,0.026437541308658295,0.8090349075975359,0.9810458571911334
Stacking,Poor,0.026437541308658295,0.811088295687885,0.9810458571911334
Stacking,Poor,0.027098479841374753,0.811088295687885,0.9810458571911334
Stacking,Poor,0.027098479841374753,0.813141683778234,0.9810458571911334
Stacking,Poor,0.028420356906807668,0.813141683778234,0.9810458571911334
Stacking,Poor,0.028420356906807668,0.8234086242299795,0.9810458571911334
Stacking,Poor,0.029742233972240583,0.8234086242299795,0.9810458571911334
Stacking,Poor,0.029742233972240583,0.8275154004106776,0.9810458571911334
Stacking,Poor,0.03040317250495704,0.8275154004106776,0.9810458571911334
Stacking,Poor,0.03040317250495704,0.8295687885010267,0.9810458571911334
Stacking,Poor,0.031064111037673495,0.8295687885010267,0.9810458571911334
Stacking,Poor,0.031064111037673495,0.8336755646817249,0.9810458571911334
Stacking,Poor,0.031725049570389956,0.8336755646817249,0.9810458571911334
Stacking,Poor,0.031725049570389956,0.8357289527720739,0.9810458571911334
Stacking,Poor,0.03238598810310641,0.8357289527720739,0.9810458571911334
Stacking,Poor,0.03238598810310641,0.837782340862423,0.9810458571911334
Stacking,Poor,0.03304692663582287,0.837782340862423,0.9810458571911334
Stacking,Poor,0.03304692663582287,0.839835728952772,0.9810458571911334
Stacking,Poor,0.03502974223397224,0.839835728952772,0.9810458571911334
Stacking,Poor,0.03502974223397224,0.8459958932238193,0.9810458571911334
Stacking,Poor,0.03767349636483807,0.8459958932238193,0.9810458571911334
Stacking,Poor,0.03767349636483807,0.8480492813141683,0.9810458571911334
Stacking,Poor,0.038334434897554524,0.8480492813141683,0.9810458571911334
Stacking,Poor,0.038334434897554524,0.8521560574948666,0.9810458571911334
Stacking,Poor,0.0403172504957039,0.8521560574948666,0.9810458571911334
Stacking,Poor,0.0403172504957039,0.8542094455852156,0.9810458571911334
Stacking,Poor,0.040978189028420355,0.8542094455852156,0.9810458571911334
Stacking,Poor,0.040978189028420355,0.86652977412731,0.9810458571911334
Stacking,Poor,0.041639127561136816,0.86652977412731,0.9810458571911334
Stacking,Poor,0.041639127561136816,0.8685831622176592,0.9810458571911334
Stacking,Poor,0.04296100462656973,0.8685831622176592,0.9810458571911334
Stacking,Poor,0.04296100462656973,0.8726899383983573,0.9810458571911334
Stacking,Poor,0.044282881692002646,0.8726899383983573,0.9810458571911334
Stacking,Poor,0.044282881692002646,0.8747433264887063,0.9810458571911334
Stacking,Poor,0.0449438202247191,0.8747433264887063,0.9810458571911334
Stacking,Poor,0.0449438202247191,0.8767967145790554,0.9810458571911334
Stacking,Poor,0.046265697290152015,0.8767967145790554,0.9810458571911334
Stacking,Poor,0.046265697290152015,0.8788501026694046,0.9810458571911334
Stacking,Poor,0.046926635822868476,0.8788501026694046,0.9810458571911334
Stacking,Poor,0.046926635822868476,0.8829568788501027,0.9810458571911334
Stacking,Poor,0.04824851288830139,0.8829568788501027,0.9810458571911334
Stacking,Poor,0.04824851288830139,0.8850102669404517,0.9810458571911334
Stacking,Poor,0.048909451421017845,0.8850102669404517,0.9810458571911334
Stacking,Poor,0.048909451421017845,0.8870636550308009,0.9810458571911334
Stacking,Poor,0.05287508261731659,0.8870636550308009,0.9810458571911334
Stacking,Poor,0.05287508261731659,0.8891170431211499,0.9810458571911334
Stacking,Poor,0.054196959682749506,0.8891170431211499,0.9810458571911334
Stacking,Poor,0.054196959682749506,0.893223819301848,0.9810458571911334
Stacking,Poor,0.05551883674818242,0.893223819301848,0.9810458571911334
Stacking,Poor,0.05551883674818242,0.8952772073921971,0.9810458571911334
Stacking,Poor,0.056179775280898875,0.8952772073921971,0.9810458571911334
Stacking,Poor,0.056179775280898875,0.8973305954825462,0.9810458571911334
Stacking,Poor,0.059484467944481166,0.8973305954825462,0.9810458571911334
Stacking,Poor,0.059484467944481166,0.8993839835728953,0.9810458571911334
Stacking,Poor,0.06080634500991408,0.8993839835728953,0.9810458571911334
Stacking,Poor,0.06080634500991408,0.9014373716632443,0.9810458571911334
Stacking,Poor,0.06411103767349637,0.9014373716632443,0.9810458571911334
Stacking,Poor,0.06411103767349637,0.9055441478439425,0.9810458571911334
Stacking,Poor,0.06609385327164574,0.9055441478439425,0.9810458571911334
Stacking,Poor,0.06609385327164574,0.9075975359342916,0.9810458571911334
Stacking,Poor,0.07204230006609386,0.9075975359342916,0.9810458571911334
Stacking,Poor,0.07204230006609386,0.9096509240246407,0.9810458571911334
Stacking,Poor,0.07534699272967614,0.9096509240246407,0.9810458571911334
Stacking,Poor,0.07534699272967614,0.9117043121149897,0.9810458571911334
Stacking,Poor,0.07732980832782552,0.9117043121149897,0.9810458571911334
Stacking,Poor,0.07732980832782552,0.9137577002053389,0.9810458571911334
Stacking,Poor,0.07865168539325842,0.9137577002053389,0.9810458571911334
Stacking,Poor,0.07865168539325842,0.9158110882956879,0.9810458571911334
Stacking,Poor,0.0806345009914078,0.9158110882956879,0.9810458571911334
Stacking,Poor,0.0806345009914078,0.919917864476386,0.9810458571911334
Stacking,Poor,0.08129543952412426,0.919917864476386,0.9810458571911334
Stacking,Poor,0.08129543952412426,0.9219712525667351,0.9810458571911334
Stacking,Poor,0.08393919365499009,0.9219712525667351,0.9810458571911334
Stacking,Poor,0.08393919365499009,0.9260780287474333,0.9810458571911334
Stacking,Poor,0.08724388631857237,0.9260780287474333,0.9810458571911334
Stacking,Poor,0.08724388631857237,0.9281314168377823,0.9810458571911334
Stacking,Poor,0.08790482485128882,0.9281314168377823,0.9810458571911334
Stacking,Poor,0.08790482485128882,0.9301848049281314,0.9810458571911334
Stacking,Poor,0.08922670191672175,0.9301848049281314,0.9810458571911334
Stacking,Poor,0.08922670191672175,0.9322381930184805,0.9810458571911334
Stacking,Poor,0.09319233311302048,0.9322381930184805,0.9810458571911334
Stacking,Poor,0.09319233311302048,0.9342915811088296,0.9810458571911334
Stacking,Poor,0.0945142101784534,0.9342915811088296,0.9810458571911334
Stacking,Poor,0.0945142101784534,0.9363449691991786,0.9810458571911334
Stacking,Poor,0.09517514871116986,0.9363449691991786,0.9810458571911334
Stacking,Poor,0.09517514871116986,0.9425051334702259,0.9810458571911334
Stacking,Poor,0.09715796430931924,0.9425051334702259,0.9810458571911334
Stacking,Poor,0.09715796430931924,0.944558521560575,0.9810458571911334
Stacking,Poor,0.09847984137475214,0.944558521560575,0.9810458571911334
Stacking,Poor,0.09847984137475214,0.9486652977412731,0.9810458571911334
Stacking,Poor,0.10046265697290152,0.9486652977412731,0.9810458571911334
Stacking,Poor,0.10046265697290152,0.9507186858316222,0.9810458571911334
Stacking,Poor,0.1116986120290813,0.9507186858316222,0.9810458571911334
Stacking,Poor,0.1116986120290813,0.9527720739219713,0.9810458571911334
Stacking,Poor,0.11235955056179775,0.9527720739219713,0.9810458571911334
Stacking,Poor,0.11235955056179775,0.9548254620123203,0.9810458571911334
Stacking,Poor,0.1163251817580965,0.9548254620123203,0.9810458571911334
Stacking,Poor,0.1163251817580965,0.9568788501026694,0.9810458571911334
Stacking,Poor,0.1209517514871117,0.9568788501026694,0.9810458571911334
Stacking,Poor,0.1209517514871117,0.9609856262833676,0.9810458571911334
Stacking,Poor,0.12623925974884337,0.9609856262833676,0.9810458571911334
Stacking,Poor,0.12623925974884337,0.9650924024640657,0.9810458571911334
Stacking,Poor,0.13086582947785855,0.9650924024640657,0.9810458571911334
Stacking,Poor,0.13086582947785855,0.971252566735113,0.9810458571911334
Stacking,Poor,0.13152676801057503,0.971252566735113,0.9810458571911334
Stacking,Poor,0.13152676801057503,0.973305954825462,0.9810458571911334
Stacking,Poor,0.1394580304031725,0.973305954825462,0.9810458571911334
Stacking,Poor,0.1394580304031725,0.9753593429158111,0.9810458571911334
Stacking,Poor,0.14672835426305353,0.9753593429158111,0.9810458571911334
Stacking,Poor,0.14672835426305353,0.9774127310061602,0.9810458571911334
Stacking,Poor,0.14937210839391937,0.9774127310061602,0.9810458571911334
Stacking,Poor,0.14937210839391937,0.9794661190965093,0.9810458571911334
Stacking,Poor,0.15003304692663583,0.9794661190965093,0.9810458571911334
Stacking,Poor,0.15003304692663583,0.9815195071868583,0.9810458571911334
Stacking,Poor,0.1612690019828156,0.9815195071868583,0.9810458571911334
Stacking,Poor,0.1612690019828156,0.9835728952772074,0.9810458571911334
Stacking,Poor,0.16457369464639787,0.9835728952772074,0.9810458571911334
Stacking,Poor,0.16457369464639787,0.9856262833675564,0.9810458571911334
Stacking,Poor,0.16986120290812953,0.9856262833675564,0.9810458571911334
Stacking,Poor,0.16986120290812953,0.9876796714579056,0.9810458571911334
Stacking,Poor,0.17184401850627892,0.9876796714579056,0.9810458571911334
Stacking,Poor,0.17184401850627892,0.9897330595482546,0.9810458571911334
Stacking,Poor,0.18241903502974224,0.9897330595482546,0.9810458571911334
Stacking,Poor,0.18241903502974224,0.9917864476386037,0.9810458571911334
Stacking,Poor,0.19894249834765368,0.9917864476386037,0.9810458571911334
Stacking,Poor,0.19894249834765368,0.9938398357289527,0.9810458571911334
Stacking,Poor,0.20356906807666886,0.9938398357289527,0.9810458571911334
Stacking,Poor,0.20356906807666886,0.9958932238193019,0.9810458571911334
Stacking,Poor,0.24124256444150693,0.9958932238193019,0.9810458571911334
Stacking,Poor,0.24124256444150693,0.997946611909651,0.9810458571911334
Stacking,Poor,0.25313945803040316,0.997946611909651,0.9810458571911334
Stacking,Poor,0.25313945803040316,1.0,0.9810458571911334
Stacking,Poor,1.0,1.0,0.9810458571911334
Multinomial_Logistic,Average,0.0,0.0,0.9066540948275862
Multinomial_Logistic,Average,0.0,0.0021551724137931034,0.9066540948275862
Multinomial_Logistic,Average,0.0,0.00646551724137931,0.9066540948275862
Multinomial_Logistic,Average,0.0006510416666666666,0.00646551724137931,0.9066540948275862
Multinomial_Logistic,Average,0.0006510416666666666,0.034482758620689655,0.9066540948275862
Multinomial_Logistic,Average,0.0013020833333333333,0.034482758620689655,0.9066540948275862
Multinomial_Logistic,Average,0.0013020833333333333,0.040948275862068964,0.9066540948275862
Multinomial_Logistic,Average,0.0026041666666666665,0.040948275862068964,0.9066540948275862
Multinomial_Logistic,Average,0.0026041666666666665,0.06896551724137931,0.9066540948275862
Multinomial_Logistic,Average,0.0032552083333333335,0.06896551724137931,0.9066540948275862
Multinomial_Logistic,Average,0.0032552083333333335,0.07758620689655173,0.9066540948275862
Multinomial_Logistic,Average,0.00390625,0.07758620689655173,0.9066540948275862
Multinomial_Logistic,Average,0.00390625,0.07974137931034483,0.9066540948275862
Multinomial_Logistic,Average,0.004557291666666667,0.07974137931034483,0.9066540948275862
Multinomial_Logistic,Average,0.004557291666666667,0.08189655172413793,0.9066540948275862
Multinomial_Logistic,Average,0.005208333333333333,0.08189655172413793,0.9066540948275862
Multinomial_Logistic,Average,0.005208333333333333,0.08836206896551724,0.9066540948275862
Multinomial_Logistic,Average,0.005859375,0.08836206896551724,0.9066540948275862
Multinomial_Logistic,Average,0.005859375,0.09698275862068965,0.9066540948275862
Multinomial_Logistic,Average,0.006510416666666667,0.09698275862068965,0.9066540948275862
Multinomial_Logistic,Average,0.006510416666666667,0.09913793103448276,0.9066540948275862
Multinomial_Logistic,Average,0.007161458333333333,0.09913793103448276,0.9066540948275862
Multinomial_Logistic,Average,0.007161458333333333,0.10344827586206896,0.9066540948275862
Multinomial_Logistic,Average,0.0078125,0.10344827586206896,0.9066540948275862
Multinomial_Logistic,Average,0.0078125,0.125,0.9066540948275862
Multinomial_Logistic,Average,0.008463541666666666,0.125,0.9066540948275862
Multinomial_Logistic,Average,0.008463541666666666,0.13577586206896552,0.9066540948275862
Multinomial_Logistic,Average,0.009114583333333334,0.13577586206896552,0.9066540948275862
Multinomial_Logistic,Average,0.009114583333333334,0.14224137931034483,0.9066540948275862
Multinomial_Logistic,Average,0.009765625,0.14224137931034483,0.9066540948275862
Multinomial_Logistic,Average,0.009765625,0.14655172413793102,0.9066540948275862
Multinomial_Logistic,Average,0.010416666666666666,0.14655172413793102,0.9066540948275862
Multinomial_Logistic,Average,0.010416666666666666,0.15086206896551724,0.9066540948275862
Multinomial_Logistic,Average,0.011067708333333334,0.15086206896551724,0.9066540948275862
Multinomial_Logistic,Average,0.011067708333333334,0.15517241379310345,0.9066540948275862
Multinomial_Logistic,Average,0.01171875,0.15517241379310345,0.9066540948275862
Multinomial_Logistic,Average,0.01171875,0.15948275862068967,0.9066540948275862
Multinomial_Logistic,Average,0.013020833333333334,0.15948275862068967,0.9066540948275862
Multinomial_Logistic,Average,0.013020833333333334,0.17025862068965517,0.9066540948275862
Multinomial_Logistic,Average,0.013671875,0.17025862068965517,0.9066540948275862
Multinomial_Logistic,Average,0.013671875,0.1724137931034483,0.9066540948275862
Multinomial_Logistic,Average,0.014322916666666666,0.1724137931034483,0.9066540948275862
Multinomial_Logistic,Average,0.014322916666666666,0.1896551724137931,0.9066540948275862
Multinomial_Logistic,Average,0.014973958333333334,0.1896551724137931,0.9066540948275862
Multinomial_Logistic,Average,0.014973958333333334,0.1961206896551724,0.9066540948275862
Multinomial_Logistic,Average,0.015625,0.1961206896551724,0.9066540948275862
Multinomial_Logistic,Average,0.015625,0.20043103448275862,0.9066540948275862
Multinomial_Logistic,Average,0.016276041666666668,0.20043103448275862,0.9066540948275862
Multinomial_Logistic,Average,0.016276041666666668,0.21120689655172414,0.9066540948275862
Multinomial_Logistic,Average,0.017578125,0.21120689655172414,0.9066540948275862
Multinomial_Logistic,Average,0.017578125,0.21551724137931033,0.9066540948275862
Multinomial_Logistic,Average,0.018229166666666668,0.21551724137931033,0.9066540948275862
Multinomial_Logistic,Average,0.018229166666666668,0.21982758620689655,0.9066540948275862
Multinomial_Logistic,Average,0.018880208333333332,0.21982758620689655,0.9066540948275862
Multinomial_Logistic,Average,0.018880208333333332,0.22198275862068967,0.9066540948275862
Multinomial_Logistic,Average,0.01953125,0.22198275862068967,0.9066540948275862
Multinomial_Logistic,Average,0.01953125,0.22844827586206898,0.9066540948275862
Multinomial_Logistic,Average,0.020833333333333332,0.22844827586206898,0.9066540948275862
Multinomial_Logistic,Average,0.020833333333333332,0.23060344827586207,0.9066540948275862
Multinomial_Logistic,Average,0.021484375,0.23060344827586207,0.9066540948275862
Multinomial_Logistic,Average,0.021484375,0.23275862068965517,0.9066540948275862
Multinomial_Logistic,Average,0.022135416666666668,0.23275862068965517,0.9066540948275862
Multinomial_Logistic,Average,0.022135416666666668,0.2349137931034483,0.9066540948275862
Multinomial_Logistic,Average,0.022786458333333332,0.2349137931034483,0.9066540948275862
Multinomial_Logistic,Average,0.022786458333333332,0.23706896551724138,0.9066540948275862
Multinomial_Logistic,Average,0.026692708333333332,0.23706896551724138,0.9066540948275862
Multinomial_Logistic,Average,0.026692708333333332,0.24568965517241378,0.9066540948275862
Multinomial_Logistic,Average,0.02734375,0.24568965517241378,0.9066540948275862
Multinomial_Logistic,Average,0.02734375,0.2521551724137931,0.9066540948275862
Multinomial_Logistic,Average,0.027994791666666668,0.2521551724137931,0.9066540948275862
Multinomial_Logistic,Average,0.027994791666666668,0.2543103448275862,0.9066540948275862
Multinomial_Logistic,Average,0.028645833333333332,0.2543103448275862,0.9066540948275862
Multinomial_Logistic,Average,0.028645833333333332,0.25862068965517243,0.9066540948275862
Multinomial_Logistic,Average,0.029947916666666668,0.25862068965517243,0.9066540948275862
Multinomial_Logistic,Average,0.029947916666666668,0.2607758620689655,0.9066540948275862
Multinomial_Logistic,Average,0.030598958333333332,0.2607758620689655,0.9066540948275862
Multinomial_Logistic,Average,0.030598958333333332,0.2650862068965517,0.9066540948275862
Multinomial_Logistic,Average,0.03125,0.2650862068965517,0.9066540948275862
Multinomial_Logistic,Average,0.03125,0.27370689655172414,0.9066540948275862
Multinomial_Logistic,Average,0.032552083333333336,0.27370689655172414,0.9066540948275862
Multinomial_Logistic,Average,0.032552083333333336,0.27586206896551724,0.9066540948275862
Multinomial_Logistic,Average,0.033203125,0.27586206896551724,0.9066540948275862
Multinomial_Logistic,Average,0.033203125,0.27801724137931033,0.9066540948275862
Multinomial_Logistic,Average,0.033854166666666664,0.27801724137931033,0.9066540948275862
Multinomial_Logistic,Average,0.033854166666666664,0.2995689655172414,0.9066540948275862
Multinomial_Logistic,Average,0.034505208333333336,0.2995689655172414,0.9066540948275862
Multinomial_Logistic,Average,0.034505208333333336,0.3081896551724138,0.9066540948275862
Multinomial_Logistic,Average,0.03515625,0.3081896551724138,0.9066540948275862
Multinomial_Logistic,Average,0.03515625,0.3125,0.9066540948275862
Multinomial_Logistic,Average,0.036458333333333336,0.3125,0.9066540948275862
Multinomial_Logistic,Average,0.036458333333333336,0.31896551724137934,0.9066540948275862
Multinomial_Logistic,Average,0.037760416666666664,0.31896551724137934,0.9066540948275862
Multinomial_Logistic,Average,0.037760416666666664,0.32112068965517243,0.9066540948275862
Multinomial_Logistic,Average,0.038411458333333336,0.32112068965517243,0.9066540948275862
Multinomial_Logistic,Average,0.038411458333333336,0.3297413793103448,0.9066540948275862
Multinomial_Logistic,Average,0.0390625,0.3297413793103448,0.9066540948275862
Multinomial_Logistic,Average,0.0390625,0.34051724137931033,0.9066540948275862
Multinomial_Logistic,Average,0.040364583333333336,0.34051724137931033,0.9066540948275862
Multinomial_Logistic,Average,0.040364583333333336,0.3426724137931034,0.9066540948275862
Multinomial_Logistic,Average,0.042317708333333336,0.3426724137931034,0.9066540948275862
Multinomial_Logistic,Average,0.042317708333333336,0.3642241379310345,0.9066540948275862
Multinomial_Logistic,Average,0.04296875,0.3642241379310345,0.9066540948275862
Multinomial_Logistic,Average,0.04296875,0.36637931034482757,0.9066540948275862
Multinomial_Logistic,Average,0.044270833333333336,0.36637931034482757,0.9066540948275862
Multinomial_Logistic,Average,0.044270833333333336,0.3706896551724138,0.9066540948275862
Multinomial_Logistic,Average,0.044921875,0.3706896551724138,0.9066540948275862
Multinomial_Logistic,Average,0.044921875,0.3728448275862069,0.9066540948275862
Multinomial_Logistic,Average,0.045572916666666664,0.3728448275862069,0.9066540948275862
Multinomial_Logistic,Average,0.045572916666666664,0.375,0.9066540948275862
Multinomial_Logistic,Average,0.046875,0.375,0.9066540948275862
Multinomial_Logistic,Average,0.046875,0.3857758620689655,0.9066540948275862
Multinomial_Logistic,Average,0.047526041666666664,0.3857758620689655,0.9066540948275862
Multinomial_Logistic,Average,0.047526041666666664,0.3879310344827586,0.9066540948275862
Multinomial_Logistic,Average,0.048177083333333336,0.3879310344827586,0.9066540948275862
Multinomial_Logistic,Average,0.048177083333333336,0.3922413793103448,0.9066540948275862
Multinomial_Logistic,Average,0.048828125,0.3922413793103448,0.9066540948275862
Multinomial_Logistic,Average,0.048828125,0.39655172413793105,0.9066540948275862
Multinomial_Logistic,Average,0.049479166666666664,0.39655172413793105,0.9066540948275862
Multinomial_Logistic,Average,0.049479166666666664,0.40301724137931033,0.9066540948275862
Multinomial_Logistic,Average,0.050130208333333336,0.40301724137931033,0.9066540948275862
Multinomial_Logistic,Average,0.050130208333333336,0.4051724137931034,0.9066540948275862
Multinomial_Logistic,Average,0.05078125,0.4051724137931034,0.9066540948275862
Multinomial_Logistic,Average,0.05078125,0.40948275862068967,0.9066540948275862
Multinomial_Logistic,Average,0.0546875,0.40948275862068967,0.9066540948275862
Multinomial_Logistic,Average,0.0546875,0.41163793103448276,0.9066540948275862
Multinomial_Logistic,Average,0.055338541666666664,0.41163793103448276,0.9066540948275862
Multinomial_Logistic,Average,0.055338541666666664,0.4202586206896552,0.9066540948275862
Multinomial_Logistic,Average,0.055989583333333336,0.4202586206896552,0.9066540948275862
Multinomial_Logistic,Average,0.055989583333333336,0.4245689655172414,0.9066540948275862
Multinomial_Logistic,Average,0.057291666666666664,0.4245689655172414,0.9066540948275862
Multinomial_Logistic,Average,0.057291666666666664,0.43103448275862066,0.9066540948275862
Multinomial_Logistic,Average,0.05859375,0.43103448275862066,0.9066540948275862
Multinomial_Logistic,Average,0.05859375,0.4396551724137931,0.9066540948275862
Multinomial_Logistic,Average,0.059244791666666664,0.4396551724137931,0.9066540948275862
Multinomial_Logistic,Average,0.059244791666666664,0.44396551724137934,0.9066540948275862
Multinomial_Logistic,Average,0.059895833333333336,0.44396551724137934,0.9066540948275862
Multinomial_Logistic,Average,0.059895833333333336,0.44612068965517243,0.9066540948275862
Multinomial_Logistic,Average,0.060546875,0.44612068965517243,0.9066540948275862
Multinomial_Logistic,Average,0.060546875,0.45905172413793105,0.9066540948275862
Multinomial_Logistic,Average,0.061848958333333336,0.45905172413793105,0.9066540948275862
Multinomial_Logistic,Average,0.061848958333333336,0.46120689655172414,0.9066540948275862
Multinomial_Logistic,Average,0.0625,0.46120689655172414,0.9066540948275862
Multinomial_Logistic,Average,0.0625,0.46551724137931033,0.9066540948275862
Multinomial_Logistic,Average,0.06315104166666667,0.46551724137931033,0.9066540948275862
Multinomial_Logistic,Average,0.06315104166666667,0.47844827586206895,0.9066540948275862
Multinomial_Logistic,Average,0.064453125,0.47844827586206895,0.9066540948275862
Multinomial_Logistic,Average,0.064453125,0.4849137931034483,0.9066540948275862
Multinomial_Logistic,Average,0.06510416666666667,0.4849137931034483,0.9066540948275862
Multinomial_Logistic,Average,0.06510416666666667,0.4892241379310345,0.9066540948275862
Multinomial_Logistic,Average,0.06575520833333333,0.4892241379310345,0.9066540948275862
Multinomial_Logistic,Average,0.06575520833333333,0.49137931034482757,0.9066540948275862
Multinomial_Logistic,Average,0.06640625,0.49137931034482757,0.9066540948275862
Multinomial_Logistic,Average,0.06640625,0.5021551724137931,0.9066540948275862
Multinomial_Logistic,Average,0.06705729166666667,0.5021551724137931,0.9066540948275862
Multinomial_Logistic,Average,0.06705729166666667,0.5086206896551724,0.9066540948275862
Multinomial_Logistic,Average,0.06770833333333333,0.5086206896551724,0.9066540948275862
Multinomial_Logistic,Average,0.06770833333333333,0.5150862068965517,0.9066540948275862
Multinomial_Logistic,Average,0.068359375,0.5150862068965517,0.9066540948275862
Multinomial_Logistic,Average,0.068359375,0.5193965517241379,0.9066540948275862
Multinomial_Logistic,Average,0.06901041666666667,0.5193965517241379,0.9066540948275862
Multinomial_Logistic,Average,0.06901041666666667,0.521551724137931,0.9066540948275862
Multinomial_Logistic,Average,0.06966145833333333,0.521551724137931,0.9066540948275862
Multinomial_Logistic,Average,0.06966145833333333,0.5237068965517241,0.9066540948275862
Multinomial_Logistic,Average,0.0703125,0.5237068965517241,0.9066540948275862
Multinomial_Logistic,Average,0.0703125,0.5258620689655172,0.9066540948275862
Multinomial_Logistic,Average,0.07096354166666667,0.5258620689655172,0.9066540948275862
Multinomial_Logistic,Average,0.07096354166666667,0.5280172413793104,0.9066540948275862
Multinomial_Logistic,Average,0.07421875,0.5280172413793104,0.9066540948275862
Multinomial_Logistic,Average,0.07421875,0.540948275862069,0.9066540948275862
Multinomial_Logistic,Average,0.07486979166666667,0.540948275862069,0.9066540948275862
Multinomial_Logistic,Average,0.07486979166666667,0.5474137931034483,0.9066540948275862
Multinomial_Logistic,Average,0.076171875,0.5474137931034483,0.9066540948275862
Multinomial_Logistic,Average,0.076171875,0.5517241379310345,0.9066540948275862
Multinomial_Logistic,Average,0.07682291666666667,0.5517241379310345,0.9066540948275862
Multinomial_Logistic,Average,0.07682291666666667,0.5560344827586207,0.9066540948275862
Multinomial_Logistic,Average,0.07747395833333333,0.5560344827586207,0.9066540948275862
Multinomial_Logistic,Average,0.07747395833333333,0.5646551724137931,0.9066540948275862
Multinomial_Logistic,Average,0.078125,0.5646551724137931,0.9066540948275862
Multinomial_Logistic,Average,0.078125,0.5668103448275862,0.9066540948275862
Multinomial_Logistic,Average,0.07877604166666667,0.5668103448275862,0.9066540948275862
Multinomial_Logistic,Average,0.07877604166666667,0.5689655172413793,0.9066540948275862
Multinomial_Logistic,Average,0.07942708333333333,0.5689655172413793,0.9066540948275862
Multinomial_Logistic,Average,0.07942708333333333,0.5711206896551724,0.9066540948275862
Multinomial_Logistic,Average,0.080078125,0.5711206896551724,0.9066540948275862
Multinomial_Logistic,Average,0.080078125,0.5754310344827587,0.9066540948275862
Multinomial_Logistic,Average,0.08268229166666667,0.5754310344827587,0.9066540948275862
Multinomial_Logistic,Average,0.08268229166666667,0.5775862068965517,0.9066540948275862
Multinomial_Logistic,Average,0.08463541666666667,0.5775862068965517,0.9066540948275862
Multinomial_Logistic,Average,0.08463541666666667,0.584051724137931,0.9066540948275862
Multinomial_Logistic,Average,0.08528645833333333,0.584051724137931,0.9066540948275862
Multinomial_Logistic,Average,0.08528645833333333,0.5905172413793104,0.9066540948275862
Multinomial_Logistic,Average,0.08658854166666667,0.5905172413793104,0.9066540948275862
Multinomial_Logistic,Average,0.08658854166666667,0.5991379310344828,0.9066540948275862
Multinomial_Logistic,Average,0.087890625,0.5991379310344828,0.9066540948275862
Multinomial_Logistic,Average,0.087890625,0.603448275862069,0.9066540948275862
Multinomial_Logistic,Average,0.08919270833333333,0.603448275862069,0.9066540948275862
Multinomial_Logistic,Average,0.08919270833333333,0.6120689655172413,0.9066540948275862
Multinomial_Logistic,Average,0.08984375,0.6120689655172413,0.9066540948275862
Multinomial_Logistic,Average,0.08984375,0.6142241379310345,0.9066540948275862
Multinomial_Logistic,Average,0.09049479166666667,0.6142241379310345,0.9066540948275862
Multinomial_Logistic,Average,0.09049479166666667,0.6163793103448276,0.9066540948275862
Multinomial_Logistic,Average,0.09114583333333333,0.6163793103448276,0.9066540948275862
Multinomial_Logistic,Average,0.09114583333333333,0.6185344827586207,0.9066540948275862
Multinomial_Logistic,Average,0.09309895833333333,0.6185344827586207,0.9066540948275862
Multinomial_Logistic,Average,0.09309895833333333,0.6228448275862069,0.9066540948275862
Multinomial_Logistic,Average,0.09375,0.6228448275862069,0.9066540948275862
Multinomial_Logistic,Average,0.09375,0.625,0.9066540948275862
Multinomial_Logistic,Average,0.09440104166666667,0.625,0.9066540948275862
Multinomial_Logistic,Average,0.09440104166666667,0.6271551724137931,0.9066540948275862
Multinomial_Logistic,Average,0.095703125,0.6271551724137931,0.9066540948275862
Multinomial_Logistic,Average,0.095703125,0.6314655172413793,0.9066540948275862
Multinomial_Logistic,Average,0.09830729166666667,0.6314655172413793,0.9066540948275862
Multinomial_Logistic,Average,0.09830729166666667,0.6400862068965517,0.9066540948275862
Multinomial_Logistic,Average,0.09895833333333333,0.6400862068965517,0.9066540948275862
Multinomial_Logistic,Average,0.09895833333333333,0.6487068965517241,0.9066540948275862
Multinomial_Logistic,Average,0.099609375,0.6487068965517241,0.9066540948275862
Multinomial_Logistic,Average,0.099609375,0.6508620689655172,0.9066540948275862
Multinomial_Logistic,Average,0.10091145833333333,0.6508620689655172,0.9066540948275862
Multinomial_Logistic,Average,0.10091145833333333,0.6573275862068966,0.9066540948275862
Multinomial_Logistic,Average,0.10221354166666667,0.6573275862068966,0.9066540948275862
Multinomial_Logistic,Average,0.10221354166666667,0.6594827586206896,0.9066540948275862
Multinomial_Logistic,Average,0.10286458333333333,0.6594827586206896,0.9066540948275862
Multinomial_Logistic,Average,0.10286458333333333,0.6616379310344828,0.9066540948275862
Multinomial_Logistic,Average,0.103515625,0.6616379310344828,0.9066540948275862
Multinomial_Logistic,Average,0.103515625,0.6637931034482759,0.9066540948275862
Multinomial_Logistic,Average,0.10611979166666667,0.6637931034482759,0.9066540948275862
Multinomial_Logistic,Average,0.10611979166666667,0.665948275862069,0.9066540948275862
Multinomial_Logistic,Average,0.10807291666666667,0.665948275862069,0.9066540948275862
Multinomial_Logistic,Average,0.10807291666666667,0.6702586206896551,0.9066540948275862
Multinomial_Logistic,Average,0.109375,0.6702586206896551,0.9066540948275862
Multinomial_Logistic,Average,0.109375,0.6745689655172413,0.9066540948275862
Multinomial_Logistic,Average,0.11328125,0.6745689655172413,0.9066540948275862
Multinomial_Logistic,Average,0.11328125,0.6788793103448276,0.9066540948275862
Multinomial_Logistic,Average,0.11393229166666667,0.6788793103448276,0.9066540948275862
Multinomial_Logistic,Average,0.11393229166666667,0.6810344827586207,0.9066540948275862
Multinomial_Logistic,Average,0.115234375,0.6810344827586207,0.9066540948275862
Multinomial_Logistic,Average,0.115234375,0.6831896551724138,0.9066540948275862
Multinomial_Logistic,Average,0.11588541666666667,0.6831896551724138,0.9066540948275862
Multinomial_Logistic,Average,0.11588541666666667,0.6853448275862069,0.9066540948275862
Multinomial_Logistic,Average,0.1171875,0.6853448275862069,0.9066540948275862
Multinomial_Logistic,Average,0.1171875,0.6918103448275862,0.9066540948275862
Multinomial_Logistic,Average,0.11848958333333333,0.6918103448275862,0.9066540948275862
Multinomial_Logistic,Average,0.11848958333333333,0.6939655172413793,0.9066540948275862
Multinomial_Logistic,Average,0.119140625,0.6939655172413793,0.9066540948275862
Multinomial_Logistic,Average,0.119140625,0.6961206896551724,0.9066540948275862
Multinomial_Logistic,Average,0.12109375,0.6961206896551724,0.9066540948275862
Multinomial_Logistic,Average,0.12109375,0.6982758620689655,0.9066540948275862
Multinomial_Logistic,Average,0.12174479166666667,0.6982758620689655,0.9066540948275862
Multinomial_Logistic,Average,0.12174479166666667,0.709051724137931,0.9066540948275862
Multinomial_Logistic,Average,0.126953125,0.709051724137931,0.9066540948275862
Multinomial_Logistic,Average,0.126953125,0.7112068965517241,0.9066540948275862
Multinomial_Logistic,Average,0.12825520833333334,0.7112068965517241,0.9066540948275862
Multinomial_Logistic,Average,0.12825520833333334,0.7133620689655172,0.9066540948275862
Multinomial_Logistic,Average,0.12890625,0.7133620689655172,0.9066540948275862
Multinomial_Logistic,Average,0.12890625,0.7198275862068966,0.9066540948275862
Multinomial_Logistic,Average,0.12955729166666666,0.7198275862068966,0.9066540948275862
Multinomial_Logistic,Average,0.12955729166666666,0.7241379310344828,0.9066540948275862
Multinomial_Logistic,Average,0.13020833333333334,0.7241379310344828,0.9066540948275862
Multinomial_Logistic,Average,0.13020833333333334,0.7262931034482759,0.9066540948275862
Multinomial_Logistic,Average,0.13151041666666666,0.7262931034482759,0.9066540948275862
Multinomial_Logistic,Average,0.13151041666666666,0.7370689655172413,0.9066540948275862
Multinomial_Logistic,Average,0.13216145833333334,0.7370689655172413,0.9066540948275862
Multinomial_Logistic,Average,0.13216145833333334,0.7413793103448276,0.9066540948275862
Multinomial_Logistic,Average,0.1328125,0.7413793103448276,0.9066540948275862
Multinomial_Logistic,Average,0.1328125,0.7456896551724138,0.9066540948275862
Multinomial_Logistic,Average,0.13346354166666666,0.7456896551724138,0.9066540948275862
Multinomial_Logistic,Average,0.13346354166666666,0.7478448275862069,0.9066540948275862
Multinomial_Logistic,Average,0.13541666666666666,0.7478448275862069,0.9066540948275862
Multinomial_Logistic,Average,0.13541666666666666,0.7586206896551724,0.9066540948275862
Multinomial_Logistic,Average,0.13606770833333334,0.7586206896551724,0.9066540948275862
Multinomial_Logistic,Average,0.13606770833333334,0.7629310344827587,0.9066540948275862
Multinomial_Logistic,Average,0.13736979166666666,0.7629310344827587,0.9066540948275862
Multinomial_Logistic,Average,0.13736979166666666,0.7650862068965517,0.9066540948275862
Multinomial_Logistic,Average,0.13997395833333334,0.7650862068965517,0.9066540948275862
Multinomial_Logistic,Average,0.13997395833333334,0.7672413793103449,0.9066540948275862
Multinomial_Logistic,Average,0.14127604166666666,0.7672413793103449,0.9066540948275862
Multinomial_Logistic,Average,0.14127604166666666,0.7693965517241379,0.9066540948275862
Multinomial_Logistic,Average,0.142578125,0.7693965517241379,0.9066540948275862
Multinomial_Logistic,Average,0.142578125,0.771551724137931,0.9066540948275862
Multinomial_Logistic,Average,0.14583333333333334,0.771551724137931,0.9066540948275862
Multinomial_Logistic,Average,0.14583333333333334,0.7758620689655172,0.9066540948275862
Multinomial_Logistic,Average,0.146484375,0.7758620689655172,0.9066540948275862
Multinomial_Logistic,Average,0.146484375,0.7780172413793104,0.9066540948275862
Multinomial_Logistic,Average,0.14713541666666666,0.7780172413793104,0.9066540948275862
Multinomial_Logistic,Average,0.14713541666666666,0.7801724137931034,0.9066540948275862
Multinomial_Logistic,Average,0.14778645833333334,0.7801724137931034,0.9066540948275862
Multinomial_Logistic,Average,0.14778645833333334,0.7823275862068966,0.9066540948275862
Multinomial_Logistic,Average,0.15104166666666666,0.7823275862068966,0.9066540948275862
Multinomial_Logistic,Average,0.15104166666666666,0.7844827586206896,0.9066540948275862
Multinomial_Logistic,Average,0.15299479166666666,0.7844827586206896,0.9066540948275862
Multinomial_Logistic,Average,0.15299479166666666,0.7866379310344828,0.9066540948275862
Multinomial_Logistic,Average,0.15364583333333334,0.7866379310344828,0.9066540948275862
Multinomial_Logistic,Average,0.15364583333333334,0.790948275862069,0.9066540948275862
Multinomial_Logistic,Average,0.15494791666666666,0.790948275862069,0.9066540948275862
Multinomial_Logistic,Average,0.15494791666666666,0.7952586206896551,0.9066540948275862
Multinomial_Logistic,Average,0.15690104166666666,0.7952586206896551,0.9066540948275862
Multinomial_Logistic,Average,0.15690104166666666,0.8081896551724138,0.9066540948275862
Multinomial_Logistic,Average,0.15755208333333334,0.8081896551724138,0.9066540948275862
Multinomial_Logistic,Average,0.15755208333333334,0.8125,0.9066540948275862
Multinomial_Logistic,Average,0.158203125,0.8125,0.9066540948275862
Multinomial_Logistic,Average,0.158203125,0.8146551724137931,0.9066540948275862
Multinomial_Logistic,Average,0.15885416666666666,0.8146551724137931,0.9066540948275862
Multinomial_Logistic,Average,0.15885416666666666,0.8168103448275862,0.9066540948275862
Multinomial_Logistic,Average,0.15950520833333334,0.8168103448275862,0.9066540948275862
Multinomial_Logistic,Average,0.15950520833333334,0.8189655172413793,0.9066540948275862
Multinomial_Logistic,Average,0.16015625,0.8189655172413793,0.9066540948275862
Multinomial_Logistic,Average,0.16015625,0.8211206896551724,0.9066540948275862
Multinomial_Logistic,Average,0.16145833333333334,0.8211206896551724,0.9066540948275862
Multinomial_Logistic,Average,0.16145833333333334,0.8232758620689655,0.9066540948275862
Multinomial_Logistic,Average,0.162109375,0.8232758620689655,0.9066540948275862
Multinomial_Logistic,Average,0.162109375,0.8254310344827587,0.9066540948275862
Multinomial_Logistic,Average,0.1640625,0.8254310344827587,0.9066540948275862
Multinomial_Logistic,Average,0.1640625,0.8275862068965517,0.9066540948275862
Multinomial_Logistic,Average,0.16666666666666666,0.8275862068965517,0.9066540948275862
Multinomial_Logistic,Average,0.16666666666666666,0.8297413793103449,0.9066540948275862
Multinomial_Logistic,Average,0.16796875,0.8297413793103449,0.9066540948275862
Multinomial_Logistic,Average,0.16796875,0.8318965517241379,0.9066540948275862
Multinomial_Logistic,Average,0.169921875,0.8318965517241379,0.9066540948275862
Multinomial_Logistic,Average,0.169921875,0.834051724137931,0.9066540948275862
Multinomial_Logistic,Average,0.17122395833333334,0.834051724137931,0.9066540948275862
Multinomial_Logistic,Average,0.17122395833333334,0.8362068965517241,0.9066540948275862
Multinomial_Logistic,Average,0.17447916666666666,0.8362068965517241,0.9066540948275862
Multinomial_Logistic,Average,0.17447916666666666,0.8383620689655172,0.9066540948275862
Multinomial_Logistic,Average,0.17708333333333334,0.8383620689655172,0.9066540948275862
Multinomial_Logistic,Average,0.17708333333333334,0.8405172413793104,0.9066540948275862
Multinomial_Logistic,Average,0.181640625,0.8405172413793104,0.9066540948275862
Multinomial_Logistic,Average,0.181640625,0.8426724137931034,0.9066540948275862
Multinomial_Logistic,Average,0.18489583333333334,0.8426724137931034,0.9066540948275862
Multinomial_Logistic,Average,0.18489583333333334,0.8448275862068966,0.9066540948275862
Multinomial_Logistic,Average,0.18619791666666666,0.8448275862068966,0.9066540948275862
Multinomial_Logistic,Average,0.18619791666666666,0.8469827586206896,0.9066540948275862
Multinomial_Logistic,Average,0.18684895833333334,0.8469827586206896,0.9066540948275862
Multinomial_Logistic,Average,0.18684895833333334,0.8491379310344828,0.9066540948275862
Multinomial_Logistic,Average,0.19140625,0.8491379310344828,0.9066540948275862
Multinomial_Logistic,Average,0.19140625,0.8512931034482759,0.9066540948275862
Multinomial_Logistic,Average,0.193359375,0.8512931034482759,0.9066540948275862
Multinomial_Logistic,Average,0.193359375,0.853448275862069,0.9066540948275862
Multinomial_Logistic,Average,0.19466145833333334,0.853448275862069,0.9066540948275862
Multinomial_Logistic,Average,0.19466145833333334,0.8556034482758621,0.9066540948275862
Multinomial_Logistic,Average,0.19661458333333334,0.8556034482758621,0.9066540948275862
Multinomial_Logistic,Average,0.19661458333333334,0.8577586206896551,0.9066540948275862
Multinomial_Logistic,Average,0.19791666666666666,0.8577586206896551,0.9066540948275862
Multinomial_Logistic,Average,0.19791666666666666,0.8599137931034483,0.9066540948275862
Multinomial_Logistic,Average,0.19856770833333334,0.8599137931034483,0.9066540948275862
Multinomial_Logistic,Average,0.19856770833333334,0.8642241379310345,0.9066540948275862
Multinomial_Logistic,Average,0.201171875,0.8642241379310345,0.9066540948275862
Multinomial_Logistic,Average,0.201171875,0.8663793103448276,0.9066540948275862
Multinomial_Logistic,Average,0.203125,0.8663793103448276,0.9066540948275862
Multinomial_Logistic,Average,0.203125,0.8728448275862069,0.9066540948275862
Multinomial_Logistic,Average,0.20638020833333334,0.8728448275862069,0.9066540948275862
Multinomial_Logistic,Average,0.20638020833333334,0.8771551724137931,0.9066540948275862
Multinomial_Logistic,Average,0.20703125,0.8771551724137931,0.9066540948275862
Multinomial_Logistic,Average,0.20703125,0.8814655172413793,0.9066540948275862
Multinomial_Logistic,Average,0.20833333333333334,0.8814655172413793,0.9066540948275862
Multinomial_Logistic,Average,0.20833333333333334,0.8836206896551724,0.9066540948275862
Multinomial_Logistic,Average,0.21028645833333334,0.8836206896551724,0.9066540948275862
Multinomial_Logistic,Average,0.21028645833333334,0.8857758620689655,0.9066540948275862
Multinomial_Logistic,Average,0.21354166666666666,0.8857758620689655,0.9066540948275862
Multinomial_Logistic,Average,0.21354166666666666,0.8879310344827587,0.9066540948275862
Multinomial_Logistic,Average,0.21484375,0.8879310344827587,0.9066540948275862
Multinomial_Logistic,Average,0.21484375,0.8900862068965517,0.9066540948275862
Multinomial_Logistic,Average,0.21549479166666666,0.8900862068965517,0.9066540948275862
Multinomial_Logistic,Average,0.21549479166666666,0.8943965517241379,0.9066540948275862
Multinomial_Logistic,Average,0.21614583333333334,0.8943965517241379,0.9066540948275862
Multinomial_Logistic,Average,0.21614583333333334,0.896551724137931,0.9066540948275862
Multinomial_Logistic,Average,0.21940104166666666,0.896551724137931,0.9066540948275862
Multinomial_Logistic,Average,0.21940104166666666,0.8987068965517241,0.9066540948275862
Multinomial_Logistic,Average,0.22200520833333334,0.8987068965517241,0.9066540948275862
Multinomial_Logistic,Average,0.22200520833333334,0.9008620689655172,0.9066540948275862
Multinomial_Logistic,Average,0.22330729166666666,0.9008620689655172,0.9066540948275862
Multinomial_Logistic,Average,0.22330729166666666,0.9030172413793104,0.9066540948275862
Multinomial_Logistic,Average,0.224609375,0.9030172413793104,0.9066540948275862
Multinomial_Logistic,Average,0.224609375,0.9073275862068966,0.9066540948275862
Multinomial_Logistic,Average,0.22526041666666666,0.9073275862068966,0.9066540948275862
Multinomial_Logistic,Average,0.22526041666666666,0.9116379310344828,0.9066540948275862
Multinomial_Logistic,Average,0.2265625,0.9116379310344828,0.9066540948275862
Multinomial_Logistic,Average,0.2265625,0.915948275862069,0.9066540948275862
Multinomial_Logistic,Average,0.22981770833333334,0.915948275862069,0.9066540948275862
Multinomial_Logistic,Average,0.22981770833333334,0.9224137931034483,0.9066540948275862
Multinomial_Logistic,Average,0.23177083333333334,0.9224137931034483,0.9066540948275862
Multinomial_Logistic,Average,0.23177083333333334,0.9267241379310345,0.9066540948275862
Multinomial_Logistic,Average,0.23502604166666666,0.9267241379310345,0.9066540948275862
Multinomial_Logistic,Average,0.23502604166666666,0.9288793103448276,0.9066540948275862
Multinomial_Logistic,Average,0.240234375,0.9288793103448276,0.9066540948275862
Multinomial_Logistic,Average,0.240234375,0.9331896551724138,0.9066540948275862
Multinomial_Logistic,Average,0.24153645833333334,0.9331896551724138,0.9066540948275862
Multinomial_Logistic,Average,0.24153645833333334,0.9375,0.9066540948275862
Multinomial_Logistic,Average,0.25390625,0.9375,0.9066540948275862
Multinomial_Logistic,Average,0.25390625,0.9396551724137931,0.9066540948275862
Multinomial_Logistic,Average,0.2649739583333333,0.9396551724137931,0.9066540948275862
Multinomial_Logistic,Average,0.2649739583333333,0.9418103448275862,0.9066540948275862
Multinomial_Logistic,Average,0.271484375,0.9418103448275862,0.9066540948275862
Multinomial_Logistic,Average,0.271484375,0.9439655172413793,0.9066540948275862
Multinomial_Logistic,Average,0.2747395833333333,0.9439655172413793,0.9066540948275862
Multinomial_Logistic,Average,0.2747395833333333,0.9482758620689655,0.9066540948275862
Multinomial_Logistic,Average,0.2766927083333333,0.9482758620689655,0.9066540948275862
Multinomial_Logistic,Average,0.2766927083333333,0.9504310344827587,0.9066540948275862
Multinomial_Logistic,Average,0.2845052083333333,0.9504310344827587,0.9066540948275862
Multinomial_Logistic,Average,0.2845052083333333,0.9525862068965517,0.9066540948275862
Multinomial_Logistic,Average,0.291015625,0.9525862068965517,0.9066540948275862
Multinomial_Logistic,Average,0.291015625,0.9547413793103449,0.9066540948275862
Multinomial_Logistic,Average,0.2916666666666667,0.9547413793103449,0.9066540948275862
Multinomial_Logistic,Average,0.2916666666666667,0.9568965517241379,0.9066540948275862
Multinomial_Logistic,Average,0.2962239583333333,0.9568965517241379,0.9066540948275862
Multinomial_Logistic,Average,0.2962239583333333,0.9612068965517241,0.9066540948275862
Multinomial_Logistic,Average,0.2981770833333333,0.9612068965517241,0.9066540948275862
Multinomial_Logistic,Average,0.2981770833333333,0.9633620689655172,0.9066540948275862
Multinomial_Logistic,Average,0.30859375,0.9633620689655172,0.9066540948275862
Multinomial_Logistic,Average,0.30859375,0.9655172413793104,0.9066540948275862
Multinomial_Logistic,Average,0.3092447916666667,0.9655172413793104,0.9066540948275862
Multinomial_Logistic,Average,0.3092447916666667,0.9676724137931034,0.9066540948275862
Multinomial_Logistic,Average,0.3098958333333333,0.9676724137931034,0.9066540948275862
Multinomial_Logistic,Average,0.3098958333333333,0.9698275862068966,0.9066540948275862
Multinomial_Logistic,Average,0.310546875,0.9698275862068966,0.9066540948275862
Multinomial_Logistic,Average,0.310546875,0.9741379310344828,0.9066540948275862
Multinomial_Logistic,Average,0.3229166666666667,0.9741379310344828,0.9066540948275862
Multinomial_Logistic,Average,0.3229166666666667,0.9762931034482759,0.9066540948275862
Multinomial_Logistic,Average,0.3294270833333333,0.9762931034482759,0.9066540948275862
Multinomial_Logistic,Average,0.3294270833333333,0.978448275862069,0.9066540948275862
Multinomial_Logistic,Average,0.337890625,0.978448275862069,0.9066540948275862
Multinomial_Logistic,Average,0.337890625,0.9806034482758621,0.9066540948275862
Multinomial_Logistic,Average,0.3587239583333333,0.9806034482758621,0.9066540948275862
Multinomial_Logistic,Average,0.3587239583333333,0.9827586206896551,0.9066540948275862
Multinomial_Logistic,Average,0.3619791666666667,0.9827586206896551,0.9066540948275862
Multinomial_Logistic,Average,0.3619791666666667,0.9849137931034483,0.9066540948275862
Multinomial_Logistic,Average,0.3684895833333333,0.9849137931034483,0.9066540948275862
Multinomial_Logistic,Average,0.3684895833333333,0.9870689655172413,0.9066540948275862
Multinomial_Logistic,Average,0.369140625,0.9870689655172413,0.9066540948275862
Multinomial_Logistic,Average,0.369140625,0.9892241379310345,0.9066540948275862
Multinomial_Logistic,Average,0.3763020833333333,0.9892241379310345,0.9066540948275862
Multinomial_Logistic,Average,0.3763020833333333,0.9913793103448276,0.9066540948275862
Multinomial_Logistic,Average,0.39453125,0.9913793103448276,0.9066540948275862
Multinomial_Logistic,Average,0.39453125,0.9935344827586207,0.9066540948275862
Multinomial_Logistic,Average,0.4029947916666667,0.9935344827586207,0.9066540948275862
Multinomial_Logistic,Average,0.4029947916666667,0.9956896551724138,0.9066540948275862
Multinomial_Logistic,Average,0.4153645833333333,0.9956896551724138,0.9066540948275862
Multinomial_Logistic,Average,0.4153645833333333,0.9978448275862069,0.9066540948275862
Multinomial_Logistic,Average,0.439453125,0.9978448275862069,0.9066540948275862
Multinomial_Logistic,Average,0.439453125,1.0,0.9066540948275862
Multinomial_Logistic,Average,1.0,1.0,0.9066540948275862
Ordinal_Cumulative,Average,0.0,0.0,0.8989510371767242
Ordinal_Cumulative,Average,0.0,0.0021551724137931034,0.8989510371767242
Ordinal_Cumulative,Average,0.0,0.008620689655172414,0.8989510371767242
Ordinal_Cumulative,Average,0.0006510416666666666,0.008620689655172414,0.8989510371767242
Ordinal_Cumulative,Average,0.0006510416666666666,0.01293103448275862,0.8989510371767242
Ordinal_Cumulative,Average,0.0013020833333333333,0.01293103448275862,0.8989510371767242
Ordinal_Cumulative,Average,0.0013020833333333333,0.034482758620689655,0.8989510371767242
Ordinal_Cumulative,Average,0.001953125,0.034482758620689655,0.8989510371767242
Ordinal_Cumulative,Average,0.001953125,0.04741379310344827,0.8989510371767242
Ordinal_Cumulative,Average,0.00390625,0.04741379310344827,0.8989510371767242
Ordinal_Cumulative,Average,0.00390625,0.05818965517241379,0.8989510371767242
Ordinal_Cumulative,Average,0.004557291666666667,0.05818965517241379,0.8989510371767242
Ordinal_Cumulative,Average,0.004557291666666667,0.06465517241379311,0.8989510371767242
Ordinal_Cumulative,Average,0.005859375,0.06465517241379311,0.8989510371767242
Ordinal_Cumulative,Average,0.005859375,0.0668103448275862,0.8989510371767242
Ordinal_Cumulative,Average,0.006510416666666667,0.0668103448275862,0.8989510371767242
Ordinal_Cumulative,Average,0.006510416666666667,0.06896551724137931,0.8989510371767242
Ordinal_Cumulative,Average,0.007161458333333333,0.06896551724137931,0.8989510371767242
Ordinal_Cumulative,Average,0.007161458333333333,0.07112068965517242,0.8989510371767242
Ordinal_Cumulative,Average,0.0078125,0.07112068965517242,0.8989510371767242
Ordinal_Cumulative,Average,0.0078125,0.07974137931034483,0.8989510371767242
Ordinal_Cumulative,Average,0.008463541666666666,0.07974137931034483,0.8989510371767242
Ordinal_Cumulative,Average,0.008463541666666666,0.08405172413793104,0.8989510371767242
Ordinal_Cumulative,Average,0.009114583333333334,0.08405172413793104,0.8989510371767242
Ordinal_Cumulative,Average,0.009114583333333334,0.09482758620689655,0.8989510371767242
Ordinal_Cumulative,Average,0.009765625,0.09482758620689655,0.8989510371767242
Ordinal_Cumulative,Average,0.009765625,0.10129310344827586,0.8989510371767242
Ordinal_Cumulative,Average,0.010416666666666666,0.10129310344827586,0.8989510371767242
Ordinal_Cumulative,Average,0.010416666666666666,0.12284482758620689,0.8989510371767242
Ordinal_Cumulative,Average,0.011067708333333334,0.12284482758620689,0.8989510371767242
Ordinal_Cumulative,Average,0.011067708333333334,0.1314655172413793,0.8989510371767242
Ordinal_Cumulative,Average,0.01171875,0.1314655172413793,0.8989510371767242
Ordinal_Cumulative,Average,0.01171875,0.1336206896551724,0.8989510371767242
Ordinal_Cumulative,Average,0.013020833333333334,0.1336206896551724,0.8989510371767242
Ordinal_Cumulative,Average,0.013020833333333334,0.14439655172413793,0.8989510371767242
Ordinal_Cumulative,Average,0.013671875,0.14439655172413793,0.8989510371767242
Ordinal_Cumulative,Average,0.013671875,0.14655172413793102,0.8989510371767242
Ordinal_Cumulative,Average,0.015625,0.14655172413793102,0.8989510371767242
Ordinal_Cumulative,Average,0.015625,0.16379310344827586,0.8989510371767242
Ordinal_Cumulative,Average,0.016276041666666668,0.16379310344827586,0.8989510371767242
Ordinal_Cumulative,Average,0.016276041666666668,0.16594827586206898,0.8989510371767242
Ordinal_Cumulative,Average,0.016927083333333332,0.16594827586206898,0.8989510371767242
Ordinal_Cumulative,Average,0.016927083333333332,0.17025862068965517,0.8989510371767242
Ordinal_Cumulative,Average,0.018229166666666668,0.17025862068965517,0.8989510371767242
Ordinal_Cumulative,Average,0.018229166666666668,0.17456896551724138,0.8989510371767242
Ordinal_Cumulative,Average,0.018880208333333332,0.17456896551724138,0.8989510371767242
Ordinal_Cumulative,Average,0.018880208333333332,0.17672413793103448,0.8989510371767242
Ordinal_Cumulative,Average,0.01953125,0.17672413793103448,0.8989510371767242
Ordinal_Cumulative,Average,0.01953125,0.1810344827586207,0.8989510371767242
Ordinal_Cumulative,Average,0.020833333333333332,0.1810344827586207,0.8989510371767242
Ordinal_Cumulative,Average,0.020833333333333332,0.18318965517241378,0.8989510371767242
Ordinal_Cumulative,Average,0.021484375,0.18318965517241378,0.8989510371767242
Ordinal_Cumulative,Average,0.021484375,0.1939655172413793,0.8989510371767242
Ordinal_Cumulative,Average,0.022135416666666668,0.1939655172413793,0.8989510371767242
Ordinal_Cumulative,Average,0.022135416666666668,0.20474137931034483,0.8989510371767242
Ordinal_Cumulative,Average,0.024739583333333332,0.20474137931034483,0.8989510371767242
Ordinal_Cumulative,Average,0.024739583333333332,0.21120689655172414,0.8989510371767242
Ordinal_Cumulative,Average,0.025390625,0.21120689655172414,0.8989510371767242
Ordinal_Cumulative,Average,0.025390625,0.21982758620689655,0.8989510371767242
Ordinal_Cumulative,Average,0.026692708333333332,0.21982758620689655,0.8989510371767242
Ordinal_Cumulative,Average,0.026692708333333332,0.22413793103448276,0.8989510371767242
Ordinal_Cumulative,Average,0.02734375,0.22413793103448276,0.8989510371767242
Ordinal_Cumulative,Average,0.02734375,0.22629310344827586,0.8989510371767242
Ordinal_Cumulative,Average,0.027994791666666668,0.22629310344827586,0.8989510371767242
Ordinal_Cumulative,Average,0.027994791666666668,0.23922413793103448,0.8989510371767242
Ordinal_Cumulative,Average,0.028645833333333332,0.23922413793103448,0.8989510371767242
Ordinal_Cumulative,Average,0.028645833333333332,0.2413793103448276,0.8989510371767242
Ordinal_Cumulative,Average,0.029296875,0.2413793103448276,0.8989510371767242
Ordinal_Cumulative,Average,0.029296875,0.2435344827586207,0.8989510371767242
Ordinal_Cumulative,Average,0.029947916666666668,0.2435344827586207,0.8989510371767242
Ordinal_Cumulative,Average,0.029947916666666668,0.24568965517241378,0.8989510371767242
Ordinal_Cumulative,Average,0.030598958333333332,0.24568965517241378,0.8989510371767242
Ordinal_Cumulative,Average,0.030598958333333332,0.2521551724137931,0.8989510371767242
Ordinal_Cumulative,Average,0.031901041666666664,0.2521551724137931,0.8989510371767242
Ordinal_Cumulative,Average,0.031901041666666664,0.2543103448275862,0.8989510371767242
Ordinal_Cumulative,Average,0.033203125,0.2543103448275862,0.8989510371767242
Ordinal_Cumulative,Average,0.033203125,0.25646551724137934,0.8989510371767242
Ordinal_Cumulative,Average,0.034505208333333336,0.25646551724137934,0.8989510371767242
Ordinal_Cumulative,Average,0.034505208333333336,0.2607758620689655,0.8989510371767242
Ordinal_Cumulative,Average,0.03515625,0.2607758620689655,0.8989510371767242
Ordinal_Cumulative,Average,0.03515625,0.2650862068965517,0.8989510371767242
Ordinal_Cumulative,Average,0.035807291666666664,0.2650862068965517,0.8989510371767242
Ordinal_Cumulative,Average,0.035807291666666664,0.26939655172413796,0.8989510371767242
Ordinal_Cumulative,Average,0.036458333333333336,0.26939655172413796,0.8989510371767242
Ordinal_Cumulative,Average,0.036458333333333336,0.28879310344827586,0.8989510371767242
Ordinal_Cumulative,Average,0.037109375,0.28879310344827586,0.8989510371767242
Ordinal_Cumulative,Average,0.037109375,0.29310344827586204,0.8989510371767242
Ordinal_Cumulative,Average,0.041015625,0.29310344827586204,0.8989510371767242
Ordinal_Cumulative,Average,0.041015625,0.30603448275862066,0.8989510371767242
Ordinal_Cumulative,Average,0.041666666666666664,0.30603448275862066,0.8989510371767242
Ordinal_Cumulative,Average,0.041666666666666664,0.3081896551724138,0.8989510371767242
Ordinal_Cumulative,Average,0.042317708333333336,0.3081896551724138,0.8989510371767242
Ordinal_Cumulative,Average,0.042317708333333336,0.3103448275862069,0.8989510371767242
Ordinal_Cumulative,Average,0.04296875,0.3103448275862069,0.8989510371767242
Ordinal_Cumulative,Average,0.04296875,0.32112068965517243,0.8989510371767242
Ordinal_Cumulative,Average,0.043619791666666664,0.32112068965517243,0.8989510371767242
Ordinal_Cumulative,Average,0.043619791666666664,0.3232758620689655,0.8989510371767242
Ordinal_Cumulative,Average,0.044270833333333336,0.3232758620689655,0.8989510371767242
Ordinal_Cumulative,Average,0.044270833333333336,0.3254310344827586,0.8989510371767242
Ordinal_Cumulative,Average,0.044921875,0.3254310344827586,0.8989510371767242
Ordinal_Cumulative,Average,0.044921875,0.34051724137931033,0.8989510371767242
Ordinal_Cumulative,Average,0.045572916666666664,0.34051724137931033,0.8989510371767242
Ordinal_Cumulative,Average,0.045572916666666664,0.34913793103448276,0.8989510371767242
Ordinal_Cumulative,Average,0.046223958333333336,0.34913793103448276,0.8989510371767242
Ordinal_Cumulative,Average,0.046223958333333336,0.35129310344827586,0.8989510371767242
Ordinal_Cumulative,Average,0.046875,0.35129310344827586,0.8989510371767242
Ordinal_Cumulative,Average,0.046875,0.35344827586206895,0.8989510371767242
Ordinal_Cumulative,Average,0.047526041666666664,0.35344827586206895,0.8989510371767242
Ordinal_Cumulative,Average,0.047526041666666664,0.3599137931034483,0.8989510371767242
Ordinal_Cumulative,Average,0.048177083333333336,0.3599137931034483,0.8989510371767242
Ordinal_Cumulative,Average,0.048177083333333336,0.3642241379310345,0.8989510371767242
Ordinal_Cumulative,Average,0.048828125,0.3642241379310345,0.8989510371767242
Ordinal_Cumulative,Average,0.048828125,0.36853448275862066,0.8989510371767242
Ordinal_Cumulative,Average,0.049479166666666664,0.36853448275862066,0.8989510371767242
Ordinal_Cumulative,Average,0.049479166666666664,0.3793103448275862,0.8989510371767242
Ordinal_Cumulative,Average,0.050130208333333336,0.3793103448275862,0.8989510371767242
Ordinal_Cumulative,Average,0.050130208333333336,0.3879310344827586,0.8989510371767242
Ordinal_Cumulative,Average,0.05078125,0.3879310344827586,0.8989510371767242
Ordinal_Cumulative,Average,0.05078125,0.3900862068965517,0.8989510371767242
Ordinal_Cumulative,Average,0.051432291666666664,0.3900862068965517,0.8989510371767242
Ordinal_Cumulative,Average,0.051432291666666664,0.4073275862068966,0.8989510371767242
Ordinal_Cumulative,Average,0.052083333333333336,0.4073275862068966,0.8989510371767242
Ordinal_Cumulative,Average,0.052083333333333336,0.41379310344827586,0.8989510371767242
Ordinal_Cumulative,Average,0.053385416666666664,0.41379310344827586,0.8989510371767242
Ordinal_Cumulative,Average,0.053385416666666664,0.41810344827586204,0.8989510371767242
Ordinal_Cumulative,Average,0.0546875,0.41810344827586204,0.8989510371767242
Ordinal_Cumulative,Average,0.0546875,0.4224137931034483,0.8989510371767242
Ordinal_Cumulative,Average,0.055338541666666664,0.4224137931034483,0.8989510371767242
Ordinal_Cumulative,Average,0.055338541666666664,0.4245689655172414,0.8989510371767242
Ordinal_Cumulative,Average,0.056640625,0.4245689655172414,0.8989510371767242
Ordinal_Cumulative,Average,0.056640625,0.4267241379310345,0.8989510371767242
Ordinal_Cumulative,Average,0.057942708333333336,0.4267241379310345,0.8989510371767242
Ordinal_Cumulative,Average,0.057942708333333336,0.42887931034482757,0.8989510371767242
Ordinal_Cumulative,Average,0.05859375,0.42887931034482757,0.8989510371767242
Ordinal_Cumulative,Average,0.05859375,0.43103448275862066,0.8989510371767242
Ordinal_Cumulative,Average,0.059895833333333336,0.43103448275862066,0.8989510371767242
Ordinal_Cumulative,Average,0.059895833333333336,0.4375,0.8989510371767242
Ordinal_Cumulative,Average,0.061197916666666664,0.4375,0.8989510371767242
Ordinal_Cumulative,Average,0.061197916666666664,0.44396551724137934,0.8989510371767242
Ordinal_Cumulative,Average,0.0625,0.44396551724137934,0.8989510371767242
Ordinal_Cumulative,Average,0.0625,0.44612068965517243,0.8989510371767242
Ordinal_Cumulative,Average,0.06315104166666667,0.44612068965517243,0.8989510371767242
Ordinal_Cumulative,Average,0.06315104166666667,0.4504310344827586,0.8989510371767242
Ordinal_Cumulative,Average,0.064453125,0.4504310344827586,0.8989510371767242
Ordinal_Cumulative,Average,0.064453125,0.4525862068965517,0.8989510371767242
Ordinal_Cumulative,Average,0.06705729166666667,0.4525862068965517,0.8989510371767242
Ordinal_Cumulative,Average,0.06705729166666667,0.4547413793103448,0.8989510371767242
Ordinal_Cumulative,Average,0.06901041666666667,0.4547413793103448,0.8989510371767242
Ordinal_Cumulative,Average,0.06901041666666667,0.45689655172413796,0.8989510371767242
Ordinal_Cumulative,Average,0.06966145833333333,0.45689655172413796,0.8989510371767242
Ordinal_Cumulative,Average,0.06966145833333333,0.46120689655172414,0.8989510371767242
Ordinal_Cumulative,Average,0.07096354166666667,0.46120689655172414,0.8989510371767242
Ordinal_Cumulative,Average,0.07096354166666667,0.4676724137931034,0.8989510371767242
Ordinal_Cumulative,Average,0.07161458333333333,0.4676724137931034,0.8989510371767242
Ordinal_Cumulative,Average,0.07161458333333333,0.47629310344827586,0.8989510371767242
Ordinal_Cumulative,Average,0.072265625,0.47629310344827586,0.8989510371767242
Ordinal_Cumulative,Average,0.072265625,0.48060344827586204,0.8989510371767242
Ordinal_Cumulative,Average,0.07291666666666667,0.48060344827586204,0.8989510371767242
Ordinal_Cumulative,Average,0.07291666666666667,0.4827586206896552,0.8989510371767242
Ordinal_Cumulative,Average,0.07421875,0.4827586206896552,0.8989510371767242
Ordinal_Cumulative,Average,0.07421875,0.4849137931034483,0.8989510371767242
Ordinal_Cumulative,Average,0.07486979166666667,0.4849137931034483,0.8989510371767242
Ordinal_Cumulative,Average,0.07486979166666667,0.4870689655172414,0.8989510371767242
Ordinal_Cumulative,Average,0.07552083333333333,0.4870689655172414,0.8989510371767242
Ordinal_Cumulative,Average,0.07552083333333333,0.49137931034482757,0.8989510371767242
Ordinal_Cumulative,Average,0.07682291666666667,0.49137931034482757,0.8989510371767242
Ordinal_Cumulative,Average,0.07682291666666667,0.4978448275862069,0.8989510371767242
Ordinal_Cumulative,Average,0.078125,0.4978448275862069,0.8989510371767242
Ordinal_Cumulative,Average,0.078125,0.5021551724137931,0.8989510371767242
Ordinal_Cumulative,Average,0.080078125,0.5021551724137931,0.8989510371767242
Ordinal_Cumulative,Average,0.080078125,0.5086206896551724,0.8989510371767242
Ordinal_Cumulative,Average,0.08463541666666667,0.5086206896551724,0.8989510371767242
Ordinal_Cumulative,Average,0.08463541666666667,0.5107758620689655,0.8989510371767242
Ordinal_Cumulative,Average,0.08528645833333333,0.5107758620689655,0.8989510371767242
Ordinal_Cumulative,Average,0.08528645833333333,0.5172413793103449,0.8989510371767242
Ordinal_Cumulative,Average,0.0859375,0.5172413793103449,0.8989510371767242
Ordinal_Cumulative,Average,0.0859375,0.5323275862068966,0.8989510371767242
Ordinal_Cumulative,Average,0.08658854166666667,0.5323275862068966,0.8989510371767242
Ordinal_Cumulative,Average,0.08658854166666667,0.5344827586206896,0.8989510371767242
Ordinal_Cumulative,Average,0.08723958333333333,0.5344827586206896,0.8989510371767242
Ordinal_Cumulative,Average,0.08723958333333333,0.5366379310344828,0.8989510371767242
Ordinal_Cumulative,Average,0.08919270833333333,0.5366379310344828,0.8989510371767242
Ordinal_Cumulative,Average,0.08919270833333333,0.5387931034482759,0.8989510371767242
Ordinal_Cumulative,Average,0.08984375,0.5387931034482759,0.8989510371767242
Ordinal_Cumulative,Average,0.08984375,0.5517241379310345,0.8989510371767242
Ordinal_Cumulative,Average,0.09114583333333333,0.5517241379310345,0.8989510371767242
Ordinal_Cumulative,Average,0.09114583333333333,0.5603448275862069,0.8989510371767242
Ordinal_Cumulative,Average,0.091796875,0.5603448275862069,0.8989510371767242
Ordinal_Cumulative,Average,0.091796875,0.5646551724137931,0.8989510371767242
Ordinal_Cumulative,Average,0.09440104166666667,0.5646551724137931,0.8989510371767242
Ordinal_Cumulative,Average,0.09440104166666667,0.5668103448275862,0.8989510371767242
Ordinal_Cumulative,Average,0.09505208333333333,0.5668103448275862,0.8989510371767242
Ordinal_Cumulative,Average,0.09505208333333333,0.5732758620689655,0.8989510371767242
Ordinal_Cumulative,Average,0.095703125,0.5732758620689655,0.8989510371767242
Ordinal_Cumulative,Average,0.095703125,0.5754310344827587,0.8989510371767242
Ordinal_Cumulative,Average,0.09635416666666667,0.5754310344827587,0.8989510371767242
Ordinal_Cumulative,Average,0.09635416666666667,0.5775862068965517,0.8989510371767242
Ordinal_Cumulative,Average,0.09700520833333333,0.5775862068965517,0.8989510371767242
Ordinal_Cumulative,Average,0.09700520833333333,0.5926724137931034,0.8989510371767242
Ordinal_Cumulative,Average,0.09765625,0.5926724137931034,0.8989510371767242
Ordinal_Cumulative,Average,0.09765625,0.5991379310344828,0.8989510371767242
Ordinal_Cumulative,Average,0.10026041666666667,0.5991379310344828,0.8989510371767242
Ordinal_Cumulative,Average,0.10026041666666667,0.603448275862069,0.8989510371767242
Ordinal_Cumulative,Average,0.1015625,0.603448275862069,0.8989510371767242
Ordinal_Cumulative,Average,0.1015625,0.6099137931034483,0.8989510371767242
Ordinal_Cumulative,Average,0.10221354166666667,0.6099137931034483,0.8989510371767242
Ordinal_Cumulative,Average,0.10221354166666667,0.6185344827586207,0.8989510371767242
Ordinal_Cumulative,Average,0.10286458333333333,0.6185344827586207,0.8989510371767242
Ordinal_Cumulative,Average,0.10286458333333333,0.6228448275862069,0.8989510371767242
Ordinal_Cumulative,Average,0.10416666666666667,0.6228448275862069,0.8989510371767242
Ordinal_Cumulative,Average,0.10416666666666667,0.6271551724137931,0.8989510371767242
Ordinal_Cumulative,Average,0.10481770833333333,0.6271551724137931,0.8989510371767242
Ordinal_Cumulative,Average,0.10481770833333333,0.6293103448275862,0.8989510371767242
Ordinal_Cumulative,Average,0.10546875,0.6293103448275862,0.8989510371767242
Ordinal_Cumulative,Average,0.10546875,0.6400862068965517,0.8989510371767242
Ordinal_Cumulative,Average,0.107421875,0.6400862068965517,0.8989510371767242
Ordinal_Cumulative,Average,0.107421875,0.6422413793103449,0.8989510371767242
Ordinal_Cumulative,Average,0.109375,0.6422413793103449,0.8989510371767242
Ordinal_Cumulative,Average,0.109375,0.6487068965517241,0.8989510371767242
Ordinal_Cumulative,Average,0.11002604166666667,0.6487068965517241,0.8989510371767242
Ordinal_Cumulative,Average,0.11002604166666667,0.6508620689655172,0.8989510371767242
Ordinal_Cumulative,Average,0.11067708333333333,0.6508620689655172,0.8989510371767242
Ordinal_Cumulative,Average,0.11067708333333333,0.6551724137931034,0.8989510371767242
Ordinal_Cumulative,Average,0.111328125,0.6551724137931034,0.8989510371767242
Ordinal_Cumulative,Average,0.111328125,0.6573275862068966,0.8989510371767242
Ordinal_Cumulative,Average,0.11328125,0.6573275862068966,0.8989510371767242
Ordinal_Cumulative,Average,0.11328125,0.665948275862069,0.8989510371767242
Ordinal_Cumulative,Average,0.11393229166666667,0.665948275862069,0.8989510371767242
Ordinal_Cumulative,Average,0.11393229166666667,0.6681034482758621,0.8989510371767242
Ordinal_Cumulative,Average,0.11588541666666667,0.6681034482758621,0.8989510371767242
Ordinal_Cumulative,Average,0.11588541666666667,0.6702586206896551,0.8989510371767242
Ordinal_Cumulative,Average,0.11653645833333333,0.6702586206896551,0.8989510371767242
Ordinal_Cumulative,Average,0.11653645833333333,0.6724137931034483,0.8989510371767242
Ordinal_Cumulative,Average,0.11783854166666667,0.6724137931034483,0.8989510371767242
Ordinal_Cumulative,Average,0.11783854166666667,0.6745689655172413,0.8989510371767242
Ordinal_Cumulative,Average,0.119140625,0.6745689655172413,0.8989510371767242
Ordinal_Cumulative,Average,0.119140625,0.6788793103448276,0.8989510371767242
Ordinal_Cumulative,Average,0.12109375,0.6788793103448276,0.8989510371767242
Ordinal_Cumulative,Average,0.12109375,0.6810344827586207,0.8989510371767242
Ordinal_Cumulative,Average,0.12174479166666667,0.6810344827586207,0.8989510371767242
Ordinal_Cumulative,Average,0.12174479166666667,0.6831896551724138,0.8989510371767242
Ordinal_Cumulative,Average,0.12239583333333333,0.6831896551724138,0.8989510371767242
Ordinal_Cumulative,Average,0.12239583333333333,0.6896551724137931,0.8989510371767242
Ordinal_Cumulative,Average,0.12369791666666667,0.6896551724137931,0.8989510371767242
Ordinal_Cumulative,Average,0.12369791666666667,0.6939655172413793,0.8989510371767242
Ordinal_Cumulative,Average,0.125,0.6939655172413793,0.8989510371767242
Ordinal_Cumulative,Average,0.125,0.6961206896551724,0.8989510371767242
Ordinal_Cumulative,Average,0.12565104166666666,0.6961206896551724,0.8989510371767242
Ordinal_Cumulative,Average,0.12565104166666666,0.7004310344827587,0.8989510371767242
Ordinal_Cumulative,Average,0.12630208333333334,0.7004310344827587,0.8989510371767242
Ordinal_Cumulative,Average,0.12630208333333334,0.709051724137931,0.8989510371767242
Ordinal_Cumulative,Average,0.12825520833333334,0.709051724137931,0.8989510371767242
Ordinal_Cumulative,Average,0.12825520833333334,0.7155172413793104,0.8989510371767242
Ordinal_Cumulative,Average,0.12890625,0.7155172413793104,0.8989510371767242
Ordinal_Cumulative,Average,0.12890625,0.7176724137931034,0.8989510371767242
Ordinal_Cumulative,Average,0.13020833333333334,0.7176724137931034,0.8989510371767242
Ordinal_Cumulative,Average,0.13020833333333334,0.7241379310344828,0.8989510371767242
Ordinal_Cumulative,Average,0.13151041666666666,0.7241379310344828,0.8989510371767242
Ordinal_Cumulative,Average,0.13151041666666666,0.728448275862069,0.8989510371767242
Ordinal_Cumulative,Average,0.13216145833333334,0.728448275862069,0.8989510371767242
Ordinal_Cumulative,Average,0.13216145833333334,0.7306034482758621,0.8989510371767242
Ordinal_Cumulative,Average,0.1328125,0.7306034482758621,0.8989510371767242
Ordinal_Cumulative,Average,0.1328125,0.7327586206896551,0.8989510371767242
Ordinal_Cumulative,Average,0.13346354166666666,0.7327586206896551,0.8989510371767242
Ordinal_Cumulative,Average,0.13346354166666666,0.7349137931034483,0.8989510371767242
Ordinal_Cumulative,Average,0.134765625,0.7349137931034483,0.8989510371767242
Ordinal_Cumulative,Average,0.134765625,0.7413793103448276,0.8989510371767242
Ordinal_Cumulative,Average,0.13671875,0.7413793103448276,0.8989510371767242
Ordinal_Cumulative,Average,0.13671875,0.7435344827586207,0.8989510371767242
Ordinal_Cumulative,Average,0.14192708333333334,0.7435344827586207,0.8989510371767242
Ordinal_Cumulative,Average,0.14192708333333334,0.7456896551724138,0.8989510371767242
Ordinal_Cumulative,Average,0.142578125,0.7456896551724138,0.8989510371767242
Ordinal_Cumulative,Average,0.142578125,0.7478448275862069,0.8989510371767242
Ordinal_Cumulative,Average,0.14583333333333334,0.7478448275862069,0.8989510371767242
Ordinal_Cumulative,Average,0.14583333333333334,0.7543103448275862,0.8989510371767242
Ordinal_Cumulative,Average,0.146484375,0.7543103448275862,0.8989510371767242
Ordinal_Cumulative,Average,0.146484375,0.7607758620689655,0.8989510371767242
Ordinal_Cumulative,Average,0.14908854166666666,0.7607758620689655,0.8989510371767242
Ordinal_Cumulative,Average,0.14908854166666666,0.7672413793103449,0.8989510371767242
Ordinal_Cumulative,Average,0.14973958333333334,0.7672413793103449,0.8989510371767242
Ordinal_Cumulative,Average,0.14973958333333334,0.7693965517241379,0.8989510371767242
Ordinal_Cumulative,Average,0.15234375,0.7693965517241379,0.8989510371767242
Ordinal_Cumulative,Average,0.15234375,0.7737068965517241,0.8989510371767242
Ordinal_Cumulative,Average,0.15364583333333334,0.7737068965517241,0.8989510371767242
Ordinal_Cumulative,Average,0.15364583333333334,0.7758620689655172,0.8989510371767242
Ordinal_Cumulative,Average,0.154296875,0.7758620689655172,0.8989510371767242
Ordinal_Cumulative,Average,0.154296875,0.7780172413793104,0.8989510371767242
Ordinal_Cumulative,Average,0.15950520833333334,0.7780172413793104,0.8989510371767242
Ordinal_Cumulative,Average,0.15950520833333334,0.7844827586206896,0.8989510371767242
Ordinal_Cumulative,Average,0.16145833333333334,0.7844827586206896,0.8989510371767242
Ordinal_Cumulative,Average,0.16145833333333334,0.7887931034482759,0.8989510371767242
Ordinal_Cumulative,Average,0.162109375,0.7887931034482759,0.8989510371767242
Ordinal_Cumulative,Average,0.162109375,0.7931034482758621,0.8989510371767242
Ordinal_Cumulative,Average,0.16276041666666666,0.7931034482758621,0.8989510371767242
Ordinal_Cumulative,Average,0.16276041666666666,0.7952586206896551,0.8989510371767242
Ordinal_Cumulative,Average,0.1640625,0.7952586206896551,0.8989510371767242
Ordinal_Cumulative,Average,0.1640625,0.7974137931034483,0.8989510371767242
Ordinal_Cumulative,Average,0.16471354166666666,0.7974137931034483,0.8989510371767242
Ordinal_Cumulative,Average,0.16471354166666666,0.8038793103448276,0.8989510371767242
Ordinal_Cumulative,Average,0.166015625,0.8038793103448276,0.8989510371767242
Ordinal_Cumulative,Average,0.166015625,0.8060344827586207,0.8989510371767242
Ordinal_Cumulative,Average,0.16666666666666666,0.8060344827586207,0.8989510371767242
Ordinal_Cumulative,Average,0.16666666666666666,0.8081896551724138,0.8989510371767242
Ordinal_Cumulative,Average,0.16861979166666666,0.8081896551724138,0.8989510371767242
Ordinal_Cumulative,Average,0.16861979166666666,0.8103448275862069,0.8989510371767242
Ordinal_Cumulative,Average,0.17057291666666666,0.8103448275862069,0.8989510371767242
Ordinal_Cumulative,Average,0.17057291666666666,0.8125,0.8989510371767242
Ordinal_Cumulative,Average,0.17252604166666666,0.8125,0.8989510371767242
Ordinal_Cumulative,Average,0.17252604166666666,0.8211206896551724,0.8989510371767242
Ordinal_Cumulative,Average,0.173828125,0.8211206896551724,0.8989510371767242
Ordinal_Cumulative,Average,0.173828125,0.8232758620689655,0.8989510371767242
Ordinal_Cumulative,Average,0.177734375,0.8232758620689655,0.8989510371767242
Ordinal_Cumulative,Average,0.177734375,0.8254310344827587,0.8989510371767242
Ordinal_Cumulative,Average,0.1796875,0.8254310344827587,0.8989510371767242
Ordinal_Cumulative,Average,0.1796875,0.8275862068965517,0.8989510371767242
Ordinal_Cumulative,Average,0.18033854166666666,0.8275862068965517,0.8989510371767242
Ordinal_Cumulative,Average,0.18033854166666666,0.8297413793103449,0.8989510371767242
Ordinal_Cumulative,Average,0.18424479166666666,0.8297413793103449,0.8989510371767242
Ordinal_Cumulative,Average,0.18424479166666666,0.8383620689655172,0.8989510371767242
Ordinal_Cumulative,Average,0.18619791666666666,0.8383620689655172,0.8989510371767242
Ordinal_Cumulative,Average,0.18619791666666666,0.8405172413793104,0.8989510371767242
Ordinal_Cumulative,Average,0.1875,0.8405172413793104,0.8989510371767242
Ordinal_Cumulative,Average,0.1875,0.8426724137931034,0.8989510371767242
Ordinal_Cumulative,Average,0.18815104166666666,0.8426724137931034,0.8989510371767242
Ordinal_Cumulative,Average,0.18815104166666666,0.8448275862068966,0.8989510371767242
Ordinal_Cumulative,Average,0.18880208333333334,0.8448275862068966,0.8989510371767242
Ordinal_Cumulative,Average,0.18880208333333334,0.8469827586206896,0.8989510371767242
Ordinal_Cumulative,Average,0.19075520833333334,0.8469827586206896,0.8989510371767242
Ordinal_Cumulative,Average,0.19075520833333334,0.8491379310344828,0.8989510371767242
Ordinal_Cumulative,Average,0.19140625,0.8491379310344828,0.8989510371767242
Ordinal_Cumulative,Average,0.19140625,0.8512931034482759,0.8989510371767242
Ordinal_Cumulative,Average,0.19205729166666666,0.8512931034482759,0.8989510371767242
Ordinal_Cumulative,Average,0.19205729166666666,0.853448275862069,0.8989510371767242
Ordinal_Cumulative,Average,0.19270833333333334,0.853448275862069,0.8989510371767242
Ordinal_Cumulative,Average,0.19270833333333334,0.8556034482758621,0.8989510371767242
Ordinal_Cumulative,Average,0.19791666666666666,0.8556034482758621,0.8989510371767242
Ordinal_Cumulative,Average,0.19791666666666666,0.8577586206896551,0.8989510371767242
Ordinal_Cumulative,Average,0.19856770833333334,0.8577586206896551,0.8989510371767242
Ordinal_Cumulative,Average,0.19856770833333334,0.8599137931034483,0.8989510371767242
Ordinal_Cumulative,Average,0.19921875,0.8599137931034483,0.8989510371767242
Ordinal_Cumulative,Average,0.19921875,0.8620689655172413,0.8989510371767242
Ordinal_Cumulative,Average,0.19986979166666666,0.8620689655172413,0.8989510371767242
Ordinal_Cumulative,Average,0.19986979166666666,0.8663793103448276,0.8989510371767242
Ordinal_Cumulative,Average,0.20052083333333334,0.8663793103448276,0.8989510371767242
Ordinal_Cumulative,Average,0.20052083333333334,0.8685344827586207,0.8989510371767242
Ordinal_Cumulative,Average,0.20182291666666666,0.8685344827586207,0.8989510371767242
Ordinal_Cumulative,Average,0.20182291666666666,0.8728448275862069,0.8989510371767242
Ordinal_Cumulative,Average,0.20377604166666666,0.8728448275862069,0.8989510371767242
Ordinal_Cumulative,Average,0.20377604166666666,0.8793103448275862,0.8989510371767242
Ordinal_Cumulative,Average,0.20442708333333334,0.8793103448275862,0.8989510371767242
Ordinal_Cumulative,Average,0.20442708333333334,0.8814655172413793,0.8989510371767242
Ordinal_Cumulative,Average,0.20703125,0.8814655172413793,0.8989510371767242
Ordinal_Cumulative,Average,0.20703125,0.8836206896551724,0.8989510371767242
Ordinal_Cumulative,Average,0.21028645833333334,0.8836206896551724,0.8989510371767242
Ordinal_Cumulative,Average,0.21028645833333334,0.8857758620689655,0.8989510371767242
Ordinal_Cumulative,Average,0.2109375,0.8857758620689655,0.8989510371767242
Ordinal_Cumulative,Average,0.2109375,0.8879310344827587,0.8989510371767242
Ordinal_Cumulative,Average,0.21158854166666666,0.8879310344827587,0.8989510371767242
Ordinal_Cumulative,Average,0.21158854166666666,0.8922413793103449,0.8989510371767242
Ordinal_Cumulative,Average,0.21354166666666666,0.8922413793103449,0.8989510371767242
Ordinal_Cumulative,Average,0.21354166666666666,0.8987068965517241,0.8989510371767242
Ordinal_Cumulative,Average,0.21809895833333334,0.8987068965517241,0.8989510371767242
Ordinal_Cumulative,Average,0.21809895833333334,0.9008620689655172,0.8989510371767242
Ordinal_Cumulative,Average,0.220703125,0.9008620689655172,0.8989510371767242
Ordinal_Cumulative,Average,0.220703125,0.9051724137931034,0.8989510371767242
Ordinal_Cumulative,Average,0.22265625,0.9051724137931034,0.8989510371767242
Ordinal_Cumulative,Average,0.22265625,0.9094827586206896,0.8989510371767242
Ordinal_Cumulative,Average,0.22526041666666666,0.9094827586206896,0.8989510371767242
Ordinal_Cumulative,Average,0.22526041666666666,0.9116379310344828,0.8989510371767242
Ordinal_Cumulative,Average,0.22721354166666666,0.9116379310344828,0.8989510371767242
Ordinal_Cumulative,Average,0.22721354166666666,0.9137931034482759,0.8989510371767242
Ordinal_Cumulative,Average,0.23307291666666666,0.9137931034482759,0.8989510371767242
Ordinal_Cumulative,Average,0.23307291666666666,0.9181034482758621,0.8989510371767242
Ordinal_Cumulative,Average,0.23958333333333334,0.9181034482758621,0.8989510371767242
Ordinal_Cumulative,Average,0.23958333333333334,0.9224137931034483,0.8989510371767242
Ordinal_Cumulative,Average,0.240234375,0.9224137931034483,0.8989510371767242
Ordinal_Cumulative,Average,0.240234375,0.9245689655172413,0.8989510371767242
Ordinal_Cumulative,Average,0.24739583333333334,0.9245689655172413,0.8989510371767242
Ordinal_Cumulative,Average,0.24739583333333334,0.9267241379310345,0.8989510371767242
Ordinal_Cumulative,Average,0.2591145833333333,0.9267241379310345,0.8989510371767242
Ordinal_Cumulative,Average,0.2591145833333333,0.9288793103448276,0.8989510371767242
Ordinal_Cumulative,Average,0.259765625,0.9288793103448276,0.8989510371767242
Ordinal_Cumulative,Average,0.259765625,0.9310344827586207,0.8989510371767242
Ordinal_Cumulative,Average,0.2649739583333333,0.9310344827586207,0.8989510371767242
Ordinal_Cumulative,Average,0.2649739583333333,0.9331896551724138,0.8989510371767242
Ordinal_Cumulative,Average,0.2701822916666667,0.9331896551724138,0.8989510371767242
Ordinal_Cumulative,Average,0.2701822916666667,0.9353448275862069,0.8989510371767242
Ordinal_Cumulative,Average,0.271484375,0.9353448275862069,0.8989510371767242
Ordinal_Cumulative,Average,0.271484375,0.9375,0.8989510371767242
Ordinal_Cumulative,Average,0.2766927083333333,0.9375,0.8989510371767242
Ordinal_Cumulative,Average,0.2766927083333333,0.9396551724137931,0.8989510371767242
Ordinal_Cumulative,Average,0.2786458333333333,0.9396551724137931,0.8989510371767242
Ordinal_Cumulative,Average,0.2786458333333333,0.9418103448275862,0.8989510371767242
Ordinal_Cumulative,Average,0.2805989583333333,0.9418103448275862,0.8989510371767242
Ordinal_Cumulative,Average,0.2805989583333333,0.9439655172413793,0.8989510371767242
Ordinal_Cumulative,Average,0.2819010416666667,0.9439655172413793,0.8989510371767242
Ordinal_Cumulative,Average,0.2819010416666667,0.9461206896551724,0.8989510371767242
Ordinal_Cumulative,Average,0.2838541666666667,0.9461206896551724,0.8989510371767242
Ordinal_Cumulative,Average,0.2838541666666667,0.9482758620689655,0.8989510371767242
Ordinal_Cumulative,Average,0.287109375,0.9482758620689655,0.8989510371767242
Ordinal_Cumulative,Average,0.287109375,0.9504310344827587,0.8989510371767242
Ordinal_Cumulative,Average,0.291015625,0.9504310344827587,0.8989510371767242
Ordinal_Cumulative,Average,0.291015625,0.9525862068965517,0.8989510371767242
Ordinal_Cumulative,Average,0.2942708333333333,0.9525862068965517,0.8989510371767242
Ordinal_Cumulative,Average,0.2942708333333333,0.9547413793103449,0.8989510371767242
Ordinal_Cumulative,Average,0.296875,0.9547413793103449,0.8989510371767242
Ordinal_Cumulative,Average,0.296875,0.9568965517241379,0.8989510371767242
Ordinal_Cumulative,Average,0.298828125,0.9568965517241379,0.8989510371767242
Ordinal_Cumulative,Average,0.298828125,0.959051724137931,0.8989510371767242
Ordinal_Cumulative,Average,0.3040364583333333,0.959051724137931,0.8989510371767242
Ordinal_Cumulative,Average,0.3040364583333333,0.9612068965517241,0.8989510371767242
Ordinal_Cumulative,Average,0.3079427083333333,0.9612068965517241,0.8989510371767242
Ordinal_Cumulative,Average,0.3079427083333333,0.9633620689655172,0.8989510371767242
Ordinal_Cumulative,Average,0.3138020833333333,0.9633620689655172,0.8989510371767242
Ordinal_Cumulative,Average,0.3138020833333333,0.9676724137931034,0.8989510371767242
Ordinal_Cumulative,Average,0.3313802083333333,0.9676724137931034,0.8989510371767242
Ordinal_Cumulative,Average,0.3313802083333333,0.9698275862068966,0.8989510371767242
Ordinal_Cumulative,Average,0.3541666666666667,0.9698275862068966,0.8989510371767242
Ordinal_Cumulative,Average,0.3541666666666667,0.9719827586206896,0.8989510371767242
Ordinal_Cumulative,Average,0.3723958333333333,0.9719827586206896,0.8989510371767242
Ordinal_Cumulative,Average,0.3723958333333333,0.9741379310344828,0.8989510371767242
Ordinal_Cumulative,Average,0.384765625,0.9741379310344828,0.8989510371767242
Ordinal_Cumulative,Average,0.384765625,0.9762931034482759,0.8989510371767242
Ordinal_Cumulative,Average,0.3893229166666667,0.9762931034482759,0.8989510371767242
Ordinal_Cumulative,Average,0.3893229166666667,0.978448275862069,0.8989510371767242
Ordinal_Cumulative,Average,0.3932291666666667,0.978448275862069,0.8989510371767242
Ordinal_Cumulative,Average,0.3932291666666667,0.9806034482758621,0.8989510371767242
Ordinal_Cumulative,Average,0.3977864583333333,0.9806034482758621,0.8989510371767242
Ordinal_Cumulative,Average,0.3977864583333333,0.9827586206896551,0.8989510371767242
Ordinal_Cumulative,Average,0.412109375,0.9827586206896551,0.8989510371767242
Ordinal_Cumulative,Average,0.412109375,0.9849137931034483,0.8989510371767242
Ordinal_Cumulative,Average,0.4134114583333333,0.9849137931034483,0.8989510371767242
Ordinal_Cumulative,Average,0.4134114583333333,0.9870689655172413,0.8989510371767242
Ordinal_Cumulative,Average,0.4329427083333333,0.9870689655172413,0.8989510371767242
Ordinal_Cumulative,Average,0.4329427083333333,0.9892241379310345,0.8989510371767242
Ordinal_Cumulative,Average,0.43359375,0.9892241379310345,0.8989510371767242
Ordinal_Cumulative,Average,0.43359375,0.9913793103448276,0.8989510371767242
Ordinal_Cumulative,Average,0.443359375,0.9913793103448276,0.8989510371767242
Ordinal_Cumulative,Average,0.443359375,0.9935344827586207,0.8989510371767242
Ordinal_Cumulative,Average,0.4713541666666667,0.9935344827586207,0.8989510371767242
Ordinal_Cumulative,Average,0.4713541666666667,0.9956896551724138,0.8989510371767242
Ordinal_Cumulative,Average,0.48046875,0.9956896551724138,0.8989510371767242
Ordinal_Cumulative,Average,0.48046875,0.9978448275862069,0.8989510371767242
Ordinal_Cumulative,Average,0.484375,0.9978448275862069,0.8989510371767242
Ordinal_Cumulative,Average,0.484375,1.0,0.8989510371767242
Ordinal_Cumulative,Average,1.0,1.0,0.8989510371767242
LightGBM_Tuned,Average,0.0,0.0,0.8687421426005747
LightGBM_Tuned,Average,0.0006510416666666666,0.0,0.8687421426005747
LightGBM_Tuned,Average,0.0006510416666666666,0.0021551724137931034,0.8687421426005747
LightGBM_Tuned,Average,0.0013020833333333333,0.0021551724137931034,0.8687421426005747
LightGBM_Tuned,Average,0.0013020833333333333,0.004310344827586207,0.8687421426005747
LightGBM_Tuned,Average,0.001953125,0.004310344827586207,0.8687421426005747
LightGBM_Tuned,Average,0.001953125,0.00646551724137931,0.8687421426005747
LightGBM_Tuned,Average,0.0026041666666666665,0.00646551724137931,0.8687421426005747
LightGBM_Tuned,Average,0.0026041666666666665,0.015086206896551725,0.8687421426005747
LightGBM_Tuned,Average,0.0032552083333333335,0.015086206896551725,0.8687421426005747
LightGBM_Tuned,Average,0.0032552083333333335,0.017241379310344827,0.8687421426005747
LightGBM_Tuned,Average,0.00390625,0.017241379310344827,0.8687421426005747
LightGBM_Tuned,Average,0.00390625,0.02586206896551724,0.8687421426005747
LightGBM_Tuned,Average,0.004557291666666667,0.02586206896551724,0.8687421426005747
LightGBM_Tuned,Average,0.004557291666666667,0.03017241379310345,0.8687421426005747
LightGBM_Tuned,Average,0.005208333333333333,0.03017241379310345,0.8687421426005747
LightGBM_Tuned,Average,0.005208333333333333,0.036637931034482756,0.8687421426005747
LightGBM_Tuned,Average,0.005859375,0.036637931034482756,0.8687421426005747
LightGBM_Tuned,Average,0.005859375,0.04741379310344827,0.8687421426005747
LightGBM_Tuned,Average,0.006510416666666667,0.04741379310344827,0.8687421426005747
LightGBM_Tuned,Average,0.006510416666666667,0.04956896551724138,0.8687421426005747
LightGBM_Tuned,Average,0.007161458333333333,0.04956896551724138,0.8687421426005747
LightGBM_Tuned,Average,0.007161458333333333,0.05172413793103448,0.8687421426005747
LightGBM_Tuned,Average,0.0078125,0.05172413793103448,0.8687421426005747
LightGBM_Tuned,Average,0.0078125,0.05818965517241379,0.8687421426005747
LightGBM_Tuned,Average,0.009114583333333334,0.05818965517241379,0.8687421426005747
LightGBM_Tuned,Average,0.009114583333333334,0.0668103448275862,0.8687421426005747
LightGBM_Tuned,Average,0.009765625,0.0668103448275862,0.8687421426005747
LightGBM_Tuned,Average,0.009765625,0.06896551724137931,0.8687421426005747
LightGBM_Tuned,Average,0.010416666666666666,0.06896551724137931,0.8687421426005747
LightGBM_Tuned,Average,0.010416666666666666,0.07327586206896551,0.8687421426005747
LightGBM_Tuned,Average,0.011067708333333334,0.07327586206896551,0.8687421426005747
LightGBM_Tuned,Average,0.011067708333333334,0.07543103448275862,0.8687421426005747
LightGBM_Tuned,Average,0.012369791666666666,0.07543103448275862,0.8687421426005747
LightGBM_Tuned,Average,0.012369791666666666,0.08189655172413793,0.8687421426005747
LightGBM_Tuned,Average,0.013020833333333334,0.08189655172413793,0.8687421426005747
LightGBM_Tuned,Average,0.013020833333333334,0.08405172413793104,0.8687421426005747
LightGBM_Tuned,Average,0.014322916666666666,0.08405172413793104,0.8687421426005747
LightGBM_Tuned,Average,0.014322916666666666,0.08620689655172414,0.8687421426005747
LightGBM_Tuned,Average,0.016927083333333332,0.08620689655172414,0.8687421426005747
LightGBM_Tuned,Average,0.016927083333333332,0.09051724137931035,0.8687421426005747
LightGBM_Tuned,Average,0.017578125,0.09051724137931035,0.8687421426005747
LightGBM_Tuned,Average,0.017578125,0.09482758620689655,0.8687421426005747
LightGBM_Tuned,Average,0.018229166666666668,0.09482758620689655,0.8687421426005747
LightGBM_Tuned,Average,0.018229166666666668,0.10129310344827586,0.8687421426005747
LightGBM_Tuned,Average,0.018880208333333332,0.10129310344827586,0.8687421426005747
LightGBM_Tuned,Average,0.018880208333333332,0.10560344827586207,0.8687421426005747
LightGBM_Tuned,Average,0.020182291666666668,0.10560344827586207,0.8687421426005747
LightGBM_Tuned,Average,0.020182291666666668,0.11853448275862069,0.8687421426005747
LightGBM_Tuned,Average,0.020833333333333332,0.11853448275862069,0.8687421426005747
LightGBM_Tuned,Average,0.020833333333333332,0.1206896551724138,0.8687421426005747
LightGBM_Tuned,Average,0.021484375,0.1206896551724138,0.8687421426005747
LightGBM_Tuned,Average,0.021484375,0.12284482758620689,0.8687421426005747
LightGBM_Tuned,Average,0.022135416666666668,0.12284482758620689,0.8687421426005747
LightGBM_Tuned,Average,0.022135416666666668,0.1336206896551724,0.8687421426005747
LightGBM_Tuned,Average,0.0234375,0.1336206896551724,0.8687421426005747
LightGBM_Tuned,Average,0.0234375,0.13577586206896552,0.8687421426005747
LightGBM_Tuned,Average,0.024739583333333332,0.13577586206896552,0.8687421426005747
LightGBM_Tuned,Average,0.024739583333333332,0.13793103448275862,0.8687421426005747
LightGBM_Tuned,Average,0.025390625,0.13793103448275862,0.8687421426005747
LightGBM_Tuned,Average,0.025390625,0.1400862068965517,0.8687421426005747
LightGBM_Tuned,Average,0.027994791666666668,0.1400862068965517,0.8687421426005747
LightGBM_Tuned,Average,0.027994791666666668,0.15948275862068967,0.8687421426005747
LightGBM_Tuned,Average,0.028645833333333332,0.15948275862068967,0.8687421426005747
LightGBM_Tuned,Average,0.028645833333333332,0.16810344827586207,0.8687421426005747
LightGBM_Tuned,Average,0.029296875,0.16810344827586207,0.8687421426005747
LightGBM_Tuned,Average,0.029296875,0.17025862068965517,0.8687421426005747
LightGBM_Tuned,Average,0.03125,0.17025862068965517,0.8687421426005747
LightGBM_Tuned,Average,0.03125,0.17456896551724138,0.8687421426005747
LightGBM_Tuned,Average,0.031901041666666664,0.17456896551724138,0.8687421426005747
LightGBM_Tuned,Average,0.031901041666666664,0.17672413793103448,0.8687421426005747
LightGBM_Tuned,Average,0.033203125,0.17672413793103448,0.8687421426005747
LightGBM_Tuned,Average,0.033203125,0.1788793103448276,0.8687421426005747
LightGBM_Tuned,Average,0.034505208333333336,0.1788793103448276,0.8687421426005747
LightGBM_Tuned,Average,0.034505208333333336,0.1810344827586207,0.8687421426005747
LightGBM_Tuned,Average,0.036458333333333336,0.1810344827586207,0.8687421426005747
LightGBM_Tuned,Average,0.036458333333333336,0.18318965517241378,0.8687421426005747
LightGBM_Tuned,Average,0.0390625,0.18318965517241378,0.8687421426005747
LightGBM_Tuned,Average,0.0390625,0.1853448275862069,0.8687421426005747
LightGBM_Tuned,Average,0.040364583333333336,0.1853448275862069,0.8687421426005747
LightGBM_Tuned,Average,0.040364583333333336,0.19181034482758622,0.8687421426005747
LightGBM_Tuned,Average,0.041015625,0.19181034482758622,0.8687421426005747
LightGBM_Tuned,Average,0.041015625,0.1961206896551724,0.8687421426005747
LightGBM_Tuned,Average,0.042317708333333336,0.1961206896551724,0.8687421426005747
LightGBM_Tuned,Average,0.042317708333333336,0.20043103448275862,0.8687421426005747
LightGBM_Tuned,Average,0.043619791666666664,0.20043103448275862,0.8687421426005747
LightGBM_Tuned,Average,0.043619791666666664,0.2025862068965517,0.8687421426005747
LightGBM_Tuned,Average,0.044270833333333336,0.2025862068965517,0.8687421426005747
LightGBM_Tuned,Average,0.044270833333333336,0.20689655172413793,0.8687421426005747
LightGBM_Tuned,Average,0.044921875,0.20689655172413793,0.8687421426005747
LightGBM_Tuned,Average,0.044921875,0.21120689655172414,0.8687421426005747
LightGBM_Tuned,Average,0.045572916666666664,0.21120689655172414,0.8687421426005747
LightGBM_Tuned,Average,0.045572916666666664,0.21767241379310345,0.8687421426005747
LightGBM_Tuned,Average,0.046875,0.21767241379310345,0.8687421426005747
LightGBM_Tuned,Average,0.046875,0.22629310344827586,0.8687421426005747
LightGBM_Tuned,Average,0.047526041666666664,0.22629310344827586,0.8687421426005747
LightGBM_Tuned,Average,0.047526041666666664,0.23275862068965517,0.8687421426005747
LightGBM_Tuned,Average,0.048177083333333336,0.23275862068965517,0.8687421426005747
LightGBM_Tuned,Average,0.048177083333333336,0.2349137931034483,0.8687421426005747
LightGBM_Tuned,Average,0.049479166666666664,0.2349137931034483,0.8687421426005747
LightGBM_Tuned,Average,0.049479166666666664,0.23706896551724138,0.8687421426005747
LightGBM_Tuned,Average,0.05078125,0.23706896551724138,0.8687421426005747
LightGBM_Tuned,Average,0.05078125,0.2413793103448276,0.8687421426005747
LightGBM_Tuned,Average,0.052083333333333336,0.2413793103448276,0.8687421426005747
LightGBM_Tuned,Average,0.052083333333333336,0.2435344827586207,0.8687421426005747
LightGBM_Tuned,Average,0.052734375,0.2435344827586207,0.8687421426005747
LightGBM_Tuned,Average,0.052734375,0.24568965517241378,0.8687421426005747
LightGBM_Tuned,Average,0.054036458333333336,0.24568965517241378,0.8687421426005747
LightGBM_Tuned,Average,0.054036458333333336,0.2543103448275862,0.8687421426005747
LightGBM_Tuned,Average,0.055338541666666664,0.2543103448275862,0.8687421426005747
LightGBM_Tuned,Average,0.055338541666666664,0.2607758620689655,0.8687421426005747
LightGBM_Tuned,Average,0.055989583333333336,0.2607758620689655,0.8687421426005747
LightGBM_Tuned,Average,0.055989583333333336,0.27370689655172414,0.8687421426005747
LightGBM_Tuned,Average,0.056640625,0.27370689655172414,0.8687421426005747
LightGBM_Tuned,Average,0.056640625,0.29094827586206895,0.8687421426005747
LightGBM_Tuned,Average,0.057942708333333336,0.29094827586206895,0.8687421426005747
LightGBM_Tuned,Average,0.057942708333333336,0.2952586206896552,0.8687421426005747
LightGBM_Tuned,Average,0.059895833333333336,0.2952586206896552,0.8687421426005747
LightGBM_Tuned,Average,0.059895833333333336,0.2995689655172414,0.8687421426005747
LightGBM_Tuned,Average,0.060546875,0.2995689655172414,0.8687421426005747
LightGBM_Tuned,Average,0.060546875,0.3017241379310345,0.8687421426005747
LightGBM_Tuned,Average,0.061848958333333336,0.3017241379310345,0.8687421426005747
LightGBM_Tuned,Average,0.061848958333333336,0.30387931034482757,0.8687421426005747
LightGBM_Tuned,Average,0.0625,0.30387931034482757,0.8687421426005747
LightGBM_Tuned,Average,0.0625,0.3103448275862069,0.8687421426005747
LightGBM_Tuned,Average,0.064453125,0.3103448275862069,0.8687421426005747
LightGBM_Tuned,Average,0.064453125,0.3168103448275862,0.8687421426005747
LightGBM_Tuned,Average,0.06510416666666667,0.3168103448275862,0.8687421426005747
LightGBM_Tuned,Average,0.06510416666666667,0.31896551724137934,0.8687421426005747
LightGBM_Tuned,Average,0.06640625,0.31896551724137934,0.8687421426005747
LightGBM_Tuned,Average,0.06640625,0.32112068965517243,0.8687421426005747
LightGBM_Tuned,Average,0.06770833333333333,0.32112068965517243,0.8687421426005747
LightGBM_Tuned,Average,0.06770833333333333,0.3232758620689655,0.8687421426005747
LightGBM_Tuned,Average,0.068359375,0.3232758620689655,0.8687421426005747
LightGBM_Tuned,Average,0.068359375,0.3297413793103448,0.8687421426005747
LightGBM_Tuned,Average,0.06901041666666667,0.3297413793103448,0.8687421426005747
LightGBM_Tuned,Average,0.06901041666666667,0.33189655172413796,0.8687421426005747
LightGBM_Tuned,Average,0.06966145833333333,0.33189655172413796,0.8687421426005747
LightGBM_Tuned,Average,0.06966145833333333,0.33620689655172414,0.8687421426005747
LightGBM_Tuned,Average,0.0703125,0.33620689655172414,0.8687421426005747
LightGBM_Tuned,Average,0.0703125,0.33836206896551724,0.8687421426005747
LightGBM_Tuned,Average,0.07096354166666667,0.33836206896551724,0.8687421426005747
LightGBM_Tuned,Average,0.07096354166666667,0.35129310344827586,0.8687421426005747
LightGBM_Tuned,Average,0.07161458333333333,0.35129310344827586,0.8687421426005747
LightGBM_Tuned,Average,0.07161458333333333,0.36637931034482757,0.8687421426005747
LightGBM_Tuned,Average,0.072265625,0.36637931034482757,0.8687421426005747
LightGBM_Tuned,Average,0.072265625,0.3793103448275862,0.8687421426005747
LightGBM_Tuned,Average,0.07291666666666667,0.3793103448275862,0.8687421426005747
LightGBM_Tuned,Average,0.07291666666666667,0.3922413793103448,0.8687421426005747
LightGBM_Tuned,Average,0.07421875,0.3922413793103448,0.8687421426005747
LightGBM_Tuned,Average,0.07421875,0.39870689655172414,0.8687421426005747
LightGBM_Tuned,Average,0.07682291666666667,0.39870689655172414,0.8687421426005747
LightGBM_Tuned,Average,0.07682291666666667,0.4051724137931034,0.8687421426005747
LightGBM_Tuned,Average,0.078125,0.4051724137931034,0.8687421426005747
LightGBM_Tuned,Average,0.078125,0.4073275862068966,0.8687421426005747
LightGBM_Tuned,Average,0.07877604166666667,0.4073275862068966,0.8687421426005747
LightGBM_Tuned,Average,0.07877604166666667,0.41163793103448276,0.8687421426005747
LightGBM_Tuned,Average,0.080078125,0.41163793103448276,0.8687421426005747
LightGBM_Tuned,Average,0.080078125,0.41594827586206895,0.8687421426005747
LightGBM_Tuned,Average,0.08072916666666667,0.41594827586206895,0.8687421426005747
LightGBM_Tuned,Average,0.08072916666666667,0.41810344827586204,0.8687421426005747
LightGBM_Tuned,Average,0.08138020833333333,0.41810344827586204,0.8687421426005747
LightGBM_Tuned,Average,0.08138020833333333,0.4267241379310345,0.8687421426005747
LightGBM_Tuned,Average,0.08203125,0.4267241379310345,0.8687421426005747
LightGBM_Tuned,Average,0.08203125,0.43103448275862066,0.8687421426005747
LightGBM_Tuned,Average,0.083984375,0.43103448275862066,0.8687421426005747
LightGBM_Tuned,Average,0.083984375,0.4331896551724138,0.8687421426005747
LightGBM_Tuned,Average,0.0859375,0.4331896551724138,0.8687421426005747
LightGBM_Tuned,Average,0.0859375,0.44396551724137934,0.8687421426005747
LightGBM_Tuned,Average,0.08658854166666667,0.44396551724137934,0.8687421426005747
LightGBM_Tuned,Average,0.08658854166666667,0.44612068965517243,0.8687421426005747
LightGBM_Tuned,Average,0.08723958333333333,0.44612068965517243,0.8687421426005747
LightGBM_Tuned,Average,0.08723958333333333,0.4504310344827586,0.8687421426005747
LightGBM_Tuned,Average,0.087890625,0.4504310344827586,0.8687421426005747
LightGBM_Tuned,Average,0.087890625,0.4547413793103448,0.8687421426005747
LightGBM_Tuned,Average,0.08984375,0.4547413793103448,0.8687421426005747
LightGBM_Tuned,Average,0.08984375,0.45689655172413796,0.8687421426005747
LightGBM_Tuned,Average,0.09049479166666667,0.45689655172413796,0.8687421426005747
LightGBM_Tuned,Average,0.09049479166666667,0.45905172413793105,0.8687421426005747
LightGBM_Tuned,Average,0.09114583333333333,0.45905172413793105,0.8687421426005747
LightGBM_Tuned,Average,0.09114583333333333,0.46120689655172414,0.8687421426005747
LightGBM_Tuned,Average,0.091796875,0.46120689655172414,0.8687421426005747
LightGBM_Tuned,Average,0.091796875,0.47413793103448276,0.8687421426005747
LightGBM_Tuned,Average,0.09244791666666667,0.47413793103448276,0.8687421426005747
LightGBM_Tuned,Average,0.09244791666666667,0.47844827586206895,0.8687421426005747
LightGBM_Tuned,Average,0.09309895833333333,0.47844827586206895,0.8687421426005747
LightGBM_Tuned,Average,0.09309895833333333,0.4849137931034483,0.8687421426005747
LightGBM_Tuned,Average,0.09375,0.4849137931034483,0.8687421426005747
LightGBM_Tuned,Average,0.09375,0.49137931034482757,0.8687421426005747
LightGBM_Tuned,Average,0.09440104166666667,0.49137931034482757,0.8687421426005747
LightGBM_Tuned,Average,0.09440104166666667,0.4956896551724138,0.8687421426005747
LightGBM_Tuned,Average,0.09505208333333333,0.4956896551724138,0.8687421426005747
LightGBM_Tuned,Average,0.09505208333333333,0.5,0.8687421426005747
LightGBM_Tuned,Average,0.095703125,0.5,0.8687421426005747
LightGBM_Tuned,Average,0.095703125,0.5043103448275862,0.8687421426005747
LightGBM_Tuned,Average,0.09765625,0.5043103448275862,0.8687421426005747
LightGBM_Tuned,Average,0.09765625,0.5064655172413793,0.8687421426005747
LightGBM_Tuned,Average,0.099609375,0.5064655172413793,0.8687421426005747
LightGBM_Tuned,Average,0.099609375,0.5129310344827587,0.8687421426005747
LightGBM_Tuned,Average,0.10091145833333333,0.5129310344827587,0.8687421426005747
LightGBM_Tuned,Average,0.10091145833333333,0.5172413793103449,0.8687421426005747
LightGBM_Tuned,Average,0.1015625,0.5172413793103449,0.8687421426005747
LightGBM_Tuned,Average,0.1015625,0.5193965517241379,0.8687421426005747
LightGBM_Tuned,Average,0.10221354166666667,0.5193965517241379,0.8687421426005747
LightGBM_Tuned,Average,0.10221354166666667,0.5258620689655172,0.8687421426005747
LightGBM_Tuned,Average,0.10286458333333333,0.5258620689655172,0.8687421426005747
LightGBM_Tuned,Average,0.10286458333333333,0.5280172413793104,0.8687421426005747
LightGBM_Tuned,Average,0.10481770833333333,0.5280172413793104,0.8687421426005747
LightGBM_Tuned,Average,0.10481770833333333,0.5344827586206896,0.8687421426005747
LightGBM_Tuned,Average,0.10546875,0.5344827586206896,0.8687421426005747
LightGBM_Tuned,Average,0.10546875,0.5366379310344828,0.8687421426005747
LightGBM_Tuned,Average,0.10677083333333333,0.5366379310344828,0.8687421426005747
LightGBM_Tuned,Average,0.10677083333333333,0.5474137931034483,0.8687421426005747
LightGBM_Tuned,Average,0.109375,0.5474137931034483,0.8687421426005747
LightGBM_Tuned,Average,0.109375,0.5495689655172413,0.8687421426005747
LightGBM_Tuned,Average,0.111328125,0.5495689655172413,0.8687421426005747
LightGBM_Tuned,Average,0.111328125,0.5560344827586207,0.8687421426005747
LightGBM_Tuned,Average,0.11263020833333333,0.5560344827586207,0.8687421426005747
LightGBM_Tuned,Average,0.11263020833333333,0.5603448275862069,0.8687421426005747
LightGBM_Tuned,Average,0.11393229166666667,0.5603448275862069,0.8687421426005747
LightGBM_Tuned,Average,0.11393229166666667,0.5625,0.8687421426005747
LightGBM_Tuned,Average,0.115234375,0.5625,0.8687421426005747
LightGBM_Tuned,Average,0.115234375,0.5689655172413793,0.8687421426005747
LightGBM_Tuned,Average,0.1171875,0.5689655172413793,0.8687421426005747
LightGBM_Tuned,Average,0.1171875,0.5711206896551724,0.8687421426005747
LightGBM_Tuned,Average,0.11783854166666667,0.5711206896551724,0.8687421426005747
LightGBM_Tuned,Average,0.11783854166666667,0.5732758620689655,0.8687421426005747
LightGBM_Tuned,Average,0.11848958333333333,0.5732758620689655,0.8687421426005747
LightGBM_Tuned,Average,0.11848958333333333,0.5754310344827587,0.8687421426005747
LightGBM_Tuned,Average,0.12044270833333333,0.5754310344827587,0.8687421426005747
LightGBM_Tuned,Average,0.12044270833333333,0.5775862068965517,0.8687421426005747
LightGBM_Tuned,Average,0.12109375,0.5775862068965517,0.8687421426005747
LightGBM_Tuned,Average,0.12109375,0.5797413793103449,0.8687421426005747
LightGBM_Tuned,Average,0.12174479166666667,0.5797413793103449,0.8687421426005747
LightGBM_Tuned,Average,0.12174479166666667,0.5818965517241379,0.8687421426005747
LightGBM_Tuned,Average,0.12239583333333333,0.5818965517241379,0.8687421426005747
LightGBM_Tuned,Average,0.12239583333333333,0.5862068965517241,0.8687421426005747
LightGBM_Tuned,Average,0.123046875,0.5862068965517241,0.8687421426005747
LightGBM_Tuned,Average,0.123046875,0.5948275862068966,0.8687421426005747
LightGBM_Tuned,Average,0.12434895833333333,0.5948275862068966,0.8687421426005747
LightGBM_Tuned,Average,0.12434895833333333,0.603448275862069,0.8687421426005747
LightGBM_Tuned,Average,0.125,0.603448275862069,0.8687421426005747
LightGBM_Tuned,Average,0.125,0.6077586206896551,0.8687421426005747
LightGBM_Tuned,Average,0.126953125,0.6077586206896551,0.8687421426005747
LightGBM_Tuned,Average,0.126953125,0.6099137931034483,0.8687421426005747
LightGBM_Tuned,Average,0.12760416666666666,0.6099137931034483,0.8687421426005747
LightGBM_Tuned,Average,0.12760416666666666,0.6120689655172413,0.8687421426005747
LightGBM_Tuned,Average,0.12825520833333334,0.6120689655172413,0.8687421426005747
LightGBM_Tuned,Average,0.12825520833333334,0.6163793103448276,0.8687421426005747
LightGBM_Tuned,Average,0.12890625,0.6163793103448276,0.8687421426005747
LightGBM_Tuned,Average,0.12890625,0.6185344827586207,0.8687421426005747
LightGBM_Tuned,Average,0.13020833333333334,0.6185344827586207,0.8687421426005747
LightGBM_Tuned,Average,0.13020833333333334,0.625,0.8687421426005747
LightGBM_Tuned,Average,0.1328125,0.625,0.8687421426005747
LightGBM_Tuned,Average,0.1328125,0.6271551724137931,0.8687421426005747
LightGBM_Tuned,Average,0.13411458333333334,0.6271551724137931,0.8687421426005747
LightGBM_Tuned,Average,0.13411458333333334,0.6336206896551724,0.8687421426005747
LightGBM_Tuned,Average,0.13541666666666666,0.6336206896551724,0.8687421426005747
LightGBM_Tuned,Average,0.13541666666666666,0.6357758620689655,0.8687421426005747
LightGBM_Tuned,Average,0.13606770833333334,0.6357758620689655,0.8687421426005747
LightGBM_Tuned,Average,0.13606770833333334,0.6379310344827587,0.8687421426005747
LightGBM_Tuned,Average,0.13802083333333334,0.6379310344827587,0.8687421426005747
LightGBM_Tuned,Average,0.13802083333333334,0.6422413793103449,0.8687421426005747
LightGBM_Tuned,Average,0.13997395833333334,0.6422413793103449,0.8687421426005747
LightGBM_Tuned,Average,0.13997395833333334,0.6508620689655172,0.8687421426005747
LightGBM_Tuned,Average,0.140625,0.6508620689655172,0.8687421426005747
LightGBM_Tuned,Average,0.140625,0.6530172413793104,0.8687421426005747
LightGBM_Tuned,Average,0.14127604166666666,0.6530172413793104,0.8687421426005747
LightGBM_Tuned,Average,0.14127604166666666,0.6551724137931034,0.8687421426005747
LightGBM_Tuned,Average,0.14192708333333334,0.6551724137931034,0.8687421426005747
LightGBM_Tuned,Average,0.14192708333333334,0.6573275862068966,0.8687421426005747
LightGBM_Tuned,Average,0.142578125,0.6573275862068966,0.8687421426005747
LightGBM_Tuned,Average,0.142578125,0.6594827586206896,0.8687421426005747
LightGBM_Tuned,Average,0.14713541666666666,0.6594827586206896,0.8687421426005747
LightGBM_Tuned,Average,0.14713541666666666,0.6616379310344828,0.8687421426005747
LightGBM_Tuned,Average,0.14908854166666666,0.6616379310344828,0.8687421426005747
LightGBM_Tuned,Average,0.14908854166666666,0.6637931034482759,0.8687421426005747
LightGBM_Tuned,Average,0.14973958333333334,0.6637931034482759,0.8687421426005747
LightGBM_Tuned,Average,0.14973958333333334,0.6702586206896551,0.8687421426005747
LightGBM_Tuned,Average,0.15104166666666666,0.6702586206896551,0.8687421426005747
LightGBM_Tuned,Average,0.15104166666666666,0.6724137931034483,0.8687421426005747
LightGBM_Tuned,Average,0.15169270833333334,0.6724137931034483,0.8687421426005747
LightGBM_Tuned,Average,0.15169270833333334,0.6745689655172413,0.8687421426005747
LightGBM_Tuned,Average,0.154296875,0.6745689655172413,0.8687421426005747
LightGBM_Tuned,Average,0.154296875,0.6767241379310345,0.8687421426005747
LightGBM_Tuned,Average,0.15494791666666666,0.6767241379310345,0.8687421426005747
LightGBM_Tuned,Average,0.15494791666666666,0.6788793103448276,0.8687421426005747
LightGBM_Tuned,Average,0.15559895833333334,0.6788793103448276,0.8687421426005747
LightGBM_Tuned,Average,0.15559895833333334,0.6810344827586207,0.8687421426005747
LightGBM_Tuned,Average,0.15690104166666666,0.6810344827586207,0.8687421426005747
LightGBM_Tuned,Average,0.15690104166666666,0.6853448275862069,0.8687421426005747
LightGBM_Tuned,Average,0.15755208333333334,0.6853448275862069,0.8687421426005747
LightGBM_Tuned,Average,0.15755208333333334,0.6896551724137931,0.8687421426005747
LightGBM_Tuned,Average,0.16015625,0.6896551724137931,0.8687421426005747
LightGBM_Tuned,Average,0.16015625,0.6961206896551724,0.8687421426005747
LightGBM_Tuned,Average,0.16080729166666666,0.6961206896551724,0.8687421426005747
LightGBM_Tuned,Average,0.16080729166666666,0.6982758620689655,0.8687421426005747
LightGBM_Tuned,Average,0.16276041666666666,0.6982758620689655,0.8687421426005747
LightGBM_Tuned,Average,0.16276041666666666,0.7004310344827587,0.8687421426005747
LightGBM_Tuned,Average,0.16471354166666666,0.7004310344827587,0.8687421426005747
LightGBM_Tuned,Average,0.16471354166666666,0.7025862068965517,0.8687421426005747
LightGBM_Tuned,Average,0.16536458333333334,0.7025862068965517,0.8687421426005747
LightGBM_Tuned,Average,0.16536458333333334,0.7047413793103449,0.8687421426005747
LightGBM_Tuned,Average,0.16731770833333334,0.7047413793103449,0.8687421426005747
LightGBM_Tuned,Average,0.16731770833333334,0.7068965517241379,0.8687421426005747
LightGBM_Tuned,Average,0.16796875,0.7068965517241379,0.8687421426005747
LightGBM_Tuned,Average,0.16796875,0.709051724137931,0.8687421426005747
LightGBM_Tuned,Average,0.169921875,0.709051724137931,0.8687421426005747
LightGBM_Tuned,Average,0.169921875,0.7112068965517241,0.8687421426005747
LightGBM_Tuned,Average,0.171875,0.7112068965517241,0.8687421426005747
LightGBM_Tuned,Average,0.171875,0.7133620689655172,0.8687421426005747
LightGBM_Tuned,Average,0.17252604166666666,0.7133620689655172,0.8687421426005747
LightGBM_Tuned,Average,0.17252604166666666,0.7155172413793104,0.8687421426005747
LightGBM_Tuned,Average,0.17447916666666666,0.7155172413793104,0.8687421426005747
LightGBM_Tuned,Average,0.17447916666666666,0.7198275862068966,0.8687421426005747
LightGBM_Tuned,Average,0.17513020833333334,0.7198275862068966,0.8687421426005747
LightGBM_Tuned,Average,0.17513020833333334,0.7219827586206896,0.8687421426005747
LightGBM_Tuned,Average,0.17578125,0.7219827586206896,0.8687421426005747
LightGBM_Tuned,Average,0.17578125,0.7262931034482759,0.8687421426005747
LightGBM_Tuned,Average,0.17643229166666666,0.7262931034482759,0.8687421426005747
LightGBM_Tuned,Average,0.17643229166666666,0.7306034482758621,0.8687421426005747
LightGBM_Tuned,Average,0.17708333333333334,0.7306034482758621,0.8687421426005747
LightGBM_Tuned,Average,0.17708333333333334,0.7327586206896551,0.8687421426005747
LightGBM_Tuned,Average,0.177734375,0.7327586206896551,0.8687421426005747
LightGBM_Tuned,Average,0.177734375,0.7349137931034483,0.8687421426005747
LightGBM_Tuned,Average,0.17838541666666666,0.7349137931034483,0.8687421426005747
LightGBM_Tuned,Average,0.17838541666666666,0.7370689655172413,0.8687421426005747
LightGBM_Tuned,Average,0.18033854166666666,0.7370689655172413,0.8687421426005747
LightGBM_Tuned,Average,0.18033854166666666,0.7413793103448276,0.8687421426005747
LightGBM_Tuned,Average,0.18229166666666666,0.7413793103448276,0.8687421426005747
LightGBM_Tuned,Average,0.18229166666666666,0.7456896551724138,0.8687421426005747
LightGBM_Tuned,Average,0.18359375,0.7456896551724138,0.8687421426005747
LightGBM_Tuned,Average,0.18359375,0.7478448275862069,0.8687421426005747
LightGBM_Tuned,Average,0.18684895833333334,0.7478448275862069,0.8687421426005747
LightGBM_Tuned,Average,0.18684895833333334,0.75,0.8687421426005747
LightGBM_Tuned,Average,0.18880208333333334,0.75,0.8687421426005747
LightGBM_Tuned,Average,0.18880208333333334,0.7543103448275862,0.8687421426005747
LightGBM_Tuned,Average,0.189453125,0.7543103448275862,0.8687421426005747
LightGBM_Tuned,Average,0.189453125,0.7586206896551724,0.8687421426005747
LightGBM_Tuned,Average,0.19075520833333334,0.7586206896551724,0.8687421426005747
LightGBM_Tuned,Average,0.19075520833333334,0.7629310344827587,0.8687421426005747
LightGBM_Tuned,Average,0.19140625,0.7629310344827587,0.8687421426005747
LightGBM_Tuned,Average,0.19140625,0.7650862068965517,0.8687421426005747
LightGBM_Tuned,Average,0.19205729166666666,0.7650862068965517,0.8687421426005747
LightGBM_Tuned,Average,0.19205729166666666,0.7672413793103449,0.8687421426005747
LightGBM_Tuned,Average,0.19401041666666666,0.7672413793103449,0.8687421426005747
LightGBM_Tuned,Average,0.19401041666666666,0.7693965517241379,0.8687421426005747
LightGBM_Tuned,Average,0.19596354166666666,0.7693965517241379,0.8687421426005747
LightGBM_Tuned,Average,0.19596354166666666,0.771551724137931,0.8687421426005747
LightGBM_Tuned,Average,0.19661458333333334,0.771551724137931,0.8687421426005747
LightGBM_Tuned,Average,0.19661458333333334,0.7758620689655172,0.8687421426005747
LightGBM_Tuned,Average,0.197265625,0.7758620689655172,0.8687421426005747
LightGBM_Tuned,Average,0.197265625,0.7780172413793104,0.8687421426005747
LightGBM_Tuned,Average,0.19921875,0.7780172413793104,0.8687421426005747
LightGBM_Tuned,Average,0.19921875,0.7801724137931034,0.8687421426005747
LightGBM_Tuned,Average,0.19986979166666666,0.7801724137931034,0.8687421426005747
LightGBM_Tuned,Average,0.19986979166666666,0.7823275862068966,0.8687421426005747
LightGBM_Tuned,Average,0.201171875,0.7823275862068966,0.8687421426005747
LightGBM_Tuned,Average,0.201171875,0.7844827586206896,0.8687421426005747
LightGBM_Tuned,Average,0.20182291666666666,0.7844827586206896,0.8687421426005747
LightGBM_Tuned,Average,0.20182291666666666,0.7866379310344828,0.8687421426005747
LightGBM_Tuned,Average,0.20247395833333334,0.7866379310344828,0.8687421426005747
LightGBM_Tuned,Average,0.20247395833333334,0.7887931034482759,0.8687421426005747
LightGBM_Tuned,Average,0.203125,0.7887931034482759,0.8687421426005747
LightGBM_Tuned,Average,0.203125,0.7952586206896551,0.8687421426005747
LightGBM_Tuned,Average,0.205078125,0.7952586206896551,0.8687421426005747
LightGBM_Tuned,Average,0.205078125,0.7995689655172413,0.8687421426005747
LightGBM_Tuned,Average,0.20572916666666666,0.7995689655172413,0.8687421426005747
LightGBM_Tuned,Average,0.20572916666666666,0.8017241379310345,0.8687421426005747
LightGBM_Tuned,Average,0.20768229166666666,0.8017241379310345,0.8687421426005747
LightGBM_Tuned,Average,0.20768229166666666,0.8081896551724138,0.8687421426005747
LightGBM_Tuned,Average,0.21354166666666666,0.8081896551724138,0.8687421426005747
LightGBM_Tuned,Average,0.21354166666666666,0.8103448275862069,0.8687421426005747
LightGBM_Tuned,Average,0.21419270833333334,0.8103448275862069,0.8687421426005747
LightGBM_Tuned,Average,0.21419270833333334,0.8125,0.8687421426005747
LightGBM_Tuned,Average,0.21744791666666666,0.8125,0.8687421426005747
LightGBM_Tuned,Average,0.21744791666666666,0.8146551724137931,0.8687421426005747
LightGBM_Tuned,Average,0.21809895833333334,0.8146551724137931,0.8687421426005747
LightGBM_Tuned,Average,0.21809895833333334,0.8168103448275862,0.8687421426005747
LightGBM_Tuned,Average,0.22005208333333334,0.8168103448275862,0.8687421426005747
LightGBM_Tuned,Average,0.22005208333333334,0.8232758620689655,0.8687421426005747
LightGBM_Tuned,Average,0.22265625,0.8232758620689655,0.8687421426005747
LightGBM_Tuned,Average,0.22265625,0.8254310344827587,0.8687421426005747
LightGBM_Tuned,Average,0.224609375,0.8254310344827587,0.8687421426005747
LightGBM_Tuned,Average,0.224609375,0.8275862068965517,0.8687421426005747
LightGBM_Tuned,Average,0.22916666666666666,0.8275862068965517,0.8687421426005747
LightGBM_Tuned,Average,0.22916666666666666,0.8297413793103449,0.8687421426005747
LightGBM_Tuned,Average,0.23307291666666666,0.8297413793103449,0.8687421426005747
LightGBM_Tuned,Average,0.23307291666666666,0.8318965517241379,0.8687421426005747
LightGBM_Tuned,Average,0.23372395833333334,0.8318965517241379,0.8687421426005747
LightGBM_Tuned,Average,0.23372395833333334,0.834051724137931,0.8687421426005747
LightGBM_Tuned,Average,0.236328125,0.834051724137931,0.8687421426005747
LightGBM_Tuned,Average,0.236328125,0.8362068965517241,0.8687421426005747
LightGBM_Tuned,Average,0.23697916666666666,0.8362068965517241,0.8687421426005747
LightGBM_Tuned,Average,0.23697916666666666,0.8383620689655172,0.8687421426005747
LightGBM_Tuned,Average,0.24153645833333334,0.8383620689655172,0.8687421426005747
LightGBM_Tuned,Average,0.24153645833333334,0.8405172413793104,0.8687421426005747
LightGBM_Tuned,Average,0.24283854166666666,0.8405172413793104,0.8687421426005747
LightGBM_Tuned,Average,0.24283854166666666,0.8448275862068966,0.8687421426005747
LightGBM_Tuned,Average,0.24544270833333334,0.8448275862068966,0.8687421426005747
LightGBM_Tuned,Average,0.24544270833333334,0.8469827586206896,0.8687421426005747
LightGBM_Tuned,Average,0.24674479166666666,0.8469827586206896,0.8687421426005747
LightGBM_Tuned,Average,0.24674479166666666,0.8491379310344828,0.8687421426005747
LightGBM_Tuned,Average,0.24739583333333334,0.8491379310344828,0.8687421426005747
LightGBM_Tuned,Average,0.24739583333333334,0.8512931034482759,0.8687421426005747
LightGBM_Tuned,Average,0.248046875,0.8512931034482759,0.8687421426005747
LightGBM_Tuned,Average,0.248046875,0.853448275862069,0.8687421426005747
LightGBM_Tuned,Average,0.24869791666666666,0.853448275862069,0.8687421426005747
LightGBM_Tuned,Average,0.24869791666666666,0.8556034482758621,0.8687421426005747
LightGBM_Tuned,Average,0.24934895833333334,0.8556034482758621,0.8687421426005747
LightGBM_Tuned,Average,0.24934895833333334,0.8599137931034483,0.8687421426005747
LightGBM_Tuned,Average,0.25,0.8599137931034483,0.8687421426005747
LightGBM_Tuned,Average,0.25,0.8620689655172413,0.8687421426005747
LightGBM_Tuned,Average,0.2532552083333333,0.8620689655172413,0.8687421426005747
LightGBM_Tuned,Average,0.2532552083333333,0.8642241379310345,0.8687421426005747
LightGBM_Tuned,Average,0.2591145833333333,0.8642241379310345,0.8687421426005747
LightGBM_Tuned,Average,0.2591145833333333,0.8663793103448276,0.8687421426005747
LightGBM_Tuned,Average,0.263671875,0.8663793103448276,0.8687421426005747
LightGBM_Tuned,Average,0.263671875,0.8685344827586207,0.8687421426005747
LightGBM_Tuned,Average,0.2662760416666667,0.8685344827586207,0.8687421426005747
LightGBM_Tuned,Average,0.2662760416666667,0.8728448275862069,0.8687421426005747
LightGBM_Tuned,Average,0.2688802083333333,0.8728448275862069,0.8687421426005747
LightGBM_Tuned,Average,0.2688802083333333,0.875,0.8687421426005747
LightGBM_Tuned,Average,0.26953125,0.875,0.8687421426005747
LightGBM_Tuned,Average,0.26953125,0.8771551724137931,0.8687421426005747
LightGBM_Tuned,Average,0.2721354166666667,0.8771551724137931,0.8687421426005747
LightGBM_Tuned,Average,0.2721354166666667,0.8793103448275862,0.8687421426005747
LightGBM_Tuned,Average,0.2747395833333333,0.8793103448275862,0.8687421426005747
LightGBM_Tuned,Average,0.2747395833333333,0.8814655172413793,0.8687421426005747
LightGBM_Tuned,Average,0.2779947916666667,0.8814655172413793,0.8687421426005747
LightGBM_Tuned,Average,0.2779947916666667,0.8900862068965517,0.8687421426005747
LightGBM_Tuned,Average,0.279296875,0.8900862068965517,0.8687421426005747
LightGBM_Tuned,Average,0.279296875,0.8922413793103449,0.8687421426005747
LightGBM_Tuned,Average,0.2805989583333333,0.8922413793103449,0.8687421426005747
LightGBM_Tuned,Average,0.2805989583333333,0.8943965517241379,0.8687421426005747
LightGBM_Tuned,Average,0.2838541666666667,0.8943965517241379,0.8687421426005747
LightGBM_Tuned,Average,0.2838541666666667,0.896551724137931,0.8687421426005747
LightGBM_Tuned,Average,0.2858072916666667,0.896551724137931,0.8687421426005747
LightGBM_Tuned,Average,0.2858072916666667,0.8987068965517241,0.8687421426005747
LightGBM_Tuned,Average,0.2877604166666667,0.8987068965517241,0.8687421426005747
LightGBM_Tuned,Average,0.2877604166666667,0.9008620689655172,0.8687421426005747
LightGBM_Tuned,Average,0.2916666666666667,0.9008620689655172,0.8687421426005747
LightGBM_Tuned,Average,0.2916666666666667,0.9030172413793104,0.8687421426005747
LightGBM_Tuned,Average,0.2981770833333333,0.9030172413793104,0.8687421426005747
LightGBM_Tuned,Average,0.2981770833333333,0.9051724137931034,0.8687421426005747
LightGBM_Tuned,Average,0.3001302083333333,0.9051724137931034,0.8687421426005747
LightGBM_Tuned,Average,0.3001302083333333,0.9073275862068966,0.8687421426005747
LightGBM_Tuned,Average,0.3072916666666667,0.9073275862068966,0.8687421426005747
LightGBM_Tuned,Average,0.3072916666666667,0.9094827586206896,0.8687421426005747
LightGBM_Tuned,Average,0.3138020833333333,0.9094827586206896,0.8687421426005747
LightGBM_Tuned,Average,0.3138020833333333,0.9116379310344828,0.8687421426005747
LightGBM_Tuned,Average,0.3190104166666667,0.9116379310344828,0.8687421426005747
LightGBM_Tuned,Average,0.3190104166666667,0.9137931034482759,0.8687421426005747
LightGBM_Tuned,Average,0.3209635416666667,0.9137931034482759,0.8687421426005747
LightGBM_Tuned,Average,0.3209635416666667,0.915948275862069,0.8687421426005747
LightGBM_Tuned,Average,0.3216145833333333,0.915948275862069,0.8687421426005747
LightGBM_Tuned,Average,0.3216145833333333,0.9181034482758621,0.8687421426005747
LightGBM_Tuned,Average,0.32421875,0.9181034482758621,0.8687421426005747
LightGBM_Tuned,Average,0.32421875,0.9202586206896551,0.8687421426005747
LightGBM_Tuned,Average,0.3248697916666667,0.9202586206896551,0.8687421426005747
LightGBM_Tuned,Average,0.3248697916666667,0.9224137931034483,0.8687421426005747
LightGBM_Tuned,Average,0.330078125,0.9224137931034483,0.8687421426005747
LightGBM_Tuned,Average,0.330078125,0.9245689655172413,0.8687421426005747
LightGBM_Tuned,Average,0.3307291666666667,0.9245689655172413,0.8687421426005747
LightGBM_Tuned,Average,0.3307291666666667,0.9267241379310345,0.8687421426005747
LightGBM_Tuned,Average,0.3313802083333333,0.9267241379310345,0.8687421426005747
LightGBM_Tuned,Average,0.3313802083333333,0.9310344827586207,0.8687421426005747
LightGBM_Tuned,Average,0.3333333333333333,0.9310344827586207,0.8687421426005747
LightGBM_Tuned,Average,0.3333333333333333,0.9331896551724138,0.8687421426005747
LightGBM_Tuned,Average,0.3365885416666667,0.9331896551724138,0.8687421426005747
LightGBM_Tuned,Average,0.3365885416666667,0.9353448275862069,0.8687421426005747
LightGBM_Tuned,Average,0.337890625,0.9353448275862069,0.8687421426005747
LightGBM_Tuned,Average,0.337890625,0.9375,0.8687421426005747
LightGBM_Tuned,Average,0.341796875,0.9375,0.8687421426005747
LightGBM_Tuned,Average,0.341796875,0.9418103448275862,0.8687421426005747
LightGBM_Tuned,Average,0.3463541666666667,0.9418103448275862,0.8687421426005747
LightGBM_Tuned,Average,0.3463541666666667,0.9482758620689655,0.8687421426005747
LightGBM_Tuned,Average,0.34765625,0.9482758620689655,0.8687421426005747
LightGBM_Tuned,Average,0.34765625,0.9504310344827587,0.8687421426005747
LightGBM_Tuned,Average,0.3522135416666667,0.9504310344827587,0.8687421426005747
LightGBM_Tuned,Average,0.3522135416666667,0.9525862068965517,0.8687421426005747
LightGBM_Tuned,Average,0.35546875,0.9525862068965517,0.8687421426005747
LightGBM_Tuned,Average,0.35546875,0.9547413793103449,0.8687421426005747
LightGBM_Tuned,Average,0.3580729166666667,0.9547413793103449,0.8687421426005747
LightGBM_Tuned,Average,0.3580729166666667,0.9568965517241379,0.8687421426005747
LightGBM_Tuned,Average,0.3645833333333333,0.9568965517241379,0.8687421426005747
LightGBM_Tuned,Average,0.3645833333333333,0.959051724137931,0.8687421426005747
LightGBM_Tuned,Average,0.3671875,0.959051724137931,0.8687421426005747
LightGBM_Tuned,Average,0.3671875,0.9612068965517241,0.8687421426005747
LightGBM_Tuned,Average,0.3723958333333333,0.9612068965517241,0.8687421426005747
LightGBM_Tuned,Average,0.3723958333333333,0.9633620689655172,0.8687421426005747
LightGBM_Tuned,Average,0.3782552083333333,0.9633620689655172,0.8687421426005747
LightGBM_Tuned,Average,0.3782552083333333,0.9655172413793104,0.8687421426005747
LightGBM_Tuned,Average,0.3860677083333333,0.9655172413793104,0.8687421426005747
LightGBM_Tuned,Average,0.3860677083333333,0.9676724137931034,0.8687421426005747
LightGBM_Tuned,Average,0.38671875,0.9676724137931034,0.8687421426005747
LightGBM_Tuned,Average,0.38671875,0.9698275862068966,0.8687421426005747
LightGBM_Tuned,Average,0.3893229166666667,0.9698275862068966,0.8687421426005747
LightGBM_Tuned,Average,0.3893229166666667,0.9719827586206896,0.8687421426005747
LightGBM_Tuned,Average,0.408203125,0.9719827586206896,0.8687421426005747
LightGBM_Tuned,Average,0.408203125,0.9741379310344828,0.8687421426005747
LightGBM_Tuned,Average,0.4108072916666667,0.9741379310344828,0.8687421426005747
LightGBM_Tuned,Average,0.4108072916666667,0.9762931034482759,0.8687421426005747
LightGBM_Tuned,Average,0.41796875,0.9762931034482759,0.8687421426005747
LightGBM_Tuned,Average,0.41796875,0.978448275862069,0.8687421426005747
LightGBM_Tuned,Average,0.4375,0.978448275862069,0.8687421426005747
LightGBM_Tuned,Average,0.4375,0.9806034482758621,0.8687421426005747
LightGBM_Tuned,Average,0.4479166666666667,0.9806034482758621,0.8687421426005747
LightGBM_Tuned,Average,0.4479166666666667,0.9827586206896551,0.8687421426005747
LightGBM_Tuned,Average,0.4596354166666667,0.9827586206896551,0.8687421426005747
LightGBM_Tuned,Average,0.4596354166666667,0.9849137931034483,0.8687421426005747
LightGBM_Tuned,Average,0.4680989583333333,0.9849137931034483,0.8687421426005747
LightGBM_Tuned,Average,0.4680989583333333,0.9870689655172413,0.8687421426005747
LightGBM_Tuned,Average,0.4694010416666667,0.9870689655172413,0.8687421426005747
LightGBM_Tuned,Average,0.4694010416666667,0.9892241379310345,0.8687421426005747
LightGBM_Tuned,Average,0.4765625,0.9892241379310345,0.8687421426005747
LightGBM_Tuned,Average,0.4765625,0.9913793103448276,0.8687421426005747
LightGBM_Tuned,Average,0.5162760416666666,0.9913793103448276,0.8687421426005747
LightGBM_Tuned,Average,0.5162760416666666,0.9935344827586207,0.8687421426005747
LightGBM_Tuned,Average,0.5325520833333334,0.9935344827586207,0.8687421426005747
LightGBM_Tuned,Average,0.5325520833333334,0.9956896551724138,0.8687421426005747
LightGBM_Tuned,Average,0.5729166666666666,0.9956896551724138,0.8687421426005747
LightGBM_Tuned,Average,0.5729166666666666,0.9978448275862069,0.8687421426005747
LightGBM_Tuned,Average,0.7174479166666666,0.9978448275862069,0.8687421426005747
LightGBM_Tuned,Average,0.7174479166666666,1.0,0.8687421426005747
LightGBM_Tuned,Average,1.0,1.0,0.8687421426005747
Stacking,Average,0.0,0.0,0.9056831447557472
Stacking,Average,0.0,0.0021551724137931034,0.9056831447557472
Stacking,Average,0.0,0.004310344827586207,0.9056831447557472
Stacking,Average,0.0006510416666666666,0.004310344827586207,0.9056831447557472
Stacking,Average,0.0006510416666666666,0.00646551724137931,0.9056831447557472
Stacking,Average,0.0013020833333333333,0.00646551724137931,0.9056831447557472
Stacking,Average,0.0013020833333333333,0.01293103448275862,0.9056831447557472
Stacking,Average,0.0026041666666666665,0.01293103448275862,0.9056831447557472
Stacking,Average,0.0026041666666666665,0.02586206896551724,0.9056831447557472
Stacking,Average,0.0032552083333333335,0.02586206896551724,0.9056831447557472
Stacking,Average,0.0032552083333333335,0.028017241379310345,0.9056831447557472
Stacking,Average,0.00390625,0.028017241379310345,0.9056831447557472
Stacking,Average,0.00390625,0.036637931034482756,0.9056831447557472
Stacking,Average,0.004557291666666667,0.036637931034482756,0.9056831447557472
Stacking,Average,0.004557291666666667,0.04310344827586207,0.9056831447557472
Stacking,Average,0.005208333333333333,0.04310344827586207,0.9056831447557472
Stacking,Average,0.005208333333333333,0.05387931034482758,0.9056831447557472
Stacking,Average,0.005859375,0.05387931034482758,0.9056831447557472
Stacking,Average,0.005859375,0.07758620689655173,0.9056831447557472
Stacking,Average,0.007161458333333333,0.07758620689655173,0.9056831447557472
Stacking,Average,0.007161458333333333,0.08189655172413793,0.9056831447557472
Stacking,Average,0.009114583333333334,0.08189655172413793,0.9056831447557472
Stacking,Average,0.009114583333333334,0.08836206896551724,0.9056831447557472
Stacking,Average,0.009765625,0.08836206896551724,0.9056831447557472
Stacking,Average,0.009765625,0.09051724137931035,0.9056831447557472
Stacking,Average,0.010416666666666666,0.09051724137931035,0.9056831447557472
Stacking,Average,0.010416666666666666,0.11853448275862069,0.9056831447557472
Stacking,Average,0.011067708333333334,0.11853448275862069,0.9056831447557472
Stacking,Average,0.011067708333333334,0.12284482758620689,0.9056831447557472
Stacking,Average,0.01171875,0.12284482758620689,0.9056831447557472
Stacking,Average,0.01171875,0.1314655172413793,0.9056831447557472
Stacking,Average,0.014322916666666666,0.1314655172413793,0.9056831447557472
Stacking,Average,0.014322916666666666,0.1336206896551724,0.9056831447557472
Stacking,Average,0.015625,0.1336206896551724,0.9056831447557472
Stacking,Average,0.015625,0.13577586206896552,0.9056831447557472
Stacking,Average,0.016276041666666668,0.13577586206896552,0.9056831447557472
Stacking,Average,0.016276041666666668,0.14224137931034483,0.9056831447557472
Stacking,Average,0.017578125,0.14224137931034483,0.9056831447557472
Stacking,Average,0.017578125,0.15301724137931033,0.9056831447557472
Stacking,Average,0.018229166666666668,0.15301724137931033,0.9056831447557472
Stacking,Average,0.018229166666666668,0.15732758620689655,0.9056831447557472
Stacking,Average,0.018880208333333332,0.15732758620689655,0.9056831447557472
Stacking,Average,0.018880208333333332,0.15948275862068967,0.9056831447557472
Stacking,Average,0.020182291666666668,0.15948275862068967,0.9056831447557472
Stacking,Average,0.020182291666666668,0.16379310344827586,0.9056831447557472
Stacking,Average,0.020833333333333332,0.16379310344827586,0.9056831447557472
Stacking,Average,0.020833333333333332,0.17672413793103448,0.9056831447557472
Stacking,Average,0.022786458333333332,0.17672413793103448,0.9056831447557472
Stacking,Average,0.022786458333333332,0.1896551724137931,0.9056831447557472
Stacking,Average,0.024088541666666668,0.1896551724137931,0.9056831447557472
Stacking,Average,0.024088541666666668,0.2025862068965517,0.9056831447557472
Stacking,Average,0.024739583333333332,0.2025862068965517,0.9056831447557472
Stacking,Average,0.024739583333333332,0.21120689655172414,0.9056831447557472
Stacking,Average,0.026041666666666668,0.21120689655172414,0.9056831447557472
Stacking,Average,0.026041666666666668,0.21336206896551724,0.9056831447557472
Stacking,Average,0.026692708333333332,0.21336206896551724,0.9056831447557472
Stacking,Average,0.026692708333333332,0.21551724137931033,0.9056831447557472
Stacking,Average,0.02734375,0.21551724137931033,0.9056831447557472
Stacking,Average,0.02734375,0.22198275862068967,0.9056831447557472
Stacking,Average,0.027994791666666668,0.22198275862068967,0.9056831447557472
Stacking,Average,0.027994791666666668,0.22844827586206898,0.9056831447557472
Stacking,Average,0.028645833333333332,0.22844827586206898,0.9056831447557472
Stacking,Average,0.028645833333333332,0.23060344827586207,0.9056831447557472
Stacking,Average,0.029296875,0.23060344827586207,0.9056831447557472
Stacking,Average,0.029296875,0.23275862068965517,0.9056831447557472
Stacking,Average,0.030598958333333332,0.23275862068965517,0.9056831447557472
Stacking,Average,0.030598958333333332,0.2521551724137931,0.9056831447557472
Stacking,Average,0.03125,0.2521551724137931,0.9056831447557472
Stacking,Average,0.03125,0.25862068965517243,0.9056831447557472
Stacking,Average,0.032552083333333336,0.25862068965517243,0.9056831447557472
Stacking,Average,0.032552083333333336,0.26939655172413796,0.9056831447557472
Stacking,Average,0.03515625,0.26939655172413796,0.9056831447557472
Stacking,Average,0.03515625,0.27155172413793105,0.9056831447557472
Stacking,Average,0.036458333333333336,0.27155172413793105,0.9056831447557472
Stacking,Average,0.036458333333333336,0.27801724137931033,0.9056831447557472
Stacking,Average,0.037109375,0.27801724137931033,0.9056831447557472
Stacking,Average,0.037109375,0.2823275862068966,0.9056831447557472
Stacking,Average,0.037760416666666664,0.2823275862068966,0.9056831447557472
Stacking,Average,0.037760416666666664,0.28448275862068967,0.9056831447557472
Stacking,Average,0.0390625,0.28448275862068967,0.9056831447557472
Stacking,Average,0.0390625,0.29094827586206895,0.9056831447557472
Stacking,Average,0.039713541666666664,0.29094827586206895,0.9056831447557472
Stacking,Average,0.039713541666666664,0.3017241379310345,0.9056831447557472
Stacking,Average,0.040364583333333336,0.3017241379310345,0.9056831447557472
Stacking,Average,0.040364583333333336,0.30387931034482757,0.9056831447557472
Stacking,Average,0.04296875,0.30387931034482757,0.9056831447557472
Stacking,Average,0.04296875,0.31896551724137934,0.9056831447557472
Stacking,Average,0.043619791666666664,0.31896551724137934,0.9056831447557472
Stacking,Average,0.043619791666666664,0.3599137931034483,0.9056831447557472
Stacking,Average,0.044270833333333336,0.3599137931034483,0.9056831447557472
Stacking,Average,0.044270833333333336,0.3620689655172414,0.9056831447557472
Stacking,Average,0.046223958333333336,0.3620689655172414,0.9056831447557472
Stacking,Average,0.046223958333333336,0.3642241379310345,0.9056831447557472
Stacking,Average,0.046875,0.3642241379310345,0.9056831447557472
Stacking,Average,0.046875,0.36853448275862066,0.9056831447557472
Stacking,Average,0.048177083333333336,0.36853448275862066,0.9056831447557472
Stacking,Average,0.048177083333333336,0.38362068965517243,0.9056831447557472
Stacking,Average,0.049479166666666664,0.38362068965517243,0.9056831447557472
Stacking,Average,0.049479166666666664,0.41810344827586204,0.9056831447557472
Stacking,Average,0.050130208333333336,0.41810344827586204,0.9056831447557472
Stacking,Average,0.050130208333333336,0.42887931034482757,0.9056831447557472
Stacking,Average,0.05078125,0.42887931034482757,0.9056831447557472
Stacking,Average,0.05078125,0.4418103448275862,0.9056831447557472
Stacking,Average,0.051432291666666664,0.4418103448275862,0.9056831447557472
Stacking,Average,0.051432291666666664,0.44396551724137934,0.9056831447557472
Stacking,Average,0.052083333333333336,0.44396551724137934,0.9056831447557472
Stacking,Average,0.052083333333333336,0.44612068965517243,0.9056831447557472
Stacking,Average,0.053385416666666664,0.44612068965517243,0.9056831447557472
Stacking,Average,0.053385416666666664,0.45905172413793105,0.9056831447557472
Stacking,Average,0.054036458333333336,0.45905172413793105,0.9056831447557472
Stacking,Average,0.054036458333333336,0.46120689655172414,0.9056831447557472
Stacking,Average,0.0546875,0.46120689655172414,0.9056831447557472
Stacking,Average,0.0546875,0.46336206896551724,0.9056831447557472
Stacking,Average,0.055989583333333336,0.46336206896551724,0.9056831447557472
Stacking,Average,0.055989583333333336,0.4849137931034483,0.9056831447557472
Stacking,Average,0.056640625,0.4849137931034483,0.9056831447557472
Stacking,Average,0.056640625,0.4870689655172414,0.9056831447557472
Stacking,Average,0.057291666666666664,0.4870689655172414,0.9056831447557472
Stacking,Average,0.057291666666666664,0.49137931034482757,0.9056831447557472
Stacking,Average,0.057942708333333336,0.49137931034482757,0.9056831447557472
Stacking,Average,0.057942708333333336,0.5,0.9056831447557472
Stacking,Average,0.059244791666666664,0.5,0.9056831447557472
Stacking,Average,0.059244791666666664,0.5043103448275862,0.9056831447557472
Stacking,Average,0.059895833333333336,0.5043103448275862,0.9056831447557472
Stacking,Average,0.059895833333333336,0.5129310344827587,0.9056831447557472
Stacking,Average,0.061848958333333336,0.5129310344827587,0.9056831447557472
Stacking,Average,0.061848958333333336,0.5150862068965517,0.9056831447557472
Stacking,Average,0.0625,0.5150862068965517,0.9056831447557472
Stacking,Average,0.0625,0.5172413793103449,0.9056831447557472
Stacking,Average,0.06380208333333333,0.5172413793103449,0.9056831447557472
Stacking,Average,0.06380208333333333,0.5237068965517241,0.9056831447557472
Stacking,Average,0.064453125,0.5237068965517241,0.9056831447557472
Stacking,Average,0.064453125,0.5258620689655172,0.9056831447557472
Stacking,Average,0.06640625,0.5258620689655172,0.9056831447557472
Stacking,Average,0.06640625,0.5323275862068966,0.9056831447557472
Stacking,Average,0.06770833333333333,0.5323275862068966,0.9056831447557472
Stacking,Average,0.06770833333333333,0.5387931034482759,0.9056831447557472
Stacking,Average,0.068359375,0.5387931034482759,0.9056831447557472
Stacking,Average,0.068359375,0.5452586206896551,0.9056831447557472
Stacking,Average,0.06966145833333333,0.5452586206896551,0.9056831447557472
Stacking,Average,0.06966145833333333,0.5495689655172413,0.9056831447557472
Stacking,Average,0.0703125,0.5495689655172413,0.9056831447557472
Stacking,Average,0.0703125,0.5517241379310345,0.9056831447557472
Stacking,Average,0.07096354166666667,0.5517241379310345,0.9056831447557472
Stacking,Average,0.07096354166666667,0.5646551724137931,0.9056831447557472
Stacking,Average,0.07161458333333333,0.5646551724137931,0.9056831447557472
Stacking,Average,0.07161458333333333,0.5775862068965517,0.9056831447557472
Stacking,Average,0.07421875,0.5775862068965517,0.9056831447557472
Stacking,Average,0.07421875,0.5818965517241379,0.9056831447557472
Stacking,Average,0.07486979166666667,0.5818965517241379,0.9056831447557472
Stacking,Average,0.07486979166666667,0.5862068965517241,0.9056831447557472
Stacking,Average,0.07552083333333333,0.5862068965517241,0.9056831447557472
Stacking,Average,0.07552083333333333,0.5969827586206896,0.9056831447557472
Stacking,Average,0.07747395833333333,0.5969827586206896,0.9056831447557472
Stacking,Average,0.07747395833333333,0.5991379310344828,0.9056831447557472
Stacking,Average,0.078125,0.5991379310344828,0.9056831447557472
Stacking,Average,0.078125,0.6012931034482759,0.9056831447557472
Stacking,Average,0.07942708333333333,0.6012931034482759,0.9056831447557472
Stacking,Average,0.07942708333333333,0.6056034482758621,0.9056831447557472
Stacking,Average,0.080078125,0.6056034482758621,0.9056831447557472
Stacking,Average,0.080078125,0.6120689655172413,0.9056831447557472
Stacking,Average,0.08072916666666667,0.6120689655172413,0.9056831447557472
Stacking,Average,0.08072916666666667,0.6142241379310345,0.9056831447557472
Stacking,Average,0.08268229166666667,0.6142241379310345,0.9056831447557472
Stacking,Average,0.08268229166666667,0.6185344827586207,0.9056831447557472
Stacking,Average,0.08333333333333333,0.6185344827586207,0.9056831447557472
Stacking,Average,0.08333333333333333,0.6228448275862069,0.9056831447557472
Stacking,Average,0.083984375,0.6228448275862069,0.9056831447557472
Stacking,Average,0.083984375,0.625,0.9056831447557472
Stacking,Average,0.08528645833333333,0.625,0.9056831447557472
Stacking,Average,0.08528645833333333,0.6293103448275862,0.9056831447557472
Stacking,Average,0.0859375,0.6293103448275862,0.9056831447557472
Stacking,Average,0.0859375,0.6314655172413793,0.9056831447557472
Stacking,Average,0.08658854166666667,0.6314655172413793,0.9056831447557472
Stacking,Average,0.08658854166666667,0.6336206896551724,0.9056831447557472
Stacking,Average,0.08919270833333333,0.6336206896551724,0.9056831447557472
Stacking,Average,0.08919270833333333,0.6357758620689655,0.9056831447557472
Stacking,Average,0.08984375,0.6357758620689655,0.9056831447557472
Stacking,Average,0.08984375,0.6379310344827587,0.9056831447557472
Stacking,Average,0.09114583333333333,0.6379310344827587,0.9056831447557472
Stacking,Average,0.09114583333333333,0.6422413793103449,0.9056831447557472
Stacking,Average,0.091796875,0.6422413793103449,0.9056831447557472
Stacking,Average,0.091796875,0.6443965517241379,0.9056831447557472
Stacking,Average,0.09309895833333333,0.6443965517241379,0.9056831447557472
Stacking,Average,0.09309895833333333,0.646551724137931,0.9056831447557472
Stacking,Average,0.09440104166666667,0.646551724137931,0.9056831447557472
Stacking,Average,0.09440104166666667,0.6508620689655172,0.9056831447557472
Stacking,Average,0.09700520833333333,0.6508620689655172,0.9056831447557472
Stacking,Average,0.09700520833333333,0.6530172413793104,0.9056831447557472
Stacking,Average,0.09830729166666667,0.6530172413793104,0.9056831447557472
Stacking,Average,0.09830729166666667,0.6551724137931034,0.9056831447557472
Stacking,Average,0.09895833333333333,0.6551724137931034,0.9056831447557472
Stacking,Average,0.09895833333333333,0.6573275862068966,0.9056831447557472
Stacking,Average,0.10026041666666667,0.6573275862068966,0.9056831447557472
Stacking,Average,0.10026041666666667,0.6594827586206896,0.9056831447557472
Stacking,Average,0.10091145833333333,0.6594827586206896,0.9056831447557472
Stacking,Average,0.10091145833333333,0.665948275862069,0.9056831447557472
Stacking,Average,0.1015625,0.665948275862069,0.9056831447557472
Stacking,Average,0.1015625,0.6681034482758621,0.9056831447557472
Stacking,Average,0.10286458333333333,0.6681034482758621,0.9056831447557472
Stacking,Average,0.10286458333333333,0.6788793103448276,0.9056831447557472
Stacking,Average,0.103515625,0.6788793103448276,0.9056831447557472
Stacking,Average,0.103515625,0.6810344827586207,0.9056831447557472
Stacking,Average,0.11002604166666667,0.6810344827586207,0.9056831447557472
Stacking,Average,0.11002604166666667,0.6831896551724138,0.9056831447557472
Stacking,Average,0.11067708333333333,0.6831896551724138,0.9056831447557472
Stacking,Average,0.11067708333333333,0.6875,0.9056831447557472
Stacking,Average,0.11197916666666667,0.6875,0.9056831447557472
Stacking,Average,0.11197916666666667,0.6961206896551724,0.9056831447557472
Stacking,Average,0.11328125,0.6961206896551724,0.9056831447557472
Stacking,Average,0.11328125,0.6982758620689655,0.9056831447557472
Stacking,Average,0.11393229166666667,0.6982758620689655,0.9056831447557472
Stacking,Average,0.11393229166666667,0.7025862068965517,0.9056831447557472
Stacking,Average,0.11458333333333333,0.7025862068965517,0.9056831447557472
Stacking,Average,0.11458333333333333,0.7047413793103449,0.9056831447557472
Stacking,Average,0.11653645833333333,0.7047413793103449,0.9056831447557472
Stacking,Average,0.11653645833333333,0.7112068965517241,0.9056831447557472
Stacking,Average,0.11783854166666667,0.7112068965517241,0.9056831447557472
Stacking,Average,0.11783854166666667,0.7155172413793104,0.9056831447557472
Stacking,Average,0.119140625,0.7155172413793104,0.9056831447557472
Stacking,Average,0.119140625,0.7198275862068966,0.9056831447557472
Stacking,Average,0.12044270833333333,0.7198275862068966,0.9056831447557472
Stacking,Average,0.12044270833333333,0.7219827586206896,0.9056831447557472
Stacking,Average,0.12109375,0.7219827586206896,0.9056831447557472
Stacking,Average,0.12109375,0.728448275862069,0.9056831447557472
Stacking,Average,0.12239583333333333,0.728448275862069,0.9056831447557472
Stacking,Average,0.12239583333333333,0.7306034482758621,0.9056831447557472
Stacking,Average,0.12369791666666667,0.7306034482758621,0.9056831447557472
Stacking,Average,0.12369791666666667,0.7327586206896551,0.9056831447557472
Stacking,Average,0.12565104166666666,0.7327586206896551,0.9056831447557472
Stacking,Average,0.12565104166666666,0.7370689655172413,0.9056831447557472
Stacking,Average,0.126953125,0.7370689655172413,0.9056831447557472
Stacking,Average,0.126953125,0.7392241379310345,0.9056831447557472
Stacking,Average,0.12890625,0.7392241379310345,0.9056831447557472
Stacking,Average,0.12890625,0.7413793103448276,0.9056831447557472
Stacking,Average,0.12955729166666666,0.7413793103448276,0.9056831447557472
Stacking,Average,0.12955729166666666,0.7435344827586207,0.9056831447557472
Stacking,Average,0.13151041666666666,0.7435344827586207,0.9056831447557472
Stacking,Average,0.13151041666666666,0.7456896551724138,0.9056831447557472
Stacking,Average,0.1328125,0.7456896551724138,0.9056831447557472
Stacking,Average,0.1328125,0.7478448275862069,0.9056831447557472
Stacking,Average,0.13411458333333334,0.7478448275862069,0.9056831447557472
Stacking,Average,0.13411458333333334,0.75,0.9056831447557472
Stacking,Average,0.13541666666666666,0.75,0.9056831447557472
Stacking,Average,0.13541666666666666,0.7543103448275862,0.9056831447557472
Stacking,Average,0.13606770833333334,0.7543103448275862,0.9056831447557472
Stacking,Average,0.13606770833333334,0.7586206896551724,0.9056831447557472
Stacking,Average,0.13671875,0.7586206896551724,0.9056831447557472
Stacking,Average,0.13671875,0.7607758620689655,0.9056831447557472
Stacking,Average,0.13736979166666666,0.7607758620689655,0.9056831447557472
Stacking,Average,0.13736979166666666,0.7672413793103449,0.9056831447557472
Stacking,Average,0.13932291666666666,0.7672413793103449,0.9056831447557472
Stacking,Average,0.13932291666666666,0.7693965517241379,0.9056831447557472
Stacking,Average,0.140625,0.7693965517241379,0.9056831447557472
Stacking,Average,0.140625,0.771551724137931,0.9056831447557472
Stacking,Average,0.14192708333333334,0.771551724137931,0.9056831447557472
Stacking,Average,0.14192708333333334,0.7801724137931034,0.9056831447557472
Stacking,Average,0.14388020833333334,0.7801724137931034,0.9056831447557472
Stacking,Average,0.14388020833333334,0.7823275862068966,0.9056831447557472
Stacking,Average,0.14518229166666666,0.7823275862068966,0.9056831447557472
Stacking,Average,0.14518229166666666,0.7866379310344828,0.9056831447557472
Stacking,Average,0.146484375,0.7866379310344828,0.9056831447557472
Stacking,Average,0.146484375,0.7887931034482759,0.9056831447557472
Stacking,Average,0.14713541666666666,0.7887931034482759,0.9056831447557472
Stacking,Average,0.14713541666666666,0.790948275862069,0.9056831447557472
Stacking,Average,0.1484375,0.790948275862069,0.9056831447557472
Stacking,Average,0.1484375,0.7952586206896551,0.9056831447557472
Stacking,Average,0.14908854166666666,0.7952586206896551,0.9056831447557472
Stacking,Average,0.14908854166666666,0.7974137931034483,0.9056831447557472
Stacking,Average,0.14973958333333334,0.7974137931034483,0.9056831447557472
Stacking,Average,0.14973958333333334,0.7995689655172413,0.9056831447557472
Stacking,Average,0.150390625,0.7995689655172413,0.9056831447557472
Stacking,Average,0.150390625,0.8017241379310345,0.9056831447557472
Stacking,Average,0.15234375,0.8017241379310345,0.9056831447557472
Stacking,Average,0.15234375,0.8038793103448276,0.9056831447557472
Stacking,Average,0.154296875,0.8038793103448276,0.9056831447557472
Stacking,Average,0.154296875,0.8125,0.9056831447557472
Stacking,Average,0.15625,0.8125,0.9056831447557472
Stacking,Average,0.15625,0.8146551724137931,0.9056831447557472
Stacking,Average,0.15755208333333334,0.8146551724137931,0.9056831447557472
Stacking,Average,0.15755208333333334,0.8168103448275862,0.9056831447557472
Stacking,Average,0.162109375,0.8168103448275862,0.9056831447557472
Stacking,Average,0.162109375,0.8189655172413793,0.9056831447557472
Stacking,Average,0.16471354166666666,0.8189655172413793,0.9056831447557472
Stacking,Average,0.16471354166666666,0.8211206896551724,0.9056831447557472
Stacking,Average,0.16731770833333334,0.8211206896551724,0.9056831447557472
Stacking,Average,0.16731770833333334,0.8232758620689655,0.9056831447557472
Stacking,Average,0.16861979166666666,0.8232758620689655,0.9056831447557472
Stacking,Average,0.16861979166666666,0.8254310344827587,0.9056831447557472
Stacking,Average,0.171875,0.8254310344827587,0.9056831447557472
Stacking,Average,0.171875,0.8297413793103449,0.9056831447557472
Stacking,Average,0.17252604166666666,0.8297413793103449,0.9056831447557472
Stacking,Average,0.17252604166666666,0.8383620689655172,0.9056831447557472
Stacking,Average,0.17317708333333334,0.8383620689655172,0.9056831447557472
Stacking,Average,0.17317708333333334,0.8405172413793104,0.9056831447557472
Stacking,Average,0.177734375,0.8405172413793104,0.9056831447557472
Stacking,Average,0.177734375,0.8448275862068966,0.9056831447557472
Stacking,Average,0.18098958333333334,0.8448275862068966,0.9056831447557472
Stacking,Average,0.18098958333333334,0.8469827586206896,0.9056831447557472
Stacking,Average,0.18294270833333334,0.8469827586206896,0.9056831447557472
Stacking,Average,0.18294270833333334,0.8512931034482759,0.9056831447557472
Stacking,Average,0.18684895833333334,0.8512931034482759,0.9056831447557472
Stacking,Average,0.18684895833333334,0.853448275862069,0.9056831447557472
Stacking,Average,0.18815104166666666,0.853448275862069,0.9056831447557472
Stacking,Average,0.18815104166666666,0.8556034482758621,0.9056831447557472
Stacking,Average,0.18880208333333334,0.8556034482758621,0.9056831447557472
Stacking,Average,0.18880208333333334,0.8599137931034483,0.9056831447557472
Stacking,Average,0.189453125,0.8599137931034483,0.9056831447557472
Stacking,Average,0.189453125,0.8620689655172413,0.9056831447557472
Stacking,Average,0.19010416666666666,0.8620689655172413,0.9056831447557472
Stacking,Average,0.19010416666666666,0.8663793103448276,0.9056831447557472
Stacking,Average,0.19205729166666666,0.8663793103448276,0.9056831447557472
Stacking,Average,0.19205729166666666,0.8706896551724138,0.9056831447557472
Stacking,Average,0.19401041666666666,0.8706896551724138,0.9056831447557472
Stacking,Average,0.19401041666666666,0.875,0.9056831447557472
Stacking,Average,0.19466145833333334,0.875,0.9056831447557472
Stacking,Average,0.19466145833333334,0.8771551724137931,0.9056831447557472
Stacking,Average,0.19661458333333334,0.8771551724137931,0.9056831447557472
Stacking,Average,0.19661458333333334,0.8793103448275862,0.9056831447557472
Stacking,Average,0.19791666666666666,0.8793103448275862,0.9056831447557472
Stacking,Average,0.19791666666666666,0.8836206896551724,0.9056831447557472
Stacking,Average,0.19856770833333334,0.8836206896551724,0.9056831447557472
Stacking,Average,0.19856770833333334,0.8857758620689655,0.9056831447557472
Stacking,Average,0.19921875,0.8857758620689655,0.9056831447557472
Stacking,Average,0.19921875,0.8879310344827587,0.9056831447557472
Stacking,Average,0.20052083333333334,0.8879310344827587,0.9056831447557472
Stacking,Average,0.20052083333333334,0.8900862068965517,0.9056831447557472
Stacking,Average,0.20833333333333334,0.8900862068965517,0.9056831447557472
Stacking,Average,0.20833333333333334,0.8943965517241379,0.9056831447557472
Stacking,Average,0.208984375,0.8943965517241379,0.9056831447557472
Stacking,Average,0.208984375,0.896551724137931,0.9056831447557472
Stacking,Average,0.22005208333333334,0.896551724137931,0.9056831447557472
Stacking,Average,0.22005208333333334,0.8987068965517241,0.9056831447557472
Stacking,Average,0.22135416666666666,0.8987068965517241,0.9056831447557472
Stacking,Average,0.22135416666666666,0.9008620689655172,0.9056831447557472
Stacking,Average,0.22330729166666666,0.9008620689655172,0.9056831447557472
Stacking,Average,0.22330729166666666,0.9030172413793104,0.9056831447557472
Stacking,Average,0.22591145833333334,0.9030172413793104,0.9056831447557472
Stacking,Average,0.22591145833333334,0.9051724137931034,0.9056831447557472
Stacking,Average,0.2265625,0.9051724137931034,0.9056831447557472
Stacking,Average,0.2265625,0.9073275862068966,0.9056831447557472
Stacking,Average,0.22981770833333334,0.9073275862068966,0.9056831447557472
Stacking,Average,0.22981770833333334,0.9094827586206896,0.9056831447557472
Stacking,Average,0.23177083333333334,0.9094827586206896,0.9056831447557472
Stacking,Average,0.23177083333333334,0.9116379310344828,0.9056831447557472
Stacking,Average,0.23372395833333334,0.9116379310344828,0.9056831447557472
Stacking,Average,0.23372395833333334,0.9137931034482759,0.9056831447557472
Stacking,Average,0.23567708333333334,0.9137931034482759,0.9056831447557472
Stacking,Average,0.23567708333333334,0.915948275862069,0.9056831447557472
Stacking,Average,0.236328125,0.915948275862069,0.9056831447557472
Stacking,Average,0.236328125,0.9181034482758621,0.9056831447557472
Stacking,Average,0.24153645833333334,0.9181034482758621,0.9056831447557472
Stacking,Average,0.24153645833333334,0.9202586206896551,0.9056831447557472
Stacking,Average,0.24479166666666666,0.9202586206896551,0.9056831447557472
Stacking,Average,0.24479166666666666,0.9224137931034483,0.9056831447557472
Stacking,Average,0.25,0.9224137931034483,0.9056831447557472
Stacking,Average,0.25,0.9245689655172413,0.9056831447557472
Stacking,Average,0.2526041666666667,0.9245689655172413,0.9056831447557472
Stacking,Average,0.2526041666666667,0.9267241379310345,0.9056831447557472
Stacking,Average,0.2578125,0.9267241379310345,0.9056831447557472
Stacking,Average,0.2578125,0.9331896551724138,0.9056831447557472
Stacking,Average,0.2604166666666667,0.9331896551724138,0.9056831447557472
Stacking,Average,0.2604166666666667,0.9353448275862069,0.9056831447557472
Stacking,Average,0.2623697916666667,0.9353448275862069,0.9056831447557472
Stacking,Average,0.2623697916666667,0.9375,0.9056831447557472
Stacking,Average,0.2740885416666667,0.9375,0.9056831447557472
Stacking,Average,0.2740885416666667,0.9396551724137931,0.9056831447557472
Stacking,Average,0.27734375,0.9396551724137931,0.9056831447557472
Stacking,Average,0.27734375,0.9418103448275862,0.9056831447557472
Stacking,Average,0.28125,0.9418103448275862,0.9056831447557472
Stacking,Average,0.28125,0.9461206896551724,0.9056831447557472
Stacking,Average,0.2819010416666667,0.9461206896551724,0.9056831447557472
Stacking,Average,0.2819010416666667,0.9482758620689655,0.9056831447557472
Stacking,Average,0.2825520833333333,0.9482758620689655,0.9056831447557472
Stacking,Average,0.2825520833333333,0.9547413793103449,0.9056831447557472
Stacking,Average,0.2994791666666667,0.9547413793103449,0.9056831447557472
Stacking,Average,0.2994791666666667,0.9568965517241379,0.9056831447557472
Stacking,Average,0.3033854166666667,0.9568965517241379,0.9056831447557472
Stacking,Average,0.3033854166666667,0.959051724137931,0.9056831447557472
Stacking,Average,0.3040364583333333,0.959051724137931,0.9056831447557472
Stacking,Average,0.3040364583333333,0.9612068965517241,0.9056831447557472
Stacking,Average,0.3125,0.9612068965517241,0.9056831447557472
Stacking,Average,0.3125,0.9633620689655172,0.9056831447557472
Stacking,Average,0.3157552083333333,0.9633620689655172,0.9056831447557472
Stacking,Average,0.3157552083333333,0.9655172413793104,0.9056831447557472
Stacking,Average,0.3235677083333333,0.9655172413793104,0.9056831447557472
Stacking,Average,0.3235677083333333,0.9676724137931034,0.9056831447557472
Stacking,Average,0.3294270833333333,0.9676724137931034,0.9056831447557472
Stacking,Average,0.3294270833333333,0.9698275862068966,0.9056831447557472
Stacking,Average,0.3404947916666667,0.9698275862068966,0.9056831447557472
Stacking,Average,0.3404947916666667,0.9719827586206896,0.9056831447557472
Stacking,Average,0.3483072916666667,0.9719827586206896,0.9056831447557472
Stacking,Average,0.3483072916666667,0.9741379310344828,0.9056831447557472
Stacking,Average,0.3541666666666667,0.9741379310344828,0.9056831447557472
Stacking,Average,0.3541666666666667,0.9762931034482759,0.9056831447557472
Stacking,Average,0.37109375,0.9762931034482759,0.9056831447557472
Stacking,Average,0.37109375,0.978448275862069,0.9056831447557472
Stacking,Average,0.373046875,0.978448275862069,0.9056831447557472
Stacking,Average,0.373046875,0.9806034482758621,0.9056831447557472
Stacking,Average,0.3743489583333333,0.9806034482758621,0.9056831447557472
Stacking,Average,0.3743489583333333,0.9827586206896551,0.9056831447557472
Stacking,Average,0.3828125,0.9827586206896551,0.9056831447557472
Stacking,Average,0.3828125,0.9849137931034483,0.9056831447557472
Stacking,Average,0.3977864583333333,0.9849137931034483,0.9056831447557472
Stacking,Average,0.3977864583333333,0.9870689655172413,0.9056831447557472
Stacking,Average,0.4055989583333333,0.9870689655172413,0.9056831447557472
Stacking,Average,0.4055989583333333,0.9892241379310345,0.9056831447557472
Stacking,Average,0.4147135416666667,0.9892241379310345,0.9056831447557472
Stacking,Average,0.4147135416666667,0.9913793103448276,0.9056831447557472
Stacking,Average,0.4153645833333333,0.9913793103448276,0.9056831447557472
Stacking,Average,0.4153645833333333,0.9935344827586207,0.9056831447557472
Stacking,Average,0.4544270833333333,0.9935344827586207,0.9056831447557472
Stacking,Average,0.4544270833333333,0.9956896551724138,0.9056831447557472
Stacking,Average,0.603515625,0.9956896551724138,0.9056831447557472
Stacking,Average,0.603515625,0.9978448275862069,0.9056831447557472
Stacking,Average,0.6139322916666666,0.9978448275862069,0.9056831447557472
Stacking,Average,0.6139322916666666,1.0,0.9056831447557472
Stacking,Average,1.0,1.0,0.9056831447557472
Multinomial_Logistic,Good,0.0,0.0,0.9048543916964971
Multinomial_Logistic,Good,0.0,0.0019305019305019305,0.9048543916964971
Multinomial_Logistic,Good,0.0,0.011583011583011582,0.9048543916964971
Multinomial_Logistic,Good,0.0020242914979757085,0.011583011583011582,0.9048543916964971
Multinomial_Logistic,Good,0.0020242914979757085,0.021235521235521235,0.9048543916964971
Multinomial_Logistic,Good,0.002699055330634278,0.021235521235521235,0.9048543916964971
Multinomial_Logistic,Good,0.002699055330634278,0.023166023166023165,0.9048543916964971
Multinomial_Logistic,Good,0.004048582995951417,0.023166023166023165,0.9048543916964971
Multinomial_Logistic,Good,0.004048582995951417,0.02895752895752896,0.9048543916964971
Multinomial_Logistic,Good,0.004723346828609987,0.02895752895752896,0.9048543916964971
Multinomial_Logistic,Good,0.004723346828609987,0.032818532818532815,0.9048543916964971
Multinomial_Logistic,Good,0.005398110661268556,0.032818532818532815,0.9048543916964971
Multinomial_Logistic,Good,0.005398110661268556,0.03474903474903475,0.9048543916964971
Multinomial_Logistic,Good,0.006747638326585695,0.03474903474903475,0.9048543916964971
Multinomial_Logistic,Good,0.006747638326585695,0.04633204633204633,0.9048543916964971
Multinomial_Logistic,Good,0.007422402159244264,0.04633204633204633,0.9048543916964971
Multinomial_Logistic,Good,0.007422402159244264,0.06563706563706563,0.9048543916964971
Multinomial_Logistic,Good,0.008097165991902834,0.06563706563706563,0.9048543916964971
Multinomial_Logistic,Good,0.008097165991902834,0.0694980694980695,0.9048543916964971
Multinomial_Logistic,Good,0.008771929824561403,0.0694980694980695,0.9048543916964971
Multinomial_Logistic,Good,0.008771929824561403,0.07335907335907337,0.9048543916964971
Multinomial_Logistic,Good,0.010121457489878543,0.07335907335907337,0.9048543916964971
Multinomial_Logistic,Good,0.010121457489878543,0.07528957528957529,0.9048543916964971
Multinomial_Logistic,Good,0.010796221322537112,0.07528957528957529,0.9048543916964971
Multinomial_Logistic,Good,0.010796221322537112,0.08687258687258688,0.9048543916964971
Multinomial_Logistic,Good,0.011470985155195682,0.08687258687258688,0.9048543916964971
Multinomial_Logistic,Good,0.011470985155195682,0.09652509652509653,0.9048543916964971
Multinomial_Logistic,Good,0.012145748987854251,0.09652509652509653,0.9048543916964971
Multinomial_Logistic,Good,0.012145748987854251,0.10038610038610038,0.9048543916964971
Multinomial_Logistic,Good,0.01282051282051282,0.10038610038610038,0.9048543916964971
Multinomial_Logistic,Good,0.01282051282051282,0.11003861003861004,0.9048543916964971
Multinomial_Logistic,Good,0.01349527665317139,0.11003861003861004,0.9048543916964971
Multinomial_Logistic,Good,0.01349527665317139,0.1138996138996139,0.9048543916964971
Multinomial_Logistic,Good,0.01417004048582996,0.1138996138996139,0.9048543916964971
Multinomial_Logistic,Good,0.01417004048582996,0.11776061776061776,0.9048543916964971
Multinomial_Logistic,Good,0.014844804318488529,0.11776061776061776,0.9048543916964971
Multinomial_Logistic,Good,0.014844804318488529,0.12355212355212356,0.9048543916964971
Multinomial_Logistic,Good,0.0155195681511471,0.12355212355212356,0.9048543916964971
Multinomial_Logistic,Good,0.0155195681511471,0.1274131274131274,0.9048543916964971
Multinomial_Logistic,Good,0.016869095816464237,0.1274131274131274,0.9048543916964971
Multinomial_Logistic,Good,0.016869095816464237,0.13706563706563707,0.9048543916964971
Multinomial_Logistic,Good,0.018218623481781375,0.13706563706563707,0.9048543916964971
Multinomial_Logistic,Good,0.018218623481781375,0.1718146718146718,0.9048543916964971
Multinomial_Logistic,Good,0.020917678812415654,0.1718146718146718,0.9048543916964971
Multinomial_Logistic,Good,0.020917678812415654,0.17567567567567569,0.9048543916964971
Multinomial_Logistic,Good,0.022267206477732792,0.17567567567567569,0.9048543916964971
Multinomial_Logistic,Good,0.022267206477732792,0.2277992277992278,0.9048543916964971
Multinomial_Logistic,Good,0.022941970310391364,0.2277992277992278,0.9048543916964971
Multinomial_Logistic,Good,0.022941970310391364,0.23552123552123552,0.9048543916964971
Multinomial_Logistic,Good,0.024291497975708502,0.23552123552123552,0.9048543916964971
Multinomial_Logistic,Good,0.024291497975708502,0.23745173745173745,0.9048543916964971
Multinomial_Logistic,Good,0.02496626180836707,0.23745173745173745,0.9048543916964971
Multinomial_Logistic,Good,0.02496626180836707,0.24324324324324326,0.9048543916964971
Multinomial_Logistic,Good,0.02564102564102564,0.24324324324324326,0.9048543916964971
Multinomial_Logistic,Good,0.02564102564102564,0.24903474903474904,0.9048543916964971
Multinomial_Logistic,Good,0.02699055330634278,0.24903474903474904,0.9048543916964971
Multinomial_Logistic,Good,0.02699055330634278,0.2528957528957529,0.9048543916964971
Multinomial_Logistic,Good,0.02766531713900135,0.2528957528957529,0.9048543916964971
Multinomial_Logistic,Good,0.02766531713900135,0.26833976833976836,0.9048543916964971
Multinomial_Logistic,Good,0.02834008097165992,0.26833976833976836,0.9048543916964971
Multinomial_Logistic,Good,0.02834008097165992,0.27413127413127414,0.9048543916964971
Multinomial_Logistic,Good,0.029014844804318488,0.27413127413127414,0.9048543916964971
Multinomial_Logistic,Good,0.029014844804318488,0.2857142857142857,0.9048543916964971
Multinomial_Logistic,Good,0.030364372469635626,0.2857142857142857,0.9048543916964971
Multinomial_Logistic,Good,0.030364372469635626,0.29343629343629346,0.9048543916964971
Multinomial_Logistic,Good,0.032388663967611336,0.29343629343629346,0.9048543916964971
Multinomial_Logistic,Good,0.032388663967611336,0.29922779922779924,0.9048543916964971
Multinomial_Logistic,Good,0.033063427800269905,0.29922779922779924,0.9048543916964971
Multinomial_Logistic,Good,0.033063427800269905,0.30694980694980695,0.9048543916964971
Multinomial_Logistic,Good,0.033738191632928474,0.30694980694980695,0.9048543916964971
Multinomial_Logistic,Good,0.033738191632928474,0.3127413127413127,0.9048543916964971
Multinomial_Logistic,Good,0.03441295546558704,0.3127413127413127,0.9048543916964971
Multinomial_Logistic,Good,0.03441295546558704,0.3223938223938224,0.9048543916964971
Multinomial_Logistic,Good,0.03508771929824561,0.3223938223938224,0.9048543916964971
Multinomial_Logistic,Good,0.03508771929824561,0.33204633204633205,0.9048543916964971
Multinomial_Logistic,Good,0.03576248313090418,0.33204633204633205,0.9048543916964971
Multinomial_Logistic,Good,0.03576248313090418,0.333976833976834,0.9048543916964971
Multinomial_Logistic,Good,0.037112010796221326,0.333976833976834,0.9048543916964971
Multinomial_Logistic,Good,0.037112010796221326,0.34555984555984554,0.9048543916964971
Multinomial_Logistic,Good,0.038461538461538464,0.34555984555984554,0.9048543916964971
Multinomial_Logistic,Good,0.038461538461538464,0.35135135135135137,0.9048543916964971
Multinomial_Logistic,Good,0.03913630229419703,0.35135135135135137,0.9048543916964971
Multinomial_Logistic,Good,0.03913630229419703,0.3590733590733591,0.9048543916964971
Multinomial_Logistic,Good,0.04048582995951417,0.3590733590733591,0.9048543916964971
Multinomial_Logistic,Good,0.04048582995951417,0.3667953667953668,0.9048543916964971
Multinomial_Logistic,Good,0.04116059379217274,0.3667953667953668,0.9048543916964971
Multinomial_Logistic,Good,0.04116059379217274,0.3764478764478765,0.9048543916964971
Multinomial_Logistic,Good,0.04251012145748988,0.3764478764478765,0.9048543916964971
Multinomial_Logistic,Good,0.04251012145748988,0.38223938223938225,0.9048543916964971
Multinomial_Logistic,Good,0.043184885290148446,0.38223938223938225,0.9048543916964971
Multinomial_Logistic,Good,0.043184885290148446,0.38803088803088803,0.9048543916964971
Multinomial_Logistic,Good,0.044534412955465584,0.38803088803088803,0.9048543916964971
Multinomial_Logistic,Good,0.044534412955465584,0.38996138996138996,0.9048543916964971
Multinomial_Logistic,Good,0.04723346828609987,0.38996138996138996,0.9048543916964971
Multinomial_Logistic,Good,0.04723346828609987,0.39575289575289574,0.9048543916964971
Multinomial_Logistic,Good,0.047908232118758436,0.39575289575289574,0.9048543916964971
Multinomial_Logistic,Good,0.047908232118758436,0.3996138996138996,0.9048543916964971
Multinomial_Logistic,Good,0.048582995951417005,0.3996138996138996,0.9048543916964971
Multinomial_Logistic,Good,0.048582995951417005,0.40733590733590735,0.9048543916964971
Multinomial_Logistic,Good,0.049257759784075573,0.40733590733590735,0.9048543916964971
Multinomial_Logistic,Good,0.049257759784075573,0.4111969111969112,0.9048543916964971
Multinomial_Logistic,Good,0.04993252361673414,0.4111969111969112,0.9048543916964971
Multinomial_Logistic,Good,0.04993252361673414,0.4189189189189189,0.9048543916964971
Multinomial_Logistic,Good,0.05060728744939271,0.4189189189189189,0.9048543916964971
Multinomial_Logistic,Good,0.05060728744939271,0.4247104247104247,0.9048543916964971
Multinomial_Logistic,Good,0.05128205128205128,0.4247104247104247,0.9048543916964971
Multinomial_Logistic,Good,0.05128205128205128,0.4266409266409266,0.9048543916964971
Multinomial_Logistic,Good,0.05195681511470985,0.4266409266409266,0.9048543916964971
Multinomial_Logistic,Good,0.05195681511470985,0.4305019305019305,0.9048543916964971
Multinomial_Logistic,Good,0.053306342780026994,0.4305019305019305,0.9048543916964971
Multinomial_Logistic,Good,0.053306342780026994,0.44594594594594594,0.9048543916964971
Multinomial_Logistic,Good,0.05398110661268556,0.44594594594594594,0.9048543916964971
Multinomial_Logistic,Good,0.05398110661268556,0.47876447876447875,0.9048543916964971
Multinomial_Logistic,Good,0.05465587044534413,0.47876447876447875,0.9048543916964971
Multinomial_Logistic,Good,0.05465587044534413,0.4826254826254826,0.9048543916964971
Multinomial_Logistic,Good,0.05735492577597841,0.4826254826254826,0.9048543916964971
Multinomial_Logistic,Good,0.05735492577597841,0.4980694980694981,0.9048543916964971
Multinomial_Logistic,Good,0.058029689608636977,0.4980694980694981,0.9048543916964971
Multinomial_Logistic,Good,0.058029689608636977,0.5019305019305019,0.9048543916964971
Multinomial_Logistic,Good,0.058704453441295545,0.5019305019305019,0.9048543916964971
Multinomial_Logistic,Good,0.058704453441295545,0.5057915057915058,0.9048543916964971
Multinomial_Logistic,Good,0.059379217273954114,0.5057915057915058,0.9048543916964971
Multinomial_Logistic,Good,0.059379217273954114,0.5077220077220077,0.9048543916964971
Multinomial_Logistic,Good,0.06072874493927125,0.5077220077220077,0.9048543916964971
Multinomial_Logistic,Good,0.06072874493927125,0.5115830115830116,0.9048543916964971
Multinomial_Logistic,Good,0.06140350877192982,0.5115830115830116,0.9048543916964971
Multinomial_Logistic,Good,0.06140350877192982,0.5135135135135135,0.9048543916964971
Multinomial_Logistic,Good,0.0620782726045884,0.5135135135135135,0.9048543916964971
Multinomial_Logistic,Good,0.0620782726045884,0.5173745173745173,0.9048543916964971
Multinomial_Logistic,Good,0.06342780026990553,0.5173745173745173,0.9048543916964971
Multinomial_Logistic,Good,0.06342780026990553,0.5193050193050193,0.9048543916964971
Multinomial_Logistic,Good,0.0641025641025641,0.5193050193050193,0.9048543916964971
Multinomial_Logistic,Good,0.0641025641025641,0.5212355212355212,0.9048543916964971
Multinomial_Logistic,Good,0.06477732793522267,0.5212355212355212,0.9048543916964971
Multinomial_Logistic,Good,0.06477732793522267,0.5308880308880309,0.9048543916964971
Multinomial_Logistic,Good,0.06612685560053981,0.5308880308880309,0.9048543916964971
Multinomial_Logistic,Good,0.06612685560053981,0.5424710424710425,0.9048543916964971
Multinomial_Logistic,Good,0.06882591093117409,0.5424710424710425,0.9048543916964971
Multinomial_Logistic,Good,0.06882591093117409,0.5482625482625483,0.9048543916964971
Multinomial_Logistic,Good,0.06950067476383266,0.5482625482625483,0.9048543916964971
Multinomial_Logistic,Good,0.06950067476383266,0.5540540540540541,0.9048543916964971
Multinomial_Logistic,Good,0.07017543859649122,0.5540540540540541,0.9048543916964971
Multinomial_Logistic,Good,0.07017543859649122,0.5579150579150579,0.9048543916964971
Multinomial_Logistic,Good,0.0708502024291498,0.5579150579150579,0.9048543916964971
Multinomial_Logistic,Good,0.0708502024291498,0.5656370656370656,0.9048543916964971
Multinomial_Logistic,Good,0.07219973009446694,0.5656370656370656,0.9048543916964971
Multinomial_Logistic,Good,0.07219973009446694,0.5694980694980695,0.9048543916964971
Multinomial_Logistic,Good,0.0728744939271255,0.5694980694980695,0.9048543916964971
Multinomial_Logistic,Good,0.0728744939271255,0.5733590733590733,0.9048543916964971
Multinomial_Logistic,Good,0.07354925775978408,0.5733590733590733,0.9048543916964971
Multinomial_Logistic,Good,0.07354925775978408,0.583011583011583,0.9048543916964971
Multinomial_Logistic,Good,0.07827260458839407,0.583011583011583,0.9048543916964971
Multinomial_Logistic,Good,0.07827260458839407,0.584942084942085,0.9048543916964971
Multinomial_Logistic,Good,0.0796221322537112,0.584942084942085,0.9048543916964971
Multinomial_Logistic,Good,0.0796221322537112,0.5907335907335908,0.9048543916964971
Multinomial_Logistic,Good,0.08029689608636977,0.5907335907335908,0.9048543916964971
Multinomial_Logistic,Good,0.08029689608636977,0.5945945945945946,0.9048543916964971
Multinomial_Logistic,Good,0.0816464237516869,0.5945945945945946,0.9048543916964971
Multinomial_Logistic,Good,0.0816464237516869,0.5965250965250966,0.9048543916964971
Multinomial_Logistic,Good,0.08367071524966262,0.5965250965250966,0.9048543916964971
Multinomial_Logistic,Good,0.08367071524966262,0.6003861003861004,0.9048543916964971
Multinomial_Logistic,Good,0.08502024291497975,0.6003861003861004,0.9048543916964971
Multinomial_Logistic,Good,0.08502024291497975,0.6023166023166023,0.9048543916964971
Multinomial_Logistic,Good,0.08771929824561403,0.6023166023166023,0.9048543916964971
Multinomial_Logistic,Good,0.08771929824561403,0.6061776061776062,0.9048543916964971
Multinomial_Logistic,Good,0.08974358974358974,0.6061776061776062,0.9048543916964971
Multinomial_Logistic,Good,0.08974358974358974,0.6081081081081081,0.9048543916964971
Multinomial_Logistic,Good,0.09041835357624832,0.6081081081081081,0.9048543916964971
Multinomial_Logistic,Good,0.09041835357624832,0.6158301158301158,0.9048543916964971
Multinomial_Logistic,Good,0.09109311740890688,0.6158301158301158,0.9048543916964971
Multinomial_Logistic,Good,0.09109311740890688,0.6196911196911197,0.9048543916964971
Multinomial_Logistic,Good,0.09244264507422402,0.6196911196911197,0.9048543916964971
Multinomial_Logistic,Good,0.09244264507422402,0.6216216216216216,0.9048543916964971
Multinomial_Logistic,Good,0.0931174089068826,0.6216216216216216,0.9048543916964971
Multinomial_Logistic,Good,0.0931174089068826,0.6235521235521235,0.9048543916964971
Multinomial_Logistic,Good,0.09581646423751687,0.6235521235521235,0.9048543916964971
Multinomial_Logistic,Good,0.09581646423751687,0.6254826254826255,0.9048543916964971
Multinomial_Logistic,Good,0.09649122807017543,0.6254826254826255,0.9048543916964971
Multinomial_Logistic,Good,0.09649122807017543,0.6274131274131274,0.9048543916964971
Multinomial_Logistic,Good,0.09716599190283401,0.6274131274131274,0.9048543916964971
Multinomial_Logistic,Good,0.09716599190283401,0.6351351351351351,0.9048543916964971
Multinomial_Logistic,Good,0.09784075573549257,0.6351351351351351,0.9048543916964971
Multinomial_Logistic,Good,0.09784075573549257,0.637065637065637,0.9048543916964971
Multinomial_Logistic,Good,0.09851551956815115,0.637065637065637,0.9048543916964971
Multinomial_Logistic,Good,0.09851551956815115,0.640926640926641,0.9048543916964971
Multinomial_Logistic,Good,0.10121457489878542,0.640926640926641,0.9048543916964971
Multinomial_Logistic,Good,0.10121457489878542,0.6428571428571429,0.9048543916964971
Multinomial_Logistic,Good,0.101889338731444,0.6428571428571429,0.9048543916964971
Multinomial_Logistic,Good,0.101889338731444,0.6467181467181468,0.9048543916964971
Multinomial_Logistic,Good,0.10323886639676114,0.6467181467181468,0.9048543916964971
Multinomial_Logistic,Good,0.10323886639676114,0.6486486486486487,0.9048543916964971
Multinomial_Logistic,Good,0.1039136302294197,0.6486486486486487,0.9048543916964971
Multinomial_Logistic,Good,0.1039136302294197,0.6505791505791506,0.9048543916964971
Multinomial_Logistic,Good,0.10526315789473684,0.6505791505791506,0.9048543916964971
Multinomial_Logistic,Good,0.10526315789473684,0.6544401544401545,0.9048543916964971
Multinomial_Logistic,Good,0.10593792172739541,0.6544401544401545,0.9048543916964971
Multinomial_Logistic,Good,0.10593792172739541,0.6563706563706564,0.9048543916964971
Multinomial_Logistic,Good,0.10728744939271255,0.6563706563706564,0.9048543916964971
Multinomial_Logistic,Good,0.10728744939271255,0.6583011583011583,0.9048543916964971
Multinomial_Logistic,Good,0.10796221322537113,0.6583011583011583,0.9048543916964971
Multinomial_Logistic,Good,0.10796221322537113,0.6602316602316602,0.9048543916964971
Multinomial_Logistic,Good,0.10863697705802969,0.6602316602316602,0.9048543916964971
Multinomial_Logistic,Good,0.10863697705802969,0.666023166023166,0.9048543916964971
Multinomial_Logistic,Good,0.10931174089068826,0.666023166023166,0.9048543916964971
Multinomial_Logistic,Good,0.10931174089068826,0.6756756756756757,0.9048543916964971
Multinomial_Logistic,Good,0.10998650472334683,0.6756756756756757,0.9048543916964971
Multinomial_Logistic,Good,0.10998650472334683,0.6776061776061776,0.9048543916964971
Multinomial_Logistic,Good,0.1126855600539811,0.6776061776061776,0.9048543916964971
Multinomial_Logistic,Good,0.1126855600539811,0.6795366795366795,0.9048543916964971
Multinomial_Logistic,Good,0.11470985155195682,0.6795366795366795,0.9048543916964971
Multinomial_Logistic,Good,0.11470985155195682,0.6853281853281853,0.9048543916964971
Multinomial_Logistic,Good,0.11605937921727395,0.6853281853281853,0.9048543916964971
Multinomial_Logistic,Good,0.11605937921727395,0.6988416988416989,0.9048543916964971
Multinomial_Logistic,Good,0.12010796221322537,0.6988416988416989,0.9048543916964971
Multinomial_Logistic,Good,0.12010796221322537,0.7027027027027027,0.9048543916964971
Multinomial_Logistic,Good,0.1214574898785425,0.7027027027027027,0.9048543916964971
Multinomial_Logistic,Good,0.1214574898785425,0.7046332046332047,0.9048543916964971
Multinomial_Logistic,Good,0.12280701754385964,0.7046332046332047,0.9048543916964971
Multinomial_Logistic,Good,0.12280701754385964,0.7084942084942085,0.9048543916964971
Multinomial_Logistic,Good,0.12348178137651822,0.7084942084942085,0.9048543916964971
Multinomial_Logistic,Good,0.12348178137651822,0.7181467181467182,0.9048543916964971
Multinomial_Logistic,Good,0.12550607287449392,0.7181467181467182,0.9048543916964971
Multinomial_Logistic,Good,0.12550607287449392,0.7200772200772201,0.9048543916964971
Multinomial_Logistic,Good,0.1261808367071525,0.7200772200772201,0.9048543916964971
Multinomial_Logistic,Good,0.1261808367071525,0.7239382239382239,0.9048543916964971
Multinomial_Logistic,Good,0.12753036437246965,0.7239382239382239,0.9048543916964971
Multinomial_Logistic,Good,0.12753036437246965,0.7277992277992278,0.9048543916964971
Multinomial_Logistic,Good,0.12887989203778677,0.7277992277992278,0.9048543916964971
Multinomial_Logistic,Good,0.12887989203778677,0.7297297297297297,0.9048543916964971
Multinomial_Logistic,Good,0.13022941970310392,0.7297297297297297,0.9048543916964971
Multinomial_Logistic,Good,0.13022941970310392,0.7316602316602316,0.9048543916964971
Multinomial_Logistic,Good,0.13157894736842105,0.7316602316602316,0.9048543916964971
Multinomial_Logistic,Good,0.13157894736842105,0.7374517374517374,0.9048543916964971
Multinomial_Logistic,Good,0.1329284750337382,0.7374517374517374,0.9048543916964971
Multinomial_Logistic,Good,0.1329284750337382,0.7451737451737451,0.9048543916964971
Multinomial_Logistic,Good,0.13427800269905532,0.7451737451737451,0.9048543916964971
Multinomial_Logistic,Good,0.13427800269905532,0.749034749034749,0.9048543916964971
Multinomial_Logistic,Good,0.13562753036437247,0.749034749034749,0.9048543916964971
Multinomial_Logistic,Good,0.13562753036437247,0.752895752895753,0.9048543916964971
Multinomial_Logistic,Good,0.13630229419703105,0.752895752895753,0.9048543916964971
Multinomial_Logistic,Good,0.13630229419703105,0.7586872586872587,0.9048543916964971
Multinomial_Logistic,Good,0.1369770580296896,0.7586872586872587,0.9048543916964971
Multinomial_Logistic,Good,0.1369770580296896,0.7625482625482626,0.9048543916964971
Multinomial_Logistic,Good,0.13900134952766532,0.7625482625482626,0.9048543916964971
Multinomial_Logistic,Good,0.13900134952766532,0.7664092664092664,0.9048543916964971
Multinomial_Logistic,Good,0.14035087719298245,0.7664092664092664,0.9048543916964971
Multinomial_Logistic,Good,0.14035087719298245,0.7683397683397684,0.9048543916964971
Multinomial_Logistic,Good,0.14102564102564102,0.7683397683397684,0.9048543916964971
Multinomial_Logistic,Good,0.14102564102564102,0.7722007722007722,0.9048543916964971
Multinomial_Logistic,Good,0.1417004048582996,0.7722007722007722,0.9048543916964971
Multinomial_Logistic,Good,0.1417004048582996,0.7741312741312741,0.9048543916964971
Multinomial_Logistic,Good,0.14304993252361672,0.7741312741312741,0.9048543916964971
Multinomial_Logistic,Good,0.14304993252361672,0.7818532818532818,0.9048543916964971
Multinomial_Logistic,Good,0.14507422402159245,0.7818532818532818,0.9048543916964971
Multinomial_Logistic,Good,0.14507422402159245,0.7837837837837838,0.9048543916964971
Multinomial_Logistic,Good,0.14642375168690958,0.7837837837837838,0.9048543916964971
Multinomial_Logistic,Good,0.14642375168690958,0.7876447876447876,0.9048543916964971
Multinomial_Logistic,Good,0.14709851551956815,0.7876447876447876,0.9048543916964971
Multinomial_Logistic,Good,0.14709851551956815,0.7915057915057915,0.9048543916964971
Multinomial_Logistic,Good,0.14777327935222673,0.7915057915057915,0.9048543916964971
Multinomial_Logistic,Good,0.14777327935222673,0.7992277992277992,0.9048543916964971
Multinomial_Logistic,Good,0.1484480431848853,0.7992277992277992,0.9048543916964971
Multinomial_Logistic,Good,0.1484480431848853,0.805019305019305,0.9048543916964971
Multinomial_Logistic,Good,0.150472334682861,0.805019305019305,0.9048543916964971
Multinomial_Logistic,Good,0.150472334682861,0.806949806949807,0.9048543916964971
Multinomial_Logistic,Good,0.15182186234817813,0.806949806949807,0.9048543916964971
Multinomial_Logistic,Good,0.15182186234817813,0.8108108108108109,0.9048543916964971
Multinomial_Logistic,Good,0.1524966261808367,0.8108108108108109,0.9048543916964971
Multinomial_Logistic,Good,0.1524966261808367,0.8127413127413128,0.9048543916964971
Multinomial_Logistic,Good,0.1572199730094467,0.8127413127413128,0.9048543916964971
Multinomial_Logistic,Good,0.1572199730094467,0.8146718146718147,0.9048543916964971
Multinomial_Logistic,Good,0.15856950067476383,0.8146718146718147,0.9048543916964971
Multinomial_Logistic,Good,0.15856950067476383,0.8166023166023166,0.9048543916964971
Multinomial_Logistic,Good,0.15991902834008098,0.8166023166023166,0.9048543916964971
Multinomial_Logistic,Good,0.15991902834008098,0.8185328185328186,0.9048543916964971
Multinomial_Logistic,Good,0.16194331983805668,0.8185328185328186,0.9048543916964971
Multinomial_Logistic,Good,0.16194331983805668,0.8223938223938224,0.9048543916964971
Multinomial_Logistic,Good,0.16261808367071526,0.8223938223938224,0.9048543916964971
Multinomial_Logistic,Good,0.16261808367071526,0.8243243243243243,0.9048543916964971
Multinomial_Logistic,Good,0.16464237516869096,0.8243243243243243,0.9048543916964971
Multinomial_Logistic,Good,0.16464237516869096,0.8281853281853282,0.9048543916964971
Multinomial_Logistic,Good,0.1680161943319838,0.8281853281853282,0.9048543916964971
Multinomial_Logistic,Good,0.1680161943319838,0.8301158301158301,0.9048543916964971
Multinomial_Logistic,Good,0.17139001349527666,0.8301158301158301,0.9048543916964971
Multinomial_Logistic,Good,0.17139001349527666,0.833976833976834,0.9048543916964971
Multinomial_Logistic,Good,0.17341430499325236,0.833976833976834,0.9048543916964971
Multinomial_Logistic,Good,0.17341430499325236,0.8397683397683398,0.9048543916964971
Multinomial_Logistic,Good,0.17408906882591094,0.8397683397683398,0.9048543916964971
Multinomial_Logistic,Good,0.17408906882591094,0.8416988416988417,0.9048543916964971
Multinomial_Logistic,Good,0.1788124156545209,0.8416988416988417,0.9048543916964971
Multinomial_Logistic,Good,0.1788124156545209,0.8436293436293436,0.9048543916964971
Multinomial_Logistic,Good,0.1794871794871795,0.8436293436293436,0.9048543916964971
Multinomial_Logistic,Good,0.1794871794871795,0.8474903474903475,0.9048543916964971
Multinomial_Logistic,Good,0.1815114709851552,0.8474903474903475,0.9048543916964971
Multinomial_Logistic,Good,0.1815114709851552,0.8494208494208494,0.9048543916964971
Multinomial_Logistic,Good,0.18286099865047234,0.8494208494208494,0.9048543916964971
Multinomial_Logistic,Good,0.18286099865047234,0.8552123552123552,0.9048543916964971
Multinomial_Logistic,Good,0.18690958164642374,0.8552123552123552,0.9048543916964971
Multinomial_Logistic,Good,0.18690958164642374,0.8571428571428571,0.9048543916964971
Multinomial_Logistic,Good,0.18758434547908232,0.8571428571428571,0.9048543916964971
Multinomial_Logistic,Good,0.18758434547908232,0.859073359073359,0.9048543916964971
Multinomial_Logistic,Good,0.1882591093117409,0.859073359073359,0.9048543916964971
Multinomial_Logistic,Good,0.1882591093117409,0.861003861003861,0.9048543916964971
Multinomial_Logistic,Good,0.1902834008097166,0.861003861003861,0.9048543916964971
Multinomial_Logistic,Good,0.1902834008097166,0.862934362934363,0.9048543916964971
Multinomial_Logistic,Good,0.19298245614035087,0.862934362934363,0.9048543916964971
Multinomial_Logistic,Good,0.19298245614035087,0.8648648648648649,0.9048543916964971
Multinomial_Logistic,Good,0.19365721997300944,0.8648648648648649,0.9048543916964971
Multinomial_Logistic,Good,0.19365721997300944,0.8706563706563707,0.9048543916964971
Multinomial_Logistic,Good,0.19770580296896087,0.8706563706563707,0.9048543916964971
Multinomial_Logistic,Good,0.19770580296896087,0.8725868725868726,0.9048543916964971
Multinomial_Logistic,Good,0.20107962213225372,0.8725868725868726,0.9048543916964971
Multinomial_Logistic,Good,0.20107962213225372,0.8745173745173745,0.9048543916964971
Multinomial_Logistic,Good,0.20242914979757085,0.8745173745173745,0.9048543916964971
Multinomial_Logistic,Good,0.20242914979757085,0.8764478764478765,0.9048543916964971
Multinomial_Logistic,Good,0.20310391363022942,0.8764478764478765,0.9048543916964971
Multinomial_Logistic,Good,0.20310391363022942,0.8803088803088803,0.9048543916964971
Multinomial_Logistic,Good,0.20445344129554655,0.8803088803088803,0.9048543916964971
Multinomial_Logistic,Good,0.20445344129554655,0.8822393822393823,0.9048543916964971
Multinomial_Logistic,Good,0.20985155195681512,0.8822393822393823,0.9048543916964971
Multinomial_Logistic,Good,0.20985155195681512,0.8861003861003861,0.9048543916964971
Multinomial_Logistic,Good,0.2125506072874494,0.8861003861003861,0.9048543916964971
Multinomial_Logistic,Good,0.2125506072874494,0.888030888030888,0.9048543916964971
Multinomial_Logistic,Good,0.21322537112010798,0.888030888030888,0.9048543916964971
Multinomial_Logistic,Good,0.21322537112010798,0.88996138996139,0.9048543916964971
Multinomial_Logistic,Good,0.21390013495276652,0.88996138996139,0.9048543916964971
Multinomial_Logistic,Good,0.21390013495276652,0.8918918918918919,0.9048543916964971
Multinomial_Logistic,Good,0.21862348178137653,0.8918918918918919,0.9048543916964971
Multinomial_Logistic,Good,0.21862348178137653,0.8938223938223938,0.9048543916964971
Multinomial_Logistic,Good,0.21929824561403508,0.8938223938223938,0.9048543916964971
Multinomial_Logistic,Good,0.21929824561403508,0.8957528957528957,0.9048543916964971
Multinomial_Logistic,Good,0.21997300944669365,0.8957528957528957,0.9048543916964971
Multinomial_Logistic,Good,0.21997300944669365,0.8976833976833977,0.9048543916964971
Multinomial_Logistic,Good,0.22064777327935223,0.8976833976833977,0.9048543916964971
Multinomial_Logistic,Good,0.22064777327935223,0.8996138996138996,0.9048543916964971
Multinomial_Logistic,Good,0.22402159244264508,0.8996138996138996,0.9048543916964971
Multinomial_Logistic,Good,0.22402159244264508,0.9034749034749034,0.9048543916964971
Multinomial_Logistic,Good,0.22807017543859648,0.9034749034749034,0.9048543916964971
Multinomial_Logistic,Good,0.22807017543859648,0.9054054054054054,0.9048543916964971
Multinomial_Logistic,Good,0.23144399460188933,0.9054054054054054,0.9048543916964971
Multinomial_Logistic,Good,0.23144399460188933,0.9073359073359073,0.9048543916964971
Multinomial_Logistic,Good,0.23279352226720648,0.9073359073359073,0.9048543916964971
Multinomial_Logistic,Good,0.23279352226720648,0.9092664092664092,0.9048543916964971
Multinomial_Logistic,Good,0.2341430499325236,0.9092664092664092,0.9048543916964971
Multinomial_Logistic,Good,0.2341430499325236,0.9111969111969112,0.9048543916964971
Multinomial_Logistic,Good,0.2388663967611336,0.9111969111969112,0.9048543916964971
Multinomial_Logistic,Good,0.2388663967611336,0.9131274131274131,0.9048543916964971
Multinomial_Logistic,Good,0.242914979757085,0.9131274131274131,0.9048543916964971
Multinomial_Logistic,Good,0.242914979757085,0.915057915057915,0.9048543916964971
Multinomial_Logistic,Good,0.24493927125506074,0.915057915057915,0.9048543916964971
Multinomial_Logistic,Good,0.24493927125506074,0.9227799227799228,0.9048543916964971
Multinomial_Logistic,Good,0.24561403508771928,0.9227799227799228,0.9048543916964971
Multinomial_Logistic,Good,0.24561403508771928,0.9247104247104247,0.9048543916964971
Multinomial_Logistic,Good,0.2483130904183536,0.9247104247104247,0.9048543916964971
Multinomial_Logistic,Good,0.2483130904183536,0.9266409266409267,0.9048543916964971
Multinomial_Logistic,Good,0.24898785425101214,0.9266409266409267,0.9048543916964971
Multinomial_Logistic,Good,0.24898785425101214,0.9343629343629344,0.9048543916964971
Multinomial_Logistic,Good,0.25101214574898784,0.9343629343629344,0.9048543916964971
Multinomial_Logistic,Good,0.25101214574898784,0.9362934362934363,0.9048543916964971
Multinomial_Logistic,Good,0.2550607287449393,0.9362934362934363,0.9048543916964971
Multinomial_Logistic,Good,0.2550607287449393,0.9382239382239382,0.9048543916964971
Multinomial_Logistic,Good,0.25573549257759787,0.9382239382239382,0.9048543916964971
Multinomial_Logistic,Good,0.25573549257759787,0.9401544401544402,0.9048543916964971
Multinomial_Logistic,Good,0.26180836707152494,0.9401544401544402,0.9048543916964971
Multinomial_Logistic,Good,0.26180836707152494,0.9420849420849421,0.9048543916964971
Multinomial_Logistic,Good,0.2624831309041835,0.9420849420849421,0.9048543916964971
Multinomial_Logistic,Good,0.2624831309041835,0.944015444015444,0.9048543916964971
Multinomial_Logistic,Good,0.2692307692307692,0.944015444015444,0.9048543916964971
Multinomial_Logistic,Good,0.2692307692307692,0.9459459459459459,0.9048543916964971
Multinomial_Logistic,Good,0.2719298245614035,0.9459459459459459,0.9048543916964971
Multinomial_Logistic,Good,0.2719298245614035,0.9478764478764479,0.9048543916964971
Multinomial_Logistic,Good,0.2773279352226721,0.9478764478764479,0.9048543916964971
Multinomial_Logistic,Good,0.2773279352226721,0.9498069498069498,0.9048543916964971
Multinomial_Logistic,Good,0.2786774628879892,0.9498069498069498,0.9048543916964971
Multinomial_Logistic,Good,0.2786774628879892,0.9517374517374517,0.9048543916964971
Multinomial_Logistic,Good,0.2881241565452092,0.9517374517374517,0.9048543916964971
Multinomial_Logistic,Good,0.2881241565452092,0.9536679536679536,0.9048543916964971
Multinomial_Logistic,Good,0.2935222672064777,0.9536679536679536,0.9048543916964971
Multinomial_Logistic,Good,0.2935222672064777,0.9575289575289575,0.9048543916964971
Multinomial_Logistic,Good,0.2941970310391363,0.9575289575289575,0.9048543916964971
Multinomial_Logistic,Good,0.2941970310391363,0.9594594594594594,0.9048543916964971
Multinomial_Logistic,Good,0.32186234817813764,0.9594594594594594,0.9048543916964971
Multinomial_Logistic,Good,0.32186234817813764,0.9613899613899614,0.9048543916964971
Multinomial_Logistic,Good,0.32388663967611336,0.9613899613899614,0.9048543916964971
Multinomial_Logistic,Good,0.32388663967611336,0.9633204633204633,0.9048543916964971
Multinomial_Logistic,Good,0.34547908232118757,0.9633204633204633,0.9048543916964971
Multinomial_Logistic,Good,0.34547908232118757,0.9652509652509652,0.9048543916964971
Multinomial_Logistic,Good,0.35290148448043185,0.9652509652509652,0.9048543916964971
Multinomial_Logistic,Good,0.35290148448043185,0.9671814671814671,0.9048543916964971
Multinomial_Logistic,Good,0.354251012145749,0.9671814671814671,0.9048543916964971
Multinomial_Logistic,Good,0.354251012145749,0.9691119691119691,0.9048543916964971
Multinomial_Logistic,Good,0.3582995951417004,0.9691119691119691,0.9048543916964971
Multinomial_Logistic,Good,0.3582995951417004,0.971042471042471,0.9048543916964971
Multinomial_Logistic,Good,0.3603238866396761,0.971042471042471,0.9048543916964971
Multinomial_Logistic,Good,0.3603238866396761,0.972972972972973,0.9048543916964971
Multinomial_Logistic,Good,0.3697705802968961,0.972972972972973,0.9048543916964971
Multinomial_Logistic,Good,0.3697705802968961,0.974903474903475,0.9048543916964971
Multinomial_Logistic,Good,0.3974358974358974,0.974903474903475,0.9048543916964971
Multinomial_Logistic,Good,0.3974358974358974,0.9768339768339769,0.9048543916964971
Multinomial_Logistic,Good,0.398110661268556,0.9768339768339769,0.9048543916964971
Multinomial_Logistic,Good,0.398110661268556,0.9787644787644788,0.9048543916964971
Multinomial_Logistic,Good,0.39878542510121456,0.9787644787644788,0.9048543916964971
Multinomial_Logistic,Good,0.39878542510121456,0.9806949806949807,0.9048543916964971
Multinomial_Logistic,Good,0.40148448043184887,0.9806949806949807,0.9048543916964971
Multinomial_Logistic,Good,0.40148448043184887,0.9826254826254827,0.9048543916964971
Multinomial_Logistic,Good,0.4183535762483131,0.9826254826254827,0.9048543916964971
Multinomial_Logistic,Good,0.4183535762483131,0.9845559845559846,0.9048543916964971
Multinomial_Logistic,Good,0.4224021592442645,0.9845559845559846,0.9048543916964971
Multinomial_Logistic,Good,0.4224021592442645,0.9864864864864865,0.9048543916964971
Multinomial_Logistic,Good,0.4257759784075574,0.9864864864864865,0.9048543916964971
Multinomial_Logistic,Good,0.4257759784075574,0.9884169884169884,0.9048543916964971
Multinomial_Logistic,Good,0.4298245614035088,0.9884169884169884,0.9048543916964971
Multinomial_Logistic,Good,0.4298245614035088,0.9903474903474904,0.9048543916964971
Multinomial_Logistic,Good,0.49190283400809715,0.9903474903474904,0.9048543916964971
Multinomial_Logistic,Good,0.49190283400809715,0.9922779922779923,0.9048543916964971
Multinomial_Logistic,Good,0.49527665317139,0.9922779922779923,0.9048543916964971
Multinomial_Logistic,Good,0.49527665317139,0.9942084942084942,0.9048543916964971
Multinomial_Logistic,Good,0.5175438596491229,0.9942084942084942,0.9048543916964971
Multinomial_Logistic,Good,0.5175438596491229,0.9961389961389961,0.9048543916964971
Multinomial_Logistic,Good,0.5229419703103914,0.9961389961389961,0.9048543916964971
Multinomial_Logistic,Good,0.5229419703103914,0.9980694980694981,0.9048543916964971
Multinomial_Logistic,Good,0.5350877192982456,0.9980694980694981,0.9048543916964971
Multinomial_Logistic,Good,0.5350877192982456,1.0,0.9048543916964971
Multinomial_Logistic,Good,1.0,1.0,0.9048543916964971
Ordinal_Cumulative,Good,0.0,0.0,0.8994211099474257
Ordinal_Cumulative,Good,0.0,0.0019305019305019305,0.8994211099474257
Ordinal_Cumulative,Good,0.0,0.003861003861003861,0.8994211099474257
Ordinal_Cumulative,Good,0.0006747638326585695,0.003861003861003861,0.8994211099474257
Ordinal_Cumulative,Good,0.0006747638326585695,0.005791505791505791,0.8994211099474257
Ordinal_Cumulative,Good,0.001349527665317139,0.005791505791505791,0.8994211099474257
Ordinal_Cumulative,Good,0.001349527665317139,0.009652509652509652,0.8994211099474257
Ordinal_Cumulative,Good,0.0020242914979757085,0.009652509652509652,0.8994211099474257
Ordinal_Cumulative,Good,0.0020242914979757085,0.011583011583011582,0.8994211099474257
Ordinal_Cumulative,Good,0.002699055330634278,0.011583011583011582,0.8994211099474257
Ordinal_Cumulative,Good,0.002699055330634278,0.019305019305019305,0.8994211099474257
Ordinal_Cumulative,Good,0.0033738191632928477,0.019305019305019305,0.8994211099474257
Ordinal_Cumulative,Good,0.0033738191632928477,0.021235521235521235,0.8994211099474257
Ordinal_Cumulative,Good,0.004048582995951417,0.021235521235521235,0.8994211099474257
Ordinal_Cumulative,Good,0.004048582995951417,0.03088803088803089,0.8994211099474257
Ordinal_Cumulative,Good,0.004723346828609987,0.03088803088803089,0.8994211099474257
Ordinal_Cumulative,Good,0.004723346828609987,0.032818532818532815,0.8994211099474257
Ordinal_Cumulative,Good,0.005398110661268556,0.032818532818532815,0.8994211099474257
Ordinal_Cumulative,Good,0.005398110661268556,0.03861003861003861,0.8994211099474257
Ordinal_Cumulative,Good,0.006747638326585695,0.03861003861003861,0.8994211099474257
Ordinal_Cumulative,Good,0.006747638326585695,0.0444015444015444,0.8994211099474257
Ordinal_Cumulative,Good,0.007422402159244264,0.0444015444015444,0.8994211099474257
Ordinal_Cumulative,Good,0.007422402159244264,0.05405405405405406,0.8994211099474257
Ordinal_Cumulative,Good,0.008097165991902834,0.05405405405405406,0.8994211099474257
Ordinal_Cumulative,Good,0.008097165991902834,0.055984555984555984,0.8994211099474257
Ordinal_Cumulative,Good,0.008771929824561403,0.055984555984555984,0.8994211099474257
Ordinal_Cumulative,Good,0.008771929824561403,0.05791505791505792,0.8994211099474257
Ordinal_Cumulative,Good,0.010121457489878543,0.05791505791505792,0.8994211099474257
Ordinal_Cumulative,Good,0.010121457489878543,0.0637065637065637,0.8994211099474257
Ordinal_Cumulative,Good,0.010796221322537112,0.0637065637065637,0.8994211099474257
Ordinal_Cumulative,Good,0.010796221322537112,0.0694980694980695,0.8994211099474257
Ordinal_Cumulative,Good,0.011470985155195682,0.0694980694980695,0.8994211099474257
Ordinal_Cumulative,Good,0.011470985155195682,0.09652509652509653,0.8994211099474257
Ordinal_Cumulative,Good,0.01349527665317139,0.09652509652509653,0.8994211099474257
Ordinal_Cumulative,Good,0.01349527665317139,0.10231660231660232,0.8994211099474257
Ordinal_Cumulative,Good,0.01417004048582996,0.10231660231660232,0.8994211099474257
Ordinal_Cumulative,Good,0.01417004048582996,0.10810810810810811,0.8994211099474257
Ordinal_Cumulative,Good,0.014844804318488529,0.10810810810810811,0.8994211099474257
Ordinal_Cumulative,Good,0.014844804318488529,0.11003861003861004,0.8994211099474257
Ordinal_Cumulative,Good,0.0155195681511471,0.11003861003861004,0.8994211099474257
Ordinal_Cumulative,Good,0.0155195681511471,0.1138996138996139,0.8994211099474257
Ordinal_Cumulative,Good,0.016869095816464237,0.1138996138996139,0.8994211099474257
Ordinal_Cumulative,Good,0.016869095816464237,0.11583011583011583,0.8994211099474257
Ordinal_Cumulative,Good,0.018218623481781375,0.11583011583011583,0.8994211099474257
Ordinal_Cumulative,Good,0.018218623481781375,0.12162162162162163,0.8994211099474257
Ordinal_Cumulative,Good,0.018893387314439947,0.12162162162162163,0.8994211099474257
Ordinal_Cumulative,Good,0.018893387314439947,0.1274131274131274,0.8994211099474257
Ordinal_Cumulative,Good,0.019568151147098516,0.1274131274131274,0.8994211099474257
Ordinal_Cumulative,Good,0.019568151147098516,0.13127413127413126,0.8994211099474257
Ordinal_Cumulative,Good,0.020242914979757085,0.13127413127413126,0.8994211099474257
Ordinal_Cumulative,Good,0.020242914979757085,0.13513513513513514,0.8994211099474257
Ordinal_Cumulative,Good,0.020917678812415654,0.13513513513513514,0.8994211099474257
Ordinal_Cumulative,Good,0.020917678812415654,0.14478764478764478,0.8994211099474257
Ordinal_Cumulative,Good,0.021592442645074223,0.14478764478764478,0.8994211099474257
Ordinal_Cumulative,Good,0.021592442645074223,0.14864864864864866,0.8994211099474257
Ordinal_Cumulative,Good,0.022941970310391364,0.14864864864864866,0.8994211099474257
Ordinal_Cumulative,Good,0.022941970310391364,0.16023166023166024,0.8994211099474257
Ordinal_Cumulative,Good,0.023616734143049933,0.16023166023166024,0.8994211099474257
Ordinal_Cumulative,Good,0.023616734143049933,0.16988416988416988,0.8994211099474257
Ordinal_Cumulative,Good,0.02631578947368421,0.16988416988416988,0.8994211099474257
Ordinal_Cumulative,Good,0.02631578947368421,0.1718146718146718,0.8994211099474257
Ordinal_Cumulative,Good,0.02699055330634278,0.1718146718146718,0.8994211099474257
Ordinal_Cumulative,Good,0.02699055330634278,0.1776061776061776,0.8994211099474257
Ordinal_Cumulative,Good,0.02766531713900135,0.1776061776061776,0.8994211099474257
Ordinal_Cumulative,Good,0.02766531713900135,0.1833976833976834,0.8994211099474257
Ordinal_Cumulative,Good,0.02834008097165992,0.1833976833976834,0.8994211099474257
Ordinal_Cumulative,Good,0.02834008097165992,0.1891891891891892,0.8994211099474257
Ordinal_Cumulative,Good,0.029014844804318488,0.1891891891891892,0.8994211099474257
Ordinal_Cumulative,Good,0.029014844804318488,0.19111969111969113,0.8994211099474257
Ordinal_Cumulative,Good,0.029689608636977057,0.19111969111969113,0.8994211099474257
Ordinal_Cumulative,Good,0.029689608636977057,0.19498069498069498,0.8994211099474257
Ordinal_Cumulative,Good,0.030364372469635626,0.19498069498069498,0.8994211099474257
Ordinal_Cumulative,Good,0.030364372469635626,0.1969111969111969,0.8994211099474257
Ordinal_Cumulative,Good,0.0310391363022942,0.1969111969111969,0.8994211099474257
Ordinal_Cumulative,Good,0.0310391363022942,0.21042471042471042,0.8994211099474257
Ordinal_Cumulative,Good,0.03171390013495277,0.21042471042471042,0.8994211099474257
Ordinal_Cumulative,Good,0.03171390013495277,0.22007722007722008,0.8994211099474257
Ordinal_Cumulative,Good,0.032388663967611336,0.22007722007722008,0.8994211099474257
Ordinal_Cumulative,Good,0.032388663967611336,0.2277992277992278,0.8994211099474257
Ordinal_Cumulative,Good,0.033063427800269905,0.2277992277992278,0.8994211099474257
Ordinal_Cumulative,Good,0.033063427800269905,0.23938223938223938,0.8994211099474257
Ordinal_Cumulative,Good,0.033738191632928474,0.23938223938223938,0.8994211099474257
Ordinal_Cumulative,Good,0.033738191632928474,0.2471042471042471,0.8994211099474257
Ordinal_Cumulative,Good,0.03508771929824561,0.2471042471042471,0.8994211099474257
Ordinal_Cumulative,Good,0.03508771929824561,0.2548262548262548,0.8994211099474257
Ordinal_Cumulative,Good,0.03576248313090418,0.2548262548262548,0.8994211099474257
Ordinal_Cumulative,Good,0.03576248313090418,0.27606177606177607,0.8994211099474257
Ordinal_Cumulative,Good,0.03643724696356275,0.27606177606177607,0.8994211099474257
Ordinal_Cumulative,Good,0.03643724696356275,0.28185328185328185,0.8994211099474257
Ordinal_Cumulative,Good,0.037112010796221326,0.28185328185328185,0.8994211099474257
Ordinal_Cumulative,Good,0.037112010796221326,0.28378378378378377,0.8994211099474257
Ordinal_Cumulative,Good,0.037786774628879895,0.28378378378378377,0.8994211099474257
Ordinal_Cumulative,Good,0.037786774628879895,0.2876447876447876,0.8994211099474257
Ordinal_Cumulative,Good,0.038461538461538464,0.2876447876447876,0.8994211099474257
Ordinal_Cumulative,Good,0.038461538461538464,0.3088803088803089,0.8994211099474257
Ordinal_Cumulative,Good,0.03913630229419703,0.3088803088803089,0.8994211099474257
Ordinal_Cumulative,Good,0.03913630229419703,0.31467181467181465,0.8994211099474257
Ordinal_Cumulative,Good,0.04048582995951417,0.31467181467181465,0.8994211099474257
Ordinal_Cumulative,Good,0.04048582995951417,0.3185328185328185,0.8994211099474257
Ordinal_Cumulative,Good,0.04183535762483131,0.3185328185328185,0.8994211099474257
Ordinal_Cumulative,Good,0.04183535762483131,0.3204633204633205,0.8994211099474257
Ordinal_Cumulative,Good,0.04251012145748988,0.3204633204633205,0.8994211099474257
Ordinal_Cumulative,Good,0.04251012145748988,0.32625482625482627,0.8994211099474257
Ordinal_Cumulative,Good,0.043184885290148446,0.32625482625482627,0.8994211099474257
Ordinal_Cumulative,Good,0.043184885290148446,0.3281853281853282,0.8994211099474257
Ordinal_Cumulative,Good,0.043859649122807015,0.3281853281853282,0.8994211099474257
Ordinal_Cumulative,Good,0.043859649122807015,0.3301158301158301,0.8994211099474257
Ordinal_Cumulative,Good,0.04588394062078273,0.3301158301158301,0.8994211099474257
Ordinal_Cumulative,Good,0.04588394062078273,0.33976833976833976,0.8994211099474257
Ordinal_Cumulative,Good,0.0465587044534413,0.33976833976833976,0.8994211099474257
Ordinal_Cumulative,Good,0.0465587044534413,0.35714285714285715,0.8994211099474257
Ordinal_Cumulative,Good,0.047908232118758436,0.35714285714285715,0.8994211099474257
Ordinal_Cumulative,Good,0.047908232118758436,0.361003861003861,0.8994211099474257
Ordinal_Cumulative,Good,0.048582995951417005,0.361003861003861,0.8994211099474257
Ordinal_Cumulative,Good,0.048582995951417005,0.37258687258687256,0.8994211099474257
Ordinal_Cumulative,Good,0.049257759784075573,0.37258687258687256,0.8994211099474257
Ordinal_Cumulative,Good,0.049257759784075573,0.3803088803088803,0.8994211099474257
Ordinal_Cumulative,Good,0.04993252361673414,0.3803088803088803,0.8994211099474257
Ordinal_Cumulative,Good,0.04993252361673414,0.39575289575289574,0.8994211099474257
Ordinal_Cumulative,Good,0.05060728744939271,0.39575289575289574,0.8994211099474257
Ordinal_Cumulative,Good,0.05060728744939271,0.40540540540540543,0.8994211099474257
Ordinal_Cumulative,Good,0.05128205128205128,0.40540540540540543,0.8994211099474257
Ordinal_Cumulative,Good,0.05128205128205128,0.4092664092664093,0.8994211099474257
Ordinal_Cumulative,Good,0.05195681511470985,0.4092664092664093,0.8994211099474257
Ordinal_Cumulative,Good,0.05195681511470985,0.41505791505791506,0.8994211099474257
Ordinal_Cumulative,Good,0.05263157894736842,0.41505791505791506,0.8994211099474257
Ordinal_Cumulative,Good,0.05263157894736842,0.42084942084942084,0.8994211099474257
Ordinal_Cumulative,Good,0.053306342780026994,0.42084942084942084,0.8994211099474257
Ordinal_Cumulative,Good,0.053306342780026994,0.43822393822393824,0.8994211099474257
Ordinal_Cumulative,Good,0.05398110661268556,0.43822393822393824,0.8994211099474257
Ordinal_Cumulative,Good,0.05398110661268556,0.4498069498069498,0.8994211099474257
Ordinal_Cumulative,Good,0.05465587044534413,0.4498069498069498,0.8994211099474257
Ordinal_Cumulative,Good,0.05465587044534413,0.45366795366795365,0.8994211099474257
Ordinal_Cumulative,Good,0.0553306342780027,0.45366795366795365,0.8994211099474257
Ordinal_Cumulative,Good,0.0553306342780027,0.4555984555984556,0.8994211099474257
Ordinal_Cumulative,Good,0.05735492577597841,0.4555984555984556,0.8994211099474257
Ordinal_Cumulative,Good,0.05735492577597841,0.4575289575289575,0.8994211099474257
Ordinal_Cumulative,Good,0.058029689608636977,0.4575289575289575,0.8994211099474257
Ordinal_Cumulative,Good,0.058029689608636977,0.4594594594594595,0.8994211099474257
Ordinal_Cumulative,Good,0.058704453441295545,0.4594594594594595,0.8994211099474257
Ordinal_Cumulative,Good,0.058704453441295545,0.46332046332046334,0.8994211099474257
Ordinal_Cumulative,Good,0.06140350877192982,0.46332046332046334,0.8994211099474257
Ordinal_Cumulative,Good,0.06140350877192982,0.4671814671814672,0.8994211099474257
Ordinal_Cumulative,Good,0.0620782726045884,0.4671814671814672,0.8994211099474257
Ordinal_Cumulative,Good,0.0620782726045884,0.4691119691119691,0.8994211099474257
Ordinal_Cumulative,Good,0.06545209176788123,0.4691119691119691,0.8994211099474257
Ordinal_Cumulative,Good,0.06545209176788123,0.47876447876447875,0.8994211099474257
Ordinal_Cumulative,Good,0.06680161943319839,0.47876447876447875,0.8994211099474257
Ordinal_Cumulative,Good,0.06680161943319839,0.48455598455598453,0.8994211099474257
Ordinal_Cumulative,Good,0.06815114709851552,0.48455598455598453,0.8994211099474257
Ordinal_Cumulative,Good,0.06815114709851552,0.4864864864864865,0.8994211099474257
Ordinal_Cumulative,Good,0.06950067476383266,0.4864864864864865,0.8994211099474257
Ordinal_Cumulative,Good,0.06950067476383266,0.48841698841698844,0.8994211099474257
Ordinal_Cumulative,Good,0.0708502024291498,0.48841698841698844,0.8994211099474257
Ordinal_Cumulative,Good,0.0708502024291498,0.5,0.8994211099474257
Ordinal_Cumulative,Good,0.07219973009446694,0.5,0.8994211099474257
Ordinal_Cumulative,Good,0.07219973009446694,0.5077220077220077,0.8994211099474257
Ordinal_Cumulative,Good,0.0728744939271255,0.5077220077220077,0.8994211099474257
Ordinal_Cumulative,Good,0.0728744939271255,0.5115830115830116,0.8994211099474257
Ordinal_Cumulative,Good,0.07489878542510121,0.5115830115830116,0.8994211099474257
Ordinal_Cumulative,Good,0.07489878542510121,0.5154440154440154,0.8994211099474257
Ordinal_Cumulative,Good,0.07557354925775979,0.5154440154440154,0.8994211099474257
Ordinal_Cumulative,Good,0.07557354925775979,0.525096525096525,0.8994211099474257
Ordinal_Cumulative,Good,0.07624831309041835,0.525096525096525,0.8994211099474257
Ordinal_Cumulative,Good,0.07624831309041835,0.527027027027027,0.8994211099474257
Ordinal_Cumulative,Good,0.07759784075573549,0.527027027027027,0.8994211099474257
Ordinal_Cumulative,Good,0.07759784075573549,0.528957528957529,0.8994211099474257
Ordinal_Cumulative,Good,0.0796221322537112,0.528957528957529,0.8994211099474257
Ordinal_Cumulative,Good,0.0796221322537112,0.5308880308880309,0.8994211099474257
Ordinal_Cumulative,Good,0.08097165991902834,0.5308880308880309,0.8994211099474257
Ordinal_Cumulative,Good,0.08097165991902834,0.5366795366795367,0.8994211099474257
Ordinal_Cumulative,Good,0.0816464237516869,0.5366795366795367,0.8994211099474257
Ordinal_Cumulative,Good,0.0816464237516869,0.5405405405405406,0.8994211099474257
Ordinal_Cumulative,Good,0.08232118758434548,0.5405405405405406,0.8994211099474257
Ordinal_Cumulative,Good,0.08232118758434548,0.5424710424710425,0.8994211099474257
Ordinal_Cumulative,Good,0.08299595141700405,0.5424710424710425,0.8994211099474257
Ordinal_Cumulative,Good,0.08299595141700405,0.5482625482625483,0.8994211099474257
Ordinal_Cumulative,Good,0.08434547908232119,0.5482625482625483,0.8994211099474257
Ordinal_Cumulative,Good,0.08434547908232119,0.5501930501930502,0.8994211099474257
Ordinal_Cumulative,Good,0.08502024291497975,0.5501930501930502,0.8994211099474257
Ordinal_Cumulative,Good,0.08502024291497975,0.5540540540540541,0.8994211099474257
Ordinal_Cumulative,Good,0.08636977058029689,0.5540540540540541,0.8994211099474257
Ordinal_Cumulative,Good,0.08636977058029689,0.5598455598455598,0.8994211099474257
Ordinal_Cumulative,Good,0.08704453441295547,0.5598455598455598,0.8994211099474257
Ordinal_Cumulative,Good,0.08704453441295547,0.5637065637065637,0.8994211099474257
Ordinal_Cumulative,Good,0.08771929824561403,0.5637065637065637,0.8994211099474257
Ordinal_Cumulative,Good,0.08771929824561403,0.5714285714285714,0.8994211099474257
Ordinal_Cumulative,Good,0.0883940620782726,0.5714285714285714,0.8994211099474257
Ordinal_Cumulative,Good,0.0883940620782726,0.581081081081081,0.8994211099474257
Ordinal_Cumulative,Good,0.08906882591093117,0.581081081081081,0.8994211099474257
Ordinal_Cumulative,Good,0.08906882591093117,0.5868725868725869,0.8994211099474257
Ordinal_Cumulative,Good,0.08974358974358974,0.5868725868725869,0.8994211099474257
Ordinal_Cumulative,Good,0.08974358974358974,0.5926640926640927,0.8994211099474257
Ordinal_Cumulative,Good,0.09109311740890688,0.5926640926640927,0.8994211099474257
Ordinal_Cumulative,Good,0.09109311740890688,0.5945945945945946,0.8994211099474257
Ordinal_Cumulative,Good,0.09176788124156546,0.5945945945945946,0.8994211099474257
Ordinal_Cumulative,Good,0.09176788124156546,0.5965250965250966,0.8994211099474257
Ordinal_Cumulative,Good,0.09244264507422402,0.5965250965250966,0.8994211099474257
Ordinal_Cumulative,Good,0.09244264507422402,0.6003861003861004,0.8994211099474257
Ordinal_Cumulative,Good,0.0931174089068826,0.6003861003861004,0.8994211099474257
Ordinal_Cumulative,Good,0.0931174089068826,0.6042471042471043,0.8994211099474257
Ordinal_Cumulative,Good,0.09379217273954116,0.6042471042471043,0.8994211099474257
Ordinal_Cumulative,Good,0.09379217273954116,0.611969111969112,0.8994211099474257
Ordinal_Cumulative,Good,0.0951417004048583,0.611969111969112,0.8994211099474257
Ordinal_Cumulative,Good,0.0951417004048583,0.6138996138996139,0.8994211099474257
Ordinal_Cumulative,Good,0.09649122807017543,0.6138996138996139,0.8994211099474257
Ordinal_Cumulative,Good,0.09649122807017543,0.6158301158301158,0.8994211099474257
Ordinal_Cumulative,Good,0.09716599190283401,0.6158301158301158,0.8994211099474257
Ordinal_Cumulative,Good,0.09716599190283401,0.6177606177606177,0.8994211099474257
Ordinal_Cumulative,Good,0.09784075573549257,0.6177606177606177,0.8994211099474257
Ordinal_Cumulative,Good,0.09784075573549257,0.6235521235521235,0.8994211099474257
Ordinal_Cumulative,Good,0.09919028340080972,0.6235521235521235,0.8994211099474257
Ordinal_Cumulative,Good,0.09919028340080972,0.6351351351351351,0.8994211099474257
Ordinal_Cumulative,Good,0.09986504723346828,0.6351351351351351,0.8994211099474257
Ordinal_Cumulative,Good,0.09986504723346828,0.638996138996139,0.8994211099474257
Ordinal_Cumulative,Good,0.10053981106612686,0.638996138996139,0.8994211099474257
Ordinal_Cumulative,Good,0.10053981106612686,0.6525096525096525,0.8994211099474257
Ordinal_Cumulative,Good,0.10256410256410256,0.6525096525096525,0.8994211099474257
Ordinal_Cumulative,Good,0.10256410256410256,0.667953667953668,0.8994211099474257
Ordinal_Cumulative,Good,0.1039136302294197,0.667953667953668,0.8994211099474257
Ordinal_Cumulative,Good,0.1039136302294197,0.6756756756756757,0.8994211099474257
Ordinal_Cumulative,Good,0.10458839406207827,0.6756756756756757,0.8994211099474257
Ordinal_Cumulative,Good,0.10458839406207827,0.6776061776061776,0.8994211099474257
Ordinal_Cumulative,Good,0.10863697705802969,0.6776061776061776,0.8994211099474257
Ordinal_Cumulative,Good,0.10863697705802969,0.6795366795366795,0.8994211099474257
Ordinal_Cumulative,Good,0.10931174089068826,0.6795366795366795,0.8994211099474257
Ordinal_Cumulative,Good,0.10931174089068826,0.6833976833976834,0.8994211099474257
Ordinal_Cumulative,Good,0.11133603238866396,0.6833976833976834,0.8994211099474257
Ordinal_Cumulative,Good,0.11133603238866396,0.6853281853281853,0.8994211099474257
Ordinal_Cumulative,Good,0.1126855600539811,0.6853281853281853,0.8994211099474257
Ordinal_Cumulative,Good,0.1126855600539811,0.6891891891891891,0.8994211099474257
Ordinal_Cumulative,Good,0.11336032388663968,0.6891891891891891,0.8994211099474257
Ordinal_Cumulative,Good,0.11336032388663968,0.694980694980695,0.8994211099474257
Ordinal_Cumulative,Good,0.11403508771929824,0.694980694980695,0.8994211099474257
Ordinal_Cumulative,Good,0.11403508771929824,0.696911196911197,0.8994211099474257
Ordinal_Cumulative,Good,0.11470985155195682,0.696911196911197,0.8994211099474257
Ordinal_Cumulative,Good,0.11470985155195682,0.7007722007722008,0.8994211099474257
Ordinal_Cumulative,Good,0.11673414304993253,0.7007722007722008,0.8994211099474257
Ordinal_Cumulative,Good,0.11673414304993253,0.7027027027027027,0.8994211099474257
Ordinal_Cumulative,Good,0.1194331983805668,0.7027027027027027,0.8994211099474257
Ordinal_Cumulative,Good,0.1194331983805668,0.7046332046332047,0.8994211099474257
Ordinal_Cumulative,Good,0.12010796221322537,0.7046332046332047,0.8994211099474257
Ordinal_Cumulative,Good,0.12010796221322537,0.7065637065637066,0.8994211099474257
Ordinal_Cumulative,Good,0.12078272604588394,0.7065637065637066,0.8994211099474257
Ordinal_Cumulative,Good,0.12078272604588394,0.7123552123552124,0.8994211099474257
Ordinal_Cumulative,Good,0.1214574898785425,0.7123552123552124,0.8994211099474257
Ordinal_Cumulative,Good,0.1214574898785425,0.722007722007722,0.8994211099474257
Ordinal_Cumulative,Good,0.12280701754385964,0.722007722007722,0.8994211099474257
Ordinal_Cumulative,Good,0.12280701754385964,0.7239382239382239,0.8994211099474257
Ordinal_Cumulative,Good,0.12348178137651822,0.7239382239382239,0.8994211099474257
Ordinal_Cumulative,Good,0.12348178137651822,0.7258687258687259,0.8994211099474257
Ordinal_Cumulative,Good,0.1261808367071525,0.7258687258687259,0.8994211099474257
Ordinal_Cumulative,Good,0.1261808367071525,0.7277992277992278,0.8994211099474257
Ordinal_Cumulative,Good,0.1282051282051282,0.7277992277992278,0.8994211099474257
Ordinal_Cumulative,Good,0.1282051282051282,0.7297297297297297,0.8994211099474257
Ordinal_Cumulative,Good,0.12955465587044535,0.7297297297297297,0.8994211099474257
Ordinal_Cumulative,Good,0.12955465587044535,0.7335907335907336,0.8994211099474257
Ordinal_Cumulative,Good,0.13157894736842105,0.7335907335907336,0.8994211099474257
Ordinal_Cumulative,Good,0.13157894736842105,0.7374517374517374,0.8994211099474257
Ordinal_Cumulative,Good,0.1329284750337382,0.7374517374517374,0.8994211099474257
Ordinal_Cumulative,Good,0.1329284750337382,0.7393822393822393,0.8994211099474257
Ordinal_Cumulative,Good,0.1349527665317139,0.7393822393822393,0.8994211099474257
Ordinal_Cumulative,Good,0.1349527665317139,0.7413127413127413,0.8994211099474257
Ordinal_Cumulative,Good,0.13765182186234817,0.7413127413127413,0.8994211099474257
Ordinal_Cumulative,Good,0.13765182186234817,0.7432432432432432,0.8994211099474257
Ordinal_Cumulative,Good,0.13832658569500675,0.7432432432432432,0.8994211099474257
Ordinal_Cumulative,Good,0.13832658569500675,0.747104247104247,0.8994211099474257
Ordinal_Cumulative,Good,0.1396761133603239,0.747104247104247,0.8994211099474257
Ordinal_Cumulative,Good,0.1396761133603239,0.752895752895753,0.8994211099474257
Ordinal_Cumulative,Good,0.14035087719298245,0.752895752895753,0.8994211099474257
Ordinal_Cumulative,Good,0.14035087719298245,0.7548262548262549,0.8994211099474257
Ordinal_Cumulative,Good,0.14102564102564102,0.7548262548262549,0.8994211099474257
Ordinal_Cumulative,Good,0.14102564102564102,0.7586872586872587,0.8994211099474257
Ordinal_Cumulative,Good,0.14709851551956815,0.7586872586872587,0.8994211099474257
Ordinal_Cumulative,Good,0.14709851551956815,0.7606177606177607,0.8994211099474257
Ordinal_Cumulative,Good,0.15114709851551958,0.7606177606177607,0.8994211099474257
Ordinal_Cumulative,Good,0.15114709851551958,0.7625482625482626,0.8994211099474257
Ordinal_Cumulative,Good,0.1524966261808367,0.7625482625482626,0.8994211099474257
Ordinal_Cumulative,Good,0.1524966261808367,0.7644787644787645,0.8994211099474257
Ordinal_Cumulative,Good,0.15384615384615385,0.7644787644787645,0.8994211099474257
Ordinal_Cumulative,Good,0.15384615384615385,0.7722007722007722,0.8994211099474257
Ordinal_Cumulative,Good,0.1545209176788124,0.7722007722007722,0.8994211099474257
Ordinal_Cumulative,Good,0.1545209176788124,0.7741312741312741,0.8994211099474257
Ordinal_Cumulative,Good,0.15587044534412955,0.7741312741312741,0.8994211099474257
Ordinal_Cumulative,Good,0.15587044534412955,0.777992277992278,0.8994211099474257
Ordinal_Cumulative,Good,0.1572199730094467,0.777992277992278,0.8994211099474257
Ordinal_Cumulative,Good,0.1572199730094467,0.7818532818532818,0.8994211099474257
Ordinal_Cumulative,Good,0.15856950067476383,0.7818532818532818,0.8994211099474257
Ordinal_Cumulative,Good,0.15856950067476383,0.7876447876447876,0.8994211099474257
Ordinal_Cumulative,Good,0.15991902834008098,0.7876447876447876,0.8994211099474257
Ordinal_Cumulative,Good,0.15991902834008098,0.7953667953667953,0.8994211099474257
Ordinal_Cumulative,Good,0.1612685560053981,0.7953667953667953,0.8994211099474257
Ordinal_Cumulative,Good,0.1612685560053981,0.7972972972972973,0.8994211099474257
Ordinal_Cumulative,Good,0.16261808367071526,0.7972972972972973,0.8994211099474257
Ordinal_Cumulative,Good,0.16261808367071526,0.8011583011583011,0.8994211099474257
Ordinal_Cumulative,Good,0.1659919028340081,0.8011583011583011,0.8994211099474257
Ordinal_Cumulative,Good,0.1659919028340081,0.8088803088803089,0.8994211099474257
Ordinal_Cumulative,Good,0.16666666666666666,0.8088803088803089,0.8994211099474257
Ordinal_Cumulative,Good,0.16666666666666666,0.8185328185328186,0.8994211099474257
Ordinal_Cumulative,Good,0.1680161943319838,0.8185328185328186,0.8994211099474257
Ordinal_Cumulative,Good,0.1680161943319838,0.8223938223938224,0.8994211099474257
Ordinal_Cumulative,Good,0.16936572199730093,0.8223938223938224,0.8994211099474257
Ordinal_Cumulative,Good,0.16936572199730093,0.8243243243243243,0.8994211099474257
Ordinal_Cumulative,Good,0.17273954116059378,0.8243243243243243,0.8994211099474257
Ordinal_Cumulative,Good,0.17273954116059378,0.8262548262548263,0.8994211099474257
Ordinal_Cumulative,Good,0.1747638326585695,0.8262548262548263,0.8994211099474257
Ordinal_Cumulative,Good,0.1747638326585695,0.8301158301158301,0.8994211099474257
Ordinal_Cumulative,Good,0.1767881241565452,0.8301158301158301,0.8994211099474257
Ordinal_Cumulative,Good,0.1767881241565452,0.832046332046332,0.8994211099474257
Ordinal_Cumulative,Good,0.18083670715249664,0.832046332046332,0.8994211099474257
Ordinal_Cumulative,Good,0.18083670715249664,0.833976833976834,0.8994211099474257
Ordinal_Cumulative,Good,0.1815114709851552,0.833976833976834,0.8994211099474257
Ordinal_Cumulative,Good,0.1815114709851552,0.8359073359073359,0.8994211099474257
Ordinal_Cumulative,Good,0.18353576248313092,0.8359073359073359,0.8994211099474257
Ordinal_Cumulative,Good,0.18353576248313092,0.8436293436293436,0.8994211099474257
Ordinal_Cumulative,Good,0.18421052631578946,0.8436293436293436,0.8994211099474257
Ordinal_Cumulative,Good,0.18421052631578946,0.8455598455598455,0.8994211099474257
Ordinal_Cumulative,Good,0.18488529014844804,0.8455598455598455,0.8994211099474257
Ordinal_Cumulative,Good,0.18488529014844804,0.8474903474903475,0.8994211099474257
Ordinal_Cumulative,Good,0.1862348178137652,0.8474903474903475,0.8994211099474257
Ordinal_Cumulative,Good,0.1862348178137652,0.8513513513513513,0.8994211099474257
Ordinal_Cumulative,Good,0.18690958164642374,0.8513513513513513,0.8994211099474257
Ordinal_Cumulative,Good,0.18690958164642374,0.8532818532818532,0.8994211099474257
Ordinal_Cumulative,Good,0.18893387314439947,0.8532818532818532,0.8994211099474257
Ordinal_Cumulative,Good,0.18893387314439947,0.8552123552123552,0.8994211099474257
Ordinal_Cumulative,Good,0.19095816464237517,0.8552123552123552,0.8994211099474257
Ordinal_Cumulative,Good,0.19095816464237517,0.8571428571428571,0.8994211099474257
Ordinal_Cumulative,Good,0.19163292847503374,0.8571428571428571,0.8994211099474257
Ordinal_Cumulative,Good,0.19163292847503374,0.859073359073359,0.8994211099474257
Ordinal_Cumulative,Good,0.19365721997300944,0.859073359073359,0.8994211099474257
Ordinal_Cumulative,Good,0.19365721997300944,0.861003861003861,0.8994211099474257
Ordinal_Cumulative,Good,0.19635627530364372,0.861003861003861,0.8994211099474257
Ordinal_Cumulative,Good,0.19635627530364372,0.862934362934363,0.8994211099474257
Ordinal_Cumulative,Good,0.19838056680161945,0.862934362934363,0.8994211099474257
Ordinal_Cumulative,Good,0.19838056680161945,0.8667953667953668,0.8994211099474257
Ordinal_Cumulative,Good,0.199055330634278,0.8667953667953668,0.8994211099474257
Ordinal_Cumulative,Good,0.199055330634278,0.8725868725868726,0.8994211099474257
Ordinal_Cumulative,Good,0.20040485829959515,0.8725868725868726,0.8994211099474257
Ordinal_Cumulative,Good,0.20040485829959515,0.8745173745173745,0.8994211099474257
Ordinal_Cumulative,Good,0.20175438596491227,0.8745173745173745,0.8994211099474257
Ordinal_Cumulative,Good,0.20175438596491227,0.8764478764478765,0.8994211099474257
Ordinal_Cumulative,Good,0.20310391363022942,0.8764478764478765,0.8994211099474257
Ordinal_Cumulative,Good,0.20310391363022942,0.8783783783783784,0.8994211099474257
Ordinal_Cumulative,Good,0.2058029689608637,0.8783783783783784,0.8994211099474257
Ordinal_Cumulative,Good,0.2058029689608637,0.8803088803088803,0.8994211099474257
Ordinal_Cumulative,Good,0.20647773279352227,0.8803088803088803,0.8994211099474257
Ordinal_Cumulative,Good,0.20647773279352227,0.8822393822393823,0.8994211099474257
Ordinal_Cumulative,Good,0.20715249662618085,0.8822393822393823,0.8994211099474257
Ordinal_Cumulative,Good,0.20715249662618085,0.8861003861003861,0.8994211099474257
Ordinal_Cumulative,Good,0.21187584345479082,0.8861003861003861,0.8994211099474257
Ordinal_Cumulative,Good,0.21187584345479082,0.888030888030888,0.8994211099474257
Ordinal_Cumulative,Good,0.21322537112010798,0.888030888030888,0.8994211099474257
Ordinal_Cumulative,Good,0.21322537112010798,0.88996138996139,0.8994211099474257
Ordinal_Cumulative,Good,0.21390013495276652,0.88996138996139,0.8994211099474257
Ordinal_Cumulative,Good,0.21390013495276652,0.8918918918918919,0.8994211099474257
Ordinal_Cumulative,Good,0.21524966261808368,0.8918918918918919,0.8994211099474257
Ordinal_Cumulative,Good,0.21524966261808368,0.8938223938223938,0.8994211099474257
Ordinal_Cumulative,Good,0.21592442645074225,0.8938223938223938,0.8994211099474257
Ordinal_Cumulative,Good,0.21592442645074225,0.8957528957528957,0.8994211099474257
Ordinal_Cumulative,Good,0.2165991902834008,0.8957528957528957,0.8994211099474257
Ordinal_Cumulative,Good,0.2165991902834008,0.8976833976833977,0.8994211099474257
Ordinal_Cumulative,Good,0.21862348178137653,0.8976833976833977,0.8994211099474257
Ordinal_Cumulative,Good,0.21862348178137653,0.8996138996138996,0.8994211099474257
Ordinal_Cumulative,Good,0.2253711201079622,0.8996138996138996,0.8994211099474257
Ordinal_Cumulative,Good,0.2253711201079622,0.9034749034749034,0.8994211099474257
Ordinal_Cumulative,Good,0.22672064777327935,0.9034749034749034,0.8994211099474257
Ordinal_Cumulative,Good,0.22672064777327935,0.9054054054054054,0.8994211099474257
Ordinal_Cumulative,Good,0.22874493927125505,0.9054054054054054,0.8994211099474257
Ordinal_Cumulative,Good,0.22874493927125505,0.9073359073359073,0.8994211099474257
Ordinal_Cumulative,Good,0.23616734143049933,0.9073359073359073,0.8994211099474257
Ordinal_Cumulative,Good,0.23616734143049933,0.9092664092664092,0.8994211099474257
Ordinal_Cumulative,Good,0.24021592442645073,0.9092664092664092,0.8994211099474257
Ordinal_Cumulative,Good,0.24021592442645073,0.9111969111969112,0.8994211099474257
Ordinal_Cumulative,Good,0.24224021592442646,0.9111969111969112,0.8994211099474257
Ordinal_Cumulative,Good,0.24224021592442646,0.9131274131274131,0.8994211099474257
Ordinal_Cumulative,Good,0.242914979757085,0.9131274131274131,0.8994211099474257
Ordinal_Cumulative,Good,0.242914979757085,0.915057915057915,0.8994211099474257
Ordinal_Cumulative,Good,0.24561403508771928,0.915057915057915,0.8994211099474257
Ordinal_Cumulative,Good,0.24561403508771928,0.916988416988417,0.8994211099474257
Ordinal_Cumulative,Good,0.24628879892037786,0.916988416988417,0.8994211099474257
Ordinal_Cumulative,Good,0.24628879892037786,0.918918918918919,0.8994211099474257
Ordinal_Cumulative,Good,0.2496626180836707,0.918918918918919,0.8994211099474257
Ordinal_Cumulative,Good,0.2496626180836707,0.9208494208494209,0.8994211099474257
Ordinal_Cumulative,Good,0.2543859649122807,0.9208494208494209,0.8994211099474257
Ordinal_Cumulative,Good,0.2543859649122807,0.9227799227799228,0.8994211099474257
Ordinal_Cumulative,Good,0.2564102564102564,0.9227799227799228,0.8994211099474257
Ordinal_Cumulative,Good,0.2564102564102564,0.9247104247104247,0.8994211099474257
Ordinal_Cumulative,Good,0.2584345479082321,0.9247104247104247,0.8994211099474257
Ordinal_Cumulative,Good,0.2584345479082321,0.9285714285714286,0.8994211099474257
Ordinal_Cumulative,Good,0.2658569500674764,0.9285714285714286,0.8994211099474257
Ordinal_Cumulative,Good,0.2658569500674764,0.9305019305019305,0.8994211099474257
Ordinal_Cumulative,Good,0.2726045883940621,0.9305019305019305,0.8994211099474257
Ordinal_Cumulative,Good,0.2726045883940621,0.9362934362934363,0.8994211099474257
Ordinal_Cumulative,Good,0.2739541160593792,0.9362934362934363,0.8994211099474257
Ordinal_Cumulative,Good,0.2739541160593792,0.9382239382239382,0.8994211099474257
Ordinal_Cumulative,Good,0.27800269905533065,0.9382239382239382,0.8994211099474257
Ordinal_Cumulative,Good,0.27800269905533065,0.9401544401544402,0.8994211099474257
Ordinal_Cumulative,Good,0.2975708502024291,0.9401544401544402,0.8994211099474257
Ordinal_Cumulative,Good,0.2975708502024291,0.9420849420849421,0.8994211099474257
Ordinal_Cumulative,Good,0.30229419703103916,0.9420849420849421,0.8994211099474257
Ordinal_Cumulative,Good,0.30229419703103916,0.9478764478764479,0.8994211099474257
Ordinal_Cumulative,Good,0.30634278002699056,0.9478764478764479,0.8994211099474257
Ordinal_Cumulative,Good,0.30634278002699056,0.9498069498069498,0.8994211099474257
Ordinal_Cumulative,Good,0.30701754385964913,0.9498069498069498,0.8994211099474257
Ordinal_Cumulative,Good,0.30701754385964913,0.9536679536679536,0.8994211099474257
Ordinal_Cumulative,Good,0.3083670715249663,0.9536679536679536,0.8994211099474257
Ordinal_Cumulative,Good,0.3083670715249663,0.9555984555984556,0.8994211099474257
Ordinal_Cumulative,Good,0.3191632928475034,0.9555984555984556,0.8994211099474257
Ordinal_Cumulative,Good,0.3191632928475034,0.9575289575289575,0.8994211099474257
Ordinal_Cumulative,Good,0.32186234817813764,0.9575289575289575,0.8994211099474257
Ordinal_Cumulative,Good,0.32186234817813764,0.9594594594594594,0.8994211099474257
Ordinal_Cumulative,Good,0.3299595141700405,0.9594594594594594,0.8994211099474257
Ordinal_Cumulative,Good,0.3299595141700405,0.9613899613899614,0.8994211099474257
Ordinal_Cumulative,Good,0.33873144399460187,0.9613899613899614,0.8994211099474257
Ordinal_Cumulative,Good,0.33873144399460187,0.9633204633204633,0.8994211099474257
Ordinal_Cumulative,Good,0.33940620782726044,0.9633204633204633,0.8994211099474257
Ordinal_Cumulative,Good,0.33940620782726044,0.9671814671814671,0.8994211099474257
Ordinal_Cumulative,Good,0.344804318488529,0.9671814671814671,0.8994211099474257
Ordinal_Cumulative,Good,0.344804318488529,0.9691119691119691,0.8994211099474257
Ordinal_Cumulative,Good,0.34547908232118757,0.9691119691119691,0.8994211099474257
Ordinal_Cumulative,Good,0.34547908232118757,0.971042471042471,0.8994211099474257
Ordinal_Cumulative,Good,0.3562753036437247,0.971042471042471,0.8994211099474257
Ordinal_Cumulative,Good,0.3562753036437247,0.972972972972973,0.8994211099474257
Ordinal_Cumulative,Good,0.3576248313090418,0.972972972972973,0.8994211099474257
Ordinal_Cumulative,Good,0.3576248313090418,0.974903474903475,0.8994211099474257
Ordinal_Cumulative,Good,0.3657219973009447,0.974903474903475,0.8994211099474257
Ordinal_Cumulative,Good,0.3657219973009447,0.9768339768339769,0.8994211099474257
Ordinal_Cumulative,Good,0.36774628879892035,0.9768339768339769,0.8994211099474257
Ordinal_Cumulative,Good,0.36774628879892035,0.9787644787644788,0.8994211099474257
Ordinal_Cumulative,Good,0.37044534412955465,0.9787644787644788,0.8994211099474257
Ordinal_Cumulative,Good,0.37044534412955465,0.9806949806949807,0.8994211099474257
Ordinal_Cumulative,Good,0.38124156545209176,0.9806949806949807,0.8994211099474257
Ordinal_Cumulative,Good,0.38124156545209176,0.9845559845559846,0.8994211099474257
Ordinal_Cumulative,Good,0.42375168690958165,0.9845559845559846,0.8994211099474257
Ordinal_Cumulative,Good,0.42375168690958165,0.9864864864864865,0.8994211099474257
Ordinal_Cumulative,Good,0.43049932523616735,0.9864864864864865,0.8994211099474257
Ordinal_Cumulative,Good,0.43049932523616735,0.9884169884169884,0.8994211099474257
Ordinal_Cumulative,Good,0.4574898785425101,0.9884169884169884,0.8994211099474257
Ordinal_Cumulative,Good,0.4574898785425101,0.9903474903474904,0.8994211099474257
Ordinal_Cumulative,Good,0.46558704453441296,0.9903474903474904,0.8994211099474257
Ordinal_Cumulative,Good,0.46558704453441296,0.9922779922779923,0.8994211099474257
Ordinal_Cumulative,Good,0.47908232118758437,0.9922779922779923,0.8994211099474257
Ordinal_Cumulative,Good,0.47908232118758437,0.9942084942084942,0.8994211099474257
Ordinal_Cumulative,Good,0.4797570850202429,0.9942084942084942,0.8994211099474257
Ordinal_Cumulative,Good,0.4797570850202429,0.9961389961389961,0.8994211099474257
Ordinal_Cumulative,Good,0.49122807017543857,0.9961389961389961,0.8994211099474257
Ordinal_Cumulative,Good,0.49122807017543857,0.9980694980694981,0.8994211099474257
Ordinal_Cumulative,Good,0.5755735492577598,0.9980694980694981,0.8994211099474257
Ordinal_Cumulative,Good,0.5755735492577598,1.0,0.8994211099474257
Ordinal_Cumulative,Good,1.0,1.0,0.8994211099474257
LightGBM_Tuned,Good,0.0,0.0,0.866975130133025
LightGBM_Tuned,Good,0.0,0.0019305019305019305,0.866975130133025
LightGBM_Tuned,Good,0.0,0.011583011583011582,0.866975130133025
LightGBM_Tuned,Good,0.0006747638326585695,0.011583011583011582,0.866975130133025
LightGBM_Tuned,Good,0.0006747638326585695,0.017374517374517374,0.866975130133025
LightGBM_Tuned,Good,0.001349527665317139,0.017374517374517374,0.866975130133025
LightGBM_Tuned,Good,0.001349527665317139,0.021235521235521235,0.866975130133025
LightGBM_Tuned,Good,0.0020242914979757085,0.021235521235521235,0.866975130133025
LightGBM_Tuned,Good,0.0020242914979757085,0.025096525096525095,0.866975130133025
LightGBM_Tuned,Good,0.0033738191632928477,0.025096525096525095,0.866975130133025
LightGBM_Tuned,Good,0.0033738191632928477,0.02895752895752896,0.866975130133025
LightGBM_Tuned,Good,0.004048582995951417,0.02895752895752896,0.866975130133025
LightGBM_Tuned,Good,0.004048582995951417,0.03861003861003861,0.866975130133025
LightGBM_Tuned,Good,0.004723346828609987,0.03861003861003861,0.866975130133025
LightGBM_Tuned,Good,0.004723346828609987,0.04247104247104247,0.866975130133025
LightGBM_Tuned,Good,0.005398110661268556,0.04247104247104247,0.866975130133025
LightGBM_Tuned,Good,0.005398110661268556,0.0444015444015444,0.866975130133025
LightGBM_Tuned,Good,0.006072874493927126,0.0444015444015444,0.866975130133025
LightGBM_Tuned,Good,0.006072874493927126,0.04826254826254826,0.866975130133025
LightGBM_Tuned,Good,0.007422402159244264,0.04826254826254826,0.866975130133025
LightGBM_Tuned,Good,0.007422402159244264,0.05019305019305019,0.866975130133025
LightGBM_Tuned,Good,0.008771929824561403,0.05019305019305019,0.866975130133025
LightGBM_Tuned,Good,0.008771929824561403,0.052123552123552123,0.866975130133025
LightGBM_Tuned,Good,0.010121457489878543,0.052123552123552123,0.866975130133025
LightGBM_Tuned,Good,0.010121457489878543,0.05405405405405406,0.866975130133025
LightGBM_Tuned,Good,0.010796221322537112,0.05405405405405406,0.866975130133025
LightGBM_Tuned,Good,0.010796221322537112,0.05791505791505792,0.866975130133025
LightGBM_Tuned,Good,0.011470985155195682,0.05791505791505792,0.866975130133025
LightGBM_Tuned,Good,0.011470985155195682,0.06563706563706563,0.866975130133025
LightGBM_Tuned,Good,0.012145748987854251,0.06563706563706563,0.866975130133025
LightGBM_Tuned,Good,0.012145748987854251,0.07142857142857142,0.866975130133025
LightGBM_Tuned,Good,0.014844804318488529,0.07142857142857142,0.866975130133025
LightGBM_Tuned,Good,0.014844804318488529,0.07722007722007722,0.866975130133025
LightGBM_Tuned,Good,0.0155195681511471,0.07722007722007722,0.866975130133025
LightGBM_Tuned,Good,0.0155195681511471,0.08108108108108109,0.866975130133025
LightGBM_Tuned,Good,0.017543859649122806,0.08108108108108109,0.866975130133025
LightGBM_Tuned,Good,0.017543859649122806,0.08687258687258688,0.866975130133025
LightGBM_Tuned,Good,0.018218623481781375,0.08687258687258688,0.866975130133025
LightGBM_Tuned,Good,0.018218623481781375,0.09266409266409266,0.866975130133025
LightGBM_Tuned,Good,0.019568151147098516,0.09266409266409266,0.866975130133025
LightGBM_Tuned,Good,0.019568151147098516,0.09845559845559845,0.866975130133025
LightGBM_Tuned,Good,0.020242914979757085,0.09845559845559845,0.866975130133025
LightGBM_Tuned,Good,0.020242914979757085,0.10424710424710425,0.866975130133025
LightGBM_Tuned,Good,0.022267206477732792,0.10424710424710425,0.866975130133025
LightGBM_Tuned,Good,0.022267206477732792,0.10810810810810811,0.866975130133025
LightGBM_Tuned,Good,0.023616734143049933,0.10810810810810811,0.866975130133025
LightGBM_Tuned,Good,0.023616734143049933,0.1138996138996139,0.866975130133025
LightGBM_Tuned,Good,0.024291497975708502,0.1138996138996139,0.866975130133025
LightGBM_Tuned,Good,0.024291497975708502,0.11776061776061776,0.866975130133025
LightGBM_Tuned,Good,0.02496626180836707,0.11776061776061776,0.866975130133025
LightGBM_Tuned,Good,0.02496626180836707,0.12162162162162163,0.866975130133025
LightGBM_Tuned,Good,0.02564102564102564,0.12162162162162163,0.866975130133025
LightGBM_Tuned,Good,0.02564102564102564,0.1274131274131274,0.866975130133025
LightGBM_Tuned,Good,0.02631578947368421,0.1274131274131274,0.866975130133025
LightGBM_Tuned,Good,0.02631578947368421,0.13320463320463322,0.866975130133025
LightGBM_Tuned,Good,0.02766531713900135,0.13320463320463322,0.866975130133025
LightGBM_Tuned,Good,0.02766531713900135,0.13706563706563707,0.866975130133025
LightGBM_Tuned,Good,0.02834008097165992,0.13706563706563707,0.866975130133025
LightGBM_Tuned,Good,0.02834008097165992,0.14092664092664092,0.866975130133025
LightGBM_Tuned,Good,0.029689608636977057,0.14092664092664092,0.866975130133025
LightGBM_Tuned,Good,0.029689608636977057,0.14285714285714285,0.866975130133025
LightGBM_Tuned,Good,0.030364372469635626,0.14285714285714285,0.866975130133025
LightGBM_Tuned,Good,0.030364372469635626,0.15444015444015444,0.866975130133025
LightGBM_Tuned,Good,0.0310391363022942,0.15444015444015444,0.866975130133025
LightGBM_Tuned,Good,0.0310391363022942,0.16023166023166024,0.866975130133025
LightGBM_Tuned,Good,0.03171390013495277,0.16023166023166024,0.866975130133025
LightGBM_Tuned,Good,0.03171390013495277,0.1718146718146718,0.866975130133025
LightGBM_Tuned,Good,0.033738191632928474,0.1718146718146718,0.866975130133025
LightGBM_Tuned,Good,0.033738191632928474,0.1776061776061776,0.866975130133025
LightGBM_Tuned,Good,0.03576248313090418,0.1776061776061776,0.866975130133025
LightGBM_Tuned,Good,0.03576248313090418,0.17953667953667954,0.866975130133025
LightGBM_Tuned,Good,0.03643724696356275,0.17953667953667954,0.866975130133025
LightGBM_Tuned,Good,0.03643724696356275,0.1833976833976834,0.866975130133025
LightGBM_Tuned,Good,0.038461538461538464,0.1833976833976834,0.866975130133025
LightGBM_Tuned,Good,0.038461538461538464,0.1891891891891892,0.866975130133025
LightGBM_Tuned,Good,0.03913630229419703,0.1891891891891892,0.866975130133025
LightGBM_Tuned,Good,0.03913630229419703,0.19498069498069498,0.866975130133025
LightGBM_Tuned,Good,0.0398110661268556,0.19498069498069498,0.866975130133025
LightGBM_Tuned,Good,0.0398110661268556,0.19884169884169883,0.866975130133025
LightGBM_Tuned,Good,0.04048582995951417,0.19884169884169883,0.866975130133025
LightGBM_Tuned,Good,0.04048582995951417,0.21235521235521235,0.866975130133025
LightGBM_Tuned,Good,0.04116059379217274,0.21235521235521235,0.866975130133025
LightGBM_Tuned,Good,0.04116059379217274,0.222007722007722,0.866975130133025
LightGBM_Tuned,Good,0.04183535762483131,0.222007722007722,0.866975130133025
LightGBM_Tuned,Good,0.04183535762483131,0.22586872586872586,0.866975130133025
LightGBM_Tuned,Good,0.04251012145748988,0.22586872586872586,0.866975130133025
LightGBM_Tuned,Good,0.04251012145748988,0.23166023166023167,0.866975130133025
LightGBM_Tuned,Good,0.043859649122807015,0.23166023166023167,0.866975130133025
LightGBM_Tuned,Good,0.043859649122807015,0.2335907335907336,0.866975130133025
LightGBM_Tuned,Good,0.04520917678812416,0.2335907335907336,0.866975130133025
LightGBM_Tuned,Good,0.04520917678812416,0.23552123552123552,0.866975130133025
LightGBM_Tuned,Good,0.04588394062078273,0.23552123552123552,0.866975130133025
LightGBM_Tuned,Good,0.04588394062078273,0.23745173745173745,0.866975130133025
LightGBM_Tuned,Good,0.0465587044534413,0.23745173745173745,0.866975130133025
LightGBM_Tuned,Good,0.0465587044534413,0.24517374517374518,0.866975130133025
LightGBM_Tuned,Good,0.04723346828609987,0.24517374517374518,0.866975130133025
LightGBM_Tuned,Good,0.04723346828609987,0.2471042471042471,0.866975130133025
LightGBM_Tuned,Good,0.047908232118758436,0.2471042471042471,0.866975130133025
LightGBM_Tuned,Good,0.047908232118758436,0.2548262548262548,0.866975130133025
LightGBM_Tuned,Good,0.049257759784075573,0.2548262548262548,0.866975130133025
LightGBM_Tuned,Good,0.049257759784075573,0.25675675675675674,0.866975130133025
LightGBM_Tuned,Good,0.04993252361673414,0.25675675675675674,0.866975130133025
LightGBM_Tuned,Good,0.04993252361673414,0.2625482625482625,0.866975130133025
LightGBM_Tuned,Good,0.05060728744939271,0.2625482625482625,0.866975130133025
LightGBM_Tuned,Good,0.05060728744939271,0.26833976833976836,0.866975130133025
LightGBM_Tuned,Good,0.05195681511470985,0.26833976833976836,0.866975130133025
LightGBM_Tuned,Good,0.05195681511470985,0.2876447876447876,0.866975130133025
LightGBM_Tuned,Good,0.05263157894736842,0.2876447876447876,0.866975130133025
LightGBM_Tuned,Good,0.05263157894736842,0.28957528957528955,0.866975130133025
LightGBM_Tuned,Good,0.05398110661268556,0.28957528957528955,0.866975130133025
LightGBM_Tuned,Good,0.05398110661268556,0.29343629343629346,0.866975130133025
LightGBM_Tuned,Good,0.05465587044534413,0.29343629343629346,0.866975130133025
LightGBM_Tuned,Good,0.05465587044534413,0.2972972972972973,0.866975130133025
LightGBM_Tuned,Good,0.05668016194331984,0.2972972972972973,0.866975130133025
LightGBM_Tuned,Good,0.05668016194331984,0.3030888030888031,0.866975130133025
LightGBM_Tuned,Good,0.058704453441295545,0.3030888030888031,0.866975130133025
LightGBM_Tuned,Good,0.058704453441295545,0.30694980694980695,0.866975130133025
LightGBM_Tuned,Good,0.059379217273954114,0.30694980694980695,0.866975130133025
LightGBM_Tuned,Good,0.059379217273954114,0.3088803088803089,0.866975130133025
LightGBM_Tuned,Good,0.06005398110661268,0.3088803088803089,0.866975130133025
LightGBM_Tuned,Good,0.06005398110661268,0.3108108108108108,0.866975130133025
LightGBM_Tuned,Good,0.06072874493927125,0.3108108108108108,0.866975130133025
LightGBM_Tuned,Good,0.06072874493927125,0.3127413127413127,0.866975130133025
LightGBM_Tuned,Good,0.06342780026990553,0.3127413127413127,0.866975130133025
LightGBM_Tuned,Good,0.06342780026990553,0.3166023166023166,0.866975130133025
LightGBM_Tuned,Good,0.0641025641025641,0.3166023166023166,0.866975130133025
LightGBM_Tuned,Good,0.0641025641025641,0.3185328185328185,0.866975130133025
LightGBM_Tuned,Good,0.06477732793522267,0.3185328185328185,0.866975130133025
LightGBM_Tuned,Good,0.06477732793522267,0.3223938223938224,0.866975130133025
LightGBM_Tuned,Good,0.06680161943319839,0.3223938223938224,0.866975130133025
LightGBM_Tuned,Good,0.06680161943319839,0.32432432432432434,0.866975130133025
LightGBM_Tuned,Good,0.06747638326585695,0.32432432432432434,0.866975130133025
LightGBM_Tuned,Good,0.06747638326585695,0.3281853281853282,0.866975130133025
LightGBM_Tuned,Good,0.06882591093117409,0.3281853281853282,0.866975130133025
LightGBM_Tuned,Good,0.06882591093117409,0.3301158301158301,0.866975130133025
LightGBM_Tuned,Good,0.06950067476383266,0.3301158301158301,0.866975130133025
LightGBM_Tuned,Good,0.06950067476383266,0.33204633204633205,0.866975130133025
LightGBM_Tuned,Good,0.0708502024291498,0.33204633204633205,0.866975130133025
LightGBM_Tuned,Good,0.0708502024291498,0.33783783783783783,0.866975130133025
LightGBM_Tuned,Good,0.07152496626180836,0.33783783783783783,0.866975130133025
LightGBM_Tuned,Good,0.07152496626180836,0.35135135135135137,0.866975130133025
LightGBM_Tuned,Good,0.07354925775978408,0.35135135135135137,0.866975130133025
LightGBM_Tuned,Good,0.07354925775978408,0.3552123552123552,0.866975130133025
LightGBM_Tuned,Good,0.07624831309041835,0.3552123552123552,0.866975130133025
LightGBM_Tuned,Good,0.07624831309041835,0.361003861003861,0.866975130133025
LightGBM_Tuned,Good,0.07692307692307693,0.361003861003861,0.866975130133025
LightGBM_Tuned,Good,0.07692307692307693,0.37258687258687256,0.866975130133025
LightGBM_Tuned,Good,0.07759784075573549,0.37258687258687256,0.866975130133025
LightGBM_Tuned,Good,0.07759784075573549,0.3764478764478765,0.866975130133025
LightGBM_Tuned,Good,0.07827260458839407,0.3764478764478765,0.866975130133025
LightGBM_Tuned,Good,0.07827260458839407,0.3783783783783784,0.866975130133025
LightGBM_Tuned,Good,0.0796221322537112,0.3783783783783784,0.866975130133025
LightGBM_Tuned,Good,0.0796221322537112,0.3803088803088803,0.866975130133025
LightGBM_Tuned,Good,0.08097165991902834,0.3803088803088803,0.866975130133025
LightGBM_Tuned,Good,0.08097165991902834,0.3938223938223938,0.866975130133025
LightGBM_Tuned,Good,0.08232118758434548,0.3938223938223938,0.866975130133025
LightGBM_Tuned,Good,0.08232118758434548,0.39575289575289574,0.866975130133025
LightGBM_Tuned,Good,0.08434547908232119,0.39575289575289574,0.866975130133025
LightGBM_Tuned,Good,0.08434547908232119,0.3996138996138996,0.866975130133025
LightGBM_Tuned,Good,0.08569500674763833,0.3996138996138996,0.866975130133025
LightGBM_Tuned,Good,0.08569500674763833,0.41312741312741313,0.866975130133025
LightGBM_Tuned,Good,0.08636977058029689,0.41312741312741313,0.866975130133025
LightGBM_Tuned,Good,0.08636977058029689,0.4189189189189189,0.866975130133025
LightGBM_Tuned,Good,0.08771929824561403,0.4189189189189189,0.866975130133025
LightGBM_Tuned,Good,0.08771929824561403,0.42277992277992277,0.866975130133025
LightGBM_Tuned,Good,0.0883940620782726,0.42277992277992277,0.866975130133025
LightGBM_Tuned,Good,0.0883940620782726,0.4266409266409266,0.866975130133025
LightGBM_Tuned,Good,0.08906882591093117,0.4266409266409266,0.866975130133025
LightGBM_Tuned,Good,0.08906882591093117,0.43243243243243246,0.866975130133025
LightGBM_Tuned,Good,0.08974358974358974,0.43243243243243246,0.866975130133025
LightGBM_Tuned,Good,0.08974358974358974,0.444015444015444,0.866975130133025
LightGBM_Tuned,Good,0.09176788124156546,0.444015444015444,0.866975130133025
LightGBM_Tuned,Good,0.09176788124156546,0.44594594594594594,0.866975130133025
LightGBM_Tuned,Good,0.09244264507422402,0.44594594594594594,0.866975130133025
LightGBM_Tuned,Good,0.09244264507422402,0.4498069498069498,0.866975130133025
LightGBM_Tuned,Good,0.0931174089068826,0.4498069498069498,0.866975130133025
LightGBM_Tuned,Good,0.0931174089068826,0.4768339768339768,0.866975130133025
LightGBM_Tuned,Good,0.09446693657219973,0.4768339768339768,0.866975130133025
LightGBM_Tuned,Good,0.09446693657219973,0.47876447876447875,0.866975130133025
LightGBM_Tuned,Good,0.0951417004048583,0.47876447876447875,0.866975130133025
LightGBM_Tuned,Good,0.0951417004048583,0.4826254826254826,0.866975130133025
LightGBM_Tuned,Good,0.09581646423751687,0.4826254826254826,0.866975130133025
LightGBM_Tuned,Good,0.09581646423751687,0.4864864864864865,0.866975130133025
LightGBM_Tuned,Good,0.09919028340080972,0.4864864864864865,0.866975130133025
LightGBM_Tuned,Good,0.09919028340080972,0.4922779922779923,0.866975130133025
LightGBM_Tuned,Good,0.10053981106612686,0.4922779922779923,0.866975130133025
LightGBM_Tuned,Good,0.10053981106612686,0.49613899613899615,0.866975130133025
LightGBM_Tuned,Good,0.10121457489878542,0.49613899613899615,0.866975130133025
LightGBM_Tuned,Good,0.10121457489878542,0.5,0.866975130133025
LightGBM_Tuned,Good,0.101889338731444,0.5,0.866975130133025
LightGBM_Tuned,Good,0.101889338731444,0.5019305019305019,0.866975130133025
LightGBM_Tuned,Good,0.10256410256410256,0.5019305019305019,0.866975130133025
LightGBM_Tuned,Good,0.10256410256410256,0.5038610038610039,0.866975130133025
LightGBM_Tuned,Good,0.10323886639676114,0.5038610038610039,0.866975130133025
LightGBM_Tuned,Good,0.10323886639676114,0.5077220077220077,0.866975130133025
LightGBM_Tuned,Good,0.1039136302294197,0.5077220077220077,0.866975130133025
LightGBM_Tuned,Good,0.1039136302294197,0.5096525096525096,0.866975130133025
LightGBM_Tuned,Good,0.10458839406207827,0.5096525096525096,0.866975130133025
LightGBM_Tuned,Good,0.10458839406207827,0.5135135135135135,0.866975130133025
LightGBM_Tuned,Good,0.10526315789473684,0.5135135135135135,0.866975130133025
LightGBM_Tuned,Good,0.10526315789473684,0.5154440154440154,0.866975130133025
LightGBM_Tuned,Good,0.10661268556005399,0.5154440154440154,0.866975130133025
LightGBM_Tuned,Good,0.10661268556005399,0.5193050193050193,0.866975130133025
LightGBM_Tuned,Good,0.10796221322537113,0.5193050193050193,0.866975130133025
LightGBM_Tuned,Good,0.10796221322537113,0.5231660231660231,0.866975130133025
LightGBM_Tuned,Good,0.10863697705802969,0.5231660231660231,0.866975130133025
LightGBM_Tuned,Good,0.10863697705802969,0.528957528957529,0.866975130133025
LightGBM_Tuned,Good,0.10931174089068826,0.528957528957529,0.866975130133025
LightGBM_Tuned,Good,0.10931174089068826,0.5328185328185329,0.866975130133025
LightGBM_Tuned,Good,0.10998650472334683,0.5328185328185329,0.866975130133025
LightGBM_Tuned,Good,0.10998650472334683,0.5347490347490348,0.866975130133025
LightGBM_Tuned,Good,0.1106612685560054,0.5347490347490348,0.866975130133025
LightGBM_Tuned,Good,0.1106612685560054,0.5366795366795367,0.866975130133025
LightGBM_Tuned,Good,0.11133603238866396,0.5366795366795367,0.866975130133025
LightGBM_Tuned,Good,0.11133603238866396,0.5386100386100386,0.866975130133025
LightGBM_Tuned,Good,0.1126855600539811,0.5386100386100386,0.866975130133025
LightGBM_Tuned,Good,0.1126855600539811,0.5424710424710425,0.866975130133025
LightGBM_Tuned,Good,0.11336032388663968,0.5424710424710425,0.866975130133025
LightGBM_Tuned,Good,0.11336032388663968,0.5482625482625483,0.866975130133025
LightGBM_Tuned,Good,0.11403508771929824,0.5482625482625483,0.866975130133025
LightGBM_Tuned,Good,0.11403508771929824,0.5637065637065637,0.866975130133025
LightGBM_Tuned,Good,0.11538461538461539,0.5637065637065637,0.866975130133025
LightGBM_Tuned,Good,0.11538461538461539,0.5656370656370656,0.866975130133025
LightGBM_Tuned,Good,0.11605937921727395,0.5656370656370656,0.866975130133025
LightGBM_Tuned,Good,0.11605937921727395,0.5675675675675675,0.866975130133025
LightGBM_Tuned,Good,0.11740890688259109,0.5675675675675675,0.866975130133025
LightGBM_Tuned,Good,0.11740890688259109,0.581081081081081,0.866975130133025
LightGBM_Tuned,Good,0.11808367071524967,0.581081081081081,0.866975130133025
LightGBM_Tuned,Good,0.11808367071524967,0.583011583011583,0.866975130133025
LightGBM_Tuned,Good,0.11875843454790823,0.583011583011583,0.866975130133025
LightGBM_Tuned,Good,0.11875843454790823,0.5945945945945946,0.866975130133025
LightGBM_Tuned,Good,0.1194331983805668,0.5945945945945946,0.866975130133025
LightGBM_Tuned,Good,0.1194331983805668,0.5984555984555985,0.866975130133025
LightGBM_Tuned,Good,0.12010796221322537,0.5984555984555985,0.866975130133025
LightGBM_Tuned,Good,0.12010796221322537,0.6003861003861004,0.866975130133025
LightGBM_Tuned,Good,0.12078272604588394,0.6003861003861004,0.866975130133025
LightGBM_Tuned,Good,0.12078272604588394,0.6023166023166023,0.866975130133025
LightGBM_Tuned,Good,0.1214574898785425,0.6023166023166023,0.866975130133025
LightGBM_Tuned,Good,0.1214574898785425,0.611969111969112,0.866975130133025
LightGBM_Tuned,Good,0.12280701754385964,0.611969111969112,0.866975130133025
LightGBM_Tuned,Good,0.12280701754385964,0.6158301158301158,0.866975130133025
LightGBM_Tuned,Good,0.12348178137651822,0.6158301158301158,0.866975130133025
LightGBM_Tuned,Good,0.12348178137651822,0.6177606177606177,0.866975130133025
LightGBM_Tuned,Good,0.12483130904183536,0.6177606177606177,0.866975130133025
LightGBM_Tuned,Good,0.12483130904183536,0.6312741312741312,0.866975130133025
LightGBM_Tuned,Good,0.1261808367071525,0.6312741312741312,0.866975130133025
LightGBM_Tuned,Good,0.1261808367071525,0.6332046332046332,0.866975130133025
LightGBM_Tuned,Good,0.1282051282051282,0.6332046332046332,0.866975130133025
LightGBM_Tuned,Good,0.1282051282051282,0.6351351351351351,0.866975130133025
LightGBM_Tuned,Good,0.12887989203778677,0.6351351351351351,0.866975130133025
LightGBM_Tuned,Good,0.12887989203778677,0.637065637065637,0.866975130133025
LightGBM_Tuned,Good,0.12955465587044535,0.637065637065637,0.866975130133025
LightGBM_Tuned,Good,0.12955465587044535,0.638996138996139,0.866975130133025
LightGBM_Tuned,Good,0.13090418353576247,0.638996138996139,0.866975130133025
LightGBM_Tuned,Good,0.13090418353576247,0.640926640926641,0.866975130133025
LightGBM_Tuned,Good,0.13225371120107962,0.640926640926641,0.866975130133025
LightGBM_Tuned,Good,0.13225371120107962,0.6447876447876448,0.866975130133025
LightGBM_Tuned,Good,0.1329284750337382,0.6447876447876448,0.866975130133025
LightGBM_Tuned,Good,0.1329284750337382,0.6467181467181468,0.866975130133025
LightGBM_Tuned,Good,0.13562753036437247,0.6467181467181468,0.866975130133025
LightGBM_Tuned,Good,0.13562753036437247,0.6486486486486487,0.866975130133025
LightGBM_Tuned,Good,0.13765182186234817,0.6486486486486487,0.866975130133025
LightGBM_Tuned,Good,0.13765182186234817,0.6505791505791506,0.866975130133025
LightGBM_Tuned,Good,0.13900134952766532,0.6505791505791506,0.866975130133025
LightGBM_Tuned,Good,0.13900134952766532,0.6525096525096525,0.866975130133025
LightGBM_Tuned,Good,0.1396761133603239,0.6525096525096525,0.866975130133025
LightGBM_Tuned,Good,0.1396761133603239,0.6583011583011583,0.866975130133025
LightGBM_Tuned,Good,0.14035087719298245,0.6583011583011583,0.866975130133025
LightGBM_Tuned,Good,0.14035087719298245,0.6602316602316602,0.866975130133025
LightGBM_Tuned,Good,0.14102564102564102,0.6602316602316602,0.866975130133025
LightGBM_Tuned,Good,0.14102564102564102,0.6621621621621622,0.866975130133025
LightGBM_Tuned,Good,0.14439946018893388,0.6621621621621622,0.866975130133025
LightGBM_Tuned,Good,0.14439946018893388,0.6640926640926641,0.866975130133025
LightGBM_Tuned,Good,0.145748987854251,0.6640926640926641,0.866975130133025
LightGBM_Tuned,Good,0.145748987854251,0.6718146718146718,0.866975130133025
LightGBM_Tuned,Good,0.14642375168690958,0.6718146718146718,0.866975130133025
LightGBM_Tuned,Good,0.14642375168690958,0.6737451737451737,0.866975130133025
LightGBM_Tuned,Good,0.1484480431848853,0.6737451737451737,0.866975130133025
LightGBM_Tuned,Good,0.1484480431848853,0.6795366795366795,0.866975130133025
LightGBM_Tuned,Good,0.14912280701754385,0.6795366795366795,0.866975130133025
LightGBM_Tuned,Good,0.14912280701754385,0.6814671814671814,0.866975130133025
LightGBM_Tuned,Good,0.14979757085020243,0.6814671814671814,0.866975130133025
LightGBM_Tuned,Good,0.14979757085020243,0.6833976833976834,0.866975130133025
LightGBM_Tuned,Good,0.150472334682861,0.6833976833976834,0.866975130133025
LightGBM_Tuned,Good,0.150472334682861,0.6853281853281853,0.866975130133025
LightGBM_Tuned,Good,0.15114709851551958,0.6853281853281853,0.866975130133025
LightGBM_Tuned,Good,0.15114709851551958,0.6891891891891891,0.866975130133025
LightGBM_Tuned,Good,0.15182186234817813,0.6891891891891891,0.866975130133025
LightGBM_Tuned,Good,0.15182186234817813,0.694980694980695,0.866975130133025
LightGBM_Tuned,Good,0.15519568151147098,0.694980694980695,0.866975130133025
LightGBM_Tuned,Good,0.15519568151147098,0.696911196911197,0.866975130133025
LightGBM_Tuned,Good,0.15587044534412955,0.696911196911197,0.866975130133025
LightGBM_Tuned,Good,0.15587044534412955,0.6988416988416989,0.866975130133025
LightGBM_Tuned,Good,0.1572199730094467,0.6988416988416989,0.866975130133025
LightGBM_Tuned,Good,0.1572199730094467,0.7007722007722008,0.866975130133025
LightGBM_Tuned,Good,0.15789473684210525,0.7007722007722008,0.866975130133025
LightGBM_Tuned,Good,0.15789473684210525,0.7046332046332047,0.866975130133025
LightGBM_Tuned,Good,0.16059379217273953,0.7046332046332047,0.866975130133025
LightGBM_Tuned,Good,0.16059379217273953,0.7065637065637066,0.866975130133025
LightGBM_Tuned,Good,0.1612685560053981,0.7065637065637066,0.866975130133025
LightGBM_Tuned,Good,0.1612685560053981,0.7084942084942085,0.866975130133025
LightGBM_Tuned,Good,0.16261808367071526,0.7084942084942085,0.866975130133025
LightGBM_Tuned,Good,0.16261808367071526,0.7142857142857143,0.866975130133025
LightGBM_Tuned,Good,0.16464237516869096,0.7142857142857143,0.866975130133025
LightGBM_Tuned,Good,0.16464237516869096,0.7162162162162162,0.866975130133025
LightGBM_Tuned,Good,0.1659919028340081,0.7162162162162162,0.866975130133025
LightGBM_Tuned,Good,0.1659919028340081,0.7181467181467182,0.866975130133025
LightGBM_Tuned,Good,0.16666666666666666,0.7181467181467182,0.866975130133025
LightGBM_Tuned,Good,0.16666666666666666,0.7200772200772201,0.866975130133025
LightGBM_Tuned,Good,0.16734143049932523,0.7200772200772201,0.866975130133025
LightGBM_Tuned,Good,0.16734143049932523,0.722007722007722,0.866975130133025
LightGBM_Tuned,Good,0.16869095816464239,0.722007722007722,0.866975130133025
LightGBM_Tuned,Good,0.16869095816464239,0.7239382239382239,0.866975130133025
LightGBM_Tuned,Good,0.16936572199730093,0.7239382239382239,0.866975130133025
LightGBM_Tuned,Good,0.16936572199730093,0.7258687258687259,0.866975130133025
LightGBM_Tuned,Good,0.17071524966261808,0.7258687258687259,0.866975130133025
LightGBM_Tuned,Good,0.17071524966261808,0.7277992277992278,0.866975130133025
LightGBM_Tuned,Good,0.17139001349527666,0.7277992277992278,0.866975130133025
LightGBM_Tuned,Good,0.17139001349527666,0.7316602316602316,0.866975130133025
LightGBM_Tuned,Good,0.17273954116059378,0.7316602316602316,0.866975130133025
LightGBM_Tuned,Good,0.17273954116059378,0.7335907335907336,0.866975130133025
LightGBM_Tuned,Good,0.17408906882591094,0.7335907335907336,0.866975130133025
LightGBM_Tuned,Good,0.17408906882591094,0.7374517374517374,0.866975130133025
LightGBM_Tuned,Good,0.1747638326585695,0.7374517374517374,0.866975130133025
LightGBM_Tuned,Good,0.1747638326585695,0.7393822393822393,0.866975130133025
LightGBM_Tuned,Good,0.1788124156545209,0.7393822393822393,0.866975130133025
LightGBM_Tuned,Good,0.1788124156545209,0.7432432432432432,0.866975130133025
LightGBM_Tuned,Good,0.1794871794871795,0.7432432432432432,0.866975130133025
LightGBM_Tuned,Good,0.1794871794871795,0.7451737451737451,0.866975130133025
LightGBM_Tuned,Good,0.1815114709851552,0.7451737451737451,0.866975130133025
LightGBM_Tuned,Good,0.1815114709851552,0.747104247104247,0.866975130133025
LightGBM_Tuned,Good,0.18488529014844804,0.747104247104247,0.866975130133025
LightGBM_Tuned,Good,0.18488529014844804,0.750965250965251,0.866975130133025
LightGBM_Tuned,Good,0.18556005398110662,0.750965250965251,0.866975130133025
LightGBM_Tuned,Good,0.18556005398110662,0.752895752895753,0.866975130133025
LightGBM_Tuned,Good,0.1862348178137652,0.752895752895753,0.866975130133025
LightGBM_Tuned,Good,0.1862348178137652,0.7567567567567568,0.866975130133025
LightGBM_Tuned,Good,0.18690958164642374,0.7567567567567568,0.866975130133025
LightGBM_Tuned,Good,0.18690958164642374,0.7625482625482626,0.866975130133025
LightGBM_Tuned,Good,0.1902834008097166,0.7625482625482626,0.866975130133025
LightGBM_Tuned,Good,0.1902834008097166,0.7644787644787645,0.866975130133025
LightGBM_Tuned,Good,0.19163292847503374,0.7644787644787645,0.866975130133025
LightGBM_Tuned,Good,0.19163292847503374,0.7664092664092664,0.866975130133025
LightGBM_Tuned,Good,0.1950067476383266,0.7664092664092664,0.866975130133025
LightGBM_Tuned,Good,0.1950067476383266,0.7702702702702703,0.866975130133025
LightGBM_Tuned,Good,0.19568151147098514,0.7702702702702703,0.866975130133025
LightGBM_Tuned,Good,0.19568151147098514,0.7722007722007722,0.866975130133025
LightGBM_Tuned,Good,0.19770580296896087,0.7722007722007722,0.866975130133025
LightGBM_Tuned,Good,0.19770580296896087,0.7837837837837838,0.866975130133025
LightGBM_Tuned,Good,0.19838056680161945,0.7837837837837838,0.866975130133025
LightGBM_Tuned,Good,0.19838056680161945,0.7857142857142857,0.866975130133025
LightGBM_Tuned,Good,0.199055330634278,0.7857142857142857,0.866975130133025
LightGBM_Tuned,Good,0.199055330634278,0.7876447876447876,0.866975130133025
LightGBM_Tuned,Good,0.20107962213225372,0.7876447876447876,0.866975130133025
LightGBM_Tuned,Good,0.20107962213225372,0.7895752895752896,0.866975130133025
LightGBM_Tuned,Good,0.203778677462888,0.7895752895752896,0.866975130133025
LightGBM_Tuned,Good,0.203778677462888,0.7934362934362934,0.866975130133025
LightGBM_Tuned,Good,0.20715249662618085,0.7934362934362934,0.866975130133025
LightGBM_Tuned,Good,0.20715249662618085,0.7953667953667953,0.866975130133025
LightGBM_Tuned,Good,0.20850202429149797,0.7953667953667953,0.866975130133025
LightGBM_Tuned,Good,0.20850202429149797,0.8011583011583011,0.866975130133025
LightGBM_Tuned,Good,0.20985155195681512,0.8011583011583011,0.866975130133025
LightGBM_Tuned,Good,0.20985155195681512,0.803088803088803,0.866975130133025
LightGBM_Tuned,Good,0.21322537112010798,0.803088803088803,0.866975130133025
LightGBM_Tuned,Good,0.21322537112010798,0.805019305019305,0.866975130133025
LightGBM_Tuned,Good,0.21862348178137653,0.805019305019305,0.866975130133025
LightGBM_Tuned,Good,0.21862348178137653,0.8108108108108109,0.866975130133025
LightGBM_Tuned,Good,0.21929824561403508,0.8108108108108109,0.866975130133025
LightGBM_Tuned,Good,0.21929824561403508,0.8146718146718147,0.866975130133025
LightGBM_Tuned,Good,0.22064777327935223,0.8146718146718147,0.866975130133025
LightGBM_Tuned,Good,0.22064777327935223,0.8166023166023166,0.866975130133025
LightGBM_Tuned,Good,0.22199730094466938,0.8166023166023166,0.866975130133025
LightGBM_Tuned,Good,0.22199730094466938,0.8204633204633205,0.866975130133025
LightGBM_Tuned,Good,0.22604588394062078,0.8204633204633205,0.866975130133025
LightGBM_Tuned,Good,0.22604588394062078,0.8223938223938224,0.866975130133025
LightGBM_Tuned,Good,0.22672064777327935,0.8223938223938224,0.866975130133025
LightGBM_Tuned,Good,0.22672064777327935,0.8243243243243243,0.866975130133025
LightGBM_Tuned,Good,0.22807017543859648,0.8243243243243243,0.866975130133025
LightGBM_Tuned,Good,0.22807017543859648,0.8301158301158301,0.866975130133025
LightGBM_Tuned,Good,0.2300944669365722,0.8301158301158301,0.866975130133025
LightGBM_Tuned,Good,0.2300944669365722,0.832046332046332,0.866975130133025
LightGBM_Tuned,Good,0.23144399460188933,0.832046332046332,0.866975130133025
LightGBM_Tuned,Good,0.23144399460188933,0.8359073359073359,0.866975130133025
LightGBM_Tuned,Good,0.23616734143049933,0.8359073359073359,0.866975130133025
LightGBM_Tuned,Good,0.23616734143049933,0.8378378378378378,0.866975130133025
LightGBM_Tuned,Good,0.24021592442645073,0.8378378378378378,0.866975130133025
LightGBM_Tuned,Good,0.24021592442645073,0.8416988416988417,0.866975130133025
LightGBM_Tuned,Good,0.2408906882591093,0.8416988416988417,0.866975130133025
LightGBM_Tuned,Good,0.2408906882591093,0.8436293436293436,0.866975130133025
LightGBM_Tuned,Good,0.24628879892037786,0.8436293436293436,0.866975130133025
LightGBM_Tuned,Good,0.24628879892037786,0.8455598455598455,0.866975130133025
LightGBM_Tuned,Good,0.2483130904183536,0.8455598455598455,0.866975130133025
LightGBM_Tuned,Good,0.2483130904183536,0.8474903474903475,0.866975130133025
LightGBM_Tuned,Good,0.252361673414305,0.8474903474903475,0.866975130133025
LightGBM_Tuned,Good,0.252361673414305,0.8494208494208494,0.866975130133025
LightGBM_Tuned,Good,0.25303643724696356,0.8494208494208494,0.866975130133025
LightGBM_Tuned,Good,0.25303643724696356,0.8513513513513513,0.866975130133025
LightGBM_Tuned,Good,0.25708502024291496,0.8513513513513513,0.866975130133025
LightGBM_Tuned,Good,0.25708502024291496,0.8532818532818532,0.866975130133025
LightGBM_Tuned,Good,0.25775978407557354,0.8532818532818532,0.866975130133025
LightGBM_Tuned,Good,0.25775978407557354,0.8571428571428571,0.866975130133025
LightGBM_Tuned,Good,0.2591093117408907,0.8571428571428571,0.866975130133025
LightGBM_Tuned,Good,0.2591093117408907,0.859073359073359,0.866975130133025
LightGBM_Tuned,Good,0.25978407557354927,0.859073359073359,0.866975130133025
LightGBM_Tuned,Good,0.25978407557354927,0.862934362934363,0.866975130133025
LightGBM_Tuned,Good,0.2611336032388664,0.862934362934363,0.866975130133025
LightGBM_Tuned,Good,0.2611336032388664,0.8667953667953668,0.866975130133025
LightGBM_Tuned,Good,0.26180836707152494,0.8667953667953668,0.866975130133025
LightGBM_Tuned,Good,0.26180836707152494,0.8687258687258688,0.866975130133025
LightGBM_Tuned,Good,0.2651821862348178,0.8687258687258688,0.866975130133025
LightGBM_Tuned,Good,0.2651821862348178,0.8725868725868726,0.866975130133025
LightGBM_Tuned,Good,0.26653171390013497,0.8725868725868726,0.866975130133025
LightGBM_Tuned,Good,0.26653171390013497,0.8764478764478765,0.866975130133025
LightGBM_Tuned,Good,0.2692307692307692,0.8764478764478765,0.866975130133025
LightGBM_Tuned,Good,0.2692307692307692,0.8783783783783784,0.866975130133025
LightGBM_Tuned,Good,0.27125506072874495,0.8783783783783784,0.866975130133025
LightGBM_Tuned,Good,0.27125506072874495,0.8803088803088803,0.866975130133025
LightGBM_Tuned,Good,0.2719298245614035,0.8803088803088803,0.866975130133025
LightGBM_Tuned,Good,0.2719298245614035,0.8841698841698842,0.866975130133025
LightGBM_Tuned,Good,0.2759784075573549,0.8841698841698842,0.866975130133025
LightGBM_Tuned,Good,0.2759784075573549,0.888030888030888,0.866975130133025
LightGBM_Tuned,Good,0.2773279352226721,0.888030888030888,0.866975130133025
LightGBM_Tuned,Good,0.2773279352226721,0.88996138996139,0.866975130133025
LightGBM_Tuned,Good,0.2807017543859649,0.88996138996139,0.866975130133025
LightGBM_Tuned,Good,0.2807017543859649,0.8918918918918919,0.866975130133025
LightGBM_Tuned,Good,0.2840755735492578,0.8918918918918919,0.866975130133025
LightGBM_Tuned,Good,0.2840755735492578,0.8957528957528957,0.866975130133025
LightGBM_Tuned,Good,0.2881241565452092,0.8957528957528957,0.866975130133025
LightGBM_Tuned,Good,0.2881241565452092,0.8976833976833977,0.866975130133025
LightGBM_Tuned,Good,0.2968960863697706,0.8976833976833977,0.866975130133025
LightGBM_Tuned,Good,0.2968960863697706,0.8996138996138996,0.866975130133025
LightGBM_Tuned,Good,0.300944669365722,0.8996138996138996,0.866975130133025
LightGBM_Tuned,Good,0.300944669365722,0.9015444015444015,0.866975130133025
LightGBM_Tuned,Good,0.3016194331983806,0.9015444015444015,0.866975130133025
LightGBM_Tuned,Good,0.3016194331983806,0.9034749034749034,0.866975130133025
LightGBM_Tuned,Good,0.30229419703103916,0.9034749034749034,0.866975130133025
LightGBM_Tuned,Good,0.30229419703103916,0.9054054054054054,0.866975130133025
LightGBM_Tuned,Good,0.3029689608636977,0.9054054054054054,0.866975130133025
LightGBM_Tuned,Good,0.3029689608636977,0.9073359073359073,0.866975130133025
LightGBM_Tuned,Good,0.30431848852901483,0.9073359073359073,0.866975130133025
LightGBM_Tuned,Good,0.30431848852901483,0.9092664092664092,0.866975130133025
LightGBM_Tuned,Good,0.30701754385964913,0.9092664092664092,0.866975130133025
LightGBM_Tuned,Good,0.30701754385964913,0.9111969111969112,0.866975130133025
LightGBM_Tuned,Good,0.3083670715249663,0.9111969111969112,0.866975130133025
LightGBM_Tuned,Good,0.3083670715249663,0.9131274131274131,0.866975130133025
LightGBM_Tuned,Good,0.31309041835357626,0.9131274131274131,0.866975130133025
LightGBM_Tuned,Good,0.31309041835357626,0.9227799227799228,0.866975130133025
LightGBM_Tuned,Good,0.3184885290148448,0.9227799227799228,0.866975130133025
LightGBM_Tuned,Good,0.3184885290148448,0.9247104247104247,0.866975130133025
LightGBM_Tuned,Good,0.32388663967611336,0.9247104247104247,0.866975130133025
LightGBM_Tuned,Good,0.32388663967611336,0.9266409266409267,0.866975130133025
LightGBM_Tuned,Good,0.3252361673414305,0.9266409266409267,0.866975130133025
LightGBM_Tuned,Good,0.3252361673414305,0.9285714285714286,0.866975130133025
LightGBM_Tuned,Good,0.3360323886639676,0.9285714285714286,0.866975130133025
LightGBM_Tuned,Good,0.3360323886639676,0.9305019305019305,0.866975130133025
LightGBM_Tuned,Good,0.33738191632928477,0.9305019305019305,0.866975130133025
LightGBM_Tuned,Good,0.33738191632928477,0.9324324324324325,0.866975130133025
LightGBM_Tuned,Good,0.340080971659919,0.9324324324324325,0.866975130133025
LightGBM_Tuned,Good,0.340080971659919,0.9343629343629344,0.866975130133025
LightGBM_Tuned,Good,0.3407557354925776,0.9343629343629344,0.866975130133025
LightGBM_Tuned,Good,0.3407557354925776,0.9382239382239382,0.866975130133025
LightGBM_Tuned,Good,0.344804318488529,0.9382239382239382,0.866975130133025
LightGBM_Tuned,Good,0.344804318488529,0.9401544401544402,0.866975130133025
LightGBM_Tuned,Good,0.3468286099865047,0.9401544401544402,0.866975130133025
LightGBM_Tuned,Good,0.3468286099865047,0.9420849420849421,0.866975130133025
LightGBM_Tuned,Good,0.3522267206477733,0.9420849420849421,0.866975130133025
LightGBM_Tuned,Good,0.3522267206477733,0.944015444015444,0.866975130133025
LightGBM_Tuned,Good,0.36639676113360325,0.944015444015444,0.866975130133025
LightGBM_Tuned,Good,0.36639676113360325,0.9478764478764479,0.866975130133025
LightGBM_Tuned,Good,0.36707152496626183,0.9478764478764479,0.866975130133025
LightGBM_Tuned,Good,0.36707152496626183,0.9498069498069498,0.866975130133025
LightGBM_Tuned,Good,0.36774628879892035,0.9498069498069498,0.866975130133025
LightGBM_Tuned,Good,0.36774628879892035,0.9517374517374517,0.866975130133025
LightGBM_Tuned,Good,0.37786774628879893,0.9517374517374517,0.866975130133025
LightGBM_Tuned,Good,0.37786774628879893,0.9536679536679536,0.866975130133025
LightGBM_Tuned,Good,0.3785425101214575,0.9536679536679536,0.866975130133025
LightGBM_Tuned,Good,0.3785425101214575,0.9555984555984556,0.866975130133025
LightGBM_Tuned,Good,0.3832658569500675,0.9555984555984556,0.866975130133025
LightGBM_Tuned,Good,0.3832658569500675,0.9575289575289575,0.866975130133025
LightGBM_Tuned,Good,0.39203778677462886,0.9575289575289575,0.866975130133025
LightGBM_Tuned,Good,0.39203778677462886,0.9594594594594594,0.866975130133025
LightGBM_Tuned,Good,0.40215924426450744,0.9594594594594594,0.866975130133025
LightGBM_Tuned,Good,0.40215924426450744,0.9613899613899614,0.866975130133025
LightGBM_Tuned,Good,0.40553306342780027,0.9613899613899614,0.866975130133025
LightGBM_Tuned,Good,0.40553306342780027,0.9633204633204633,0.866975130133025
LightGBM_Tuned,Good,0.4143049932523617,0.9633204633204633,0.866975130133025
LightGBM_Tuned,Good,0.4143049932523617,0.9652509652509652,0.866975130133025
LightGBM_Tuned,Good,0.44129554655870445,0.9652509652509652,0.866975130133025
LightGBM_Tuned,Good,0.44129554655870445,0.9671814671814671,0.866975130133025
LightGBM_Tuned,Good,0.44601889338731443,0.9671814671814671,0.866975130133025
LightGBM_Tuned,Good,0.44601889338731443,0.9691119691119691,0.866975130133025
LightGBM_Tuned,Good,0.4473684210526316,0.9691119691119691,0.866975130133025
LightGBM_Tuned,Good,0.4473684210526316,0.971042471042471,0.866975130133025
LightGBM_Tuned,Good,0.45951417004048584,0.971042471042471,0.866975130133025
LightGBM_Tuned,Good,0.45951417004048584,0.972972972972973,0.866975130133025
LightGBM_Tuned,Good,0.4676113360323887,0.972972972972973,0.866975130133025
LightGBM_Tuned,Good,0.4676113360323887,0.9768339768339769,0.866975130133025
LightGBM_Tuned,Good,0.4797570850202429,0.9768339768339769,0.866975130133025
LightGBM_Tuned,Good,0.4797570850202429,0.9806949806949807,0.866975130133025
LightGBM_Tuned,Good,0.4844804318488529,0.9806949806949807,0.866975130133025
LightGBM_Tuned,Good,0.4844804318488529,0.9845559845559846,0.866975130133025
LightGBM_Tuned,Good,0.4993252361673414,0.9845559845559846,0.866975130133025
LightGBM_Tuned,Good,0.4993252361673414,0.9864864864864865,0.866975130133025
LightGBM_Tuned,Good,0.5128205128205128,0.9864864864864865,0.866975130133025
LightGBM_Tuned,Good,0.5128205128205128,0.9884169884169884,0.866975130133025
LightGBM_Tuned,Good,0.5134952766531714,0.9884169884169884,0.866975130133025
LightGBM_Tuned,Good,0.5134952766531714,0.9922779922779923,0.866975130133025
LightGBM_Tuned,Good,0.5539811066126855,0.9922779922779923,0.866975130133025
LightGBM_Tuned,Good,0.5539811066126855,0.9942084942084942,0.866975130133025
LightGBM_Tuned,Good,0.606612685560054,0.9942084942084942,0.866975130133025
LightGBM_Tuned,Good,0.606612685560054,0.9961389961389961,0.866975130133025
LightGBM_Tuned,Good,0.6079622132253711,0.9961389961389961,0.866975130133025
LightGBM_Tuned,Good,0.6079622132253711,0.9980694980694981,0.866975130133025
LightGBM_Tuned,Good,0.6126855600539811,0.9980694980694981,0.866975130133025
LightGBM_Tuned,Good,0.6126855600539811,1.0,0.866975130133025
LightGBM_Tuned,Good,1.0,1.0,0.866975130133025
Stacking,Good,0.0,0.0,0.9076850129481708
Stacking,Good,0.0,0.0019305019305019305,0.9076850129481708
Stacking,Good,0.001349527665317139,0.0019305019305019305,0.9076850129481708
Stacking,Good,0.001349527665317139,0.005791505791505791,0.9076850129481708
Stacking,Good,0.002699055330634278,0.005791505791505791,0.9076850129481708
Stacking,Good,0.002699055330634278,0.019305019305019305,0.9076850129481708
Stacking,Good,0.0033738191632928477,0.019305019305019305,0.9076850129481708
Stacking,Good,0.0033738191632928477,0.04826254826254826,0.9076850129481708
Stacking,Good,0.004048582995951417,0.04826254826254826,0.9076850129481708
Stacking,Good,0.004048582995951417,0.059845559845559844,0.9076850129481708
Stacking,Good,0.004723346828609987,0.059845559845559844,0.9076850129481708
Stacking,Good,0.004723346828609987,0.06563706563706563,0.9076850129481708
Stacking,Good,0.005398110661268556,0.06563706563706563,0.9076850129481708
Stacking,Good,0.005398110661268556,0.08301158301158301,0.9076850129481708
Stacking,Good,0.006072874493927126,0.08301158301158301,0.9076850129481708
Stacking,Good,0.006072874493927126,0.0945945945945946,0.9076850129481708
Stacking,Good,0.006747638326585695,0.0945945945945946,0.9076850129481708
Stacking,Good,0.006747638326585695,0.11003861003861004,0.9076850129481708
Stacking,Good,0.007422402159244264,0.11003861003861004,0.9076850129481708
Stacking,Good,0.007422402159244264,0.11196911196911197,0.9076850129481708
Stacking,Good,0.008771929824561403,0.11196911196911197,0.9076850129481708
Stacking,Good,0.008771929824561403,0.15637065637065636,0.9076850129481708
Stacking,Good,0.009446693657219974,0.15637065637065636,0.9076850129481708
Stacking,Good,0.009446693657219974,0.16602316602316602,0.9076850129481708
Stacking,Good,0.010121457489878543,0.16602316602316602,0.9076850129481708
Stacking,Good,0.010121457489878543,0.16988416988416988,0.9076850129481708
Stacking,Good,0.011470985155195682,0.16988416988416988,0.9076850129481708
Stacking,Good,0.011470985155195682,0.1718146718146718,0.9076850129481708
Stacking,Good,0.01282051282051282,0.1718146718146718,0.9076850129481708
Stacking,Good,0.01282051282051282,0.18146718146718147,0.9076850129481708
Stacking,Good,0.01417004048582996,0.18146718146718147,0.9076850129481708
Stacking,Good,0.01417004048582996,0.1833976833976834,0.9076850129481708
Stacking,Good,0.014844804318488529,0.1833976833976834,0.9076850129481708
Stacking,Good,0.014844804318488529,0.19884169884169883,0.9076850129481708
Stacking,Good,0.0155195681511471,0.19884169884169883,0.9076850129481708
Stacking,Good,0.0155195681511471,0.20463320463320464,0.9076850129481708
Stacking,Good,0.016869095816464237,0.20463320463320464,0.9076850129481708
Stacking,Good,0.016869095816464237,0.21814671814671815,0.9076850129481708
Stacking,Good,0.017543859649122806,0.21814671814671815,0.9076850129481708
Stacking,Good,0.017543859649122806,0.22393822393822393,0.9076850129481708
Stacking,Good,0.018218623481781375,0.22393822393822393,0.9076850129481708
Stacking,Good,0.018218623481781375,0.22586872586872586,0.9076850129481708
Stacking,Good,0.018893387314439947,0.22586872586872586,0.9076850129481708
Stacking,Good,0.018893387314439947,0.2335907335907336,0.9076850129481708
Stacking,Good,0.019568151147098516,0.2335907335907336,0.9076850129481708
Stacking,Good,0.019568151147098516,0.23552123552123552,0.9076850129481708
Stacking,Good,0.020242914979757085,0.23552123552123552,0.9076850129481708
Stacking,Good,0.020242914979757085,0.2413127413127413,0.9076850129481708
Stacking,Good,0.021592442645074223,0.2413127413127413,0.9076850129481708
Stacking,Good,0.021592442645074223,0.2471042471042471,0.9076850129481708
Stacking,Good,0.022941970310391364,0.2471042471042471,0.9076850129481708
Stacking,Good,0.022941970310391364,0.25096525096525096,0.9076850129481708
Stacking,Good,0.023616734143049933,0.25096525096525096,0.9076850129481708
Stacking,Good,0.023616734143049933,0.2548262548262548,0.9076850129481708
Stacking,Good,0.024291497975708502,0.2548262548262548,0.9076850129481708
Stacking,Good,0.024291497975708502,0.26833976833976836,0.9076850129481708
Stacking,Good,0.02564102564102564,0.26833976833976836,0.9076850129481708
Stacking,Good,0.02564102564102564,0.27413127413127414,0.9076850129481708
Stacking,Good,0.02631578947368421,0.27413127413127414,0.9076850129481708
Stacking,Good,0.02631578947368421,0.28185328185328185,0.9076850129481708
Stacking,Good,0.02699055330634278,0.28185328185328185,0.9076850129481708
Stacking,Good,0.02699055330634278,0.2953667953667954,0.9076850129481708
Stacking,Good,0.02834008097165992,0.2953667953667954,0.9076850129481708
Stacking,Good,0.02834008097165992,0.30115830115830117,0.9076850129481708
Stacking,Good,0.029014844804318488,0.30115830115830117,0.9076850129481708
Stacking,Good,0.029014844804318488,0.30694980694980695,0.9076850129481708
Stacking,Good,0.030364372469635626,0.30694980694980695,0.9076850129481708
Stacking,Good,0.030364372469635626,0.3281853281853282,0.9076850129481708
Stacking,Good,0.0310391363022942,0.3281853281853282,0.9076850129481708
Stacking,Good,0.0310391363022942,0.3301158301158301,0.9076850129481708
Stacking,Good,0.03171390013495277,0.3301158301158301,0.9076850129481708
Stacking,Good,0.03171390013495277,0.3359073359073359,0.9076850129481708
Stacking,Good,0.032388663967611336,0.3359073359073359,0.9076850129481708
Stacking,Good,0.032388663967611336,0.3416988416988417,0.9076850129481708
Stacking,Good,0.033063427800269905,0.3416988416988417,0.9076850129481708
Stacking,Good,0.033063427800269905,0.3436293436293436,0.9076850129481708
Stacking,Good,0.03441295546558704,0.3436293436293436,0.9076850129481708
Stacking,Good,0.03441295546558704,0.35714285714285715,0.9076850129481708
Stacking,Good,0.03508771929824561,0.35714285714285715,0.9076850129481708
Stacking,Good,0.03508771929824561,0.36486486486486486,0.9076850129481708
Stacking,Good,0.03576248313090418,0.36486486486486486,0.9076850129481708
Stacking,Good,0.03576248313090418,0.3687258687258687,0.9076850129481708
Stacking,Good,0.037112010796221326,0.3687258687258687,0.9076850129481708
Stacking,Good,0.037112010796221326,0.3764478764478765,0.9076850129481708
Stacking,Good,0.038461538461538464,0.3764478764478765,0.9076850129481708
Stacking,Good,0.038461538461538464,0.38223938223938225,0.9076850129481708
Stacking,Good,0.03913630229419703,0.38223938223938225,0.9076850129481708
Stacking,Good,0.03913630229419703,0.3918918918918919,0.9076850129481708
Stacking,Good,0.0398110661268556,0.3918918918918919,0.9076850129481708
Stacking,Good,0.0398110661268556,0.39575289575289574,0.9076850129481708
Stacking,Good,0.04116059379217274,0.39575289575289574,0.9076850129481708
Stacking,Good,0.04116059379217274,0.39768339768339767,0.9076850129481708
Stacking,Good,0.04183535762483131,0.39768339768339767,0.9076850129481708
Stacking,Good,0.04183535762483131,0.41505791505791506,0.9076850129481708
Stacking,Good,0.04251012145748988,0.41505791505791506,0.9076850129481708
Stacking,Good,0.04251012145748988,0.4247104247104247,0.9076850129481708
Stacking,Good,0.043184885290148446,0.4247104247104247,0.9076850129481708
Stacking,Good,0.043184885290148446,0.4266409266409266,0.9076850129481708
Stacking,Good,0.043859649122807015,0.4266409266409266,0.9076850129481708
Stacking,Good,0.043859649122807015,0.43243243243243246,0.9076850129481708
Stacking,Good,0.04520917678812416,0.43243243243243246,0.9076850129481708
Stacking,Good,0.04520917678812416,0.44787644787644787,0.9076850129481708
Stacking,Good,0.0465587044534413,0.44787644787644787,0.9076850129481708
Stacking,Good,0.0465587044534413,0.45366795366795365,0.9076850129481708
Stacking,Good,0.04723346828609987,0.45366795366795365,0.9076850129481708
Stacking,Good,0.04723346828609987,0.4575289575289575,0.9076850129481708
Stacking,Good,0.047908232118758436,0.4575289575289575,0.9076850129481708
Stacking,Good,0.047908232118758436,0.4613899613899614,0.9076850129481708
Stacking,Good,0.049257759784075573,0.4613899613899614,0.9076850129481708
Stacking,Good,0.049257759784075573,0.47104247104247104,0.9076850129481708
Stacking,Good,0.05128205128205128,0.47104247104247104,0.9076850129481708
Stacking,Good,0.05128205128205128,0.4806949806949807,0.9076850129481708
Stacking,Good,0.05195681511470985,0.4806949806949807,0.9076850129481708
Stacking,Good,0.05195681511470985,0.48841698841698844,0.9076850129481708
Stacking,Good,0.05263157894736842,0.48841698841698844,0.9076850129481708
Stacking,Good,0.05263157894736842,0.49034749034749037,0.9076850129481708
Stacking,Good,0.053306342780026994,0.49034749034749037,0.9076850129481708
Stacking,Good,0.053306342780026994,0.49613899613899615,0.9076850129481708
Stacking,Good,0.0553306342780027,0.49613899613899615,0.9076850129481708
Stacking,Good,0.0553306342780027,0.5038610038610039,0.9076850129481708
Stacking,Good,0.05600539811066127,0.5038610038610039,0.9076850129481708
Stacking,Good,0.05600539811066127,0.5057915057915058,0.9076850129481708
Stacking,Good,0.05668016194331984,0.5057915057915058,0.9076850129481708
Stacking,Good,0.05668016194331984,0.5154440154440154,0.9076850129481708
Stacking,Good,0.05735492577597841,0.5154440154440154,0.9076850129481708
Stacking,Good,0.05735492577597841,0.5212355212355212,0.9076850129481708
Stacking,Good,0.058704453441295545,0.5212355212355212,0.9076850129481708
Stacking,Good,0.058704453441295545,0.5231660231660231,0.9076850129481708
Stacking,Good,0.059379217273954114,0.5231660231660231,0.9076850129481708
Stacking,Good,0.059379217273954114,0.527027027027027,0.9076850129481708
Stacking,Good,0.06140350877192982,0.527027027027027,0.9076850129481708
Stacking,Good,0.06140350877192982,0.5463320463320464,0.9076850129481708
Stacking,Good,0.0641025641025641,0.5463320463320464,0.9076850129481708
Stacking,Good,0.0641025641025641,0.5482625482625483,0.9076850129481708
Stacking,Good,0.06477732793522267,0.5482625482625483,0.9076850129481708
Stacking,Good,0.06477732793522267,0.5501930501930502,0.9076850129481708
Stacking,Good,0.06545209176788123,0.5501930501930502,0.9076850129481708
Stacking,Good,0.06545209176788123,0.555984555984556,0.9076850129481708
Stacking,Good,0.06680161943319839,0.555984555984556,0.9076850129481708
Stacking,Good,0.06680161943319839,0.5579150579150579,0.9076850129481708
Stacking,Good,0.06747638326585695,0.5579150579150579,0.9076850129481708
Stacking,Good,0.06747638326585695,0.5617760617760618,0.9076850129481708
Stacking,Good,0.06882591093117409,0.5617760617760618,0.9076850129481708
Stacking,Good,0.06882591093117409,0.5637065637065637,0.9076850129481708
Stacking,Good,0.07017543859649122,0.5637065637065637,0.9076850129481708
Stacking,Good,0.07017543859649122,0.5656370656370656,0.9076850129481708
Stacking,Good,0.07152496626180836,0.5656370656370656,0.9076850129481708
Stacking,Good,0.07152496626180836,0.5675675675675675,0.9076850129481708
Stacking,Good,0.07219973009446694,0.5675675675675675,0.9076850129481708
Stacking,Good,0.07219973009446694,0.5752895752895753,0.9076850129481708
Stacking,Good,0.0728744939271255,0.5752895752895753,0.9076850129481708
Stacking,Good,0.0728744939271255,0.5772200772200772,0.9076850129481708
Stacking,Good,0.07354925775978408,0.5772200772200772,0.9076850129481708
Stacking,Good,0.07354925775978408,0.5791505791505791,0.9076850129481708
Stacking,Good,0.07422402159244265,0.5791505791505791,0.9076850129481708
Stacking,Good,0.07422402159244265,0.583011583011583,0.9076850129481708
Stacking,Good,0.07489878542510121,0.583011583011583,0.9076850129481708
Stacking,Good,0.07489878542510121,0.5868725868725869,0.9076850129481708
Stacking,Good,0.07557354925775979,0.5868725868725869,0.9076850129481708
Stacking,Good,0.07557354925775979,0.5907335907335908,0.9076850129481708
Stacking,Good,0.07827260458839407,0.5907335907335908,0.9076850129481708
Stacking,Good,0.07827260458839407,0.5926640926640927,0.9076850129481708
Stacking,Good,0.08029689608636977,0.5926640926640927,0.9076850129481708
Stacking,Good,0.08029689608636977,0.5965250965250966,0.9076850129481708
Stacking,Good,0.08097165991902834,0.5965250965250966,0.9076850129481708
Stacking,Good,0.08097165991902834,0.6003861003861004,0.9076850129481708
Stacking,Good,0.08232118758434548,0.6003861003861004,0.9076850129481708
Stacking,Good,0.08232118758434548,0.6042471042471043,0.9076850129481708
Stacking,Good,0.08367071524966262,0.6042471042471043,0.9076850129481708
Stacking,Good,0.08367071524966262,0.6061776061776062,0.9076850129481708
Stacking,Good,0.08434547908232119,0.6061776061776062,0.9076850129481708
Stacking,Good,0.08434547908232119,0.611969111969112,0.9076850129481708
Stacking,Good,0.08502024291497975,0.611969111969112,0.9076850129481708
Stacking,Good,0.08502024291497975,0.6138996138996139,0.9076850129481708
Stacking,Good,0.08569500674763833,0.6138996138996139,0.9076850129481708
Stacking,Good,0.08569500674763833,0.6158301158301158,0.9076850129481708
Stacking,Good,0.08636977058029689,0.6158301158301158,0.9076850129481708
Stacking,Good,0.08636977058029689,0.6177606177606177,0.9076850129481708
Stacking,Good,0.08704453441295547,0.6177606177606177,0.9076850129481708
Stacking,Good,0.08704453441295547,0.6196911196911197,0.9076850129481708
Stacking,Good,0.08771929824561403,0.6196911196911197,0.9076850129481708
Stacking,Good,0.08771929824561403,0.6235521235521235,0.9076850129481708
Stacking,Good,0.0883940620782726,0.6235521235521235,0.9076850129481708
Stacking,Good,0.0883940620782726,0.6274131274131274,0.9076850129481708
Stacking,Good,0.08906882591093117,0.6274131274131274,0.9076850129481708
Stacking,Good,0.08906882591093117,0.638996138996139,0.9076850129481708
Stacking,Good,0.08974358974358974,0.638996138996139,0.9076850129481708
Stacking,Good,0.08974358974358974,0.6428571428571429,0.9076850129481708
Stacking,Good,0.09041835357624832,0.6428571428571429,0.9076850129481708
Stacking,Good,0.09041835357624832,0.6447876447876448,0.9076850129481708
Stacking,Good,0.09109311740890688,0.6447876447876448,0.9076850129481708
Stacking,Good,0.09109311740890688,0.6467181467181468,0.9076850129481708
Stacking,Good,0.09176788124156546,0.6467181467181468,0.9076850129481708
Stacking,Good,0.09176788124156546,0.6505791505791506,0.9076850129481708
Stacking,Good,0.09244264507422402,0.6505791505791506,0.9076850129481708
Stacking,Good,0.09244264507422402,0.6525096525096525,0.9076850129481708
Stacking,Good,0.09446693657219973,0.6525096525096525,0.9076850129481708
Stacking,Good,0.09446693657219973,0.6583011583011583,0.9076850129481708
Stacking,Good,0.0951417004048583,0.6583011583011583,0.9076850129481708
Stacking,Good,0.0951417004048583,0.6602316602316602,0.9076850129481708
Stacking,Good,0.09716599190283401,0.6602316602316602,0.9076850129481708
Stacking,Good,0.09716599190283401,0.6621621621621622,0.9076850129481708
Stacking,Good,0.09784075573549257,0.6621621621621622,0.9076850129481708
Stacking,Good,0.09784075573549257,0.666023166023166,0.9076850129481708
Stacking,Good,0.09851551956815115,0.666023166023166,0.9076850129481708
Stacking,Good,0.09851551956815115,0.6698841698841699,0.9076850129481708
Stacking,Good,0.09986504723346828,0.6698841698841699,0.9076850129481708
Stacking,Good,0.09986504723346828,0.6718146718146718,0.9076850129481708
Stacking,Good,0.10053981106612686,0.6718146718146718,0.9076850129481708
Stacking,Good,0.10053981106612686,0.6756756756756757,0.9076850129481708
Stacking,Good,0.10121457489878542,0.6756756756756757,0.9076850129481708
Stacking,Good,0.10121457489878542,0.6795366795366795,0.9076850129481708
Stacking,Good,0.101889338731444,0.6795366795366795,0.9076850129481708
Stacking,Good,0.101889338731444,0.6833976833976834,0.9076850129481708
Stacking,Good,0.10256410256410256,0.6833976833976834,0.9076850129481708
Stacking,Good,0.10256410256410256,0.6853281853281853,0.9076850129481708
Stacking,Good,0.10323886639676114,0.6853281853281853,0.9076850129481708
Stacking,Good,0.10323886639676114,0.6872586872586872,0.9076850129481708
Stacking,Good,0.1039136302294197,0.6872586872586872,0.9076850129481708
Stacking,Good,0.1039136302294197,0.6891891891891891,0.9076850129481708
Stacking,Good,0.10458839406207827,0.6891891891891891,0.9076850129481708
Stacking,Good,0.10458839406207827,0.696911196911197,0.9076850129481708
Stacking,Good,0.10593792172739541,0.696911196911197,0.9076850129481708
Stacking,Good,0.10593792172739541,0.7123552123552124,0.9076850129481708
Stacking,Good,0.10796221322537113,0.7123552123552124,0.9076850129481708
Stacking,Good,0.10796221322537113,0.7142857142857143,0.9076850129481708
Stacking,Good,0.10998650472334683,0.7142857142857143,0.9076850129481708
Stacking,Good,0.10998650472334683,0.7162162162162162,0.9076850129481708
Stacking,Good,0.1126855600539811,0.7162162162162162,0.9076850129481708
Stacking,Good,0.1126855600539811,0.722007722007722,0.9076850129481708
Stacking,Good,0.11336032388663968,0.722007722007722,0.9076850129481708
Stacking,Good,0.11336032388663968,0.7239382239382239,0.9076850129481708
Stacking,Good,0.11403508771929824,0.7239382239382239,0.9076850129481708
Stacking,Good,0.11403508771929824,0.7277992277992278,0.9076850129481708
Stacking,Good,0.11470985155195682,0.7277992277992278,0.9076850129481708
Stacking,Good,0.11470985155195682,0.7297297297297297,0.9076850129481708
Stacking,Good,0.11538461538461539,0.7297297297297297,0.9076850129481708
Stacking,Good,0.11538461538461539,0.7316602316602316,0.9076850129481708
Stacking,Good,0.11605937921727395,0.7316602316602316,0.9076850129481708
Stacking,Good,0.11605937921727395,0.7335907335907336,0.9076850129481708
Stacking,Good,0.11673414304993253,0.7335907335907336,0.9076850129481708
Stacking,Good,0.11673414304993253,0.7393822393822393,0.9076850129481708
Stacking,Good,0.11808367071524967,0.7393822393822393,0.9076850129481708
Stacking,Good,0.11808367071524967,0.7413127413127413,0.9076850129481708
Stacking,Good,0.1194331983805668,0.7413127413127413,0.9076850129481708
Stacking,Good,0.1194331983805668,0.7432432432432432,0.9076850129481708
Stacking,Good,0.12010796221322537,0.7432432432432432,0.9076850129481708
Stacking,Good,0.12010796221322537,0.747104247104247,0.9076850129481708
Stacking,Good,0.12078272604588394,0.747104247104247,0.9076850129481708
Stacking,Good,0.12078272604588394,0.749034749034749,0.9076850129481708
Stacking,Good,0.1214574898785425,0.749034749034749,0.9076850129481708
Stacking,Good,0.1214574898785425,0.752895752895753,0.9076850129481708
Stacking,Good,0.12213225371120108,0.752895752895753,0.9076850129481708
Stacking,Good,0.12213225371120108,0.7548262548262549,0.9076850129481708
Stacking,Good,0.1241565452091768,0.7548262548262549,0.9076850129481708
Stacking,Good,0.1241565452091768,0.7567567567567568,0.9076850129481708
Stacking,Good,0.12483130904183536,0.7567567567567568,0.9076850129481708
Stacking,Good,0.12483130904183536,0.7606177606177607,0.9076850129481708
Stacking,Good,0.12685560053981107,0.7606177606177607,0.9076850129481708
Stacking,Good,0.12685560053981107,0.7625482625482626,0.9076850129481708
Stacking,Good,0.12887989203778677,0.7625482625482626,0.9076850129481708
Stacking,Good,0.12887989203778677,0.7741312741312741,0.9076850129481708
Stacking,Good,0.13090418353576247,0.7741312741312741,0.9076850129481708
Stacking,Good,0.13090418353576247,0.7799227799227799,0.9076850129481708
Stacking,Good,0.13225371120107962,0.7799227799227799,0.9076850129481708
Stacking,Good,0.13225371120107962,0.7837837837837838,0.9076850129481708
Stacking,Good,0.1349527665317139,0.7837837837837838,0.9076850129481708
Stacking,Good,0.1349527665317139,0.7895752895752896,0.9076850129481708
Stacking,Good,0.13765182186234817,0.7895752895752896,0.9076850129481708
Stacking,Good,0.13765182186234817,0.7915057915057915,0.9076850129481708
Stacking,Good,0.13832658569500675,0.7915057915057915,0.9076850129481708
Stacking,Good,0.13832658569500675,0.7953667953667953,0.9076850129481708
Stacking,Good,0.13900134952766532,0.7953667953667953,0.9076850129481708
Stacking,Good,0.13900134952766532,0.7992277992277992,0.9076850129481708
Stacking,Good,0.14237516869095818,0.7992277992277992,0.9076850129481708
Stacking,Good,0.14237516869095818,0.803088803088803,0.9076850129481708
Stacking,Good,0.145748987854251,0.803088803088803,0.9076850129481708
Stacking,Good,0.145748987854251,0.806949806949807,0.9076850129481708
Stacking,Good,0.14709851551956815,0.806949806949807,0.9076850129481708
Stacking,Good,0.14709851551956815,0.8088803088803089,0.9076850129481708
Stacking,Good,0.14777327935222673,0.8088803088803089,0.9076850129481708
Stacking,Good,0.14777327935222673,0.8108108108108109,0.9076850129481708
Stacking,Good,0.15384615384615385,0.8108108108108109,0.9076850129481708
Stacking,Good,0.15384615384615385,0.8127413127413128,0.9076850129481708
Stacking,Good,0.15654520917678813,0.8127413127413128,0.9076850129481708
Stacking,Good,0.15654520917678813,0.8146718146718147,0.9076850129481708
Stacking,Good,0.1572199730094467,0.8146718146718147,0.9076850129481708
Stacking,Good,0.1572199730094467,0.8223938223938224,0.9076850129481708
Stacking,Good,0.15789473684210525,0.8223938223938224,0.9076850129481708
Stacking,Good,0.15789473684210525,0.8243243243243243,0.9076850129481708
Stacking,Good,0.15856950067476383,0.8243243243243243,0.9076850129481708
Stacking,Good,0.15856950067476383,0.8262548262548263,0.9076850129481708
Stacking,Good,0.1592442645074224,0.8262548262548263,0.9076850129481708
Stacking,Good,0.1592442645074224,0.8281853281853282,0.9076850129481708
Stacking,Good,0.16059379217273953,0.8281853281853282,0.9076850129481708
Stacking,Good,0.16059379217273953,0.832046332046332,0.9076850129481708
Stacking,Good,0.16194331983805668,0.832046332046332,0.9076850129481708
Stacking,Good,0.16194331983805668,0.833976833976834,0.9076850129481708
Stacking,Good,0.16261808367071526,0.833976833976834,0.9076850129481708
Stacking,Good,0.16261808367071526,0.8397683397683398,0.9076850129481708
Stacking,Good,0.16396761133603238,0.8397683397683398,0.9076850129481708
Stacking,Good,0.16396761133603238,0.8416988416988417,0.9076850129481708
Stacking,Good,0.16531713900134953,0.8416988416988417,0.9076850129481708
Stacking,Good,0.16531713900134953,0.8436293436293436,0.9076850129481708
Stacking,Good,0.1680161943319838,0.8436293436293436,0.9076850129481708
Stacking,Good,0.1680161943319838,0.8455598455598455,0.9076850129481708
Stacking,Good,0.16869095816464239,0.8455598455598455,0.9076850129481708
Stacking,Good,0.16869095816464239,0.8494208494208494,0.9076850129481708
Stacking,Good,0.16936572199730093,0.8494208494208494,0.9076850129481708
Stacking,Good,0.16936572199730093,0.8513513513513513,0.9076850129481708
Stacking,Good,0.17071524966261808,0.8513513513513513,0.9076850129481708
Stacking,Good,0.17071524966261808,0.8552123552123552,0.9076850129481708
Stacking,Good,0.1720647773279352,0.8552123552123552,0.9076850129481708
Stacking,Good,0.1720647773279352,0.859073359073359,0.9076850129481708
Stacking,Good,0.17611336032388664,0.859073359073359,0.9076850129481708
Stacking,Good,0.17611336032388664,0.861003861003861,0.9076850129481708
Stacking,Good,0.18421052631578946,0.861003861003861,0.9076850129481708
Stacking,Good,0.18421052631578946,0.8648648648648649,0.9076850129481708
Stacking,Good,0.18556005398110662,0.8648648648648649,0.9076850129481708
Stacking,Good,0.18556005398110662,0.8667953667953668,0.9076850129481708
Stacking,Good,0.1862348178137652,0.8667953667953668,0.9076850129481708
Stacking,Good,0.1862348178137652,0.8687258687258688,0.9076850129481708
Stacking,Good,0.18960863697705804,0.8687258687258688,0.9076850129481708
Stacking,Good,0.18960863697705804,0.8706563706563707,0.9076850129481708
Stacking,Good,0.19095816464237517,0.8706563706563707,0.9076850129481708
Stacking,Good,0.19095816464237517,0.8745173745173745,0.9076850129481708
Stacking,Good,0.19365721997300944,0.8745173745173745,0.9076850129481708
Stacking,Good,0.19365721997300944,0.8764478764478765,0.9076850129481708
Stacking,Good,0.19433198380566802,0.8764478764478765,0.9076850129481708
Stacking,Good,0.19433198380566802,0.8783783783783784,0.9076850129481708
Stacking,Good,0.19568151147098514,0.8783783783783784,0.9076850129481708
Stacking,Good,0.19568151147098514,0.8803088803088803,0.9076850129481708
Stacking,Good,0.19635627530364372,0.8803088803088803,0.9076850129481708
Stacking,Good,0.19635627530364372,0.8841698841698842,0.9076850129481708
Stacking,Good,0.19770580296896087,0.8841698841698842,0.9076850129481708
Stacking,Good,0.19770580296896087,0.8861003861003861,0.9076850129481708
Stacking,Good,0.20040485829959515,0.8861003861003861,0.9076850129481708
Stacking,Good,0.20040485829959515,0.88996138996139,0.9076850129481708
Stacking,Good,0.20175438596491227,0.88996138996139,0.9076850129481708
Stacking,Good,0.20175438596491227,0.8918918918918919,0.9076850129481708
Stacking,Good,0.203778677462888,0.8918918918918919,0.9076850129481708
Stacking,Good,0.203778677462888,0.8957528957528957,0.9076850129481708
Stacking,Good,0.2125506072874494,0.8957528957528957,0.9076850129481708
Stacking,Good,0.2125506072874494,0.8976833976833977,0.9076850129481708
Stacking,Good,0.2165991902834008,0.8976833976833977,0.9076850129481708
Stacking,Good,0.2165991902834008,0.9015444015444015,0.9076850129481708
Stacking,Good,0.21727395411605938,0.9015444015444015,0.9076850129481708
Stacking,Good,0.21727395411605938,0.9034749034749034,0.9076850129481708
Stacking,Good,0.2233468286099865,0.9034749034749034,0.9076850129481708
Stacking,Good,0.2233468286099865,0.9054054054054054,0.9076850129481708
Stacking,Good,0.22604588394062078,0.9054054054054054,0.9076850129481708
Stacking,Good,0.22604588394062078,0.9073359073359073,0.9076850129481708
Stacking,Good,0.22672064777327935,0.9073359073359073,0.9076850129481708
Stacking,Good,0.22672064777327935,0.9111969111969112,0.9076850129481708
Stacking,Good,0.22874493927125505,0.9111969111969112,0.9076850129481708
Stacking,Good,0.22874493927125505,0.9131274131274131,0.9076850129481708
Stacking,Good,0.22941970310391363,0.9131274131274131,0.9076850129481708
Stacking,Good,0.22941970310391363,0.915057915057915,0.9076850129481708
Stacking,Good,0.2300944669365722,0.915057915057915,0.9076850129481708
Stacking,Good,0.2300944669365722,0.916988416988417,0.9076850129481708
Stacking,Good,0.23616734143049933,0.916988416988417,0.9076850129481708
Stacking,Good,0.23616734143049933,0.918918918918919,0.9076850129481708
Stacking,Good,0.23684210526315788,0.918918918918919,0.9076850129481708
Stacking,Good,0.23684210526315788,0.9208494208494209,0.9076850129481708
Stacking,Good,0.242914979757085,0.9208494208494209,0.9076850129481708
Stacking,Good,0.242914979757085,0.9227799227799228,0.9076850129481708
Stacking,Good,0.24561403508771928,0.9227799227799228,0.9076850129481708
Stacking,Good,0.24561403508771928,0.9247104247104247,0.9076850129481708
Stacking,Good,0.25573549257759787,0.9247104247104247,0.9076850129481708
Stacking,Good,0.25573549257759787,0.9266409266409267,0.9076850129481708
Stacking,Good,0.26045883940620784,0.9266409266409267,0.9076850129481708
Stacking,Good,0.26045883940620784,0.9285714285714286,0.9076850129481708
Stacking,Good,0.2611336032388664,0.9285714285714286,0.9076850129481708
Stacking,Good,0.2611336032388664,0.9305019305019305,0.9076850129481708
Stacking,Good,0.2658569500674764,0.9305019305019305,0.9076850129481708
Stacking,Good,0.2658569500674764,0.9324324324324325,0.9076850129481708
Stacking,Good,0.2692307692307692,0.9324324324324325,0.9076850129481708
Stacking,Good,0.2692307692307692,0.9343629343629344,0.9076850129481708
Stacking,Good,0.27530364372469635,0.9343629343629344,0.9076850129481708
Stacking,Good,0.27530364372469635,0.9362934362934363,0.9076850129481708
Stacking,Good,0.2813765182186235,0.9362934362934363,0.9076850129481708
Stacking,Good,0.2813765182186235,0.9401544401544402,0.9076850129481708
Stacking,Good,0.2854251012145749,0.9401544401544402,0.9076850129481708
Stacking,Good,0.2854251012145749,0.9420849420849421,0.9076850129481708
Stacking,Good,0.2901484480431849,0.9420849420849421,0.9076850129481708
Stacking,Good,0.2901484480431849,0.944015444015444,0.9076850129481708
Stacking,Good,0.30229419703103916,0.944015444015444,0.9076850129481708
Stacking,Good,0.30229419703103916,0.9459459459459459,0.9076850129481708
Stacking,Good,0.30431848852901483,0.9459459459459459,0.9076850129481708
Stacking,Good,0.30431848852901483,0.9478764478764479,0.9076850129481708
Stacking,Good,0.31039136302294196,0.9478764478764479,0.9076850129481708
Stacking,Good,0.31039136302294196,0.9498069498069498,0.9076850129481708
Stacking,Good,0.31309041835357626,0.9498069498069498,0.9076850129481708
Stacking,Good,0.31309041835357626,0.9536679536679536,0.9076850129481708
Stacking,Good,0.3144399460188934,0.9536679536679536,0.9076850129481708
Stacking,Good,0.3144399460188934,0.9575289575289575,0.9076850129481708
Stacking,Good,0.3225371120107962,0.9575289575289575,0.9076850129481708
Stacking,Good,0.3225371120107962,0.9594594594594594,0.9076850129481708
Stacking,Good,0.3299595141700405,0.9594594594594594,0.9076850129481708
Stacking,Good,0.3299595141700405,0.9613899613899614,0.9076850129481708
Stacking,Good,0.34547908232118757,0.9613899613899614,0.9076850129481708
Stacking,Good,0.34547908232118757,0.9671814671814671,0.9076850129481708
Stacking,Good,0.35290148448043185,0.9671814671814671,0.9076850129481708
Stacking,Good,0.35290148448043185,0.9691119691119691,0.9076850129481708
Stacking,Good,0.3792172739541161,0.9691119691119691,0.9076850129481708
Stacking,Good,0.3792172739541161,0.971042471042471,0.9076850129481708
Stacking,Good,0.3805668016194332,0.971042471042471,0.9076850129481708
Stacking,Good,0.3805668016194332,0.972972972972973,0.9076850129481708
Stacking,Good,0.3960863697705803,0.972972972972973,0.9076850129481708
Stacking,Good,0.3960863697705803,0.974903474903475,0.9076850129481708
Stacking,Good,0.3974358974358974,0.974903474903475,0.9076850129481708
Stacking,Good,0.3974358974358974,0.9768339768339769,0.9076850129481708
Stacking,Good,0.41632928475033737,0.9768339768339769,0.9076850129481708
Stacking,Good,0.41632928475033737,0.9787644787644788,0.9076850129481708
Stacking,Good,0.4183535762483131,0.9787644787644788,0.9076850129481708
Stacking,Good,0.4183535762483131,0.9806949806949807,0.9076850129481708
Stacking,Good,0.4203778677462888,0.9806949806949807,0.9076850129481708
Stacking,Good,0.4203778677462888,0.9826254826254827,0.9076850129481708
Stacking,Good,0.5863697705802969,0.9826254826254827,0.9076850129481708
Stacking,Good,0.5863697705802969,0.9845559845559846,0.9076850129481708
Stacking,Good,0.5924426450742241,0.9845559845559846,0.9076850129481708
Stacking,Good,0.5924426450742241,0.9864864864864865,0.9076850129481708
Stacking,Good,0.5931174089068826,0.9864864864864865,0.9076850129481708
Stacking,Good,0.5931174089068826,0.9884169884169884,0.9076850129481708
Stacking,Good,0.5937921727395412,0.9884169884169884,0.9076850129481708
Stacking,Good,0.5937921727395412,0.9903474903474904,0.9076850129481708
Stacking,Good,0.5951417004048583,0.9903474903474904,0.9076850129481708
Stacking,Good,0.5951417004048583,0.9922779922779923,0.9076850129481708
Stacking,Good,0.5964912280701754,0.9922779922779923,0.9076850129481708
Stacking,Good,0.5964912280701754,0.9942084942084942,0.9076850129481708
Stacking,Good,0.6039136302294197,0.9942084942084942,0.9076850129481708
Stacking,Good,0.6039136302294197,0.9961389961389961,0.9076850129481708
Stacking,Good,0.6079622132253711,0.9961389961389961,0.9076850129481708
Stacking,Good,0.6079622132253711,0.9980694980694981,0.9076850129481708
Stacking,Good,0.6147098515519568,0.9980694980694981,0.9076850129481708
Stacking,Good,0.6147098515519568,1.0,0.9076850129481708
Stacking,Good,1.0,1.0,0.9076850129481708
Multinomial_Logistic,Excellent,0.0,0.0,0.9807291686697717
Multinomial_Logistic,Excellent,0.0,0.0018832391713747645,0.9807291686697717
Multinomial_Logistic,Excellent,0.0,0.384180790960452,0.9807291686697717
Multinomial_Logistic,Excellent,0.0006807351940095302,0.384180790960452,0.9807291686697717
Multinomial_Logistic,Excellent,0.0006807351940095302,0.4783427495291902,0.9807291686697717
Multinomial_Logistic,Excellent,0.0013614703880190605,0.4783427495291902,0.9807291686697717
Multinomial_Logistic,Excellent,0.0013614703880190605,0.5536723163841808,0.9807291686697717
Multinomial_Logistic,Excellent,0.0020422055820285907,0.5536723163841808,0.9807291686697717
Multinomial_Logistic,Excellent,0.0020422055820285907,0.568738229755179,0.9807291686697717
Multinomial_Logistic,Excellent,0.002722940776038121,0.568738229755179,0.9807291686697717
Multinomial_Logistic,Excellent,0.002722940776038121,0.5988700564971752,0.9807291686697717
Multinomial_Logistic,Excellent,0.0034036759700476512,0.5988700564971752,0.9807291686697717
Multinomial_Logistic,Excellent,0.0034036759700476512,0.6346516007532956,0.9807291686697717
Multinomial_Logistic,Excellent,0.0040844111640571815,0.6346516007532956,0.9807291686697717
Multinomial_Logistic,Excellent,0.0040844111640571815,0.6572504708097928,0.9807291686697717
Multinomial_Logistic,Excellent,0.004765146358066712,0.6572504708097928,0.9807291686697717
Multinomial_Logistic,Excellent,0.004765146358066712,0.672316384180791,0.9807291686697717
Multinomial_Logistic,Excellent,0.005445881552076242,0.672316384180791,0.9807291686697717
Multinomial_Logistic,Excellent,0.005445881552076242,0.6760828625235404,0.9807291686697717
Multinomial_Logistic,Excellent,0.006126616746085773,0.6760828625235404,0.9807291686697717
Multinomial_Logistic,Excellent,0.006126616746085773,0.6817325800376648,0.9807291686697717
Multinomial_Logistic,Excellent,0.0068073519400953025,0.6817325800376648,0.9807291686697717
Multinomial_Logistic,Excellent,0.0068073519400953025,0.6836158192090396,0.9807291686697717
Multinomial_Logistic,Excellent,0.007488087134104833,0.6836158192090396,0.9807291686697717
Multinomial_Logistic,Excellent,0.007488087134104833,0.687382297551789,0.9807291686697717
Multinomial_Logistic,Excellent,0.008849557522123894,0.687382297551789,0.9807291686697717
Multinomial_Logistic,Excellent,0.008849557522123894,0.6911487758945386,0.9807291686697717
Multinomial_Logistic,Excellent,0.009530292716133424,0.6911487758945386,0.9807291686697717
Multinomial_Logistic,Excellent,0.009530292716133424,0.704331450094162,0.9807291686697717
Multinomial_Logistic,Excellent,0.010211027910142955,0.704331450094162,0.9807291686697717
Multinomial_Logistic,Excellent,0.010211027910142955,0.7175141242937854,0.9807291686697717
Multinomial_Logistic,Excellent,0.011572498298162015,0.7175141242937854,0.9807291686697717
Multinomial_Logistic,Excellent,0.011572498298162015,0.7250470809792844,0.9807291686697717
Multinomial_Logistic,Excellent,0.012253233492171545,0.7250470809792844,0.9807291686697717
Multinomial_Logistic,Excellent,0.012253233492171545,0.7269303201506592,0.9807291686697717
Multinomial_Logistic,Excellent,0.014295439074200136,0.7269303201506592,0.9807291686697717
Multinomial_Logistic,Excellent,0.014295439074200136,0.7288135593220338,0.9807291686697717
Multinomial_Logistic,Excellent,0.014976174268209666,0.7288135593220338,0.9807291686697717
Multinomial_Logistic,Excellent,0.014976174268209666,0.7325800376647834,0.9807291686697717
Multinomial_Logistic,Excellent,0.015656909462219197,0.7325800376647834,0.9807291686697717
Multinomial_Logistic,Excellent,0.015656909462219197,0.7627118644067796,0.9807291686697717
Multinomial_Logistic,Excellent,0.016337644656228726,0.7627118644067796,0.9807291686697717
Multinomial_Logistic,Excellent,0.016337644656228726,0.768361581920904,0.9807291686697717
Multinomial_Logistic,Excellent,0.01701837985023826,0.768361581920904,0.9807291686697717
Multinomial_Logistic,Excellent,0.01701837985023826,0.7721280602636534,0.9807291686697717
Multinomial_Logistic,Excellent,0.018379850238257316,0.7721280602636534,0.9807291686697717
Multinomial_Logistic,Excellent,0.018379850238257316,0.7796610169491526,0.9807291686697717
Multinomial_Logistic,Excellent,0.02042205582028591,0.7796610169491526,0.9807291686697717
Multinomial_Logistic,Excellent,0.02042205582028591,0.7871939736346516,0.9807291686697717
Multinomial_Logistic,Excellent,0.021783526208304968,0.7871939736346516,0.9807291686697717
Multinomial_Logistic,Excellent,0.021783526208304968,0.7966101694915254,0.9807291686697717
Multinomial_Logistic,Excellent,0.0224642614023145,0.7966101694915254,0.9807291686697717
Multinomial_Logistic,Excellent,0.0224642614023145,0.7984934086629002,0.9807291686697717
Multinomial_Logistic,Excellent,0.02314499659632403,0.7984934086629002,0.9807291686697717
Multinomial_Logistic,Excellent,0.02314499659632403,0.800376647834275,0.9807291686697717
Multinomial_Logistic,Excellent,0.02518720217835262,0.800376647834275,0.9807291686697717
Multinomial_Logistic,Excellent,0.02518720217835262,0.8060263653483992,0.9807291686697717
Multinomial_Logistic,Excellent,0.025867937372362152,0.8060263653483992,0.9807291686697717
Multinomial_Logistic,Excellent,0.025867937372362152,0.807909604519774,0.9807291686697717
Multinomial_Logistic,Excellent,0.02654867256637168,0.807909604519774,0.9807291686697717
Multinomial_Logistic,Excellent,0.02654867256637168,0.8116760828625236,0.9807291686697717
Multinomial_Logistic,Excellent,0.027910142954390742,0.8116760828625236,0.9807291686697717
Multinomial_Logistic,Excellent,0.027910142954390742,0.8135593220338984,0.9807291686697717
Multinomial_Logistic,Excellent,0.02859087814840027,0.8135593220338984,0.9807291686697717
Multinomial_Logistic,Excellent,0.02859087814840027,0.8173258003766478,0.9807291686697717
Multinomial_Logistic,Excellent,0.029952348536419333,0.8173258003766478,0.9807291686697717
Multinomial_Logistic,Excellent,0.029952348536419333,0.8192090395480226,0.9807291686697717
Multinomial_Logistic,Excellent,0.031313818924438394,0.8192090395480226,0.9807291686697717
Multinomial_Logistic,Excellent,0.031313818924438394,0.8229755178907722,0.9807291686697717
Multinomial_Logistic,Excellent,0.03403675970047652,0.8229755178907722,0.9807291686697717
Multinomial_Logistic,Excellent,0.03403675970047652,0.8267419962335216,0.9807291686697717
Multinomial_Logistic,Excellent,0.035398230088495575,0.8267419962335216,0.9807291686697717
Multinomial_Logistic,Excellent,0.035398230088495575,0.8286252354048964,0.9807291686697717
Multinomial_Logistic,Excellent,0.03607896528250511,0.8286252354048964,0.9807291686697717
Multinomial_Logistic,Excellent,0.03607896528250511,0.8361581920903954,0.9807291686697717
Multinomial_Logistic,Excellent,0.0381211708645337,0.8361581920903954,0.9807291686697717
Multinomial_Logistic,Excellent,0.0381211708645337,0.8380414312617702,0.9807291686697717
Multinomial_Logistic,Excellent,0.03880190605854323,0.8380414312617702,0.9807291686697717
Multinomial_Logistic,Excellent,0.03880190605854323,0.839924670433145,0.9807291686697717
Multinomial_Logistic,Excellent,0.039482641252552755,0.839924670433145,0.9807291686697717
Multinomial_Logistic,Excellent,0.039482641252552755,0.8455743879472694,0.9807291686697717
Multinomial_Logistic,Excellent,0.04084411164057182,0.8455743879472694,0.9807291686697717
Multinomial_Logistic,Excellent,0.04084411164057182,0.8493408662900188,0.9807291686697717
Multinomial_Logistic,Excellent,0.041524846834581346,0.8493408662900188,0.9807291686697717
Multinomial_Logistic,Excellent,0.041524846834581346,0.8512241054613936,0.9807291686697717
Multinomial_Logistic,Excellent,0.04220558202859088,0.8512241054613936,0.9807291686697717
Multinomial_Logistic,Excellent,0.04220558202859088,0.8531073446327684,0.9807291686697717
Multinomial_Logistic,Excellent,0.043567052416609936,0.8531073446327684,0.9807291686697717
Multinomial_Logistic,Excellent,0.043567052416609936,0.8549905838041432,0.9807291686697717
Multinomial_Logistic,Excellent,0.045609257998638526,0.8549905838041432,0.9807291686697717
Multinomial_Logistic,Excellent,0.045609257998638526,0.8568738229755178,0.9807291686697717
Multinomial_Logistic,Excellent,0.04833219877467665,0.8568738229755178,0.9807291686697717
Multinomial_Logistic,Excellent,0.04833219877467665,0.8587570621468926,0.9807291686697717
Multinomial_Logistic,Excellent,0.049693669162695714,0.8587570621468926,0.9807291686697717
Multinomial_Logistic,Excellent,0.049693669162695714,0.864406779661017,0.9807291686697717
Multinomial_Logistic,Excellent,0.05037440435670524,0.864406779661017,0.9807291686697717
Multinomial_Logistic,Excellent,0.05037440435670524,0.871939736346516,0.9807291686697717
Multinomial_Logistic,Excellent,0.051735874744724304,0.871939736346516,0.9807291686697717
Multinomial_Logistic,Excellent,0.051735874744724304,0.8738229755178908,0.9807291686697717
Multinomial_Logistic,Excellent,0.05241660993873383,0.8738229755178908,0.9807291686697717
Multinomial_Logistic,Excellent,0.05241660993873383,0.8813559322033898,0.9807291686697717
Multinomial_Logistic,Excellent,0.053778080326752895,0.8813559322033898,0.9807291686697717
Multinomial_Logistic,Excellent,0.053778080326752895,0.8832391713747646,0.9807291686697717
Multinomial_Logistic,Excellent,0.05445881552076242,0.8832391713747646,0.9807291686697717
Multinomial_Logistic,Excellent,0.05445881552076242,0.8851224105461394,0.9807291686697717
Multinomial_Logistic,Excellent,0.05513955071477195,0.8851224105461394,0.9807291686697717
Multinomial_Logistic,Excellent,0.05513955071477195,0.8870056497175142,0.9807291686697717
Multinomial_Logistic,Excellent,0.05718175629680054,0.8870056497175142,0.9807291686697717
Multinomial_Logistic,Excellent,0.05718175629680054,0.8907721280602636,0.9807291686697717
Multinomial_Logistic,Excellent,0.057862491490810075,0.8907721280602636,0.9807291686697717
Multinomial_Logistic,Excellent,0.057862491490810075,0.8926553672316384,0.9807291686697717
Multinomial_Logistic,Excellent,0.05854322668481961,0.8926553672316384,0.9807291686697717
Multinomial_Logistic,Excellent,0.05854322668481961,0.896421845574388,0.9807291686697717
Multinomial_Logistic,Excellent,0.059904697072838665,0.896421845574388,0.9807291686697717
Multinomial_Logistic,Excellent,0.059904697072838665,0.9001883239171374,0.9807291686697717
Multinomial_Logistic,Excellent,0.0605854322668482,0.9001883239171374,0.9807291686697717
Multinomial_Logistic,Excellent,0.0605854322668482,0.9096045197740112,0.9807291686697717
Multinomial_Logistic,Excellent,0.06126616746085772,0.9096045197740112,0.9807291686697717
Multinomial_Logistic,Excellent,0.06126616746085772,0.9133709981167608,0.9807291686697717
Multinomial_Logistic,Excellent,0.06262763784887679,0.9133709981167608,0.9807291686697717
Multinomial_Logistic,Excellent,0.06262763784887679,0.9171374764595104,0.9807291686697717
Multinomial_Logistic,Excellent,0.06603131381892444,0.9171374764595104,0.9807291686697717
Multinomial_Logistic,Excellent,0.06603131381892444,0.9190207156308852,0.9807291686697717
Multinomial_Logistic,Excellent,0.06943498978897208,0.9190207156308852,0.9807291686697717
Multinomial_Logistic,Excellent,0.06943498978897208,0.9209039548022598,0.9807291686697717
Multinomial_Logistic,Excellent,0.07351940095302927,0.9209039548022598,0.9807291686697717
Multinomial_Logistic,Excellent,0.07351940095302927,0.9227871939736346,0.9807291686697717
Multinomial_Logistic,Excellent,0.07896528250510551,0.9227871939736346,0.9807291686697717
Multinomial_Logistic,Excellent,0.07896528250510551,0.9265536723163842,0.9807291686697717
Multinomial_Logistic,Excellent,0.08032675289312458,0.9265536723163842,0.9807291686697717
Multinomial_Logistic,Excellent,0.08032675289312458,0.9303201506591338,0.9807291686697717
Multinomial_Logistic,Excellent,0.08100748808713411,0.9303201506591338,0.9807291686697717
Multinomial_Logistic,Excellent,0.08100748808713411,0.9322033898305084,0.9807291686697717
Multinomial_Logistic,Excellent,0.08236895847515316,0.9322033898305084,0.9807291686697717
Multinomial_Logistic,Excellent,0.08236895847515316,0.9340866290018832,0.9807291686697717
Multinomial_Logistic,Excellent,0.08645336963921035,0.9340866290018832,0.9807291686697717
Multinomial_Logistic,Excellent,0.08645336963921035,0.9378531073446328,0.9807291686697717
Multinomial_Logistic,Excellent,0.089857045609258,0.9378531073446328,0.9807291686697717
Multinomial_Logistic,Excellent,0.089857045609258,0.9397363465160076,0.9807291686697717
Multinomial_Logistic,Excellent,0.09053778080326753,0.9397363465160076,0.9807291686697717
Multinomial_Logistic,Excellent,0.09053778080326753,0.9416195856873822,0.9807291686697717
Multinomial_Logistic,Excellent,0.09598366235534377,0.9416195856873822,0.9807291686697717
Multinomial_Logistic,Excellent,0.09598366235534377,0.943502824858757,0.9807291686697717
Multinomial_Logistic,Excellent,0.10074880871341048,0.943502824858757,0.9807291686697717
Multinomial_Logistic,Excellent,0.10074880871341048,0.9453860640301318,0.9807291686697717
Multinomial_Logistic,Excellent,0.10279101429543908,0.9453860640301318,0.9807291686697717
Multinomial_Logistic,Excellent,0.10279101429543908,0.9472693032015066,0.9807291686697717
Multinomial_Logistic,Excellent,0.10959836623553437,0.9472693032015066,0.9807291686697717
Multinomial_Logistic,Excellent,0.10959836623553437,0.9510357815442562,0.9807291686697717
Multinomial_Logistic,Excellent,0.1307011572498298,0.9510357815442562,0.9807291686697717
Multinomial_Logistic,Excellent,0.1307011572498298,0.9529190207156308,0.9807291686697717
Multinomial_Logistic,Excellent,0.13206262763784887,0.9529190207156308,0.9807291686697717
Multinomial_Logistic,Excellent,0.13206262763784887,0.9548022598870056,0.9807291686697717
Multinomial_Logistic,Excellent,0.13614703880190607,0.9548022598870056,0.9807291686697717
Multinomial_Logistic,Excellent,0.13614703880190607,0.9566854990583804,0.9807291686697717
Multinomial_Logistic,Excellent,0.14023144996596323,0.9566854990583804,0.9807291686697717
Multinomial_Logistic,Excellent,0.14023144996596323,0.9585687382297552,0.9807291686697717
Multinomial_Logistic,Excellent,0.14091218515997278,0.9585687382297552,0.9807291686697717
Multinomial_Logistic,Excellent,0.14091218515997278,0.96045197740113,0.9807291686697717
Multinomial_Logistic,Excellent,0.1415929203539823,0.96045197740113,0.9807291686697717
Multinomial_Logistic,Excellent,0.1415929203539823,0.9623352165725048,0.9807291686697717
Multinomial_Logistic,Excellent,0.14499659632402995,0.9623352165725048,0.9807291686697717
Multinomial_Logistic,Excellent,0.14499659632402995,0.9642184557438794,0.9807291686697717
Multinomial_Logistic,Excellent,0.146358066712049,0.9642184557438794,0.9807291686697717
Multinomial_Logistic,Excellent,0.146358066712049,0.9661016949152542,0.9807291686697717
Multinomial_Logistic,Excellent,0.14771953710006808,0.9661016949152542,0.9807291686697717
Multinomial_Logistic,Excellent,0.14771953710006808,0.967984934086629,0.9807291686697717
Multinomial_Logistic,Excellent,0.15112321307011573,0.967984934086629,0.9807291686697717
Multinomial_Logistic,Excellent,0.15112321307011573,0.9698681732580038,0.9807291686697717
Multinomial_Logistic,Excellent,0.16065350578624915,0.9698681732580038,0.9807291686697717
Multinomial_Logistic,Excellent,0.16065350578624915,0.9717514124293786,0.9807291686697717
Multinomial_Logistic,Excellent,0.16201497617426822,0.9717514124293786,0.9807291686697717
Multinomial_Logistic,Excellent,0.16201497617426822,0.9736346516007532,0.9807291686697717
Multinomial_Logistic,Excellent,0.1640571817562968,0.9736346516007532,0.9807291686697717
Multinomial_Logistic,Excellent,0.1640571817562968,0.975517890772128,0.9807291686697717
Multinomial_Logistic,Excellent,0.1729067392784207,0.975517890772128,0.9807291686697717
Multinomial_Logistic,Excellent,0.1729067392784207,0.9774011299435028,0.9807291686697717
Multinomial_Logistic,Excellent,0.1749489448604493,0.9774011299435028,0.9807291686697717
Multinomial_Logistic,Excellent,0.1749489448604493,0.9792843691148776,0.9807291686697717
Multinomial_Logistic,Excellent,0.17903335602450646,0.9792843691148776,0.9807291686697717
Multinomial_Logistic,Excellent,0.17903335602450646,0.9811676082862524,0.9807291686697717
Multinomial_Logistic,Excellent,0.179714091218516,0.9811676082862524,0.9807291686697717
Multinomial_Logistic,Excellent,0.179714091218516,0.9868173258003766,0.9807291686697717
Multinomial_Logistic,Excellent,0.18584070796460178,0.9868173258003766,0.9807291686697717
Multinomial_Logistic,Excellent,0.18584070796460178,0.9887005649717514,0.9807291686697717
Multinomial_Logistic,Excellent,0.18992511912865895,0.9887005649717514,0.9807291686697717
Multinomial_Logistic,Excellent,0.18992511912865895,0.9905838041431262,0.9807291686697717
Multinomial_Logistic,Excellent,0.19469026548672566,0.9905838041431262,0.9807291686697717
Multinomial_Logistic,Excellent,0.19469026548672566,0.992467043314501,0.9807291686697717
Multinomial_Logistic,Excellent,0.23076923076923078,0.992467043314501,0.9807291686697717
Multinomial_Logistic,Excellent,0.23076923076923078,0.9943502824858758,0.9807291686697717
Multinomial_Logistic,Excellent,0.2532334921715453,0.9943502824858758,0.9807291686697717
Multinomial_Logistic,Excellent,0.2532334921715453,0.9962335216572504,0.9807291686697717
Multinomial_Logistic,Excellent,0.2763784887678693,0.9962335216572504,0.9807291686697717
Multinomial_Logistic,Excellent,0.2763784887678693,0.9981167608286252,0.9807291686697717
Multinomial_Logistic,Excellent,0.3076923076923077,0.9981167608286252,0.9807291686697717
Multinomial_Logistic,Excellent,0.3076923076923077,1.0,0.9807291686697717
Multinomial_Logistic,Excellent,1.0,1.0,0.9807291686697717
Ordinal_Cumulative,Excellent,0.0,0.0,0.9810817151450121
Ordinal_Cumulative,Excellent,0.0,0.0018832391713747645,0.9810817151450121
Ordinal_Cumulative,Excellent,0.0,0.3879472693032015,0.9810817151450121
Ordinal_Cumulative,Excellent,0.0006807351940095302,0.3879472693032015,0.9810817151450121
Ordinal_Cumulative,Excellent,0.0006807351940095302,0.4726930320150659,0.9810817151450121
Ordinal_Cumulative,Excellent,0.0013614703880190605,0.4726930320150659,0.9810817151450121
Ordinal_Cumulative,Excellent,0.0013614703880190605,0.551789077212806,0.9810817151450121
Ordinal_Cumulative,Excellent,0.0020422055820285907,0.551789077212806,0.9810817151450121
Ordinal_Cumulative,Excellent,0.0020422055820285907,0.559322033898305,0.9810817151450121
Ordinal_Cumulative,Excellent,0.002722940776038121,0.559322033898305,0.9810817151450121
Ordinal_Cumulative,Excellent,0.002722940776038121,0.6139359698681732,0.9810817151450121
Ordinal_Cumulative,Excellent,0.0034036759700476512,0.6139359698681732,0.9810817151450121
Ordinal_Cumulative,Excellent,0.0034036759700476512,0.64030131826742,0.9810817151450121
Ordinal_Cumulative,Excellent,0.0040844111640571815,0.64030131826742,0.9810817151450121
Ordinal_Cumulative,Excellent,0.0040844111640571815,0.6497175141242938,0.9810817151450121
Ordinal_Cumulative,Excellent,0.004765146358066712,0.6497175141242938,0.9810817151450121
Ordinal_Cumulative,Excellent,0.004765146358066712,0.6572504708097928,0.9810817151450121
Ordinal_Cumulative,Excellent,0.005445881552076242,0.6572504708097928,0.9810817151450121
Ordinal_Cumulative,Excellent,0.005445881552076242,0.6591337099811676,0.9810817151450121
Ordinal_Cumulative,Excellent,0.006126616746085773,0.6591337099811676,0.9810817151450121
Ordinal_Cumulative,Excellent,0.006126616746085773,0.6779661016949152,0.9810817151450121
Ordinal_Cumulative,Excellent,0.0068073519400953025,0.6779661016949152,0.9810817151450121
Ordinal_Cumulative,Excellent,0.0068073519400953025,0.67984934086629,0.9810817151450121
Ordinal_Cumulative,Excellent,0.007488087134104833,0.67984934086629,0.9810817151450121
Ordinal_Cumulative,Excellent,0.007488087134104833,0.7024482109227872,0.9810817151450121
Ordinal_Cumulative,Excellent,0.008168822328114363,0.7024482109227872,0.9810817151450121
Ordinal_Cumulative,Excellent,0.008168822328114363,0.711864406779661,0.9810817151450121
Ordinal_Cumulative,Excellent,0.009530292716133424,0.711864406779661,0.9810817151450121
Ordinal_Cumulative,Excellent,0.009530292716133424,0.7212806026365348,0.9810817151450121
Ordinal_Cumulative,Excellent,0.010891763104152484,0.7212806026365348,0.9810817151450121
Ordinal_Cumulative,Excellent,0.010891763104152484,0.736346516007533,0.9810817151450121
Ordinal_Cumulative,Excellent,0.011572498298162015,0.736346516007533,0.9810817151450121
Ordinal_Cumulative,Excellent,0.011572498298162015,0.7382297551789078,0.9810817151450121
Ordinal_Cumulative,Excellent,0.012253233492171545,0.7382297551789078,0.9810817151450121
Ordinal_Cumulative,Excellent,0.012253233492171545,0.7419962335216572,0.9810817151450121
Ordinal_Cumulative,Excellent,0.013614703880190605,0.7419962335216572,0.9810817151450121
Ordinal_Cumulative,Excellent,0.013614703880190605,0.7551789077212806,0.9810817151450121
Ordinal_Cumulative,Excellent,0.014976174268209666,0.7551789077212806,0.9810817151450121
Ordinal_Cumulative,Excellent,0.014976174268209666,0.7608286252354048,0.9810817151450121
Ordinal_Cumulative,Excellent,0.015656909462219197,0.7608286252354048,0.9810817151450121
Ordinal_Cumulative,Excellent,0.015656909462219197,0.768361581920904,0.9810817151450121
Ordinal_Cumulative,Excellent,0.01701837985023826,0.768361581920904,0.9810817151450121
Ordinal_Cumulative,Excellent,0.01701837985023826,0.7702448210922788,0.9810817151450121
Ordinal_Cumulative,Excellent,0.017699115044247787,0.7702448210922788,0.9810817151450121
Ordinal_Cumulative,Excellent,0.017699115044247787,0.7796610169491526,0.9810817151450121
Ordinal_Cumulative,Excellent,0.01906058543226685,0.7796610169491526,0.9810817151450121
Ordinal_Cumulative,Excellent,0.01906058543226685,0.7815442561205274,0.9810817151450121
Ordinal_Cumulative,Excellent,0.019741320626276378,0.7815442561205274,0.9810817151450121
Ordinal_Cumulative,Excellent,0.019741320626276378,0.7853107344632768,0.9810817151450121
Ordinal_Cumulative,Excellent,0.02042205582028591,0.7853107344632768,0.9810817151450121
Ordinal_Cumulative,Excellent,0.02042205582028591,0.7947269303201506,0.9810817151450121
Ordinal_Cumulative,Excellent,0.02110279101429544,0.7947269303201506,0.9810817151450121
Ordinal_Cumulative,Excellent,0.02110279101429544,0.7966101694915254,0.9810817151450121
Ordinal_Cumulative,Excellent,0.021783526208304968,0.7966101694915254,0.9810817151450121
Ordinal_Cumulative,Excellent,0.021783526208304968,0.800376647834275,0.9810817151450121
Ordinal_Cumulative,Excellent,0.0224642614023145,0.800376647834275,0.9810817151450121
Ordinal_Cumulative,Excellent,0.0224642614023145,0.8097928436911488,0.9810817151450121
Ordinal_Cumulative,Excellent,0.02314499659632403,0.8097928436911488,0.9810817151450121
Ordinal_Cumulative,Excellent,0.02314499659632403,0.8116760828625236,0.9810817151450121
Ordinal_Cumulative,Excellent,0.02518720217835262,0.8116760828625236,0.9810817151450121
Ordinal_Cumulative,Excellent,0.02518720217835262,0.815442561205273,0.9810817151450121
Ordinal_Cumulative,Excellent,0.02654867256637168,0.815442561205273,0.9810817151450121
Ordinal_Cumulative,Excellent,0.02654867256637168,0.8173258003766478,0.9810817151450121
Ordinal_Cumulative,Excellent,0.02859087814840027,0.8173258003766478,0.9810817151450121
Ordinal_Cumulative,Excellent,0.02859087814840027,0.8192090395480226,0.9810817151450121
Ordinal_Cumulative,Excellent,0.029952348536419333,0.8192090395480226,0.9810817151450121
Ordinal_Cumulative,Excellent,0.029952348536419333,0.8248587570621468,0.9810817151450121
Ordinal_Cumulative,Excellent,0.03063308373042886,0.8248587570621468,0.9810817151450121
Ordinal_Cumulative,Excellent,0.03063308373042886,0.8267419962335216,0.9810817151450121
Ordinal_Cumulative,Excellent,0.031994554118447927,0.8267419962335216,0.9810817151450121
Ordinal_Cumulative,Excellent,0.031994554118447927,0.8286252354048964,0.9810817151450121
Ordinal_Cumulative,Excellent,0.033356024506466984,0.8286252354048964,0.9810817151450121
Ordinal_Cumulative,Excellent,0.033356024506466984,0.8305084745762712,0.9810817151450121
Ordinal_Cumulative,Excellent,0.03403675970047652,0.8305084745762712,0.9810817151450121
Ordinal_Cumulative,Excellent,0.03403675970047652,0.832391713747646,0.9810817151450121
Ordinal_Cumulative,Excellent,0.03471749489448604,0.832391713747646,0.9810817151450121
Ordinal_Cumulative,Excellent,0.03471749489448604,0.8380414312617702,0.9810817151450121
Ordinal_Cumulative,Excellent,0.035398230088495575,0.8380414312617702,0.9810817151450121
Ordinal_Cumulative,Excellent,0.035398230088495575,0.8418079096045198,0.9810817151450121
Ordinal_Cumulative,Excellent,0.037440435670524165,0.8418079096045198,0.9810817151450121
Ordinal_Cumulative,Excellent,0.037440435670524165,0.8436911487758946,0.9810817151450121
Ordinal_Cumulative,Excellent,0.0381211708645337,0.8436911487758946,0.9810817151450121
Ordinal_Cumulative,Excellent,0.0381211708645337,0.8455743879472694,0.9810817151450121
Ordinal_Cumulative,Excellent,0.03880190605854323,0.8455743879472694,0.9810817151450121
Ordinal_Cumulative,Excellent,0.03880190605854323,0.847457627118644,0.9810817151450121
Ordinal_Cumulative,Excellent,0.039482641252552755,0.847457627118644,0.9810817151450121
Ordinal_Cumulative,Excellent,0.039482641252552755,0.8493408662900188,0.9810817151450121
Ordinal_Cumulative,Excellent,0.04220558202859088,0.8493408662900188,0.9810817151450121
Ordinal_Cumulative,Excellent,0.04220558202859088,0.8512241054613936,0.9810817151450121
Ordinal_Cumulative,Excellent,0.044928522804629,0.8512241054613936,0.9810817151450121
Ordinal_Cumulative,Excellent,0.044928522804629,0.8531073446327684,0.9810817151450121
Ordinal_Cumulative,Excellent,0.04628999319264806,0.8531073446327684,0.9810817151450121
Ordinal_Cumulative,Excellent,0.04628999319264806,0.8549905838041432,0.9810817151450121
Ordinal_Cumulative,Excellent,0.04697072838665759,0.8549905838041432,0.9810817151450121
Ordinal_Cumulative,Excellent,0.04697072838665759,0.8606403013182674,0.9810817151450121
Ordinal_Cumulative,Excellent,0.047651463580667124,0.8606403013182674,0.9810817151450121
Ordinal_Cumulative,Excellent,0.047651463580667124,0.8700564971751412,0.9810817151450121
Ordinal_Cumulative,Excellent,0.04833219877467665,0.8700564971751412,0.9810817151450121
Ordinal_Cumulative,Excellent,0.04833219877467665,0.871939736346516,0.9810817151450121
Ordinal_Cumulative,Excellent,0.04901293396868618,0.871939736346516,0.9810817151450121
Ordinal_Cumulative,Excellent,0.04901293396868618,0.8757062146892656,0.9810817151450121
Ordinal_Cumulative,Excellent,0.049693669162695714,0.8757062146892656,0.9810817151450121
Ordinal_Cumulative,Excellent,0.049693669162695714,0.8775894538606404,0.9810817151450121
Ordinal_Cumulative,Excellent,0.05105513955071477,0.8775894538606404,0.9810817151450121
Ordinal_Cumulative,Excellent,0.05105513955071477,0.8813559322033898,0.9810817151450121
Ordinal_Cumulative,Excellent,0.051735874744724304,0.8813559322033898,0.9810817151450121
Ordinal_Cumulative,Excellent,0.051735874744724304,0.8832391713747646,0.9810817151450121
Ordinal_Cumulative,Excellent,0.05241660993873383,0.8832391713747646,0.9810817151450121
Ordinal_Cumulative,Excellent,0.05241660993873383,0.8851224105461394,0.9810817151450121
Ordinal_Cumulative,Excellent,0.053778080326752895,0.8851224105461394,0.9810817151450121
Ordinal_Cumulative,Excellent,0.053778080326752895,0.8870056497175142,0.9810817151450121
Ordinal_Cumulative,Excellent,0.05718175629680054,0.8870056497175142,0.9810817151450121
Ordinal_Cumulative,Excellent,0.05718175629680054,0.8888888888888888,0.9810817151450121
Ordinal_Cumulative,Excellent,0.05854322668481961,0.8888888888888888,0.9810817151450121
Ordinal_Cumulative,Excellent,0.05854322668481961,0.8907721280602636,0.9810817151450121
Ordinal_Cumulative,Excellent,0.0605854322668482,0.8907721280602636,0.9810817151450121
Ordinal_Cumulative,Excellent,0.0605854322668482,0.8983050847457628,0.9810817151450121
Ordinal_Cumulative,Excellent,0.06126616746085772,0.8983050847457628,0.9810817151450121
Ordinal_Cumulative,Excellent,0.06126616746085772,0.9096045197740112,0.9810817151450121
Ordinal_Cumulative,Excellent,0.0653505786249149,0.9096045197740112,0.9810817151450121
Ordinal_Cumulative,Excellent,0.0653505786249149,0.911487758945386,0.9810817151450121
Ordinal_Cumulative,Excellent,0.06603131381892444,0.911487758945386,0.9810817151450121
Ordinal_Cumulative,Excellent,0.06603131381892444,0.9133709981167608,0.9810817151450121
Ordinal_Cumulative,Excellent,0.06671204901293397,0.9133709981167608,0.9810817151450121
Ordinal_Cumulative,Excellent,0.06671204901293397,0.9152542372881356,0.9810817151450121
Ordinal_Cumulative,Excellent,0.06875425459496257,0.9152542372881356,0.9810817151450121
Ordinal_Cumulative,Excellent,0.06875425459496257,0.9171374764595104,0.9810817151450121
Ordinal_Cumulative,Excellent,0.06943498978897208,0.9171374764595104,0.9810817151450121
Ordinal_Cumulative,Excellent,0.06943498978897208,0.9209039548022598,0.9810817151450121
Ordinal_Cumulative,Excellent,0.07079646017699115,0.9209039548022598,0.9810817151450121
Ordinal_Cumulative,Excellent,0.07079646017699115,0.9227871939736346,0.9810817151450121
Ordinal_Cumulative,Excellent,0.07896528250510551,0.9227871939736346,0.9810817151450121
Ordinal_Cumulative,Excellent,0.07896528250510551,0.9303201506591338,0.9810817151450121
Ordinal_Cumulative,Excellent,0.07964601769911504,0.9303201506591338,0.9810817151450121
Ordinal_Cumulative,Excellent,0.07964601769911504,0.9322033898305084,0.9810817151450121
Ordinal_Cumulative,Excellent,0.08441116405718176,0.9322033898305084,0.9810817151450121
Ordinal_Cumulative,Excellent,0.08441116405718176,0.9340866290018832,0.9810817151450121
Ordinal_Cumulative,Excellent,0.09121851599727705,0.9340866290018832,0.9810817151450121
Ordinal_Cumulative,Excellent,0.09121851599727705,0.9397363465160076,0.9810817151450121
Ordinal_Cumulative,Excellent,0.09394145677331518,0.9397363465160076,0.9810817151450121
Ordinal_Cumulative,Excellent,0.09394145677331518,0.9416195856873822,0.9810817151450121
Ordinal_Cumulative,Excellent,0.0966643975493533,0.9416195856873822,0.9810817151450121
Ordinal_Cumulative,Excellent,0.0966643975493533,0.9472693032015066,0.9810817151450121
Ordinal_Cumulative,Excellent,0.10347174948944861,0.9472693032015066,0.9810817151450121
Ordinal_Cumulative,Excellent,0.10347174948944861,0.9491525423728814,0.9810817151450121
Ordinal_Cumulative,Excellent,0.1279782164737917,0.9491525423728814,0.9810817151450121
Ordinal_Cumulative,Excellent,0.1279782164737917,0.9548022598870056,0.9810817151450121
Ordinal_Cumulative,Excellent,0.13546630360789652,0.9548022598870056,0.9810817151450121
Ordinal_Cumulative,Excellent,0.13546630360789652,0.9566854990583804,0.9810817151450121
Ordinal_Cumulative,Excellent,0.13750850918992513,0.9566854990583804,0.9810817151450121
Ordinal_Cumulative,Excellent,0.13750850918992513,0.9585687382297552,0.9810817151450121
Ordinal_Cumulative,Excellent,0.13955071477195372,0.9585687382297552,0.9810817151450121
Ordinal_Cumulative,Excellent,0.13955071477195372,0.96045197740113,0.9810817151450121
Ordinal_Cumulative,Excellent,0.14091218515997278,0.96045197740113,0.9810817151450121
Ordinal_Cumulative,Excellent,0.14091218515997278,0.9623352165725048,0.9810817151450121
Ordinal_Cumulative,Excellent,0.1531654186521443,0.9623352165725048,0.9810817151450121
Ordinal_Cumulative,Excellent,0.1531654186521443,0.9642184557438794,0.9810817151450121
Ordinal_Cumulative,Excellent,0.15452688904016337,0.9642184557438794,0.9810817151450121
Ordinal_Cumulative,Excellent,0.15452688904016337,0.9661016949152542,0.9810817151450121
Ordinal_Cumulative,Excellent,0.15793056501021102,0.9661016949152542,0.9810817151450121
Ordinal_Cumulative,Excellent,0.15793056501021102,0.9698681732580038,0.9810817151450121
Ordinal_Cumulative,Excellent,0.16133424098025867,0.9698681732580038,0.9810817151450121
Ordinal_Cumulative,Excellent,0.16133424098025867,0.9736346516007532,0.9810817151450121
Ordinal_Cumulative,Excellent,0.1640571817562968,0.9736346516007532,0.9810817151450121
Ordinal_Cumulative,Excellent,0.1640571817562968,0.975517890772128,0.9810817151450121
Ordinal_Cumulative,Excellent,0.16746085772634445,0.975517890772128,0.9810817151450121
Ordinal_Cumulative,Excellent,0.16746085772634445,0.9774011299435028,0.9810817151450121
Ordinal_Cumulative,Excellent,0.16950306330837303,0.9774011299435028,0.9810817151450121
Ordinal_Cumulative,Excellent,0.16950306330837303,0.9792843691148776,0.9810817151450121
Ordinal_Cumulative,Excellent,0.1756296800544588,0.9792843691148776,0.9810817151450121
Ordinal_Cumulative,Excellent,0.1756296800544588,0.9811676082862524,0.9810817151450121
Ordinal_Cumulative,Excellent,0.17699115044247787,0.9811676082862524,0.9810817151450121
Ordinal_Cumulative,Excellent,0.17699115044247787,0.9830508474576272,0.9810817151450121
Ordinal_Cumulative,Excellent,0.1817562968005446,0.9830508474576272,0.9810817151450121
Ordinal_Cumulative,Excellent,0.1817562968005446,0.9849340866290018,0.9810817151450121
Ordinal_Cumulative,Excellent,0.1824370319945541,0.9849340866290018,0.9810817151450121
Ordinal_Cumulative,Excellent,0.1824370319945541,0.9887005649717514,0.9810817151450121
Ordinal_Cumulative,Excellent,0.19196732471068753,0.9887005649717514,0.9810817151450121
Ordinal_Cumulative,Excellent,0.19196732471068753,0.9905838041431262,0.9810817151450121
Ordinal_Cumulative,Excellent,0.19673247106875424,0.9905838041431262,0.9810817151450121
Ordinal_Cumulative,Excellent,0.19673247106875424,0.992467043314501,0.9810817151450121
Ordinal_Cumulative,Excellent,0.21170864533696393,0.992467043314501,0.9810817151450121
Ordinal_Cumulative,Excellent,0.21170864533696393,0.9943502824858758,0.9810817151450121
Ordinal_Cumulative,Excellent,0.25119128658951667,0.9943502824858758,0.9810817151450121
Ordinal_Cumulative,Excellent,0.25119128658951667,0.9962335216572504,0.9810817151450121
Ordinal_Cumulative,Excellent,0.2675289312457454,0.9962335216572504,0.9810817151450121
Ordinal_Cumulative,Excellent,0.2675289312457454,0.9981167608286252,0.9810817151450121
Ordinal_Cumulative,Excellent,0.2702518720217835,0.9981167608286252,0.9810817151450121
Ordinal_Cumulative,Excellent,0.2702518720217835,1.0,0.9810817151450121
Ordinal_Cumulative,Excellent,1.0,1.0,0.9810817151450121
LightGBM_Tuned,Excellent,0.0,0.0,0.9717103888395324
LightGBM_Tuned,Excellent,0.0,0.0018832391713747645,0.9717103888395324
LightGBM_Tuned,Excellent,0.0,0.3822975517890772,0.9717103888395324
LightGBM_Tuned,Excellent,0.0006807351940095302,0.3822975517890772,0.9717103888395324
LightGBM_Tuned,Excellent,0.0006807351940095302,0.391713747645951,0.9717103888395324
LightGBM_Tuned,Excellent,0.0013614703880190605,0.391713747645951,0.9717103888395324
LightGBM_Tuned,Excellent,0.0013614703880190605,0.3935969868173258,0.9717103888395324
LightGBM_Tuned,Excellent,0.0020422055820285907,0.3935969868173258,0.9717103888395324
LightGBM_Tuned,Excellent,0.0020422055820285907,0.4444444444444444,0.9717103888395324
LightGBM_Tuned,Excellent,0.002722940776038121,0.4444444444444444,0.9717103888395324
LightGBM_Tuned,Excellent,0.002722940776038121,0.5084745762711864,0.9717103888395324
LightGBM_Tuned,Excellent,0.0034036759700476512,0.5084745762711864,0.9717103888395324
LightGBM_Tuned,Excellent,0.0034036759700476512,0.5668549905838042,0.9717103888395324
LightGBM_Tuned,Excellent,0.0040844111640571815,0.5668549905838042,0.9717103888395324
LightGBM_Tuned,Excellent,0.0040844111640571815,0.5743879472693032,0.9717103888395324
LightGBM_Tuned,Excellent,0.004765146358066712,0.5743879472693032,0.9717103888395324
LightGBM_Tuned,Excellent,0.004765146358066712,0.5856873822975518,0.9717103888395324
LightGBM_Tuned,Excellent,0.005445881552076242,0.5856873822975518,0.9717103888395324
LightGBM_Tuned,Excellent,0.005445881552076242,0.5932203389830508,0.9717103888395324
LightGBM_Tuned,Excellent,0.006126616746085773,0.5932203389830508,0.9717103888395324
LightGBM_Tuned,Excellent,0.006126616746085773,0.6120527306967984,0.9717103888395324
LightGBM_Tuned,Excellent,0.0068073519400953025,0.6120527306967984,0.9717103888395324
LightGBM_Tuned,Excellent,0.0068073519400953025,0.6271186440677966,0.9717103888395324
LightGBM_Tuned,Excellent,0.008168822328114363,0.6271186440677966,0.9717103888395324
LightGBM_Tuned,Excellent,0.008168822328114363,0.632768361581921,0.9717103888395324
LightGBM_Tuned,Excellent,0.008849557522123894,0.632768361581921,0.9717103888395324
LightGBM_Tuned,Excellent,0.008849557522123894,0.6497175141242938,0.9717103888395324
LightGBM_Tuned,Excellent,0.009530292716133424,0.6497175141242938,0.9717103888395324
LightGBM_Tuned,Excellent,0.009530292716133424,0.6534839924670434,0.9717103888395324
LightGBM_Tuned,Excellent,0.010211027910142955,0.6534839924670434,0.9717103888395324
LightGBM_Tuned,Excellent,0.010211027910142955,0.6629001883239172,0.9717103888395324
LightGBM_Tuned,Excellent,0.010891763104152484,0.6629001883239172,0.9717103888395324
LightGBM_Tuned,Excellent,0.010891763104152484,0.672316384180791,0.9717103888395324
LightGBM_Tuned,Excellent,0.012253233492171545,0.672316384180791,0.9717103888395324
LightGBM_Tuned,Excellent,0.012253233492171545,0.6836158192090396,0.9717103888395324
LightGBM_Tuned,Excellent,0.012933968686181076,0.6836158192090396,0.9717103888395324
LightGBM_Tuned,Excellent,0.012933968686181076,0.7005649717514124,0.9717103888395324
LightGBM_Tuned,Excellent,0.013614703880190605,0.7005649717514124,0.9717103888395324
LightGBM_Tuned,Excellent,0.013614703880190605,0.7062146892655368,0.9717103888395324
LightGBM_Tuned,Excellent,0.014295439074200136,0.7062146892655368,0.9717103888395324
LightGBM_Tuned,Excellent,0.014295439074200136,0.7137476459510358,0.9717103888395324
LightGBM_Tuned,Excellent,0.014976174268209666,0.7137476459510358,0.9717103888395324
LightGBM_Tuned,Excellent,0.014976174268209666,0.7156308851224106,0.9717103888395324
LightGBM_Tuned,Excellent,0.015656909462219197,0.7156308851224106,0.9717103888395324
LightGBM_Tuned,Excellent,0.015656909462219197,0.7231638418079096,0.9717103888395324
LightGBM_Tuned,Excellent,0.016337644656228726,0.7231638418079096,0.9717103888395324
LightGBM_Tuned,Excellent,0.016337644656228726,0.7269303201506592,0.9717103888395324
LightGBM_Tuned,Excellent,0.01701837985023826,0.7269303201506592,0.9717103888395324
LightGBM_Tuned,Excellent,0.01701837985023826,0.7306967984934086,0.9717103888395324
LightGBM_Tuned,Excellent,0.017699115044247787,0.7306967984934086,0.9717103888395324
LightGBM_Tuned,Excellent,0.017699115044247787,0.7344632768361582,0.9717103888395324
LightGBM_Tuned,Excellent,0.018379850238257316,0.7344632768361582,0.9717103888395324
LightGBM_Tuned,Excellent,0.018379850238257316,0.736346516007533,0.9717103888395324
LightGBM_Tuned,Excellent,0.01906058543226685,0.736346516007533,0.9717103888395324
LightGBM_Tuned,Excellent,0.01906058543226685,0.7401129943502824,0.9717103888395324
LightGBM_Tuned,Excellent,0.019741320626276378,0.7401129943502824,0.9717103888395324
LightGBM_Tuned,Excellent,0.019741320626276378,0.743879472693032,0.9717103888395324
LightGBM_Tuned,Excellent,0.02042205582028591,0.743879472693032,0.9717103888395324
LightGBM_Tuned,Excellent,0.02042205582028591,0.7457627118644068,0.9717103888395324
LightGBM_Tuned,Excellent,0.02110279101429544,0.7457627118644068,0.9717103888395324
LightGBM_Tuned,Excellent,0.02110279101429544,0.7495291902071564,0.9717103888395324
LightGBM_Tuned,Excellent,0.0224642614023145,0.7495291902071564,0.9717103888395324
LightGBM_Tuned,Excellent,0.0224642614023145,0.751412429378531,0.9717103888395324
LightGBM_Tuned,Excellent,0.023825731790333562,0.751412429378531,0.9717103888395324
LightGBM_Tuned,Excellent,0.023825731790333562,0.7532956685499058,0.9717103888395324
LightGBM_Tuned,Excellent,0.02518720217835262,0.7532956685499058,0.9717103888395324
LightGBM_Tuned,Excellent,0.02518720217835262,0.7589453860640302,0.9717103888395324
LightGBM_Tuned,Excellent,0.025867937372362152,0.7589453860640302,0.9717103888395324
LightGBM_Tuned,Excellent,0.025867937372362152,0.7627118644067796,0.9717103888395324
LightGBM_Tuned,Excellent,0.02722940776038121,0.7627118644067796,0.9717103888395324
LightGBM_Tuned,Excellent,0.02722940776038121,0.7645951035781544,0.9717103888395324
LightGBM_Tuned,Excellent,0.02859087814840027,0.7645951035781544,0.9717103888395324
LightGBM_Tuned,Excellent,0.02859087814840027,0.7664783427495292,0.9717103888395324
LightGBM_Tuned,Excellent,0.029952348536419333,0.7664783427495292,0.9717103888395324
LightGBM_Tuned,Excellent,0.029952348536419333,0.768361581920904,0.9717103888395324
LightGBM_Tuned,Excellent,0.03063308373042886,0.768361581920904,0.9717103888395324
LightGBM_Tuned,Excellent,0.03063308373042886,0.7740112994350282,0.9717103888395324
LightGBM_Tuned,Excellent,0.03471749489448604,0.7740112994350282,0.9717103888395324
LightGBM_Tuned,Excellent,0.03471749489448604,0.7777777777777778,0.9717103888395324
LightGBM_Tuned,Excellent,0.035398230088495575,0.7777777777777778,0.9717103888395324
LightGBM_Tuned,Excellent,0.035398230088495575,0.7853107344632768,0.9717103888395324
LightGBM_Tuned,Excellent,0.03607896528250511,0.7853107344632768,0.9717103888395324
LightGBM_Tuned,Excellent,0.03607896528250511,0.7909604519774012,0.9717103888395324
LightGBM_Tuned,Excellent,0.03675970047651463,0.7909604519774012,0.9717103888395324
LightGBM_Tuned,Excellent,0.03675970047651463,0.7966101694915254,0.9717103888395324
LightGBM_Tuned,Excellent,0.037440435670524165,0.7966101694915254,0.9717103888395324
LightGBM_Tuned,Excellent,0.037440435670524165,0.8022598870056498,0.9717103888395324
LightGBM_Tuned,Excellent,0.03880190605854323,0.8022598870056498,0.9717103888395324
LightGBM_Tuned,Excellent,0.03880190605854323,0.8060263653483992,0.9717103888395324
LightGBM_Tuned,Excellent,0.04220558202859088,0.8060263653483992,0.9717103888395324
LightGBM_Tuned,Excellent,0.04220558202859088,0.807909604519774,0.9717103888395324
LightGBM_Tuned,Excellent,0.04288631722260041,0.807909604519774,0.9717103888395324
LightGBM_Tuned,Excellent,0.04288631722260041,0.8116760828625236,0.9717103888395324
LightGBM_Tuned,Excellent,0.043567052416609936,0.8116760828625236,0.9717103888395324
LightGBM_Tuned,Excellent,0.043567052416609936,0.8135593220338984,0.9717103888395324
LightGBM_Tuned,Excellent,0.044928522804629,0.8135593220338984,0.9717103888395324
LightGBM_Tuned,Excellent,0.044928522804629,0.815442561205273,0.9717103888395324
LightGBM_Tuned,Excellent,0.045609257998638526,0.815442561205273,0.9717103888395324
LightGBM_Tuned,Excellent,0.045609257998638526,0.8210922787193974,0.9717103888395324
LightGBM_Tuned,Excellent,0.047651463580667124,0.8210922787193974,0.9717103888395324
LightGBM_Tuned,Excellent,0.047651463580667124,0.8267419962335216,0.9717103888395324
LightGBM_Tuned,Excellent,0.05105513955071477,0.8267419962335216,0.9717103888395324
LightGBM_Tuned,Excellent,0.05105513955071477,0.832391713747646,0.9717103888395324
LightGBM_Tuned,Excellent,0.051735874744724304,0.832391713747646,0.9717103888395324
LightGBM_Tuned,Excellent,0.051735874744724304,0.8361581920903954,0.9717103888395324
LightGBM_Tuned,Excellent,0.055820285908781485,0.8361581920903954,0.9717103888395324
LightGBM_Tuned,Excellent,0.055820285908781485,0.8380414312617702,0.9717103888395324
LightGBM_Tuned,Excellent,0.05650102110279102,0.8380414312617702,0.9717103888395324
LightGBM_Tuned,Excellent,0.05650102110279102,0.839924670433145,0.9717103888395324
LightGBM_Tuned,Excellent,0.05718175629680054,0.839924670433145,0.9717103888395324
LightGBM_Tuned,Excellent,0.05718175629680054,0.8418079096045198,0.9717103888395324
LightGBM_Tuned,Excellent,0.05854322668481961,0.8418079096045198,0.9717103888395324
LightGBM_Tuned,Excellent,0.05854322668481961,0.8436911487758946,0.9717103888395324
LightGBM_Tuned,Excellent,0.061946902654867256,0.8436911487758946,0.9717103888395324
LightGBM_Tuned,Excellent,0.061946902654867256,0.8455743879472694,0.9717103888395324
LightGBM_Tuned,Excellent,0.06603131381892444,0.8455743879472694,0.9717103888395324
LightGBM_Tuned,Excellent,0.06603131381892444,0.847457627118644,0.9717103888395324
LightGBM_Tuned,Excellent,0.0673927842069435,0.847457627118644,0.9717103888395324
LightGBM_Tuned,Excellent,0.0673927842069435,0.8493408662900188,0.9717103888395324
LightGBM_Tuned,Excellent,0.07079646017699115,0.8493408662900188,0.9717103888395324
LightGBM_Tuned,Excellent,0.07079646017699115,0.8549905838041432,0.9717103888395324
LightGBM_Tuned,Excellent,0.07351940095302927,0.8549905838041432,0.9717103888395324
LightGBM_Tuned,Excellent,0.07351940095302927,0.8568738229755178,0.9717103888395324
LightGBM_Tuned,Excellent,0.07488087134104833,0.8568738229755178,0.9717103888395324
LightGBM_Tuned,Excellent,0.07488087134104833,0.8606403013182674,0.9717103888395324
LightGBM_Tuned,Excellent,0.07556160653505786,0.8606403013182674,0.9717103888395324
LightGBM_Tuned,Excellent,0.07556160653505786,0.8662900188323918,0.9717103888395324
LightGBM_Tuned,Excellent,0.07828454731109598,0.8662900188323918,0.9717103888395324
LightGBM_Tuned,Excellent,0.07828454731109598,0.8681732580037664,0.9717103888395324
LightGBM_Tuned,Excellent,0.08032675289312458,0.8681732580037664,0.9717103888395324
LightGBM_Tuned,Excellent,0.08032675289312458,0.8700564971751412,0.9717103888395324
LightGBM_Tuned,Excellent,0.08100748808713411,0.8700564971751412,0.9717103888395324
LightGBM_Tuned,Excellent,0.08100748808713411,0.871939736346516,0.9717103888395324
LightGBM_Tuned,Excellent,0.08168822328114364,0.871939736346516,0.9717103888395324
LightGBM_Tuned,Excellent,0.08168822328114364,0.8757062146892656,0.9717103888395324
LightGBM_Tuned,Excellent,0.08236895847515316,0.8757062146892656,0.9717103888395324
LightGBM_Tuned,Excellent,0.08236895847515316,0.8775894538606404,0.9717103888395324
LightGBM_Tuned,Excellent,0.08373042886317222,0.8775894538606404,0.9717103888395324
LightGBM_Tuned,Excellent,0.08373042886317222,0.879472693032015,0.9717103888395324
LightGBM_Tuned,Excellent,0.08441116405718176,0.879472693032015,0.9717103888395324
LightGBM_Tuned,Excellent,0.08441116405718176,0.8851224105461394,0.9717103888395324
LightGBM_Tuned,Excellent,0.08509189925119129,0.8851224105461394,0.9717103888395324
LightGBM_Tuned,Excellent,0.08509189925119129,0.8870056497175142,0.9717103888395324
LightGBM_Tuned,Excellent,0.08645336963921035,0.8870056497175142,0.9717103888395324
LightGBM_Tuned,Excellent,0.08645336963921035,0.8907721280602636,0.9717103888395324
LightGBM_Tuned,Excellent,0.08917631041524847,0.8907721280602636,0.9717103888395324
LightGBM_Tuned,Excellent,0.08917631041524847,0.8926553672316384,0.9717103888395324
LightGBM_Tuned,Excellent,0.09053778080326753,0.8926553672316384,0.9717103888395324
LightGBM_Tuned,Excellent,0.09053778080326753,0.896421845574388,0.9717103888395324
LightGBM_Tuned,Excellent,0.09326072157930565,0.896421845574388,0.9717103888395324
LightGBM_Tuned,Excellent,0.09326072157930565,0.8983050847457628,0.9717103888395324
LightGBM_Tuned,Excellent,0.09598366235534377,0.8983050847457628,0.9717103888395324
LightGBM_Tuned,Excellent,0.09598366235534377,0.9020715630885122,0.9717103888395324
LightGBM_Tuned,Excellent,0.10074880871341048,0.9020715630885122,0.9717103888395324
LightGBM_Tuned,Excellent,0.10074880871341048,0.903954802259887,0.9717103888395324
LightGBM_Tuned,Excellent,0.10142954390742001,0.903954802259887,0.9717103888395324
LightGBM_Tuned,Excellent,0.10142954390742001,0.9058380414312618,0.9717103888395324
LightGBM_Tuned,Excellent,0.10211027910142954,0.9058380414312618,0.9717103888395324
LightGBM_Tuned,Excellent,0.10211027910142954,0.9077212806026366,0.9717103888395324
LightGBM_Tuned,Excellent,0.10279101429543908,0.9077212806026366,0.9717103888395324
LightGBM_Tuned,Excellent,0.10279101429543908,0.911487758945386,0.9717103888395324
LightGBM_Tuned,Excellent,0.10551395507147719,0.911487758945386,0.9717103888395324
LightGBM_Tuned,Excellent,0.10551395507147719,0.9133709981167608,0.9717103888395324
LightGBM_Tuned,Excellent,0.1102791014295439,0.9133709981167608,0.9717103888395324
LightGBM_Tuned,Excellent,0.1102791014295439,0.9152542372881356,0.9717103888395324
LightGBM_Tuned,Excellent,0.11164057181756297,0.9152542372881356,0.9717103888395324
LightGBM_Tuned,Excellent,0.11164057181756297,0.9190207156308852,0.9717103888395324
LightGBM_Tuned,Excellent,0.11708645336963922,0.9190207156308852,0.9717103888395324
LightGBM_Tuned,Excellent,0.11708645336963922,0.9209039548022598,0.9717103888395324
LightGBM_Tuned,Excellent,0.1211708645336964,0.9209039548022598,0.9717103888395324
LightGBM_Tuned,Excellent,0.1211708645336964,0.9246704331450094,0.9717103888395324
LightGBM_Tuned,Excellent,0.12185159972770593,0.9246704331450094,0.9717103888395324
LightGBM_Tuned,Excellent,0.12185159972770593,0.9265536723163842,0.9717103888395324
LightGBM_Tuned,Excellent,0.12661674608577264,0.9265536723163842,0.9717103888395324
LightGBM_Tuned,Excellent,0.12661674608577264,0.928436911487759,0.9717103888395324
LightGBM_Tuned,Excellent,0.12865895166780122,0.928436911487759,0.9717103888395324
LightGBM_Tuned,Excellent,0.12865895166780122,0.9303201506591338,0.9717103888395324
LightGBM_Tuned,Excellent,0.134785568413887,0.9303201506591338,0.9717103888395324
LightGBM_Tuned,Excellent,0.134785568413887,0.9322033898305084,0.9717103888395324
LightGBM_Tuned,Excellent,0.14091218515997278,0.9322033898305084,0.9717103888395324
LightGBM_Tuned,Excellent,0.14091218515997278,0.935969868173258,0.9717103888395324
LightGBM_Tuned,Excellent,0.14227365554799182,0.935969868173258,0.9717103888395324
LightGBM_Tuned,Excellent,0.14227365554799182,0.9378531073446328,0.9717103888395324
LightGBM_Tuned,Excellent,0.1456773315180395,0.9378531073446328,0.9717103888395324
LightGBM_Tuned,Excellent,0.1456773315180395,0.9397363465160076,0.9717103888395324
LightGBM_Tuned,Excellent,0.14703880190605853,0.9397363465160076,0.9717103888395324
LightGBM_Tuned,Excellent,0.14703880190605853,0.9416195856873822,0.9717103888395324
LightGBM_Tuned,Excellent,0.1484002722940776,0.9416195856873822,0.9717103888395324
LightGBM_Tuned,Excellent,0.1484002722940776,0.943502824858757,0.9717103888395324
LightGBM_Tuned,Excellent,0.1531654186521443,0.943502824858757,0.9717103888395324
LightGBM_Tuned,Excellent,0.1531654186521443,0.9453860640301318,0.9717103888395324
LightGBM_Tuned,Excellent,0.16133424098025867,0.9453860640301318,0.9717103888395324
LightGBM_Tuned,Excellent,0.16133424098025867,0.9491525423728814,0.9717103888395324
LightGBM_Tuned,Excellent,0.16201497617426822,0.9491525423728814,0.9717103888395324
LightGBM_Tuned,Excellent,0.16201497617426822,0.9510357815442562,0.9717103888395324
LightGBM_Tuned,Excellent,0.1640571817562968,0.9510357815442562,0.9717103888395324
LightGBM_Tuned,Excellent,0.1640571817562968,0.9529190207156308,0.9717103888395324
LightGBM_Tuned,Excellent,0.16609938733832538,0.9529190207156308,0.9717103888395324
LightGBM_Tuned,Excellent,0.16609938733832538,0.9548022598870056,0.9717103888395324
LightGBM_Tuned,Excellent,0.168141592920354,0.9548022598870056,0.9717103888395324
LightGBM_Tuned,Excellent,0.168141592920354,0.9566854990583804,0.9717103888395324
LightGBM_Tuned,Excellent,0.16950306330837303,0.9566854990583804,0.9717103888395324
LightGBM_Tuned,Excellent,0.16950306330837303,0.9585687382297552,0.9717103888395324
LightGBM_Tuned,Excellent,0.17222600408441116,0.9585687382297552,0.9717103888395324
LightGBM_Tuned,Excellent,0.17222600408441116,0.96045197740113,0.9717103888395324
LightGBM_Tuned,Excellent,0.17631041524846836,0.96045197740113,0.9717103888395324
LightGBM_Tuned,Excellent,0.17631041524846836,0.9623352165725048,0.9717103888395324
LightGBM_Tuned,Excellent,0.17835262083049694,0.9623352165725048,0.9717103888395324
LightGBM_Tuned,Excellent,0.17835262083049694,0.9642184557438794,0.9717103888395324
LightGBM_Tuned,Excellent,0.18379850238257317,0.9642184557438794,0.9717103888395324
LightGBM_Tuned,Excellent,0.18379850238257317,0.9661016949152542,0.9717103888395324
LightGBM_Tuned,Excellent,0.18584070796460178,0.9661016949152542,0.9717103888395324
LightGBM_Tuned,Excellent,0.18584070796460178,0.967984934086629,0.9717103888395324
LightGBM_Tuned,Excellent,0.19945541184479237,0.967984934086629,0.9717103888395324
LightGBM_Tuned,Excellent,0.19945541184479237,0.9698681732580038,0.9717103888395324
LightGBM_Tuned,Excellent,0.2001361470388019,0.9698681732580038,0.9717103888395324
LightGBM_Tuned,Excellent,0.2001361470388019,0.9717514124293786,0.9717103888395324
LightGBM_Tuned,Excellent,0.2042205582028591,0.9717514124293786,0.9717103888395324
LightGBM_Tuned,Excellent,0.2042205582028591,0.9736346516007532,0.9717103888395324
LightGBM_Tuned,Excellent,0.21102791014295438,0.9736346516007532,0.9717103888395324
LightGBM_Tuned,Excellent,0.21102791014295438,0.975517890772128,0.9717103888395324
LightGBM_Tuned,Excellent,0.2205582028590878,0.975517890772128,0.9717103888395324
LightGBM_Tuned,Excellent,0.2205582028590878,0.9774011299435028,0.9717103888395324
LightGBM_Tuned,Excellent,0.2355343771272975,0.9774011299435028,0.9717103888395324
LightGBM_Tuned,Excellent,0.2355343771272975,0.9792843691148776,0.9717103888395324
LightGBM_Tuned,Excellent,0.23961878829135466,0.9792843691148776,0.9717103888395324
LightGBM_Tuned,Excellent,0.23961878829135466,0.9811676082862524,0.9717103888395324
LightGBM_Tuned,Excellent,0.24778761061946902,0.9811676082862524,0.9717103888395324
LightGBM_Tuned,Excellent,0.24778761061946902,0.9830508474576272,0.9717103888395324
LightGBM_Tuned,Excellent,0.2620830496936692,0.9830508474576272,0.9717103888395324
LightGBM_Tuned,Excellent,0.2620830496936692,0.9849340866290018,0.9717103888395324
LightGBM_Tuned,Excellent,0.2675289312457454,0.9849340866290018,0.9717103888395324
LightGBM_Tuned,Excellent,0.2675289312457454,0.9868173258003766,0.9717103888395324
LightGBM_Tuned,Excellent,0.27093260721579304,0.9868173258003766,0.9717103888395324
LightGBM_Tuned,Excellent,0.27093260721579304,0.9887005649717514,0.9717103888395324
LightGBM_Tuned,Excellent,0.28182437031994556,0.9887005649717514,0.9717103888395324
LightGBM_Tuned,Excellent,0.28182437031994556,0.9905838041431262,0.9717103888395324
LightGBM_Tuned,Excellent,0.2831858407079646,0.9905838041431262,0.9717103888395324
LightGBM_Tuned,Excellent,0.2831858407079646,0.992467043314501,0.9717103888395324
LightGBM_Tuned,Excellent,0.29748127978216476,0.992467043314501,0.9717103888395324
LightGBM_Tuned,Excellent,0.29748127978216476,0.9943502824858758,0.9717103888395324
LightGBM_Tuned,Excellent,0.30428863172226006,0.9943502824858758,0.9717103888395324
LightGBM_Tuned,Excellent,0.30428863172226006,0.9962335216572504,0.9717103888395324
LightGBM_Tuned,Excellent,0.31790333560245065,0.9962335216572504,0.9717103888395324
LightGBM_Tuned,Excellent,0.31790333560245065,0.9981167608286252,0.9717103888395324
LightGBM_Tuned,Excellent,0.3498978897208986,0.9981167608286252,0.9717103888395324
LightGBM_Tuned,Excellent,0.3498978897208986,1.0,0.9717103888395324
LightGBM_Tuned,Excellent,1.0,1.0,0.9717103888395324
Stacking,Excellent,0.0,0.0,0.9820829471346945
Stacking,Excellent,0.0,0.0018832391713747645,0.9820829471346945
Stacking,Excellent,0.0,0.4124293785310734,0.9820829471346945
Stacking,Excellent,0.0006807351940095302,0.4124293785310734,0.9820829471346945
Stacking,Excellent,0.0006807351940095302,0.4199623352165725,0.9820829471346945
Stacking,Excellent,0.0013614703880190605,0.4199623352165725,0.9820829471346945
Stacking,Excellent,0.0013614703880190605,0.4934086629001883,0.9820829471346945
Stacking,Excellent,0.0020422055820285907,0.4934086629001883,0.9820829471346945
Stacking,Excellent,0.0020422055820285907,0.5461393596986818,0.9820829471346945
Stacking,Excellent,0.002722940776038121,0.5461393596986818,0.9820829471346945
Stacking,Excellent,0.002722940776038121,0.583804143126177,0.9820829471346945
Stacking,Excellent,0.0034036759700476512,0.583804143126177,0.9820829471346945
Stacking,Excellent,0.0034036759700476512,0.5951035781544256,0.9820829471346945
Stacking,Excellent,0.0040844111640571815,0.5951035781544256,0.9820829471346945
Stacking,Excellent,0.0040844111640571815,0.608286252354049,0.9820829471346945
Stacking,Excellent,0.004765146358066712,0.608286252354049,0.9820829471346945
Stacking,Excellent,0.004765146358066712,0.6252354048964218,0.9820829471346945
Stacking,Excellent,0.005445881552076242,0.6252354048964218,0.9820829471346945
Stacking,Excellent,0.005445881552076242,0.6497175141242938,0.9820829471346945
Stacking,Excellent,0.006126616746085773,0.6497175141242938,0.9820829471346945
Stacking,Excellent,0.006126616746085773,0.655367231638418,0.9820829471346945
Stacking,Excellent,0.0068073519400953025,0.655367231638418,0.9820829471346945
Stacking,Excellent,0.0068073519400953025,0.6572504708097928,0.9820829471346945
Stacking,Excellent,0.007488087134104833,0.6572504708097928,0.9820829471346945
Stacking,Excellent,0.007488087134104833,0.6685499058380414,0.9820829471346945
Stacking,Excellent,0.008168822328114363,0.6685499058380414,0.9820829471346945
Stacking,Excellent,0.008168822328114363,0.6779661016949152,0.9820829471346945
Stacking,Excellent,0.008849557522123894,0.6779661016949152,0.9820829471346945
Stacking,Excellent,0.008849557522123894,0.6854990583804144,0.9820829471346945
Stacking,Excellent,0.009530292716133424,0.6854990583804144,0.9820829471346945
Stacking,Excellent,0.009530292716133424,0.687382297551789,0.9820829471346945
Stacking,Excellent,0.010211027910142955,0.687382297551789,0.9820829471346945
Stacking,Excellent,0.010211027910142955,0.7250470809792844,0.9820829471346945
Stacking,Excellent,0.010891763104152484,0.7250470809792844,0.9820829471346945
Stacking,Excellent,0.010891763104152484,0.7288135593220338,0.9820829471346945
Stacking,Excellent,0.011572498298162015,0.7288135593220338,0.9820829471346945
Stacking,Excellent,0.011572498298162015,0.7382297551789078,0.9820829471346945
Stacking,Excellent,0.012253233492171545,0.7382297551789078,0.9820829471346945
Stacking,Excellent,0.012253233492171545,0.7457627118644068,0.9820829471346945
Stacking,Excellent,0.012933968686181076,0.7457627118644068,0.9820829471346945
Stacking,Excellent,0.012933968686181076,0.7495291902071564,0.9820829471346945
Stacking,Excellent,0.013614703880190605,0.7495291902071564,0.9820829471346945
Stacking,Excellent,0.013614703880190605,0.7627118644067796,0.9820829471346945
Stacking,Excellent,0.015656909462219197,0.7627118644067796,0.9820829471346945
Stacking,Excellent,0.015656909462219197,0.768361581920904,0.9820829471346945
Stacking,Excellent,0.01701837985023826,0.768361581920904,0.9820829471346945
Stacking,Excellent,0.01701837985023826,0.7702448210922788,0.9820829471346945
Stacking,Excellent,0.017699115044247787,0.7702448210922788,0.9820829471346945
Stacking,Excellent,0.017699115044247787,0.7796610169491526,0.9820829471346945
Stacking,Excellent,0.01906058543226685,0.7796610169491526,0.9820829471346945
Stacking,Excellent,0.01906058543226685,0.7853107344632768,0.9820829471346945
Stacking,Excellent,0.019741320626276378,0.7853107344632768,0.9820829471346945
Stacking,Excellent,0.019741320626276378,0.7871939736346516,0.9820829471346945
Stacking,Excellent,0.02110279101429544,0.7871939736346516,0.9820829471346945
Stacking,Excellent,0.02110279101429544,0.7947269303201506,0.9820829471346945
Stacking,Excellent,0.021783526208304968,0.7947269303201506,0.9820829471346945
Stacking,Excellent,0.021783526208304968,0.7966101694915254,0.9820829471346945
Stacking,Excellent,0.0224642614023145,0.7966101694915254,0.9820829471346945
Stacking,Excellent,0.0224642614023145,0.7984934086629002,0.9820829471346945
Stacking,Excellent,0.02314499659632403,0.7984934086629002,0.9820829471346945
Stacking,Excellent,0.02314499659632403,0.8060263653483992,0.9820829471346945
Stacking,Excellent,0.02518720217835262,0.8060263653483992,0.9820829471346945
Stacking,Excellent,0.02518720217835262,0.8097928436911488,0.9820829471346945
Stacking,Excellent,0.02859087814840027,0.8097928436911488,0.9820829471346945
Stacking,Excellent,0.02859087814840027,0.8116760828625236,0.9820829471346945
Stacking,Excellent,0.029952348536419333,0.8116760828625236,0.9820829471346945
Stacking,Excellent,0.029952348536419333,0.8248587570621468,0.9820829471346945
Stacking,Excellent,0.03063308373042886,0.8248587570621468,0.9820829471346945
Stacking,Excellent,0.03063308373042886,0.8286252354048964,0.9820829471346945
Stacking,Excellent,0.031313818924438394,0.8286252354048964,0.9820829471346945
Stacking,Excellent,0.031313818924438394,0.832391713747646,0.9820829471346945
Stacking,Excellent,0.031994554118447927,0.832391713747646,0.9820829471346945
Stacking,Excellent,0.031994554118447927,0.8380414312617702,0.9820829471346945
Stacking,Excellent,0.03267528931245745,0.8380414312617702,0.9820829471346945
Stacking,Excellent,0.03267528931245745,0.8436911487758946,0.9820829471346945
Stacking,Excellent,0.03471749489448604,0.8436911487758946,0.9820829471346945
Stacking,Excellent,0.03471749489448604,0.847457627118644,0.9820829471346945
Stacking,Excellent,0.035398230088495575,0.847457627118644,0.9820829471346945
Stacking,Excellent,0.035398230088495575,0.8531073446327684,0.9820829471346945
Stacking,Excellent,0.03607896528250511,0.8531073446327684,0.9820829471346945
Stacking,Excellent,0.03607896528250511,0.8587570621468926,0.9820829471346945
Stacking,Excellent,0.03880190605854323,0.8587570621468926,0.9820829471346945
Stacking,Excellent,0.03880190605854323,0.8625235404896422,0.9820829471346945
Stacking,Excellent,0.039482641252552755,0.8625235404896422,0.9820829471346945
Stacking,Excellent,0.039482641252552755,0.864406779661017,0.9820829471346945
Stacking,Excellent,0.041524846834581346,0.864406779661017,0.9820829471346945
Stacking,Excellent,0.041524846834581346,0.8662900188323918,0.9820829471346945
Stacking,Excellent,0.04220558202859088,0.8662900188323918,0.9820829471346945
Stacking,Excellent,0.04220558202859088,0.8738229755178908,0.9820829471346945
Stacking,Excellent,0.04424778761061947,0.8738229755178908,0.9820829471346945
Stacking,Excellent,0.04424778761061947,0.8775894538606404,0.9820829471346945
Stacking,Excellent,0.04697072838665759,0.8775894538606404,0.9820829471346945
Stacking,Excellent,0.04697072838665759,0.879472693032015,0.9820829471346945
Stacking,Excellent,0.04833219877467665,0.879472693032015,0.9820829471346945
Stacking,Excellent,0.04833219877467665,0.8851224105461394,0.9820829471346945
Stacking,Excellent,0.05037440435670524,0.8851224105461394,0.9820829471346945
Stacking,Excellent,0.05037440435670524,0.8870056497175142,0.9820829471346945
Stacking,Excellent,0.05105513955071477,0.8870056497175142,0.9820829471346945
Stacking,Excellent,0.05105513955071477,0.8888888888888888,0.9820829471346945
Stacking,Excellent,0.051735874744724304,0.8888888888888888,0.9820829471346945
Stacking,Excellent,0.051735874744724304,0.8907721280602636,0.9820829471346945
Stacking,Excellent,0.05513955071477195,0.8907721280602636,0.9820829471346945
Stacking,Excellent,0.05513955071477195,0.8926553672316384,0.9820829471346945
Stacking,Excellent,0.05650102110279102,0.8926553672316384,0.9820829471346945
Stacking,Excellent,0.05650102110279102,0.896421845574388,0.9820829471346945
Stacking,Excellent,0.05718175629680054,0.896421845574388,0.9820829471346945
Stacking,Excellent,0.05718175629680054,0.8983050847457628,0.9820829471346945
Stacking,Excellent,0.057862491490810075,0.8983050847457628,0.9820829471346945
Stacking,Excellent,0.057862491490810075,0.9020715630885122,0.9820829471346945
Stacking,Excellent,0.0605854322668482,0.9020715630885122,0.9820829471346945
Stacking,Excellent,0.0605854322668482,0.9058380414312618,0.9820829471346945
Stacking,Excellent,0.06126616746085772,0.9058380414312618,0.9820829471346945
Stacking,Excellent,0.06126616746085772,0.9077212806026366,0.9820829471346945
Stacking,Excellent,0.06330837304288632,0.9077212806026366,0.9820829471346945
Stacking,Excellent,0.06330837304288632,0.9096045197740112,0.9820829471346945
Stacking,Excellent,0.06398910823689585,0.9096045197740112,0.9820829471346945
Stacking,Excellent,0.06398910823689585,0.9133709981167608,0.9820829471346945
Stacking,Excellent,0.06466984343090537,0.9133709981167608,0.9820829471346945
Stacking,Excellent,0.06466984343090537,0.9171374764595104,0.9820829471346945
Stacking,Excellent,0.06603131381892444,0.9171374764595104,0.9820829471346945
Stacking,Excellent,0.06603131381892444,0.9190207156308852,0.9820829471346945
Stacking,Excellent,0.0673927842069435,0.9190207156308852,0.9820829471346945
Stacking,Excellent,0.0673927842069435,0.9209039548022598,0.9820829471346945
Stacking,Excellent,0.07011572498298162,0.9209039548022598,0.9820829471346945
Stacking,Excellent,0.07011572498298162,0.9227871939736346,0.9820829471346945
Stacking,Excellent,0.07283866575901975,0.9227871939736346,0.9820829471346945
Stacking,Excellent,0.07283866575901975,0.9265536723163842,0.9820829471346945
Stacking,Excellent,0.07488087134104833,0.9265536723163842,0.9820829471346945
Stacking,Excellent,0.07488087134104833,0.928436911487759,0.9820829471346945
Stacking,Excellent,0.0762423417290674,0.928436911487759,0.9820829471346945
Stacking,Excellent,0.0762423417290674,0.9322033898305084,0.9820829471346945
Stacking,Excellent,0.07964601769911504,0.9322033898305084,0.9820829471346945
Stacking,Excellent,0.07964601769911504,0.9340866290018832,0.9820829471346945
Stacking,Excellent,0.08577263444520082,0.9340866290018832,0.9820829471346945
Stacking,Excellent,0.08577263444520082,0.935969868173258,0.9820829471346945
Stacking,Excellent,0.0878148400272294,0.935969868173258,0.9820829471346945
Stacking,Excellent,0.0878148400272294,0.9397363465160076,0.9820829471346945
Stacking,Excellent,0.09257998638529612,0.9397363465160076,0.9820829471346945
Stacking,Excellent,0.09257998638529612,0.9416195856873822,0.9820829471346945
Stacking,Excellent,0.09326072157930565,0.9416195856873822,0.9820829471346945
Stacking,Excellent,0.09326072157930565,0.943502824858757,0.9820829471346945
Stacking,Excellent,0.09394145677331518,0.943502824858757,0.9820829471346945
Stacking,Excellent,0.09394145677331518,0.9472693032015066,0.9820829471346945
Stacking,Excellent,0.09598366235534377,0.9472693032015066,0.9820829471346945
Stacking,Excellent,0.09598366235534377,0.9529190207156308,0.9820829471346945
Stacking,Excellent,0.09734513274336283,0.9529190207156308,0.9820829471346945
Stacking,Excellent,0.09734513274336283,0.9548022598870056,0.9820829471346945
Stacking,Excellent,0.11164057181756297,0.9548022598870056,0.9820829471346945
Stacking,Excellent,0.11164057181756297,0.9585687382297552,0.9820829471346945
Stacking,Excellent,0.1211708645336964,0.9585687382297552,0.9820829471346945
Stacking,Excellent,0.1211708645336964,0.96045197740113,0.9820829471346945
Stacking,Excellent,0.12253233492171545,0.96045197740113,0.9820829471346945
Stacking,Excellent,0.12253233492171545,0.9623352165725048,0.9820829471346945
Stacking,Excellent,0.12321307011572498,0.9623352165725048,0.9820829471346945
Stacking,Excellent,0.12321307011572498,0.9642184557438794,0.9820829471346945
Stacking,Excellent,0.12525527569775358,0.9642184557438794,0.9820829471346945
Stacking,Excellent,0.12525527569775358,0.9661016949152542,0.9820829471346945
Stacking,Excellent,0.12729748127978216,0.9661016949152542,0.9820829471346945
Stacking,Excellent,0.12729748127978216,0.967984934086629,0.9820829471346945
Stacking,Excellent,0.12865895166780122,0.967984934086629,0.9820829471346945
Stacking,Excellent,0.12865895166780122,0.9698681732580038,0.9820829471346945
Stacking,Excellent,0.1307011572498298,0.9698681732580038,0.9820829471346945
Stacking,Excellent,0.1307011572498298,0.9717514124293786,0.9820829471346945
Stacking,Excellent,0.13682777399591559,0.9717514124293786,0.9820829471346945
Stacking,Excellent,0.13682777399591559,0.9736346516007532,0.9820829471346945
Stacking,Excellent,0.13886997957794417,0.9736346516007532,0.9820829471346945
Stacking,Excellent,0.13886997957794417,0.9774011299435028,0.9820829471346945
Stacking,Excellent,0.14363512593601088,0.9774011299435028,0.9820829471346945
Stacking,Excellent,0.14363512593601088,0.9811676082862524,0.9820829471346945
Stacking,Excellent,0.15112321307011573,0.9811676082862524,0.9820829471346945
Stacking,Excellent,0.15112321307011573,0.9830508474576272,0.9820829471346945
Stacking,Excellent,0.15997277059223963,0.9830508474576272,0.9820829471346945
Stacking,Excellent,0.15997277059223963,0.9849340866290018,0.9820829471346945
Stacking,Excellent,0.1708645336963921,0.9849340866290018,0.9820829471346945
Stacking,Excellent,0.1708645336963921,0.9868173258003766,0.9820829471346945
Stacking,Excellent,0.17835262083049694,0.9868173258003766,0.9820829471346945
Stacking,Excellent,0.17835262083049694,0.9887005649717514,0.9820829471346945
Stacking,Excellent,0.1817562968005446,0.9887005649717514,0.9820829471346945
Stacking,Excellent,0.1817562968005446,0.9905838041431262,0.9820829471346945
Stacking,Excellent,0.20966643975493532,0.9905838041431262,0.9820829471346945
Stacking,Excellent,0.20966643975493532,0.992467043314501,0.9820829471346945
Stacking,Excellent,0.2273655547991831,0.992467043314501,0.9820829471346945
Stacking,Excellent,0.2273655547991831,0.9943502824858758,0.9820829471346945
Stacking,Excellent,0.2314499659632403,0.9943502824858758,0.9820829471346945
Stacking,Excellent,0.2314499659632403,0.9962335216572504,0.9820829471346945
Stacking,Excellent,0.26480599046970726,0.9962335216572504,0.9820829471346945
Stacking,Excellent,0.26480599046970726,0.9981167608286252,0.9820829471346945
Stacking,Excellent,0.37168141592920356,0.9981167608286252,0.9820829471346945
Stacking,Excellent,0.37168141592920356,1.0,0.9820829471346945
Stacking,Excellent,1.0,1.0,0.9820829471346945
