Person_ID,True_Label,Predicted_Label,Probability_Poor,Probability_Average,Probability_Good,Probability_Excellent
P07428,Good,Good,0.0001684160627737943,0.04111679350401724,0.8120018562930911,0.14671293414011782
P08834,Average,Poor,0.9337276747103507,0.06624570880672644,2.5180554455266855e-05,1.4359284677232536e-06
P09031,Poor,Poor,0.8353878479000256,0.16451402814507085,9.698348947543741e-05,1.1404654281577113e-06
P02748,Average,Average,0.018997012184165274,0.5916030306088719,0.38808229457928595,0.001317662627676899
P03713,Poor,Poor,0.8794268577157067,0.12049238127862255,7.833797882901101e-05,2.423026841847216e-06
P00158,Good,Good,0.001698719711705442,0.11015966473772103,0.6322897230287701,0.25585189252180357
P01003,Good,Excellent,5.792660938751916e-05,0.007116103658279597,0.4156464123878134,0.5771795573445195
P08704,Average,Good,0.0007412017612170178,0.11581930112525655,0.8157630364405849,0.06767646067294138
P03830,Poor,Poor,0.9110542672883521,0.08881505383436426,0.00012919418525792677,1.4846920255983944e-06
P05798,Excellent,Excellent,1.2314536638984797e-05,0.00037401713424308635,0.05843474413808467,0.9411789241910332
P01791,Excellent,Excellent,1.3848965064006126e-05,0.0028943988621588906,0.2840454779381547,0.7130462742346224
P05624,Good,Good,0.0026379214811906534,0.40987094781063876,0.5819978901599797,0.0054932405481908095
P07038,Good,Good,0.0002684431824465235,0.07210832084932108,0.8400470418103319,0.08757619415790054
P06032,Average,Average,0.20721637246717162,0.7840019875146473,0.008651441502556482,0.0001301985156245867
P01454,Poor,Poor,0.560393371851623,0.4381974981782307,0.0013992757984566946,9.854171689579299e-06
P08721,Excellent,Excellent,4.643551996881452e-06,0.00019532580972317617,0.04227375546847094,0.9575262751698091
P06257,Poor,Poor,0.9416231998522008,0.058312909983365975,6.285984889830866e-05,1.0303155349461628e-06
P09934,Excellent,Excellent,1.0912453404774527e-05,0.0001734190861183742,0.04199001358233504,0.9578256548781419
P08757,Excellent,Good,2.7869167998723142e-05,0.009844033326895119,0.5182933367691769,0.4718347607359293
P01911,Average,Average,0.47970203287493374,0.5058030469027406,0.014443585630861082,5.133459146467373e-05
P06551,Poor,Poor,0.7843572498913396,0.21462793598031477,0.0010099723918067169,4.84173653884924e-06
P01429,Good,Good,3.6169055340757054e-05,0.01938734275440475,0.6723017826418662,0.3082747055483882
P04700,Good,Good,7.264353088243106e-05,0.011256127533987765,0.5202479272662968,0.4684233016688331
P01880,Average,Average,0.013530171930414458,0.5628669359070669,0.4222779985586047,0.0013248936039140257
P05984,Average,Average,0.07495104076550954,0.8080978800154582,0.11675406048160447,0.00019701873742772094
P02776,Excellent,Excellent,4.952135246753803e-06,0.00042314560239599554,0.09076570750965259,0.9088061947527046
P04584,Good,Good,0.00013263467706468664,0.04649166607619854,0.7937742019805687,0.15960149726616796
P01026,Average,Average,0.04291643238102592,0.7157809440171213,0.24080891911115218,0.0004937044907005785
P04877,Good,Excellent,3.677302836527988e-05,0.005546654910731416,0.37266892385004813,0.6217476482108553
P08929,Poor,Average,0.04325951719635646,0.6667914990361428,0.28902929426241525,0.0009196895050854992
P04884,Poor,Poor,0.9655295069815494,0.03446388612292814,5.8664237901818906e-06,7.404717322371018e-07
P08465,Poor,Poor,0.959953668389951,0.04003763448863351,7.841958662293597e-06,8.551627532478095e-07
P09627,Average,Average,0.12737974633860152,0.7602743183977871,0.1119550561258093,0.000390879137802125
P04727,Average,Average,0.1360867601900802,0.8004141627056328,0.0633826443554796,0.00011643274880730171
P01438,Poor,Poor,0.9216889623226623,0.07827443702407962,3.493784422100465e-05,1.662809037285039e-06
P05342,Poor,Poor,0.962234686161137,0.03775863033084391,6.457370855686651e-06,2.2613716334346767e-07
P08731,Excellent,Excellent,2.2557447603560036e-05,0.0010281428199963461,0.11757251410794707,0.8813767856244531
P01992,Excellent,Excellent,4.150693485405777e-06,0.00031549949415416714,0.07026608717893637,0.929414262633424
P08488,Poor,Average,0.05149494815498832,0.7078375872398484,0.24013753289809542,0.0005299317070677655
P09227,Good,Good,9.713266990385364e-05,0.0340768146491833,0.7018216083809502,0.2640044442999626
P08796,Poor,Poor,0.8787028870857435,0.12122691572745962,6.764320850199809e-05,2.5539782949676486e-06
P01385,Good,Excellent,2.7377346182590277e-05,0.00871739535969424,0.42087700488831875,0.5703782224058044
P06435,Good,Average,0.011420696824731345,0.5847613552630273,0.4024309226195839,0.001387025292657483
P08446,Average,Average,0.1540761698450276,0.7385183522974675,0.10713022564041828,0.00027525221708661813
P04962,Good,Good,0.0007762416509731258,0.12130563321626661,0.7529370135654696,0.12498111156729051
P02515,Excellent,Excellent,8.272472613762025e-05,0.009772498401638883,0.4730189111911342,0.5171258656810893
P00989,Good,Excellent,1.6763226541222662e-05,0.0028357144340178616,0.2775354387796574,0.7196120835597836
P07260,Good,Good,0.0016219612485136124,0.20838742699247909,0.7507932070258465,0.03919740473316094
P08468,Good,Excellent,2.445218009984828e-05,0.0009798812896283954,0.14973827757400088,0.8492573889562709
P00843,Average,Good,0.0012309191410986434,0.2715339233571538,0.7017180084308391,0.02551714907090841
P03825,Average,Poor,0.5626266730791292,0.4304465461649677,0.006868745905654407,5.803485024875469e-05
P05071,Good,Good,0.0015110485020707039,0.17538336973133029,0.7544201875820021,0.06868539418459695
P02546,Average,Average,0.025712265294893642,0.7444900879202428,0.229148101534241,0.0006495452506224855
P01399,Average,Good,0.0015094455502705697,0.19803401850983346,0.7606262670811532,0.039830268858742746
P08897,Excellent,Excellent,2.2708535915627332e-05,0.002689484674227115,0.2593561803529204,0.7379316264369369
P03842,Good,Good,0.00022388848219035312,0.052735848191106154,0.7526811943511948,0.1943590689755087
P01265,Good,Good,0.00010488528843131881,0.04523996165034746,0.7428587856716763,0.21179636738954494
P03966,Excellent,Excellent,4.646905826285706e-06,0.0001955630719367782,0.04231456649604002,0.9574852235261968
P00707,Excellent,Excellent,1.2430576346447709e-05,0.0003749266559575902,0.05879252831458445,0.9408201144531116
P00958,Excellent,Excellent,0.00014875882576841375,0.010866112440190213,0.4659919189919855,0.5229932097420559
P03588,Poor,Poor,0.9660758348934873,0.0339177405764977,5.695900861341647e-06,7.286291536737522e-07
P02734,Poor,Poor,0.8156639070301529,0.18415977817135362,0.00017496539349670006,1.3494049968714204e-06
P08871,Good,Good,3.0858643913273465e-05,0.012716645560783316,0.5792481377213289,0.4080043580739745
P06543,Good,Excellent,5.645426327055102e-05,0.0052941371839304845,0.4053573347695656,0.5892920737832334
P01775,Average,Average,0.3123465991074246,0.6776208291018289,0.00998094019041199,5.1631600334531626e-05
P00834,Good,Good,0.0020248922412519133,0.14369433409458376,0.7561940995371412,0.098086674127023
P01991,Good,Good,0.00015637811094590628,0.06322787979034458,0.7840470688076342,0.15256867329107524
P06932,Average,Poor,0.5860554056205545,0.41303012537785055,0.000910698384411025,3.770617183868276e-06
P00637,Poor,Poor,0.9647897795948284,0.03520442196669399,5.589433213196607e-06,2.0900526445030399e-07
P00134,Average,Average,0.031828713498412355,0.679045890010452,0.2879710082292647,0.00115438826187096
P01063,Good,Excellent,2.1364225975936467e-05,0.0007096722618468616,0.11720340199409397,0.8820655615180832
P08467,Excellent,Good,0.0001683741532580704,0.03462700288934532,0.7325224565747752,0.23268216638262137
P01238,Average,Good,0.006989908799909172,0.4364158888158991,0.5383867045177062,0.01820749786648549
P08893,Average,Good,0.007143017746402362,0.47136161958436557,0.5131854969994514,0.008309865669780677
P01832,Good,Good,0.005736038813408348,0.4557916450696104,0.535821941650315,0.002650374466666197
P01862,Excellent,Excellent,1.0737588805990956e-05,0.00016787864718325503,0.0410244129291319,0.9587969708348788
P01289,Average,Good,0.0023114798430488854,0.16268991542930328,0.7360711982911124,0.09892740643653547
P03765,Poor,Poor,0.5292992200836389,0.4668850793682491,0.0037873182792757232,2.8382268836250292e-05
P06127,Average,Average,0.13198041755553608,0.730628258645717,0.13683578716327535,0.0005555366354716147
P08397,Poor,Poor,0.7627728941124097,0.2369658562082555,0.00025621028903388617,5.0393903010490236e-06
P03569,Average,Good,0.005204605514415281,0.4272111456497075,0.5622736365357963,0.0053106123000809
P03446,Excellent,Excellent,2.714280966030158e-06,0.0001475765650668289,0.04426081780131231,0.9555888913526548
P08396,Good,Average,0.04073526707870364,0.6487887627799517,0.3096411053675839,0.0008348647737608774
P05710,Average,Average,0.07436457735541678,0.7979979448522843,0.12714150441937377,0.0004959733729252176
P08663,Excellent,Good,0.0003733829141798945,0.06264887671195801,0.8174728371710355,0.11950490320282649
P01136,Good,Good,0.0017912034262926476,0.1356909332691207,0.7578065967814757,0.10471126652311104
P06062,Good,Excellent,1.5829076926842806e-05,0.0015686794214213595,0.20311263541677324,0.7953028560848786
P07596,Poor,Poor,0.9658716317865003,0.03412054641587717,7.109439673646855e-06,7.123579488778529e-07
P02574,Good,Good,0.00025530753608697123,0.06447040154956897,0.7426152549012704,0.1926590360130736
P08551,Poor,Poor,0.9493133200617324,0.05067347123844524,1.2107753311470936e-05,1.1009465108287665e-06
P03363,Excellent,Excellent,4.656299110055436e-06,0.00019620560734743504,0.04241403361172209,0.9573851044818203
P08280,Average,Average,0.007375777455137761,0.5057543883162539,0.48494626081309955,0.0019235734155087986
P03641,Excellent,Excellent,1.2213946414492099e-05,0.00021789754641772082,0.04949378122462033,0.9502761072825475
P01508,Poor,Poor,0.9654468227451167,0.034545174599761114,7.281315876861485e-06,7.213392452212661e-07
P07512,Good,Good,0.0012103567855822866,0.171895141425971,0.7895303034521312,0.03736419833631558
P03939,Good,Excellent,2.0209779618776745e-05,0.0008222244090119013,0.10193493276708313,0.8972226330442863
P08055,Poor,Poor,0.9491815612661528,0.05080618843960811,1.1934160527795876e-05,3.1613371133194726e-07
P07221,Excellent,Excellent,6.0638366443152155e-06,0.00030133945382579625,0.05753310868276504,0.942159488026765
P00716,Good,Excellent,2.4909087341350394e-05,0.006763358764537638,0.4583442532229138,0.5348674789252074
P02316,Average,Good,0.0011879599023758446,0.17595177382954338,0.726310280277744,0.09654998599033683
P00702,Good,Excellent,1.4016852261676096e-05,0.002468567270538017,0.26460209569420634,0.732915320182994
P04819,Poor,Poor,0.9591593416799855,0.04080570535045029,3.4203312103612605e-05,7.49657460514206e-07
P03628,Average,Average,0.03996674188143982,0.6899188292611549,0.26922273633913374,0.0008916925182716546
P00904,Poor,Poor,0.8715491203557745,0.12837303201237732,7.675619672644746e-05,1.0914351216639657e-06
P02473,Average,Poor,0.5336819353479845,0.46374964523958934,0.0025594426587852008,8.976753640972979e-06
P07423,Excellent,Excellent,1.0758166371060169e-05,0.00016855674426455563,0.04114899477743199,0.9586716903119324
P05294,Poor,Average,0.14651948215125174,0.8178752141963227,0.035498822149793975,0.0001064815026318388
P03776,Good,Good,0.004844792710921041,0.4066471060579901,0.5821634666504278,0.006344634580661006
P02945,Poor,Poor,0.9434884132031229,0.056491281621277416,1.9113852314406516e-05,1.1913232851367243e-06
P06854,Good,Average,0.010276525496185997,0.5516075432535372,0.4365970654121116,0.0015188658381652092
P09257,Good,Excellent,3.352732859125563e-05,0.002026448965575996,0.1882262559910366,0.8097137677147961
P05278,Poor,Poor,0.9608403679484461,0.03915130488978163,7.488274941083504e-06,8.388868312759098e-07
P07652,Excellent,Excellent,0.00023715367298377804,0.013098487408401426,0.4138551761130658,0.572809182805549
P02708,Good,Excellent,9.94853748245287e-06,0.000655145806562984,0.09542646407234037,0.9039084415836142
P06320,Poor,Poor,0.9521260890225987,0.04782807274089755,4.4990724174521254e-05,8.475123293391594e-07
P03813,Poor,Poor,0.8724399190401908,0.12745905842911895,9.829078251194547e-05,2.731748178242919e-06
P03334,Average,Good,0.0021259366474172758,0.2774787771487642,0.7050809101557414,0.015314376048077259
P00760,Excellent,Excellent,1.8388800117281235e-05,0.0007103362972061152,0.09236418369782588,0.9069070912048507
P00915,Average,Average,0.3237807518247064,0.6651142938899436,0.011056770440495316,4.818384485473179e-05
P00122,Poor,Poor,0.959352362197451,0.04061296921189872,3.3921361059188694e-05,7.472295910853987e-07
P06321,Average,Average,0.329547185385699,0.6614680482036691,0.008951558088869542,3.3208321762434226e-05
P03455,Good,Good,0.0019405238066731237,0.3595856452440801,0.6316397364654657,0.006834094483781141
P01587,Poor,Poor,0.9621845324331584,0.03778476784145537,2.9996562162721073e-05,7.031632235574953e-07
P07834,Good,Good,0.00017558360084646524,0.0413459570754025,0.7008972800539235,0.2575811792698276
P08767,Good,Good,0.001321575490394862,0.135453321214276,0.7717338508021838,0.09149125249314535
P00741,Good,Good,0.002730868389760987,0.3485322871885153,0.6408049970564126,0.007931847365311082
P03382,Excellent,Good,0.00015019470767700674,0.0167843824446177,0.553163689706546,0.42990173314115937
P00954,Poor,Poor,0.5895423577279045,0.4086729506033856,0.0017783387145812435,6.352954128645321e-06
P06740,Excellent,Excellent,3.822539413630985e-05,0.008403097477660599,0.4675859927580847,0.5239726843701182
P02428,Excellent,Excellent,1.2257630401695312e-05,0.00035896056901980037,0.057119904250570314,0.9425088775500082
P09675,Excellent,Excellent,5.011018176310801e-06,0.00022180315942525378,0.046697549445304784,0.9530756363770937
P01116,Excellent,Excellent,9.284575282529963e-06,0.0002258514269254859,0.04116330842211052,0.9586015555756815
P02179,Good,Good,0.0002882613667287031,0.022098376010429105,0.5675879208962438,0.4100254417265984
P07828,Poor,Poor,0.9645806714225285,0.03541237800160353,6.190578868510251e-06,7.599969996310124e-07
P06639,Good,Good,0.0018652776249291475,0.2530546022773245,0.7355817118723288,0.009498408225417483
P00239,Good,Excellent,5.19759733558645e-05,0.0060054197439687144,0.36594260884010854,0.6279999954425669
P06492,Poor,Poor,0.9659003945090817,0.03409312114069234,5.752097311686561e-06,7.322529143393935e-07
P01210,Average,Poor,0.628728410209687,0.36986517272238706,0.0013942223134531847,1.21947544728379e-05
P03249,Excellent,Excellent,3.0823301938824477e-06,0.00018396937012014937,0.0511810268197788,0.9486319214799073
P09370,Excellent,Excellent,8.443022474945486e-06,0.0005138810721873015,0.0835838441453113,0.9158938317600265
P00776,Average,Poor,0.587592168608062,0.4101713476050203,0.0022186712262899262,1.7812560627835505e-05
P01209,Poor,Poor,0.9621849361771746,0.037784366736275554,2.999379598345883e-05,7.032905663843348e-07
P08509,Excellent,Good,0.0006256488630988591,0.08568323759974629,0.7933264444120713,0.12036466912508355
P01749,Good,Good,0.0007586247407205183,0.12038741954991107,0.8302090057487334,0.04864494996063501
P03868,Poor,Poor,0.9654645210719469,0.0345274822744585,7.275691940193178e-06,7.209616543688203e-07
P08412,Average,Average,0.038750599591228924,0.7209033222107369,0.23949368181225664,0.0008523963857773981
P04985,Good,Good,0.0006866065367217088,0.09794132755439669,0.8005691014732625,0.10080296443561905
P01107,Poor,Poor,0.9010415948837204,0.0989101409150191,4.75894820319127e-05,6.747192287323954e-07
P06392,Good,Average,0.02406810842869566,0.6691512441826535,0.3054792395071689,0.0013014078814820847
P08992,Excellent,Excellent,1.8502838962410997e-05,0.0005276144846518439,0.09533517603659705,0.9041187066397888
P09334,Average,Average,0.12860728693858378,0.7818897299579202,0.08915857413319761,0.0003444089702985845
P05371,Good,Good,0.00017663041623492087,0.0428003910945499,0.621236203890535,0.33578677459868017
P06901,Average,Average,0.2941235624819687,0.6964961962657351,0.00936220142605401,1.8039826242186477e-05
P00323,Poor,Poor,0.8840107679770094,0.11578210870043887,0.00020525401329883134,1.8693092529141996e-06
P00385,Excellent,Good,0.0004958535108049622,0.11256469136705545,0.743297033359151,0.14364242176298855
P09489,Good,Excellent,2.984877928988057e-05,0.0016438074810484755,0.1651300290362646,0.8331963147033971
P06597,Excellent,Excellent,6.518427299245185e-06,0.0003329453451902817,0.06133345861652126,0.9383270776109893
P08006,Poor,Poor,0.9621346324235001,0.03783459651491781,3.0067428343876338e-05,7.03633238287302e-07
P00512,Excellent,Excellent,1.0741424661085028e-05,0.00016800518867939038,0.04104771122849896,0.9587735421581605
P05263,Average,Average,0.07276625335680197,0.7596120800027255,0.16711006862581948,0.0005115980146530011
P09799,Average,Average,0.023376006025479512,0.7045818593808472,0.27114354926072,0.0008985853329533268
P09672,Poor,Average,0.25281929938849274,0.7365261101767598,0.010556111743808131,9.847869093928531e-05
P01388,Good,Average,0.03620540961670999,0.7863667822273315,0.17582579693495393,0.0016020112210046583
P04181,Poor,Poor,0.9647060299181449,0.03528814408971414,5.616430467097705e-06,2.095616739014348e-07
P00022,Excellent,Excellent,7.154904664476371e-05,0.006319257489060193,0.430797398543818,0.562811794920477
P06575,Good,Good,0.000293875841544376,0.09372261704595579,0.7691041362758303,0.1368793708366696
P02214,Poor,Poor,0.632145547158523,0.36695193727134634,0.0008949546954428765,7.5608746877795965e-06
P01610,Good,Good,0.0029697572267193876,0.23650462510446738,0.7156773335498973,0.04484828411891605
P04452,Excellent,Excellent,4.746783825679294e-06,0.00020263098597285916,0.04351142018369479,0.9562812020465067
P01747,Good,Average,0.01309955381720843,0.640343519534167,0.34545017952794654,0.0011067471206778355
P02767,Good,Good,0.0013618452794196614,0.11239838684585393,0.7490947737167329,0.13714499415799355
P03915,Poor,Poor,0.9659808339801348,0.03401270904606914,5.726391662119063e-06,7.305821339603369e-07
P03075,Excellent,Excellent,1.0739479523215733e-05,0.0007947938548279352,0.11942975012382796,0.879764716541821
P08165,Excellent,Excellent,4.6410085881228904e-06,0.00019514947872745604,0.042244137533521395,0.9575560719791629
P02944,Average,Average,0.10115550795583822,0.7436822987743908,0.15457510072118696,0.0005870925485840355
P06721,Poor,Poor,0.9660322098229699,0.033960037069547006,7.0441530075235305e-06,7.089544754609294e-07
P06924,Excellent,Excellent,4.157927107067816e-05,0.002509632313758892,0.24385597010466803,0.7535928183105024
P08776,Excellent,Good,0.00045629462277455176,0.09763949795572291,0.7173929100577758,0.1845112973637267
P05454,Poor,Poor,0.7347322724967195,0.26481452012464657,0.00044740229984255206,5.805078791554906e-06
P08440,Average,Average,0.21525374938976824,0.7423144599595045,0.04234531864477797,8.647200594918629e-05
P07789,Excellent,Good,0.0018273889662156308,0.14791688008030118,0.7214005665221583,0.12885516443132486
P03763,Poor,Poor,0.9637567679090272,0.03623708424497764,5.931939801885177e-06,2.1590619336061458e-07
P09107,Average,Average,0.11819100627752033,0.8323303579597671,0.049393298071828955,8.53376908835891e-05
P09954,Good,Excellent,7.416308415954626e-05,0.008511561062353835,0.4475109737689715,0.5439033020845151
P06386,Excellent,Excellent,5.908406346993749e-05,0.0063080279971636805,0.3865620888671152,0.6070707990722511
P05738,Good,Good,0.0007143887229161868,0.1253383503111352,0.8276757653524041,0.04627149561354465
P02727,Average,Average,0.36632690366323617,0.6300221476623464,0.0036392565994645726,1.1692074952727445e-05
P03101,Average,Average,0.01847836278898248,0.628158388335161,0.3523896510216699,0.0009735978541866119
P01968,Excellent,Excellent,2.7098642153333405e-06,0.00014716370645271313,0.0441839672946262,0.9556661591347058
P02625,Poor,Poor,0.9631559772317145,0.03683656340077694,6.669220614488115e-06,7.901468938451391e-07
P01967,Good,Average,0.021373317346854548,0.6273127933728052,0.3503753991245335,0.0009384901558066278
P00327,Good,Excellent,5.691084265964951e-05,0.01124580427330248,0.48745940528330384,0.5012378796007341
P00791,Excellent,Excellent,2.2294598077860616e-05,0.0007686138106093979,0.12240771871035148,0.8768013728809613
P00980,Good,Good,0.0003385055587725752,0.1204602210719749,0.8204532923930716,0.058747980976181016
P04445,Poor,Poor,0.9622847843375055,0.03768465175075543,2.9862423350154452e-05,7.014883888947565e-07
P03341,Poor,Poor,0.9510907287462088,0.04889798385145128,1.0985033364871766e-05,3.0236897500567964e-07
P03640,Good,Good,0.0034530757526452746,0.23748187656460204,0.7284772518421286,0.030587795840623943
P05903,Good,Good,7.258363322809621e-05,0.035110151200234314,0.7437451900123166,0.22107207515422084
P00011,Average,Poor,0.7666056981316286,0.23268262206446527,0.0007075736102906717,4.106193615535613e-06
P05113,Average,Poor,0.9367221779659151,0.06320597472422085,7.062871069905312e-05,1.2185991648992352e-06
P09159,Excellent,Excellent,4.481531678577911e-06,0.0003498862201986887,0.07991700401283044,0.9197286282352922
P08247,Excellent,Excellent,6.643380148577805e-06,0.00034982648899347404,0.06115779128264888,0.9384857388482091
P00771,Average,Average,0.1107338929132272,0.7724621048586326,0.11661438660387857,0.0001896156242614838
P02619,Good,Average,0.029493693311071063,0.6634469163931064,0.305749612002793,0.001309778293029577
P02784,Poor,Poor,0.924397088136931,0.07557468505070411,2.6627021420746634e-05,1.5997909443515603e-06
P06326,Poor,Poor,0.8743198510910162,0.12545719620644927,0.0002202187881177456,2.7339144168785925e-06
P09829,Poor,Poor,0.9396121730346916,0.06036483032400379,2.171829701654916e-05,1.2783442878671228e-06
P01734,Poor,Poor,0.700889121921799,0.2986576775903579,0.0004464996988385377,6.70078900460394e-06
P09292,Poor,Average,0.20985684272706615,0.7820414270995671,0.008073284739662423,2.844543370429963e-05
P03250,Excellent,Excellent,1.108362570811226e-05,0.0008107004015667837,0.12016818771816566,0.8790100282545593
P09716,Excellent,Excellent,1.1282564476640653e-05,0.0001862650693496459,0.04434656389033085,0.9554558884758428
P03771,Average,Average,0.12794569886869867,0.8384170583477614,0.03358803163982966,4.9211143710421906e-05
P08267,Poor,Poor,0.7256607868380253,0.2738205691254087,0.000512076231475405,6.567805090694051e-06
P08705,Excellent,Excellent,2.3939644739918872e-05,0.003875840264652007,0.32557859809798445,0.6705216219926237
P04402,Poor,Poor,0.6871938103357204,0.3111514841069345,0.0016488066587716421,5.8988985733184075e-06
P06096,Excellent,Excellent,3.410352362804017e-05,0.0020847437800234733,0.2548074096075588,0.7430737430887896
P06640,Poor,Poor,0.9469762910519686,0.05296920767069704,5.3578728001369916e-05,9.225493329684476e-07
P03290,Excellent,Excellent,1.1207483234054415e-05,0.00018311587742652277,0.043724526113724245,0.9560811505256153
P09597,Poor,Poor,0.8219177486691607,0.17762883966253853,0.0004508819124435385,2.5297558573713013e-06
P05167,Excellent,Excellent,1.0766259001480797e-05,0.00016882722605368727,0.04119912338238045,0.9586212831325645
P08843,Excellent,Excellent,3.35196042656733e-06,0.00021097856812341117,0.0557833859054715,0.9440022835659785
P03467,Good,Average,0.03247792468510163,0.7105329448567569,0.25622577017505765,0.0007633602830837356
P05479,Average,Average,0.03839851340822014,0.7238810903025252,0.23733084399407312,0.00038955229518148205
P07408,Good,Average,0.018174012463082315,0.575058472102636,0.40482721971082763,0.001940295723454068
P03398,Good,Good,0.003644916356178757,0.4036013847938121,0.5883792553961211,0.004374443453888046
P00021,Excellent,Excellent,2.8522711882085177e-05,0.0013359167931925665,0.18046029832943752,0.8181752621654879
P04827,Good,Good,4.656944939485782e-05,0.012007899803874454,0.5404495586960556,0.44749597205067504
P03470,Excellent,Excellent,9.125687479466524e-06,0.00021953311526396442,0.04033670344918277,0.9594346377480739
P04618,Average,Poor,0.6638692804455383,0.3320312111596945,0.004081278048053297,1.8230346713971915e-05
P09670,Poor,Poor,0.9524462506104202,0.047543164507299666,1.0292137860772795e-05,2.927444194610704e-07
P04123,Good,Good,0.002330466810973504,0.18913030465745329,0.7203375958303009,0.0882016327012722
P03656,Poor,Poor,0.7491091711972063,0.2500716654239514,0.000814793409343239,4.369969499090622e-06
P02939,Average,Average,0.03593763158116635,0.7128795436059131,0.24977397839575063,0.0014088464171699807
P05871,Excellent,Excellent,1.076010471660513e-05,0.00016861853052777705,0.04116008533182015,0.9586605360329356
P08460,Good,Good,0.0005477273347411114,0.10121693103682809,0.7822091169195872,0.11602622470884362
P03738,Good,Good,0.0002345607213322389,0.035938163196767944,0.7239231904253991,0.23990408565650073
P07003,Excellent,Excellent,1.8118622402671948e-05,0.0035937312322294555,0.33330113360972036,0.6630870165356476
P08981,Poor,Poor,0.9649299792567458,0.03506319884288617,6.069377530876332e-06,7.52522836920959e-07
P00788,Good,Excellent,6.972841631760846e-05,0.00601154859787975,0.35502848315729335,0.6388902398285092
P03421,Excellent,Excellent,1.175469253803587e-05,0.00033262819468172594,0.05428985971892195,0.9453657573938582
P01098,Average,Average,0.11470086720157588,0.6855786936277437,0.19894705043178174,0.0007733887388987382
P09892,Excellent,Excellent,1.1900527272892436e-05,0.0021002677273103273,0.2560773541674051,0.7418104775780116
P04390,Poor,Poor,0.7291435616101387,0.26909006773449357,0.001736848705792895,2.9521949574701372e-05
P09550,Average,Average,0.04244609185874121,0.678584913629917,0.2780628136204985,0.0009061808908434066
P06510,Poor,Poor,0.9598175497892496,0.04014845337942321,3.3256569278406805e-05,7.402620487877124e-07
P00775,Average,Poor,0.9360018198195855,0.063973484306238,2.311576998983336e-05,1.5801041864635585e-06
P09124,Poor,Poor,0.9618733067479269,0.0380955767570785,3.0407332724461822e-05,7.091622701534374e-07
P06295,Excellent,Good,0.0004145597380297355,0.13443280214824904,0.8105320259802393,0.05462061213348177
P02096,Average,Average,0.09315783919853154,0.7877784010725186,0.11882800170205977,0.00023575802688993383
P09599,Good,Good,9.920478178286567e-05,0.04494340690717931,0.7183120936312472,0.23664529467979065
P08201,Average,Average,0.3144685590060289,0.6817042313914728,0.0038079388381695996,1.9270764328660456e-05
P01928,Good,Good,0.0009068070756016283,0.11309841459627609,0.7643910072614588,0.12160377106666342
P00140,Average,Average,0.019837386212203798,0.6607243618394562,0.31754391689356287,0.0018943350547772702
P00266,Average,Good,0.0004452885896928485,0.09199610580969508,0.8061341632294265,0.10142444237118545
P01184,Average,Average,0.08234219017404128,0.8326748349583099,0.08488301625967214,9.995860797678542e-05
P08007,Poor,Average,0.025203529425721145,0.6695187721198869,0.30362265352001006,0.001655044934381968
P02445,Average,Average,0.03565666780005589,0.6696605905577686,0.2940226034404217,0.0006601382017536974
P06028,Excellent,Excellent,3.5246485505217996e-06,0.00023380049532766738,0.060586847430749546,0.9391758274253722
P09221,Average,Good,0.0008146850615071304,0.12581424936220034,0.8067156201082362,0.06665544546805628
P01790,Good,Average,0.07702793319812858,0.6887088236709485,0.2330232083106994,0.0012400348202233696
P07567,Excellent,Excellent,6.642658107734495e-05,0.007034940198591697,0.4108628486392106,0.5820357845811203
P06564,Good,Average,0.03569351138150467,0.7494213482832892,0.21415347830387432,0.0007316620313317306
P09648,Average,Average,0.06844147424198647,0.820521744137651,0.1107783813299461,0.0002584002904163681
P09601,Excellent,Excellent,6.12415603668793e-06,0.0003055078407473734,0.056619424431637595,0.9430689435715783
P01588,Excellent,Excellent,1.1403233234438001e-05,0.00031888158554225555,0.052574112621985226,0.9470956025592381
P06875,Good,Good,0.00012919271543171794,0.05401959942825144,0.7888841681913047,0.15696703966501205
P02576,Poor,Poor,0.9608959334419853,0.03907158026457869,3.176354559464748e-05,7.227478412216496e-07
P03547,Good,Good,7.179093041957788e-05,0.010388814824044973,0.5620122682992271,0.4275271259463084
P00614,Poor,Poor,0.8592033750669082,0.14067657968033911,0.0001169356050139587,3.109647738716536e-06
P01459,Average,Average,0.07957697835239858,0.7950534714391745,0.12495366676275693,0.0004158834456700101
P05882,Average,Good,0.0005489926808152297,0.1424333028354665,0.7991471119942598,0.057870592489458486
P04259,Excellent,Excellent,1.5960964574912856e-05,0.0029966297051195632,0.29636516965449095,0.7006222396758145
P04571,Average,Poor,0.84668699880343,0.15317793155964213,0.00013186393476721504,3.2057021606582347e-06
P00795,Average,Average,0.06621491489407384,0.7899800773889679,0.1435806693230482,0.00022433839391013246
P06903,Average,Average,0.041009264068711374,0.6815862149230956,0.27674655637208295,0.0006579646361099213
P00613,Poor,Poor,0.9557768404577636,0.04421395665528873,8.93272168427215e-06,2.701652635101927e-07
P08800,Poor,Poor,0.9638449028832007,0.03614790192329797,6.418144799998417e-06,7.770487014742454e-07
P01040,Excellent,Excellent,2.9842875010945456e-06,0.0001742968595665835,0.0496273757152853,0.9501953431376471
P04879,Average,Average,0.045559683871227746,0.7931772562958982,0.1606603973469378,0.0006026624859363553
P05732,Excellent,Good,0.000789045566189524,0.08334943675994903,0.7893335163496731,0.1265280013241883
P08376,Excellent,Excellent,4.707848739437603e-06,0.00019984915833332954,0.04303940718587809,0.9567560358070493
P09335,Poor,Poor,0.9124564102210663,0.08741386757781193,0.00012836110890877657,1.3610922129156023e-06
P06567,Average,Average,0.02278271570882275,0.6243200267517184,0.351266479131928,0.0016307784075307958
P07588,Average,Good,0.0031086679403129966,0.37386915375932556,0.6150722901553902,0.007949888144971275
P08610,Average,Average,0.24973253453109992,0.7409715293563435,0.00928156430519865,1.4371807358052497e-05
P07581,Good,Good,0.00022831088847059713,0.05558847416941052,0.787694679812863,0.15648853512925587
P00589,Excellent,Excellent,1.1237398265256456e-05,0.0001841165709382121,0.043867252394044105,0.9559373936367525
P07764,Good,Excellent,2.6214493316654443e-05,0.0010117686701310948,0.14614127228643917,0.852820744550113
P02080,Average,Average,0.05646161317778101,0.8009946158104322,0.14178494721321716,0.0007588237985696317
P06933,Average,Good,0.007266009283819758,0.4138058868334766,0.5714914156441564,0.007436688238547287
P05771,Good,Good,0.00023218839210574092,0.04732156787410344,0.7877756928054503,0.16467055092834063
P05779,Poor,Poor,0.9547321050793839,0.04525461681839656,1.2329359709894837e-05,9.487425096953439e-07
P03974,Poor,Poor,0.9658971136457687,0.03409640015617421,5.753927975175127e-06,7.322700819412676e-07
P04502,Good,Good,0.0004552728417331587,0.13914235137228786,0.7930042566917553,0.06739811909422366
P06351,Poor,Poor,0.7707530861145687,0.22895788221251584,0.000284248772057041,4.782900858262547e-06
P09166,Good,Good,0.005288262336244571,0.42238922149069,0.5659061925276925,0.006416323645373004
P00762,Good,Excellent,0.0003661841956447945,0.013353627821013661,0.46163559521409975,0.5246445927692418
P05037,Excellent,Excellent,1.596673553863617e-05,0.00038310434806679863,0.07521312817966223,0.9243878007367323
P02898,Excellent,Excellent,4.57841645630092e-06,0.0003502846260470215,0.07608474853280404,0.9235603884246926
P05233,Good,Good,0.0014126755573430343,0.14985279233409213,0.7612864755213192,0.08744805658724568
P03750,Excellent,Good,2.6274421030375724e-05,0.009756847350076772,0.5308293391011782,0.45938753912771474
P00829,Average,Average,0.013963444970875375,0.6148581468216332,0.36977665607969334,0.001401752127798115
P09927,Excellent,Good,0.0010825332290628931,0.08805016180428293,0.6828055645394173,0.22806174042723695
P06020,Good,Good,0.0003670329050585639,0.06477511465598962,0.7918075310079247,0.14305032143102717
P01303,Average,Average,0.10561936217521083,0.7972819620278605,0.09685072369092268,0.0002479521060060306
P04920,Excellent,Good,0.00013595368310121954,0.015684011064557878,0.5555047124495923,0.42867532280274867
P03208,Poor,Poor,0.9623208707936203,0.0376486179894761,2.9809926754125808e-05,7.012901495413468e-07
P02786,Excellent,Excellent,2.7555429556696157e-06,0.00015154105449001037,0.04509073270401458,0.9547549706985397
P05593,Good,Average,0.005600087995251242,0.5397975814494558,0.45180348125034564,0.0027988493049473755
P02681,Poor,Poor,0.9611975040460258,0.038794317939891056,7.343573192585971e-06,8.344408906119362e-07
P04672,Excellent,Excellent,9.786787012707277e-06,0.00024715288306140974,0.04387756688191413,0.9558654934480117
P07347,Good,Good,0.005625834452353125,0.28692846853954057,0.6322925125830333,0.075153184425073
P03011,Average,Good,0.002414295941489212,0.16629193948733312,0.697116748884782,0.1341770156863957
P09893,Average,Poor,0.7211727129557852,0.27781069486805726,0.001012572004973254,4.020171184215751e-06
P02343,Average,Average,0.01614755729894398,0.5887434357469485,0.393985361579722,0.001123645374385431
P04526,Average,Average,0.1234839440457975,0.8265681043297781,0.0497610169697787,0.00018693465464582877
P04523,Average,Good,0.005471795711876356,0.4712158274501573,0.5204242615711043,0.0028881152668619485
P00411,Good,Average,0.008814023412431376,0.5183829212161232,0.4706270556864189,0.002175999685026563
P03434,Poor,Poor,0.945608485210542,0.054334770681435836,5.578564021628164e-05,9.58467806077205e-07
P02370,Average,Average,0.04500731295226021,0.782887478234861,0.17174297528791885,0.00036223352495995544
P05524,Good,Average,0.10515872299373567,0.8139038875456646,0.08079183654728374,0.00014555291331612815
P02220,Good,Good,0.0002433596209693155,0.042151258325452204,0.760432436384647,0.19717294566893148
P06338,Good,Good,0.0016027120124048075,0.11624981609306598,0.7318957624396407,0.1502517094548886
P05255,Good,Good,0.0013886920699426283,0.17586876236050947,0.7647820345169407,0.05796051105260718
P01702,Good,Good,0.0025870129869968047,0.19439657662994086,0.753925602157966,0.04909080822509636
P05500,Average,Good,0.0019269733942169143,0.1630784552675796,0.7468762000804935,0.08811837125771001
P06512,Average,Poor,0.9356071001320837,0.06437551543706486,1.6973379600637475e-05,4.1105125075391396e-07
P09142,Good,Good,0.007661783604017527,0.49265268166287535,0.49744301030605736,0.002242524427049714
P05870,Poor,Poor,0.924822108531629,0.07515119283241985,2.620959003018196e-05,4.890459210160825e-07
P05384,Good,Good,0.0001918123878931796,0.047184876232887495,0.7713116523107892,0.18131165906843003
P01542,Average,Average,0.07939654407637221,0.7677277153132156,0.15258344125251583,0.0002922993578965115
P09576,Poor,Poor,0.955481251202499,0.04450950714487504,8.969736380994512e-06,2.719162447153006e-07
P06263,Good,Good,0.0001419257211859105,0.04458586468533176,0.7573843304062045,0.1978878791872779
P06453,Poor,Poor,0.9432304021267891,0.05675549465289802,1.3746811367004892e-05,3.564089458796322e-07
P02238,Average,Average,0.25127394573285045,0.7371553580361667,0.011553091877627984,1.760435335496092e-05
P06515,Excellent,Excellent,2.7104602257009542e-06,0.00014720357316200616,0.044190215732316226,0.9556598702342961
P03176,Good,Good,0.0024254634965095246,0.21034062192749814,0.7216881179472717,0.06554579662872066
P02277,Excellent,Excellent,6.59579444828263e-06,0.00035130295595801983,0.06625346745003385,0.9333886337995597
P03159,Excellent,Excellent,9.104997557919235e-06,0.00021870393718828577,0.040228170742700395,0.9595440203225533
P06715,Good,Average,0.0969286687622142,0.7539983813692811,0.14873118080948336,0.00034176905902134886
P09773,Poor,Poor,0.9557090827460425,0.04428176308370209,8.883679312486414e-06,2.7049094281008586e-07
P07226,Average,Average,0.4019559219994514,0.5817458119875564,0.01624839107172211,4.9874941270106635e-05
P07239,Average,Good,0.003138281350105879,0.32251102861076514,0.6590345498013002,0.01531614023782897
P06314,Average,Average,0.43543859932024775,0.5610768851195223,0.003458551949652209,2.596361057770085e-05
P09274,Good,Excellent,5.3273454297022205e-05,0.005998565726768957,0.36842891487424806,0.625519245944686
P01944,Average,Average,0.1053326497310856,0.8672213425375179,0.027412269326591694,3.373840480469505e-05
P03919,Excellent,Excellent,2.1396165051979862e-05,0.0010575005941380184,0.1189972024312445,0.8799239008095654
P08082,Average,Good,0.00238785650511427,0.35009867089320756,0.6368637415435355,0.010649731058142747
P06050,Average,Good,0.0059469050331491845,0.4277726450537286,0.5566327195811015,0.009647730332020706
P02579,Average,Poor,0.5666062159437718,0.43114582261422446,0.002225676208425738,2.2285233577993977e-05
P01494,Good,Good,0.0008068512261025764,0.18967572702400726,0.7622678062664823,0.04724961548340789
P06596,Poor,Poor,0.9505838066070968,0.049400926374049095,1.4228850978501583e-05,1.0381678755803145e-06
P03431,Poor,Poor,0.9632396009665748,0.036752968096346546,6.64346787511654e-06,7.874692036319837e-07
P01735,Average,Average,0.043706561981850044,0.7646409914258544,0.1913734936470876,0.0002789529452079312
P07215,Good,Good,4.397956098654079e-05,0.019179593481428465,0.6168458311254146,0.3639305958321703
P07833,Good,Good,0.0012976889868495439,0.10929983830900188,0.6898752579213616,0.19952721478278704
P04999,Poor,Poor,0.9633855976461878,0.036607020920844995,6.597194968508068e-06,7.842379987243457e-07
P06937,Poor,Poor,0.8931006473504897,0.10684941465296598,4.723909611891241e-05,2.6989004255642373e-06
P05030,Average,Average,0.13249237754845633,0.6944152277395641,0.17239827866372043,0.000694116048259128
P04786,Excellent,Excellent,5.175619577784309e-05,0.0032531953714286486,0.3059609677849884,0.6907340806478052
P05676,Average,Good,0.0006810569121283987,0.17755689179623238,0.7767845186164255,0.044977532675213684
P05052,Excellent,Excellent,2.7168924132358645e-06,0.0001478381931030255,0.04432485839406089,0.9555245865204228
P05680,Average,Good,0.0035111361344050047,0.39773806035808895,0.592159001224682,0.006591802282824004
P08365,Excellent,Excellent,1.1517009067244078e-05,0.00019397986510730276,0.04565744723509363,0.9541370558907318
P06652,Poor,Poor,0.788272739568256,0.21150734220841086,0.00021561931579589845,4.2989075372702985e-06
P02332,Excellent,Excellent,2.7509214571183843e-06,0.0001510919883316233,0.04499711519832394,0.9548490418918872
P08997,Good,Good,0.0010767930566219978,0.17766451312311907,0.7512731530087349,0.06998554081152421
P02835,Average,Poor,0.521340481058734,0.46927342279482603,0.009314450370956595,7.164577548329932e-05
P01304,Average,Average,0.20484390819183412,0.7827618323969616,0.012369068891228088,2.5190519976190348e-05
P09725,Poor,Poor,0.93747852912887,0.06250166279338341,1.848444574790734e-05,1.3236319986468394e-06
P07114,Average,Average,0.17223226357584562,0.8160801453286299,0.011661343396275928,2.6247699248627785e-05
P03307,Average,Good,0.0030749085518679904,0.3105104784278373,0.6794625262595035,0.00695208676079118
P02224,Poor,Poor,0.769982845899202,0.22975609739922678,0.00025636807059580333,4.688630975422859e-06
P05695,Average,Average,0.10094867317728284,0.8765228353214777,0.022361016750638875,0.00016747475060054388
P04345,Good,Good,0.002130045897538939,0.2710952628301403,0.7103214162977999,0.016453274974520888
P03028,Excellent,Excellent,3.175013449917755e-06,0.00019386373910182676,0.05302096259230251,0.9467819986551459
P05141,Average,Average,0.03495332658804454,0.6543747945393846,0.3098802069250241,0.0007916719475467151
P03220,Good,Average,0.005489124539846055,0.5288011603714559,0.4632412305586491,0.002468484530049003
P05251,Good,Good,8.020956401065618e-05,0.013466504866423737,0.5587441845382225,0.42770910103134313
P01400,Good,Good,0.0003571127442941238,0.11518812688895229,0.7768388531597576,0.10761590720699597
P03222,Poor,Poor,0.9641301475605485,0.03586384715590328,5.791909743670382e-06,2.1337380442870142e-07
P04751,Excellent,Excellent,3.1726583049901867e-06,0.00019357179594268326,0.05316984887826509,0.9466334066674872
P03760,Average,Good,0.001901972350570706,0.28381153279092347,0.7042152407813241,0.010071254077181744
P00724,Good,Average,0.16958239029758357,0.7455757693855505,0.08447620476265896,0.00036563555420694597
P07250,Average,Poor,0.6851091789173455,0.3131758318087845,0.0017086496462663963,6.339627603582253e-06
P08989,Excellent,Excellent,5.7972195996755724e-05,0.006364399220286533,0.3815871227934988,0.6119905057902177
P09030,Average,Good,0.008467031599389782,0.46172242049057094,0.5254833082587019,0.00432723965133738
P00981,Average,Average,0.0446675143951492,0.8398881923892,0.11498335136552733,0.0004609418501233879
P05780,Good,Good,5.733724996422642e-05,0.017468068529306515,0.6033846740673272,0.3790899201534021
P00652,Good,Good,0.0008918080108761265,0.08945776380273421,0.7709922547261711,0.13865817346021855
P06999,Average,Average,0.1028572067295143,0.7139588035929851,0.18250516699767763,0.000678822679822919
P06760,Excellent,Excellent,7.990912730391998e-05,0.008356053676473674,0.44809051113881,0.5434735260574125
P09065,Average,Average,0.16875352444046723,0.7882056896791435,0.042930409702841676,0.0001103761775476107
P07029,Good,Good,0.00022393397880852005,0.04104274470365026,0.797902138545699,0.16083118277184213
P07242,Good,Good,0.0038144445406640996,0.3778587605801804,0.6105856183832334,0.007741176495922108
P04368,Poor,Average,0.13220344069322984,0.7543458029083192,0.11319897453600031,0.0002517818624505115
P05404,Excellent,Excellent,9.128687043860127e-06,0.00021963021069902353,0.040350153950729974,0.9594210871515271
P08517,Average,Average,0.08693081125982557,0.8278579689242055,0.08498691860894957,0.00022430120701941514
P02177,Poor,Poor,0.9239909881736378,0.07597300252446404,3.4397772192578695e-05,1.6115297057578343e-06
P06027,Excellent,Excellent,2.754471167678257e-06,0.00015144834081445998,0.04507575191875222,0.9547700452692657
P04382,Poor,Poor,0.92692236847422,0.07298385330374543,9.25524220642648e-05,1.2257999702527168e-06
P02299,Excellent,Excellent,6.27527922412325e-06,0.0003203885364872219,0.060820507208646825,0.9388528289756418
P07316,Good,Excellent,7.749788029723125e-05,0.006761806240267285,0.3799370413710643,0.6132236545083711
P08740,Excellent,Excellent,1.1448235878253522e-05,0.0003177905449748306,0.052549996109906696,0.9471207651092403
P04515,Average,Good,0.001437453026281934,0.2579527416484709,0.7080542504583011,0.03255555486694616
P06560,Excellent,Excellent,1.0817047196555934e-05,0.00017050910429937012,0.0415080157285539,0.9583106581199502
P05634,Poor,Poor,0.9305093293433185,0.06940428654158273,8.522176246540887e-05,1.162352633259173e-06
P06902,Good,Excellent,0.0001253894385125834,0.007398463428009698,0.4026828746176879,0.5897932725157897
P01128,Average,Average,0.08553097014731097,0.794197080211381,0.120093116939302,0.00017883270200595946
P05507,Poor,Poor,0.9565820763034486,0.0434078557859297,9.141034768895929e-06,9.268758528893284e-07
P07042,Poor,Poor,0.930751223442373,0.06922480200377096,2.2509607693072825e-05,1.4649461628022343e-06
P07412,Poor,Average,0.16226099620652942,0.7827975915583404,0.05474475048645003,0.0001966617486802046
P02876,Average,Average,0.16795972210013857,0.7627383271048553,0.06913625973278525,0.00016569106222070868
P02351,Excellent,Excellent,9.191887252524966e-06,0.00022216425975268996,0.040682429988738555,0.9590862138642561
P09990,Poor,Poor,0.965613106029397,0.03437896066568232,7.21545165233568e-06,7.178532682466568e-07
P05088,Excellent,Excellent,4.835350024579913e-06,0.00020893168489998954,0.04445473785661883,0.9553314951084567
P08703,Poor,Poor,0.9603925984668822,0.039597086133408135,9.487616231795226e-06,8.277834778453988e-07
P05565,Average,Average,0.05576931455145525,0.840728202205343,0.10333617019430522,0.00016631304889649156
P00667,Good,Good,0.0007246751702778823,0.08930634134689083,0.7872800498135527,0.12268893366927847
P00406,Average,Good,0.002078472855511442,0.2577147042905888,0.7254465631851887,0.0147602596687109
P09776,Poor,Poor,0.9637176219579168,0.036275126401763766,6.473175986152254e-06,7.784643335207795e-07
P01495,Poor,Poor,0.9249489951207094,0.07502383606870877,2.6675279590022552e-05,4.935309916756072e-07
P08079,Average,Average,0.1655722027960667,0.7757052818510217,0.058571509015551144,0.00015100633736037658
P06118,Excellent,Excellent,4.783597493321813e-06,0.0002050976940346131,0.043891765206094335,0.9558983535023778
P09885,Poor,Average,0.006996063973727494,0.6305216771553046,0.35026873101252465,0.012213527858443417
P07633,Average,Good,0.00026832887430675224,0.06149372409021213,0.837823918525113,0.10041402851036821
P05762,Excellent,Good,0.0008438418928176068,0.1409795126706156,0.7970037816079341,0.06117286382863267
P07885,Excellent,Excellent,3.536257018515215e-05,0.0022446915957905797,0.2590247002775735,0.7386952455564506
P05823,Poor,Poor,0.520642613199608,0.47254991336121605,0.00675529725558846,5.217618358746669e-05
P05378,Good,Good,0.003667882168493608,0.4195290607525286,0.5695387271781875,0.007264329900790283
P01355,Good,Average,0.0499335671812734,0.7752166053056041,0.17438769261306322,0.00046213490005941963
P02352,Good,Good,7.652586534018368e-05,0.013009738137427554,0.5639694413747038,0.42294429462252847
P07911,Poor,Poor,0.8962672789836783,0.10368503362924711,4.5403948616219083e-05,2.2834384584275975e-06
P04328,Average,Good,0.00488433407603611,0.37419007076512706,0.6105250005618162,0.010400594597020592
P08690,Excellent,Excellent,2.9439409448363893e-06,0.00016948125918899083,0.0486387605601688,0.9511888142396973
P01446,Good,Good,0.004110193643999097,0.42790875681770774,0.5645653286448166,0.0034157208934765307
P03282,Good,Average,0.05801128728595108,0.7784187936302591,0.16333772364144677,0.00023219544234293223
P07280,Good,Average,0.056462550241547865,0.7700151778321694,0.17290133587981948,0.0006209360464632478
P08128,Excellent,Good,0.00033257251540880374,0.04033892511321224,0.7167336760857994,0.24259482628557946
P08383,Average,Average,0.1572739203364017,0.8243903132512618,0.018280722142628002,5.5044269708497937e-05
P05931,Average,Average,0.016611095828506447,0.6452133524696462,0.3366429501215142,0.0015326015803332643
P07126,Poor,Poor,0.8292788324056938,0.17032302310574418,0.0003951996282190626,2.9448603427894752e-06
P00289,Average,Average,0.09621565161105292,0.7423512798678678,0.1608556859813173,0.000577382539761917
P09343,Average,Poor,0.7938517516144546,0.20594929133522202,0.00019432514928035942,4.631901043045819e-06
P03329,Poor,Poor,0.9569191430054139,0.04307091186995674,9.027378982821425e-06,9.177456465903144e-07
P08645,Excellent,Excellent,9.235425222277783e-06,0.0012513513676151431,0.1850362990596675,0.8137031141474951
P02726,Good,Good,0.002547779990106111,0.16446431016864205,0.7036791866126502,0.12930872322860168
P01396,Excellent,Excellent,3.435013456125776e-05,0.004359434017246509,0.32237212761920664,0.6732340882289856
P05228,Average,Good,0.004049835096253472,0.41244072763222095,0.5745730449561369,0.008936392315388678
P01158,Good,Good,3.6608228555955546e-05,0.013309851162270974,0.5835213202185643,0.4031322203906087
P07031,Excellent,Excellent,4.837694034083656e-06,0.0002090458131202216,0.04443316550381475,0.9553529509890308
P02034,Excellent,Excellent,2.3951828040649626e-05,0.0009324524613835502,0.1451389627527539,0.8539046329578219
P04937,Average,Poor,0.500436024515207,0.4970989196927313,0.0024433828338390295,2.1672958222746425e-05
P07424,Poor,Average,0.15070720607057445,0.814824354492443,0.034350294369149575,0.00011814506783302024
P07520,Poor,Poor,0.5994710158081901,0.3986492141658598,0.0018713897630620467,8.380262888043212e-06
P06098,Poor,Poor,0.9657944420696095,0.03419903769131822,5.7856402731926e-06,7.345987990659164e-07
P08164,Good,Good,0.003074111431118943,0.25897336117690867,0.6705162755899681,0.06743625180200424
P02323,Poor,Poor,0.630671052679946,0.36773069345039155,0.0015919488660599698,6.305003602431534e-06
P00264,Excellent,Excellent,9.090432215666563e-06,0.00021813176883135903,0.04015255381792002,0.9596202239810329
P04783,Good,Good,0.000215223556278754,0.03938501707110728,0.7191527507910597,0.2412470085815543
P06226,Excellent,Excellent,4.242843010396114e-05,0.004398373200828433,0.34899712971370755,0.6465620686553601
P03949,Good,Good,0.00026413865531094664,0.04722997804211809,0.7723133874282915,0.18019249587427955
P04297,Average,Average,0.4561569912806647,0.540523919614195,0.0032952817914819444,2.380731365841063e-05
P01230,Poor,Poor,0.9600730295431633,0.039918342891434325,7.772714685643932e-06,8.548507165438581e-07
P08620,Average,Average,0.16349562226530515,0.704851567207579,0.13128964325216427,0.0003631672749514578
P07306,Excellent,Excellent,1.2087096304685248e-05,0.00021204935872870428,0.048504749231063744,0.9512711143139028
P04784,Excellent,Excellent,1.157999260023746e-05,0.00019390161624111877,0.04528337212785372,0.9545111462633049
P02839,Poor,Poor,0.6723814825645427,0.32696433557482324,0.0006469675011913752,7.21435944264334e-06
P07909,Average,Average,0.012339574987583436,0.5374618159795895,0.4477616458928076,0.0024369631400193983
P04076,Good,Excellent,5.4591532209809975e-05,0.0099318559661322,0.3931430183894309,0.5968705341122272
P03982,Poor,Poor,0.7251480387416849,0.27346265423790095,0.001366826155098283,2.2480865315879878e-05
P07577,Average,Average,0.11918390291152074,0.8103742172348056,0.07018732971873821,0.0002545501349352496
P09068,Poor,Average,0.15291153404138755,0.7457375996146126,0.10108428110265712,0.00026658524134270196
P00341,Excellent,Excellent,3.7146254790445367e-06,0.00025323497829892323,0.06345874238186555,0.9362843080143564
P09476,Good,Good,0.00022483173800255416,0.05344575534507999,0.7028327304186585,0.24349668249825898
P03926,Good,Excellent,3.91100435609527e-05,0.002554428642126185,0.22127801617338047,0.7761284451409324
P02609,Good,Good,0.0009365991824126116,0.13210049858785966,0.7842527409999964,0.08271016122973138
P02132,Poor,Poor,0.9495519514845907,0.05043480401120272,1.2172266478598134e-05,1.0722377280793532e-06
P08000,Average,Good,0.0009193216264958076,0.09315243674856351,0.7454615400329062,0.16046670159203458
P08783,Good,Good,0.00044241383901730513,0.08932127839384522,0.7559654071004678,0.1542709006666697
P02900,Poor,Poor,0.941595198359269,0.05838746133192731,1.6101435109504057e-05,1.238873694235575e-06
P03480,Average,Poor,0.8708593861624448,0.12906203420605278,7.569312371545335e-05,2.886507787006041e-06
P00307,Average,Good,0.0028554710777932463,0.33719243285257017,0.6542564961365395,0.005695599933096965
P01850,Excellent,Excellent,4.328169035086268e-05,0.0031407078706653193,0.3081299294302095,0.6886860810087743
P07173,Excellent,Excellent,1.2253749569373362e-05,0.00022209959290492873,0.050645788607639665,0.949119858049886
P07958,Poor,Poor,0.9613153868941523,0.038652713142540596,3.1183543571547924e-05,7.164197355050682e-07
P08570,Good,Good,0.00013508053159784678,0.020030064432990845,0.6414717210289886,0.33836313400642276
P09839,Good,Good,0.00015001715655032512,0.014679738839161875,0.51992742063053,0.4652428233737579
P01852,Excellent,Excellent,1.2294719821155487e-05,0.0002228511386832988,0.05069205600855185,0.9490727981329438
P07023,Poor,Poor,0.6070568980956402,0.39067227482505096,0.002261757218334545,9.069860974313373e-06
P00842,Good,Good,8.602455573291267e-05,0.02702567018007823,0.6458924041853038,0.3269959010788851
P06853,Good,Good,0.005724372204097264,0.3385572309118581,0.6187314440547782,0.03698695282926656
P07265,Average,Average,0.39715577718408135,0.5932813885870077,0.009538997019481806,2.3837209429090087e-05
P06703,Good,Average,0.09828646235001753,0.8546450903020948,0.046961163660632854,0.00010728368725477813
P03027,Excellent,Excellent,0.00010633806694859467,0.0040570893782004985,0.27799100678288347,0.7178455657719675
P05063,Good,Good,0.0020599581852495815,0.24425468400109426,0.7265684123244959,0.02711694548916032
P00125,Average,Good,0.0029959459823325047,0.23725746609314954,0.6650464287539138,0.09470015917060412
P09557,Poor,Poor,0.9230568419528636,0.07691463206179981,2.6869554373784647e-05,1.6564309626592284e-06
P07224,Excellent,Excellent,1.0836724154644751e-05,0.00017115829505777032,0.04162587080945957,0.958192134171328
P08350,Average,Average,0.3938858589563199,0.587029424778513,0.019005325485003215,7.9390780163832e-05
P01014,Poor,Poor,0.9035423890328148,0.096412148336525,4.480893051930549e-05,6.537001409584735e-07
P06672,Poor,Poor,0.9620448525359357,0.03792425556399975,3.018669400250581e-05,7.05206061932245e-07
P02548,Excellent,Good,0.0006267018491381682,0.0726070295446584,0.7045611129831525,0.22220515562305085
P01537,Excellent,Excellent,2.7750279322401307e-06,0.00015332292934628518,0.04545546049701823,0.9543884415457032
P00503,Good,Good,4.479456580280186e-05,0.01860118372090792,0.640860677258892,0.34049334445439733
P03494,Average,Average,0.4703061175391005,0.5260813422755077,0.003603103441129321,9.436744262447476e-06
P09100,Average,Good,0.0009353385077418738,0.2176272876379139,0.7452191934828005,0.03621818037154368
P02030,Average,Average,0.0599191263926028,0.823453135732672,0.1164310881355164,0.00019664973920895346
P03815,Average,Average,0.006009362421576805,0.5160659606553715,0.4748624959174737,0.0030621810055781297
P05830,Average,Average,0.03510119355961462,0.6560190920996396,0.30778855912231035,0.00109115521843548
P00387,Good,Average,0.009755284269408165,0.5079500321848908,0.478804850123512,0.0034898334221889573
P06087,Poor,Poor,0.6713229814678029,0.32723954511390035,0.0014326198037245819,4.8536145722139626e-06
P02103,Poor,Poor,0.9561579048661023,0.043802626480606434,3.867847632449662e-05,7.901769667986378e-07
P06421,Excellent,Excellent,3.805678748394079e-05,0.0027192199759012077,0.22928012864386998,0.767962594592745
P00797,Good,Good,0.0018476009249855888,0.20706597155999917,0.7196529656009254,0.07143346191408982
P02535,Average,Good,0.001682509515613584,0.1952251525969759,0.748711950291499,0.05438038759591156
P04575,Average,Good,0.006248548182531102,0.4899074975334205,0.5001640377098612,0.003679916574187222
P06706,Excellent,Excellent,4.651366599094303e-05,0.0038874489598452328,0.3404541727966683,0.6556118645774955
P06486,Average,Good,0.0017684222673557339,0.28126792783659244,0.6878483487885122,0.029115301107539602
P01516,Poor,Poor,0.9619751591233736,0.03801528023761241,8.765883105800951e-06,7.947559083411951e-07
P05140,Excellent,Excellent,1.191175019207312e-05,0.00020855117139009587,0.04824739335809216,0.9515321437203257
P04728,Poor,Poor,0.9647564648691707,0.03523772557201158,5.600331273947667e-06,2.0922754381006582e-07
P08774,Average,Average,0.1333482485370456,0.7207899611744973,0.1454248014920834,0.00043698879637356407
P01595,Poor,Average,0.2108070533909946,0.7783852735775458,0.010786629524022779,2.104350743681855e-05
P03649,Good,Good,0.0009635143191466658,0.13531153525126105,0.7779788892737032,0.08574606115588922
P07762,Poor,Poor,0.95657280033929,0.043388373424283845,3.804121605971795e-05,7.85020366584734e-07
P09730,Poor,Poor,0.9397292408797685,0.06025344645055977,1.6926621574424767e-05,3.860480971431399e-07
P02680,Poor,Poor,0.872831461580323,0.12708744729344768,8.01678069449573e-05,9.233192845373687e-07
P00433,Good,Good,0.0025387877428005115,0.2528828949467931,0.7064273167835751,0.03815100052683123
P03965,Poor,Poor,0.6000648153056218,0.3989704356010832,0.0009611953617848998,3.5537315098695397e-06
P04225,Poor,Poor,0.9613610865017098,0.03863080294106015,7.282215682384964e-06,8.283415476410181e-07
P05120,Excellent,Excellent,6.490012284654788e-06,0.000698873808480753,0.11928939498238075,0.8800052411968539
P03362,Average,Average,0.08025066622068787,0.7049773559824805,0.21421215307753477,0.0005598247192968749
P02113,Poor,Poor,0.9637633133145008,0.03623054672874332,5.924103348784037e-06,2.158534069494495e-07
P08023,Average,Good,0.0012725701738683338,0.10493967670573344,0.7100244042975667,0.18376334882283152
P03153,Poor,Poor,0.9659604288872194,0.034033106895792024,5.733232925704658e-06,7.309840629606486e-07
P03596,Poor,Poor,0.9411687204110571,0.058815188472048856,1.5719435141317533e-05,3.7168175258051457e-07
P05929,Good,Good,0.0005100156545998354,0.1309604516301046,0.7884199389099931,0.08010959380530257
P05285,Excellent,Excellent,3.54539116558841e-05,0.006944231618472798,0.40864851413059106,0.5843718003392803
P04344,Average,Average,0.18989090694309077,0.7961655083183672,0.013924141475737747,1.9443262804318895e-05
P08985,Excellent,Excellent,4.919508902119079e-06,0.00021493746028307482,0.04546693093013408,0.9543132121006807
P09036,Poor,Poor,0.9543501395830196,0.04563662201456833,1.2279806746819792e-05,9.585956651824448e-07
P09116,Good,Good,0.003513943842450089,0.23473596941592065,0.7109701927530249,0.05077989398860438
P01503,Average,Average,0.1703995520151925,0.7693590590287022,0.060111013800914596,0.00013037515519077954
P00560,Excellent,Excellent,9.137316494396065e-06,0.0002199543347128219,0.040392887084965114,0.9593780212638278
P05988,Excellent,Excellent,9.172110143259654e-06,0.00022132978686644134,0.04057462781555361,0.9591948702874366
P09793,Poor,Poor,0.9547374194931632,0.045253188061440096,9.112980369875257e-06,2.79465026874148e-07
P00200,Excellent,Excellent,1.3025836257911932e-05,0.00040168197134553556,0.06186018581387435,0.9377251063785221
P00996,Average,Good,0.0039858701530999935,0.3109255996807089,0.6614177527844964,0.023670777381694694
P01162,Excellent,Excellent,7.5322492013490645e-06,0.00043589216955496296,0.06993196976336445,0.9296246058178793
P06021,Average,Poor,0.7373565298461797,0.2617513779964985,0.0008881855566937875,3.906600627961144e-06
P02543,Excellent,Excellent,3.4873089400563134e-05,0.004029438466489201,0.3524290477931779,0.6435066406509323
P00975,Good,Good,0.002999137245744288,0.473958604299677,0.518817034099243,0.004225224355335679
P05335,Poor,Poor,0.8701383891154051,0.129794503829804,6.622708801800345e-05,8.799667727931824e-07
P01166,Good,Good,0.0006048324094329728,0.08306870284703075,0.8472410987532184,0.06908536599031788
P08642,Poor,Poor,0.9623376192051609,0.03763188918440523,2.979092389124743e-05,7.006865425891441e-07
P01656,Good,Good,0.0008909886018544329,0.0790149774990465,0.7503133631264154,0.1697806707726836
P04998,Poor,Poor,0.9660529519567236,0.033940615643599695,5.70334560596731e-06,7.290540706631454e-07
P02519,Average,Poor,0.9155316912028357,0.08442871150784473,3.775552083837251e-05,1.841768481202005e-06
P09546,Good,Good,0.0002116259966039759,0.021258189877825722,0.6052647805021538,0.3732654036234165
P05602,Excellent,Excellent,4.241410703466968e-06,0.00032025101208433556,0.07442493209966261,0.9252505754775495
P03742,Average,Average,0.172183697464704,0.7621428028948767,0.06539336065631088,0.0002801389841085247
P03312,Good,Good,0.0011822665111799284,0.2516076546696051,0.7241538613532922,0.023056217465922638
P07289,Average,Average,0.09308928107022928,0.7760203112065812,0.13032029539984083,0.0005701123233486228
P04025,Good,Good,0.000576961277917223,0.08069863333980014,0.7621567053605393,0.15656770002174353
P04692,Excellent,Excellent,1.0861186586222303e-05,0.00017173331078486573,0.041693514244494995,0.9581238912581338
P00945,Average,Average,0.10769590617830073,0.7366023718329224,0.15510806779847028,0.0005936541903066292
P01192,Poor,Poor,0.8909147907618115,0.10901186873230503,7.102822340978984e-05,2.3122824737521277e-06
P03138,Average,Good,9.125659146462676e-05,0.04101650988294143,0.7340782522250442,0.22481398130054966
P02702,Poor,Poor,0.738731756013131,0.2608356116755983,0.0004271762535283385,5.456057742318768e-06
P06718,Poor,Average,0.4875299452334656,0.5108110112773565,0.0016420610888026022,1.698240037527776e-05
P07786,Poor,Average,0.01523082017929797,0.678072659503302,0.3049596989064745,0.001736821410925459
P09924,Average,Average,0.006880149310142237,0.5570551289655938,0.43311177400865436,0.0029529477156094966
P07717,Good,Good,0.0008260207467753908,0.10969245525212643,0.7524920092046391,0.13698951479645913
P03493,Poor,Poor,0.950249424952294,0.04970174244064134,4.7951982883798035e-05,8.806241808732338e-07
P01300,Good,Average,0.010334473665694354,0.5043892687749265,0.4783681972925048,0.006908060266874312
P05920,Average,Average,0.12775715316485958,0.8394529135080868,0.032733660974093796,5.627235295980129e-05
P08040,Good,Average,0.006307722486581162,0.4966238190285188,0.4950782822430859,0.0019901762418138833
P08654,Good,Good,0.0003632715981319267,0.052333120472710826,0.7820046174526254,0.16529899047653193
P05727,Poor,Poor,0.5921901192987483,0.40696584700037036,0.0008348951222078436,9.138578673663811e-06
P02077,Poor,Poor,0.7165786772782271,0.2829072411075355,0.0005081585485411081,5.923065696351664e-06
P04630,Average,Poor,0.7050401329382636,0.2944071973144273,0.000545566417392426,7.103329916810057e-06
P03683,Excellent,Excellent,7.680875122731633e-06,0.0004481129659141991,0.07857475780433967,0.9209694483546234
P08322,Poor,Poor,0.5543622415093877,0.44338273927899713,0.002243985360491932,1.1033851123232344e-05
P03958,Poor,Average,0.3060885483020072,0.6892855397843464,0.004604513732546809,2.1398181099553913e-05
P08264,Average,Average,0.005405922221335063,0.5289653428795802,0.4630034846136415,0.0026252502854433204
P02912,Average,Poor,0.7465113081241413,0.2530982719535531,0.00038515561846888427,5.264303836736275e-06
P07230,Excellent,Excellent,4.643689653167844e-06,0.00019533738800768692,0.04227606879756544,0.9575239501247738
P03099,Poor,Poor,0.9652282561416873,0.0347636436524309,7.374205675454702e-06,7.260002061972471e-07
P03527,Poor,Poor,0.9641914603192632,0.035802540203469325,5.786474129075356e-06,2.1300313822572614e-07
P07377,Good,Good,0.0031770684092728312,0.23906644149882617,0.7207168081301487,0.03703968196175238
P06642,Excellent,Excellent,2.7152714793156837e-06,0.00014768323161450163,0.04429062978132916,0.955558971715577
P01808,Good,Average,0.036335200279154614,0.7755762313028658,0.18766218229277648,0.00042638612520318344
P04455,Good,Good,0.005351155606679993,0.45898347800082673,0.5329857477036989,0.0026796186887942976
P05877,Good,Average,0.007824008853957804,0.6626765613345198,0.3279151870834191,0.0015842427281032134
P00561,Poor,Poor,0.962410935874406,0.0375586736007247,2.969083620175361e-05,6.996886677427706e-07
P09327,Good,Good,0.0003306913210941241,0.08525150526623214,0.8269075543424039,0.08751024907026986
P05965,Poor,Poor,0.9625905474583937,0.037379307173386715,2.9448396850660203e-05,6.969713689343861e-07
P06434,Excellent,Excellent,4.682213080177628e-06,0.0001980444623474699,0.0427324928698899,0.9570647804546825
P08907,Good,Good,7.565230817140894e-05,0.014670389435035727,0.6320086236625281,0.35324533459426477
P07366,Poor,Poor,0.9655073012212192,0.03448472566061309,7.2532686683009795e-06,7.198494992537901e-07
P00651,Excellent,Excellent,2.7249971578426207e-06,0.00014861242467194256,0.044482651544800016,0.9553660110333702
P04771,Good,Good,0.003195402125463496,0.3098803472647728,0.6676187349879523,0.019305515621811296
P04756,Poor,Poor,0.6222855030360123,0.37636071714670843,0.0013377920512849537,1.598776599434649e-05
P05549,Poor,Poor,0.6014089852307958,0.3969072783898848,0.0016776033376914548,6.133041628013298e-06
P02159,Excellent,Excellent,1.138952678125603e-05,0.00032316255435474754,0.05292392986415684,0.9467415180547071
P02526,Poor,Poor,0.6925038262642194,0.30602702310499164,0.0014480752356213454,2.1075395167705816e-05
P00319,Good,Good,0.0031972446851807755,0.397661427572246,0.5945225468839778,0.004618780858595525
P07212,Good,Average,0.0036288529508185373,0.5063789491987036,0.4872577141193951,0.0027344837310827215
P03762,Average,Average,0.09375499012822446,0.8628749922461995,0.04323706920847849,0.00013294841709774483
P07844,Excellent,Excellent,3.9226495697656445e-05,0.003397593989980652,0.29986663368349936,0.6966965458308223
P01273,Average,Average,0.011242549178860771,0.6217328355515811,0.36362011120111,0.0034045040684481448
P05709,Average,Average,0.017237881441244284,0.5939121868544606,0.3872417474169118,0.0016081842873832187
P08198,Poor,Poor,0.9396180133803189,0.06031378436028991,6.718331368514153e-05,1.0189457059829946e-06
P08291,Excellent,Excellent,1.0589282399812639e-05,0.0015941129644466113,0.2074385991620135,0.79095669859114
P00018,Good,Good,0.0019964474725666604,0.2545930420856899,0.7267093982389714,0.016701112202772022
P09025,Good,Good,0.0002332338796527689,0.08866531901474904,0.8171429015073056,0.09395854559829253
P02679,Average,Poor,0.6036025115908442,0.39074294898916573,0.005631210859246055,2.332856074398206e-05
P02017,Good,Average,0.005498089313865567,0.5391743758664624,0.45315466949781896,0.0021728653218532194
P04778,Poor,Poor,0.9614668846722944,0.038501421180249296,3.098044138657086e-05,7.137060696670221e-07
P08913,Average,Average,0.05454152571917343,0.791630307813591,0.1535028293234162,0.0003253371438196239
P05890,Poor,Poor,0.5627583576438863,0.435949211934115,0.0012837836478148297,8.646774183866774e-06
P02463,Poor,Poor,0.8670964979190564,0.13279665623976544,0.00010401317434471024,2.832666833370464e-06
P05148,Excellent,Excellent,3.426473973980775e-06,0.000221928448309773,0.05856609447792084,0.9412085505997954
P01331,Average,Average,0.041048330367693925,0.8108224852513097,0.14756910053372232,0.0005600838472741444
P04404,Average,Average,0.09705044425823912,0.6796368990938271,0.2225910341387998,0.0007216225091341442
P09567,Average,Average,0.13535891905283834,0.792266978967702,0.07215185196613327,0.00022225001332628453
P02426,Poor,Poor,0.9652710475000972,0.0347222603104754,5.945994034513506e-06,7.461953929713753e-07
P01608,Poor,Average,0.31671724893679715,0.6650236049417606,0.018218189668713233,4.095645272899038e-05
P09624,Poor,Poor,0.763974993969466,0.23493779657965552,0.001082427594573672,4.781856304699722e-06
P00574,Poor,Poor,0.7059414781441807,0.2929391612978804,0.0011150490149506973,4.311542988065504e-06
P02890,Average,Average,0.0764231881256628,0.8124726021588861,0.11095635820768326,0.00014785150776787433
P01037,Excellent,Excellent,2.7043431829129006e-06,0.0001466395712382924,0.044074796159718134,0.9557758599258607
P07952,Good,Good,0.0033011374367414585,0.287024243377606,0.6909603342341024,0.01871428495155003
P04856,Excellent,Excellent,1.1346633546110321e-05,0.00018747813202468883,0.04441060703760988,0.9553905681968194
P06605,Average,Average,0.16435432665723312,0.7463704812515917,0.08909149326940444,0.0001836988217708676
P00821,Poor,Poor,0.6115986901684204,0.38298785474623476,0.005391423690154812,2.203139519010053e-05
P02594,Good,Average,0.007856872815480627,0.6099820543035147,0.3808746807801053,0.0012863921008994597
P07499,Excellent,Excellent,9.19160228624286e-06,0.0005508617759940346,0.08647509317143365,0.9129648534502861
P06213,Average,Good,0.005313061088354363,0.37562949794115863,0.603717540161549,0.0153399008089381
P02485,Average,Poor,0.7126192100553823,0.2861157197959476,0.0012586644298839807,6.405718785994076e-06
P08941,Good,Good,0.00041485633372873607,0.05014036763237852,0.7524807866764127,0.19696398935748
P04488,Poor,Average,0.3370990631274513,0.6502850202379787,0.012590678204344166,2.5238430225891054e-05
P07244,Excellent,Excellent,3.52490980041774e-06,0.000233624675856564,0.06026915337474551,0.9394936970395975
P06759,Excellent,Excellent,6.251039325575908e-06,0.00031809701166381714,0.0599693174881326,0.9397063344608779
P07039,Poor,Poor,0.6952781343435672,0.3042954318277403,0.0004239103091556577,2.523519536779259e-06
P06013,Poor,Average,0.35205240170069935,0.6290501026671798,0.018849653328673364,4.7842303447509166e-05
P04888,Average,Average,0.3971019719869,0.5969971280516951,0.005872259211769975,2.8640749634982283e-05
P01729,Poor,Poor,0.9633771725638789,0.03661545010850135,6.5922844490607545e-06,7.850431706353205e-07
P07549,Average,Poor,0.5663715917855761,0.4320453876411236,0.0015779794476483127,5.041125652040843e-06
P01600,Good,Average,0.017117855778707242,0.6738119162037918,0.30823869574604,0.0008315322714609921
P02963,Excellent,Excellent,1.272326392729027e-05,0.00023899840778378266,0.053346169826839374,0.9464021085014496
P07389,Poor,Average,0.3177820605472776,0.6777910798550594,0.004412926988868232,1.3932608794766941e-05
P03658,Average,Average,0.27693118999918104,0.7191486473773931,0.0039012250617474495,1.893756167840587e-05
P01083,Excellent,Excellent,9.372946846295246e-06,0.000612430152544211,0.09916590494503928,0.9002122919555703
P05520,Excellent,Good,6.576510728981773e-05,0.010918488899032726,0.5170051927935011,0.4720105532001764
P07765,Good,Average,0.052189640897935125,0.8089179039514832,0.1385832099331829,0.000309245217398776
P06867,Good,Average,0.05052136086653961,0.7807697618732352,0.1682153480811302,0.0004935291790949245
P06925,Poor,Poor,0.9624873018596298,0.03748241202146871,2.958760140102761e-05,6.985175004924167e-07
P09706,Good,Good,3.612292976421168e-05,0.011555058184539639,0.5607236448498609,0.4276851740358352
P09095,Average,Good,0.0011687010798521517,0.21567742008533608,0.7380558019590856,0.04509807687572611
P06892,Poor,Poor,0.9511384768816242,0.04884896260636405,1.1524275425614334e-05,1.036236586150404e-06
P08370,Poor,Poor,0.9417741045630292,0.05820886390892679,1.5781608304393277e-05,1.249919739556322e-06
P07288,Average,Average,0.18697264515931458,0.7973094453777879,0.015661779071110018,5.613039178740347e-05
P09891,Poor,Poor,0.929881969248616,0.07008731229135014,2.918873568372918e-05,1.5297243499642018e-06
P08413,Good,Excellent,0.00012166606337812328,0.0074594960441385924,0.38578995009057193,0.6066288878019114
P03732,Excellent,Excellent,2.738037757898885e-05,0.0011546162240880541,0.15716380131555283,0.8416542020827802
P04764,Good,Good,0.001648437100967964,0.18804853319756468,0.778059879333378,0.03224315036808942
P05121,Average,Poor,0.6060421901720101,0.3933010769472824,0.000653300809112469,3.4320715950641366e-06
P05923,Excellent,Excellent,1.9199309034917448e-05,0.002148868562468315,0.22768062507608483,0.770151307052412
P07241,Average,Good,0.0006424642755929289,0.11195268087197997,0.8377294659699508,0.049675388882476294
P02584,Excellent,Excellent,4.9090878595382e-06,0.00021422941934395306,0.045408300344879075,0.9543725611479174
P05422,Excellent,Good,0.00026425536411126037,0.06775270608831295,0.8018807145113559,0.13010232403621988
P07660,Good,Good,0.0003708738226727408,0.07615190571535305,0.8315165368844201,0.09196068357755416
P00877,Average,Average,0.3135454357229358,0.6752718903550514,0.011158497852652256,2.4176069360532715e-05
P09974,Average,Average,0.10809236634751399,0.8238394849862438,0.06784800726715469,0.00022014139908769988
P08784,Excellent,Excellent,4.840755416284558e-06,0.0002093443461763436,0.04463674638215013,0.9551490685162571
P01851,Excellent,Excellent,4.7074474278464004e-06,0.00019983226558048812,0.04303583560625726,0.9567596246807345
P02175,Poor,Poor,0.9542595537233168,0.045729345118459976,1.012845280059416e-05,9.727054225512812e-07
P09674,Excellent,Excellent,1.0838919194691516e-05,0.00017119486366201005,0.041628142516539596,0.9581898237006037
P06504,Poor,Poor,0.675355229206324,0.3233342067663597,0.0013048312172333897,5.732810082810483e-06
P02547,Poor,Poor,0.5478552920809735,0.45079193654052047,0.0013434880886889025,9.283289817032453e-06
P08149,Average,Average,0.025712529425776596,0.7559152315322615,0.21712993810208409,0.0012423009398778702
P03552,Poor,Poor,0.9185521788412443,0.0814149628460303,3.115929278047771e-05,1.699019945007075e-06
P06923,Good,Good,0.0028869891745036957,0.16528598831743344,0.6806532347810811,0.1511737877269818
P05411,Excellent,Excellent,1.2039614230492e-05,0.0002109045844574421,0.04824444607959451,0.9515326097217176
P04677,Poor,Poor,0.9447457077477689,0.05519627859784747,5.701536441025212e-05,9.98289973348753e-07
P02793,Excellent,Good,0.0002126764023496325,0.08804669253310134,0.8097025472106046,0.10203808385394446
P07674,Average,Average,0.08726515111828792,0.7580815898552145,0.15437211509226162,0.0002811439342359026
P07842,Poor,Average,0.20777107141808834,0.7762837139087617,0.01590185800612954,4.335666702034831e-05
P07972,Good,Average,0.012310618861888905,0.6060500973676007,0.38025059993108606,0.0013886838394241926
P09603,Good,Average,0.07868615870189881,0.7514300244851934,0.16930097089490037,0.0005828459180074308
P01299,Poor,Average,0.19545149138914922,0.7466830900025818,0.05777199048723022,9.34281210388029e-05
P08166,Poor,Poor,0.6904046691441884,0.3083743829394039,0.001207536684947112,1.3411231460549365e-05
P02084,Average,Average,0.2233786881381843,0.7651815907246733,0.011404059665617855,3.566147152457782e-05
P06371,Good,Good,9.607155190411595e-05,0.02736220694989667,0.788807310671823,0.1837344108263762
P00212,Average,Average,0.30288937555643863,0.6937898975619358,0.003299619956120322,2.1106925505282276e-05
P06484,Average,Average,0.025984419571263902,0.6421531257044976,0.3307508135919649,0.0011116411322736018
P07024,Poor,Poor,0.9568528481344349,0.043108798143022084,3.7568567900103886e-05,7.851546426009975e-07
P06473,Poor,Poor,0.869557775516251,0.1303569147996168,8.438830469959254e-05,9.213794325608499e-07
P09745,Poor,Poor,0.8931119938026291,0.10681692830330569,6.880276742564847e-05,2.275126639765841e-06
P02070,Poor,Poor,0.965973812228208,0.0340184098903211,7.067698397357962e-06,7.101830735159284e-07
P06109,Good,Good,0.0013634486372369888,0.14220478726603786,0.7324399463532457,0.12399181774347934
P02020,Good,Excellent,8.278448680810394e-05,0.008257840947323592,0.48158991664692846,0.5100694579189398
P02207,Poor,Poor,0.9613565159826611,0.038633615075259205,9.060890200401134e-06,8.080518792624616e-07
P03210,Excellent,Excellent,4.144533150295325e-05,0.0028586513281069234,0.24322577108444865,0.7538741322559415
P09765,Poor,Poor,0.962848897960385,0.03714193049781918,8.39485776869104e-06,7.766840272545473e-07
P05586,Poor,Poor,0.9633752537173516,0.036615824380368346,8.156682405255731e-06,7.652198749428129e-07
P02883,Excellent,Excellent,1.0899448500921913e-05,0.00017310296934461958,0.0419559973181276,0.9578600002640267
P08469,Poor,Average,0.47635642180560855,0.5130307168378396,0.01054313957410308,6.972178244867658e-05
P09852,Good,Good,0.00015000039918145857,0.0704794775915724,0.8130848982226517,0.11628562378659431
P05816,Excellent,Excellent,3.865485538530611e-06,0.00027564367655269435,0.06796601586326989,0.9317544749746389
P04232,Excellent,Excellent,1.182324052884367e-05,0.0001995414689007995,0.045978442914226855,0.9538101923763435
P02760,Poor,Poor,0.9487208458205983,0.05122837233494405,4.9804780006408685e-05,9.770644509907064e-07
P00409,Average,Poor,0.7020073309827745,0.2969735484634957,0.0010116405272115167,7.480026518181745e-06
P03322,Excellent,Excellent,8.182567780104102e-06,0.0004834456649108639,0.0763279772509963,0.9231803945163128
P04475,Poor,Average,0.3255840529979615,0.6539922695544189,0.020379179292965746,4.4498154653809276e-05
P02275,Poor,Poor,0.9647800426460772,0.03521415566950054,5.592614171674837e-06,2.090702504665001e-07
P00211,Good,Good,0.0012226194653571984,0.1032573611529773,0.7492990760058507,0.14622094337581476
P06905,Good,Good,0.0016607486712634449,0.29797627026236295,0.6859925500976463,0.01437043096872743
P05854,Poor,Poor,0.5210856544616254,0.4766955837308945,0.002198300765928769,2.046104155140255e-05
P01644,Poor,Average,0.17163732533259646,0.7821324032470803,0.04614790566713996,8.23657531832551e-05
P07106,Poor,Poor,0.9619286805138435,0.038064538741257994,6.5523258415840825e-06,2.284190570506404e-07
P02610,Average,Average,0.01634005107729568,0.6928264925516004,0.2896073273271143,0.0012261290439895204
P01582,Average,Average,0.012826544906315013,0.5413503394401165,0.4442652773157257,0.0015578383378427611
P09527,Average,Average,0.20049676376494205,0.7810076338418729,0.018470141772700798,2.5460620484282142e-05
P00666,Average,Average,0.16859822945350966,0.8069624694970047,0.024364489200686935,7.481184879881983e-05
P08503,Good,Good,0.0032521427293819693,0.28180839196201546,0.688119291264955,0.026820174043647654
P01119,Poor,Poor,0.9445186141071397,0.05546712345500224,1.3914270082217786e-05,3.481677758325132e-07
P08578,Good,Good,0.006142301528442198,0.44330274523203694,0.547381199544209,0.0031737536953117657
P05158,Excellent,Excellent,1.4257612769803061e-05,0.00029893764598385683,0.06276954678134661,0.9369172579598999
P09267,Average,Good,0.0011438980451011856,0.11067440942963123,0.6995168324011303,0.1886648601241371
P00693,Average,Poor,0.6472541679771576,0.3511743071136338,0.0015661092277704897,5.41568143800167e-06
P05566,Poor,Poor,0.9578600609106711,0.04212837001565154,1.0688374150482836e-05,8.806995269389344e-07
P06835,Poor,Poor,0.8693882071175814,0.130360968149822,0.00024860232531378795,2.2224072827528273e-06
P09313,Good,Good,0.002164444614284395,0.15582212850932964,0.7517184550275074,0.0902949718488786
P07492,Average,Average,0.1546659502165031,0.8350276803982677,0.010266053681770944,4.031570345814477e-05
P03449,Excellent,Excellent,4.869651784842636e-06,0.0002108591448319795,0.04447530806478574,0.9553089631385974
P08870,Good,Good,0.0003442051576754795,0.0888456634939136,0.7749728640705615,0.13583726727784942
P07946,Excellent,Excellent,1.0745714300578297e-05,0.0001681459321473111,0.041073455899258746,0.9587476524542933
P03587,Average,Average,0.03045966118344658,0.7884265802308944,0.1802498052933049,0.000863953292354209
P04117,Poor,Poor,0.8003269824058306,0.1994873581525649,0.00018135106964808567,4.308371956402492e-06
P05318,Poor,Poor,0.9635049321548392,0.03648884287948713,6.007392925973303e-06,2.175727475373082e-07
P02377,Good,Good,0.0007331061933798258,0.07862025039727699,0.7749857961282098,0.14566084728113327
P05718,Average,Average,0.3772411017998336,0.617479692048393,0.005263863630043897,1.5342521729409214e-05
P07907,Good,Good,0.002524177489006487,0.3252964798863978,0.6500863742358465,0.0220929683887492
P08034,Excellent,Excellent,9.729197404175818e-06,0.0006606357790577827,0.09630535919906567,0.9030242758244724
P06447,Excellent,Good,6.837650921563984e-05,0.03056359102517089,0.680683389538209,0.2886846429274044
P07338,Average,Average,0.3273806842824832,0.6585869101932598,0.013972564195863022,5.984132839392846e-05
P00649,Average,Average,0.0709631961243982,0.762178929882608,0.1660064918991904,0.000851382093803326
P05283,Excellent,Excellent,4.697650357528231e-06,0.00019912992488258313,0.042912106740982024,0.9568840656837779
P07159,Average,Average,0.07667478082871436,0.8356307377133282,0.0873185902495373,0.00037589120842024417
P03877,Average,Poor,0.6311630890048495,0.3679836689401194,0.0008455730004782784,7.669054552818166e-06
P04126,Good,Average,0.04195092450916516,0.6654030657410789,0.2916035671117793,0.00104244263797663
P05000,Good,Good,0.0011112085789957591,0.22334923123012268,0.7386566542071233,0.036882905983758256
P09401,Average,Good,0.004589009031123091,0.4372830628016123,0.5540583890304895,0.00406953913677507
P00971,Excellent,Excellent,3.87162485819607e-05,0.0027299282415234076,0.22877861215620193,0.7684527433536927
P05183,Excellent,Excellent,1.2639313574473144e-05,0.00023655580837965594,0.053056005124405364,0.9466947997536406
P00699,Average,Poor,0.5371091118118438,0.4613751860774484,0.0015050436830261252,1.0658427681653285e-05
P01754,Average,Good,0.0011508456770634766,0.14561598026380282,0.7654204289026179,0.0878127451565158
P06031,Poor,Poor,0.9598203625349802,0.04017208133960292,7.311691973338766e-06,2.4443344355557343e-07
P00028,Poor,Poor,0.9283701186428793,0.07160506555266463,2.4347489300386584e-05,4.683151558832419e-07
P08722,Poor,Poor,0.5849405427516978,0.4119159871107034,0.003117738966795217,2.5731170803736343e-05
P09853,Good,Good,0.0017826339049537797,0.1296011649618889,0.7057232794259568,0.16289292170720052
P03630,Excellent,Good,0.00017991968049226953,0.04369796798174195,0.7620485975525487,0.19407351478521714
P06402,Average,Poor,0.9339827298021347,0.06593886183666096,7.725892274154543e-05,1.1494384627924024e-06
P08741,Poor,Poor,0.9657995718847271,0.034192575342110655,7.138890614725779e-06,7.138825475052983e-07
P07546,Poor,Poor,0.9617041739876445,0.03828619628993693,8.832653127043464e-06,7.970692915136997e-07
P05108,Average,Average,0.21341044191773456,0.7714853586092052,0.015047565394205683,5.663407885454282e-05
P06001,Excellent,Excellent,1.1073916342450797e-05,0.0001790555474803368,0.043049986427814546,0.9567598841083627
P08828,Good,Excellent,9.534276440922984e-05,0.004698393407887204,0.2719516888429815,0.723254574984722
P09281,Average,Average,0.16068820013868984,0.801243002635037,0.03792903456875915,0.00013976265751400896
P03545,Poor,Average,0.24379808827167931,0.7282599365138263,0.02785284649011817,8.912872437626393e-05
P06985,Excellent,Excellent,1.1014649116924774e-05,0.0001769471989294069,0.042673438960999635,0.9571385991909541
P06420,Good,Good,0.0013371247145933692,0.15166633839431662,0.7901266937349264,0.056869843156163634
P08326,Average,Average,0.07333588016803569,0.796531190734514,0.12973063242884045,0.0004022966686098923
P01328,Good,Good,0.0007826179850455617,0.1483548964301117,0.7922400985498987,0.05862238703494401
P09398,Average,Average,0.1695527461872349,0.7860877226542966,0.04421479439166512,0.00014473676680333656
P02393,Poor,Poor,0.6809451242353451,0.31778135015934783,0.0012678056674794078,5.719937827661248e-06
P06972,Excellent,Excellent,8.631770971716506e-06,0.0005504821966074091,0.09330221271213063,0.9061386733202902
P05608,Excellent,Excellent,1.0147178848635232e-05,0.00026109252992549914,0.045680022455651,0.9540487378355749
P08798,Excellent,Excellent,1.002405862097088e-05,0.0007153381569815184,0.10984859719231269,0.8894260405920847
P04435,Average,Average,0.13766121088854183,0.7499538569415821,0.11212684237959496,0.0002580897902812228
P09321,Good,Average,0.011352722740115923,0.5739317208046378,0.41320941961772223,0.001506136837524039
P05427,Good,Average,0.061041942963295556,0.8425858263819467,0.09593742030126227,0.0004348103534956195
P01464,Average,Average,0.03403197106409062,0.7521681378758016,0.21346621897089624,0.0003336720892114396
P00657,Average,Average,0.13576000041336547,0.6962821930020063,0.16753301473446633,0.0004247918501616981
P02208,Poor,Poor,0.9289354289002073,0.07103326222663008,2.9811517929375128e-05,1.4973552331509307e-06
P03195,Poor,Poor,0.9024401216745671,0.09740524141543969,0.00015307356879941,1.5633411939427292e-06
P03221,Average,Good,0.0008323262798158087,0.13854921299234044,0.7223993975419551,0.13821906318588856
P02873,Poor,Poor,0.9608930541113766,0.03909866998027478,7.435656514417947e-06,8.402518342623392e-07
P00482,Poor,Poor,0.9610374653469931,0.038954292993944796,7.406082219817425e-06,8.355768422621339e-07
P05436,Poor,Poor,0.7203719641466729,0.27885440604872086,0.0007616968251156063,1.1932979490593792e-05
P04743,Excellent,Excellent,7.601707085375465e-06,0.00043399309581461615,0.07621872193558643,0.9233396832615137
P04926,Good,Good,0.0016462155365540943,0.21005048272504342,0.7496736934195597,0.03862960831884277
P00486,Average,Average,0.09070471219587266,0.7619062009161328,0.14710817915556829,0.00028090773242629843
P03781,Excellent,Excellent,3.3058045048831835e-06,0.00020811967381897055,0.055929470740231864,0.9438591037814443
P04612,Good,Good,0.0015547025960006755,0.2553550212752997,0.6985027280928717,0.04458754803582785
P09936,Excellent,Excellent,9.469670462509364e-06,0.0002331058876810608,0.042112316071947986,0.9576451083699085
P08357,Good,Average,0.007972802789738363,0.5849250558155195,0.4041506731352395,0.0029514682595026013
P03364,Average,Average,0.044978961150829076,0.7199240261876195,0.2346000668057673,0.0004969458557841189
P00911,Good,Good,0.005326398963306445,0.4120938866989778,0.576520632468398,0.006059081869317768
P04551,Good,Excellent,3.02047582784458e-05,0.0056761027624447,0.4194807020614134,0.5748129904178635
P03351,Good,Good,0.0016400794734585627,0.15706058533763287,0.7710633758858644,0.07023595930304412
P02293,Excellent,Excellent,1.6676447828438714e-05,0.000398271364549103,0.07515567500424553,0.924429377183377
P08278,Excellent,Excellent,3.4746044844633035e-05,0.001984621385622156,0.18915099440020547,0.8088296381693276
P06472,Good,Good,0.00186954438415877,0.18798264372474996,0.7631642589490011,0.04698355294209025
P00631,Good,Average,0.11784430322388097,0.7323508380213846,0.1495036191374029,0.00030123961733155395
P07147,Average,Average,0.1399232027294374,0.739175559341357,0.12065066047251424,0.00025057745669132087
P06136,Excellent,Excellent,2.4565568887214232e-05,0.0008307965285680253,0.12030259897554788,0.8788420389269969
P01658,Average,Good,0.0036191128548712873,0.39234935504042606,0.5984457847266238,0.005585747378078908
P06146,Poor,Average,0.16878658746710773,0.8135014531073691,0.017651551783503024,6.0407642020094375e-05
P08968,Average,Average,0.009266213674225705,0.5235654179597703,0.4652461183349299,0.0019222500310742512
P06235,Poor,Poor,0.965690182472209,0.03430191762647431,7.183680592388098e-06,7.162207241999581e-07
P02382,Average,Average,0.4518755323515736,0.5428404201540321,0.005271940212949178,1.2107281445162255e-05
P03702,Good,Good,0.001555686392452757,0.2133479844741876,0.7417574251083966,0.04333890402496294
P00553,Good,Excellent,4.0918084306064635e-05,0.006097807951529963,0.38177539278576095,0.6120858811784031
P00251,Poor,Poor,0.9607959725720301,0.03919682120593703,6.970310717085922e-06,2.3591131577825464e-07
P05072,Excellent,Excellent,1.1584723827510245e-05,0.00019713756657774187,0.0463046102933947,0.9534866674162
P02114,Good,Excellent,6.740545621375797e-05,0.00491801425264607,0.34662985067990854,0.6483847296112315
P05954,Good,Good,0.002057766251939828,0.26895135273233545,0.683780467792808,0.04521041322291665
P05195,Poor,Poor,0.7848748986268577,0.21430882809339205,0.0008126044562873247,3.6688234628764255e-06
P06115,Average,Poor,0.574121497804056,0.42196847118484154,0.0038960645177864347,1.3966493316083356e-05
P09857,Poor,Poor,0.5505779423181998,0.44588403165202267,0.0035198276846934123,1.8198345083999744e-05
P08666,Good,Excellent,7.295921124401976e-05,0.0088396256141176,0.4644695431585181,0.5266178720161203
P07518,Average,Average,0.08709267929551717,0.851867427362715,0.06093126369406857,0.00010862964769922034
P00600,Good,Excellent,7.512027132661096e-05,0.00724274222415627,0.396517577001816,0.5961645605027012
P04705,Excellent,Excellent,3.4031460465392805e-05,0.0016554192962743076,0.188669516984758,0.8096410322585023
P08072,Average,Poor,0.7203841168404141,0.2792356561394353,0.00037790788472922995,2.3191354211855748e-06
P08116,Good,Excellent,4.0859027646589746e-05,0.0061053105047073775,0.42104658379127824,0.5728072466763678
P09846,Average,Good,0.00032293821699352416,0.05114858176568055,0.7881354234718284,0.1603930565454975
P03516,Average,Average,0.2099607521556234,0.7520453988135708,0.03791184928533713,8.199974546875019e-05
P07157,Good,Good,0.000886356918424898,0.08490935277492376,0.7307351515447101,0.1834691387619411
P00157,Average,Average,0.13785850015032186,0.8261389860165123,0.03590583065824126,9.668317492446846e-05
P02192,Excellent,Good,0.0014873126883251093,0.3166458238612898,0.6695660073072743,0.012300856143110776
P03355,Excellent,Excellent,1.1939621694675041e-05,0.00034705196430396835,0.0557362361852001,0.9439047722288012
P05205,Poor,Poor,0.9548395031629249,0.045147320315086885,1.2231393342647032e-05,9.451286455824281e-07
P09032,Average,Poor,0.8758761701639574,0.12390245526143,0.00021893296728850412,2.441607324141871e-06
P07667,Good,Good,0.0003235522429293729,0.03658338217195339,0.7199888774438994,0.24310418814121798
P08461,Excellent,Excellent,1.0878975750998448e-05,0.00017235905624066408,0.041816114279040306,0.958000647688968
P09971,Excellent,Excellent,8.918673365269245e-05,0.010333040382935352,0.4713495860050464,0.5182281868783656
P04979,Excellent,Excellent,1.630040694662725e-05,0.0006428992360440132,0.08458995014910288,0.9147508502079065
P04801,Poor,Poor,0.9656678860718322,0.034324206803564856,7.190543010014706e-06,7.165815929945775e-07
P01627,Good,Good,0.00018303669649338188,0.04755305280716442,0.8427088971453006,0.10955501335104156
P00005,Poor,Poor,0.9047482929270338,0.09520727676051999,4.378520007649771e-05,6.451123696090354e-07
P01226,Excellent,Excellent,1.167202365932558e-05,0.0001999169668179782,0.04676803652478175,0.953020374484741
P01957,Excellent,Excellent,1.061816744129709e-05,0.0007914800195467201,0.12373020978710805,0.875467692025904
P07376,Excellent,Excellent,7.731446568296017e-05,0.004895046521562129,0.3500843670628949,0.6449432719498599
P09350,Excellent,Good,0.00027927438066605,0.034147953754663764,0.6983320817073175,0.2672406901573527
P08238,Average,Good,0.0025629957774645318,0.2652662486463543,0.7063138536112628,0.025856901964918556
P08662,Excellent,Excellent,1.9667172340253213e-05,0.004057148300718977,0.3568947863599766,0.6390283981669642
P05065,Good,Average,0.010278993095566487,0.5202937920640688,0.46738923595953125,0.002037978880833549
P08392,Good,Good,0.0023391176658092926,0.21022142397189933,0.7317022890172049,0.0557371693450865
P02746,Average,Average,0.008593762961372322,0.5081264643067703,0.47394598435093255,0.009333788380924801
P06476,Poor,Average,0.4578647643523636,0.5403287918247545,0.001801566846340418,4.876976541568769e-06
P05376,Excellent,Excellent,1.599405133385764e-05,0.0003836391366389746,0.07522063835812737,0.9243797284538998
P08598,Poor,Poor,0.9449924776621925,0.05499194243337178,1.4415073158667097e-05,1.1648312770483538e-06
P06258,Poor,Poor,0.9649483907192952,0.035043386031007775,7.491261981883767e-06,7.319877150566264e-07
P01480,Poor,Poor,0.9636456949702498,0.036345503290415145,8.041527741502127e-06,7.60211593643391e-07
P09783,Good,Average,0.009383317127736211,0.5341290662079581,0.45471101858853824,0.001776598075767488
P02161,Excellent,Excellent,2.9065344249510833e-06,0.0001664728829533933,0.04813718113480871,0.9516934394478129
P07989,Excellent,Excellent,4.742029758068093e-06,0.00020222638713245132,0.04339635615849836,0.9563966754246112
P04975,Good,Good,0.00013118856828899417,0.024830790860859483,0.687208649332387,0.28782937123846447
P09732,Good,Good,0.00014452899310325875,0.0648956529979025,0.7551458884954484,0.17981392951354602
P09383,Excellent,Excellent,1.5699914221529555e-05,0.0005352507564829061,0.07594591985302247,0.9235031294762732
P05895,Good,Excellent,2.5823559224922426e-05,0.004678577861343552,0.36027371905030287,0.6350218795291286
P04400,Good,Good,0.0003614177033295655,0.054003320284889966,0.7735144520695594,0.17212080994222106
P07913,Good,Good,0.00044542421242889585,0.1309425206768895,0.779413674100327,0.08919838101035457
P02036,Average,Average,0.051818402655099786,0.7679741093564993,0.1798720582360364,0.0003354297523645395
P03864,Average,Average,0.2060476810592536,0.7589377232108152,0.03496146542964492,5.3130300286220634e-05
P09775,Poor,Poor,0.8159850524211998,0.18385449919368263,0.0001566360923332518,3.812292784272635e-06
P00051,Poor,Poor,0.8612924371524812,0.1384164690159345,0.0002891147132513384,1.9791183328501465e-06
P01865,Average,Average,0.1309195511439574,0.7029954808394262,0.16547294512106808,0.0006120228955483511
P09833,Poor,Poor,0.9460272809323724,0.053954097933657755,1.7478698050955056e-05,1.1424359187555757e-06
P04793,Average,Average,0.25618019670970277,0.7184165384711347,0.02535097930302776,5.228551613473364e-05
P01730,Good,Good,0.0008036867852000563,0.12300253851327941,0.7737750696890336,0.10241870501248697
P09709,Average,Average,0.18643756509228854,0.8000958888315194,0.01343311985733931,3.3426218852844946e-05
P04374,Average,Average,0.2053886117564801,0.7768112048425234,0.017769762163268595,3.0421237728035468e-05
P09568,Excellent,Excellent,4.2298203229683754e-05,0.002849648649347086,0.2782456045359752,0.718862448611448
P07715,Excellent,Excellent,4.659589741369911e-06,0.00019644542180891091,0.04245739511805776,0.957341499870392
P01277,Excellent,Excellent,3.3901217365730695e-06,0.00021829411814984132,0.05635768041917924,0.9434206353409343
P02666,Average,Average,0.024238665553813737,0.6623769308726155,0.31219776241479,0.0011866411587807537
P09278,Excellent,Excellent,7.137188935169888e-05,0.003432786243018772,0.25559250035442616,0.7409033415132034
P00228,Good,Good,0.0018304222956332745,0.1848869062007235,0.7614186570544784,0.05186401444916479
P08978,Good,Good,0.004075252063986929,0.3574333984789084,0.6278513164627351,0.010640032994369527
P08625,Poor,Poor,0.9599350253824764,0.04005443455468533,9.702962565615086e-06,8.371002723829839e-07
P01258,Poor,Poor,0.952740822983656,0.04721437175644789,4.3964032802809325e-05,8.412270933319082e-07
P01668,Good,Good,0.004708404380965186,0.4569202267468816,0.5361267967540527,0.0022445721181006137
P00368,Average,Average,0.0434642583950125,0.7330554564262541,0.22259306159308428,0.0008872235856490826
P05483,Average,Average,0.1765082170006343,0.7364839261925953,0.0868360493758898,0.000171807430880722
P05023,Good,Average,0.00915096281804173,0.6006006704505489,0.38893877272790267,0.0013095940035066644
P02538,Good,Good,0.003168308542741675,0.26395292952944344,0.6987792720998247,0.03409948982799005
P09744,Average,Average,0.17559865134028488,0.7740184746021718,0.05016762124648581,0.0002152528110574881
P05165,Good,Excellent,1.809603845480735e-05,0.0019160277070786058,0.22041906448718146,0.7776468117672851
P01900,Poor,Poor,0.9372324876175373,0.06274273971596318,2.3423007323412475e-05,1.3496591762069976e-06
P05568,Average,Average,0.04769669116242121,0.7728371315762447,0.1791839630021621,0.00028221425917200247
P08752,Excellent,Excellent,1.0986037225642304e-05,0.00017610349321388737,0.042517889926653646,0.9572950205429068
P09748,Average,Average,0.1655889876740202,0.7745599835798078,0.05976972761527359,8.130113089828119e-05
P00177,Average,Average,0.08762686783380594,0.8343941681170094,0.07779875436261431,0.00018020968657047476
P07012,Poor,Poor,0.6775634615255378,0.31902041616990684,0.003400556567924143,1.5565736631092567e-05
P05431,Average,Good,0.0003590616190123375,0.060522233421259355,0.7661647145834326,0.1729539903762956
P07342,Good,Good,0.0018745079287528859,0.22536072293246112,0.7345988132299355,0.038165955908850496
P05468,Excellent,Excellent,4.694486655177784e-06,0.00019888746972336236,0.04287315610940902,0.9569232619342124
P04971,Poor,Average,0.08114387534528328,0.7803837687857421,0.13813138526926053,0.0003409705997143153
P06580,Excellent,Excellent,9.960497044162859e-06,0.00025448079856156623,0.04477877628154075,0.9549567824228534
P00717,Excellent,Excellent,3.0802604007968466e-06,0.00018242727040385461,0.0510505149109341,0.9487639775582611
P06756,Good,Excellent,3.892836004350176e-05,0.002721006199154531,0.29449697812714876,0.7027430873136532
P07454,Good,Good,0.0007056869467727321,0.15959456920134318,0.7751342632552457,0.06456548059663823
P05098,Good,Good,0.0023837808052337654,0.30484034979519486,0.6806576754108539,0.012118193988717458
P02142,Average,Good,0.011135196669834766,0.3805375331296027,0.6030815325684115,0.005245737632151111
P07662,Poor,Poor,0.9644001070010009,0.03559143410954504,7.715526716490283e-06,7.433627375130073e-07
P05876,Excellent,Excellent,1.1204115120526711e-05,0.0001832757227478454,0.04376823222089048,0.9560372879412412
P00362,Good,Average,0.009302447988879636,0.5468096367845866,0.43809264933096176,0.005795265895571916
P05421,Poor,Poor,0.9636359297782147,0.036357880702290395,5.9727972323086325e-06,2.1672226264733722e-07
P06343,Average,Average,0.01283307406543702,0.552113284780295,0.4333013028721484,0.0017523382821196152
P06556,Good,Good,0.00019665047067781328,0.03837277405486401,0.7465176005228721,0.21491297495158598
P02825,Good,Excellent,3.3360549504348856e-05,0.006779102560140573,0.4305509273484398,0.5626366095419152
P03020,Excellent,Excellent,4.621102600135464e-05,0.002671338545307526,0.26635180243785495,0.7309306479908362
P07109,Poor,Poor,0.9656660610173852,0.03432602852998251,7.193723008955161e-06,7.167296233829383e-07
P09181,Average,Average,0.08737003054752629,0.7956548027391817,0.11678610152747482,0.00018906518581735977
P01330,Average,Good,0.0019155462424623885,0.21775388423516703,0.7207572548547106,0.05957331466765986
P00526,Average,Good,0.0003445361889247524,0.05543306415344903,0.7516950263531326,0.19252737330449365
P05480,Poor,Average,0.20681931719523183,0.7576694890909843,0.03545485967578492,5.633403799899589e-05
P01329,Average,Average,0.05514919181412355,0.7394440172322689,0.20448373919083787,0.0009230517627697417
P04990,Excellent,Good,0.0001548546924704779,0.045803646715812246,0.8289753283106788,0.12506617028103842
P04906,Excellent,Excellent,2.1465815146545212e-05,0.0006805897992289174,0.11033494363267767,0.8889630007529469
P01099,Good,Good,0.00020138743748785776,0.0698186654686037,0.7667633969039653,0.16321655018994313
P04305,Poor,Poor,0.961557469152968,0.03843447662734386,7.231129862679846e-06,8.230898255331615e-07
P01864,Good,Good,0.0016712433684075278,0.12059890094721683,0.6984349589949518,0.17929489668942386
P03397,Poor,Poor,0.9606669672715978,0.039322849024243045,9.36117549603662e-06,8.225286629170553e-07
P06259,Average,Average,0.22378163741927096,0.7535312340278786,0.02265127007837795,3.585847447256303e-05
P02346,Excellent,Good,0.0013717529587294363,0.0966882073601379,0.7272111777750866,0.174728861906046
P00416,Excellent,Excellent,1.137326463459313e-05,0.0001891100324116343,0.04480740062038376,0.9549921160825701
P08903,Good,Good,0.0023705397992304545,0.3802237158598244,0.6078779237714625,0.009527820569482719
P04915,Average,Average,0.006790937638176685,0.5096998312491219,0.4795532519325003,0.0039559791802011
P01449,Poor,Poor,0.9644720852358597,0.035522012193773496,5.691452525816775e-06,2.1111784094528427e-07
P09050,Average,Average,0.02744814742256622,0.7075803978820029,0.2642439742334181,0.000727480462012751
P00244,Excellent,Good,0.0003927266416325464,0.0635052245727873,0.7987563675827555,0.1373456812028248
P02122,Excellent,Good,0.0005118392542549018,0.08082046162096432,0.8057432011821866,0.1129244979425941
P07996,Good,Good,0.0017926618978946077,0.2738538821320464,0.6938861948545387,0.030467261115520238
P07404,Excellent,Excellent,4.0216478033206006e-05,0.002427728890527111,0.2690272150862035,0.7285048395452363
P04553,Excellent,Excellent,2.06316088911005e-05,0.0006640492841424896,0.1127139461179695,0.8866013729889969
P09148,Poor,Poor,0.8010956519263353,0.19871895378128773,0.0001811402701611137,4.2540222158068125e-06
P02289,Average,Average,0.00660653127360757,0.56351237782246,0.42682756404277916,0.0030535268611532923
P09286,Average,Average,0.18054125932136403,0.788168525684262,0.031179180264036897,0.00011103473033722786
P00106,Poor,Poor,0.9412850372938365,0.058698659298853144,1.5930976120343793e-05,3.724311899833017e-07
P06799,Average,Average,0.016282285253475352,0.6986730340563749,0.284009058752403,0.0010356219377466308
P00902,Poor,Poor,0.9385590683580012,0.061422783260314466,1.775377902300052e-05,3.946026612076592e-07
P03424,Excellent,Excellent,3.015536195614989e-06,0.00017756910920734202,0.05032152401770496,0.949497891336892
P08876,Poor,Poor,0.9442000978631938,0.055786159038521264,1.3392998065367032e-05,3.5010021947778793e-07
P04817,Good,Good,0.004448850108844883,0.33325086866344106,0.6485596958509382,0.013740585376775815
P04169,Average,Average,0.01610826462703502,0.6593701705576966,0.32196183135886597,0.0025597334564025223
P05670,Average,Good,0.00034942350838792607,0.05903919112314029,0.6993343817854616,0.2412770035830102
P06674,Poor,Poor,0.5819749166916377,0.4168801435206329,0.0011367664422680575,8.173345461455132e-06
P01536,Average,Average,0.09637257407675572,0.7932422399772707,0.11021164877919568,0.00017353716677786133
P00568,Excellent,Excellent,2.0814067313562575e-05,0.005390552121995597,0.40505469348753853,0.5895339403231523
P03916,Good,Good,0.00045951034220846653,0.11319374406125329,0.7581798863219408,0.12816685927459734
P04611,Average,Average,0.023335934394698873,0.6348414667678439,0.3408092457462855,0.0010133530911716486
P09189,Average,Average,0.17830708037972734,0.7806521941450184,0.04096119320591959,7.953226933463508e-05
P07925,Good,Good,0.0033400698356008496,0.20499554959040356,0.6954082103375153,0.09625617023648046
P07249,Good,Good,0.0003386751182800275,0.06002062117003173,0.8075993520143936,0.13204135169729456
P06445,Poor,Poor,0.9528740364187634,0.047114289561056365,1.0665932643296195e-05,1.0080875369831632e-06
P00968,Average,Average,0.022216049610145734,0.5772854987217803,0.3968718017012219,0.0036266499668521058
P05711,Average,Average,0.17101949613464038,0.7935358347873243,0.03531260155231407,0.00013206752572137505
P02290,Excellent,Excellent,1.09026996962908e-05,0.00017318793143463444,0.04197029953805679,0.9578456098308122
P07776,Good,Good,0.0020203064983587288,0.15564670052876278,0.7465536057027384,0.09577938727013997
P05898,Poor,Average,0.23737474768757083,0.7404388276440552,0.022115610065157276,7.081460321677014e-05
P05478,Excellent,Excellent,5.0126556193964557e-05,0.004438187790531007,0.3119158152601514,0.6835958703931238
P01570,Good,Good,0.0020789338100918758,0.3785468831114946,0.610205493012209,0.009168690066204492
P09800,Average,Average,0.02202537968600415,0.6252247574801302,0.3513975110238589,0.001352351810006917
P08596,Poor,Poor,0.8963493533360861,0.10360176902066263,4.8178855914223576e-05,6.98787337084076e-07
P05043,Poor,Poor,0.9625648203658534,0.0374049992906834,2.9482969995628263e-05,6.973734677824364e-07
P09711,Good,Average,0.07767934050095204,0.8129509558165949,0.10911801898007634,0.0002516847023766549
P09982,Poor,Poor,0.8349029890520991,0.16494718988420912,0.00014648312835263474,3.337935339203142e-06
P02887,Excellent,Good,8.856349510699997e-05,0.01959526772168566,0.6493100549883034,0.3310061137949039
P07127,Poor,Poor,0.9493679369285368,0.05058212037791965,4.901478133122414e-05,9.27912212372045e-07
P03663,Poor,Poor,0.9408724527786201,0.05911099295426829,1.6179781059962653e-05,3.7448605154103217e-07
P04524,Poor,Average,0.14961827696215824,0.7910709824067933,0.05911358392934883,0.0001971567016995447
P09410,Excellent,Excellent,1.2207337281617281e-05,0.00035312439062153746,0.05669238721466208,0.9429422810574347
P05084,Good,Good,0.00041415585185855855,0.08095592978564548,0.7820597377736304,0.13657017658886558
P01216,Good,Average,0.004014348956444892,0.5284014689079407,0.4651348611929726,0.0024493209426418284
P07468,Poor,Poor,0.9612155528082699,0.03877451226012546,9.123624346595356e-06,8.113072582328949e-07
P02749,Poor,Poor,0.9658205943686927,0.03417289299880271,5.778779886971517e-06,7.338526177565103e-07
P03483,Poor,Poor,0.6028411467719413,0.3933562332275383,0.0037873419595496603,1.5278040970641137e-05
P07015,Excellent,Excellent,1.9890911921007756e-05,0.000809706431539308,0.0993118336141665,0.8998585690423732
P02004,Excellent,Good,0.00011185762220956428,0.032166238404046955,0.7549357626089653,0.21278614136477814
P08422,Average,Good,0.0027872924601338184,0.26158905297281243,0.7154589405232674,0.020164714043786287
P09301,Excellent,Excellent,2.727993224699679e-05,0.0014721187960274613,0.15266809105505152,0.8458325102166739
P09252,Average,Poor,0.7648885677920969,0.23477283551971004,0.00033320172155146467,5.394966641653591e-06
P08391,Poor,Poor,0.9476597147650876,0.05228690370587562,5.2471626740123713e-05,9.099022964826214e-07
P07141,Poor,Poor,0.9555787451879771,0.04441211377323983,8.870218340482447e-06,2.7082044236972337e-07
P07488,Average,Poor,0.8111732694041848,0.18864105772438391,0.00018425239967984546,1.4204717515283153e-06
P04933,Excellent,Excellent,3.182144449027536e-05,0.0018287142899615794,0.2300443015472749,0.7680951627182732
P02795,Average,Average,0.159500457878142,0.7044087722989737,0.13565132879776334,0.0004394410251209719
P08416,Good,Good,0.0015694839781143755,0.15757274061921706,0.775954018499146,0.0649037569035226
P07017,Excellent,Excellent,9.138402779620559e-06,0.00022002572117942715,0.040402104171483086,0.9593687317045579
P01857,Average,Average,0.4560249294582028,0.5423815340573532,0.0015876505066065184,5.885977837446229e-06
P02449,Poor,Poor,0.9643658384920871,0.03562713960247086,6.2576250329313925e-06,7.642804089292254e-07
P08277,Poor,Poor,0.729999808658723,0.2696010858151129,0.0003969074964237991,2.1980297402588785e-06
P04073,Good,Good,0.0015201736368734918,0.1293744711500997,0.7688959743115774,0.10020938090144944
P01568,Average,Average,0.07611697150307535,0.8795125091447306,0.044210335490139335,0.000160183862054714
P08937,Excellent,Excellent,9.71035256789147e-06,0.00024267914198126595,0.04333568659371333,0.9564119239117375
P01125,Average,Average,0.3178483672007896,0.6772842890856919,0.004845989496941941,2.1354216576486965e-05
P08059,Poor,Poor,0.9377200523172399,0.06226157835946408,1.797255858999386e-05,3.9676470598867987e-07
P09113,Excellent,Excellent,2.4830454098296435e-05,0.003245611184872008,0.31053243324631885,0.6861971251147109
P06862,Poor,Poor,0.9660898780786216,0.03390370215934711,5.691475229267714e-06,7.282868019313856e-07
P07415,Average,Average,0.02783484156321494,0.8206348392560299,0.15089829383671033,0.0006320253440449123
P05144,Poor,Poor,0.8996990902394155,0.10023979513539508,5.89828459951971e-05,2.1317791940329006e-06
P08451,Good,Good,0.0013236252050780272,0.13008653600264755,0.7235765079431956,0.1450133308490789
P08707,Average,Poor,0.6614374950250262,0.3377708245781445,0.000784268714981739,7.411681847319263e-06
P04995,Excellent,Excellent,1.469794718091695e-05,0.00048407169967683945,0.07069109069222686,0.9288101396609153
P03906,Good,Excellent,1.5896460151407773e-05,0.0013700192084976416,0.15432242896438628,0.8442916553669648
P04678,Poor,Poor,0.9647545575598692,0.03523715487223635,7.551984037809423e-06,7.355838565823438e-07
P06317,Good,Good,0.0005733644612713724,0.05866522980377256,0.7184585374589005,0.22230286827605547
P02753,Poor,Poor,0.6006381158924101,0.39760587212591486,0.0017496760363158483,6.335945359115545e-06
P01769,Average,Average,0.011537771391069498,0.6962775542193368,0.29030945276006587,0.001875221629527915
P05497,Poor,Poor,0.9585728290435704,0.04141809543347097,8.176416884987756e-06,8.991060736831213e-07
P03255,Average,Average,0.20380706325339712,0.7824400057859794,0.013735384871310053,1.7546089313271003e-05
P00529,Good,Good,0.002407287921684059,0.2523654145215843,0.708595078559375,0.03663221899735662
P03009,Good,Excellent,5.299927554811154e-05,0.005194394018194307,0.40497871489516546,0.5897738918110922
P04598,Poor,Poor,0.9654456973234713,0.03454629711023966,7.28417283465391e-06,7.213934544781711e-07
P00441,Good,Good,0.00024411306379271196,0.07879785193626505,0.7679100047238105,0.1530480302761317
P01934,Excellent,Good,0.00020162819249587897,0.07297359154292318,0.8040770351415857,0.12274774512299527
P00859,Poor,Poor,0.9436966988135334,0.056288847291934646,1.4100869288347958e-05,3.5302524371325546e-07
P01671,Poor,Poor,0.5424921781463065,0.4526976928517872,0.00479565360926802,1.4475392638399991e-05
P01552,Good,Good,0.0025041331893943626,0.24735141333555813,0.7194106580908404,0.03073379538420716
P08954,Good,Average,0.014376910016553127,0.5108105129695922,0.4716142488554645,0.003198328158390305
P08487,Excellent,Excellent,1.7754411498560246e-05,0.0004911826053812584,0.09110675221505397,0.9083843107680662
P09385,Good,Good,6.694833662462621e-05,0.011617600981186485,0.5350221244883325,0.4532933261938564
P03144,Poor,Poor,0.9622436220594467,0.03772575870413933,2.9917016982881618e-05,7.022194311089225e-07
P05839,Poor,Poor,0.8445776270225954,0.15508397538475535,0.00033568984799862685,2.7077446507972273e-06
P00490,Good,Good,0.003018640432458318,0.35305580554094473,0.6336297581204761,0.010295795906120904
P05640,Poor,Poor,0.9656961524872629,0.034297296688692205,5.813920155464248e-06,7.369038893547736e-07
P04112,Poor,Average,0.38494059643813966,0.6123351129807056,0.0027186695114724668,5.621069682128945e-06
P08611,Poor,Average,0.14489417349333827,0.7459094032231459,0.10887526634553128,0.00032115693798450106
P09596,Average,Average,0.07647394697686732,0.8582849787568618,0.06501226678810873,0.00022880747816215
P01714,Poor,Poor,0.8999979451036552,0.09983929005460565,0.00016120294141776427,1.5619003214416104e-06
P06360,Good,Good,0.002270394930771143,0.17376203082191882,0.7082610446968958,0.11570652955041423
P06547,Good,Good,0.0007229289643282621,0.13320529607246379,0.7838815624508807,0.0821902125123272
P09414,Average,Poor,0.8944789250161995,0.10546580704449855,5.453361586594532e-05,7.343234359065154e-07
P07668,Average,Average,0.15507592632275202,0.8157487366430106,0.02910561535280483,6.972168143250674e-05
P08842,Poor,Poor,0.7070882917471037,0.29182759723349216,0.0010675776532310687,1.6533366173068906e-05
P02003,Good,Good,0.004406096144150214,0.27242056454906677,0.6868460692117125,0.036327270095070474
P07938,Average,Average,0.24859946460111068,0.7409411745568583,0.010423682887795143,3.567795423589911e-05
P09138,Excellent,Good,0.00022263796537819958,0.059185106499297736,0.7239550552814232,0.21663720025390085
P07513,Poor,Average,0.0716027470174968,0.8127801022231566,0.11522684982764833,0.0003903009316982046
P01529,Poor,Poor,0.6147092377839771,0.38165732052122103,0.003620229401580464,1.3212293221371529e-05
P01392,Average,Average,0.20212242699571734,0.7799440655782265,0.01790678153516896,2.6725890887207558e-05
P01314,Average,Poor,0.7445934255821605,0.25489342768656303,0.0005104801984569884,2.6665328194372375e-06
P04057,Poor,Poor,0.9625558073640682,0.03741399977104068,2.9495387634827704e-05,6.974772565343286e-07
P00910,Poor,Poor,0.9547682135698331,0.045190202765394226,4.0770617802194166e-05,8.130469706041999e-07
P08448,Average,Average,0.038978746849930516,0.7381001347880916,0.22221425831898273,0.0007068600429951408
P00365,Average,Average,0.031200120740954206,0.7413635336806941,0.22637181229464648,0.0010645332837052454
P02870,Excellent,Excellent,5.144112354567651e-06,0.00023143433827506072,0.048146103997383775,0.9516173175519865
P08146,Poor,Poor,0.9655785705959774,0.03441483452939651,5.855793780717678e-06,7.39080845277363e-07
P05673,Average,Average,0.2200993986109217,0.7623669794207946,0.017467011950692866,6.661001759082848e-05
P04554,Excellent,Excellent,1.1162523925319593e-05,0.00018158147728763627,0.04346704203705697,0.95634021396173
P07876,Excellent,Excellent,2.714153456890501e-06,0.00014757614730662337,0.044270449304572135,0.9555792603946643
P08696,Excellent,Good,0.00017183670482462548,0.02276521720240947,0.6504785670585229,0.3265843790342429
P03263,Average,Good,0.0015977494859740807,0.18816596798920165,0.7650655814108457,0.04517070111397857
P01389,Excellent,Excellent,9.267037613752409e-06,0.0002252517588711746,0.0410737144330439,0.9586917667704713
P07737,Average,Average,0.31886143893792895,0.6669527937918135,0.014100682022913119,8.508524734440718e-05
P01858,Poor,Poor,0.5741606375507357,0.4230140001662108,0.0027961901524651586,2.9172130588527992e-05
P00124,Poor,Poor,0.9463623171284832,0.053624110563497626,1.3236188575709908e-05,3.361194436194285e-07
P00492,Average,Average,0.22770317999557235,0.7636460623115419,0.00862933772146677,2.1419971419183093e-05
P07560,Poor,Average,0.12992410711652885,0.8247530819914781,0.04514264249323267,0.00018016839876036094
P08830,Average,Poor,0.8974142136511323,0.10253461227762384,5.0466576542839845e-05,7.074947011881669e-07
P02314,Average,Average,0.009485292127914238,0.6337835246723452,0.3551707370688621,0.001560446130878247
P01893,Excellent,Excellent,8.795969328944777e-05,0.007381658849021182,0.38332036731706315,0.6092100141406261
P05025,Average,Average,0.07287882463591723,0.7428760634345228,0.18370129116753858,0.0005438207620213866
P09183,Average,Average,0.17291271666399907,0.786677874087522,0.0403477416892909,6.166755918811085e-05
P07162,Average,Average,0.08564494274282426,0.7987325315667757,0.11526924004309852,0.0003532856473016103
P08379,Excellent,Excellent,5.4290023207770265e-06,0.0002535608292170569,0.05186100505986665,0.9478800051085956
P01142,Average,Average,0.2607955414994259,0.7238895935749454,0.01524443880527038,7.042612035826774e-05
P07448,Good,Good,0.00019205411410493014,0.05959814930053317,0.768786796603402,0.17142299998195987
P03211,Poor,Average,0.3605494101441483,0.6306062063096652,0.00878883766270826,5.5545883478361674e-05
P05417,Good,Good,0.0025863050756094806,0.4387339323451209,0.554168615830066,0.004511146749203606
P02881,Poor,Average,0.007358889522097564,0.5631410316003556,0.42789820169292586,0.0016018771846210216
P01095,Poor,Average,0.2964573033452313,0.697149900619727,0.006363008920570494,2.978711447113748e-05
P04798,Poor,Poor,0.9650201608662103,0.03497304685542786,6.041856223571078e-06,7.504221382063673e-07
P05474,Poor,Poor,0.8223246755652301,0.1775306618539731,0.00014337636883825515,1.2862119587088917e-06
P08564,Average,Average,0.02904925204537782,0.7931866696267423,0.17740979156595807,0.0003542867619219118
P07683,Excellent,Excellent,5.423167057826236e-05,0.004027917194938107,0.2888600447561681,0.7070578063783155
P07132,Excellent,Excellent,2.318004735723197e-05,0.0031810489474246206,0.285005194500099,0.7117905765051191
P09174,Excellent,Excellent,0.00020476203674380788,0.01402883294029842,0.4857554685618854,0.5000109364610724
P02387,Excellent,Excellent,1.6159980291133498e-05,0.003843709185016683,0.3590964231337542,0.6370437077009379
P04054,Average,Average,0.1986051075230826,0.7705274142178765,0.03081460353446698,5.2874724573797685e-05
P05012,Poor,Poor,0.6775336656926362,0.32120646734194874,0.001251845661754255,8.021303660759664e-06
P09626,Average,Average,0.33035440880533384,0.6574148847934125,0.012204625767197655,2.6080634056016463e-05
P00331,Average,Average,0.12057618479633689,0.7881397179844242,0.09107756946901127,0.0002065277502277684
P06309,Average,Average,0.21335407675603985,0.7600250650652849,0.026580495467514724,4.0362711160496585e-05
P07537,Excellent,Excellent,0.00017496951678387876,0.011515259542429336,0.46299230274848624,0.5253174681923006
P05066,Good,Good,0.005149282248420993,0.38255431524002076,0.6016713852393755,0.010625017272182763
P01639,Poor,Poor,0.9638583982064421,0.03613549232395387,5.894259623252142e-06,2.1520998098761084e-07
P06406,Average,Average,0.37195159797856764,0.6251623558323965,0.002864561084256006,2.148510477978858e-05
P06744,Good,Average,0.019487691596415068,0.8507966729294817,0.12921214383080248,0.0005034916433007137
P06877,Average,Average,0.3763896029757371,0.6199748938460569,0.0036145063327323295,2.099684547366325e-05
P07302,Excellent,Excellent,2.2690469673560143e-05,0.002882927234523054,0.2699159937585629,0.7271783885372406
P02802,Average,Average,0.040839275152225546,0.7573503295631544,0.20046783974469218,0.0013425555399280613
P05560,Average,Average,0.020534582812969115,0.6623972424802608,0.3160111642454362,0.0010570104613340534
P08452,Average,Average,0.09996010507275933,0.8221506446122323,0.07761063467683582,0.0002786156381725083
P00236,Average,Good,0.0028302229290124337,0.2675973126268114,0.7002586797471485,0.02931378469702766
P05510,Average,Average,0.45792414024618366,0.5343296670942544,0.007725117943465195,2.107471609664299e-05
P09955,Average,Poor,0.7957823528660205,0.20400721589110757,0.00020888560757292425,1.5456352991595796e-06
P07931,Poor,Poor,0.5812916334925571,0.4136422647007699,0.005010774447045146,5.53273596277894e-05
P09147,Good,Good,0.00045965420326425454,0.14444607244524163,0.8091024884703604,0.04599178488113371
P04607,Average,Average,0.09728871972270596,0.8438962159229777,0.058716070779539296,9.899357477707409e-05
P06440,Average,Average,0.26340692294970386,0.7138210916119544,0.022705106858714682,6.687857962712251e-05
P04433,Good,Good,0.0008973643220258136,0.08390322532152418,0.752485622197013,0.162713788159437
P09409,Average,Average,0.09693029381895432,0.8245497722651911,0.07833058952442214,0.00018934439143245335
P06157,Poor,Poor,0.9537988168216003,0.04615841261276758,4.1921316046795824e-05,8.492495852391648e-07
P09511,Good,Average,0.03032616235671627,0.6948986696075237,0.27423226718138355,0.0005429008543764693
P07453,Average,Average,0.011751237291283802,0.5862962203777133,0.4000911353358343,0.0018614069951687557
P03806,Good,Good,0.0006445586447638673,0.10363711013213395,0.7674566756804395,0.12826165554266258
P08132,Excellent,Excellent,2.9008225415551113e-06,0.00016572990885603558,0.04796884018295796,0.9518625290856444
P05647,Average,Average,0.011412859957357442,0.5737887125099359,0.4125826206247263,0.0022158069079802668
P08211,Average,Good,0.002559879732276568,0.4674722388343184,0.5237921058229009,0.0061757756105040775
P00656,Excellent,Good,0.00034187650623075953,0.07196964197343624,0.736694961386526,0.19099352013380683
P03319,Excellent,Excellent,1.0194494709472043e-05,0.0002650566818120845,0.04609392286500857,0.9536308259584699
P02076,Poor,Poor,0.9430008293551543,0.05698262742001212,1.532525912126401e-05,1.2179657124638045e-06
P07008,Poor,Poor,0.958514751866342,0.0414772976840213,7.699722977821499e-06,2.50726658822952e-07
P03530,Excellent,Excellent,5.232335759992333e-06,0.0002384518042252358,0.049444169846183564,0.9503121460138312
P07033,Excellent,Excellent,2.9127596672797676e-06,0.00016686917515420298,0.04804087844900129,0.9517893396161772
P02394,Average,Poor,0.7135083324643103,0.28542765980064455,0.0010594912565044647,4.516478540647234e-06
P00909,Excellent,Excellent,1.1398507466179369e-05,0.00031646486341850273,0.052352259601974094,0.9473198770271412
P01544,Excellent,Excellent,4.641917373211218e-06,0.0001952132622156926,0.042255005515077354,0.9575451393053338
P01174,Poor,Poor,0.9642129176417132,0.03578001008819666,6.304107170407026e-06,7.681629196172343e-07
P05129,Poor,Poor,0.9609237423535302,0.03904381314491164,3.172199457717188e-05,7.22506981035507e-07
P05053,Excellent,Good,0.0004548477499832852,0.047460181447769756,0.671327586128612,0.2807573846736349
P00496,Excellent,Excellent,2.3909265334557407e-05,0.0007388692076987489,0.11056608511602706,0.8886711364109395
P09126,Average,Average,0.012633029643307621,0.5930466088278146,0.3926798338673188,0.0016405276615589178
P08748,Average,Good,0.0012999179474972714,0.17110316454591082,0.7616538913853358,0.06594302612125603
P08825,Average,Average,0.1527601488430978,0.7404063565690987,0.10663490248869159,0.00019859209911192034
P00459,Average,Good,0.008818708654130373,0.4896988301900491,0.49770216593375083,0.003780295222069615
P06415,Poor,Poor,0.9656176961030382,0.034375720812820254,5.8450392633593865e-06,7.380448783166022e-07
P08075,Average,Average,0.026673605737168135,0.6146837995707232,0.3573889188510742,0.0012536758410344258
P09836,Good,Good,0.000319476765607339,0.04939032490669718,0.7645087792945204,0.18578141903317502
P01390,Poor,Poor,0.9124745852008629,0.08739655677377509,0.00012744869742067078,1.409327941240712e-06
P06735,Poor,Poor,0.7938428925368297,0.20592912686857465,0.0002236929935951322,4.287601000712174e-06
P05851,Poor,Poor,0.960884820974182,0.03910800220919719,6.941486160702111e-06,2.3533046008857003e-07
P07081,Good,Good,0.0002291218049941201,0.04212001303995891,0.7909458069313425,0.16670505822370452
P00173,Excellent,Excellent,1.3734569955027369e-05,0.00025613191446726183,0.054135592723237945,0.9455945407923396
P05330,Good,Good,0.0020188945205149,0.2358766352397159,0.7315835357090912,0.030520934530678008
P07294,Average,Good,0.0031490148173180512,0.2450506803042782,0.7127373097431169,0.03906299513528678
P01337,Good,Good,0.0029393737905598267,0.22616529940372976,0.7192554740675698,0.05163985273814052
P08378,Poor,Poor,0.7018208339523876,0.2977462098648914,0.00042678373231106256,6.172450410056188e-06
P01371,Good,Good,0.0012549767551414044,0.1040152413820848,0.7837267616088819,0.11100302025389197
P04880,Average,Average,0.015588408506387397,0.5638161823644461,0.40982215268240785,0.01077325644675866
P08762,Poor,Poor,0.963720161608897,0.03627258225426171,6.4786101150513e-06,7.775267263178682e-07
P06576,Excellent,Excellent,4.485297434013856e-06,0.0003512340207598511,0.0800891943612843,0.9195550863205219
P05992,Excellent,Excellent,3.686203091731929e-06,0.00025260800300809576,0.06411548384531533,0.9356282219485849
P07846,Excellent,Excellent,1.1924007529349248e-05,0.0003433849301834837,0.05528730906864815,0.9443573819936391
P05543,Excellent,Excellent,9.16504141532564e-06,0.0002210694872272665,0.04053867835516036,0.9592310871161971
P04183,Poor,Poor,0.9632331658834759,0.03675943360514943,6.608388958659598e-06,7.921224158501823e-07
P04760,Good,Good,0.0005600114352793818,0.13272860919071372,0.7784045021441296,0.08830687722987718
P09845,Poor,Poor,0.9542360849325304,0.04575036856182078,1.2588409467604404e-05,9.58096181178209e-07
P04802,Excellent,Excellent,1.219278382136291e-05,0.0002168246068856907,0.04934564216487991,0.9504253404444132
P04639,Average,Average,0.026374048823257633,0.710922216045622,0.2621306103260645,0.0005731248050558997
P07994,Good,Average,0.029200934586862726,0.8047493434219658,0.16572403757573853,0.0003256844154330702
P01669,Excellent,Excellent,0.0001513190020503231,0.010755978952376998,0.43740050845274014,0.5516921935928325
P04808,Average,Average,0.15629067634053817,0.8291775140839447,0.014507667188975393,2.414238654182843e-05
P04773,Average,Average,0.13606771221302827,0.8072319405408785,0.05654259665451955,0.00015775059157365151
P04587,Excellent,Excellent,2.375881666317487e-05,0.0032726490343864844,0.3224637066612747,0.6742398854876755
P05018,Poor,Poor,0.9025699758723404,0.09738657065111225,4.1341669570748885e-05,2.111806976805584e-06
P09405,Excellent,Good,0.0003055374470032217,0.03003842500151996,0.6674009368706384,0.30225510068083844
P07228,Excellent,Excellent,1.0740995423891744e-05,0.00028687258837669613,0.04883751046309901,0.9508648759531004
P01172,Good,Good,0.0006183446230811561,0.08509728104452725,0.7721755857474623,0.1421087885849293
P01641,Good,Good,0.00041375218802341696,0.07019421306359247,0.8168596291773089,0.11253240557107512
P05089,Poor,Average,0.05378365137463427,0.9025526228422824,0.04302268998942833,0.0006410357936548106
P06224,Excellent,Excellent,1.0092364800210743e-05,0.0007175207224868871,0.11407074852412633,0.8852016383885866
P07108,Poor,Poor,0.8263723424754126,0.17322744450647298,0.0003967242869794173,3.4887311348230876e-06
P01926,Excellent,Excellent,1.1106793540470857e-05,0.00017972419648791175,0.0431411201239378,0.9566680488860337
P08175,Poor,Poor,0.9409671455632663,0.05901742736650633,1.505373103198647e-05,3.7333919550807034e-07
P02868,Good,Good,0.0006828734492890969,0.09715046866819174,0.7837805697596494,0.11838608812286974
P03650,Good,Good,0.00010864843825388536,0.01478240775033421,0.5937945745004967,0.3913143693109152
P03301,Good,Good,0.000110175684935046,0.025029249827423387,0.6388924026681294,0.3359681718195121
P02683,Average,Average,0.19495619439447065,0.7840128069492103,0.020995996404740216,3.5002251578967106e-05
P08235,Poor,Poor,0.9635194501493239,0.036474324299967546,6.008054808973952e-06,2.1749589959264482e-07
P07967,Good,Good,3.580787240546448e-05,0.013952863021588964,0.5941731339682366,0.391838195137769
P03948,Poor,Poor,0.9538760173269426,0.04608119465409809,4.194764882496291e-05,8.403701344390131e-07
P05843,Poor,Poor,0.9608483873594003,0.03911904921676274,3.18409253117964e-05,7.224985251176481e-07
P02291,Good,Excellent,3.404585189803795e-05,0.0065238769397925785,0.4560503299997665,0.5373917472085429
P02965,Poor,Poor,0.9643686310335012,0.03562289152671099,7.73326099964277e-06,7.441787880875948e-07
P00344,Excellent,Good,0.0003959254662562341,0.05995084031391842,0.7743220247917083,0.1653312094281169
P00287,Average,Average,0.16328830575530523,0.783817745632191,0.05279163998815019,0.00010230862435363858
P06919,Excellent,Excellent,5.656072309028711e-06,0.00027162954192172284,0.054742571165529184,0.9449801432202402
P02830,Average,Good,0.0004671689513317419,0.11647020046519323,0.7814935157440641,0.10156911483941092
P07517,Excellent,Excellent,3.209158854206976e-06,0.00019591492395449692,0.05374162524631144,0.9460592506708798
P01491,Excellent,Excellent,1.1291913978969e-05,0.00018605520697461398,0.044217389262711175,0.9555852636163351
P01765,Good,Excellent,8.554588634562491e-06,0.0005280569995349055,0.08599448131447575,0.9134689070973547
P06678,Good,Good,0.0024052326675806143,0.3665495466858431,0.6234519749845779,0.0075932456619983695
P07743,Good,Good,0.0006302542552058956,0.08416040093146764,0.7770910282836725,0.13811831652965406
P01906,Poor,Poor,0.646584322768842,0.3524420324299363,0.0009698399090545543,3.804892167118899e-06
P05941,Excellent,Excellent,2.5072865480427732e-05,0.0012098649732818281,0.13418247553105067,0.8645825866301872
P00744,Excellent,Excellent,5.138607088500626e-05,0.00435935789277597,0.3129738171171706,0.6826154389191684
P06054,Good,Average,0.01845158928420172,0.6791021803619993,0.3015652033597867,0.0008810269940121651
P07307,Good,Good,0.0012294133225588739,0.1254398722139218,0.7097396596103331,0.16359105485318629
P01645,Average,Average,0.45777507417481816,0.5369398493124683,0.00524248851006142,4.2588002651996765e-05
P04530,Average,Good,0.004667769737040118,0.4662744632866395,0.5246645132649908,0.004393253711329637
P00183,Excellent,Excellent,9.288894064493458e-06,0.00022597504583283387,0.04117756879061444,0.9585871672694883
P06907,Good,Good,0.006392251785955815,0.47097489505218176,0.5199958420019867,0.002637011159875804
P07405,Good,Good,0.0003601877074796034,0.07302936797971743,0.7543796819775399,0.1722307623352629
P06861,Poor,Poor,0.9641997751190602,0.03579423031646294,5.78158982257982e-06,2.129746542562585e-07
P05840,Excellent,Good,6.141767146824763e-05,0.019759527823234112,0.559667592268141,0.42051146223715663
P02989,Good,Good,0.00037336597860683534,0.08505010886645774,0.7497230842445539,0.16485344091038157
P04393,Poor,Average,0.19864009335122845,0.770503081967219,0.030745936645355392,0.00011088803619718562
P02441,Average,Good,0.0012804904007579802,0.24798768541953692,0.7177320975450334,0.03299972663467169
P06022,Good,Average,0.020169033165374797,0.6499880355787033,0.3288611332967587,0.0009817979591632193
P09143,Average,Good,0.006939222079573046,0.36692653705780637,0.5866613349818286,0.039472905880791935
P09973,Excellent,Excellent,2.713750460040428e-06,0.00014753691245177934,0.04425780017205302,0.9555919491650351
P01646,Excellent,Excellent,3.1201028045973125e-05,0.0024296873968467246,0.202337448795674,0.7952016627794333
P01060,Average,Good,0.0014959579616185398,0.17895385216648893,0.7732085752741465,0.046341614597745946
P05812,Poor,Poor,0.8873987781609771,0.11240732846385162,0.00019193513519571943,1.9582399755029457e-06
P09540,Excellent,Excellent,3.067503499369312e-05,0.0016778164822059034,0.167204072233148,0.8310874362496524
P07094,Excellent,Excellent,4.884334422396871e-06,0.00042109693751364965,0.08431463521740257,0.9152593835106614
P07987,Poor,Average,0.1508482750818627,0.8117234966532583,0.03734726039778896,8.09678670900879e-05
P03645,Average,Good,0.004049855678610823,0.39880021757183903,0.5926916214414752,0.004458305308074934
P04361,Excellent,Good,0.00010886609935400251,0.0325504925403804,0.7332447730831108,0.23409586827715487
P09419,Good,Good,0.0019025899445124915,0.3240342738593365,0.6597378387470929,0.01432529744905816
P07508,Good,Good,0.00021728066003538505,0.03923849898175203,0.6686242422552325,0.29191997810298004
P03275,Poor,Poor,0.6025953048604603,0.39604919208701267,0.001340631881156608,1.4871171370440078e-05
P04564,Excellent,Excellent,4.749651334290362e-06,0.00020265151822278978,0.043421908105732744,0.95637069072471
P04632,Poor,Poor,0.9659602207259151,0.034033314920899234,5.733380690088305e-06,7.30972495681087e-07
P05381,Average,Average,0.04094782633735789,0.6533003074645694,0.30412497265264976,0.001626893545423168
P06950,Excellent,Excellent,5.7807787136908e-05,0.0036102097272374023,0.27504936144743986,0.7212826210381859
P05578,Excellent,Excellent,1.1332004987271717e-05,0.00018806848542968102,0.0446770263325433,0.9551235731770397
P00413,Average,Average,0.06712163846809585,0.7647302161987245,0.1676558848213978,0.0004922605117819181
P01319,Excellent,Excellent,1.6020782652357845e-05,0.0030204149262592307,0.3146073329326023,0.6823562313584861
P08258,Good,Good,0.00016520495139533953,0.016031828350093282,0.5527607810193296,0.43104218567918173
P07830,Poor,Poor,0.753352666217927,0.24615843986047717,0.0004821309012077401,6.763020388173355e-06
P02153,Poor,Average,0.40627093698587297,0.5878370400543402,0.0058634238055665765,2.8599154220126787e-05
P09315,Poor,Poor,0.8627779663331011,0.1371300008006601,9.106684731414059e-05,9.660189246563036e-07
P04746,Poor,Poor,0.9171511897837263,0.08281550857955597,3.1557479658154276e-05,1.744157059670376e-06
P03352,Good,Good,0.007339404465607273,0.4824895089451044,0.5068493378654039,0.0033217487238844956
P01433,Poor,Poor,0.9533223129844691,0.04666615948826968,1.0535905828085258e-05,9.916214331031029e-07
P09074,Good,Good,0.00050875197278733,0.08418246484262012,0.7626644698008184,0.15264431338377413
P02124,Good,Good,0.00326674445890911,0.25729999568980805,0.7299759628703885,0.00945729698089444
P02341,Average,Poor,0.7512938600640963,0.24828868563477605,0.0004119426279597193,5.511673167869749e-06
P02761,Good,Average,0.018011542876602074,0.6058731451074583,0.37447311203238487,0.0016421999835548105
P09016,Poor,Poor,0.8520563829622498,0.14785253997030232,8.765013368585479e-05,3.426933762026221e-06
P04386,Good,Good,0.0006212428863334613,0.09029513098338657,0.8090109579706378,0.10007266815964219
P09002,Good,Average,0.05647563091515421,0.7473734202343081,0.19560698994216694,0.000543958908370754
P02425,Excellent,Excellent,1.0854920793082171e-05,0.00017176864683739524,0.04173782793573778,0.9580795484966318
P09510,Average,Average,0.012616553404008565,0.7423070153241751,0.24225889472771558,0.0028175365441007495
P03935,Good,Good,0.0011576986542520408,0.18750476296847643,0.7366300727891996,0.07470746558807193
P01744,Good,Good,3.3233311413664744e-05,0.018903810409676192,0.6371113894824529,0.34395156679645733
P02572,Good,Good,0.00012755288242051954,0.023012570850940373,0.6960887059735629,0.2807711702930763
P08979,Poor,Poor,0.9619347652211209,0.0380557336913083,8.709063110969923e-06,7.920244599083074e-07
P04557,Excellent,Excellent,4.501602092559135e-05,0.006867730718580129,0.40583569219667376,0.5872515610638204
P05210,Good,Good,0.0006806298147430355,0.13789767551988655,0.7952503555115731,0.0661713391537973
P03166,Excellent,Good,0.0005072440140668137,0.06320477009370842,0.7564490107053832,0.17983897518684164
P08692,Good,Good,0.0010368966173488442,0.11969415697459025,0.7985349800338356,0.08073396637422516
P03338,Excellent,Good,9.121856892126576e-05,0.0130164894796989,0.5971751075305043,0.38971718442087566
P08957,Poor,Poor,0.7909352367034319,0.20883398531163352,0.00022913794772103161,1.6400372136039548e-06
P06088,Excellent,Good,0.00035810767427392644,0.053681794993937035,0.7556280972300222,0.1903320001017668
P00617,Good,Excellent,2.4321962041409474e-05,0.00479437358014494,0.38010857163015205,0.6150727328276615
P02993,Good,Good,0.0008035765913447076,0.15860744455774523,0.8284949195426894,0.012094059308220773
P02147,Good,Average,0.041211631938579754,0.6512187730181819,0.30540944475262694,0.0021601502906114876
P04871,Excellent,Good,8.517168589353335e-05,0.03789947583807149,0.7285891427318213,0.23342620974421374
P05106,Poor,Poor,0.9316704823916168,0.06830894379394914,2.0135126330330904e-05,4.386881036309559e-07
P06064,Average,Average,0.02092895899739365,0.7806165397472423,0.1974100293340785,0.001044471921285563
P01899,Average,Average,0.39794097062994965,0.5971534807422004,0.004894660515992408,1.0888111857689125e-05
P09677,Poor,Poor,0.9647889205201619,0.03520528075456929,5.5897142748904035e-06,2.0901099410202003e-07
P01553,Good,Excellent,3.407595180157579e-05,0.005702911962772228,0.42679087767507334,0.5674721344103528
P07164,Poor,Average,0.24362488624613868,0.750895476012128,0.005472143818508935,7.493923224170454e-06
P09843,Poor,Poor,0.9633382818780508,0.03665432405390978,6.608443679259351e-06,7.856243600547129e-07
P02042,Excellent,Excellent,1.523787893020997e-05,0.00034054228000032863,0.06798872331848134,0.9316554965225881
P07158,Poor,Poor,0.9584582288671458,0.041533712586924634,7.80687978704794e-06,2.5166614256821756e-07
P01153,Excellent,Excellent,5.412137047683717e-06,0.0002506013969409317,0.050648051277664835,0.9490959351883466
P05463,Good,Average,0.01171470496855054,0.6759496190267308,0.31130315562654237,0.0010325203781763345
P08950,Good,Good,0.0007692785047604027,0.15685686767933651,0.754630730103864,0.08774312371203905
P04508,Good,Good,0.0006669370167002651,0.08968293071843564,0.8050383848648399,0.10461174740002428
P08178,Average,Average,0.1740001675573303,0.8014456441370809,0.024513795395510962,4.039291007782805e-05
P07255,Average,Good,0.00018838648160717842,0.055419043328931133,0.8278247961407051,0.11656777404875661
P01111,Excellent,Excellent,2.7393690806747756e-05,0.0009218472178400649,0.13162644240147853,0.8674243166898747
P04857,Good,Good,0.0015798427713799362,0.14703698993625428,0.7541886410206944,0.09719452627167134
P07532,Excellent,Good,8.909216912776021e-05,0.011743918796540074,0.5189815887314374,0.4691854003028948
P09243,Excellent,Excellent,5.0968766324931885e-06,0.00022822985004854041,0.04777658323949326,0.9519900900338257
P03779,Good,Average,0.05900751721871541,0.706085924569148,0.23423302772865123,0.0006735304834854527
P06817,Excellent,Good,0.00036990519413586533,0.12722444065814204,0.8105816810926296,0.06182397305509255
P01504,Excellent,Excellent,2.70477770750564e-06,0.00014668125890984315,0.044083548756169474,0.9557670652072132
P00874,Excellent,Excellent,3.0483279613708228e-06,0.00018091698639711737,0.05095549270280367,0.9488605419828378
P06000,Average,Poor,0.6541317224779111,0.34458607303013805,0.0012699448534345384,1.2259638516421494e-05
P02494,Poor,Poor,0.9372434774834287,0.06273206942385828,2.3105288578580916e-05,1.3478041344407926e-06
P08100,Poor,Poor,0.880474040686122,0.11945624899961134,6.887098353654971e-05,8.393307300677909e-07
P06852,Good,Good,0.00026264849105397085,0.0914535559061845,0.7785869569836097,0.12969683861915174
P08522,Good,Good,6.543741451439864e-05,0.02684828944228334,0.6995323070265097,0.2735539661166925
P06060,Poor,Poor,0.9294777997388223,0.0704330959726748,8.795407469052821e-05,1.15021381236352e-06
P04218,Average,Average,0.05763534629511023,0.687687507970298,0.2537298547147646,0.000947291019827093
P01722,Poor,Poor,0.965425621074344,0.034566365068571886,7.291942876628569e-06,7.21914207744254e-07
P03453,Average,Average,0.12666623251939177,0.7524139000214886,0.12054675440112082,0.00037311305799870496
P09256,Poor,Poor,0.9626026357307531,0.03736723544019027,2.94320317300946e-05,6.967973266513646e-07
P01416,Average,Average,0.01871384828865617,0.6418211858680326,0.33831539540285754,0.0011495704404536284
P06561,Poor,Poor,0.7669898741143109,0.2327442466429121,0.0002611156840227895,4.763558754258059e-06
P00809,Good,Good,0.0070130580886094505,0.4697114277567286,0.5182196501085836,0.005055864046078245
P00019,Excellent,Excellent,3.901832307380791e-06,0.0002808577849294254,0.06721411811100102,0.9325011222717621
P07895,Average,Poor,0.6690162113904474,0.3288443773266823,0.002109446345445298,2.9964937424983592e-05
P04309,Good,Good,0.005002216003656767,0.4893116681087471,0.5031953151019956,0.0024908007856005716
P00425,Poor,Poor,0.9619410200105106,0.03802794224461248,3.0331231015111e-05,7.065138618636955e-07
P06129,Average,Average,0.04495446678141732,0.7448667416355479,0.20972654499083299,0.00045224659220192146
P01228,Poor,Poor,0.9557429851668072,0.04424659696683435,9.472294191195134e-06,9.455721674393805e-07
P03158,Excellent,Excellent,4.895401378340314e-06,0.00021328294116537743,0.045294898340359935,0.9544869233170963
P07245,Good,Good,0.0016193471001308731,0.22895876776926263,0.7525582638817429,0.01686362124886369
P01690,Excellent,Excellent,9.182376034120554e-06,0.00022183781606204396,0.04063642196398393,0.9591325578439198
P06571,Average,Poor,0.5361004736239534,0.45917838517380577,0.004707439991249003,1.3701210991792739e-05
P00740,Excellent,Good,0.0004338652442492434,0.09894219604976556,0.8211649933845852,0.07945894532140008
P08167,Good,Good,0.002309707765612136,0.18764943122077768,0.7535780060942036,0.05646285491940663
P05990,Average,Average,0.010260587167886876,0.5278463134890489,0.4569311478864087,0.004961951456655715
P08827,Good,Good,0.0007219747413256937,0.17133716847538394,0.7525122399411286,0.07542861684216175
P08237,Good,Good,0.00023582769996694967,0.021295373081762357,0.6154898283817338,0.3629789708365368
P02462,Good,Good,0.00039131873006159395,0.05448267301046817,0.6961055941040132,0.24902041415545698
P00990,Excellent,Excellent,1.4945155201182816e-05,0.0003270499923719475,0.06659879606931983,0.933059208783107
P04694,Average,Average,0.049667460784041266,0.7333836223178551,0.21632779838011673,0.0006211185179870447
P09581,Average,Average,0.15744123363315068,0.8336276174963974,0.008904837085052643,2.6311785399355482e-05
P00032,Average,Average,0.47012053274821236,0.526217645127431,0.003652808705655717,9.013418700890292e-06
P09318,Excellent,Excellent,4.8272168784836555e-06,0.00020832145638097037,0.044424572021214456,0.9553622793055261
P08305,Good,Good,0.0067065545564323125,0.3895432900383337,0.5935997183362561,0.010150437068977777
P01435,Average,Good,0.0037009954378063887,0.4503385499552183,0.5401712185281089,0.005789236078866466
P04563,Poor,Poor,0.9576508336407206,0.04234098802287482,7.921663935138561e-06,2.5667246943509196e-07
P08366,Good,Good,0.0009170396453243626,0.2586896507201786,0.724085699301657,0.016307610332840193
P02035,Excellent,Excellent,3.2411466560259624e-06,0.00020074313456930635,0.05471301035751462,0.94508300536126
P06827,Poor,Average,0.18539022068141953,0.7840723837249334,0.030421428280891064,0.00011596731275612019
P07096,Poor,Poor,0.5857300603332333,0.41235909145757427,0.0019041587747997126,6.689434392709506e-06
P06319,Good,Good,0.00022139581305946016,0.04799422324428165,0.7426191535900079,0.20916522735265095
P00832,Poor,Poor,0.9632921271657987,0.036701575614582385,6.07813903872472e-06,2.190805800510587e-07
P02459,Excellent,Good,6.71432581854237e-05,0.010126817168542563,0.5457049822255847,0.4441010573476873
P00040,Poor,Poor,0.8288800985329355,0.17099760756149357,0.00011837592804957613,3.917977521324317e-06
P00118,Excellent,Excellent,2.100852314293638e-05,0.0006554116610060907,0.10691116543701802,0.8924124143788329
P03377,Excellent,Excellent,9.549962678660691e-06,0.00023742618945354877,0.0426182639821975,0.9571347598656702
P02491,Poor,Average,0.18834674181251335,0.793101991016013,0.01851328953124183,3.797764023173976e-05
P03091,Average,Average,0.08407873700017741,0.7961157060548567,0.11949531357492883,0.0003102433700370208
P04874,Average,Good,0.003566131549875373,0.3894246148525229,0.6000944015800582,0.006914852017543587
P08189,Excellent,Excellent,1.150920318108744e-05,0.0001923241077720126,0.04506390110345918,0.9547322655855877
P02300,Excellent,Excellent,1.9952643584332086e-05,0.0008354422411556764,0.10070274835398564,0.8984418567612744
P01349,Good,Good,0.0002531683503721977,0.03343336841067127,0.7261892962534524,0.24012416698550415
P00033,Average,Good,0.0005348102989611261,0.09520555369707528,0.8344650311244042,0.06979460487955935
P04758,Average,Average,0.10995320070388101,0.8530201384403354,0.036847658081705294,0.00017900277407822187
P02107,Good,Excellent,2.166313212355642e-05,0.00552148628441635,0.41022596728326993,0.5842308833001901
P05644,Excellent,Excellent,1.1244945412583217e-05,0.00018403003630066808,0.043797879387209,0.9560068456310776
P06979,Good,Good,0.0005686531752053778,0.08519377903141145,0.7857089249494746,0.1285286428439084
P04635,Poor,Poor,0.8009141667172059,0.19883736660752133,0.0002441539662457591,4.312709026949405e-06
P04650,Average,Average,0.43545487451361686,0.5606889296952441,0.0038471192709027256,9.07652023638572e-06
P09319,Excellent,Excellent,1.1775955296324806e-05,0.00020278141431696035,0.04723131870123232,0.9525541239291545
P05506,Average,Average,0.02725741751753974,0.6298975024591824,0.341916151713029,0.0009289283102489174
P00396,Excellent,Excellent,2.7128092331601845e-06,0.0001474473884209807,0.044243565119396706,0.9556062746829492
P04855,Good,Good,0.0004905777398143744,0.06790170884791527,0.814504103848749,0.11710360956352132
P00713,Average,Average,0.04307936660368886,0.7191519227902567,0.23742608202866736,0.00034262857738701986
P08911,Good,Good,0.0016262123854066588,0.18259834658289587,0.7729600822668313,0.042815358764866175
P08018,Poor,Poor,0.9623521364151092,0.037617393128953104,2.9769875261970095e-05,7.00580675820963e-07
P09314,Good,Excellent,0.00012764863417356575,0.008181768823400559,0.40974759504192715,0.5819429875004987
P03000,Good,Good,0.0017244654287912715,0.11592356746371375,0.6737733311471752,0.2085786359603197
P08739,Good,Good,0.007371821002088108,0.3302532807576339,0.6382714441963562,0.024103454043921713
P06557,Poor,Poor,0.9273653694804577,0.07260381630546658,2.927599018621435e-05,1.538223889529075e-06
P00599,Good,Average,0.010882080524593512,0.5788767082414574,0.39457195999855554,0.015669251235393488
P00072,Average,Average,0.19232799713124185,0.7408896678898531,0.06661430866715676,0.00016802631174833748
P02524,Average,Average,0.02030665161441763,0.6564445210084409,0.32249782986373354,0.0007509975134079428
P04621,Poor,Poor,0.9569390031416867,0.04305110697296472,8.968949481862543e-06,9.209358666080876e-07
P01597,Average,Poor,0.7645820457188992,0.23457036494691272,0.0008425992084809617,4.9901257070148214e-06
P02828,Average,Average,0.011528414860935884,0.535870271578499,0.4496687885900435,0.0029325249705216138
P06946,Excellent,Excellent,3.106131162138238e-06,0.00018666830720518422,0.052101521483042916,0.9477087040785899
P08174,Poor,Poor,0.797891652769405,0.20192840693116929,0.00017523907390072137,4.701225525064213e-06
P03871,Excellent,Excellent,4.748339400291201e-06,0.00020272423735663746,0.04351548375215064,0.9562770436710926
P07063,Poor,Poor,0.7480191692631579,0.25166673526580674,0.0003089272433161589,5.168227719164968e-06
P01115,Good,Excellent,0.00010196693289266587,0.005611883686833421,0.35710656209642616,0.6371795872838478
P08747,Poor,Poor,0.5997244340631901,0.3978823135893775,0.002385744594389557,7.5077530429269e-06
P02823,Average,Average,0.03866957545656742,0.7207628209371397,0.2399336358643901,0.0006339677419026538
P04287,Excellent,Excellent,1.1144107982957872e-05,0.0001813906014814103,0.04345691968381952,0.9563505456067161
P04372,Good,Good,0.0024266276114649292,0.30727969109141906,0.6791938114068522,0.011099869890263835
P09751,Average,Average,0.028884892502366262,0.7288051475371882,0.24157047253728486,0.000739487423160764
P04529,Average,Good,0.0005066343733152965,0.055336770500357325,0.7276130060788952,0.2165435890474321
P09390,Good,Good,0.00017799201861554007,0.01861921512663895,0.6098160901890267,0.37138670266571877
P07978,Poor,Poor,0.9435764729975915,0.05640899838738996,1.4173515944886403e-05,3.550990736064199e-07
P01451,Poor,Poor,0.9660098197032441,0.03398241761235149,7.053255114740685e-06,7.094292896854211e-07
P04091,Average,Average,0.12425232493132594,0.810531662379978,0.06502770818321268,0.0001883045054833491
P05594,Good,Good,0.002358393949900304,0.25866543016666255,0.7140853934807496,0.02489078240268761
P05194,Average,Average,0.022216337026590087,0.64618693187833,0.3304606968094111,0.001136034285668932
P07570,Average,Average,0.02731605267193141,0.7179990378924741,0.25400176171771943,0.0006831477178750016
P00810,Average,Average,0.22707081917885114,0.7400998559998032,0.03278018646454657,4.913835679910975e-05
P03851,Poor,Poor,0.9598544995989076,0.040111570070035095,3.318970021872824e-05,7.406308386263218e-07
P02621,Excellent,Excellent,0.00018923905568551044,0.005902039559208685,0.25930904128083865,0.7345996801042671
P00846,Average,Good,0.0022386912131047245,0.26160037299094324,0.7153723617425036,0.020788574053448448
P00394,Average,Average,0.008831827295916594,0.5652655008580041,0.4242742856664428,0.0016283861796365443
P02672,Excellent,Excellent,4.2207921711779096e-05,0.002313772508786152,0.21894609039222598,0.778697929177276
P00669,Good,Average,0.027448039110957063,0.6313282296157989,0.3402407193863058,0.0009830118869383828
P09082,Poor,Poor,0.9660007875727895,0.03399276199932519,5.720298434457702e-06,7.30129450708195e-07
P07463,Poor,Poor,0.8048002988598104,0.19502896511876083,0.0001664971139302671,4.238907498492002e-06
P04254,Good,Good,0.00847387074518635,0.40362308577425243,0.5803625084545714,0.007540535025989874
P05504,Excellent,Excellent,0.00019086418914658436,0.00826414101493348,0.3412787960684052,0.6502661987275148
P03169,Good,Good,0.00028748435156949673,0.051227349731876176,0.7720931260345374,0.1763920398820168
P06673,Average,Average,0.01023059156076409,0.5360882136271368,0.45191470523771293,0.0017664895743863265
P00256,Good,Average,0.09251653378600048,0.8612138091526693,0.046213014355885415,5.664270544474417e-05
P09606,Good,Good,0.00032819678816940415,0.0651596124597728,0.7709277500245179,0.16358444072754
P05874,Poor,Poor,0.9658801058216916,0.03411207593190461,7.10606736700377e-06,7.121790370439956e-07
P03315,Excellent,Excellent,5.033346992314148e-06,0.000223447143655631,0.046953916096441936,0.95281760341291
P08617,Poor,Poor,0.962434595942372,0.03755883319576947,6.346277152471984e-06,2.245847059714422e-07
P01474,Average,Good,0.009071035864787632,0.4258050954854346,0.5589612369301483,0.00616263171962937
P04974,Poor,Poor,0.9589723825286065,0.041018630232791405,8.096587373894181e-06,8.906512281794912e-07
P06978,Poor,Poor,0.5835820795747387,0.40978245059748397,0.006610051288401772,2.5418539375556422e-05
P07875,Good,Good,0.0026706608740640313,0.3348843539350388,0.6524746661032433,0.009970319087653796
P02578,Poor,Poor,0.9589160635849813,0.04104875382270503,3.441870359330013e-05,7.63888720411888e-07
P03631,Average,Good,0.005047874884543985,0.4777792438015627,0.5146725742877988,0.002500307026094447
P00340,Excellent,Excellent,1.2090019660667896e-05,0.00021322927289400367,0.04870882381322161,0.9510658568942236
P07189,Excellent,Good,0.0005725155842804912,0.08909351099929665,0.7522760269670897,0.15805794644933305
P04415,Excellent,Excellent,4.870149006136457e-06,0.00041221317810383537,0.08814183418924877,0.9114410824836413
P05750,Poor,Poor,0.9531687194246252,0.04678718310484504,4.3260906846023874e-05,8.365636839142412e-07
P09607,Poor,Poor,0.9578703772834806,0.042118109837552514,1.0631589564473764e-05,8.812894023542884e-07
P07785,Excellent,Excellent,9.170843587824295e-06,0.00022130536354049833,0.040570255928650004,0.9591992678642216
P05078,Good,Good,0.0006559228498347298,0.0963623853469308,0.806064882648131,0.09691680915510346
P00675,Average,Average,0.3167755351716974,0.6780382154421711,0.005174644397533266,1.1604988598208773e-05
P04574,Excellent,Good,0.00011493406648504527,0.045312870433506194,0.7474653279622611,0.20710686753774765
P01818,Good,Good,0.00013547283360093446,0.02697397907115613,0.7067027251162181,0.2661878229790249
P01999,Good,Excellent,1.9216071834076187e-05,0.00320237226900215,0.3073214588504648,0.689456952808699
P05935,Good,Good,0.00017634554141003479,0.03330139370590158,0.7786075706538971,0.18791469009879141
P03055,Good,Good,0.0002897855477493745,0.06794830318226129,0.7860845041090845,0.14567740716090485
P05563,Excellent,Excellent,2.706436577399008e-06,0.00014683931679814277,0.044116576426649144,0.9557338778199753
P01920,Excellent,Excellent,9.195258315739183e-06,0.00022225864483030956,0.04069657542188889,0.9590719706749651
P02997,Excellent,Excellent,1.592742855020663e-05,0.0005652357250471019,0.07868701193822669,0.9207318249081761
P08782,Poor,Poor,0.9592711479805306,0.04072106287455409,7.542959668790917e-06,2.4618524645756627e-07
P05003,Average,Average,0.17208478595975313,0.7922624002105296,0.03560403797129611,4.877585842117145e-05
P02951,Excellent,Excellent,6.284479574278905e-06,0.0003210453455550267,0.060997541689807866,0.9386751284850628
P09006,Poor,Poor,0.6121406498285318,0.38605726423413456,0.0017807302314906829,2.1355705842985085e-05
P06116,Good,Good,0.0017465024809741236,0.2716907642664186,0.6927284682715523,0.033834264981054955
P03770,Excellent,Good,0.00024330769521508557,0.0474682096386889,0.7250534483996441,0.22723503426645186
P05650,Excellent,Excellent,5.159361406909493e-06,0.00045590652133007287,0.09520041219425428,0.9043385219230087
P09291,Excellent,Excellent,3.48368234326093e-06,0.0002290489045290491,0.05970620860697572,0.940061258806152
P03340,Poor,Poor,0.8727835109562099,0.1271165459586005,9.723280426341637e-05,2.7102809262614166e-06
P00010,Average,Poor,0.7460170125226463,0.25370374374852706,0.0002727550955161029,6.4886333104827215e-06
P00756,Excellent,Excellent,1.0762501090624643e-05,0.0001686744023659238,0.04116858164966979,0.9586519814468736
P06158,Average,Average,0.0442848819875157,0.7367429461642867,0.21736379197266978,0.0016083798755278304
P06046,Average,Average,0.06646378143355525,0.7524055966247087,0.1807903020210658,0.0003403199206701784
P04366,Poor,Average,0.088364842187717,0.8715498564296286,0.04003318090879873,5.212047385565504e-05
P07702,Good,Good,0.0049041427397526535,0.45604214358671535,0.5335531852193721,0.00550052845415994
P05309,Good,Average,0.011334929874552629,0.60002624683202,0.3870547034595617,0.0015841198338657327
P00429,Poor,Poor,0.9036408135316455,0.09630186975462153,5.525260334696652e-05,2.0641103861226534e-06
P00768,Poor,Poor,0.9645286218445689,0.03546441392541681,6.2032104580397875e-06,7.610195560539037e-07
P00148,Excellent,Excellent,4.4716164234848e-05,0.0033090648195934114,0.26009455554524824,0.7365516634709236
P09155,Average,Average,0.006525132664079422,0.4963522408798623,0.49515227122814304,0.0019703552279150965
P00900,Average,Average,0.1133602494738756,0.8672612620351361,0.01932895737968368,4.953111130462053e-05
P03611,Average,Average,0.14651596873002956,0.7629473227170566,0.09033065595250168,0.00020605260041227114
P07161,Good,Good,0.0017481838911946005,0.21874635805548528,0.7481430659818433,0.03136239207147684
P08816,Excellent,Excellent,2.2845597929821994e-05,0.0007176158539974142,0.1105804883076055,0.8886790502404673
P00448,Poor,Poor,0.963062133060794,0.03693147714272274,6.169233428370004e-06,2.2056305495105608e-07
P08537,Average,Poor,0.5063278882279891,0.4839626210578806,0.009677273197788933,3.22175163412431e-05
P07709,Good,Good,0.00012214758070682615,0.028095240707141297,0.7235052871653359,0.24827732454681592
P08577,Average,Average,0.020025056923617387,0.6618756041012728,0.31719625925275013,0.000903079722359793
P06290,Average,Average,0.08022048878097705,0.8205913693450747,0.09882589570893979,0.00036224616500853525
P04223,Poor,Poor,0.8702090634457369,0.1297156337643175,7.24626604433027e-05,2.8401295023299365e-06
P05060,Average,Good,0.004214206208439713,0.3072122441487717,0.6667517974074282,0.021821752235360474
P05927,Excellent,Excellent,1.9471338301583392e-05,0.0022451872569000243,0.22780004439343934,0.7699352970113591
P08589,Poor,Poor,0.9624479332212886,0.03752172728274611,2.9640358060446663e-05,6.991379045525234e-07
P07231,Poor,Poor,0.9234485501469626,0.07651493268135652,3.488736768135709e-05,1.6298039994960638e-06
P02073,Poor,Poor,0.9389858955677902,0.06094498391683311,6.806832444291727e-05,1.0521909338832878e-06
P00641,Good,Excellent,3.101165958686418e-05,0.0017820460098180919,0.1720127270406342,0.8261742152899608
P02663,Average,Average,0.13084874264814114,0.8020542750671392,0.06696847226213827,0.00012851002258147364
P09571,Poor,Poor,0.9658771652242443,0.034116341755825313,5.760329433374522e-06,7.326904969585253e-07
P04332,Average,Good,0.004313691005722353,0.4496597832154263,0.5430291058659042,0.0029974199129471353
P00326,Average,Average,0.22456762445276002,0.7254745634330647,0.049849017320247546,0.00010879479392782073
P02957,Good,Good,0.001952619787609189,0.12892608722366822,0.7306913259579485,0.138429967030774
P06149,Poor,Poor,0.950913138842904,0.04903928602678272,4.668945778458605e-05,8.856725286923171e-07
P07630,Excellent,Excellent,5.357506175984907e-06,0.00024669791390138516,0.050552532520734564,0.9491954120591881
P02437,Poor,Poor,0.9600686375826883,0.039922731924058916,7.776511709573723e-06,8.539815431403745e-07
P02648,Average,Average,0.35302014349413935,0.6363159540121219,0.010601417657014363,6.24848367242228e-05
P08289,Average,Average,0.1007444602611975,0.7097104755679665,0.18910279285151954,0.0004422713193164975
P07678,Good,Good,0.0006903317395292394,0.08046377443273384,0.7489076569448606,0.16993823688287626
P09902,Good,Excellent,7.779807922110017e-05,0.006255831812752035,0.3539297829093815,0.6397365871986455
P02307,Poor,Poor,0.9096983950391503,0.09026364833644292,3.734220181443358e-05,6.144225923696646e-07
P06228,Excellent,Excellent,2.9234482856204164e-06,0.0001661055266312201,0.047872513317285544,0.9519584577077977
P00883,Good,Good,0.0010270886463927252,0.10442126987654267,0.7280660661364807,0.16648557534058392
P07232,Good,Good,0.00010738875777952981,0.03357665518285614,0.7905064945545885,0.17580946150477578
P01227,Poor,Poor,0.9659883691679764,0.03400517614237657,5.724300079428754e-06,7.303895674649062e-07
P06003,Poor,Poor,0.6089965926478359,0.3900438538776142,0.0009497404892697918,9.812985280268648e-06
P05315,Average,Average,0.008042714874313914,0.5341912393872806,0.45521326194887335,0.0025527837895319475
P02731,Excellent,Excellent,4.525308189947217e-06,0.00036315290883045604,0.08123384699595805,0.9183984747870215
P01013,Good,Good,8.461322139214727e-05,0.027627303447418747,0.7765296649531367,0.19575841837805244
P02909,Average,Average,0.012447684288709905,0.5727278554483552,0.413070992175918,0.0017534680870168583
P00024,Excellent,Excellent,6.487895365366784e-06,0.00033890836403092575,0.06455578505689928,0.9350988186837045
P09784,Average,Average,0.12533959717409016,0.8183757732747725,0.05619372682746784,9.090272366942876e-05
P08882,Excellent,Excellent,2.0969083925694873e-05,0.0009413827173144,0.11061414598337253,0.8884235022153875
P08044,Good,Good,0.0014412840968067153,0.2614110540500706,0.7097184409508291,0.027429220902293543
P04346,Excellent,Excellent,1.4324156568188278e-05,0.000503495317954445,0.07139181916643153,0.9280903613590458
P07217,Average,Average,0.07513517238633771,0.7327972535957022,0.19100162573412308,0.0010659482838369914
P02996,Poor,Poor,0.9352674484019113,0.06471130201634678,1.9890760975880756e-05,1.3588207659462902e-06
P02075,Good,Good,0.00035392582349581743,0.07386632603136037,0.8000356253060988,0.12574412283904499
P08995,Average,Average,0.033861301301510535,0.6282761631079111,0.3359807779402103,0.001881757650368185
P09061,Excellent,Excellent,2.834791916717854e-06,0.00015934872770474238,0.04649035504671456,0.9533474614336641
P07696,Average,Excellent,2.833786730192586e-05,0.003949764902185302,0.36108662165651245,0.6349352755740002
P03043,Average,Good,0.005333236387304704,0.36244906266556015,0.6181011251512761,0.014116575795858954
P02475,Excellent,Excellent,5.989376918502636e-06,0.0002991961735825341,0.05900170550755679,0.9406931089419421
P01473,Average,Average,0.21560817182951172,0.7781450597172611,0.006234907627343197,1.1860825883944209e-05
P02136,Good,Good,0.00023134699119917748,0.07706903567226603,0.7821898933402753,0.1405097239962596
P06491,Poor,Poor,0.9623642371801304,0.037605308466549185,2.9753972068641466e-05,7.003812519148873e-07
P06256,Excellent,Excellent,1.1468876988148474e-05,0.00019226646977683407,0.045363117420107735,0.9544331472331273
P01175,Good,Good,0.0011932049652893344,0.14437183718545302,0.808224378049042,0.04621057980021559
P05913,Excellent,Excellent,9.139262820670597e-06,0.0006055764505752087,0.08526203244639774,0.9141232518402065
P08616,Poor,Poor,0.6201771680728188,0.37892273272745575,0.0008968954255897331,3.203774135775969e-06
P03360,Poor,Poor,0.9635354634944839,0.036455680676518,8.093910653709505e-06,7.619183444493475e-07
P05592,Excellent,Excellent,1.4790476263969154e-05,0.003000486041130539,0.2738834898102295,0.723101233672376
P08137,Poor,Poor,0.8779975337356478,0.12193530274059738,6.628904148883423e-05,8.744822659101865e-07
P09194,Average,Poor,0.7633106419139687,0.23648569250304363,0.0002019015498526914,1.7640331349635056e-06
P02383,Good,Good,0.008606068080935992,0.47811698635502264,0.5055359996683895,0.007740945895651908
P06625,Average,Average,0.17864079324214538,0.7894226969383723,0.031882922163299646,5.358765618250103e-05
P08513,Average,Average,0.12874513339195165,0.8260891313093617,0.045095897491973534,6.983780671315922e-05
P01018,Average,Average,0.08024619057151279,0.7837104010577609,0.13579493266957585,0.0002484757011504262
P08009,Poor,Poor,0.9090784760079469,0.09087043280049448,4.9142631917506465e-05,1.9485596413784152e-06
P03036,Excellent,Excellent,6.5579999346626946e-06,0.00034769614188426653,0.0660312850176049,0.9336144608405761
P06443,Good,Good,0.0016996848612264354,0.167719507714428,0.7653764992010551,0.06520430822329036
P03688,Good,Good,0.0009504841056016876,0.17934393327250972,0.7527579182302243,0.0669476643916643
P00272,Average,Average,0.08442003030749425,0.8635730477754385,0.0518174445755992,0.00018947734146792107
P03070,Excellent,Excellent,1.0744764174604638e-05,0.00016811591074213382,0.04106815938325455,0.9587529799418287
P04499,Good,Good,0.00023007553679588248,0.033510093613029715,0.6990902498617957,0.26716958098837873
P09723,Poor,Poor,0.958294294767931,0.04169447774329831,1.0353228966007355e-05,8.742598047091099e-07
P08382,Average,Average,0.08265022569794686,0.8439048250651278,0.0733465447485822,9.840448834312646e-05
P04055,Poor,Poor,0.9408949802232387,0.05908847753166506,1.6167105056616756e-05,3.75140039625289e-07
P09838,Excellent,Excellent,3.231798052561723e-05,0.0018387678586307189,0.1775198795411655,0.8206090346196782
P09053,Average,Average,0.11409339795640272,0.8019785554623654,0.0838129743776266,0.00011507220360547952
P06765,Excellent,Excellent,5.263137353881582e-06,0.00047387092044278714,0.09846560537206825,0.9010552605701351
P07754,Average,Average,0.08362443020030129,0.7516651412917438,0.1643691705284368,0.0003412579795181606
P05324,Excellent,Good,9.388666044081411e-05,0.029887320364686477,0.7761206027032438,0.19389819027162886
P05556,Poor,Poor,0.9620662435478872,0.037927069985107406,6.459347021850631e-06,2.2711998339987666e-07
P05482,Average,Average,0.029741229773889277,0.5651966446071188,0.40226840940129693,0.00279371621769506
P05327,Poor,Average,0.30444541667711134,0.6658422045364188,0.02965208847185644,6.029031461329249e-05
P02955,Good,Good,0.00040528029091688997,0.06345083927049561,0.7952815829372658,0.1408622975013216
P01555,Good,Good,0.00037529700915650717,0.06714234856686077,0.8242172635257728,0.10826509089821001
P03429,Excellent,Excellent,1.2158315216766927e-05,0.0002172482623107617,0.04963915966314058,0.9501314337593318
P07344,Average,Average,0.03996815759230519,0.8103449764391805,0.14945059437243283,0.00023627159608142776
P01745,Average,Average,0.157289854302708,0.819827116604226,0.022796848126890028,8.618096617595377e-05
P00506,Average,Average,0.13055665318166548,0.8375161340256182,0.03179513741706393,0.00013207537565249674
P05525,Poor,Average,0.261960677460443,0.7274663220316185,0.010523832311804584,4.916819613369863e-05
P09683,Good,Good,5.9687368898140855e-05,0.018678805678614296,0.6730487521030962,0.30821275484939137
P06774,Excellent,Excellent,3.2068883458858924e-05,0.004550924267456228,0.3326491617352725,0.6627678451138124
P07295,Good,Good,0.00016635115042001574,0.028680597665129377,0.7376133209764877,0.23353973020796293
P00325,Good,Good,0.0006977747617225789,0.11376268068167605,0.7807284611849377,0.10481108337166374
P02171,Excellent,Excellent,6.556432991436019e-05,0.00785641731328388,0.4721104317930471,0.5199675865637546
P09325,Poor,Poor,0.7455706431100523,0.25411076141741573,0.0003134327395721298,5.162732959819983e-06
P09239,Poor,Poor,0.9657134322988612,0.034278678063929036,7.173924707589397e-06,7.157125021056639e-07
P01948,Average,Average,0.1266923730560546,0.7744085955411134,0.09852854262834562,0.00037048877448649895
P03756,Poor,Poor,0.9649698918539892,0.03502189426714295,7.482375777181814e-06,7.315030907030277e-07
P02916,Poor,Average,0.1647382151323108,0.7312427504808438,0.1038489571893889,0.00017007719745645243
P00109,Excellent,Excellent,4.825791226393506e-06,0.00020825506660753133,0.044435378769103445,0.9553515403730627
P06628,Good,Excellent,4.8219785423665004e-05,0.007889921334119176,0.4795093067587559,0.5125525521217013
P04314,Average,Average,0.16311513010064208,0.8271452560200209,0.009726088491786125,1.3525387551113282e-05
P03239,Good,Average,0.013283721836530232,0.5396578796031041,0.4435619633753962,0.0034964351849694924
P02591,Good,Good,0.0032378431250178297,0.19795751267509204,0.7343845805504607,0.06442006364942936
P03523,Average,Average,0.2951181031934899,0.6991403733602204,0.005715084135674697,2.643931061512643e-05
P02528,Average,Average,0.49048947520511976,0.507866187778119,0.0016396961561344712,4.640860626843448e-06
P01183,Poor,Poor,0.9589425039666101,0.04102219844545557,3.454700388760518e-05,7.505840467790777e-07
P08213,Excellent,Excellent,3.4847209951273855e-05,0.008369382376505563,0.45223945456147396,0.5393563158520692
P04836,Excellent,Excellent,1.8573725487041847e-05,0.0007707359349207887,0.09677891187438262,0.9024317784652096
P08576,Average,Average,0.1556051474678435,0.8131664215820961,0.03116447575619901,6.395519386154718e-05
P09932,Poor,Poor,0.8735585067802648,0.12620879582770025,0.00023039636170484767,2.301030330141294e-06
P07556,Excellent,Excellent,4.3475883205297607e-05,0.0033817040272087267,0.25606610438604427,0.7405087157035416
P00254,Poor,Poor,0.5314928995674547,0.4647250005605351,0.0037458687740745482,3.623109793546593e-05
P08181,Poor,Poor,0.7137453994518853,0.2859022972026807,0.0003498535712874169,2.4497741466819867e-06
P09332,Good,Good,0.004688672547824645,0.3650182787115616,0.620553279415266,0.009739769325347723
P01260,Good,Average,0.03631145324529127,0.7025382131188559,0.26067046304135216,0.00047987059450080034
P09368,Good,Good,9.457920319913841e-05,0.022679857027623394,0.7543682219180474,0.22285734185113015
P09851,Average,Average,0.0598425289914314,0.697106330195155,0.24252787955310487,0.0005232612603087857
P05458,Average,Average,0.009796129512714658,0.5676192117557997,0.4212558601034232,0.0013287986280625132
P00695,Good,Excellent,4.6523956720752495e-05,0.005378315520570795,0.3353294881636917,0.6592456723590168
P01921,Excellent,Excellent,6.097633706164807e-06,0.0003006104090940408,0.057459328641106054,0.9422339633160937
P08919,Good,Good,0.0012513482418175354,0.19796360625170117,0.7591691672756401,0.041615878230841286
P03594,Poor,Poor,0.96389659513977,0.03609730492953008,5.884946239156547e-06,2.1498446069268238e-07
P04462,Poor,Average,0.193989543807497,0.725308456107067,0.08049929953404802,0.0002027005513879797
P05641,Average,Average,0.22035286007536709,0.7721450993320506,0.007479848246879712,2.2192345702827547e-05
P04058,Excellent,Excellent,5.230891283904159e-06,0.00023793461051975755,0.048971192079179486,0.9507856424190168
P08788,Good,Good,0.001178637848148143,0.1424313606577035,0.7554549541084007,0.10093504738574756
P09019,Average,Average,0.07340470357453222,0.8625360332702657,0.0639181300484872,0.0001411331067149391
P08352,Poor,Poor,0.9009891532273879,0.0989621641976551,4.801257969868632e-05,6.699952585473044e-07
P03202,Excellent,Excellent,1.2304185377037078e-05,0.00022290659103979982,0.050689360338460776,0.9490754288851223
P02262,Excellent,Excellent,2.384946770292173e-05,0.00649558447828413,0.4398440984310871,0.5536364676229258
P04261,Average,Average,0.10271946466399969,0.8034553124951207,0.09363092771154612,0.00019429512933343145
P00604,Poor,Poor,0.9640760200360088,0.03591537211245284,7.857528180539073e-06,7.503233579644762e-07
P07644,Good,Good,0.0006968508273186288,0.09552595283091797,0.8261053332825123,0.07767186305925114
P04422,Good,Good,0.0001424674921295438,0.021164338694539875,0.7050787333645808,0.2736144604487499
P01492,Excellent,Excellent,1.1347654561321698e-05,0.0003153103561741043,0.052169146944857414,0.9475041950444073
P01267,Excellent,Good,6.440817289113385e-05,0.036780118156447564,0.7628929390883294,0.20026253458233184
P02864,Poor,Poor,0.9605927172038888,0.039374367573457386,3.218822148897644e-05,7.270011648965621e-07
P04365,Poor,Poor,0.8650400555384534,0.13484695466350366,0.00011007892794129338,2.910870101680937e-06
P00798,Poor,Poor,0.9548602126634941,0.045130213860876935,9.297252665901425e-06,2.762229629547277e-07
P09282,Poor,Poor,0.9335173467857336,0.06646261005411606,1.961978635946454e-05,4.233737907136103e-07
P04432,Excellent,Excellent,2.9012322667614164e-05,0.0013839459446942648,0.18941983124470588,0.8091672104879323
P06816,Average,Average,0.007201853756368018,0.5493618972698903,0.440612826196798,0.0028234227769438607
P08027,Poor,Average,0.4110702953885063,0.5666479167871471,0.022211013242106878,7.077458223963163e-05
P07198,Good,Good,0.0009078387454882605,0.19642074948903052,0.7571021628381249,0.0455692489273562
P09553,Poor,Poor,0.9207980715589099,0.07916589486344447,3.442034992626562e-05,1.6132277192698337e-06
P00404,Poor,Poor,0.9601412246098173,0.039825226275608215,3.28147974553965e-05,7.343171189360681e-07
P05099,Excellent,Excellent,4.892855529077506e-06,0.00021297961311557155,0.04523128659033767,0.9545508409410176
P05868,Average,Average,0.01437636790827133,0.5540396653856166,0.42984022825842766,0.0017437384476845686
P08627,Good,Good,8.413055840360602e-05,0.008222564984657454,0.49844650416464426,0.4932468002922945
P08325,Excellent,Excellent,1.045204179409129e-05,0.0002734600347104236,0.04719627113020189,0.9525198167932936
P00817,Average,Average,0.07861864627333158,0.7447225574271332,0.1760967102920105,0.0005620860075247693
P00628,Excellent,Excellent,1.41918825722776e-05,0.00045909873689068976,0.06787881711244008,0.9316478922680969
P02792,Average,Poor,0.748125357126264,0.2515317484981554,0.00033651469443009676,6.3796811505736316e-06
P01750,Good,Good,0.0001854975077580213,0.026251258315739785,0.6963212058389479,0.2772420383375544
P07740,Poor,Average,0.25624833431801003,0.7284936041868811,0.015234867407776962,2.3194087331882366e-05
P03535,Good,Good,0.00025266796935382625,0.03466034870992543,0.7026951261000605,0.2623918572206604
P04227,Poor,Poor,0.9660246758924879,0.03396756777799094,7.047214958000294e-06,7.091145631466971e-07
P03086,Good,Good,0.0002848553431193185,0.03217549173632171,0.6608765449296529,0.30666310799090607
P09247,Average,Average,0.10079145566242423,0.7702602922688997,0.1285912352806019,0.000357016788074163
P02671,Poor,Poor,0.9660504356094481,0.03394313105443677,5.704231871743056e-06,7.291042435451344e-07
P05942,Good,Good,0.0014440616648768098,0.2608411199967086,0.70817584123364,0.029538977104774745
P00584,Poor,Poor,0.8390904588293585,0.16075788024237894,0.0001482140847403122,3.4468435221685577e-06
P07266,Good,Average,0.21317330600441817,0.7509073385752904,0.0358268067148484,9.254870544308521e-05
P04294,Average,Good,0.007395469545385037,0.44194927043651605,0.5472723316567333,0.003382928361365662
P06030,Good,Good,0.001312063314156874,0.19644282891650663,0.7723914617459037,0.029853646023432736
P04207,Average,Good,0.0010047799160336965,0.10142612020327728,0.7281084758131502,0.16946062406753878
P02059,Good,Average,0.04957630254656914,0.680952976185341,0.2679479166697977,0.0015228045982921838
P06786,Average,Average,0.0498814621294071,0.8773524974680112,0.07251442028293414,0.0002516201196474253
P00673,Excellent,Excellent,9.618498165825049e-06,0.0006608807879428417,0.10760972307816272,0.8917197776357286
P06108,Average,Average,0.036382136517261396,0.7507487332929955,0.21249842215791137,0.00037070803183173004
P09909,Average,Average,0.11957943991965359,0.7534725454351502,0.126578193693518,0.0003698209516782267
P01173,Average,Average,0.017707736326180546,0.6067081819291579,0.3745091152863337,0.0010749664583278842
P00593,Good,Good,0.00011206305547700301,0.024424026526139765,0.67255284175127,0.3029110686671133
P09828,Poor,Poor,0.9611145250040384,0.03885330768956565,3.1446768801825116e-05,7.20537594244807e-07
P00929,Average,Average,0.05089199245499812,0.8021114454589325,0.1466388641862818,0.0003576978997874602
P01071,Excellent,Excellent,6.2484379809504865e-06,0.0006508841640184945,0.11657992877621673,0.8827629386217839
P05788,Good,Good,0.004856204268535883,0.2826810732216943,0.6857682626990469,0.026694459810722927
P05621,Good,Good,0.00128471560174019,0.17398013421861752,0.7705856499303603,0.054149500249282084
P08621,Good,Excellent,0.00014968356749049195,0.007339049888363701,0.3320364261693071,0.6604748403748386
P09052,Good,Good,0.00014522287570420753,0.024900943378603716,0.7146207449124145,0.26033308883327755
P09612,Average,Average,0.11252629438059761,0.6889328270947446,0.19770850292371198,0.0008323756009459006
P09209,Poor,Poor,0.965056842094464,0.03493637826031615,6.0297985743796245e-06,7.498466455748501e-07
P00499,Average,Average,0.08720444348829165,0.8495982305642596,0.06305306566146189,0.00014426028598675032
P01313,Good,Excellent,4.318485824074425e-05,0.0027950863605675216,0.28265222989024685,0.7145094988909448
P07062,Poor,Poor,0.9529901548448644,0.04699557446905104,1.3283596406185485e-05,9.870896781517297e-07
P08591,Good,Good,0.0011939171108226445,0.13635624777619373,0.7672524482919512,0.09519738682103242
P06610,Excellent,Excellent,2.7509435743738203e-06,0.00015105591716920268,0.04495615597231482,0.9548900371669417
P08649,Poor,Poor,0.9558168567104081,0.04414316497336339,3.918125762687633e-05,7.970586018601023e-07
P04922,Excellent,Excellent,1.39618608181846e-05,0.0002867592758154608,0.0605325130441488,0.9391667658192175
P00380,Poor,Poor,0.9655491607973364,0.03444287888292082,7.241135506105838e-06,7.191842364712019e-07
P04284,Good,Good,0.0003711809503679347,0.033408377551332545,0.670775790216559,0.29544465128174063
P07970,Excellent,Excellent,2.7102428974078756e-06,0.00014720142745080594,0.044192152652399334,0.9556579356772525
P06010,Poor,Poor,0.751083053125155,0.24810306030556867,0.000810177060769561,3.7095085067129247e-06
P08822,Poor,Average,0.31662689324450455,0.6732369676870266,0.010102509160736095,3.362990773283429e-05
P00566,Good,Good,0.0005999870238376163,0.07164739861411983,0.7434294752602867,0.18432313910175596
P00868,Good,Good,0.0026064763042343117,0.1712141871604391,0.7041427043443554,0.12203663219097122
P06446,Good,Excellent,2.3289340594709422e-05,0.0007205217215852332,0.104852614273262,0.8944035746645581
P01080,Average,Average,0.01464496424362987,0.5430072373667044,0.44018476059563044,0.0021630377940353297
P00185,Good,Good,0.0016953705082700928,0.2656123658491671,0.7150227651579588,0.017669498484603904
P03952,Poor,Poor,0.9548128965681254,0.04514561475405632,4.067435483090937e-05,8.14322987369002e-07
P08785,Good,Average,0.0678286080207689,0.7704093181236391,0.1613546361116344,0.00040743774395747366
P10000,Excellent,Excellent,1.1322974891763653e-05,0.00031349646027531875,0.05195631016517938,0.9477188703996535
P02039,Average,Average,0.15984636322441978,0.6885339552643329,0.15115566362189595,0.0004640178893514064
P02149,Average,Average,0.49264146009363574,0.5035255445979352,0.0038237963625576254,9.19894587153638e-06
P09258,Average,Poor,0.5006423487779356,0.4958327070466848,0.0035111274401902833,1.3816735189470364e-05
P00807,Poor,Average,0.05127353771766291,0.8941258946485632,0.05258484278767088,0.0020157248461029013
P07401,Poor,Average,0.36504205115241506,0.631388060725958,0.0035575631044624956,1.2325017164556206e-05
P02353,Average,Poor,0.6293823176244119,0.36840682764053384,0.0021884299953756387,2.242473967876189e-05
P01691,Average,Average,0.10481594924186526,0.7923558762638243,0.1023021668394312,0.0005260076548792747
P01194,Good,Good,0.0006670859225318763,0.07375719829295813,0.7475669924143773,0.17800872337013268
P07259,Poor,Poor,0.9225368048002319,0.07742676996957769,3.47904283648791e-05,1.634801825536472e-06
P08510,Excellent,Excellent,9.685019932654519e-05,0.00996629747176213,0.49403521076840673,0.4959016415605046
P04147,Excellent,Excellent,5.818151337090238e-05,0.005257411468385013,0.3989391755214733,0.5957452314967708
P06145,Excellent,Excellent,8.800390374970866e-06,0.0005735446656216712,0.09660310172955058,0.9028145532144527
P07530,Poor,Average,0.16458138733339703,0.7783545478005068,0.05698595191550285,7.811295059335261e-05
P01947,Poor,Poor,0.5974218546074771,0.40157795703448995,0.0009966484026926229,3.5399553401808498e-06
P01952,Poor,Poor,0.6568825831529636,0.3425195668973881,0.0005899466813222454,7.903268326059116e-06
P06205,Good,Good,0.0028756308695236346,0.20001045076025165,0.7223961205679122,0.07471779780231239
P06505,Poor,Poor,0.9660662558017626,0.033927316684435854,5.69870729208473e-06,7.288065093065935e-07
P04625,Excellent,Good,0.00017394162822086587,0.052998169138170056,0.7354388067622795,0.21138908247132956
P07847,Good,Excellent,0.00014137199853991918,0.006752536985350612,0.30730006624857464,0.6858060247675348
P00851,Good,Good,0.0011992114884984105,0.15699725102342377,0.7640812632336114,0.07772227425446655
P06362,Average,Average,0.09190584213722308,0.8803193721115582,0.027714383982437276,6.0401768781453794e-05
P03468,Average,Average,0.0570529893682259,0.8474912643255894,0.09530051404585227,0.0001552322603322295
P07193,Average,Good,0.0011320281638895013,0.20752789434842772,0.7494947908108104,0.041845286676872415
P02246,Poor,Poor,0.9547286769208371,0.04526043502372875,9.925400778214566e-06,9.62654655944548e-07
P05450,Poor,Poor,0.9117358021077293,0.08814006003673469,0.0001224077642877575,1.7300912482627085e-06
P02763,Excellent,Good,0.0001170787875197016,0.026704138733894097,0.6986103039212667,0.27456847855731953
P01539,Average,Good,0.004810591440181238,0.39532982940298245,0.596454806985739,0.0034047721710973055
P05112,Excellent,Excellent,1.0816129220075837e-05,0.00029206004453334047,0.04939564916240972,0.9503014746638369
P02506,Good,Excellent,0.0003101931266950153,0.01698671700934837,0.4720834236881945,0.510619666175762
P00043,Good,Average,0.010360575768714048,0.5930154831188716,0.3942774276799117,0.0023465134325025756
P02517,Excellent,Excellent,9.546283764433814e-05,0.008192481116118101,0.44448661634244885,0.5472254397037887
P05781,Poor,Poor,0.9226661650181444,0.07729871539781633,3.35403938251191e-05,1.5791902143169825e-06
P01089,Poor,Poor,0.9647837239830357,0.035210475575135985,5.591396216266709e-06,2.0904561202965526e-07
P08716,Poor,Poor,0.9021906497226937,0.0976527167517295,0.00015511916208446554,1.514363492338133e-06
P08065,Average,Average,0.06002923045253205,0.6690384589232733,0.2700372570718659,0.0008950535523286981
P05706,Excellent,Excellent,1.7641387749877453e-05,0.0004544050414135661,0.08203162198993465,0.9174963315809019
P09611,Average,Average,0.007414971421165209,0.571693071499447,0.4153544629126886,0.005537494166699164
P07459,Excellent,Excellent,2.5154793693597655e-05,0.0012242587705203433,0.13431890926821197,0.8644316771675741
P01786,Poor,Poor,0.9592040338371338,0.040786978586087166,8.116490891101063e-06,8.710858879545368e-07
P08274,Excellent,Excellent,6.870654443454502e-06,0.0003581258770146859,0.06497701114768985,0.934657992320852
P09146,Excellent,Excellent,2.7419118566811432e-05,0.0012973705063348807,0.18358134392091485,0.8150938664541835
P04299,Excellent,Excellent,1.2651669883174715e-05,0.00023583438401239372,0.05278073436310766,0.9469707795829967
P08153,Poor,Poor,0.9586793467447545,0.04128497694519459,3.492155382647799e-05,7.54756224489094e-07
P03394,Average,Poor,0.6340715225168716,0.3650905389990118,0.0008300161013051687,7.922382811474294e-06
P06423,Excellent,Excellent,9.135928387571816e-06,0.0002199191711529702,0.040388632499504536,0.9593823124009548
P09403,Excellent,Excellent,5.441989892455318e-05,0.005956695436510941,0.3608246418169043,0.6331642428476603
P07085,Poor,Poor,0.964762468844903,0.03523172361124093,5.598356499964228e-06,2.0918735583169124e-07
P03252,Excellent,Excellent,9.135128402010546e-06,0.0002198884159561317,0.04038417606854621,0.9593868003870957
P02593,Excellent,Excellent,3.235244610862917e-05,0.0042360759905488085,0.35564994039816933,0.6400816311651731
P02502,Excellent,Good,0.0006008255110495687,0.11312218417636967,0.8140983126842086,0.07217867762837213
P02105,Good,Good,0.0014135383423463826,0.23963466514933945,0.7503217773759036,0.008630019132410514
P09457,Good,Good,0.00014861101860129592,0.03039702061790065,0.7430997560788065,0.22635461228469164
P06121,Poor,Poor,0.960075171071698,0.03991738735262332,7.200848500761996e-06,2.4072717785050916e-07
P00533,Excellent,Excellent,1.0394117493551962e-05,0.00027087122880002033,0.046869181633057255,0.9528495530206491
P04797,Poor,Poor,0.5507210597146807,0.4456067572279698,0.0036438136868215186,2.8369370528129567e-05
P04089,Excellent,Excellent,9.904528029696728e-06,0.00025097277525872107,0.04440272214881563,0.955336400547896
P02477,Good,Good,0.0020432458978792843,0.1706980686103824,0.714466205853768,0.11279247963797016
P00145,Average,Good,0.00026835934349784824,0.041708425568390786,0.7404995483135102,0.21752366677460117
P09671,Good,Average,0.01751913427737455,0.6020769669259882,0.37928007455151985,0.0011238242451174195
P07469,Excellent,Excellent,6.004850164510422e-06,0.00029795470397870976,0.05841546257813963,0.9412805778677172
P01424,Excellent,Excellent,9.167713880169616e-06,0.00022122302555339357,0.040556662018916494,0.9592129472416498
P07538,Good,Good,0.0005193961795054902,0.13197892378268755,0.7712864227390644,0.09621525729874256
P03869,Poor,Poor,0.863756990588251,0.13598273888771353,0.00025756416234325316,2.706361692045203e-06
P02631,Poor,Poor,0.9632222059690908,0.036770353027570715,6.653342407515121e-06,7.876609308889719e-07
P08066,Excellent,Excellent,2.9788679562895254e-06,0.00017369912198512809,0.04943505404456333,0.9503882679654952
P01705,Poor,Poor,0.9560903262098884,0.04387017239252924,3.870381169553441e-05,7.975858866758843e-07
P03711,Good,Good,0.000676538032803372,0.05464624749241424,0.6257401007128796,0.31893711376190276
P03797,Poor,Poor,0.9650921378098425,0.03490109599709767,6.017222663538515e-06,7.489703962693116e-07
P07082,Poor,Poor,0.9660118043090162,0.03398043385993716,7.052444003347855e-06,7.093870431311983e-07
P03803,Good,Good,0.00023465003049364576,0.08324953014844638,0.7911445495925679,0.125371270228492
P02320,Poor,Poor,0.5874614938774454,0.41026579714486755,0.002264130256157155,8.578721529799329e-06
P06102,Excellent,Good,3.343451040554274e-05,0.009536434448789636,0.5096056660636741,0.48082446497713066
P05215,Good,Good,0.0027287263142701016,0.44572545126109275,0.5463965715291035,0.005149250895533655
P03643,Average,Good,0.00024824450376042,0.058445682881939034,0.7724147106463499,0.1688913619679505
P02468,Excellent,Excellent,2.6721075946025002e-05,0.001475354131748541,0.15019917034685298,0.8482987544454523
P09981,Excellent,Excellent,1.0768734639206143e-05,0.00016890320834859462,0.041212295260315085,0.958608032796697
P09544,Excellent,Good,0.00014183779755506647,0.024380818599928133,0.6618974022368109,0.313579941365706
P06372,Poor,Poor,0.8717389569264784,0.12818044904499984,7.967814402198218e-05,9.158844997691444e-07
P08887,Excellent,Excellent,1.4521799683264012e-05,0.0005302273251772816,0.07341700304370853,0.926038247831431
P00168,Average,Average,0.009467386198525204,0.4961061808187768,0.4917981343378964,0.002628298644801554
P09558,Good,Average,0.010836968484603622,0.5746086362476851,0.4128891036946191,0.0016652915730922364
P01035,Excellent,Excellent,6.59357427356336e-06,0.0003488156965078322,0.06597012387328945,0.9336744668559291
P00270,Poor,Poor,0.9655116489088417,0.03448037602772983,7.2551408180218186e-06,7.199226105838732e-07
P02495,Poor,Poor,0.9617885911476776,0.038203426293977646,7.164866612992506e-06,8.176917318826518e-07
P03746,Excellent,Excellent,6.793252370459062e-06,0.0003664059400720382,0.06827166057521694,0.9313551402323406
P05724,Excellent,Excellent,5.069232580295027e-06,0.0002261471376917416,0.047420799301263285,0.9523479843284646
P00008,Poor,Poor,0.9623819925947127,0.0375875765865384,2.9730795326810844e-05,7.00023422003458e-07
P09638,Average,Average,0.24079638541921894,0.7448608691477356,0.014293732764561147,4.9012668484414705e-05
P05582,Average,Average,0.017397988512436888,0.5611466281677606,0.41890754125033286,0.0025478420694695705
P09503,Good,Excellent,7.052078749176713e-05,0.005166768587139723,0.37073580586877053,0.624026904756598
P01655,Good,Good,0.0004860505607081722,0.08907304531200019,0.7851240397056838,0.12531686442160786
P06716,Good,Good,0.00481288469341229,0.45298426966528754,0.5387276659730005,0.0034751796682997473
P05130,Poor,Poor,0.8992193492689906,0.10071906502836322,5.942377167231573e-05,2.161930973939754e-06
P01988,Good,Good,0.001927074941224357,0.2204230823516253,0.7116112338232331,0.06603860888391724
P05794,Excellent,Good,9.472457367027037e-05,0.012292280095266795,0.5866922822252528,0.4009207131058101
P01434,Poor,Poor,0.9647900034584498,0.035204198178092144,5.589359676814734e-06,2.0900378123043686e-07
P06614,Excellent,Excellent,1.1542524795728344e-05,0.0019674203972707555,0.23256745553443287,0.7654535815435006
P01233,Excellent,Excellent,1.1194310642818714e-05,0.0001827869305882727,0.043648084399133896,0.956157934359635
P01994,Excellent,Excellent,1.222190697956726e-05,0.0023800019238894733,0.2579407024826051,0.7396670736865258
P08435,Poor,Poor,0.9532710279794853,0.04668508747687335,4.3045216253010343e-05,8.393273883531313e-07
P06365,Average,Average,0.3330492843389408,0.6489142807727316,0.017994615083373095,4.181980495439657e-05
P06929,Poor,Poor,0.8962822518494623,0.10366637219345108,4.9199322327681806e-05,2.176634758870944e-06
P01956,Good,Good,0.005428085256486876,0.29378650696816844,0.6728232178405666,0.02796218993477802
P09298,Excellent,Excellent,1.1986658450424488e-05,0.0021930246754123368,0.2613424125279812,0.7364525761381561
P05406,Excellent,Excellent,9.132284189789069e-06,0.00021977319271791705,0.04036928513465213,0.9594018093884402
P02656,Good,Good,0.00026123091544368385,0.03655410808421711,0.6918020218388026,0.2713826391615366
P04084,Excellent,Good,0.00022738715463910405,0.04733805660885172,0.7753986141277394,0.17703594210876966
P00941,Average,Average,0.041274167257460734,0.7919789769575435,0.16650920587776433,0.00023764990723146038
P07380,Good,Average,0.1351966173917079,0.8495046504842073,0.015216456529188335,8.227559489653055e-05
P05310,Poor,Average,0.2633529231302928,0.7107069517024475,0.025882479258478027,5.764590878166684e-05
P08851,Good,Good,0.003118579111039651,0.2559324280647586,0.7186292464382446,0.022319746385957226
P09336,Good,Good,0.0001507197232704055,0.03942963494907075,0.7379768448762766,0.22244280045138223
P05090,Good,Good,0.0008081899114126663,0.07990076752156053,0.7070969414004092,0.2121941011666176
P04796,Poor,Poor,0.8793279041926542,0.12060894724991014,6.0462708138801326e-05,2.6858492970540375e-06
P01323,Average,Average,0.14631577576243815,0.7973534585294864,0.05621880632403891,0.0001119593840366332
P09700,Average,Average,0.016918274771323755,0.6069980980420843,0.373622009777613,0.0024616174089788965
P02841,Average,Good,0.007102896518931828,0.45791140238576716,0.5318205504684735,0.0031651506268275493
P00704,Poor,Poor,0.9436773746380175,0.05630255850907995,1.8883863841896085e-05,1.182989060838126e-06
P08244,Poor,Poor,0.949024350748901,0.05092481290971698,4.993149821244219e-05,9.048431695686163e-07
P05395,Excellent,Excellent,4.765989383372192e-06,0.0002039939692173417,0.04374213631554604,0.9560491037258532
P07030,Poor,Poor,0.9644972022494087,0.03549690154596354,5.68524725969265e-06,2.1095736797312638e-07
P08076,Average,Average,0.10012745815264089,0.7867114008662796,0.11277159122400575,0.000389549757073874
P01626,Good,Good,0.0030976842310453264,0.19444948211226912,0.728887176850837,0.07356565680584846
P07275,Good,Good,0.001485162801949897,0.21784836998875415,0.7602990663625255,0.020367400846770488
P03438,Average,Average,0.021215385498555367,0.6652753244101255,0.31149066198587666,0.0020186281054425394
P06848,Average,Average,0.02378787661969529,0.6940190001799865,0.2815696691647974,0.0006234540355207487
P08742,Excellent,Excellent,3.336821610544303e-05,0.0017621284410080386,0.21234099278562368,0.7858635105572629
P08817,Excellent,Excellent,4.250713013786692e-06,0.00032632458169473504,0.07281456682795975,0.9268548578773318
P07664,Good,Excellent,0.00030666050931428193,0.012486346847540557,0.38347342230681386,0.6037335703363313
P06352,Average,Poor,0.8156250497835428,0.18389731009727292,0.0004749263708182813,2.713748366129065e-06
P01255,Excellent,Excellent,1.5201645143163266e-05,0.0014736445334426198,0.19792694174311665,0.8005842120782976
P00450,Average,Average,0.12039117296772256,0.8334957896576712,0.04601957615815589,9.346121645006797e-05
P00294,Good,Good,0.00020176223228411184,0.06368974652722002,0.7424904645721567,0.1936180266683392
P05599,Average,Average,0.1804073338219544,0.8009054576298166,0.01865905690124077,2.815164698828882e-05
P09346,Average,Average,0.12625299871034312,0.6738296294360855,0.19921407462275229,0.0007032972308190795
P07430,Excellent,Excellent,2.0871133680757325e-05,0.0008591921633394755,0.10580404702760371,0.8933158896753761
P08143,Good,Average,0.02491907248077759,0.6688101397755896,0.3054888143477553,0.0007819733958775743
P08147,Average,Average,0.39088817301552065,0.5940455368720177,0.015026459665545807,3.983044691598628e-05
P01599,Average,Average,0.02407635283014568,0.6897578891733064,0.2854058459394922,0.0007599120570557232
P09623,Good,Good,0.0002495381341526507,0.05539984260966798,0.815162476988689,0.12918814226749029
P04228,Good,Excellent,0.00021206491404660328,0.011991667183255322,0.41597811290672854,0.5718181549959696
P03069,Average,Good,0.004903895248635778,0.4842553654905521,0.5075159139304282,0.0033248253303838965
P04637,Average,Average,0.18108539070842317,0.8028744724318313,0.016012775763546212,2.736109619922844e-05
P07379,Poor,Poor,0.9661044226427673,0.03388916259479927,5.686776179920395e-06,7.279862534014033e-07
P00528,Poor,Poor,0.6925032559129733,0.3026777288636148,0.004793277751957276,2.573747145455405e-05
P09821,Excellent,Excellent,9.267644273342595e-06,0.00022517431733680944,0.04107750642767451,0.9586880516107152
P08430,Poor,Poor,0.9638576964771111,0.03613359728683918,7.951272538224136e-06,7.549635115814906e-07
P00111,Average,Average,0.42704573339009655,0.5707553715888314,0.0021933138118956945,5.5812091764805365e-06
P03665,Excellent,Excellent,8.188659300454704e-06,0.000987169658678375,0.158456894701872,0.8405477469801491
P01672,Poor,Poor,0.9204882834673459,0.07948253669409755,2.7415926481853893e-05,1.7639120745209557e-06
P00206,Poor,Poor,0.9639596789496677,0.03603317141466084,6.3750683210569925e-06,7.745673505163811e-07
P08210,Excellent,Excellent,3.3419909585241935e-06,0.00021329793014197935,0.0564896318555926,0.943293728223307
P07954,Good,Excellent,8.69914572307296e-06,0.0005499612591790989,0.08208573865918095,0.9173556009359168
P00742,Excellent,Excellent,6.465325364949557e-06,0.0003398160716411427,0.06518263635044227,0.9344710822525516
P04468,Poor,Poor,0.9646511620459038,0.035342993392364505,5.634632667249881e-06,2.0992906442235913e-07
P08664,Excellent,Excellent,4.690839027681836e-06,0.00019861642291931088,0.04277931092850159,0.9570173818095514
P03309,Average,Average,0.014240611522719564,0.5698617185218752,0.41341001502846225,0.0024876549269430073
P01551,Good,Good,0.0007241121017093055,0.11398165911843865,0.7891593071211023,0.09613492165874979
P03481,Good,Good,0.00025327104618982975,0.06397365026187722,0.8363499070014977,0.09942317169043516
P04891,Poor,Poor,0.9659779917433298,0.03401555003372022,5.727608797757088e-06,7.306141520761628e-07
P08884,Average,Good,0.005233553314325598,0.35917950111722297,0.6180277296661415,0.01755921590230979
P00333,Excellent,Excellent,4.662993078018937e-06,0.00019669375761849125,0.042506509799039076,0.9572921334502644
P00603,Average,Average,0.031117529892416673,0.6627277920034831,0.305656713065437,0.0004979650386631467
P06018,Good,Good,0.000721123028128934,0.12466241278960283,0.7262745020820078,0.14834196210026043
P01102,Good,Excellent,2.0192050880522156e-05,0.0006269458999884619,0.10723275326222846,0.8921201087869025
P03704,Poor,Poor,0.9145513013447012,0.08541316309268482,3.4948228384797326e-05,5.873342291594087e-07
P02281,Excellent,Excellent,1.2361088895755836e-05,0.00022312948205552448,0.05046347990247022,0.9493010295265786
P03473,Average,Average,0.028035599977087274,0.6660937013733642,0.3052420222594831,0.0006286763900654562
P07551,Poor,Poor,0.9439749887038436,0.05596505267369591,5.899881552084923e-05,9.598069396482087e-07
P07681,Good,Average,0.04378601552719123,0.6474056197445279,0.30770671871559896,0.001101646012681899
P08514,Excellent,Good,6.301381790847508e-05,0.02966123514334009,0.7440231653044099,0.2262525857343415
P04972,Poor,Poor,0.962505595295324,0.0374641431475189,2.956334631108108e-05,6.982108460857553e-07
P00031,Average,Average,0.4723731445134631,0.5257234501740421,0.0018927307460746515,1.0674566420296066e-05
P08074,Poor,Poor,0.9372566665922932,0.06272496192910415,1.7972049789705717e-05,3.994288128964797e-07
P09408,Excellent,Excellent,9.336890061267422e-06,0.00022800256335218108,0.04144054019702608,0.9583221203495604
P08251,Good,Good,8.800039277968436e-05,0.03378325677789494,0.7167424021345439,0.24938634069478158
P00163,Poor,Poor,0.9307423930253341,0.06923622747766581,2.0930707017855507e-05,4.4878998208016354e-07
P02185,Poor,Poor,0.9433886806515194,0.056551099834656005,5.919901180873866e-05,1.0205020157990363e-06
P03005,Poor,Poor,0.9538750720770343,0.04611120896346998,1.275445277746196e-05,9.645067182667422e-07
P03365,Good,Excellent,1.3712154876418519e-05,0.0012178461650456179,0.1691365518000545,0.8296318898800235
P04581,Good,Average,0.024980329903013652,0.7012269333668805,0.2718192493729669,0.0019734873571390825
P02813,Excellent,Excellent,4.963087697360031e-06,0.00021818683319083635,0.04607233539115463,0.9537045146879572
P07091,Average,Average,0.1516437705927019,0.7982444233733512,0.04991859881864784,0.0001932072152991868
P05899,Excellent,Excellent,4.730971097772546e-06,0.0002014677712505965,0.04326197708000286,0.9565318241776487
P00474,Poor,Poor,0.6124415587822601,0.38680260279063006,0.0007525670890640285,3.2713380458319005e-06
P04697,Excellent,Excellent,4.768773882462674e-06,0.00020413521872036922,0.04375135742395474,0.9560397385834425
P06864,Poor,Poor,0.9077040948005457,0.09224701525559176,4.693025970142756e-05,1.9596841612087967e-06
P05248,Good,Good,0.0010311929842270228,0.19162844272127982,0.7540258118028507,0.053314552491642596
P03920,Poor,Poor,0.799238307995687,0.2002245382549155,0.0005338697877310732,3.283961666547305e-06
P07436,Excellent,Excellent,2.774832232305231e-06,0.00015336072244250177,0.04540607581652573,0.9544377886287996
P02698,Average,Average,0.1145540970203817,0.7733747319348899,0.11177128049231949,0.0002998905524089085
P00985,Average,Good,0.002683497515049496,0.3403423758871008,0.6394756034255296,0.01749852317232014
P05767,Excellent,Excellent,1.0885886340792971e-05,0.00017280460066467244,0.04192858225834929,0.9578877272546453
P06604,Poor,Poor,0.8870038483669783,0.11293655202433067,5.875575204257218e-05,8.438566484197812e-07
P06074,Excellent,Excellent,1.5200844509058088e-05,0.0005034738122056715,0.07222376261305766,0.9272575627302275
P05713,Good,Good,0.0001188333746229219,0.025410288454656406,0.6026394540830532,0.37183142408766745
P05659,Good,Average,0.13591427503795409,0.8034677242315175,0.06040272814642965,0.00021527258409877978
P06981,Good,Good,0.0036515359819999046,0.42669209698243216,0.5667637907494784,0.002892576286089732
P02197,Average,Good,0.001956847848343463,0.24118849213276475,0.7441593695829515,0.012695290435940238
P09213,Good,Good,0.0024593628868589956,0.3061871619511601,0.6822661998680954,0.009087275293885434
P00174,Good,Average,0.04448128963417078,0.7710015268346498,0.18394274832848975,0.0005744352026896216
P02119,Excellent,Excellent,4.724549620043887e-06,0.00020100780018672914,0.04318647422719805,0.9566077934229952
P04185,Good,Good,6.750806130104661e-05,0.019013847398808386,0.6056213614021787,0.37529728313771177
P03405,Excellent,Excellent,6.256701156152353e-06,0.000320716680783012,0.060276796235203836,0.9393962303828569
P03612,Poor,Poor,0.8128389601312414,0.1867023070438345,0.00045529139628806587,3.4414286363493256e-06
P07992,Average,Average,0.023133270544428187,0.7255048018917012,0.2508021127417972,0.0005598148220734973
P01444,Poor,Poor,0.7016968992861874,0.2972624453327989,0.0010284468399211276,1.220854109269645e-05
P03357,Poor,Poor,0.8905238150337706,0.10941759574671814,5.782900112186865e-05,7.602183892751533e-07
P04642,Excellent,Excellent,1.3277375151690735e-05,0.0002530489211645955,0.05506337668492399,0.9446702970187597
P01902,Good,Excellent,5.2519428789542525e-05,0.004720645254142306,0.40071573790423953,0.5945110974128286
P09458,Poor,Poor,0.835955527036855,0.1638800196061441,0.0001608090032507719,3.644353750120847e-06
P06286,Average,Poor,0.9389892241756055,0.06099251018020026,1.6946080738895082e-05,1.3195634555355587e-06
P06442,Average,Average,0.158001932177948,0.8055736871385623,0.03634917620026268,7.52044832271985e-05
P09573,Average,Average,0.1148337803111926,0.8361248909688981,0.04894615406975156,9.517465015769537e-05
P04162,Good,Good,0.00030437301472284066,0.08795068273587642,0.7652979484738637,0.14644699577553694
P06869,Average,Average,0.037727004744884274,0.7841314570678041,0.17750043369285706,0.0006411044944544871
P05531,Poor,Average,0.1849154799573349,0.8007157177861872,0.01433848892484375,3.031333163416507e-05
P08470,Good,Average,0.03221466468338161,0.6904220246973619,0.276356339133379,0.0010069714858773828
P03077,Average,Average,0.14697882752488695,0.8166578554116471,0.03628930154881777,7.401551464827112e-05
P09561,Excellent,Excellent,1.07634154460582e-05,0.00016872815559325157,0.04118045941343621,0.9586400490155246
P01305,Average,Average,0.013614902646609648,0.5613731131298298,0.4231218352018104,0.0018901490217501265
P02831,Poor,Poor,0.9612541263070847,0.0387138823465531,3.127457418194021e-05,7.167721800407267e-07
P06790,Average,Average,0.12772640896512982,0.845275207725924,0.026918929406156474,7.945390278980068e-05
P00218,Poor,Poor,0.9639246334959111,0.03606819095209627,6.401576379883264e-06,7.739756127132697e-07
P08209,Average,Good,0.00018733481640520548,0.06679185173332942,0.7811398717270912,0.15188094172317426
P04153,Excellent,Good,0.002053997537123778,0.15707360486623229,0.704555467052146,0.13631693054449792
P00041,Excellent,Excellent,5.689214044704475e-06,0.0002730702695568936,0.0548917626751006,0.9448294778412978
P06632,Excellent,Good,0.00017961626883477682,0.015642423173250274,0.5180753874599998,0.4661025730979152
P02713,Poor,Poor,0.9464244682635244,0.053561205230578904,1.3163909227286476e-05,1.1625966695024726e-06
P02563,Average,Poor,0.8386596711357138,0.16118806026998778,0.00014858946848462866,3.679125813893482e-06
P05276,Average,Average,0.009375918090906986,0.5297926648304646,0.45792640599400547,0.0029050110846230402
P03563,Average,Average,0.06474465272646426,0.8214188918226167,0.11364504438872959,0.0001914110621893304
P00932,Excellent,Excellent,5.161716071863474e-06,0.00023295651242467546,0.04815273558288111,0.9516091461886225
P04669,Average,Average,0.05124711747768149,0.7270518837574453,0.22132189651775508,0.00037910224711819595
P07222,Good,Good,0.000602864011160067,0.16330203985736239,0.7732441455489724,0.06285095058250516
P06726,Average,Average,0.21752235262683162,0.7682819094087181,0.014174319703852904,2.1418260597397378e-05
P09086,Good,Good,0.003178547810754252,0.2877681257518882,0.6895207856428117,0.019532540794545857
P07420,Good,Good,0.0024327822087942537,0.1558526035399879,0.6825962350727849,0.1591183791784329
P08136,Excellent,Excellent,2.1903531597091132e-05,0.0009022445692498704,0.10864835548527958,0.8904274964138735
P06234,Poor,Poor,0.9620196207384403,0.0379494522100767,3.022152479242898e-05,7.055266905282743e-07
P04942,Good,Average,0.0389388233633194,0.7860353064485252,0.1744647536501972,0.0005611165379584219
P08463,Poor,Poor,0.9592041846628727,0.04078691299715385,8.026081625070595e-06,8.762583483918951e-07
P02481,Average,Average,0.08162192760222892,0.6574579731069118,0.25986467475099156,0.0010554245398676366
P08432,Poor,Poor,0.8496227404389253,0.1502690644061268,0.00010497055355067689,3.224601396971162e-06
P08990,Average,Average,0.037087177296875905,0.7308965776493924,0.23116878744207103,0.0008474576116606498
P03017,Good,Good,0.0008421086685848908,0.1868967517076939,0.7680460400713822,0.044215099552339016
P07187,Poor,Average,0.3177531224175483,0.6718439294696581,0.010384182543508586,1.876556928504337e-05
P07574,Good,Good,6.299741208708857e-05,0.02053408088202695,0.655074412164081,0.324328509541805
P00047,Average,Average,0.27793084193554624,0.6993384198326215,0.022676758970689586,5.3979261142545616e-05
P05880,Average,Average,0.25753016340134466,0.7370402936024467,0.005404522280704174,2.5020715504482127e-05
P09865,Excellent,Excellent,1.0835550269890574e-05,0.00017109373633341908,0.04161222021940445,0.9582058504939922
P05021,Excellent,Excellent,1.5438311281691585e-05,0.003908248218347498,0.2999610236027835,0.6961152898675873
P04482,Poor,Poor,0.6849329628976869,0.31465414004983533,0.0004051015901843095,7.795462293521224e-06
P00682,Poor,Average,0.14702368148048456,0.8309948495632975,0.021952143620267886,2.932533594995747e-05
P09497,Excellent,Good,4.554552972190842e-05,0.017632865297694093,0.6299686074206212,0.35235298175196283
P09072,Poor,Poor,0.944860596429387,0.055123971172206895,1.4239691329050647e-05,1.192707076899945e-06
P02806,Excellent,Excellent,3.714775105745239e-05,0.002550310130588287,0.22032483221653665,0.7770877099018176
P07383,Excellent,Excellent,9.170992637999435e-06,0.00022130031468504206,0.040570495713825774,0.9591990329788511
P02908,Excellent,Good,0.0001645281133479714,0.01554283109797551,0.5409033419381523,0.44338929885052414
P07711,Average,Good,0.0017503547566794,0.19212674044463304,0.772486927610138,0.03363597718854958
P09922,Poor,Poor,0.9258742863257066,0.07402884376216762,9.56525501431961e-05,1.2173619826231851e-06
P08449,Excellent,Excellent,9.651334623579418e-06,0.0002407117659096296,0.043081330439410294,0.9566683064600566
P00443,Excellent,Excellent,5.187785482739913e-06,0.0004481397027267555,0.08615633984673089,0.9133903326650595
P03088,Good,Good,0.0012806512224411545,0.08447532942149881,0.6657638522421098,0.24848016711395024
P02709,Average,Average,0.14554049863291965,0.8422156713595317,0.012205445325008411,3.838468254021596e-05
P06546,Excellent,Excellent,1.412877060500651e-05,0.00029876011367874325,0.06286827388057079,0.9368188372351455
P04898,Poor,Poor,0.828638221243831,0.17122734922607433,0.00013312534654120754,1.3041835534330304e-06
P06948,Good,Average,0.014243374388215727,0.5457244044914181,0.43512103515108524,0.0049111859692808485
P05424,Average,Average,0.17644854132318089,0.7305661239289719,0.09264383294014569,0.0003415018077014481
P02454,Poor,Poor,0.7545606326388407,0.24508023394746203,0.0003572071401339152,1.9262735633024594e-06
P06792,Average,Average,0.19824549275154732,0.7620548693407166,0.039636824608284216,6.281329945168251e-05
P06153,Average,Average,0.109439636466366,0.8324032991949214,0.05796703323846002,0.00019003110025262175
P02372,Average,Average,0.20323190958272108,0.7882141380021349,0.008516312932987002,3.7639482156896125e-05
P07571,Average,Poor,0.555064832495459,0.4427774474150815,0.002142592321127891,1.5127768331510739e-05
P05107,Excellent,Excellent,1.0069363071230376e-05,0.0002577754710878333,0.04526773739073754,0.9544644177751035
P00166,Good,Good,0.002108777838736281,0.3750374740258534,0.6116738415061941,0.011179906629216174
P03163,Excellent,Excellent,3.346467401749326e-06,0.0002073549547460456,0.05571964467388101,0.9440696539039711
P09330,Excellent,Excellent,4.054308180435885e-05,0.003093257873465648,0.3103478611838817,0.6865183378608483
P05280,Good,Good,0.00035515297119110124,0.06514592796792103,0.7614407155949154,0.17305820346597242
P00088,Good,Average,0.008540818953310035,0.5335503340787918,0.4548375524984631,0.0030712944694351115
P01845,Poor,Poor,0.9346552975982995,0.06531906351793215,2.429735170744503e-05,1.341532061005678e-06
P00826,Poor,Poor,0.9075840116295308,0.09236320415087686,5.0813935783656994e-05,1.970283808661597e-06
P00127,Average,Average,0.15311154473683908,0.8264323583152835,0.02039906393983133,5.7033008046127926e-05
P07089,Excellent,Good,0.00015666004999559732,0.03923510843348495,0.7464604008467975,0.21414783066972196
P05758,Average,Poor,0.689358351384137,0.3100356889727456,0.0005991794359801768,6.7802071371826346e-06
P04304,Poor,Average,0.20585119823906384,0.7653350280178763,0.02875867277091548,5.510097214450142e-05
P03300,Good,Good,0.00020216440735655703,0.05561956409918163,0.7273994188790747,0.2167788526143871
P02361,Good,Average,0.054881916102866427,0.7577555419607407,0.18655909157536865,0.0008034503610242529
P09173,Average,Average,0.12323223313628244,0.739851565411201,0.13631605430859806,0.0006001471439187004
P03991,Good,Average,0.008429654715689409,0.7111124421939066,0.2781489109385152,0.0023089921518888775
P02906,Good,Good,0.00033203968452667873,0.09945301040144938,0.8247322732382556,0.0754826766757683
P07050,Excellent,Excellent,1.70915935643183e-05,0.0006255895241978325,0.08476106875752643,0.9145962501247115
P05487,Excellent,Excellent,4.3153036342320285e-05,0.004046918548599395,0.29000313099529146,0.7059067974197668
P00838,Excellent,Excellent,5.028496860294589e-06,0.00022304486966346756,0.046870102830018065,0.9529018238034582
P00610,Average,Average,0.1768524209422691,0.7732247399121368,0.04979303375278312,0.00012980539281099346
P07727,Excellent,Excellent,2.712628875907821e-06,0.00014743099681074437,0.04423587535541263,0.9556139810189007
P09769,Poor,Poor,0.9553702229672408,0.04461714917504536,1.1677257199725153e-05,9.50600514153201e-07
P03925,Poor,Poor,0.9590009276673461,0.04096390409303046,3.4415438736223534e-05,7.528008871339552e-07
P08273,Good,Good,0.0006560766468124789,0.11078125606285777,0.8156564532915187,0.07290621399881102
P06589,Excellent,Excellent,1.2764812382640034e-05,0.00024155530302730498,0.05380338406524538,0.9459422958193446
P03786,Average,Average,0.03780777049469759,0.7793420531201289,0.1824075603643227,0.0004426160208506637
P05609,Poor,Poor,0.9538540583783324,0.046103219561756864,4.1874281814566806e-05,8.477780962359713e-07
P05537,Poor,Poor,0.9645894968446928,0.0354046377839609,5.65502756830561e-06,2.1034377822810244e-07
P02435,Excellent,Excellent,4.649288661163629e-06,0.00019573090180056966,0.04234318465220091,0.9574564351573375
P00377,Good,Good,0.00240620041206718,0.40508027959343074,0.5844545655548091,0.008058954439692876
P02334,Excellent,Good,0.00017190196371469078,0.04149952562141084,0.7605858264179397,0.19774274599693484
P06789,Excellent,Excellent,0.00016962199293295822,0.010110642765809273,0.44135958033539124,0.5483601549058666
P05562,Poor,Poor,0.782306086855453,0.21712991989494015,0.0005587790962840048,5.214153322805219e-06
P01488,Excellent,Good,0.00020179811156589164,0.05418265031684284,0.826005310992194,0.11961024057939733
P04238,Excellent,Excellent,1.0874905534072034e-05,0.00017235751754431645,0.04183770638794599,0.9579790611889757
P04776,Poor,Poor,0.8035796823245818,0.19624113671282398,0.00017500661084970365,4.17435174466772e-06
P01120,Average,Average,0.18044237357593368,0.8044879020642357,0.01504722776835193,2.2496591478664864e-05
P09463,Average,Poor,0.8568399251701933,0.14306702581981848,8.997154887366676e-05,3.0774611145002512e-06
P02398,Excellent,Excellent,3.7330588722446394e-06,0.0002523492295599645,0.0636991456712534,0.9360447720403143
P03921,Excellent,Excellent,1.6900946288357044e-05,0.0006608915841330537,0.08696877962086694,0.9123534278487117
P08819,Average,Average,0.0949897865403443,0.826444541583016,0.07826024881623798,0.00030542306040188703
P07861,Average,Good,0.007145672494771895,0.48753627010615463,0.5033027513213306,0.0020153060777428843
P06387,Poor,Poor,0.6967434165572977,0.302567715034197,0.0006806389366591485,8.2294718462141e-06
P00743,Excellent,Excellent,1.2366606488242763e-05,0.00022627245699237113,0.051334938430361146,0.9484264225061583
P09203,Good,Good,0.005177836047339144,0.43588742646849793,0.5542933095645427,0.0046414279196202975
P08534,Poor,Poor,0.6063619475520181,0.3928373364044678,0.0007973418294172509,3.3742140967742056e-06
P07738,Average,Average,0.008121547034291639,0.5520359677349592,0.4377334076126727,0.0021090776180764754
P03811,Average,Poor,0.9046736870069079,0.09528175311464818,4.2576656469627004e-05,1.9832219741001093e-06
P04622,Good,Good,7.242110466906639e-05,0.021766817733287296,0.649410634937224,0.3287501262248195
P09987,Good,Good,0.00022209796417185936,0.06297366279874535,0.85116690529902,0.08563733393806278
P02451,Average,Good,0.001284332032215056,0.1681968804241105,0.7801712436578445,0.05034754388582985
P08019,Good,Good,0.0001399282802885721,0.05318252778152008,0.7700996934093184,0.17657785052887287
P00747,Good,Good,5.516064907241792e-05,0.012259704744712097,0.520475239828786,0.46720989477742964
P07960,Poor,Poor,0.962427946555643,0.03754168928557876,2.9664469164721795e-05,6.996896133343882e-07
P02772,Poor,Poor,0.9629272800307451,0.03706363913747342,8.30878690460353e-06,7.720448771361751e-07
P01177,Poor,Poor,0.6077065409851322,0.3900114571865054,0.002256529101109529,2.5472727252894935e-05
P09129,Poor,Poor,0.7074711340961483,0.29212844783372593,0.00039382725172816806,6.590818397686524e-06
P08298,Good,Good,0.00016931755795175052,0.03730388330595083,0.7579533518773194,0.20457344725877802
P09872,Excellent,Excellent,2.713617795064185e-06,0.00014752428914075822,0.04425883556995933,0.955590926523105
P07115,Poor,Poor,0.8787697940863183,0.12116517912529591,6.412773109434959e-05,8.990572915111766e-07
P06191,Good,Good,0.0021181278567744596,0.16105671201881752,0.6978066964372454,0.13901846368716278
P04362,Average,Average,0.32432522216533965,0.6632304922084666,0.012393631638781393,5.0653987412331936e-05
P07367,Excellent,Excellent,6.437062342697368e-05,0.005345408398148351,0.39361851351121907,0.6009717074672056
P06871,Average,Average,0.12935477338694484,0.7543351606747313,0.11607740753841601,0.0002326583999078099
P09653,Good,Good,0.003791509146186895,0.2612564598717008,0.682854626127336,0.05209740485477639
P05214,Excellent,Excellent,5.231272278900845e-06,0.00023823221092021777,0.04936292705596454,0.9503936094608364
P00501,Good,Good,0.000359470678944865,0.10970057017660426,0.7771089431091529,0.11283101603529803
P02600,Poor,Poor,0.950152548752222,0.04983476809043557,1.1607093850844797e-05,1.0760634916473805e-06
P07348,Good,Good,0.0027741193119244062,0.1887607818358312,0.7078367308782728,0.1006283679739716
P01661,Poor,Poor,0.9486604635598693,0.05128887847478144,4.9686001382427415e-05,9.719639666727442e-07
P03989,Poor,Poor,0.9587815868739996,0.04121053759988766,7.626280626173661e-06,2.492454865011756e-07
P06160,Average,Good,0.006073500075655296,0.43596202998764455,0.5530629994548343,0.0049014704818658395
P03893,Good,Average,0.017198122098775977,0.6573687509862216,0.3243393084282911,0.001093818486711257
P03425,Excellent,Good,7.119404038807656e-05,0.0270121523554721,0.6498855517185669,0.323031101885573
P07957,Excellent,Good,0.00013033571505678153,0.03576797539964035,0.772229171096564,0.19187251778873887
P02415,Poor,Poor,0.9658474842924969,0.034146012342841245,5.770035365704737e-06,7.333292962791761e-07
P07721,Average,Average,0.022406107670774618,0.6201122691404435,0.35598209726182556,0.0014995259269561857
P06648,Good,Excellent,1.3724011617778065e-05,0.001199900569219201,0.1389972321793449,0.859789143239818
P06287,Excellent,Excellent,9.203411646263024e-06,0.0002225904697329118,0.04073953498856812,0.9590286711300527
P09992,Excellent,Good,0.000911247394313761,0.11978681979968023,0.8037145760267026,0.07558735677930353
P05224,Excellent,Excellent,4.47848086188274e-05,0.005904175399618185,0.40817052905057016,0.5858805107411929
P04718,Poor,Poor,0.9599878779379332,0.04000462646324866,7.2544008455036356e-06,2.411979725053106e-07
P03229,Excellent,Excellent,5.0441805745877815e-06,0.00022428277386782927,0.04711791942071564,0.9526527536248419
P01486,Average,Average,0.013567252733673667,0.6913988497493145,0.2927308827135387,0.002303014803473195
P06698,Poor,Poor,0.840437705059488,0.15943910973220451,0.00011989614500410885,3.289063303226845e-06
P03814,Average,Average,0.14938691367007317,0.7557580721515468,0.09462931978754618,0.00022569439083392804
P04127,Excellent,Excellent,2.1201635531974593e-05,0.000654116664084681,0.1073470170282392,0.8919776646721441
P03230,Average,Average,0.04795448795626444,0.809396792283274,0.14234868339839207,0.000300036362069623
P02195,Good,Good,3.294453551602044e-05,0.01668898926717456,0.633131669824561,0.35014639637274836
P06552,Poor,Poor,0.8762414445414212,0.12352678832294291,0.00022976931320399827,1.9978224318820314e-06
P02700,Excellent,Excellent,3.896660155288808e-06,0.0002784634397629407,0.06818437282532151,0.9315332670747603
P09718,Poor,Poor,0.9619678573562565,0.038001141870170584,3.029467440589046e-05,7.060991672270146e-07
P02143,Average,Poor,0.6068536625684227,0.39130691209886387,0.0018233638664506972,1.606146626281902e-05
P08426,Average,Average,0.006345824561786893,0.5363934568742342,0.45502031653320235,0.0022404020307765404
P09822,Good,Good,0.011806350502550961,0.481166224988413,0.49784705478162766,0.009180369727408396
P03979,Average,Average,0.0571628608023126,0.8756546171869432,0.06700446748434573,0.00017805452639858623
P02169,Excellent,Excellent,1.0405862811317677e-05,0.000275311556440428,0.04730509553550153,0.9524091870452467
P03564,Poor,Poor,0.5241885937216797,0.4701441617343414,0.005650185573228661,1.705897075025644e-05
P04799,Good,Excellent,9.15493765087374e-05,0.007609885785642368,0.39743958954808883,0.5948589752897601
P07211,Excellent,Excellent,1.0835073992132834e-05,0.0001710644413655357,0.041602626597638526,0.9582154738870038
P08215,Excellent,Excellent,5.494283125344087e-06,0.00025874614031349945,0.05264516749745744,0.9470905920791036
P07613,Excellent,Excellent,4.501262502756696e-06,0.0003433993841411806,0.07839626958273149,0.9212558297706245
P00935,Excellent,Excellent,5.3308497753999515e-05,0.004214656989668623,0.3128138289164367,0.6829182055961406
P09579,Excellent,Excellent,4.780621568443595e-06,0.0002050182399481055,0.043782751738233,0.9560074494002505
P06691,Average,Excellent,4.518535320139863e-05,0.008206597883278917,0.4417148583768093,0.5500333583867104
P02992,Good,Good,0.00022937481717174525,0.016278411163559135,0.5229234183831165,0.46056879563615266
P08038,Poor,Poor,0.9049772733259119,0.09497954597853639,4.1180212579582696e-05,2.0004829721692785e-06
P03378,Poor,Poor,0.9159959617428551,0.08397266561212896,3.079403514138138e-05,5.786098745093724e-07
P03066,Excellent,Excellent,1.4071468922465426e-05,0.0012809544274645515,0.16810600389825361,0.8305989702053593
P01159,Average,Average,0.165857440959215,0.7685186595942041,0.06547487293717914,0.00014902650940174498
P02010,Poor,Poor,0.9541796439743363,0.04581052743494133,9.547184871370433e-06,2.8140585103200214e-07
P08070,Good,Good,0.003201504899952832,0.45705520445052505,0.5323250493799487,0.007418241269573461
P09066,Excellent,Excellent,9.27754757530486e-06,0.00022557736479726602,0.041129481630911055,0.9586356634567164
P04518,Poor,Poor,0.962371986939186,0.03762138052404729,6.40729188241742e-06,2.2524488412093013e-07
P09423,Good,Good,0.001460279956626477,0.14098243828111068,0.7312353128384368,0.126321968923826
P00180,Poor,Poor,0.8853840317187508,0.11442629787028065,0.00018738797266404703,2.2824383045243074e-06
P09276,Average,Poor,0.8844894468801832,0.11530862305251122,0.00019987131271268434,2.058754593119718e-06
P02536,Good,Good,0.00034849350208272285,0.07820344723212169,0.8244600770365909,0.09698798222920482
P04308,Excellent,Excellent,4.646235847134078e-06,0.0003764197282370074,0.0810656462872876,0.9185532877486282
P07976,Excellent,Excellent,2.7892249968156366e-05,0.001120092542938613,0.15028911578081094,0.8485628994262824
P05150,Average,Good,0.0006753169530852768,0.1667587676678761,0.7897942703830023,0.04277164499603646
P00267,Poor,Average,0.2271510704223141,0.766919967823669,0.005920531943543199,8.42981047353805e-06
P04491,Poor,Poor,0.9411159047453451,0.05886763088834323,1.6089880453372988e-05,3.7448585829718794e-07
P06066,Average,Poor,0.9571336831567333,0.04285649311842105,8.908387939544006e-06,9.153369063036062e-07
P01518,Poor,Poor,0.9615971967662501,0.03837128869457474,3.080295606879111e-05,7.115831062689258e-07
P09105,Good,Excellent,2.410946682646384e-05,0.005373949279819164,0.4116876856644031,0.5829142555889512
P09356,Poor,Average,0.46342512913617373,0.5268158875958763,0.00970104924002165,5.79340279284178e-05
P05496,Poor,Poor,0.9658924433310573,0.03410106907826097,5.7551958250772875e-06,7.323948566001069e-07
P08541,Good,Good,0.004125453882350847,0.3584167691726643,0.6278707828107496,0.009586994134235112
P00473,Excellent,Excellent,2.7051983239331e-06,0.00014672093522644563,0.044091780366610184,0.9557587934998395
P07327,Good,Average,0.10162891978320904,0.6870764970199063,0.21052098761659277,0.0007735955802919476
P04268,Excellent,Good,0.0006762080655965613,0.0730507511092217,0.7616742671977141,0.1645987736274676
P05356,Average,Average,0.03576188399358493,0.74332715404814,0.22044954701546995,0.0004614149428049985
P05804,Poor,Poor,0.6062383340309175,0.3919274792100956,0.001826305975089846,7.880783897118025e-06
P00677,Good,Good,0.003769786498426149,0.38670227874587926,0.6025575754836989,0.006970359271995682
P09245,Poor,Poor,0.8199616662893113,0.1798796816445171,0.00015497534893096882,3.676717240596931e-06
P01139,Good,Average,0.09080570430653197,0.7760751531944543,0.13263956754882789,0.0004795749501858637
P03901,Average,Average,0.031464119986875705,0.662851242422851,0.3045253511231787,0.0011592864670945833
P08592,Average,Average,0.08580478576425722,0.8686015639437719,0.04548931314167867,0.0001043371502924005
P07565,Good,Good,2.9408419777735095e-05,0.00993825505023972,0.5096665409501133,0.48036579557986914
P00535,Good,Good,0.005671240938521808,0.3997341255531342,0.5859252884115745,0.008669345096769416
P07797,Excellent,Excellent,6.548397637887784e-06,0.00034660659739052887,0.06590322945164476,0.9337436155533267
P06316,Poor,Average,0.43878056791341447,0.5568456714459679,0.004362398810328498,1.136183028914271e-05
P03617,Good,Good,0.0018531371170937157,0.23944407449965285,0.7241629329125001,0.03453985547075319
P03706,Average,Average,0.07902640142483333,0.8122821451741996,0.10832498773981429,0.0003664656611527323
P05598,Excellent,Excellent,1.0060107328193301e-05,0.0002577010745815452,0.045238338879033835,0.9544938999390564
P06199,Excellent,Excellent,1.8937630434174396e-05,0.0005081570307769517,0.08875120190857604,0.9107217034302129
P07912,Excellent,Excellent,2.8366010520943706e-06,0.00015945613014426783,0.04670843987432054,0.9531292673944831
P07296,Excellent,Excellent,6.152273715763552e-05,0.004744293600411523,0.3296003126109924,0.6655938710514385
P06814,Good,Good,0.0018695589769381958,0.1987027040418737,0.7462794174479476,0.05314831953324044
P06236,Excellent,Good,0.000383868033969614,0.1046933828220116,0.7845693797411325,0.11035336940288637
P02896,Good,Good,8.58023040448899e-05,0.009828777771338382,0.49520234473932784,0.4948830751852889
P01479,Average,Good,0.000583729622874548,0.10707791079947813,0.8457575674176739,0.046580792159973315
P03519,Good,Good,0.0015561650523446882,0.13564859306003066,0.7763159728968081,0.08647926899081665
P02855,Poor,Poor,0.9641509349030329,0.03584050546748062,7.81139063602434e-06,7.482388503127062e-07
P05605,Average,Poor,0.7267291209694222,0.2726336135233962,0.0006291055888270738,8.159918354473531e-06
P03105,Poor,Poor,0.9622130601830187,0.037780271423855614,6.442069604927418e-06,2.2632352078982703e-07
P08641,Average,Average,0.05337548730624231,0.6891605340671375,0.2568257215315511,0.0006382570950691722
P03372,Average,Average,0.04169774894248379,0.7366794362379765,0.22106960948007914,0.0005532053394605794
P08474,Excellent,Excellent,5.298131573684662e-06,0.00048117184477185595,0.09647087531602536,0.9030426547076291
P02315,Average,Average,0.13458010580428362,0.820275930034195,0.045009207997899064,0.0001347561636223989
P00563,Average,Poor,0.6583936260248363,0.3408470773260863,0.0007499446758215672,9.351973255815908e-06
P00946,Good,Good,0.001016374110955746,0.08745405847864038,0.7377034687440827,0.1738260986663212
P01689,Good,Good,6.274264546309284e-05,0.023989348824135795,0.7084944341116605,0.2674534744187405
P00534,Poor,Poor,0.9345827848137261,0.06539082628086235,2.5015071971856423e-05,1.373833439827542e-06
P05998,Average,Average,0.030373423751952212,0.6434740982781392,0.3253086773535711,0.0008438006163374553
P01629,Good,Good,0.0015132995657351188,0.2847546679193451,0.6854604511717768,0.028271581343143094
P07409,Good,Good,0.00014303674481845082,0.05410859337811329,0.7648187539540842,0.18092961592298423
P09311,Excellent,Good,0.00023054512787526644,0.04368388309308214,0.785396751990851,0.17068881978819167
P07805,Average,Average,0.03730365354340078,0.7424035804733496,0.21949741803414713,0.000795347949102453
P08558,Good,Good,0.0003479122874215263,0.06252191998184777,0.8063703502902032,0.1307598174405275
P03506,Good,Average,0.31091877735343065,0.6730919037656279,0.015888450841951028,0.00010086803899032365
P06462,Average,Average,0.0824015363561365,0.8051219533760324,0.11211404437743527,0.00036246589039597084
P09631,Excellent,Excellent,5.6015424364790356e-05,0.009175533503531988,0.4423781792752044,0.5483902717968989
P09153,Good,Good,0.00017297796948153885,0.06382521316871839,0.7396799259359426,0.19632188292585762
P09141,Poor,Poor,0.8753934635712279,0.12453087590558615,7.477048391377372e-05,8.90039272061079e-07
P03784,Good,Good,0.0020177857559435424,0.1766791100653229,0.7063473898013198,0.11495571437741378
P04541,Average,Average,0.006472552276889155,0.6078876950009726,0.3841823253173115,0.001457427404826742
P07915,Excellent,Excellent,4.928406057329745e-06,0.00042164750837910334,0.08807356336636361,0.9114998607191999
P03515,Average,Average,0.14751437110342072,0.7981181374253447,0.05428973653148104,7.775493975355773e-05
P01849,Good,Excellent,0.00010450793486643427,0.007223066552180939,0.38253069514669497,0.6101417303662576
P00452,Excellent,Excellent,5.66580227933875e-05,0.0041378711429898175,0.2887347936686254,0.7070706771655914
P09504,Excellent,Excellent,5.306402883916564e-06,0.0002431148634618735,0.05009736893412951,0.9496542097995246
P06882,Excellent,Excellent,3.6269914791003664e-05,0.0039714675570602185,0.3318119001747545,0.6641803623533943
P04317,Poor,Poor,0.9273349045201682,0.07263202166402642,3.153197334486702e-05,1.5418424605590082e-06
P04420,Average,Average,0.11162518344992065,0.839576328861014,0.04865949958177318,0.00013898810729198857
P04545,Average,Average,0.1379895361301904,0.7588627838016013,0.10287024063781436,0.0002774394303938235
P06970,Good,Good,0.010963441431579778,0.4832099171969677,0.5022563497214101,0.0035702916500424324
P02326,Poor,Average,0.3824445612191919,0.6153282948764888,0.0022067568227656154,2.038708155362723e-05
P05374,Good,Good,0.00017613153650503777,0.032270110697822665,0.7445251400990989,0.2230286176665734
P03736,Excellent,Excellent,1.0763967724301517e-05,0.00016874287664550097,0.04118312859238909,0.9586373645632411
P03889,Excellent,Good,9.204476100281492e-05,0.0275306844297117,0.7485347350005682,0.22384253580871707
P01423,Average,Average,0.06570153913766089,0.8177836006322167,0.11635211845140934,0.00016274177871327297
P03197,Good,Good,0.00023777234869959272,0.05420429840804042,0.7797735285169544,0.16578440072630557
P06689,Good,Excellent,1.0516955846646464e-05,0.000764186240382988,0.1132620957856076,0.8859632010181628
P02846,Good,Average,0.006230441665799038,0.5095588165886872,0.480975959235771,0.0032347825097428294
P02448,Average,Good,0.004878412878841379,0.47354986243053426,0.5164419745120808,0.005129750178543653
P02374,Poor,Poor,0.9657526386520642,0.034240827186616016,5.798665465641433e-06,7.354958540499881e-07
P00517,Poor,Poor,0.6053163927913646,0.3932808244827437,0.0013875201713615228,1.5262554530192033e-05
P05976,Excellent,Excellent,3.8385494513389885e-05,0.0025285053929354896,0.2217004127832358,0.7757326963293153
P08543,Poor,Poor,0.9635600419887054,0.03643114988872993,8.048451750537916e-06,7.596708141247035e-07
P01161,Average,Average,0.036300080929848565,0.6596016716792416,0.30338151740613745,0.0007167299847725648
P03755,Excellent,Excellent,6.40048248450428e-06,0.000332791916528533,0.06346247137892602,0.936198336222061
P04022,Excellent,Excellent,1.2351076475430173e-05,0.00037600511937167867,0.058622316153591265,0.9409893276505618
P00827,Good,Good,0.0025518651126743308,0.2169863347155269,0.711826952015766,0.06863484815603281
P02694,Good,Good,0.0011779941464739089,0.21919734752406092,0.7429642363912057,0.03666042193825954
P09241,Excellent,Good,0.0005903360693357536,0.07045511706952497,0.7180736523799534,0.21088089448118594
P05612,Average,Average,0.1562381575786396,0.7780071414333449,0.0655924467166768,0.00016225427133869286
P08255,Excellent,Excellent,1.103149602787255e-05,0.00017766959122662303,0.04280783218891873,0.9570034667238267
P08505,Good,Excellent,1.9149847521147805e-05,0.0048503863722291155,0.3755740467338084,0.6195564170464415
P09538,Average,Average,0.16825272339533873,0.8119621161545818,0.01973980510553768,4.535534454180552e-05
P09064,Excellent,Excellent,8.895817829008152e-06,0.001181538561104583,0.17199123985253856,0.8268183257685279
P06151,Average,Average,0.03183523411452561,0.5947587128698797,0.37213583983094295,0.0012702131846516775
P02714,Excellent,Excellent,2.3699484699436845e-05,0.00320694126586796,0.3193302404172244,0.6774391188322082
P01122,Good,Good,0.004738909526943446,0.48091843261786626,0.5115676128768981,0.002775044978292128
P06502,Poor,Poor,0.8961297051933517,0.1037017932078431,0.0001666670211278537,1.8345776774321297e-06
P07144,Poor,Poor,0.9617247539065341,0.038267261189467966,7.157121035854578e-06,8.277829620031866e-07
P05766,Good,Good,0.0006716784086668638,0.06576945876528602,0.7525699775208902,0.18098888530515694
P09970,Poor,Poor,0.5385371304200134,0.46054184243718843,0.0009171243099058433,3.9028328923733065e-06
P03977,Average,Average,0.09616751578025766,0.8077544909522999,0.09575748291939383,0.0003205103480486003
P03993,Excellent,Excellent,2.8153737448046214e-06,0.00015736016363998632,0.04628096783221545,0.9535588566303997
P07849,Average,Average,0.04962304472173912,0.6092112692607956,0.33942456804968374,0.0017411179677816347
P04932,Poor,Poor,0.9656799412564078,0.03431349756132731,5.824402744035265e-06,7.367795210738928e-07
P01770,Excellent,Excellent,1.1956981675641357e-05,0.00020947687211160014,0.04835570733970515,0.9514228588065076
P04788,Excellent,Good,6.559731530025849e-05,0.020708224302923406,0.7203854797067281,0.2588406986750482
P03178,Average,Average,0.05914124005662965,0.6616767816104733,0.27826619115961626,0.000915787173280789
P05387,Poor,Average,0.14125981260042617,0.8429514712245245,0.015725361868396882,6.335430665246396e-05
P04189,Excellent,Excellent,7.481989543685269e-06,0.00042227027837604995,0.07513837706230403,0.9244318706697762
P05517,Poor,Poor,0.9586134130400628,0.04137550419077156,1.0222957554032061e-05,8.598116118712075e-07
P09265,Good,Good,0.0002573176934108458,0.04136763582094644,0.7151254736080478,0.24324957287759494
P00952,Excellent,Excellent,6.070911063650129e-06,0.0003054607239825356,0.05981141209111707,0.9398770562738368
P08208,Poor,Poor,0.8315437193541976,0.16806047912861305,0.00039296721588962983,2.834301299564433e-06
P04277,Good,Good,0.0007598436548327168,0.08374462841387588,0.7470032918563789,0.16849223607491237
P06468,Excellent,Excellent,3.242433889973623e-05,0.0019242422128812632,0.18385204621771956,0.8141912872304995
P06181,Poor,Poor,0.894380104449828,0.10544052987748295,0.00017775240388799056,1.6132688010086652e-06
P05472,Poor,Poor,0.9371584375515398,0.06276954073689396,7.091504482747707e-05,1.1066667386819047e-06
P07547,Poor,Poor,0.7178883892159,0.28168795902816035,0.0004214491707221789,2.2025852175405857e-06
P07071,Average,Average,0.011330416172875949,0.6091911913106431,0.3765779903757831,0.002900402140697741
P01873,Good,Good,0.0002996373527606803,0.04932017472647442,0.770579978572078,0.17980020934868687
P06800,Poor,Poor,0.9653722804809404,0.034621052876010756,5.923224782121221e-06,7.434182667144517e-07
P03072,Average,Poor,0.819275009701622,0.18059659540617604,0.0001271225842327849,1.2723079691075773e-06
P06771,Good,Average,0.02296476505311698,0.6362331475953626,0.33889490056895927,0.0019071867825612232
P08313,Poor,Poor,0.9611646105095887,0.03882722272891056,7.332333415892307e-06,8.344280849482664e-07
P03154,Good,Good,0.0019544086548478187,0.23066102479782208,0.731175236008139,0.03620933053919109
P01054,Poor,Poor,0.9319831487819505,0.06793367908965235,8.202497501281579e-05,1.1471533843031712e-06
P04074,Poor,Poor,0.9655059265157123,0.034486095134669444,7.2581849293458115e-06,7.20164689030419e-07
P03130,Average,Poor,0.6020747954071832,0.39450988820363353,0.0034020754259154514,1.3240963267809549e-05
P05648,Good,Good,0.00103500814907596,0.21966584373263934,0.7206104991710927,0.05868864894719218
P09551,Average,Good,0.007172349787888935,0.40853431755976366,0.5753458161517374,0.008947516500610124
P00802,Poor,Poor,0.965920639496305,0.03407288248326567,5.746232564747603e-06,7.317878645090678e-07
P03994,Excellent,Excellent,1.249664652293017e-05,0.00022968869488193197,0.051649592248382996,0.9481082224102122
P06300,Poor,Poor,0.9645888908933495,0.03540524520353709,5.653563137527223e-06,2.1033997589070282e-07
P09045,Average,Average,0.01966261034620806,0.6018562785069315,0.37665259259888195,0.0018285185479785012
P08333,Average,Average,0.09406085324875169,0.8050847100692982,0.10068145967489826,0.00017297700705200099
P06467,Poor,Poor,0.9503788527789897,0.04960827542159162,1.181272876257778e-05,1.0590706561907285e-06
P01094,Poor,Average,0.2460566961660398,0.7397028417199437,0.014219325011108796,2.1137102907494705e-05
P09636,Average,Average,0.10042395531159484,0.8023380978130611,0.09698776077329652,0.00025018610204738086
P02627,Good,Good,8.250904860976235e-05,0.01740986685234433,0.6422488362331099,0.3402587878659359
P07483,Good,Excellent,2.1349917081821892e-05,0.0006767513361179282,0.11069126513606517,0.8886106336107351
P01965,Good,Good,7.858542572678012e-05,0.01477474839344142,0.5223284240468606,0.4628182421339712
P03996,Excellent,Excellent,9.360831234436397e-06,0.00022889710953965048,0.0415573016847461,0.9582044403744798
P08922,Average,Average,0.013536608493420893,0.5838429540774026,0.40074102310226345,0.0018794143269131479
P04829,Average,Poor,0.7988921998079642,0.20091089062025888,0.00019539538084017196,1.5141909366852014e-06
P02607,Excellent,Excellent,1.7337258821655324e-05,0.000629278976463953,0.08535125175210516,0.9140021320126092
P02509,Good,Excellent,3.4593686824738e-05,0.0015260712219891492,0.1774196026583806,0.8210197324328055
P00661,Poor,Poor,0.9659890359597323,0.03400319246583344,7.061703599550641e-06,7.098708349526441e-07
P07761,Excellent,Excellent,3.9930592003151435e-05,0.0025530374333128454,0.2141619073274474,0.7832451246472365
P06844,Excellent,Excellent,2.707824524113023e-06,0.00014697137002633355,0.044144171916573445,0.9557061488888762
P04631,Good,Average,0.014899503366475627,0.5850111460597612,0.39841766244118393,0.0016716881325793446
P06026,Poor,Poor,0.9570472758517479,0.04291461323421233,3.7332735499599716e-05,7.781785404027598e-07
P09240,Excellent,Good,0.0006452992260366018,0.06035984288372848,0.7124297598555754,0.22656509803465946
P00293,Poor,Poor,0.8054852340717426,0.19399137016445805,0.0005205434585764148,2.852305223038402e-06
P08131,Good,Excellent,6.927180370280374e-05,0.0046947405017176876,0.3624906046471529,0.6327453830474266
P08216,Poor,Poor,0.9650144967130597,0.034977309272950965,7.463461458366472e-06,7.305525308131152e-07
P08765,Average,Average,0.1368297530611456,0.8295041887948643,0.03356321115144708,0.00010284699254314252
P01773,Poor,Poor,0.8809809966846381,0.11893123279771663,8.522795756992831e-05,2.542560075328334e-06
P04815,Excellent,Excellent,1.455276651797645e-05,0.0025303848845757535,0.2611502902207095,0.7363047721281968
P00536,Excellent,Excellent,1.0643729041318722e-05,0.0007831585962439172,0.11096613890808403,0.8882400587666307
P04941,Poor,Poor,0.9660298662712038,0.03396237961982335,7.045104877753926e-06,7.090040953235009e-07
P07317,Poor,Poor,0.9639834440227102,0.036010486866970726,5.8547211868762755e-06,2.1438913224180065e-07
P09447,Average,Average,0.06031697404030703,0.8486314516720626,0.09079234516821952,0.0002592291194109907
P08583,Poor,Poor,0.9631715691772448,0.03682208594247784,6.125039030866114e-06,2.198412463295223e-07
P04454,Excellent,Excellent,5.3310718687475384e-06,0.0002456668576719402,0.050433199977274384,0.949315802093185
P02691,Poor,Poor,0.9621880368932719,0.03778126606298731,2.9994153662664977e-05,7.02890078062242e-07
P09193,Average,Average,0.012234100649381675,0.5854596424038809,0.40123082505286,0.001075431893877583
P05604,Average,Average,0.033255518421757765,0.7057352414939293,0.26010827656166047,0.0009009635226523372
P04205,Excellent,Excellent,1.1341277758009296e-05,0.0001880092759279529,0.04460492861270149,0.9551957208336126
P04450,Good,Good,0.0020589825288988327,0.24140134184216194,0.7431523810335682,0.013387294595370991
P00850,Excellent,Excellent,1.3784109613861682e-05,0.0012679764741588334,0.17853567114146895,0.8201825682747583
P05805,Poor,Average,0.35400253941467835,0.6320029480819614,0.01396250405429219,3.200844906793304e-05
P02741,Excellent,Excellent,1.076596647202589e-05,0.00016880821454324585,0.04119448490062763,0.958625940918357
P04124,Good,Good,0.001396839696309323,0.13627272066467536,0.7723057906472596,0.09002464899175568
P05473,Good,Good,0.0004664108966108294,0.06584076603930189,0.7901120754426689,0.1435807476214183
P00320,Poor,Poor,0.960738753063766,0.03925286214790991,7.545788947421581e-06,8.389993765537554e-07
P02427,Average,Average,0.02507536465067172,0.8812363190847167,0.09292155659005684,0.0007667596745548126
P01081,Excellent,Excellent,3.440153187430987e-05,0.002813329220849702,0.22507894587263072,0.7720733233746452
P03693,Poor,Poor,0.9086841248986233,0.0911786598048486,0.00013569161308108241,1.5236834471605342e-06
P06677,Average,Poor,0.6403647861195151,0.3524875167435942,0.0071103424274296,3.735470946118019e-05
P01016,Good,Good,0.00011763058271376306,0.031681700982912786,0.7368381138719052,0.23136255456246815
P00984,Good,Good,0.005253018934119313,0.38156163049157904,0.5969862111759321,0.016199139398369426
P06764,Average,Average,0.032041950816972434,0.8021372960506831,0.16553496280452265,0.0002857903278219388
P00495,Good,Average,0.022017769718223532,0.5929296626260945,0.38368591136235053,0.0013666562933312431
P08184,Poor,Poor,0.9638178730646145,0.03617490423196756,6.447217072474839e-06,7.754863453916399e-07
P05430,Excellent,Excellent,1.1500531018032363e-05,0.0009082037601630429,0.13483613837200037,0.8642441573368186
P02921,Poor,Poor,0.9609090013184052,0.03905851925769123,3.175788964164727e-05,7.215342620968187e-07
P09649,Average,Average,0.47207053191524495,0.517419033023249,0.010476441856691747,3.3993204814219985e-05
P03441,Good,Good,0.0014061641431411108,0.2444196990739604,0.7389838116366798,0.015190325146218719
P07955,Excellent,Excellent,0.00011719574930225016,0.004211886939951019,0.23480216217609792,0.7608687551346488
P01623,Good,Excellent,9.974760721418617e-06,0.0009626043307938097,0.13700699371202016,0.8620204271964645
P07297,Average,Average,0.13322301974930592,0.800482048766726,0.06606011257915212,0.0002348189048158609
P08685,Excellent,Excellent,1.4535040484490726e-05,0.00046446130129771925,0.0687259172783556,0.9307950863798622
P09678,Excellent,Good,0.00018947578632229543,0.06631924116531972,0.740450367952928,0.19304091509543012
P08715,Excellent,Excellent,4.736785100285987e-06,0.0002018999483079543,0.04338037611403079,0.956412987152561
P01506,Poor,Average,0.0548960537100245,0.8258030265272809,0.11908381822119002,0.00021710154150463942
P05973,Average,Average,0.19267983589005228,0.7805050151801818,0.026771244883799283,4.390404596668192e-05
P02359,Average,Average,0.0157659538708736,0.5784716747472021,0.4041223725470655,0.001639998834858689
P01969,Good,Good,0.0007749335221802393,0.09494127779214812,0.7796492207351494,0.12463456795052233
P01325,Poor,Poor,0.9657964476108387,0.034197031788579434,5.786214649771063e-06,7.343859321028326e-07
P04595,Poor,Poor,0.9617474876110315,0.03824282566771649,8.886956486954055e-06,7.997647651525043e-07
P03681,Poor,Poor,0.9626104971142582,0.03735938482196112,2.94213763358297e-05,6.966874448711209e-07
P08750,Average,Good,0.000522650406630594,0.12138636381132602,0.7817106248613747,0.09638036092066876
P09235,Poor,Average,0.4717214041390923,0.5156405569601037,0.012592791903049544,4.5246997754463224e-05
P05028,Excellent,Excellent,4.424621157735224e-05,0.0026105255037023665,0.2738274866325055,0.7235177416522148
P08439,Poor,Average,0.4218477948807872,0.5715041661854302,0.006633216344859757,1.4822588922843062e-05
P09566,Average,Average,0.20240084184752963,0.7761016845087749,0.021453296155618452,4.417748807717254e-05
P01213,Excellent,Excellent,1.5977245600265046e-05,0.0003813819951591126,0.07472594732461627,0.9248766934346243
P02920,Average,Average,0.3123096468007285,0.6793611894212636,0.008286743526154806,4.24202518532926e-05
P06219,Good,Average,0.12818638286450784,0.802005763734925,0.0695401850492026,0.00026766835136438956
P01737,Good,Average,0.02100889684532613,0.5979605042629073,0.37986687297844046,0.0011637259133260058
P02800,Average,Average,0.14928832924473964,0.7462314844281676,0.10428530129140233,0.0001948850356905948
P00407,Poor,Poor,0.877266122043296,0.12266034565630937,7.268335217896753e-05,8.489482155833189e-07
P06450,Good,Good,0.000425966051096705,0.13205117949339648,0.8216421834634543,0.04588067099205245
P09352,Poor,Poor,0.769688201369614,0.22998499610094988,0.00032164547024863914,5.157059187560907e-06
P02097,Poor,Poor,0.4990771822450337,0.49295864469808837,0.00789367332679758,7.049973008024937e-05
P03581,Average,Poor,0.890358018120776,0.10945505303688782,0.00018498657912088663,1.94226321534879e-06
P03946,Average,Average,0.3542789061300882,0.6290430279402233,0.016633795894257918,4.4270035430687086e-05
P08265,Good,Good,0.001113321017731599,0.2643541105269711,0.707700144587975,0.02683242386732223
P07832,Good,Excellent,2.2110163987450894e-05,0.000644822328539485,0.09624001919902977,0.9030930483084433
P07686,Good,Good,0.00010592565833549946,0.021886575358936323,0.6319742359706326,0.3460332630120956
P08858,Good,Good,0.0015086226155393953,0.24166436476401615,0.7128902812745463,0.043936731345898206
P07553,Average,Good,0.001998574892946191,0.268839919202825,0.6842215948699634,0.04493991103426543
P01465,Average,Good,0.004652024918625901,0.36727571753387417,0.6187950698334407,0.009277187714059205
P04471,Poor,Poor,0.9400750610627749,0.05985940690452637,6.439096501886329e-05,1.1410676797462207e-06
P09804,Average,Average,0.19924429789061462,0.7850930158908505,0.015608923240465098,5.376297806980439e-05
P04436,Excellent,Good,6.630829532310328e-05,0.015060318112613625,0.5999546142918059,0.3849187593002575
P05230,Poor,Poor,0.9626337364369975,0.03733617718684389,2.9390035966216548e-05,6.963401925641968e-07
P07457,Good,Good,0.0013028165699199583,0.13703883073941855,0.7761167853066503,0.08554156738401116
P03004,Excellent,Excellent,5.327227903392148e-06,0.00048314087264478023,0.09961747204372663,0.8998940598557252
P07139,Good,Good,0.00058576627448593,0.12454531681892185,0.7858730241037821,0.0889958928028101
P01648,Average,Poor,0.5732095284021185,0.4258797719840665,0.0009010665337184495,9.633080096573628e-06
P02914,Excellent,Excellent,1.0204625262751525e-05,0.0002646294155026349,0.04606682462264686,0.9536583413365879
P04543,Good,Average,0.01745262046372459,0.663525419915783,0.31764738215427457,0.0013745774662178487
P00276,Excellent,Excellent,9.185893266994569e-06,0.00022195585179288186,0.040653659322340385,0.9591151989325998
P00966,Average,Average,0.19342483664849064,0.7683164099315448,0.0381903652046136,6.838821535092277e-05
P06313,Good,Average,0.03706522846979111,0.7596112174477162,0.2029278911192026,0.0003956629632901618
P03118,Good,Average,0.06532249496342085,0.8083066375556222,0.1261322225501939,0.00023864493076309498
P07692,Good,Good,0.00010694714254290793,0.02270738564394054,0.6717140315489037,0.3054716356646128
P08090,Excellent,Excellent,9.456833528703552e-06,0.0002327609132324453,0.04206555241773299,0.957692229835506
P01002,Excellent,Excellent,5.2230891069568067e-05,0.005011127222735977,0.3368791115111761,0.6580575303750182
P04481,Good,Good,0.001067093635127453,0.15416735837055326,0.8154207614367914,0.029344786557527865
P07973,Poor,Poor,0.9239181570851412,0.07605359588654026,2.7742214035091174e-05,5.048142833593674e-07
P01351,Average,Average,0.3593778001338256,0.6195414680076999,0.02101737879744749,6.335306102698551e-05
P01826,Good,Good,0.002344186662506574,0.219777991983271,0.7441317915315285,0.033746029822693945
P01074,Excellent,Good,0.0001114027001360175,0.01575622904685805,0.5798155338097409,0.40431683444326505
P06255,Good,Good,0.006016492488287281,0.48241332145380506,0.5086898119550014,0.0028803741029062736
P07308,Average,Average,0.018113521374540864,0.6394890176864244,0.3415162611986283,0.0008811997404064936
P00903,Average,Average,0.17625555959967598,0.6786154232049466,0.1446782364017073,0.00045078079367021225
P02710,Good,Good,0.0006554160420825268,0.05772353266708046,0.7050883919421967,0.23653265934864035
P01443,Average,Average,0.03618895834618442,0.7773351997777901,0.186216060246472,0.0002597816295536103
P09614,Average,Average,0.09263559629202331,0.8135429824145526,0.09367523469228027,0.00014618660114389047
P02053,Average,Average,0.1753213768244851,0.7703478319494067,0.054235215934241104,9.557529186704478e-05
P09197,Average,Average,0.1566012761832025,0.8194140579965692,0.023916078701014767,6.858711921361667e-05
P07445,Poor,Poor,0.8721751744534666,0.12757419921730814,0.0002487098166647118,1.9165125604341917e-06
P00295,Excellent,Excellent,4.849361261531584e-06,0.00020998115317467044,0.04472777880704012,0.9550573906785236
P05819,Good,Excellent,3.1441583628521047e-05,0.004811100645862268,0.37737824959885186,0.6177792081716573
P02380,Good,Average,0.412575616613,0.5759933756005141,0.011399981818338973,3.10259681469909e-05
P06293,Good,Good,0.0039661811929756485,0.4460968893806183,0.5445370202295424,0.005399909196863548
P02460,Average,Average,0.13880831631805168,0.7365297678103148,0.12437971966199929,0.0002821962096343047
P08799,Good,Good,0.00012197397185990602,0.029884217158990402,0.7671028471860828,0.20289096168306692
P04787,Excellent,Excellent,1.0736957309788643e-05,0.000167857736297561,0.04102055290752547,0.9588008523988673
P08595,Average,Good,0.0011821569013821364,0.19256397107709392,0.7601364045117309,0.04611746750979314
P03235,Good,Good,0.00012901393598376172,0.01892184461207756,0.6372022321780315,0.34374690927390716
P09940,Good,Good,0.0010453350020573507,0.12768013192174507,0.7898218952293823,0.08145263784681518
P04081,Average,Average,0.06480785988579055,0.8581948040071957,0.07683034482507733,0.0001669912819363454
P01453,Poor,Poor,0.9611940638641496,0.03879892354433642,6.779570611182395e-06,2.3302090300351402e-07
P05408,Poor,Poor,0.9645707044037778,0.03542234716164265,6.188368540731147e-06,7.600660389134877e-07
P03277,Average,Average,0.035388907974985825,0.6531231938205764,0.3103177465701243,0.001170151634313484
P05159,Average,Average,0.12437597673923509,0.7304411169390838,0.14481856519253303,0.00036434112914800567
P02733,Poor,Poor,0.9572435039763519,0.04274813925006582,8.097170319794295e-06,2.59603262425991e-07
P09854,Poor,Poor,0.9442959565357327,0.05564522805792016,5.7809569677760966e-05,1.005836669496461e-06
P09841,Average,Average,0.0520751263322787,0.7738729880318183,0.17364702279136002,0.00040486284454308437
P08256,Excellent,Excellent,7.89421730147259e-05,0.006120389249324879,0.35019771837724456,0.6436029502004159
P04732,Excellent,Excellent,1.4298630604914323e-05,0.00046185227225324367,0.0684786669437041,0.9310451821534378
P05815,Poor,Poor,0.9658437377288916,0.03414842863680154,7.120697275188534e-06,7.129370316962906e-07
P04240,Excellent,Excellent,2.7985532266476693e-05,0.002949839694015812,0.29960913907303915,0.6974130357006785
P05751,Average,Poor,0.6516062070923238,0.34756304980235275,0.0008274498531932695,3.293252130259691e-06
P08109,Excellent,Excellent,4.4292740978958115e-06,0.00033909723118409466,0.07773003310970353,0.9219264403850146
P00844,Poor,Poor,0.9581491393009564,0.04183937416769596,1.0610132879728302e-05,8.763984677504618e-07
P07503,Average,Average,0.28050574936394046,0.7106095214941616,0.00884269203879363,4.203710310433624e-05
P00215,Excellent,Excellent,3.0475440414598835e-05,0.008132146895548902,0.46938764540842637,0.5224497322556101
P07201,Excellent,Good,0.00028012495846082165,0.02778962569934156,0.6421557705808771,0.32977447876132054
P07796,Poor,Poor,0.9063213883248548,0.09363672341428989,4.125997109053404e-05,6.282897650270307e-07
P01806,Poor,Average,0.1638520893507623,0.796655145545446,0.039413746292636095,7.901881115554057e-05
P06033,Average,Good,0.006732910464852817,0.3672563434412365,0.6187777830441882,0.0072329630497226325
P04113,Poor,Poor,0.8121310949172906,0.18764261599334028,0.0002221769704691637,4.11211890001811e-06
P05104,Average,Good,0.0016012014487341102,0.18956595953780192,0.7461641657845807,0.0626686732288832
P06229,Average,Average,0.029032915449237907,0.7532330610862059,0.2171094316439257,0.000624591820630418
P03554,Poor,Average,0.38342708826025346,0.6078764987072426,0.008660954698637419,3.545833386650462e-05
P00974,Excellent,Good,7.604574153947594e-05,0.009062760787968692,0.5358547533041911,0.45500644016630076
P04966,Poor,Poor,0.9647793971844831,0.0352148009159595,5.592825061654277e-06,2.0907449581599325e-07
P00336,Excellent,Excellent,2.7958096265102484e-06,0.00015545573535298316,0.045894958902179483,0.9539467895528411
P05375,Poor,Poor,0.9395866715579678,0.06039661788286884,1.6325537278148604e-05,3.8502188525105733e-07
P01981,Good,Average,0.0050217948628599775,0.5864344816068614,0.4067812544582637,0.001762469072014978
P01058,Poor,Average,0.383870422397227,0.6109182254325675,0.005197995257244439,1.3356912961009105e-05
P05600,Good,Average,0.009937343966299859,0.5716471291033042,0.4156660833422915,0.002749443588104597
P07442,Good,Good,0.0022463187601469013,0.39678686315226536,0.5935652758922866,0.007401542195301084
P08139,Poor,Poor,0.9647881661132494,0.035206034909782885,5.589960920335534e-06,2.0901604769290504e-07
P07590,Poor,Poor,0.7459550968139738,0.2531750983300098,0.0008663946010308726,3.410254985401825e-06
P03342,Excellent,Excellent,2.171956143002302e-05,0.0009761444308288124,0.11471556993950774,0.8842865660682334
P05933,Average,Average,0.009292668102543911,0.6971107089856712,0.29218151683291793,0.0014151060788669756
P08573,Poor,Poor,0.962076746858362,0.03791379477138327,8.667747568771491e-06,7.906226859180182e-07
P02335,Good,Good,0.0018812270043991458,0.32368001324606577,0.6660399890950798,0.008398770654455441
P02860,Good,Good,0.002685213544913081,0.4302054753721949,0.5620727416462433,0.005036569436648726
P06694,Average,Average,0.007807153624363367,0.5013904130216613,0.48863564658565745,0.0021667867683177917
P08099,Poor,Poor,0.964924361062817,0.035068829992419955,6.0550492274500434e-06,7.538955355823562e-07
P08045,Average,Average,0.007182310023911309,0.6741822954379778,0.3171052137095853,0.0015301808285255688
P08270,Good,Average,0.06530522199691678,0.6791062488985449,0.25434490628607,0.0012436228184683176
P01759,Excellent,Excellent,3.2981217290754594e-06,0.00020806396558378193,0.05614258690906789,0.9436460510036192
P00461,Good,Good,0.0017536020933172688,0.32327217116651114,0.658965961460828,0.016008265279343525
P00629,Good,Good,0.004087725223637733,0.2790916125495699,0.6840410776115522,0.032779584615240165
P01015,Poor,Poor,0.6765627138247609,0.32263536208441,0.0007930288539514697,8.895236877767793e-06
P08585,Good,Good,0.00432508429548406,0.3967550752770179,0.5850473060181591,0.013872534409338952
P08581,Excellent,Excellent,9.688622067674359e-06,0.0013644558925613285,0.1832309100655597,0.8153949454198113
P09444,Poor,Poor,0.9647234480150104,0.0352707315109763,5.611026864251437e-06,2.094471489110609e-07
P06222,Excellent,Excellent,1.116477446441916e-05,0.0001822227260767632,0.043634038796511454,0.9561725737029475
P03257,Good,Good,3.3519338540196096e-05,0.012926162553085188,0.5234211479567528,0.4636191701516219
P02157,Poor,Poor,0.8902584652608548,0.10966866101684516,7.050756931522487e-05,2.3661529847797874e-06
P06042,Excellent,Excellent,1.3040767291575604e-05,0.001129862491591835,0.15641449979814176,0.842442596942975
P08895,Good,Excellent,3.732285666570828e-05,0.006248829376868098,0.3471531428151876,0.6465607049512786
P05296,Excellent,Excellent,2.466055838942126e-05,0.0009832104818118309,0.14781934049548395,0.8511727884643149
P07257,Poor,Poor,0.962427717174507,0.03754191482569014,2.9668631316202465e-05,6.99368486586086e-07
P00912,Excellent,Good,7.377681515854725e-05,0.010356473356643895,0.5703817438852333,0.4191880059429643
P04018,Average,Poor,0.9524954523423131,0.047492980832080534,1.0533206397811013e-05,1.0336192085298644e-06
P01843,Good,Good,0.0007188489074745727,0.14014764023193954,0.7805115060089731,0.07862200485161278
P04327,Average,Good,0.0004756061703218924,0.15794387540008042,0.7952033450877897,0.0463771733418081
P07935,Excellent,Excellent,4.710033225334821e-06,0.00019997601211109092,0.04304764636561006,0.9567476675890535
P02742,Poor,Poor,0.9626060710294201,0.037386265160342665,6.863094033716473e-06,8.007162034517239e-07
P00460,Good,Good,0.0017546710848888641,0.23028788461323293,0.7451326013976566,0.022824842904221626
P01358,Average,Average,0.30500877608210025,0.6638667174481953,0.031045345562465788,7.916090723880903e-05
P00232,Average,Poor,0.9202087706450619,0.07968208745305463,0.00010781634345362048,1.3255584298267632e-06
P01657,Good,Good,0.0011330794525190246,0.1284262228607059,0.7937852640680186,0.07665543361875633
P08308,Excellent,Excellent,0.00010340455780342337,0.005687644620971131,0.3027318158478194,0.691477134973406
P09673,Good,Good,0.0001575327281194228,0.030104994572617675,0.7898694701942419,0.179868002505021
P02604,Average,Average,0.10717208854615046,0.8109385016434413,0.08173389821044891,0.00015551159995922758
P00703,Poor,Poor,0.6548561386631736,0.34094034537242307,0.004183705408732282,1.9810555671009004e-05
P06795,Excellent,Excellent,4.6668192146884374e-06,0.0001969445174144799,0.04254589547486125,0.9572524931885096
P03837,Poor,Poor,0.9639313263566437,0.036059999342078645,7.920714907817733e-06,7.535863698568865e-07
P08912,Poor,Poor,0.6700574417402083,0.3241975520424294,0.005715428861550727,2.9577355811557394e-05
P05013,Poor,Poor,0.9536195698767342,0.0463664731200301,1.2984214471495119e-05,9.72788764138299e-07
P00894,Good,Excellent,2.1254367071580095e-05,0.0025024498379162255,0.2259666500918634,0.7715096457031487
P01219,Good,Good,0.002352897074370591,0.25802541328837286,0.7232781178490176,0.01634357178823894
P02447,Excellent,Excellent,5.884070678039723e-05,0.004021118304532811,0.28120163666450726,0.7147184043241795
P05246,Average,Average,0.09996495262628695,0.7528270712103338,0.14676844149254134,0.0004395346708378326
P07748,Good,Excellent,6.667700427574241e-05,0.0074920152713913,0.4351615669065726,0.5572797408177603
P01833,Excellent,Good,0.0002984146242625088,0.06150275475643783,0.8120214087867046,0.12617742183259506
P05490,Good,Average,0.1540471973515675,0.8223592719844011,0.02352574188890993,6.77887751214397e-05
P00759,Good,Average,0.017723804311512853,0.5101321287166802,0.4683252290171844,0.0038188379546225983
P06818,Excellent,Excellent,3.803915860749977e-06,0.0002669311227733446,0.0658962775748927,0.9338329873864732
P01949,Excellent,Excellent,1.0871598780679502e-05,0.0001722766581155616,0.04182432951011979,0.957992522232984
P08420,Excellent,Excellent,5.963304627103814e-05,0.0049962108755035135,0.38734210179836315,0.6076020542798624
P00940,Average,Average,0.060262903203338214,0.8555136769504873,0.084089847023014,0.0001335728231604286
P03727,Average,Average,0.06075864417964359,0.8272970247325956,0.11169196416084894,0.00025236692691182666
P09708,Poor,Average,0.21337593027895127,0.7677493504487646,0.01884732037647624,2.7398895808038108e-05
P04457,Average,Good,0.003770640265577418,0.34227429855165287,0.6338656521211711,0.020089409061598593
P06299,Excellent,Excellent,3.036375731378847e-06,0.0001792466925714927,0.050631562287009386,0.9491861546446877
P05149,Excellent,Excellent,1.1061288299127176e-05,0.00029883687203909054,0.050205619653008335,0.9494844821866534
P02510,Poor,Poor,0.9460167887253924,0.05396813340522008,1.393369993492289e-05,1.1441694525256391e-06
P00059,Good,Good,0.0008860970033929869,0.09295977548204407,0.7162987072197813,0.18985542029478175
P05757,Average,Good,6.344709851216203e-05,0.012559325805602307,0.5221764207908787,0.4652008063050068
P02859,Poor,Poor,0.9577678543044489,0.04222062891679717,1.063527546573189e-05,8.815032882035808e-07
P00013,Poor,Poor,0.9553628336803879,0.04462656053783971,9.655829342368633e-06,9.499524300522665e-07
P05498,Excellent,Excellent,4.296278014138477e-06,0.00032419810532608844,0.07418699001883777,0.9254845155978221
P05664,Average,Average,0.027928813619863983,0.7417458112451492,0.22968516412100207,0.0006402110139849112
P09930,Good,Excellent,3.6984801046667214e-05,0.002015399019014873,0.21701027076090607,0.7809373454190325
P00573,Average,Good,0.0041874603711587926,0.2659187550918112,0.6994258960516485,0.03046788848538159
P00906,Average,Poor,0.6096601807208617,0.3846293703301538,0.0056861301437962425,2.4318805188238753e-05
P07051,Excellent,Good,0.0004021479233717162,0.06017202104116706,0.7705657611964033,0.16886006983905802
P05345,Good,Excellent,3.540699120555502e-05,0.002513819482266381,0.21078125618402482,0.7866695173425032
P04848,Good,Good,0.00041447988165631045,0.09144122900355324,0.7967178504155986,0.11142644069919168
P00401,Good,Good,0.00042539628662965553,0.07889208850955387,0.7809909425676402,0.13969157263617632
P09184,Good,Average,0.013384639904551916,0.5309147883184747,0.4529405392847003,0.0027600324922730096
P02571,Excellent,Excellent,2.554613133935873e-05,0.0009312183306311392,0.13538249859455365,0.8636607369434759
P06812,Excellent,Good,0.002407980227228956,0.2483913283606135,0.7172239614639648,0.03197672994819275
P00892,Good,Good,0.0008293447833051805,0.12037911420816456,0.768674274701227,0.11011726630730326
P09733,Excellent,Excellent,3.9011952083205855e-06,0.0002799554749370281,0.06875638991497608,0.9309597534148786
P08698,Excellent,Excellent,5.0684924215626105e-06,0.0002259135564832895,0.04732498240891503,0.9524440355421803
P07704,Good,Good,0.004087918841406784,0.44876896398823807,0.5368218941297023,0.01032122304065302
P09305,Average,Average,0.09536310468808268,0.6943993944211465,0.20946838652817115,0.0007691143625996776
P08628,Excellent,Excellent,3.595166619643446e-05,0.0029781210771053267,0.27356837730548395,0.7234175499512143
P06993,Poor,Poor,0.9649223056104432,0.035070868330578396,6.073549110299568e-06,7.525098679338377e-07
P06664,Good,Average,0.01904192610691562,0.6105784361906492,0.36742673769642675,0.0029529000060084442
P00521,Good,Good,0.0011893028094237092,0.23830136375766273,0.7266385452173879,0.03387078821552579
P03462,Poor,Poor,0.6211919760145738,0.3759834068372323,0.0028147672468359338,9.849901358116685e-06
P04963,Excellent,Excellent,5.624091157951218e-06,0.0002687058582830066,0.05380387244485631,0.9459217976057026
P08359,Excellent,Excellent,6.248235474774029e-06,0.0006138269714065763,0.11402075674315765,0.885359168049961
P09585,Poor,Average,0.39530532731057305,0.6003271382751765,0.0043490580163242365,1.847639792612175e-05
P07452,Excellent,Excellent,5.340933866733955e-06,0.0002466460419208864,0.05058118015913131,0.9491668328650811
P06503,Poor,Average,0.46944012949730235,0.5269285513892452,0.0036201073072811224,1.121180617137206e-05
P01663,Excellent,Excellent,1.5286597242962323e-05,0.0005166986091747564,0.0740971697875295,0.9253708450060528
P06988,Good,Good,0.007136391128122584,0.42767581595504595,0.5588680411111807,0.006319751805650789
P02095,Good,Good,0.0007065048547832578,0.17848619284713352,0.7586363463674742,0.062170955930608895
P01436,Excellent,Excellent,1.245555313160912e-05,0.00022955530993231735,0.05184741248932738,0.9479105766476087
P05317,Excellent,Excellent,2.2424337497614014e-05,0.0010078956507138326,0.11684595586943317,0.8821237241423554
P09848,Excellent,Good,0.0002320474966817334,0.07973620971508999,0.7898092264353446,0.13022251635288376
P07018,Average,Average,0.24073802174004869,0.7188262474316933,0.040369168876240244,6.656195201786567e-05
P03215,Excellent,Excellent,4.802516158689377e-06,0.0002064983601821267,0.044137987990210875,0.9556507111334483
P09980,Excellent,Excellent,3.5210816699331075e-06,0.00023299543496467273,0.05996669948660028,0.9397967839967653
P04956,Poor,Poor,0.9578498761906087,0.042138579682057434,1.0665530405113877e-05,8.78596928879747e-07
P09062,Good,Good,0.0005869412749957789,0.09077466626359133,0.8185356725158904,0.09010271994552246
P06665,Poor,Poor,0.9366193355251907,0.06330795390917342,7.153082229090078e-05,1.1797433450810593e-06
P09882,Good,Good,0.0009309922988161331,0.20279164227098756,0.73880130857314,0.05747605685705627
P01231,Good,Good,0.001270028070975504,0.15484085643037032,0.8026971790736658,0.04119193642498827
P05035,Poor,Poor,0.7941776877105021,0.20564480605887533,0.0001758918227933859,1.6144078290671105e-06
P08675,Average,Average,0.026926969423835222,0.7586232268460158,0.21409332718743493,0.0003564765427140694
P01338,Average,Poor,0.9415911901802174,0.05838811797850434,1.9485018483180133e-05,1.2068227952842166e-06
P07068,Average,Good,0.003062678633293781,0.2919396156492838,0.6712904191639671,0.033707286553455354
P06039,Poor,Poor,0.7606802147112532,0.2382828992989491,0.0010207956142226872,1.6090375574930653e-05
P07980,Average,Poor,0.6452840965152994,0.35383161326756885,0.0008759163486535289,8.373868478141844e-06
P00736,Poor,Poor,0.9480252851009067,0.051960717418378544,1.287846040520159e-05,1.1190203094745386e-06
P01596,Excellent,Excellent,5.369715954802847e-06,0.0002484383993197962,0.050732852785328394,0.9490133390993969
P09508,Poor,Poor,0.9617045235816079,0.03826411281971723,3.065346353932608e-05,7.101351356414476e-07
P08569,Excellent,Excellent,4.653585582815433e-06,0.00019603000071855773,0.04239335184326925,0.9574059645704293
P07223,Excellent,Excellent,1.0392687597034904e-05,0.00149930103088545,0.18497023363689566,0.8135200726446218
P02433,Poor,Poor,0.9478340499795083,0.052153229549027125,1.2395432030280944e-05,3.250394341735443e-07
P05050,Good,Good,0.0009003307503262096,0.09052765042428748,0.8008481326417995,0.10772388618358666
P05613,Excellent,Excellent,1.5990018725093576e-05,0.0015674658952758306,0.1778294788527432,0.820587065233256
P09818,Poor,Poor,0.9225731453143335,0.07739731912748811,2.789245737111001e-05,1.643100807206034e-06
P03503,Average,Average,0.057148153852194544,0.7186835127597364,0.22301939245580285,0.0011489409322661683
P05138,Poor,Poor,0.8805016945439577,0.11943203332115365,6.37289047497428e-05,2.5432301388137453e-06
P02869,Poor,Poor,0.5212263601511017,0.47755808523352516,0.0012114057657453038,4.148849627978114e-06
P05198,Excellent,Excellent,3.6199259375683194e-05,0.00272272547035716,0.2245330504478723,0.7727080248223949
P09699,Average,Average,0.0666387944203543,0.7490542650369124,0.183429014433338,0.0008779261093952552
P03863,Good,Average,0.011445066944547768,0.5319479322287114,0.4542342113850571,0.0023727894416836694
P01386,Good,Good,0.0022575989920241295,0.18636269595541916,0.7393088657627332,0.07207083928982354
P04138,Good,Good,0.0010449010873997814,0.15395585650667298,0.8006261063972578,0.04437313600866934
P00190,Excellent,Good,7.874816458109601e-05,0.012461142406927753,0.5372503947355569,0.4502097146929342
P08443,Poor,Poor,0.8310094251509403,0.16859616764288327,0.00039163924095446563,2.767965221905139e-06
P09727,Excellent,Excellent,1.7186873820792293e-05,0.0031053722236834363,0.31123190387999494,0.6856455370225009
P03953,Poor,Average,0.10512677015345691,0.7258851223352131,0.1687321749694735,0.0002559325418566236
P04395,Average,Good,0.002720649732950423,0.3319040200806622,0.6540982921888447,0.011277037997542637
P06733,Average,Good,0.0008652074308972317,0.14965534959314358,0.7449231922974202,0.10455625067853881
P07654,Poor,Poor,0.9424061808401687,0.057578780681013776,1.4671865355518949e-05,3.666134619606096e-07
P02021,Average,Good,7.409774531394757e-05,0.02721808061688697,0.7463469254259195,0.2263608962118797
P00290,Poor,Poor,0.942037057287713,0.05794296599288957,1.8792667290930837e-05,1.1840521063727713e-06
P06626,Good,Excellent,1.5602847457640335e-05,0.0033989151553981923,0.300374802897117,0.6962106791000271
P08836,Poor,Average,0.39022266567341457,0.5994405535990521,0.010290135024507499,4.6645703025846385e-05
P08991,Good,Good,0.0001420919989020998,0.01734917541959546,0.5801280988059238,0.4023806337755786
P07736,Good,Good,0.0015444732680538263,0.21415011756099772,0.7598332521118621,0.02447215705908616
P05005,Average,Average,0.25546261767540857,0.7391413659396949,0.005374748030681918,2.126835421462165e-05
P06281,Excellent,Excellent,9.653383847555018e-06,0.00024060716561250347,0.04308300668297185,0.9566667327675681
P03848,Average,Poor,0.6890720944269241,0.30973361879114963,0.0011888558161507463,5.430965775523223e-06
P09088,Excellent,Excellent,1.1910447111203424e-05,0.0009717306610666143,0.14597640175814108,0.8530399571336811
P00064,Excellent,Good,0.0023180765615203104,0.27649967079548876,0.6982155464938635,0.022966706149127408
P06681,Good,Good,0.0026694064245778907,0.32286595336445545,0.6655265141030147,0.008938126107951907
P00646,Average,Average,0.10103221766755068,0.7590065961839992,0.13974699780330044,0.00021418834514957814
P08001,Excellent,Excellent,1.0743210035243948e-05,0.00016806270292335292,0.04105812120400353,0.958763072883038
P05403,Average,Average,0.0343878653634413,0.7114215481494992,0.25335874283871707,0.0008318436483425062
P09814,Average,Poor,0.6979976452813972,0.2996770468596622,0.002315267555601489,1.0040303339131483e-05
P02834,Good,Good,0.004670187941321398,0.4720576879347833,0.519932178997773,0.00333994512612225
P08293,Average,Average,0.14871339438737155,0.7801509504990557,0.07088051648068332,0.0002551386328891892
P03804,Excellent,Excellent,6.264312846050198e-06,0.0003199217991654665,0.060493811745475565,0.9391800021425128
P04177,Excellent,Excellent,1.2800681913389087e-05,0.0002432865440408746,0.05415945659282126,0.9455844561812246
P02472,Poor,Average,0.4947108416630794,0.5018130901772893,0.0034672339117393573,8.834247891917385e-06
P08999,Good,Excellent,0.00011315822377326353,0.010018170547989627,0.4459859457860818,0.5438827254421552
P00870,Poor,Poor,0.9622058149229171,0.03776351240052894,2.997005854806422e-05,7.026180059179309e-07
P02301,Excellent,Excellent,1.1852855472408321e-05,0.0018912561723851385,0.24305073343515912,0.7550461575369833
P08013,Excellent,Excellent,4.824580440610611e-06,0.0002082112752513345,0.04445356682695162,0.9553333973173564
P03557,Good,Average,0.011946291820859113,0.6368442112029016,0.34950717984434815,0.0017023171318912252
P05353,Average,Average,0.210546030174965,0.7793807835984539,0.010034855903203134,3.833032337790539e-05
P03975,Average,Average,0.0385859083979643,0.6496193421326155,0.30974672715304263,0.002048022316377527
P08223,Excellent,Excellent,4.758674657422015e-05,0.0032982187434804,0.276534149322488,0.7201200451874575
P08807,Poor,Poor,0.7985805477398059,0.20090893565445486,0.0005063438719081833,4.172733831039413e-06
P09976,Excellent,Excellent,8.230911190242261e-06,0.001077350710642585,0.17037950847224495,0.8285349099059222
P07961,Average,Good,0.004184350287136033,0.41426960844481386,0.5774160052176152,0.0041300360504349706
P03652,Good,Good,0.00021148453904030142,0.057533757727503354,0.852663051098921,0.08959170663453522
P01945,Excellent,Excellent,5.4869391569372895e-06,0.00025770672446549905,0.05233874708898392,0.9473980592473937
P04807,Average,Average,0.08040017565794196,0.8703021687321039,0.0492111214881433,8.653412181089062e-05
P06977,Good,Good,0.000676510422561488,0.20088577080660103,0.7801018421105755,0.018335876660261947
P07065,Good,Good,0.0003005389736967959,0.053810418473464565,0.8036336011998235,0.14225544135301496
P07035,Average,Average,0.18909403822235937,0.797863476956785,0.012993917236686178,4.856758416952011e-05
P00937,Excellent,Excellent,7.229258049556133e-06,0.0008528340760933779,0.14274283140965593,0.8563971052562012
P09869,Poor,Poor,0.6428849021141942,0.3550303088219583,0.002078108557845415,6.6805060019880265e-06
P00237,Excellent,Excellent,1.9767164296478636e-05,0.0006122556189306223,0.10646673084717195,0.892901246369601
P07710,Good,Good,0.0012409282514246566,0.15067840951335731,0.7517610171915934,0.09631964504362454
P09522,Excellent,Excellent,9.162247686205206e-06,0.0002209515918827286,0.04052121587766867,0.9592486702827624
P05331,Good,Good,0.0005094960053257121,0.08855127244429137,0.7729624837792568,0.1379767477711262
P01307,Excellent,Excellent,1.459835755933379e-05,0.0031630106535431154,0.3257572470543221,0.6710651439345755
P02141,Average,Average,0.007348316981921625,0.5473648349056872,0.44176653835872787,0.0035203097536631923
P09005,Excellent,Excellent,2.9222428153459568e-06,0.00016799868398230717,0.04841885022213275,0.9514102288510695
P00578,Excellent,Excellent,9.325334533694821e-06,0.00022739634573095812,0.04137099020191954,0.9583922881178158
P05200,Excellent,Good,0.0007222224796369285,0.06324174644215282,0.7407645476753255,0.19527148340288478
P02349,Average,Average,0.017335402213793,0.6320492058304178,0.3495013582552953,0.0011140337004938532
P00299,Poor,Poor,0.9647586667889926,0.03523552445523229,5.5995432548927184e-06,2.0921252022537068e-07
P04451,Poor,Poor,0.9556335376735454,0.044357202444013345,8.988914964285846e-06,2.7096747696811117e-07
P02168,Good,Good,0.00046941299802194384,0.08423372333803097,0.8161162254360547,0.09918063822789232
P02919,Good,Good,0.003626873059684748,0.3997051627027019,0.5921962191300594,0.0044717451075539935
P04843,Good,Good,0.008053121625674384,0.4158950364730515,0.5699671546016943,0.006084687299579748
P02354,Good,Good,0.0007234387131758046,0.13675673613696618,0.7532895508617918,0.10923027428806616
P01732,Good,Good,5.5303858647546296e-05,0.014774348726138089,0.6087766081329905,0.3763937392822238
P01383,Good,Good,0.00046228234065089936,0.10283014742578628,0.8470210406002238,0.04968652963333897
P06080,Poor,Poor,0.9603305878416958,0.03966205806797605,7.1151276618727134e-06,2.38962666216202e-07
P05484,Good,Good,6.369726734747524e-05,0.024917487739284903,0.6690443285148655,0.3059744864785022
P06143,Excellent,Excellent,2.3882992784566252e-05,0.0009193969601970715,0.14191867790238974,0.8571380421446285
P04242,Excellent,Good,0.00028693179153633846,0.06329689830809562,0.6995406609557732,0.23687550894459486
P01889,Excellent,Excellent,5.311515805778555e-06,0.000486848159121019,0.10057559039221946,0.8989322499328537
P08562,Excellent,Excellent,4.644905986522223e-06,0.00019542279125963624,0.0422906775209976,0.9575092547817563
P06754,Poor,Poor,0.9416396486518681,0.05834419737685185,1.5783007525534216e-05,3.7096375427448557e-07
P07246,Good,Good,0.004689832456787027,0.44270891256424727,0.5488282578006859,0.003772997178279796
P08021,Good,Good,0.0008769327760608173,0.08021919999504014,0.7004114833459321,0.2184923838829671
P02774,Average,Average,0.08611191573747017,0.7406884469137053,0.17267307211226846,0.0005265652365561814
P02651,Poor,Poor,0.965768205449796,0.03422392819309015,7.1518051707210645e-06,7.145519432054814e-07
P05485,Average,Poor,0.9496162351340672,0.05037061525135582,1.2072998123492822e-05,1.076616453473742e-06
P03022,Poor,Poor,0.8679735649879834,0.13192759360655484,9.60115980826719e-05,2.829807379130137e-06
P02735,Poor,Average,0.2079432147149413,0.7752657649872978,0.01672891454663384,6.210575112712076e-05
P07573,Poor,Poor,0.6295343039384749,0.3696516312008378,0.0008064439023622556,7.620958325072331e-06
P02442,Average,Average,0.008746940217359594,0.48873486023867285,0.487442007629852,0.01507619191411536
P00668,Good,Good,0.002457049246113234,0.18695715399568608,0.7146835267576637,0.09590227000053694
P06975,Excellent,Good,0.0010643050855856755,0.15759661538987682,0.7822387308067188,0.05910034871781867
P05966,Average,Average,0.06483935494657343,0.7652175682769422,0.16955223905173286,0.0003908377247515166
P08062,Poor,Poor,0.6856742877189235,0.3131973688805537,0.0011231858597136417,5.157540809060493e-06
P07022,Excellent,Excellent,1.9518068294505886e-05,0.0005895968050213296,0.10433152000099115,0.895059365125693
P06945,Good,Excellent,1.6164749862987184e-05,0.0003875348896388535,0.07531164404787623,0.9242846563126219
P06742,Average,Average,0.023546004015352343,0.7630356027426032,0.2126125418903088,0.0008058513517357063
P07125,Good,Excellent,2.141053151570089e-05,0.006068508752923859,0.3736072149703864,0.620302865745174
P01100,Poor,Poor,0.9272430710945777,0.0727315857602544,2.486743255175899e-05,4.757126161514103e-07
P00445,Excellent,Excellent,1.5948524593292817e-05,0.0005460448485025539,0.07707783732106467,0.9223601693058395
P00542,Good,Good,0.0002876060500443613,0.04140406318258082,0.7302411432380168,0.22806718752935795
P07982,Good,Good,8.366637266107883e-05,0.025522016726420238,0.7430174222670506,0.23137689463386807
P09150,Good,Good,0.0004488542374836735,0.06391609993225776,0.7940022647817027,0.14163278104855584
P09777,Poor,Poor,0.9221498519034106,0.07782073258644867,2.8901133647480883e-05,5.143764932286559e-07
P00352,Average,Poor,0.5488575695870215,0.4495397693998298,0.001587861683537651,1.4799329611056668e-05
P03042,Excellent,Good,0.0003842634764079796,0.062815474822527,0.7796366794161362,0.1571635822849289
P09710,Average,Average,0.16464925608859543,0.7706311285622065,0.06459202299182565,0.00012759235737253412
P08242,Poor,Poor,0.6881340152262659,0.3100587609651502,0.0018004801614438905,6.743647140014717e-06
P09543,Excellent,Excellent,3.879294804289542e-06,0.0002725562651430409,0.06601406330277197,0.9337095011372807
P01022,Poor,Average,0.4097400068859554,0.5785221868042781,0.01170756309570247,3.0243214063903073e-05
P01868,Excellent,Excellent,3.2311493677994775e-05,0.0017943675663018238,0.17566054249340335,0.8225127784466169
P07498,Poor,Poor,0.9513964374783588,0.04859252364836121,1.0738832487791548e-05,3.000407920673955e-07
P06332,Average,Average,0.015988841189912412,0.731810588449689,0.2514520379449831,0.000748532415415455
P01093,Good,Good,6.822527073636928e-05,0.009776181022955941,0.5325991475363393,0.4575564461699683
P01170,Good,Good,7.065522113272397e-05,0.028560203611177167,0.7064820676696294,0.2648870734980606
P08458,Average,Average,0.1550050454818289,0.7745589715897806,0.07029220923314684,0.00014377369524358642
P04833,Poor,Poor,0.9646229129214928,0.03537015800795298,6.170138024940442e-06,7.589325291749147e-07
P00547,Excellent,Excellent,3.623699041455871e-05,0.0019840170533651025,0.186268945668529,0.8117108002876913
P01507,Excellent,Excellent,4.655307855315816e-06,0.00019614920650116394,0.04241023171368438,0.957388963771959
P09519,Poor,Poor,0.9658152501767732,0.034176903770064,7.132500700835623e-06,7.13552461949861e-07
P05413,Good,Good,0.0006189076334327882,0.07414572248712265,0.7833199261308461,0.14191544374859844
P06587,Good,Excellent,1.3077774443643926e-05,0.0024452263953341977,0.2560048963705652,0.7415367994596569
P02865,Poor,Poor,0.9460276144047862,0.05395724014041902,1.3982323584438703e-05,1.1631312102210824e-06
P00181,Poor,Poor,0.9566320865637977,0.043357854996554965,9.133326113509102e-06,9.251135337495375e-07
P09517,Poor,Poor,0.9655293847370849,0.034462647288578695,7.248390065038191e-06,7.195842712425864e-07
P01936,Excellent,Excellent,1.0712415445951185e-05,0.0007526270272873876,0.11510564881673133,0.8841310117405353
P00730,Excellent,Excellent,2.06565582120066e-05,0.0006430631007633178,0.10914950546781309,0.8901867748732116
P06395,Poor,Average,0.0855214631444589,0.8229511832405821,0.0913141290288771,0.0002132245860818645
P02659,Poor,Poor,0.9590403656631651,0.04095058667891925,8.171989455735205e-06,8.756684598547134e-07
P06070,Average,Average,0.24901342644094868,0.7325653332265982,0.018342165903463093,7.90744289898107e-05
P01654,Good,Excellent,5.127125464454315e-05,0.004190564867564555,0.3360290518235016,0.6597291120542892
P08730,Good,Good,0.0027672295881254407,0.4476451736200922,0.542498814101326,0.007088782690456341
P09565,Good,Average,0.005462531498250953,0.5359149200410653,0.4551427003412676,0.00347984811941627
P00665,Good,Good,0.0002129131883297023,0.018718089546988507,0.5867614263287472,0.3943075709359345
P03106,Poor,Average,0.35043457338812656,0.6465016361138533,0.003047384493411776,1.640600460842915e-05
P03093,Poor,Poor,0.964588229643614,0.03540482518066743,6.185816814490403e-06,7.593589040550812e-07
P01895,Poor,Poor,0.7168255654659111,0.28218237256886225,0.0009769565057951056,1.5105459431491486e-05
P03317,Average,Average,0.39415171603387167,0.6010470889695745,0.004789020957088394,1.217403946535546e-05
P05671,Average,Average,0.1552317711897462,0.8195349383896214,0.02518316520421443,5.0125216417948055e-05
P03001,Excellent,Excellent,5.407333734162089e-06,0.00025078542990144615,0.05086890767379759,0.9488748995625669
P02858,Poor,Poor,0.9084318080051789,0.09143037799969396,0.00013630768384961182,1.5063112776280826e-06
P08769,Good,Average,0.03491190106572485,0.7860757671664992,0.1786845337592904,0.00032779800848559555
P04847,Good,Excellent,8.599896547773102e-05,0.006608724785963124,0.44532564148147763,0.5479796347670814
P09253,Poor,Poor,0.9538417673897674,0.046115255214336646,4.214573019396513e-05,8.31665701984335e-07
P09996,Average,Average,0.11900384351607843,0.8591752619527157,0.021770207660067677,5.0686871138147724e-05
P04139,Average,Good,0.0030705730861923285,0.3478690683206378,0.6377032182124284,0.011357140380741433
P07627,Excellent,Excellent,4.651327549697309e-06,0.00019582666229011193,0.042353394747375324,0.9574461272627848
P09473,Good,Average,0.02881051416593514,0.6740528483889304,0.2954099837008057,0.0017266537443288116
P03373,Poor,Poor,0.9619777344180878,0.03799129845863675,3.025948482702463e-05,7.076384485809723e-07
P01220,Average,Poor,0.687496902889146,0.3118827226585808,0.0006138640950106287,6.510357262685191e-06
P01511,Excellent,Excellent,2.8524866968410997e-06,0.00016101753285299811,0.04698595473145524,0.952850175248995
P03632,Excellent,Excellent,1.1922271494942432e-05,0.00020475847296293556,0.04687194124097226,0.9529113780145699
P05393,Poor,Poor,0.7227774746142919,0.2766906132678105,0.0005253677817490052,6.5443361486843344e-06
P05286,Good,Good,4.287278803920506e-05,0.011844748687596232,0.5777066055523059,0.4104057729720586
P02152,Excellent,Excellent,5.515733803607356e-06,0.0002600994328824369,0.052649560054412126,0.9470848247789018
P02355,Excellent,Good,9.856218433179893e-05,0.018848174448596416,0.6300628701887933,0.35099039317827857
P08603,Excellent,Excellent,4.749497391294621e-06,0.00020277460863988087,0.04352691808942622,0.9562655578045426
P06954,Good,Good,0.00034745583840039266,0.06308369595492094,0.7277776314693211,0.20879121673735762
P05070,Excellent,Excellent,2.778898278017678e-06,0.00015367890379802798,0.04542760638069577,0.9544159358172282
P03406,Excellent,Excellent,2.8903603862996676e-05,0.0011201774696552385,0.14429504258941883,0.854555876337063
P04269,Excellent,Excellent,1.0855952203772975e-05,0.00017177052097344366,0.041733618539742466,0.9580837549870802
P02943,Good,Good,0.0034544435720289843,0.25642299002831687,0.7128567124855435,0.027265853914110565
P05991,Excellent,Excellent,1.0709902872811186e-05,0.0007941348274411805,0.11800915491368263,0.8811860003560034
P07685,Good,Good,0.001194161171427825,0.2207744552935794,0.7482293710122927,0.02980201252270004
P00074,Poor,Poor,0.9506382008469424,0.049346461796802576,1.4303265624789605e-05,1.0340906304224182e-06
P03475,Good,Good,0.002404377840650638,0.22471331605901065,0.7343441062906064,0.03853819980973224
P02552,Poor,Poor,0.929099324017822,0.0708757130307541,2.3465803528698982e-05,1.4971478949541738e-06
P05981,Poor,Poor,0.9585782351266775,0.04141056781091813,1.0331952056863943e-05,8.651103475676793e-07
P04313,Poor,Poor,0.9639133375538511,0.036079473174627626,6.415933732504115e-06,7.733377888519424e-07
P09884,Good,Good,0.0018386876198447065,0.22159912116042324,0.7321429798475275,0.044419211372204524
P00248,Average,Average,0.03984375542009166,0.7406928338705525,0.21877755263339563,0.0006858580759602726
P00751,Average,Good,0.01637791105908514,0.4886372079454145,0.4899540462198163,0.005030834775684121
P02703,Excellent,Excellent,1.2392382162873103e-05,0.0002250260865958905,0.05074337225695115,0.9490192092742901
P01563,Excellent,Excellent,1.0681109589902069e-05,0.00028454137407642974,0.048557285414556346,0.9511474921017774
P05313,Poor,Poor,0.963374206795986,0.036619517514768246,6.057215432873541e-06,2.1847381293024457e-07
P00312,Average,Average,0.016694579306637067,0.6061516765456529,0.37546144366938766,0.0016923004783223942
P05389,Excellent,Excellent,4.655119128003991e-06,0.00019612957218849932,0.042407514425842,0.9573917008828414
P00302,Poor,Poor,0.9504536205084136,0.049498392091872276,4.7074034477664833e-05,9.133652363842139e-07
P08017,Excellent,Excellent,4.733276777602449e-06,0.0002016061999049393,0.04331774834335443,0.9564759121799631
P03615,Poor,Average,0.13959381331722037,0.8394749410567731,0.02085033588915792,8.090973684854363e-05
P03512,Poor,Poor,0.844818568674899,0.15506370031815592,0.00011662985541296332,1.1011515319890156e-06
P00806,Poor,Poor,0.6467259394487611,0.35171465543325986,0.0015536416981930018,5.7634197860233656e-06
P03433,Excellent,Good,8.814682011759179e-05,0.011677250604061155,0.5124322850998395,0.4758023174759817
P04862,Average,Average,0.2631830214271222,0.6704072603822573,0.06622595684641765,0.0001837613442030467
P08644,Good,Average,0.04890733640451348,0.7759485219045665,0.17485757641247474,0.0002865652784451946
P02085,Excellent,Excellent,9.100039770834552e-06,0.00021850757117040297,0.040202259390940256,0.9595701329981186
P01628,Good,Good,0.005770982136547151,0.4519199037610326,0.536370204906973,0.005938909195447419
P07719,Poor,Poor,0.5598546023573744,0.43448618031425235,0.005639902394271853,1.931493410135595e-05
P07100,Excellent,Excellent,4.6945148950821605e-06,0.0001989043804919913,0.04287732548747807,0.9569190756171349
P02137,Average,Average,0.0387654286881709,0.7879365519304422,0.17273089174166756,0.0005671276397191795
P08789,Poor,Average,0.29339427195048406,0.6947853850679139,0.011764920132736563,5.542284886547839e-05
P05034,Good,Average,0.006302582014753408,0.5096906292732665,0.4796310402424006,0.004375748469579503
P01262,Average,Average,0.09669324316230767,0.8603951055472615,0.04280704646085053,0.00010460482958034697
P06368,Good,Good,0.0001309277064766368,0.041724396162833854,0.7448778395649421,0.21326683656574738
P00100,Average,Average,0.04260973907019164,0.7248868848892436,0.23148272449334534,0.0010206515472193716
P02005,Average,Average,0.03864986415708807,0.7125649038216723,0.2483243989087238,0.0004608331125157653
P09978,Good,Good,0.007084494865815182,0.4898632318241901,0.5011238243349235,0.0019284489750711988
P02282,Excellent,Excellent,6.876989737978298e-05,0.00993502384173029,0.48577668188431444,0.5042195243765754
P00456,Average,Average,0.3835729029655008,0.6080037240822299,0.008362383293600716,6.098965866861438e-05
P07971,Good,Good,9.092905123344737e-05,0.023431171031824256,0.6531799582431229,0.3232979416738194
P03171,Excellent,Excellent,2.766318467227004e-06,0.0001525472800074533,0.045290552284155516,0.9545541341173697
P02273,Average,Good,0.00940207340092279,0.41969341180266057,0.5635009859931118,0.007403528803304821
P00778,Good,Good,0.0031839907643973113,0.27959013091233414,0.6926746270246961,0.02455125129857256
P01293,Good,Good,0.000985126971240022,0.07872110224479344,0.8176197523983411,0.10267401838562548
P00746,Good,Good,0.0005519119486093359,0.055430246655294745,0.6991365849975194,0.24488125639857644
P08338,Excellent,Excellent,3.7634822844242646e-05,0.007415193174802742,0.4673998727304899,0.5251472992718631
P00866,Average,Average,0.49037623939114416,0.499134043239977,0.010454915392841815,3.480197603702263e-05
P08758,Excellent,Excellent,3.7102051617536662e-06,0.0002575842541279754,0.06293005291466969,0.9368086526260405
P08145,Good,Excellent,2.095134723150186e-05,0.005479532983817697,0.4203379940090834,0.5741615216598674
P01253,Good,Good,9.172097784465125e-05,0.018495134348568695,0.6977255025913165,0.2836876420822702
P02276,Average,Average,0.03318785553627785,0.7327190943989698,0.23358635075244785,0.0005066993123045051
P02756,Average,Good,0.004701384220732107,0.3898199110761432,0.597205547331243,0.008273157371881671
P00947,Poor,Poor,0.9368920768643808,0.06308910221905982,1.8418958154467052e-05,4.019584049363574e-07
P08334,Average,Poor,0.9573157437703838,0.042675754051312235,8.242684421885164e-06,2.5949388218939244e-07
P04917,Excellent,Excellent,1.372628410900249e-05,0.00027682428656054055,0.05886967489952537,0.9408397745298052
P01699,Excellent,Excellent,9.988724844553906e-06,0.00025774054510292033,0.04509818912223901,0.9546340816078136
P04316,Average,Poor,0.8678708243379929,0.13203509900683844,9.140314601361992e-05,2.673509155087161e-06
P03033,Poor,Poor,0.52264020342271,0.4744271964003047,0.002905765946316746,2.6834230668554086e-05
P06729,Excellent,Good,6.100271802302219e-05,0.013501711656598577,0.508956802494556,0.4774804831308224
P07233,Excellent,Excellent,1.0111486581276199e-05,0.00026139138241218875,0.04562116117828972,0.9541073359527169
P00865,Excellent,Good,7.347024972993539e-05,0.012788074333702732,0.596622293499727,0.3905161619168403
P04438,Excellent,Excellent,5.01109173920046e-06,0.00043856767965478927,0.09392437056082638,0.9056320506677797
P08612,Excellent,Excellent,1.6553875478835805e-05,0.0005828476172426704,0.0809425557282225,0.918458042779056
P02527,Excellent,Good,0.00043853478671482894,0.07780936125833718,0.8123963378741696,0.10935576608077834
P05829,Good,Excellent,1.9835468605597928e-05,0.002339767741197229,0.24942258855736668,0.7482178082328305
P05448,Good,Good,0.0007374199845330285,0.15277846098657397,0.7539510302795744,0.0925330887493187
P00430,Good,Good,0.0003228912879940101,0.052957383495651496,0.7259589483539292,0.2207607768624253
P00191,Poor,Poor,0.9230042776478589,0.07695902251174705,3.5069144707815445e-05,1.6306956862332815e-06
P06704,Average,Average,0.03247374693498559,0.7321747855514754,0.23433549361338513,0.001015973900153872
P07612,Good,Excellent,1.427083415852723e-05,0.0002959622610507233,0.061482078933748366,0.9382076879710424
P05842,Average,Average,0.03000769345153984,0.6432940809007551,0.3256685997295919,0.0010296259181131254
P01793,Poor,Average,0.22842768161956167,0.766233926603303,0.005240490430139607,9.790134699558527e-05
P01521,Good,Good,0.004625094453943189,0.3527358830665356,0.6167483234835283,0.025890698995992972
P06474,Poor,Poor,0.9643540693313477,0.0356389209045401,6.2441063104311596e-06,7.656578017820371e-07
P01198,Average,Average,0.04077033039189601,0.7785056359931968,0.18028182498329262,0.0004422086316144729
P07254,Excellent,Excellent,4.808862256965563e-05,0.003029288325053946,0.2588849064857634,0.7380377165666131
P00636,Good,Excellent,3.773378848329362e-05,0.0018655321278807089,0.21342788190115417,0.7846688521824818
P00609,Poor,Poor,0.9619673330767373,0.03802588899345965,6.5500152871276555e-06,2.2791451582443077e-07
P07278,Poor,Poor,0.9563112305188556,0.043676326082326994,1.1526585471318046e-05,9.168133463655666e-07
P08837,Average,Average,0.15972083863611447,0.7891533539675258,0.05100060621468369,0.00012520118167599317
P00616,Good,Excellent,0.0001441960599486971,0.01251025030230121,0.47419336100712023,0.5131521926306299
P01908,Average,Average,0.018937734694082095,0.6862971266347833,0.2937318058016063,0.0010333328695282802
P05036,Poor,Average,0.10394835658116172,0.8261248729580761,0.06977227911271719,0.00015449134804488863
P05686,Good,Good,0.00016858736642206485,0.050781706663686615,0.8460115361342808,0.10303816983561051
P02256,Average,Average,0.09351983333749254,0.8393216771471922,0.06706411868446129,9.437083085389497e-05
P05635,Good,Excellent,6.813954643840924e-05,0.005475174253651571,0.40656363149404884,0.5878930547058612
P06089,Good,Average,0.008433705747963503,0.4974488202210448,0.4897954583173561,0.004322015713635623
P00580,Average,Average,0.09594640666269355,0.7196609618030434,0.1838392931649254,0.0005533383693376865
P05835,Good,Good,3.308206947463638e-05,0.010331994264871367,0.5472302025987862,0.4424047210668679
P04993,Excellent,Excellent,3.26205630400238e-06,0.0002037507542517946,0.055310364459347866,0.9444826227300963
P08771,Poor,Poor,0.9230869702191062,0.07681542558109414,9.610690007993993e-05,1.4972997197360074e-06
P09910,Good,Good,7.610015216698816e-05,0.0382823073873991,0.7420567397521981,0.21958485270823583
P04049,Good,Average,0.02832917219691808,0.627713718789033,0.34262662032059443,0.001330488693454494
P00313,Good,Good,0.0004660496626279088,0.03128308543972388,0.602629298681808,0.36562156621584035
P07687,Average,Poor,0.6796924881891996,0.3190442372848081,0.0012576450545191316,5.629471473171183e-06
P06910,Average,Good,4.7303953301618225e-05,0.029960374553607012,0.7217811893958652,0.24821113209722606
P09835,Good,Excellent,1.785517228135712e-05,0.0004947362907340154,0.09162639013024448,0.9078610184067402
P07924,Excellent,Excellent,9.29314385669936e-06,0.0002262515814465298,0.04120917805494374,0.9585552772197531
P03132,Average,Poor,0.7218897019193027,0.2777109326377592,0.000393764359639254,5.601083298813087e-06
P02975,Excellent,Excellent,1.5284616186078698e-05,0.0003439999516675728,0.06857574863870297,0.9310649667934434
P06702,Excellent,Excellent,1.420922008804773e-05,0.0004574755843499908,0.06798169707658121,0.9315466181189807
P04738,Excellent,Excellent,1.502316914647395e-05,0.0005072987203267831,0.07289795227666553,0.9265797258338612
P07528,Poor,Poor,0.9575936521382706,0.04239669780181337,8.744843209942375e-06,9.052167061747243e-07
P03597,Good,Good,5.7905923741831035e-05,0.015823071231779624,0.5598730353168476,0.424245987527631
P08227,Excellent,Excellent,1.4871844247956658e-05,0.0004901327422674467,0.07148750735537365,0.928007488058111
P05126,Good,Average,0.020306883126927924,0.6151459485674621,0.36278500235153394,0.001762165954076108
P06237,Excellent,Excellent,1.1392071810145734e-05,0.00018813549968199945,0.04444455465197935,0.9553559177765286
P09394,Average,Good,0.0009182956470295641,0.1487037432846174,0.7966117723425891,0.053766188725764046
P09657,Good,Good,0.0023129095706692485,0.39514957739060164,0.5938177576417859,0.008719755396943276
P02046,Excellent,Excellent,1.0765062246908858e-05,0.00016877592108713988,0.04118787517621491,0.958632583840451
P00857,Average,Average,0.006555671135785313,0.5147411845494723,0.4753719283359913,0.0033312159787511225
P05547,Poor,Poor,0.9538244972469045,0.04613261878153492,4.2045809846195273e-05,8.381617143201255e-07
P06629,Poor,Poor,0.8584185874961574,0.14146362985291736,0.00011474469378976598,3.037957135576638e-06
P06720,Good,Excellent,7.058856860491773e-05,0.005943446341304129,0.41673106251361325,0.5772549025764777
P00171,Excellent,Excellent,3.27115225835194e-06,0.00020481932442202412,0.05522467551830161,0.9445672340050181
P02266,Excellent,Excellent,5.661075947664442e-06,0.0002719076746475667,0.053626308714508734,0.946096122534896
P08962,Good,Average,0.009780751449019225,0.5139106874098486,0.4740688580371694,0.002239703103962644
P09373,Good,Good,0.00042530707193661626,0.09537171294659433,0.7519164223384192,0.1522865576430499
P01393,Excellent,Excellent,4.082822301502976e-05,0.0032168708155187725,0.24911566674716118,0.747626634214305
P00081,Excellent,Excellent,1.878392742324898e-05,0.005604496727948159,0.37032498606073666,0.6240517332838919
P01391,Excellent,Excellent,9.948090441529895e-06,0.0006935491097772553,0.10917267495519309,0.8901238278445882
P09236,Good,Good,0.0031616520005746224,0.2772699718687588,0.7013471473764641,0.018221228754202495
P05864,Good,Good,8.925123942767588e-05,0.04027773840201294,0.7772668331649686,0.18236617719359077
P05579,Average,Average,0.12799371465310067,0.8221253661796064,0.049735931691405166,0.00014498747588784008
P05775,Average,Average,0.014611649547623947,0.6865758809117267,0.29738244356780136,0.001430025972847937
P02696,Average,Average,0.009546727146012445,0.6229651981242363,0.3655497496341126,0.0019383250956386952
P01884,Poor,Poor,0.9659744417399564,0.0340177804823822,7.067599157416554e-06,7.101785038587233e-07
P04690,Poor,Poor,0.9238487949324199,0.07612289860399929,2.666513257342782e-05,1.6413310074168783e-06
P00764,Good,Good,0.0006388959869205205,0.07765637820691408,0.7213144281877036,0.2003902976184618
P07523,Average,Average,0.03125983336927499,0.8838795715274069,0.08469189617891558,0.0001686989244024721
P05343,Good,Good,7.94197438013777e-05,0.015075414686526628,0.6065525962357166,0.3782925693339555
P07868,Average,Poor,0.5980790489943798,0.40119513177178007,0.0007123485930876723,1.347064075254885e-05
P02799,Excellent,Excellent,5.3756506154414974e-06,0.0002489133853649738,0.0504916904119874,0.9492540205520322
P07356,Poor,Poor,0.6112472463548476,0.3878881050420155,0.0008612762796981539,3.3723234386250866e-06
P07995,Average,Good,0.002469128307978743,0.16157985204390538,0.7299976918536616,0.10595332779445414
P07669,Poor,Poor,0.960342541943614,0.03965008523862775,7.133896363013734e-06,2.389213954255941e-07
P08786,Good,Excellent,3.932484528697889e-05,0.008155371253539939,0.4884040989623097,0.5034012049388634
P02022,Average,Average,0.033008610198956054,0.6280038249975194,0.33819124887483987,0.0007963159286847788
P08862,Poor,Poor,0.9613655507364364,0.038626310432766216,7.312829494360622e-06,8.260013031630924e-07
P06753,Average,Average,0.02950718340737791,0.7692741935845704,0.20080602886452842,0.00041259414352328545
P01950,Good,Average,0.026904282779596743,0.6917142031569704,0.28053659565496575,0.0008449184084669795
P02550,Average,Good,0.004383649615324469,0.3879318010467983,0.6014215460395493,0.0062630032983278065
P02615,Average,Average,0.2353092103036785,0.7553990150247212,0.00925501332459316,3.676134700717597e-05
P06670,Poor,Average,0.4157918177623173,0.5737861180347732,0.010342011396954563,8.005280595491655e-05
P05486,Poor,Average,0.27934698600341,0.7139988413715836,0.006630165797177185,2.40068278291027e-05
P04662,Excellent,Good,0.002489425546189543,0.2639684526578522,0.7138071923895304,0.01973492940642788
P01278,Good,Good,0.0007082839298843415,0.13061424899011956,0.8137583494851365,0.05491911759485975
P00146,Good,Average,0.02605154470993535,0.6984117890184103,0.2750757246136562,0.00046094165799806167
P05364,Good,Good,4.555254338293022e-05,0.017629223806554458,0.6339500821695333,0.3483751414805292
P07742,Poor,Poor,0.9622706143517356,0.03769880243357362,2.988151470355015e-05,7.016999872988973e-07
P05325,Poor,Poor,0.9619357883935652,0.03803319214934829,3.0310322749187517e-05,7.091343373877597e-07
P00664,Excellent,Excellent,1.1228607103733171e-05,0.0003088915378006951,0.0514419924234033,0.9482378874316924
P04380,Poor,Poor,0.9403726822605207,0.059560759200054,6.554011271520991e-05,1.0184267100571412e-06
P01478,Poor,Poor,0.9579365508797525,0.04205517728950527,8.01585606977602e-06,2.559746722385253e-07
P07314,Excellent,Excellent,4.92159551986082e-06,0.0002149704074651015,0.0453443783165278,0.9544357296804873
P04012,Excellent,Excellent,5.843503504200481e-06,0.000287003390755004,0.057124030108491104,0.9425831229972497
P06797,Good,Good,0.001816619367296009,0.31163386355764117,0.6686159727321064,0.017933544342956385
P04005,Average,Average,0.022061236063423254,0.7692102698196535,0.20826180475396158,0.00046668936296161194
P00288,Good,Good,0.0034183666564829266,0.44138704988543753,0.5499698191402865,0.005224764317793041
P01704,Excellent,Excellent,1.2829422020243391e-05,0.0010825156974254946,0.14815497443669967,0.8507496804438547
P08580,Average,Average,0.019201116781494776,0.6110610033864051,0.3682186760792551,0.0015192037528449535
P08820,Excellent,Excellent,7.5209109268289356e-06,0.00043800751199524787,0.07838953257204777,0.92116493900503
P04590,Average,Good,0.0027281111019358847,0.4217074977360125,0.5699173329767385,0.005647058185313126
P00755,Poor,Poor,0.6421927350968042,0.35592511063128096,0.0018744533507364187,7.700921178409078e-06
P07584,Good,Excellent,2.018480293552151e-05,0.0023686534868642144,0.2524289763547866,0.7451821853554137
P01709,Excellent,Excellent,4.661072934532574e-06,0.00019655298104141158,0.04248138710554221,0.957317398840482
P03744,Poor,Poor,0.9645531073943069,0.03544101495210793,5.667067680190155e-06,2.105859049261984e-07
P07122,Excellent,Excellent,3.814011469165906e-06,0.00026849387763161156,0.06688399302234062,0.9328436990885587
P01257,Average,Average,0.12080031961662961,0.719666968260847,0.15902630769752327,0.0005064044250001511
P07163,Good,Good,0.002075448989954614,0.2712819763102459,0.7111762935704325,0.015466281129366911
P06185,Good,Good,0.004304108355338257,0.35041715562444004,0.6354025902263111,0.009876145793910706
P05332,Average,Average,0.019750327356751553,0.5737419908709326,0.40438413417779795,0.002123547594517917
P01633,Average,Average,0.2734660805843081,0.7091248570209857,0.01734137816333869,6.768423136749725e-05
P08809,Good,Good,0.0026819652568053996,0.25004692032409165,0.7203510561269533,0.02692005829214965
P07206,Average,Good,0.0026993752109661954,0.2923454878132277,0.6866501634058559,0.018304973569950013
P08538,Average,Good,0.0035087625857439654,0.4506700704180488,0.5353380588189864,0.01048310817722077
P02123,Excellent,Excellent,2.851363299117554e-06,0.00016093288576142379,0.04701801474684398,0.9528182010040954
P00373,Average,Average,0.06318383005641551,0.8567886282973622,0.0797965640961825,0.00023097755003953738
P03668,Excellent,Excellent,9.36812028157659e-06,0.00023007692529736324,0.041677711559961535,0.9580828433944596
P07479,Good,Excellent,3.0206496310788703e-05,0.0016027961934649809,0.21014413239369703,0.7882228649165273
P06303,Good,Good,0.0012309777468106152,0.16200613699074282,0.7925802884590629,0.0441825968033837
P09039,Poor,Poor,0.9600704811610764,0.03992215789355125,7.120504487661909e-06,2.4044088468579846e-07
P00899,Excellent,Good,0.00017432925224567682,0.017703641854322976,0.571291791872988,0.41083023702044336
P02217,Poor,Poor,0.9650991784987119,0.03489266572231547,7.427081428700346e-06,7.286975437588318e-07
P04949,Excellent,Excellent,0.00011188180842428643,0.008928974084349003,0.48752945289614824,0.5034296912110785
P08481,Excellent,Good,0.00020105231448665721,0.03673379490650693,0.7577913433872226,0.20527380939178375
P00116,Average,Average,0.12786395631499314,0.7849514761997608,0.08702413275304305,0.0001604347322031412
P02529,Good,Good,0.005233209783749839,0.4602143938345253,0.5307255202937057,0.0038268760880191053
P08630,Good,Good,7.575773234499682e-05,0.04085659365179366,0.7486842849117517,0.21038336370410976
P07896,Good,Good,8.745230392183051e-05,0.019162908239437726,0.6577970876495544,0.322952551807086
P09737,Good,Good,0.0014661243753492338,0.13855191879426965,0.7445417946942436,0.11544016213613742
P04550,Poor,Average,0.12213066176245937,0.8522152291030304,0.025566091623146412,8.801751136379505e-05
P03822,Average,Good,0.0038536993618199424,0.336881581283242,0.6461917552598214,0.013072964095116636
P02088,Good,Excellent,4.80069708379973e-05,0.006568992185723333,0.4342160398001526,0.5591669610432861
P05221,Excellent,Excellent,2.7138458205515556e-06,0.00014754470078735696,0.044263901882497625,0.9555858395708945
P01813,Average,Average,0.09451350323832912,0.7584409150521897,0.14669983361461802,0.00034574809486330997
P06043,Good,Good,0.0012976194137285615,0.16388088007353865,0.7637290996301737,0.07109240088255905
P00422,Good,Average,0.016861491747405727,0.8187179653974452,0.1636532618232434,0.0007672810319056309
P00559,Poor,Average,0.055213711514465254,0.811870957450594,0.13259069199353268,0.00032463904140802213
P06425,Good,Excellent,0.00013782268560965578,0.009794462768017069,0.4685435379588735,0.5215241765874997
P03133,Good,Good,0.005720365120161434,0.4150951769858919,0.5569406922831056,0.022243765610840967
P05809,Good,Average,0.024471036906434,0.5968493614603677,0.3769361510044147,0.0017434506287836837
P04251,Poor,Average,0.14386963473408235,0.8057977928032154,0.050120121835743735,0.00021245062695844294
P03414,Average,Good,0.002528161025766223,0.40188272703137357,0.5806892054088183,0.01489990653404206
P07019,Poor,Poor,0.6087708224315196,0.38603062871889454,0.005177748073528153,2.080077605770219e-05
P05607,Average,Average,0.2818326206667024,0.7070982858744175,0.01104832697369514,2.0766485184932592e-05
P05125,Excellent,Excellent,6.0667593252308146e-05,0.003245160503216479,0.2867662194915273,0.7099279524120039
P07130,Excellent,Excellent,9.14092645455166e-06,0.00022011062445858543,0.040413896592720655,0.9593568518563663
P05892,Excellent,Excellent,1.0204141968003796e-05,0.001441012167961747,0.20270296615818104,0.7958458175318892
P04208,Poor,Average,0.37888982721051007,0.6187501685953932,0.0023538328328835826,6.171361213018311e-06
P04028,Excellent,Good,0.0004076286684019569,0.058558015891539666,0.7784325798430534,0.162601775597005
P02521,Average,Poor,0.9173563516053115,0.08261022270319716,3.1504506572843625e-05,1.9211849183435503e-06
P05548,Average,Good,0.0010616296964860667,0.11824641829264575,0.742061065055736,0.13863088695513226
P05279,Excellent,Excellent,9.812360627913804e-06,0.00024769819450705133,0.043944936873592515,0.9557975525712724
P01517,Good,Good,0.00022961292746867876,0.04837964118581832,0.7379426835642444,0.21344806232246846
P00715,Good,Good,0.0016316950677057495,0.18530633415368486,0.7443519616879887,0.06871000909062074
P06935,Good,Good,0.0032490414625483016,0.22837289678212438,0.7253608181082756,0.04301724364705179
P01883,Average,Average,0.17390251077721738,0.7799234776227282,0.04609852814759759,7.548345245699136e-05
P00275,Average,Average,0.2517894524294848,0.7401033171491656,0.008071081750334051,3.614867101549259e-05
P07358,Excellent,Excellent,2.8814108044989107e-06,0.0001639352141285717,0.04762608270324926,0.9522071006718177
P09695,Average,Poor,0.501803529873411,0.49653328794844986,0.0016529792405246136,1.0202937614516765e-05
P07703,Poor,Poor,0.9528209123109174,0.04716486184901406,1.3226028250057894e-05,9.998118187034535e-07
P08249,Excellent,Good,0.0019199122499046497,0.14578644019253534,0.7001558875012402,0.15213776005631988
P07058,Good,Good,0.004504954335317488,0.41953548732492413,0.5714028768899637,0.004556681449794715
P05347,Poor,Poor,0.9656717745002288,0.034321661424124114,5.827127694304303e-06,7.369479526446184e-07
P07370,Average,Average,0.11024242445620618,0.8618132101754851,0.027879610985702016,6.475438260673859e-05
P06751,Excellent,Excellent,1.0761464931517606e-05,0.00016866601408142286,0.04116924603429245,0.9586513264866946
P05008,Poor,Poor,0.9179602208810947,0.08200673099877595,3.250367268539802e-05,5.44447443744519e-07
P06431,Good,Good,0.00041681352415528865,0.06844868929397498,0.8293558983683622,0.10177859881350752
P02421,Poor,Poor,0.9658079090547439,0.03418557421021063,5.782600299991688e-06,7.341347455326658e-07
P04221,Poor,Poor,0.9625332360687235,0.03743654023345116,2.952588687399311e-05,6.97810951281399e-07
P07123,Excellent,Excellent,1.0858876301966681e-05,0.00017189591341126623,0.04176019268388714,0.9580570525263997
P04116,Average,Average,0.11439434073509626,0.8234953995896415,0.06199758983419698,0.00011266984106519422
P04542,Poor,Poor,0.9007256350587981,0.09922734936722892,4.488408874677821e-05,2.1314852262438987e-06
P06846,Good,Good,9.4584870487505e-05,0.025943903900981065,0.740384180647499,0.23357733058103244
P01143,Excellent,Excellent,2.717063424910417e-06,0.00014782764130350407,0.044320056285942926,0.9555293990093285
P02658,Excellent,Excellent,5.084782228420238e-05,0.004018902878883441,0.3317176766860328,0.6642125726127995
P03026,Good,Excellent,6.941182045966916e-05,0.010124601597679113,0.4853693480665633,0.5044366385152979
P06404,Average,Average,0.10685262138996163,0.7853631774472409,0.10749433098838115,0.00028987017441626145
P05702,Good,Good,0.0004680775650157403,0.08418313903269276,0.7837289301187498,0.13161985328354175
P02229,Good,Average,0.010059225439827204,0.5231136519201094,0.46322037863276927,0.0036067440072940775
P02961,Poor,Average,0.06599676438972008,0.8361693207532623,0.0977167021786356,0.00011721267838195913
P02549,Average,Average,0.09072425880325703,0.7139569186797956,0.1946273300317406,0.0006914924852065869
P06378,Average,Good,0.00542007127249555,0.49275070235796314,0.49934751465040483,0.0024817117191364623
P06530,Good,Average,0.05338847952955536,0.678182752675018,0.2674698361430589,0.0009589316523676177
P03528,Excellent,Excellent,1.3605286225958997e-05,0.0002667017150032979,0.05674231331137116,0.9429773796873996
P08385,Excellent,Excellent,9.218679644686196e-06,0.0004699448167706269,0.07677561920701809,0.9227452172965666
P04596,Average,Average,0.07797778872689048,0.8176011123234074,0.10423058760163603,0.00019051134806618035
P08590,Good,Good,0.0022247835785310583,0.19996283245808782,0.7192381335943023,0.07857425036907872
P03673,Good,Average,0.021649059416981312,0.5921634042227175,0.38503813855213,0.0011493978081712312
P03808,Average,Poor,0.7532180274308391,0.24595478504710455,0.0008238524023920078,3.3351196644292422e-06
P01531,Excellent,Excellent,1.529152805177442e-05,0.003658490242185631,0.33916607772341223,0.6571601405063504
P08791,Average,Average,0.05649966996639557,0.7874368731254497,0.1556724816599493,0.0003909752482054273
P06653,Average,Good,0.0010533281907735982,0.28872177742246774,0.6979968893497733,0.012228005036985297
P06289,Poor,Average,0.31471436956513577,0.6819632270006339,0.003306297801610378,1.6105632619932336e-05
P06686,Good,Good,0.0038615858664434177,0.4657255158376587,0.5266942358294676,0.003718662466430364
P05617,Excellent,Good,0.0006132549337757328,0.05705122603103222,0.6539516537460044,0.2883838652891877
P08840,Poor,Poor,0.6597944969438548,0.3384528729989385,0.0017448904434254405,7.739613781175892e-06
P01191,Excellent,Excellent,1.1081073060183692e-05,0.0001791149736318985,0.04302506302842624,0.9567847409248817
P07490,Poor,Poor,0.8848978573536563,0.11503557584633635,6.577031342132659e-05,7.964865858834674e-07
P08965,Good,Good,0.0036492741518396946,0.28947345214657666,0.6489010015814252,0.05797627212015843
P07564,Average,Average,0.03445707809477144,0.8181115166557495,0.14687376313050593,0.0005576421189730422
P08928,Excellent,Good,4.00293143053188e-05,0.019605000887691286,0.6789450938576178,0.30140987594038554
P02338,Excellent,Excellent,0.00019013185408398392,0.010049938912813465,0.38671101509967265,0.6030489141334299
P09586,Excellent,Good,0.00033680919794751096,0.02335159292187935,0.5811710902046602,0.39514050767551295
P04192,Good,Good,0.00015292900033757754,0.03979964802371604,0.7676521868527674,0.192395236123179
P00431,Average,Average,0.020032056108298328,0.6502352633371432,0.3287697644089134,0.0009629161456449973
P07381,Average,Average,0.1733264590189029,0.8124650381314495,0.014186622124035039,2.1880725612504927e-05
P06464,Good,Average,0.09115866547993139,0.6856325132914213,0.22255363202935582,0.0006551891992916063
P00564,Good,Excellent,1.1113120477762978e-05,0.0008251180130847992,0.11472299557406877,0.8844407732923686
P00927,Excellent,Good,0.0001392307989374481,0.03685904014119549,0.7160177854670016,0.2469839435928655
P09514,Excellent,Excellent,3.9856152035090984e-05,0.00283416077138174,0.23760284754011554,0.7595231355364676
P00969,Poor,Poor,0.9483217885628644,0.05166582535981529,1.2064741879352554e-05,3.2133544099940366e-07
P03983,Good,Excellent,0.00010069301742495663,0.007731300002900058,0.422606755876195,0.56956125110348
P02981,Good,Excellent,7.228113687773664e-05,0.005296784203847994,0.3277988510331637,0.6668320836261106
P02060,Good,Average,0.010560867207313243,0.49532947475382655,0.49214179603244695,0.001967862006413205
P02541,Poor,Poor,0.7166511215343812,0.28222432233145983,0.0011071798687712852,1.737626538778311e-05
P08243,Good,Good,0.005500071012387781,0.410572766013654,0.5768548827104469,0.007072280263511314
P03775,Average,Average,0.01731838111246216,0.6877628743735005,0.293444754341572,0.001473990172465227
P00607,Excellent,Good,8.448134423645216e-05,0.0387988551150366,0.7284833681173756,0.23263329542335154
P01848,Poor,Average,0.060760882484318136,0.7748497496029143,0.16405489280586627,0.0003344751069014914
P04619,Poor,Poor,0.8171134857385144,0.18272777421269684,0.0001549768598207657,3.7631889680644038e-06
P04013,Excellent,Excellent,1.9689145999849906e-05,0.003688493579385709,0.33231987717885414,0.6639719400957603
P03917,Average,Average,0.1925009983683981,0.7842978045382479,0.023147093920825694,5.410317252833962e-05
P07103,Poor,Poor,0.931744630771042,0.06817323044208583,8.091879186508972e-05,1.219995007110751e-06
P01860,Excellent,Excellent,1.1118793539489567e-05,0.00018060844972386648,0.04333275381040793,0.9564755189463288
P03167,Good,Good,4.094268696868952e-05,0.01812139294680222,0.654345539468899,0.32749212489733015
P02429,Average,Poor,0.9399459894316113,0.06003720022666831,1.6429948378289984e-05,3.803933420328441e-07
P04363,Excellent,Excellent,8.277533907837174e-06,0.00046729170370756563,0.07656066952843928,0.9229637612339453
P01010,Poor,Poor,0.7514776435277087,0.2481974441743841,0.0003198267940610082,5.085503846074935e-06
P02655,Average,Average,0.15442212474389666,0.8191710773213275,0.02636571254777388,4.108538700176092e-05
P08952,Good,Average,0.029791829935135936,0.7940694910740235,0.17532172334732865,0.0008169556435118393
P01322,Average,Good,0.002246448035165311,0.17870897148706139,0.7465946942817578,0.07244988619601546
P00108,Excellent,Good,0.0006326173364234161,0.08123339188802914,0.748866058674751,0.1692679321007964
P05061,Good,Excellent,1.6502372839273336e-05,0.003971315350609923,0.36475213327504696,0.6312600490015039
P07330,Average,Average,0.34603768448398936,0.6497952548856315,0.004147271657574062,1.9788972805083034e-05
P08281,Excellent,Excellent,1.4747469661266434e-05,0.00032842722270575315,0.0678429439896005,0.9318138813180324
P05425,Poor,Poor,0.9640887555321103,0.03590521011385809,5.820658062590536e-06,2.1369596900652512e-07
P07610,Good,Good,0.003173160547060391,0.37467539339891603,0.6181516205961398,0.003999825457883839
P04730,Average,Average,0.25865904287045377,0.7101244548786615,0.03115358183254006,6.292041834478239e-05
P02973,Poor,Poor,0.9627923254617572,0.03720121100963208,6.241283055904702e-06,2.2224555475156652e-07
P06350,Excellent,Good,0.00018655762706734972,0.013324391728918491,0.4995737245997223,0.48691532604429183
P05190,Good,Good,0.0006785326175840475,0.08524925091669411,0.7217949540936173,0.19227726237210457
P03090,Good,Average,0.09535500313866246,0.7401902094172327,0.1640957098637451,0.00035907758035973853
P08144,Poor,Poor,0.9263626467272048,0.07360342051245701,3.2373823839440924e-05,1.5589364987749232e-06
P04094,Good,Good,0.0007007157571735728,0.07641574525905288,0.7582605074284017,0.16462303155537172
P02738,Average,Average,0.13166556192801526,0.7515797202372182,0.11644543564591552,0.00030928218885094565
P02976,Excellent,Good,0.0001922178221259626,0.03757205956418448,0.7644029635982527,0.19783275901543682
P00189,Good,Good,0.006413953250938063,0.4212528540260667,0.5648339719700236,0.007499220752971551
P07253,Good,Good,0.0011486806968803382,0.22656374047658878,0.7412959738497081,0.03099160497682281
P01140,Average,Good,0.00045227970374109045,0.08971603267273799,0.8429502499520872,0.06688143767143384
P08634,Excellent,Excellent,2.3081458608111595e-05,0.0007877914188342597,0.12031659339591443,0.8788725337266431
P06201,Average,Average,0.37615304388577314,0.6185697281745598,0.005266348678825585,1.0879260841615328e-05
P01164,Average,Average,0.15650523944344708,0.7985364901442057,0.04481792551623453,0.00014034489611274608
P09205,Poor,Poor,0.9374486884067282,0.06252656872617125,2.342507948360308e-05,1.3177876168662812e-06
P04464,Excellent,Excellent,1.095002031123856e-05,0.00017493952189027667,0.042312479025415684,0.9575016314323829
P05841,Excellent,Good,6.592832575657399e-05,0.014266661877685884,0.593731902172976,0.3919355076235816
P04774,Poor,Average,0.10847958794567358,0.7947648204317097,0.0964344445096751,0.0003211471129416665
P00141,Poor,Poor,0.9504797415358875,0.049472487084001114,4.68477078187159e-05,9.236722926785425e-07
P01973,Poor,Poor,0.9625491714758501,0.03742062717640204,2.9503714802164733e-05,6.976329457889727e-07
P06649,Poor,Poor,0.9583752669098634,0.04158860053112634,3.537424105893519e-05,7.583179514566782e-07
P03758,Good,Good,0.001873200805239368,0.19696323708555238,0.7585346533663659,0.04262890874284223
P09513,Poor,Average,0.39128084327236645,0.5954602483775018,0.013225773538278916,3.313481185268546e-05
P04860,Average,Average,0.1792227397159112,0.7528121328102408,0.0677886283337838,0.00017649914006419399
P01272,Poor,Poor,0.9621012416744517,0.03789203427676752,6.49696196753038e-06,2.2708681303425463e-07
P05047,Excellent,Excellent,3.497573724402399e-06,0.0002298801691392907,0.060009545636641674,0.9397570766204947
P04004,Poor,Average,0.3511153045974209,0.6422153973755996,0.0066426774283329295,2.6620598646505553e-05
P05636,Excellent,Good,0.0003326338865407281,0.07637591774235193,0.8435179621578872,0.07977348621322022
P07607,Poor,Poor,0.8711978247851988,0.12872059776671707,8.067599982396133e-05,9.014482601506904e-07
P05024,Good,Good,0.0005844750284800447,0.13837136297599853,0.7886470180539361,0.07239714394158522
P08899,Good,Good,0.0005660299324389953,0.06609069837022608,0.6813041725129786,0.2520390991843563
P02690,Average,Good,0.0015564129776888059,0.1704939832890125,0.7611367024239228,0.06681290130937588
P05627,Poor,Poor,0.9382491259944018,0.06173366319052717,1.6819036387755117e-05,3.9177868320134187e-07
P09134,Excellent,Excellent,7.740745545188647e-06,0.000459574418858003,0.0808580179940787,0.9186746668415182
P04930,Average,Average,0.038975112298689496,0.8816155137435717,0.07924742203780646,0.00016195191993209745
P04206,Average,Average,0.41467465224721534,0.5715791399785256,0.013704852448468982,4.1355325790075364e-05
P09928,Average,Good,0.002629185142068644,0.3132518009735219,0.6757182431651504,0.008400770719259123
P04017,Excellent,Good,6.479645839584677e-05,0.02529465237652369,0.6497359875483847,0.3249045636166959
P02356,Good,Good,0.0006978823315494068,0.0729285121429806,0.7042741001862933,0.22209950533917652
P01897,Good,Excellent,3.549639223007997e-06,0.00023459811088483436,0.06046051806285652,0.9393013341870357
P00890,Good,Good,0.0016316187911762541,0.1348946020007374,0.7389705738447198,0.12450320536336669
P07659,Average,Poor,0.6970445111736182,0.3019181045372293,0.0010224443137938869,1.4939975358591003e-05
P07207,Average,Average,0.20837095064759417,0.7609541272745125,0.030610478860667853,6.444321722550029e-05
P02026,Excellent,Excellent,4.193649391548098e-06,0.0003165934077953215,0.07488330000026475,0.9247959129425484
P01583,Average,Poor,0.5384500458835159,0.45689332730702187,0.004643126299262185,1.3500510199996107e-05
P07866,Average,Average,0.3987783013316261,0.5921059075714394,0.009068461225323886,4.7329871610494344e-05
P09387,Average,Average,0.0435684479262568,0.7864772704992434,0.16947722730408976,0.0004770542704099479
P05570,Poor,Poor,0.962366106652765,0.03762727457667608,6.393482686052898e-06,2.2528787279926025e-07
P03063,Average,Poor,0.64055468060197,0.35832734252084797,0.0011076422036119208,1.0334673570059288e-05
P05734,Average,Good,0.0006010600595027214,0.05704639499964816,0.7159668874858147,0.22638565745503456
P07603,Excellent,Excellent,1.4715530265241156e-05,0.0004851513522633845,0.07094333210855369,0.9285568010089177
P08891,Average,Average,0.40633305823936494,0.5863986166032118,0.007218926688316047,4.93984691071328e-05
P01976,Good,Good,0.000517824420762145,0.15900957844173624,0.7777127275090977,0.06275986962840402
P09532,Good,Good,0.00037864312562374173,0.08597336134727161,0.7406037655301596,0.1730442299969451
P05282,Good,Good,0.00016962669042476289,0.07454429099414134,0.8232478792934742,0.10203820302195973
P06485,Good,Good,0.0021265440542684107,0.25018967687451593,0.6851512210503183,0.06253255802089727
P03173,Poor,Poor,0.9594804018433045,0.04048519940488872,3.364558729914217e-05,7.531645075056095e-07
P05253,Excellent,Excellent,1.074380599535939e-05,0.00016808328320805542,0.04106200993644794,0.9587591629743486
P01382,Excellent,Excellent,2.490570836380556e-05,0.0036480960562145035,0.33897182818406196,0.6573551700513597
P03623,Good,Good,0.0010913853334685306,0.17493547957115185,0.7799916484216678,0.043981486673711816
P06840,Excellent,Excellent,2.8310003684086766e-06,0.00015893936433225277,0.046597124255476484,0.9532411053798228
P04215,Good,Average,0.048079517060149284,0.624556943898258,0.32601590614734066,0.0013476328942520176
P05678,Excellent,Excellent,5.166623662069655e-05,0.0044798518464895165,0.3099842669949911,0.6854842149218987
P07894,Poor,Poor,0.9574123078760453,0.04255020352686098,3.6708973884735085e-05,7.796232091222616e-07
P06297,Average,Poor,0.5114403760772075,0.48327683536241534,0.005267912860359092,1.4875700018014243e-05
P04968,Poor,Poor,0.7102815396070178,0.28866326744472476,0.001050654453881098,4.538494376421001e-06
P04649,Excellent,Good,0.0003559208950350545,0.12448447228246737,0.7923538144440835,0.08280579237841419
P00888,Average,Average,0.07336001515169864,0.6793020573498334,0.24658176155316305,0.0007561659453047613
P07601,Poor,Poor,0.5085701375444823,0.4899418105815634,0.0014832853804608228,4.76649349346593e-06
P09704,Excellent,Good,0.00021880871217804486,0.031845551381372864,0.7515266361973447,0.2164090037091042
P05111,Excellent,Excellent,2.774321341251032e-06,0.00015312014067856314,0.0454032665490575,0.9544408389889226
P05235,Good,Good,0.002113012939155766,0.1844225184723084,0.7545147198852659,0.05894974870326998
P05952,Excellent,Good,0.00014295316380096625,0.029192627253138304,0.68423301145241,0.28643140813065066
P05392,Good,Good,0.0028815759546245985,0.27658960151968354,0.7024100782172036,0.018118744308488283
P02987,Poor,Poor,0.9531169911691779,0.04686879538359546,1.3230889660096536e-05,9.825575663788528e-07
P00579,Average,Average,0.14393128579322434,0.7682940990880979,0.08753213013820405,0.00024248498047387806
P00541,Excellent,Excellent,4.3053375497114084e-05,0.0026751782584591988,0.2819619593463543,0.7153198090196894
P00502,Average,Average,0.20545297976019733,0.7778007140614748,0.016683278534699558,6.302764362840341e-05
P01091,Good,Good,0.0008906725983142427,0.11400880826616089,0.7385529072172501,0.14654761191827467
P02199,Excellent,Good,8.777429386017239e-05,0.01830232379235154,0.6880833211559761,0.2935265807578122
P03384,Average,Good,0.0031578180249392986,0.38420465063244746,0.6070815794672444,0.00555595187536884
P04818,Average,Average,0.1988048315084485,0.776238037116357,0.02486018121550983,9.695015968453412e-05
P06306,Average,Average,0.08736990302970914,0.7355496299215449,0.1761797507772828,0.0009007162714631364
P04779,Average,Average,0.031925573257560826,0.8107075153131524,0.15695699601613733,0.00040991541314955803
P03460,Excellent,Excellent,7.418883807248553e-06,0.00042929193747999873,0.07801636217982134,0.9215469269988915
P09639,Good,Good,0.0007410553223292372,0.12090546761290163,0.7855228699044131,0.09283060716035602
P08485,Good,Good,0.0009490353674392127,0.1162443105381802,0.7592976556823798,0.12350899841200079
P09665,Good,Average,0.012587392997595091,0.6187939131978835,0.36738464932358855,0.001234044480932954
P08986,Good,Good,0.0004947223390566153,0.06807376359677746,0.7783294062048527,0.15310210785931322
P09344,Average,Poor,0.6672657157581383,0.33211706268379076,0.0006093266837588773,7.89487431195858e-06
P04881,Excellent,Excellent,9.612917666688815e-06,0.0013218550019856229,0.18675117450741133,0.8119173575729364
P05192,Average,Average,0.03883381126546575,0.7172733334635748,0.24343065927149635,0.0004621959994632269
P05133,Good,Good,0.002638885724410818,0.2181803292269055,0.7450334703723019,0.03414731467638172
P05287,Excellent,Excellent,0.0002209401752530947,0.010202595409183576,0.35976253958784965,0.6298139248277136
P05653,Average,Average,0.0658954730439072,0.7008757453954653,0.23225350579086482,0.0009752757697626524
P08673,Poor,Average,0.4803555708967482,0.5179634777011114,0.0016764107142289274,4.540687911421056e-06
P03692,Poor,Poor,0.9371702717536502,0.06280505171363639,2.3359980756802856e-05,1.3165519567131715e-06
P00026,Excellent,Good,0.00013374880351227646,0.016597174006630806,0.5950063474365982,0.38826272975325876
P01179,Excellent,Excellent,2.811331409266499e-06,0.00015691332754285567,0.046149893368493664,0.9536903819725542
P07928,Average,Average,0.05743322356394495,0.8186060710348196,0.12356608619080489,0.0003946192104306054
P03265,Excellent,Good,6.77449431335376e-05,0.0206955031563488,0.6995476371266536,0.27968911477386404
P08693,Good,Good,0.004376730353394913,0.301670380305086,0.666515350261355,0.027437539080163963
P01979,Average,Average,0.00958545066891729,0.6726596020694792,0.3166606997508905,0.0010942475107130457
P01856,Excellent,Excellent,4.6719354467828864e-06,0.00019731995344634306,0.04261324840601566,0.9571847597050912
P06727,Excellent,Excellent,1.033293971907447e-05,0.0015199422280163016,0.21129694264360518,0.7871727821886594
P08806,Excellent,Excellent,1.716207130183896e-05,0.0004304029062214375,0.08027574267772128,0.9192766923447554
P03751,Average,Average,0.45447507627528677,0.5354615777771743,0.0100326583386024,3.068760893654805e-05
P05152,Average,Average,0.050094155738348835,0.6830746652931642,0.265876809863891,0.0009543691045957928
P02758,Excellent,Excellent,2.921283342999538e-06,0.00016747553916913695,0.04810049460277533,0.9517291085747125
P08918,Poor,Poor,0.9646715560619722,0.03532010066243338,7.605538986735321e-06,7.377366076433046e-07
P07444,Excellent,Excellent,2.81200418894502e-06,0.0001570523537648279,0.04622170552816333,0.9536184301138829
P00833,Good,Good,0.00016238968740185194,0.019916199133185493,0.6179769840480438,0.36194442713136876
P05694,Average,Average,0.2087141465102601,0.7650363717516067,0.026149337921700766,0.00010014381643267902
P03955,Good,Good,0.0009314484795999316,0.17593422359114116,0.7613754769807608,0.06175885094849808
P02038,Good,Good,0.0027807126342207916,0.2539555911850676,0.7199280441077868,0.02333565207292477
P07169,Average,Average,0.2527644324222461,0.7233297212607931,0.02385757992592545,4.826639103534046e-05
P05304,Poor,Poor,0.9580609241038537,0.041902473420015886,3.5840098583967455e-05,7.62377546278814e-07
P08643,Poor,Poor,0.9519865892584768,0.04796741537130585,4.5139800660759985e-05,8.555695564980057e-07
P03303,Poor,Poor,0.960517292472935,0.03947243371276435,9.44722811463849e-06,8.26586185984063e-07
P07965,Excellent,Excellent,5.666876016644201e-06,0.00027188364876202907,0.05368817151590111,0.9460342779593203
P06713,Poor,Average,0.19559019982741913,0.7419066298621375,0.062329858862295875,0.00017331144814770424
P02104,Average,Average,0.0507972779726677,0.7028728245407015,0.2459231333433056,0.0004067641433251935
P09022,Average,Good,0.0003900450391048195,0.10972279578353572,0.8079386536708324,0.08194850550652702
P03284,Poor,Average,0.32893186366119775,0.666302874335669,0.004755310754522075,9.9512486110377e-06
P07055,Good,Average,0.02533118594621549,0.7639041308154293,0.20985203330247934,0.0009126499358757084
P04290,Poor,Poor,0.954596735921877,0.04538998585817598,1.2326957359346862e-05,9.512625877656754e-07
P01910,Excellent,Excellent,1.8317578199849027e-05,0.0006930439191084719,0.09110304368545527,0.9081855948172364
P09008,Excellent,Excellent,3.3139019830424764e-06,0.00020943034241608383,0.05632119468903051,0.9434660610665704
P09689,Average,Poor,0.7353539068137117,0.2643161055303146,0.0003241235912511336,5.864064722603761e-06
P04647,Poor,Poor,0.9595612776796689,0.04040439834190734,3.357680246787107e-05,7.471759557380969e-07
P09526,Good,Good,0.008056430856974267,0.37791831515124086,0.6087309041858535,0.005294349805931318
P02178,Excellent,Excellent,3.544280703535559e-05,0.005252688491047732,0.39334360600627283,0.6013682626956441
P00766,Average,Average,0.08044027387778052,0.8871865146250866,0.03225284324332075,0.00012036825381211989
P05791,Excellent,Excellent,1.3665860352987596e-05,0.0002704736904172875,0.05825847544184585,0.9414573850073837
P05707,Excellent,Excellent,3.6919391009581345e-05,0.0028237337771540643,0.2233122105993603,0.7738271362324761
P08497,Average,Average,0.07079142510461733,0.7769111144610978,0.15188952131862196,0.00040793911566288304
P09323,Average,Average,0.022716104424645504,0.6226020387877635,0.35382478103830933,0.0008570757492816633
P00630,Good,Good,0.0016698366717368962,0.18421027165325596,0.7392171249584707,0.07490276671653644
P07304,Excellent,Excellent,1.1000612486798187e-05,0.0002983444694220061,0.05024246910786646,0.9494481858102247
P08286,Poor,Poor,0.9634606718849786,0.03653200792321366,6.535235077157847e-06,7.849567307181557e-07
P04216,Poor,Poor,0.9159908834640568,0.08397643405167556,3.08395182909532e-05,1.8429659767605136e-06
P07426,Average,Poor,0.529229582402191,0.468740968114713,0.0020232449185401077,6.204564555811099e-06
P04500,Poor,Average,0.11076449779176956,0.8285367073687208,0.06054125569457066,0.00015753914493905622
P05919,Good,Good,0.0021942796898250213,0.24184520260228548,0.7274968882490069,0.028463629458882703
P03880,Poor,Poor,0.9609308402446581,0.039036740413787525,3.169551811163234e-05,7.238234427566851e-07
P07628,Poor,Poor,0.9600360304926304,0.03995531148351817,7.799323793462351e-06,8.587000578933654e-07
P04601,Average,Average,0.1767962838050554,0.8042821732330101,0.01885107649776488,7.046646416965527e-05
P05687,Good,Good,0.000546896284818616,0.08331958268990469,0.8340337926997482,0.08209972832552859
P08501,Poor,Poor,0.9275355039173843,0.07243318127083652,2.9814801844844828e-05,1.500009934251781e-06
P05039,Good,Excellent,2.4064333385353434e-05,0.0007789050247670766,0.1138955216547161,0.8853015089871316
P04712,Poor,Poor,0.9352249242445719,0.06469855292023988,7.542014398240709e-05,1.1026912059219636e-06
P04075,Average,Poor,0.6465208705778565,0.3505887625823814,0.0028795876616210885,1.0779178140984716e-05
P01821,Average,Average,0.3841866068453765,0.6095917532455514,0.006181652536012765,3.9987373059407254e-05
P01963,Poor,Average,0.11990379812755456,0.8468615616824864,0.03311208947381148,0.00012255071614737184
P09376,Good,Excellent,2.6010178977438413e-05,0.0012430438432156428,0.1365144434962989,0.8622165024815079
P01372,Average,Average,0.0360358018503616,0.6762795129040399,0.2866679439018723,0.0010167413437262205
P06099,Poor,Average,0.07086558469934998,0.8522410735688545,0.07665584876953888,0.00023749296225654507
P07113,Good,Average,0.06660383582571332,0.8223694980498291,0.11089829979836356,0.0001283663260939883
P08427,Good,Good,0.0004486644416597039,0.12403827600633041,0.7800927671591215,0.09542029239288853
P06318,Average,Average,0.013192965605766925,0.6162671524463681,0.36928702792379636,0.0012528540240685142
P00436,Excellent,Excellent,2.0178536970835017e-05,0.0006075085577186793,0.10304968056188638,0.8963226323434242
P06644,Poor,Poor,0.9596231429593735,0.040366186571191426,9.827535247344806e-06,8.429341879139285e-07
P03350,Excellent,Excellent,2.947202651496155e-06,0.00017061986454450099,0.04887705500960584,0.9509493779231982
P04658,Good,Good,0.0003559977233762828,0.10731774774528535,0.8107350843044263,0.08159117022691204
P05362,Excellent,Good,4.3905820679669215e-05,0.011233862991929503,0.5480579774120277,0.4406642537753631
P01195,Poor,Poor,0.9654745963674908,0.03451877067134192,5.89194985297274e-06,7.41011314097516e-07
P04302,Average,Poor,0.7311573424603787,0.26776725721194267,0.0010576116412198667,1.7788686458802575e-05
P07105,Average,Good,0.0007547393521375611,0.08208354261466735,0.7310723755994025,0.18608934243379247
P04667,Excellent,Good,7.27130263925032e-05,0.013486844817109753,0.5733218973313992,0.41311854482509863
P04234,Good,Good,0.000587220666912855,0.09374877311661511,0.7777321226979645,0.12793188351850748
P05460,Average,Average,0.03556917358658398,0.7991694974122171,0.16476106573655844,0.0005002632646403524
P02707,Excellent,Excellent,1.1957066064851497e-05,0.00034508366091373725,0.05524306544482778,0.9443998938281936
P02013,Excellent,Excellent,1.8649639021675802e-05,0.0021009103212958884,0.21191894621370133,0.7859614938259811
P00734,Average,Average,0.054227986134007686,0.8143902317296107,0.13112745791134978,0.0002543242250318541
P01686,Poor,Poor,0.9208867503565032,0.0790840424685592,2.6994414876862726e-05,2.212760060486604e-06
P06654,Poor,Poor,0.95755176185245,0.04241090844133402,3.6557376635293905e-05,7.723295807564376e-07
P02788,Poor,Poor,0.955619754351993,0.044339993678284964,3.944637201346654e-05,8.055977085999257e-07
P05557,Excellent,Excellent,1.7235961804148417e-05,0.0018313760677891205,0.22007938876531577,0.778071999205091
P04929,Average,Good,0.002350806683386505,0.26421573442250096,0.7088473009002093,0.024586157993903172
P01156,Excellent,Excellent,3.709297528507267e-05,0.0017596103460237622,0.18075662953093635,0.8174466671477548
P05435,Good,Good,0.00012896873219021523,0.018178050043972875,0.6368213287841118,0.3448716524397251
P00472,Poor,Poor,0.7524023238037891,0.24678191252676943,0.0008120973490765437,3.666320364870379e-06
P07461,Average,Average,0.2635384714872015,0.7111792121675449,0.025115037478911473,0.0001672788663420036
P02645,Poor,Average,0.39564635281386806,0.6005313206300825,0.003804397272144245,1.7929283905156255e-05
P00509,Poor,Poor,0.9650051417473576,0.03498806087001057,6.046644146698943e-06,7.507384849632065e-07
P05114,Poor,Poor,0.8022610491255974,0.19756189705224766,0.0001728431468180465,4.210675336742334e-06
P05787,Excellent,Excellent,1.6646281427744332e-05,0.00042276593556247956,0.08133504699823664,0.9182255407847733
P07086,Average,Average,0.02001393426872823,0.6025057798500202,0.37584817046893987,0.001632115412311674
P01075,Good,Good,0.00406550515868763,0.3878888368673999,0.6010794351517491,0.006966222822163318
P03826,Poor,Poor,0.6558914340297366,0.34268863489820467,0.00141399420427604,5.936867782709385e-06
P00384,Average,Average,0.15346795853118414,0.7487760974017058,0.09741246508279532,0.0003434789843147705
P03359,Poor,Poor,0.9328051534675349,0.06716656647679478,2.6867538327988674e-05,1.4125173423850381e-06
P02194,Good,Excellent,8.48500250364869e-06,0.0005199165763211637,0.08588719369399452,0.9135844047271806
P05481,Poor,Poor,0.9605815508151376,0.03941121212618362,6.999963430510214e-06,2.370952482186035e-07
P03306,Average,Poor,0.8926934655738439,0.10725831030672547,4.7510065328550645e-05,7.140541020798646e-07
P09365,Poor,Poor,0.9361601730863938,0.06381468058214113,2.3805096826771383e-05,1.3412346382647578e-06
P06250,Excellent,Excellent,9.094105775023705e-06,0.00021827630962660972,0.04017163786182997,0.9596009917227685
P07285,Good,Excellent,1.0481422767591902e-05,0.0013536562039337843,0.1723058132138813,0.8263300491594174
P08555,Poor,Poor,0.9625027734808176,0.037466961198105254,2.9567058525064633e-05,6.982625520148459e-07
P08262,Good,Good,0.0007043095707819196,0.07931989213557039,0.7372318954307135,0.1827439028629341
P09160,Average,Average,0.04339049800473994,0.6863837838800201,0.26916156184837725,0.0010641562668626096
P00115,Average,Average,0.380298290635793,0.614349281671463,0.0053425632640548846,9.864428689228e-06
P09326,Average,Average,0.02236181815020235,0.6823656429825161,0.29445456349405097,0.000817975373230668
P05368,Poor,Poor,0.9328506126712229,0.06712728609734256,2.0666988757233053e-05,1.434242677364846e-06
P01073,Good,Good,0.0008249404777731854,0.13636414679965633,0.799111604259171,0.06369930846339962
P09871,Excellent,Excellent,9.692232216669813e-06,0.0006606337589833951,0.09896185347995466,0.9003678205288452
P02121,Average,Poor,0.86572982511188,0.13416301877258585,0.00010430003339465533,2.856082139629056e-06
P01212,Average,Average,0.007701184047968713,0.5861812627949919,0.4035575454851758,0.0025600076718635175
P04674,Excellent,Excellent,1.2517843015062428e-05,0.002379911587699939,0.2666734767196835,0.7309340938496014
P09210,Average,Average,0.022919173858949902,0.6074245482255475,0.36693165560713337,0.002724622308369211
P04973,Good,Excellent,5.352161205502627e-06,0.00048154385566754037,0.09950689201273302,0.900006211970394
P07353,Excellent,Excellent,3.288308555614072e-05,0.0017780488653710888,0.2177160801494208,0.780472987899652
P00427,Average,Average,0.25901770097418386,0.7142213098388462,0.026666003387798107,9.498579917175339e-05
P04984,Good,Excellent,2.931085861078725e-05,0.00467235969878974,0.34965008913299567,0.6456482403096039
P02072,Poor,Poor,0.9558480062124567,0.04413936151512471,1.1709551553833561e-05,9.227208647248694e-07
P05986,Average,Average,0.03375278280604921,0.6086140793778249,0.35533373015920755,0.002299407656918336
P09913,Good,Excellent,5.829231219392292e-05,0.006379076612601735,0.43042237078650725,0.5631402602886971
P03323,Good,Good,2.313895280593817e-05,0.009765367130534839,0.4958567568256403,0.49435473709101907
P03041,Average,Poor,0.8661494413584611,0.13357859926927373,0.00026997082625844704,1.988546006882133e-06
P00042,Average,Average,0.00845545707010426,0.5943364564333675,0.3936295631219871,0.0035785233745410454
P08593,Excellent,Excellent,5.458530142588241e-06,0.0002540451977693369,0.05084089869646443,0.9488995975756237
P03207,Average,Good,0.0016981626613424088,0.1801320098107975,0.7561462634811242,0.062023564046735896
P09112,Poor,Poor,0.9593112084869538,0.04065409069312872,3.3949580357079346e-05,7.512395603599533e-07
P07411,Good,Excellent,2.0391361730082257e-05,0.0022288892345114905,0.2194163653289929,0.7783343540747655
P09697,Average,Average,0.006478365285987566,0.5013841759790278,0.49034587993558665,0.0017915787993978928
P00615,Average,Average,0.31552598168840307,0.673561621263207,0.010887783738491532,2.461330989862148e-05
P07948,Average,Average,0.13883787322567512,0.8226276282635366,0.038459275707627555,7.52228031607459e-05
P09188,Poor,Average,0.24155766395208383,0.7403626658071988,0.01803466188123576,4.5008359481655936e-05
P05033,Good,Good,0.0002440176302048676,0.09831208792750598,0.7934756112845875,0.10796828315770172
P02768,Average,Good,0.0015576075818804515,0.25788902003862574,0.731057504831147,0.009495867548346876
P05293,Good,Excellent,2.1057496238669607e-05,0.0007882854496558637,0.0981293587351227,0.9010612983189827
P07934,Good,Good,0.00024020545612277966,0.0442356168589647,0.6859491162843063,0.2695750614006061
P04878,Good,Good,0.0002057103711464706,0.018143090551409124,0.5477199969889419,0.43393120208850255
P00510,Poor,Poor,0.9579857815853288,0.04197754652067428,3.5904652754281366e-05,7.672412425843573e-07
P01751,Excellent,Good,0.0004593566976641679,0.08580491244823471,0.7020133376315026,0.21172239322259848
P02514,Poor,Average,0.0447998324475085,0.6939877247164854,0.2595364273657796,0.0016760154702264883
P00002,Average,Average,0.010826279407826728,0.5952354247722291,0.3914367329421424,0.002501562877801784
P00030,Excellent,Excellent,6.822069021364033e-06,0.00036822575663907845,0.06406676336617144,0.9355581888081682
P07949,Average,Average,0.08917356285785873,0.8272381707283263,0.08340803165728713,0.00018023475652787952
P07759,Poor,Poor,0.9583494771055755,0.04163918535209758,1.0463036677320157e-05,8.745056496450714e-07
P00494,Excellent,Excellent,3.0016232529693274e-06,0.000176148562180301,0.05006002885339859,0.9497608209611682
P03142,Poor,Poor,0.9505036052266236,0.04948063297785783,1.4723219019802507e-05,1.0385764988111757e-06
P09123,Average,Average,0.026553256465428887,0.6298987625968621,0.3419515417819001,0.001596439155808926
P03717,Average,Average,0.1847687010303689,0.7991913982529475,0.016015929289506774,2.3971427176783402e-05
P07626,Excellent,Excellent,1.2086345282933168e-05,0.00021234823070292755,0.04841350547120059,0.9513620599528135
P09132,Good,Excellent,0.00011510540349278139,0.008012495177709751,0.44957842367423523,0.5422939757445623
P07491,Average,Average,0.06660780943345676,0.7664072846000416,0.16656873193793595,0.00041617402856558263
P08773,Good,Good,0.0059962104562360525,0.4752213188572501,0.5167023394642121,0.002080131222301763
P06340,Good,Average,0.020311891662352,0.5959830310531133,0.3821955562195246,0.0015095210650099375
P04463,Average,Average,0.007777460871158037,0.5701753206238289,0.4195108289107591,0.002536389594253939
P05110,Good,Good,7.927667899947155e-05,0.010705866397320045,0.5475101483733202,0.4417047085503603
P06093,Good,Average,0.045432067088514695,0.8366380002365755,0.11737426234655468,0.0005556703283552876
P02128,Average,Average,0.08580493332646835,0.7778538358659488,0.1360597854558294,0.000281445351753299
P03390,Good,Good,0.003364316566392513,0.17973045893292944,0.7093105780513553,0.10759464644932266
P09479,Average,Average,0.08933582771787647,0.835399817297877,0.07502795733439589,0.00023639764985081976
P05271,Good,Good,0.003064726841527657,0.3648601470219985,0.6255359270765056,0.0065391990599681996
P06656,Good,Good,4.751465626420259e-05,0.012519386798352775,0.5804524477439893,0.4069806508013936
P00172,Average,Average,0.3567528354740119,0.6357996423382514,0.007432921563095389,1.4600624641412199e-05
P00882,Poor,Poor,0.7013285422076834,0.2981859498133511,0.0004798146176360865,5.6933613294196415e-06
P00309,Good,Good,0.0034400769541195458,0.4127404233865236,0.5774753299519261,0.006344169707430794
P02431,Poor,Poor,0.9595062861701302,0.04048309206310366,9.780379714255916e-06,8.413870520798358e-07
P03639,Poor,Average,0.053778877859486554,0.8270426542900721,0.11904366544860912,0.00013480240183222136
P04610,Excellent,Excellent,4.1724143039573684e-05,0.007069013297578268,0.42419733908937574,0.5686919234700064
P09389,Excellent,Excellent,3.0508288944682776e-05,0.0011973029681196495,0.14469299764823615,0.8540791910946994
P01830,Good,Good,6.786760630546533e-05,0.01098443476947325,0.5173805187305645,0.47156717889365685
P09764,Good,Average,0.1835073319027326,0.7911760102065859,0.02522553247063569,9.112542004564977e-05
P02055,Excellent,Excellent,3.0241030926732587e-05,0.0048312301709625355,0.3537243241109091,0.6414142046872017
P06477,Excellent,Excellent,3.3931183829639508e-06,0.00021875331542578401,0.0579730276988133,0.941804825867378
P03895,Good,Average,0.004053451709022085,0.5610913144596961,0.430264883307821,0.004590350523461013
P02852,Poor,Poor,0.9617669900864804,0.03820173754922204,3.056193412438268e-05,7.104301732041886e-07
P04673,Poor,Poor,0.7549498301405154,0.24428304267818926,0.000755941445195696,1.1185736099501752e-05
P06315,Poor,Poor,0.8681754658001936,0.13174041287537486,8.14023130992776e-05,2.7190113322064378e-06
P03479,Good,Good,0.0066687881455846105,0.4676341853875319,0.5224691014361343,0.003227925030749163
P04532,Good,Good,0.0003409389494782835,0.03580973212435589,0.7062732898386578,0.25757603908750815
P08127,Average,Average,0.26219740888135523,0.7319180252755403,0.005867095285886509,1.747055721801431e-05
P00388,Excellent,Excellent,6.3621942549739095e-06,0.0006462118181780386,0.11643881753161141,0.8829086084559556
P03186,Average,Good,0.001788103727234744,0.33266577134772285,0.6500903926557559,0.01545573226928642
P04403,Poor,Poor,0.9655553603107645,0.034436681438620394,7.239180759467534e-06,7.190698556809442e-07
P03311,Excellent,Excellent,1.1858900153135304e-05,0.00020381980116235694,0.0469354523286931,0.9528488689699913
P09605,Poor,Average,0.34607530593104674,0.6446632834905462,0.009242285071739985,1.9125506667093742e-05
P06780,Poor,Poor,0.9432137395357196,0.05672511889916427,6.015821816920348e-05,9.833469469373625e-07
P02695,Poor,Poor,0.9234199509867792,0.076550727731846,2.7710563908647016e-05,1.6107174663515756e-06
P05569,Good,Good,0.0027730989303241986,0.3761245514942162,0.6133652035315499,0.0077371460439097295
P02019,Good,Good,0.0003550089565130108,0.12621090564384005,0.8105076957283847,0.06292638967126234
P07768,Excellent,Excellent,8.286618322671904e-06,0.0010843548707404056,0.15769161918766444,0.8412157393232725
P07583,Good,Excellent,1.805977877878205e-05,0.0006897253705785651,0.08985041235635666,0.909441802494286
P04519,Good,Good,0.0016298721020619113,0.23535721528256337,0.7266834951823695,0.03632941743300511
P01072,Average,Average,0.021163446364228213,0.815634255243027,0.16264616082046965,0.0005561375722751832
P01721,Average,Poor,0.690640143202519,0.3087852700667258,0.0005669356552260829,7.651075529215567e-06
P04080,Excellent,Excellent,5.471755454740654e-06,0.0002560238806005196,0.05125141057152579,0.948487093792419
P09897,Excellent,Excellent,1.165377386114295e-05,0.00019836246641753073,0.04640440336829538,0.9533855803914261
P05784,Average,Average,0.10733040842523427,0.7093295005554746,0.18290462020394124,0.00043547081534972055
P00638,Excellent,Excellent,4.722670614343719e-06,0.00020090873284575594,0.04322082516963122,0.9565735434269086
P04167,Good,Average,0.10321474315811194,0.6866274478624921,0.2095264703032375,0.0006313386761584109
P02226,Excellent,Excellent,9.397990659541091e-06,0.00023029629282070814,0.04174517350257213,0.9580151322139475
P07272,Good,Good,0.00028594414734830353,0.07110587617406956,0.8493235445602249,0.0792846351183572
P02719,Excellent,Excellent,1.9514568189549328e-05,0.0005764595204403305,0.10172472302294551,0.8976793028884247
P01562,Excellent,Good,0.0003676340152670403,0.03541483138633482,0.6364633122876207,0.32775422231077744
P08536,Poor,Poor,0.9624390983319868,0.03753054913352085,2.9653340281814278e-05,6.991942105700614e-07
P02815,Excellent,Excellent,2.927668219613063e-06,0.0001682082938907992,0.04841683912577478,0.9514120249121149
P05752,Excellent,Excellent,4.311777267575299e-06,0.00032720244523630997,0.07366167304860949,0.9260068127288865
P07066,Poor,Poor,0.9164839601206323,0.08347407120690584,4.018702910713941e-05,1.7816433549455e-06
P03831,Average,Good,0.0027563815624545886,0.44768385076883654,0.5450624956808114,0.0044972719878974094
P02850,Good,Average,0.0167033882203611,0.5590734046214206,0.4216008769121979,0.002622330246020335
P01217,Excellent,Excellent,5.868366703083678e-05,0.005542528306622037,0.38332685729547217,0.6110719307308751
P05217,Good,Excellent,1.8703579994312926e-05,0.0004977551541401816,0.0870920951101767,0.9123914461556888
P00752,Poor,Poor,0.9329242279918853,0.06704804579335008,2.629341177714341e-05,1.43280298731918e-06
P08772,Average,Average,0.24989154694571805,0.7408678368569271,0.009226845046719449,1.377115063547666e-05
P08831,Good,Excellent,0.00020984180691762752,0.012062287831496805,0.42863618175451956,0.559091688607066
P08036,Average,Average,0.05587638427197724,0.6495165842658067,0.2931656232007554,0.0014414082614606339
P09608,Good,Good,0.0022346646923143867,0.13577403686269723,0.7316076424359306,0.13038365600905766
P06643,Good,Good,0.0020234565938727004,0.19037282561751354,0.7476378591688859,0.05996585861972777
P04224,Poor,Poor,0.945372911129308,0.054611681817077234,1.4239139701815505e-05,1.1679139130957529e-06
P03620,Good,Good,0.00020676247148945472,0.015476693047243957,0.523152344179564,0.4611642003017026
P07936,Excellent,Excellent,9.063561733188381e-06,0.0011547246736288526,0.16350423444473489,0.8353319773199032
P05117,Poor,Poor,0.6794900594691053,0.320009330407486,0.0004937900848758009,6.820038533056482e-06
P02118,Poor,Poor,0.6299608516936873,0.36831946803560406,0.0017138924547990101,5.7878159095327734e-06
P02181,Good,Excellent,1.5216745105746338e-05,0.0034832228491262192,0.3258633878153471,0.6706381725904209
P07075,Poor,Poor,0.9579687473411538,0.042021762101467325,8.594300130062036e-06,8.962572488237084e-07
P02974,Poor,Poor,0.8960966986112462,0.10384942554708898,5.315925148389374e-05,7.165901809650911e-07
P03838,Good,Average,0.03370553537177534,0.7081354813015878,0.25738560673735467,0.0007733765892821372
P07802,Good,Good,0.0017108241162745782,0.24622574103885284,0.7386104968700562,0.013452937974816392
P01913,Poor,Poor,0.9620107434225779,0.03798139296129721,7.048593905631551e-06,8.150222194139684e-07
P03094,Good,Good,0.002597823399785779,0.3063778271161839,0.6776971232076473,0.013327226276383114
P01615,Average,Average,0.0238094585490593,0.7774966412523147,0.19788195472036685,0.000811945478259268
P00142,Average,Average,0.006076433096614022,0.5175782590879521,0.47244576002904914,0.0038995477863847734
P06117,Poor,Poor,0.9622840589550925,0.037685375890134966,2.9863688257155846e-05,7.014665153817005e-07
P07953,Average,Average,0.31377637656525714,0.6671002829175122,0.019051301545064875,7.203897216570626e-05
P08073,Excellent,Good,3.028901234219258e-05,0.010832523639161035,0.5613888043986581,0.42774838294983863
P00205,Poor,Poor,0.7368342321249199,0.26273731756092444,0.0004218016785743406,6.648635581229605e-06
P01711,Good,Excellent,8.557001780392907e-06,0.0005311236153912305,0.08506684937990056,0.9143934700029277
P03018,Excellent,Excellent,9.79112466047578e-06,0.00024628333171210746,0.0438042235649654,0.9559397019786621
P00402,Average,Poor,0.5662513681469614,0.43124456093321784,0.0024957632968819828,8.307622938781862e-06
P09556,Average,Average,0.2528541063145024,0.7160327712868345,0.0310399641691544,7.315822950867435e-05
P07112,Good,Good,0.0009899531503485912,0.11673135880672088,0.784956503410524,0.0973221846324065
P00169,Excellent,Excellent,9.96770173062451e-06,0.00025491982223643355,0.044835802862114714,0.9548993096139182
P01345,Excellent,Excellent,1.0789300127550748e-05,0.00016958117518795103,0.0413363565796971,0.9584832729449874
P09849,Excellent,Excellent,1.0752998655782506e-05,0.00016838004191047854,0.04111607882545953,0.9587047881339743
P02803,Good,Average,0.11126105591806222,0.8274871357789095,0.06108966418744731,0.0001621441155809814
P07892,Average,Good,0.0001896074871113089,0.05733939482196943,0.7788118568816554,0.16365914080926378
P03417,Good,Excellent,1.5056735990304408e-05,0.0004892075231185653,0.0696391357515043,0.9298565999893869
P02167,Good,Average,0.010853420196967615,0.694506297099012,0.2930204087095332,0.0016198739944872239
P05443,Average,Average,0.020884540745704786,0.7466797753762715,0.23147087536334207,0.0009648085146816057
P04264,Poor,Average,0.3459560278097147,0.6498925284060153,0.004123629281304082,2.7814502965944794e-05
P00545,Good,Good,0.000324583738805397,0.12141466333137789,0.8081790712314224,0.07008168169839435
P09413,Good,Good,0.001512022991411806,0.2627015510700292,0.7195210233303424,0.01626540260821662
P03270,Average,Poor,0.5095552032427286,0.4800048959102197,0.010361949765955662,7.795108109594748e-05
P06938,Average,Average,0.11382714168116592,0.7837526505435997,0.10222747526541974,0.00019273250981447878
P06310,Poor,Poor,0.6529952051004678,0.34393635210840173,0.0030548508232717854,1.3591967858721268e-05
P07043,Average,Average,0.0741412532433056,0.8189335796698516,0.10668754653212642,0.00023762055471626185
P07032,Average,Average,0.026926673916101547,0.7342628841586979,0.2377850387302756,0.001025403194925015
P00242,Average,Average,0.058192246150821775,0.7480625988849389,0.1930735234657942,0.0006716314984449684
P02796,Excellent,Excellent,7.911990563796503e-06,0.0004746761571734677,0.08122932807450543,0.9182880837777574
P02777,Poor,Poor,0.6088335937815218,0.3885373590999654,0.00259912822598411,2.9918892528595865e-05
P03576,Excellent,Excellent,1.0763896446976845e-05,0.000168721555835564,0.04117582557190904,0.9586446889758085
P02930,Poor,Poor,0.9624808766403109,0.0374888301516696,2.9594404413859336e-05,6.988036057394898e-07
P05712,Excellent,Excellent,3.2573423543322804e-05,0.005821555593763169,0.3918540203344105,0.6022918506482831
P05778,Excellent,Good,0.0004230290505124155,0.07012572905218974,0.797326758373119,0.13212448352417894
P07136,Average,Poor,0.8665152318403482,0.13340417485298825,7.76631144049841e-05,2.9301922588353845e-06
P04645,Good,Average,0.06562745396531372,0.7724479449186944,0.16172053824610308,0.00020406286988859207
P07599,Excellent,Excellent,4.772782843343618e-06,0.0002044180499228341,0.043740010782903176,0.9560507983843306
P05307,Poor,Average,0.27567111180136644,0.7188192391038615,0.0054848041932341,2.4844901537988578e-05
P00130,Average,Average,0.15076819057188273,0.7479925211772673,0.10096595441164669,0.0002733338392032347
P01939,Poor,Average,0.4509174395871049,0.5434509111421795,0.005615506784098519,1.6142486617185954e-05
P01685,Poor,Poor,0.8871327736070098,0.11280539330850257,5.9483123980554785e-05,2.34996050697058e-06
P09860,Poor,Poor,0.9625101610159408,0.03745958382254946,2.9557004546060856e-05,6.981569637411372e-07
P03430,Excellent,Excellent,1.365057072057538e-05,0.0012218314096633129,0.1739545116482656,0.8248100063713505
P09400,Good,Good,0.0012035479461588862,0.12724296790522582,0.7416481318771474,0.1299053522714679
P01086,Average,Average,0.02279816794677278,0.6939959595792166,0.2821421429992102,0.0010637294748003995
P06433,Poor,Poor,0.964026630995143,0.03596473949084329,7.87786030270862e-06,7.516537111165753e-07
P01580,Average,Average,0.14013783411430097,0.8217092687250627,0.03808008625599748,7.281090463900981e-05
P03096,Good,Average,0.00952176845435303,0.5471502420165165,0.4415503191793031,0.0017776703498274253
P05038,Average,Average,0.02295250128772163,0.739366103646398,0.2372186037489866,0.00046279131689381625
P09195,Excellent,Excellent,8.981540621250628e-05,0.00525352541105435,0.29735705482315955,0.6972996043595736
P06209,Poor,Poor,0.941290500291103,0.05869374399894261,1.5378861747415526e-05,3.76848206954313e-07
P06047,Excellent,Excellent,1.0775796489064301e-05,0.000796786026861786,0.11648161380560669,0.8827108243710424
P08454,Good,Excellent,2.593402284245102e-05,0.009223544518346746,0.4918859550588427,0.4988645663999681
P06178,Poor,Poor,0.9504376458496354,0.04954714886838662,1.4179599998046763e-05,1.02568198000669e-06
P05822,Average,Average,0.04186793153677997,0.7281138263405488,0.229670945037205,0.000347297085466342
P01185,Good,Excellent,5.921794791858991e-05,0.006222966375559376,0.4521796232529491,0.541538192423573
P01101,Good,Excellent,2.7647617513350246e-05,0.001362708616648343,0.1462356738154714,0.852373969950367
P04742,Good,Good,0.003343282557625825,0.3692997323906354,0.6222288014139983,0.005128183637740531
P03882,Poor,Average,0.4333831485668477,0.5634820539691058,0.0031165610086264085,1.8236455420192673e-05
P05501,Good,Good,0.0009882508913937479,0.15270025538277157,0.8025121371740287,0.04379935655180607
P08091,Good,Good,0.0014277423613290516,0.11089957471843725,0.7608469064651339,0.12682577645509985
P04943,Poor,Poor,0.9570992727856682,0.04286273191073339,3.721579479816089e-05,7.795088005549388e-07
P01787,Poor,Poor,0.6673135288290465,0.327579610270027,0.00508203065378065,2.48302471458417e-05
P03411,Good,Good,0.0002502221981642035,0.07845066947371993,0.8026166545168087,0.1186824538113073
P01776,Good,Good,0.000539061611274568,0.08450839307308029,0.8085653719758811,0.10638717333976411
P04384,Good,Average,0.022270041907043618,0.5953068317385598,0.38036480687892277,0.002058319475473758
P09815,Poor,Average,0.2121574522214062,0.7571850053445506,0.030537386231803614,0.00012015620223932704
P06336,Excellent,Excellent,1.1100714012062859e-05,0.00017995868521575298,0.0432117945204437,0.9565971460803286
P09750,Excellent,Excellent,1.6692520495441095e-05,0.0005943668399500171,0.08162560691750367,0.9177633337220508
P00944,Good,Good,0.002131673821026657,0.17991237339553828,0.7535405154814798,0.0644154373019552
P08042,Poor,Poor,0.9281924707591828,0.07178177377402102,2.424026085284271e-05,1.5152059434437137e-06
P07839,Average,Average,0.16111541237841231,0.8189412076749928,0.019908540585771732,3.4839360823257736e-05
P06038,Excellent,Excellent,5.340631234070614e-05,0.0058185405296818935,0.38702090459761895,0.6071071485603584
P07608,Excellent,Excellent,8.67964308384971e-06,0.0005601188082183735,0.09405911762858114,0.9053720839201166
P00624,Excellent,Excellent,2.004764677654873e-05,0.002127299864454324,0.2047412217034155,0.7931114307853536
P03885,Poor,Poor,0.9481643206602512,0.05182189817200566,1.2668352312385525e-05,1.1128154306385856e-06
P02206,Poor,Poor,0.964969442302787,0.03502234487748369,7.481363397019542e-06,7.314563321576413e-07
P08736,Excellent,Excellent,3.665326013904294e-05,0.0017651945992732884,0.1911608000069676,0.80703735213362
P02446,Excellent,Good,0.0002916847222835862,0.041924223360152724,0.7443237755266081,0.21346031639095545
P09217,Poor,Poor,0.9650056003842559,0.03498620210500264,7.466788547043697e-06,7.307221944602604e-07
P09887,Good,Good,0.002402494243777892,0.15192859965870267,0.6819479689686995,0.16372093712882002
P08648,Poor,Poor,0.9325982631354842,0.06738039981760412,1.9850556665929374e-05,1.4864902456795849e-06
P08158,Excellent,Excellent,3.6675323467095136e-06,0.00025011114477003235,0.0637584472676381,0.9359877740552451
P03820,Average,Good,0.000620303238944647,0.1215873123755257,0.7509453422536443,0.1268470421318855
P06723,Poor,Poor,0.952673930907329,0.04731160489063897,1.3471271818323775e-05,9.929302137653267e-07
P07110,Poor,Average,0.40888631101780964,0.5883963653004284,0.0027000076709968023,1.7316010765184003e-05
P02622,Average,Average,0.29603161330478817,0.7004527477160291,0.0034980635592233283,1.757541995946797e-05
P00199,Poor,Poor,0.8012335563682114,0.19855693507318659,0.00020801116539121328,1.497393210768004e-06
P06277,Excellent,Excellent,2.8039654310277465e-06,0.00015627546189680346,0.046019709873218406,0.9538212106994538
P02303,Average,Average,0.026313615458784682,0.7346328475489097,0.23833959245276046,0.0007139445395450846
P08477,Average,Poor,0.5848062168055165,0.411739316613664,0.003443592367198591,1.0874213620901551e-05
P09152,Good,Good,0.0002480339580010392,0.046880706862661076,0.7008024413762658,0.2520688178030722
P08638,Good,Good,0.0004236779051787161,0.08697550897647362,0.8204320593778581,0.09216875374048955
P08658,Average,Good,0.0025218414682282,0.32467775935546556,0.6559971191543232,0.016803280021982923
P06953,Excellent,Excellent,1.111359072073851e-05,0.00030854731802717333,0.05122495153253485,0.9484553875587172
P04295,Poor,Average,0.16619661026582436,0.8109014802697349,0.022838573362790864,6.333610164985077e-05
P06082,Poor,Poor,0.9076006522574049,0.09235817877941108,4.054467892945587e-05,6.242842544475729e-07
P01366,Average,Good,0.0035087200623029626,0.37331069022140606,0.6187950552002178,0.0043855345160732275
P08861,Good,Average,0.030513519556881346,0.7517769614406811,0.21657435408226156,0.0011351649201762582
P06273,Good,Good,0.002739245291189286,0.17041919867013297,0.6789593664707245,0.14788218956795318
P06688,Excellent,Excellent,2.9977963898094978e-06,0.00017487666270920286,0.04968465819091556,0.9501374673499854
P02016,Good,Average,0.088731595878774,0.7502403243738165,0.160614279950053,0.0004137997973565162
P03785,Excellent,Excellent,6.771483019762864e-05,0.004416256502272652,0.29856568794096405,0.6969503407265658
P09224,Poor,Poor,0.8420150449047039,0.157833584862039,0.00014794791910194087,3.4223141551757102e-06
P01131,Average,Good,0.0016708213123615347,0.18489511696137415,0.7517032976751471,0.06173076405111712
P07287,Excellent,Excellent,1.959724623992074e-05,0.0022963931134996314,0.23135665157614937,0.7663273580641111
P02711,Good,Good,0.0027153094231588642,0.23212478754854798,0.7344322086525193,0.030727694375773836
P00799,Average,Average,0.0609016553330366,0.8065509545333989,0.13211422593900543,0.00043316419455917524
P02905,Good,Good,0.004324504727071604,0.3414588454091454,0.6262463623715816,0.027970287492201408
P01872,Excellent,Good,0.0001503706954720117,0.014337627022195387,0.5368852668010405,0.4486267354812921
P02892,Good,Good,0.004736813239927894,0.42338572480567543,0.5665232729288824,0.005354189025514162
P00854,Average,Average,0.06194697684961002,0.8110271145673946,0.12669312351946513,0.00033278506353028357
P07533,Poor,Poor,0.9657700001526169,0.03422346969484522,5.795235776833993e-06,7.349167608601502e-07
P09469,Good,Good,0.005722103282195238,0.425097724198868,0.564687224869543,0.004492947649393694
P05519,Good,Average,0.009067804013538745,0.5112038143502174,0.47773318758588557,0.001995194050358272
P05508,Poor,Poor,0.9479169949589529,0.052068930180687326,1.2954614096019556e-05,1.120246263941957e-06
P05885,Poor,Poor,0.9509599195387203,0.04902460600331982,1.4444436532755772e-05,1.030021427031341e-06
P08155,Excellent,Excellent,9.14568279825357e-06,0.0002202988749159125,0.040437978771359656,0.9593325766709262
P07134,Good,Good,0.0004260068830268162,0.07293462060525462,0.8202386287105571,0.10640074380116148
P02851,Average,Average,0.08632434589532449,0.8181326987113475,0.09537161315714955,0.00017134223617843244
P07220,Excellent,Excellent,7.269029213752718e-05,0.004054774754051887,0.265397837656686,0.7304746972971246
P00025,Excellent,Excellent,2.9138670987393033e-05,0.00481141759990565,0.3482548421819391,0.6469046015471679
P00296,Excellent,Excellent,8.194736794761927e-06,0.0004966150725454287,0.08381292855223514,0.9156822616384247
P04576,Poor,Poor,0.9627112724298412,0.03728221423268056,6.290402291280491e-06,2.229351869747428e-07
P05699,Average,Poor,0.6730572969052667,0.3256623801226361,0.0012625962060700197,1.7726766027132144e-05
P05667,Poor,Poor,0.9659986991157049,0.03399484972114516,5.720986512889402e-06,7.301766370388082e-07
P00943,Poor,Poor,0.9645184921336759,0.03547561883291402,5.678216532089028e-06,2.1081687800952193e-07
P06335,Poor,Poor,0.9616917613598228,0.03830022436175931,7.194857178044797e-06,8.194212399519055e-07
P04155,Good,Average,0.009913699671310868,0.5651207762355686,0.4219361707494633,0.0030293533436572453
P08594,Poor,Poor,0.9659413597573485,0.0340508486876798,7.0806850414066996e-06,7.108699302996803e-07
P01933,Poor,Poor,0.9610089863371362,0.03895868722615805,3.160418839761145e-05,7.222483082511883e-07
P01905,Excellent,Excellent,8.308119674797259e-06,0.0005195880148640444,0.09058383667498762,0.9088882671904736
P06004,Poor,Poor,0.9641229087366683,0.03586850682787632,7.835141977981811e-06,7.492934775566633e-07
P09207,Poor,Poor,0.9378977861351373,0.0620779514746701,2.295754530103836e-05,1.304844891348873e-06
P04079,Excellent,Excellent,1.2089527059380591e-05,0.00020755683727191978,0.04748673883336544,0.9522936148023032
P00686,Good,Good,0.001346449816665758,0.26386862050837756,0.7050285123890239,0.029756417285932823
P08951,Average,Average,0.1610730313616045,0.8135533463236709,0.0252793506931296,9.427162159518531e-05
P02522,Good,Good,0.0028114921563201617,0.23067134529302483,0.7298009312047921,0.03671623134586288
P05902,Good,Average,0.010576523677478236,0.5072228836358723,0.476724165303745,0.005476427382904483
P06655,Good,Good,0.00014273149038051343,0.029743203987735074,0.7450485804640338,0.22506548405785068
P05588,Good,Good,0.0008504044437241309,0.09506347907815883,0.7263700445322843,0.1777160719458327
P07462,Excellent,Excellent,3.095938150478989e-06,0.00018564997016892225,0.05131229664472907,0.9484989574469516
P01678,Good,Good,0.0004558067857742448,0.09526449083387102,0.7797160030220183,0.12456369935833626
P08046,Excellent,Excellent,1.0834239457630695e-05,0.00017098752434398267,0.04158936030077695,0.9582288179354214
P04015,Poor,Poor,0.805069533887956,0.1946913953904502,0.00023481247306573897,4.258248528073263e-06
P09637,Poor,Average,0.06103813721234352,0.766605127171327,0.17208267019742096,0.0002740654189084012
P05530,Poor,Poor,0.7422731395410527,0.2562763017090455,0.0014442618807783906,6.296869123511994e-06
P04770,Average,Average,0.45322443327776124,0.5428712591754394,0.0038943541590181316,9.953387781294081e-06
P00458,Average,Average,0.3678097046331052,0.6163587299506403,0.015751226678941264,8.033873731325463e-05
P06188,Excellent,Excellent,4.768105081794781e-06,0.00020401097330810964,0.043650800983793356,0.9561404199378167
P04555,Excellent,Excellent,1.1449194759356813e-05,0.0003184527361589989,0.05265188379293739,0.9470182142761442
P03606,Average,Average,0.057162721987030686,0.7615638735137731,0.18058126404278416,0.0006921404564121387
P07274,Average,Average,0.22117517066533396,0.7658856044962392,0.012883680713360794,5.55441250660136e-05
P03835,Poor,Poor,0.9530668943433656,0.046918894826458925,1.3227837502449028e-05,9.829926732466182e-07
P07851,Poor,Poor,0.9380746110707463,0.061855180331197565,6.909629109051963e-05,1.11230696555198e-06
P05492,Good,Good,5.592624094349095e-05,0.022297299377893404,0.6848713143445707,0.2927754600365924
P09108,Good,Good,0.0003975834740775663,0.07110875506240967,0.79217347932867,0.13632018213484282
P03241,Average,Average,0.03876086460997886,0.6815020576160127,0.2789524025092689,0.0007846752647394545
P00571,Average,Average,0.39675957850896376,0.5963178339666798,0.006908139629791569,1.4447894564870128e-05
P06620,Average,Good,0.0030751230397805577,0.2697761114024835,0.7025327773369826,0.024615988220753338
P00606,Average,Average,0.1514040308603383,0.7768526732576558,0.07147897955982657,0.0002643163221792968
P04664,Good,Good,0.0007735092391586619,0.1041549239828455,0.8158028869541036,0.07926867982389205
P01452,Poor,Poor,0.9638878798062736,0.03610492360573285,6.422554776089407e-06,7.740332175888963e-07
P00860,Poor,Poor,0.9506209248588423,0.049330820743855086,4.737755649806491e-05,8.76840804421286e-07
P02032,Excellent,Excellent,2.9561574894975527e-06,0.0001710786053117404,0.048818970257893134,0.9510069949793056
P01946,Poor,Poor,0.9623905196222245,0.037579061712700874,2.971872921387231e-05,6.999358605880276e-07
P02156,Excellent,Excellent,4.641039912133424e-06,0.000195151675783464,0.042244513279021956,0.9575556940052825
P03048,Poor,Poor,0.7349175371447074,0.2630335740198828,0.0020368109740404915,1.207786136926619e-05
P04640,Poor,Poor,0.944487349123353,0.055453617902220934,5.8080013620991785e-05,9.52960805096627e-07
P04252,Good,Good,0.00932910283053678,0.4239517541432608,0.5620732262492417,0.004645916776960721
P08646,Poor,Average,0.161991917465162,0.7693914545410286,0.06848308529550591,0.00013354269830350042
P09283,Poor,Poor,0.9610054910440008,0.03896216952319415,3.161776200341023e-05,7.216708014277844e-07
P03067,Good,Good,0.005879978963856427,0.41630144824961246,0.5681567069940329,0.00966186579249822
P04456,Excellent,Excellent,1.2916128241033001e-05,0.00024605692451738607,0.05435933061837993,0.9453816963288616
P00840,Good,Good,0.00040524407749071325,0.07199642893873877,0.7813180094254647,0.14628031755830587
P06305,Poor,Poor,0.9633488796328973,0.03664484080233803,6.060960225365446e-06,2.1860453926155254e-07
P03862,Average,Average,0.17019157877223665,0.802666025302052,0.027081835900364448,6.056002534696791e-05
P01344,Average,Poor,0.8211159251570371,0.178734216236232,0.00014603316148968645,3.825445241155062e-06
P09140,Poor,Poor,0.9647690022689757,0.03522519236491349,5.596222225296716e-06,2.091438855950391e-07
P06660,Good,Good,0.0007020303120837015,0.08176547468516572,0.7769847044037856,0.14054779059896488
P05925,Excellent,Excellent,4.935910879371306e-06,0.00021624033178030343,0.04578296631577024,0.95399585744157
P06519,Poor,Poor,0.5607287137460919,0.43845625439935526,0.000811527581036521,3.5042735164842196e-06
P08760,Poor,Poor,0.9392505207723486,0.060730896844108234,1.7283832728930628e-05,1.2985508141427736e-06
P07321,Average,Average,0.15975256128049473,0.7917611841826269,0.04836609999608742,0.00012015454079090739
P09264,Good,Average,0.04091274884047365,0.7311459709691427,0.22732863390070832,0.0006126462896753735
P03209,Excellent,Excellent,1.574135517049475e-05,0.001581278520971105,0.2109782402977146,0.7874247398261438
P03212,Excellent,Excellent,1.1299095246176812e-05,0.00018679904577040247,0.044441359569277306,0.955360542289706
P02601,Excellent,Excellent,1.1021175191055322e-05,0.00017734592759901526,0.04275266344612506,0.9570589694510849
P01783,Good,Excellent,1.119852001465144e-05,0.0003136224411688809,0.05161426918316146,0.9480609098556549
P07064,Average,Average,0.042872898331740524,0.7444567586781652,0.2116957004238009,0.0009746425662934165
P06896,Average,Average,0.02206026089488336,0.6257569013200978,0.35107972089950507,0.001103116885513871
P05073,Average,Average,0.1467022868004175,0.7698467219680976,0.08322788724433902,0.0002231039871459665
P04831,Poor,Poor,0.9626118532315087,0.037358030489539694,2.9419620261614552e-05,6.96658690152912e-07
P04873,Excellent,Excellent,4.936631615677328e-06,0.0004145239143312463,0.08961791475502105,0.909962624699032
P07600,Good,Excellent,6.710813831980543e-05,0.010884853111690691,0.4937362495138008,0.4953117892361888
P06187,Poor,Poor,0.9618163169378686,0.03817572700671517,7.138298035136984e-06,8.177573812027811e-07
P01877,Excellent,Good,6.35447114285962e-05,0.026660811163607495,0.6903128713977409,0.2829627727272229
P09438,Average,Average,0.012746626159920393,0.6503936305439783,0.33587881331678676,0.000980929979314586
P01193,Poor,Poor,0.9625328327633581,0.0374605931559855,6.349959532023671e-06,2.241211245674798e-07
P05803,Good,Excellent,1.652064332882994e-05,0.0035524653329060876,0.3352253478118315,0.6612056662119336
P05438,Average,Poor,0.5700334027894074,0.4276453954088846,0.002314432005080626,6.769796627362347e-06
P06426,Good,Good,0.0003094490572338314,0.029079450319351743,0.663897453895637,0.3067136467277773
P05785,Average,Average,0.09404602057388353,0.8566686761937679,0.049200364567342135,8.49386650065001e-05
P08434,Poor,Poor,0.9647616731406737,0.03523251904324487,5.598623412695342e-06,2.091926686552659e-07
P05334,Average,Average,0.04183904680546059,0.6672572676547953,0.2897761198186751,0.0011275657210690682
P08406,Excellent,Excellent,1.3185397188314246e-05,0.0011177617495418284,0.15480330523187788,0.844065747621392
P06475,Average,Average,0.06536524826186271,0.7328215961984029,0.20134884231149944,0.0004643132282348545
P05970,Average,Average,0.099614524194481,0.8240905265969948,0.07616882479318479,0.00012612441533943895
P09707,Excellent,Good,0.00013309333603589996,0.012928445295445746,0.5115480144320265,0.4753904469364918
P09539,Good,Good,0.0007210042165417371,0.09722659979840889,0.7386400310047733,0.16341236498027611
P00170,Excellent,Good,4.046160571143873e-05,0.02768528693566798,0.7448170201400346,0.227457231318586
P05301,Excellent,Excellent,3.4047118607172696e-05,0.0021195187717639634,0.19590798337271328,0.8019384507369156
P08857,Average,Average,0.18555719571404353,0.7301579066973151,0.08400995944605542,0.00027493814258593407
P08865,Excellent,Good,0.0001305363505404227,0.013285775420176617,0.509062640943048,0.4775210472862349
P04890,Poor,Poor,0.9517726167670432,0.04818108821998798,4.543308509031008e-05,8.619278784307554e-07
P03821,Average,Good,0.005368775020251416,0.4184533206180619,0.5655211063035838,0.010656798058103057
P05157,Good,Good,0.0036677580319889446,0.3406827695369994,0.6451498901554155,0.01049958227559627
P03956,Excellent,Excellent,1.210518114144488e-05,0.0009953196077655208,0.14351757156446898,0.855475003646624
P09595,Good,Excellent,7.580113368404823e-06,0.0009380182823434474,0.14445817503903027,0.8545962265652579
P09889,Poor,Average,0.4182181083851263,0.5800312838418324,0.001735516304499641,1.5091468541643767e-05
P03858,Poor,Poor,0.8857743764597285,0.11416439353909782,6.0436919095972e-05,7.930820777003233e-07
P02833,Poor,Poor,0.9058068840597236,0.09413928350383065,5.186041909521248e-05,1.9720173505494482e-06
P04014,Poor,Poor,0.9568450025151741,0.04314502317416666,9.053770527847617e-06,9.205401313484201e-07
P07617,Average,Average,0.17693283131519802,0.7737265045809483,0.04923597556117504,0.00010468854267877229
P01377,Poor,Poor,0.9661036465695406,0.033889938410593505,5.687016862219711e-06,7.280030036985983e-07
P09693,Excellent,Excellent,1.0730963507448889e-05,0.00029248434035205006,0.04931150749960007,0.9503852771965403
P06607,Good,Good,0.0026296599995955412,0.27315929159001295,0.6758710208983485,0.048340027512043075
P07855,Excellent,Excellent,1.0773686151601748e-05,0.00016905981952025073,0.04123956947035086,0.9585805970239771
P04195,Average,Average,0.039968764883302525,0.7732617791003501,0.1862690789220155,0.0005003770943320435
P07862,Average,Average,0.05032818277933626,0.8588616839438261,0.09067063494957331,0.00013949832726448027
P06006,Poor,Poor,0.5903677918897444,0.40742442996695727,0.002188555287285822,1.9222856012463244e-05
P04495,Excellent,Excellent,1.3283722522035316e-05,0.0004075665606943327,0.06277938820631168,0.936799761510472
P09442,Average,Poor,0.9372885128118694,0.06263908432356716,7.133213347032645e-05,1.070731093193263e-06
P03695,Excellent,Excellent,6.192799751140131e-06,0.0006310718482625145,0.11726310635377438,0.8820996289982119
P05380,Average,Average,0.006004418100145311,0.5150306537142433,0.4699372310431941,0.009027697142417395
P02751,Average,Good,0.00334536782598483,0.4167670647948608,0.5756309080030436,0.004256659376110726
P05124,Average,Average,0.019065496413642403,0.6178467733815728,0.36179124976351024,0.0012964804412745052
P04893,Poor,Poor,0.8771123558037367,0.12279626377237854,8.878880882492378e-05,2.591615059711037e-06
P05320,Average,Average,0.24923564839894075,0.7367122534573413,0.014021219404857819,3.087873886032219e-05
P06385,Excellent,Excellent,9.029444890463722e-06,0.0005927023141805914,0.09936985580092046,0.9000284124400085
P03052,Excellent,Excellent,4.679462783322543e-06,0.0001978412919651839,0.042662666133343415,0.9571348131119081
P02287,Average,Good,0.011508250692715096,0.41187475817459346,0.5588961471791728,0.017720843953518663
P05649,Excellent,Excellent,2.877470595446145e-06,0.00016355171876605558,0.0475515740814026,0.952281996729236
P09355,Good,Average,0.013394458554023604,0.5861619854050022,0.39881067852378926,0.0016328775171849973
P01844,Excellent,Good,0.0009200602271616182,0.14354995570260726,0.8050416999231065,0.050488284147124744
P02079,Poor,Poor,0.8507789658090595,0.14908151881866866,0.0001363054515478832,3.209920723948665e-06
P07290,Good,Good,0.000910919344308147,0.1274229708666855,0.7471555180222507,0.12451059176675565
P06275,Excellent,Excellent,2.724404425798909e-06,0.0001484732655880865,0.044445620991468024,0.955403181338518
P08766,Poor,Average,0.1938771477376578,0.7894528202547745,0.016614325238660903,5.570676890673698e-05
P00554,Good,Good,0.00010983360211488321,0.0254265138746817,0.6492070657544128,0.3252565867687907
P08287,Excellent,Excellent,1.1680421364531605e-05,0.0020995164741500296,0.2614593231045588,0.7364294799999266
P01607,Poor,Poor,0.9595047204605914,0.04046081741036213,3.371755773635987e-05,7.445713099120504e-07
P02877,Excellent,Excellent,2.251235740260605e-05,0.0006522053595465,0.09723552926364158,0.9020897530194092
P04002,Excellent,Excellent,4.6598394613404155e-06,0.00019647213293676278,0.04246896094461936,0.9573299070829825
P04300,Average,Poor,0.7228885913114251,0.2768292495109594,0.0002800376276726241,2.121549942781811e-06
P01688,Excellent,Excellent,5.0054142898367915e-06,0.0002187954509839994,0.04596393198172902,0.9538122671529972
P08029,Excellent,Good,0.000246260184946933,0.07497295369739326,0.7619771159710593,0.16280367014660052
P09524,Average,Average,0.14681051176844492,0.8261138988020367,0.02698364038558269,9.19490439356949e-05
P00150,Good,Good,0.00031131249637452574,0.10600303056785974,0.7906659445633676,0.10301971237239808
P03188,Excellent,Excellent,9.077001546707913e-05,0.00549153374955213,0.3059353487150584,0.6884823475199224
P07281,Good,Good,0.0067057760555026425,0.32889731081057094,0.6284942850803332,0.03590262805359322
P03404,Good,Good,0.002034213640707665,0.15419093537648126,0.7180103155597806,0.12576453542303048
P06915,Excellent,Good,0.000288799279824955,0.0566671222190816,0.65980087174571,0.28324320675538345
P01283,Average,Good,0.0051554415390047325,0.4312580162988584,0.5593741745927697,0.004212367569367217
P06590,Good,Good,0.0017781329992417967,0.24085522924185465,0.7404885192557764,0.016878118503127232
P08312,Poor,Average,0.2094408401264053,0.7750733817389196,0.015430469283720374,5.530885095477987e-05
P09715,Excellent,Excellent,1.0454115724087804e-05,0.00027457593918303434,0.04734361375921303,0.9523713561858798
P06383,Poor,Poor,0.9411132638692724,0.05886933276100926,1.613572759969341e-05,1.2676421188010054e-06
P01805,Good,Good,0.0015146494610238227,0.11717591151430119,0.7353917248901718,0.1459177141345032
P08904,Poor,Poor,0.774500447846314,0.2252499590046834,0.00024498134655814743,4.611802444515934e-06
P03802,Good,Good,0.002379546603826777,0.311323529029422,0.6470758708608818,0.039221053505869415
P06782,Average,Average,0.23687390775580044,0.7560112138824188,0.007104309089197056,1.0569272583759651e-05
P04033,Average,Average,0.13060741088153438,0.7700436327627022,0.09913294209495982,0.00021601426080367558
P06520,Average,Average,0.04597745928707146,0.6248930344182636,0.3277390233765173,0.00139048291814778
P04841,Excellent,Excellent,1.6475012413085656e-05,0.0016866247823155746,0.192872038484091,0.8054248617211802
P07856,Average,Good,0.003087058774430283,0.4810808073765774,0.5122502451184027,0.0035818887305896644
P02623,Good,Good,0.0017062076720873488,0.2989279229112926,0.6757025333722809,0.02366333604433911
P01676,Good,Excellent,5.30602109179911e-05,0.0038032481058031696,0.2887687367459281,0.7073749549373507
P00077,Average,Poor,0.7110137024454347,0.28844381198150637,0.0005362046021634551,6.280970895514332e-06
P09085,Good,Good,5.691119737016721e-05,0.01140852393259718,0.5544797058538106,0.4340548590162221
P02557,Average,Average,0.14062394562842614,0.7783049137486939,0.08069253898609194,0.00037860163678791683
P04439,Excellent,Excellent,1.4574712512169104e-05,0.0005141642778430136,0.07267182428772298,0.9267994367219219
P00961,Average,Average,0.12479881659336199,0.8280327773480681,0.04705783521161035,0.00011057084695952646
P05201,Excellent,Excellent,5.580420184020753e-06,0.00026534591703954917,0.052929965622394284,0.9467991080403821
P07341,Average,Average,0.2538447272419437,0.7383063063946174,0.00781777574403556,3.119061940338945e-05
P08113,Good,Good,0.00025023038522129296,0.04657983958370411,0.7923495070268272,0.1608204230042475
P00684,Poor,Poor,0.9651772484246309,0.03481463743557731,7.387376906630617e-06,7.267628850406588e-07
P04067,Good,Good,0.0015836297086989424,0.22812538560901477,0.7121830112879894,0.05810797339429695
P03605,Good,Good,0.0005124670538259826,0.05173988744220984,0.6763701342520949,0.27137751125186926
P01030,Excellent,Excellent,5.718505642634734e-06,0.0002734940873435735,0.05412722525960209,0.9455935621474116
P07324,Poor,Poor,0.6971513760247957,0.30218175347395276,0.0006596711348046985,7.1993664467926616e-06
P02950,Excellent,Excellent,9.718133237356341e-06,0.00024336214033705787,0.04342944037211291,0.9563174793543127
P05802,Good,Good,0.0002841437853764764,0.09093240453706097,0.8205963766585818,0.08818707501898072
P04144,Poor,Average,0.23753200318300202,0.7573250271940394,0.0051184022705154765,2.4567352443211054e-05
P02390,Poor,Poor,0.6789167761664149,0.3205515994458875,0.0005248092213482825,6.815166349299792e-06
P02910,Poor,Poor,0.9470492514486845,0.052897110270650284,5.2637437739358796e-05,1.0008429260101691e-06
P05675,Average,Average,0.0246289451410934,0.690358187855069,0.28442554938679093,0.0005873176170467769
P09349,Excellent,Excellent,1.7126309310683035e-05,0.0006295947152085984,0.08523089314186376,0.9141223858336169
P09131,Good,Excellent,1.3464074394125183e-05,0.0025177352262016534,0.25747584050355116,0.739992960195853
P00012,Good,Good,0.005003502445742988,0.4960835960321623,0.49624215651428955,0.002670745007804974
P04754,Excellent,Excellent,1.6562273291196356e-05,0.0004018600759883209,0.07570742248331157,0.9238741551674089
P00484,Excellent,Good,8.62900381634031e-05,0.014563410287170928,0.5679820993131575,0.4173682003615082
P00020,Excellent,Excellent,4.063320710452823e-06,0.0002919438606047109,0.06898881936517454,0.9307151734535103
P02000,Good,Good,0.00021727955002752544,0.04092735942909503,0.7810403940470074,0.1778149669738701
P07309,Poor,Poor,0.9408844060575063,0.05905039604585582,6.416056040117583e-05,1.0373362367345706e-06
P09957,Poor,Average,0.3533266715860872,0.6416040493528711,0.005038576473592081,3.070258744954241e-05
P08315,Poor,Poor,0.9644717237892456,0.03552237171992232,5.693366016371974e-06,2.1112481563785702e-07
P05963,Good,Good,9.017041723172492e-05,0.03195561592040178,0.675943637059745,0.2920105766026214
P01653,Excellent,Excellent,2.7228488293488394e-05,0.0009929777223639622,0.13093852465515085,0.8680412691341918
P03131,Good,Excellent,1.2078906497121726e-05,0.0021306508659739505,0.25574914451647557,0.7421081257110533
P01279,Average,Poor,0.8482342240148505,0.1514413092553694,0.0003218930618277523,2.573667952406099e-06
P06705,Good,Good,0.0031392037473980347,0.25286377327771453,0.6972313285957166,0.04676569437917074
P01405,Good,Good,0.0014453827386485553,0.25164083829225,0.7354963624467722,0.011417416522329256
P08688,Excellent,Excellent,3.2942655073939786e-06,0.000206709493319577,0.05551997590708717,0.9442700203340859
P06148,Excellent,Excellent,4.299182401261279e-06,0.000331488400639001,0.07728008478212713,0.9223841276348326
P02932,Good,Good,0.0005150396960765349,0.08205241763922719,0.8401758069684478,0.07725673569624832
P05007,Excellent,Excellent,7.466209692113403e-05,0.003254612463438542,0.27296144870939765,0.7237092767302427
P02723,Excellent,Excellent,8.663333482757324e-05,0.004363023975058956,0.26418645157790566,0.7313638911122078
P01795,Good,Good,0.0038730489995885144,0.2819772338893278,0.6901854850348597,0.023964232076223908
P06641,Good,Good,0.0018121829816052154,0.2418165041275036,0.7371949952304934,0.01917631766039797
P01820,Excellent,Excellent,1.0233707307194422e-05,0.00026900551885815875,0.04645413004386358,0.9532666307299711
P05357,Poor,Poor,0.959964464131062,0.040001716858325084,3.308348412259437e-05,7.355264904722099e-07
P07999,Good,Good,0.010855662307306687,0.48097421085160735,0.5048345848681645,0.0033355419729215606
P05394,Poor,Poor,0.9641433585850803,0.0358480700150368,7.822808379206163e-06,7.485915037446625e-07
P01419,Poor,Poor,0.887634215984733,0.11228961264776322,7.373614704678473e-05,2.4352204570689777e-06
P05272,Good,Average,0.012858933221041483,0.4930636851047143,0.4869396709405669,0.0071377107336772425
P01462,Poor,Poor,0.56403218831016,0.43494237940104824,0.0010158988035422719,9.533485249439406e-06
P00357,Average,Average,0.10356584436358741,0.6956855777256511,0.2002086248968667,0.0005399530138949094
P03978,Good,Excellent,1.9003838388212086e-05,0.00450348850326809,0.3816535517074084,0.6138239559509353
P00539,Good,Good,0.00040745813290128706,0.06292366455476081,0.6709192967656872,0.2657495805466507
P04938,Poor,Poor,0.9634228445114511,0.03657089315075596,6.044193704511971e-06,2.181440883804054e-07
P07698,Good,Good,0.00098905618434155,0.1796336145699856,0.7948333131174464,0.024544016128226494
P09411,Average,Good,0.004333850055153534,0.40157635325074154,0.5882112653401437,0.005878531353961179
P01292,Excellent,Excellent,5.036314343378395e-06,0.00022338783014122133,0.046781313030522284,0.952990262824993
P09493,Average,Good,0.001427568240850488,0.20382573563482206,0.771012228676502,0.02373446744782542
P04469,Average,Poor,0.9376425944077683,0.0622859944232625,7.031778536066333e-05,1.0933836084954086e-06
P08527,Good,Good,0.0028851136073558205,0.25239125077267893,0.7189314116522219,0.025792223967743513
P01797,Poor,Poor,0.9645101048097756,0.03548400331984166,5.680998392662226e-06,2.1087198997469918e-07
P03548,Average,Average,0.04410284527724886,0.6782996135211167,0.2767814397428389,0.0008161014587954953
P03181,Good,Excellent,4.276418201857294e-05,0.0033770894346822635,0.2627952269006515,0.7337849194826477
P06142,Excellent,Excellent,1.7881639168161554e-05,0.0006519132247174495,0.08722073437907389,0.9121094707570405
P03924,Excellent,Excellent,4.651368168527819e-06,0.0001958738620679792,0.042348630107462024,0.9574508446623015
P08212,Excellent,Excellent,5.8910077331229436e-05,0.005846961933199837,0.42313850976067996,0.5709556182287889
P06769,Poor,Poor,0.9642028431798473,0.035791163294554694,5.780605031027914e-06,2.1292056683824913e-07
P01266,Poor,Poor,0.9602726403626229,0.039693981370424646,3.264702762364079e-05,7.312393287808087e-07
P00003,Good,Good,0.003645708400068108,0.3489091263719836,0.6404896884808017,0.006955476747146496
P07107,Good,Good,0.0009731601750217759,0.12464074215345852,0.7469208961946591,0.12746520147686058
P06843,Excellent,Excellent,5.744272521179269e-05,0.0052382231596242975,0.37087604319306433,0.6238282909220996
P06128,Good,Excellent,9.16067103332342e-06,0.0005777726705378223,0.09370012520204747,0.9057129414563813
P05996,Poor,Poor,0.9647561916516251,0.035236921787729705,6.130582674873085e-06,7.559779702785627e-07
P06690,Poor,Poor,0.9540425500015269,0.045948098196529584,9.06647512570924e-06,2.8532681789693406e-07
P01983,Excellent,Excellent,1.285241401076759e-05,0.00039071483350850366,0.06067194232113246,0.9389244904313483
P03051,Poor,Poor,0.9657175869255236,0.034274524939094164,7.172509122589274e-06,7.156262596746952e-07
P04852,Excellent,Excellent,7.641732094155536e-06,0.0004500347199884743,0.08100723909046173,0.9185350844574557
P04592,Average,Average,0.016040682686677528,0.7779021498032491,0.20543980626434846,0.0006173612457249441
P02345,Good,Average,0.005972537666129325,0.5091439389121415,0.48182679969651854,0.003056723725210547
P02001,Good,Average,0.061458582226526656,0.6943107837361056,0.24358074632230065,0.0006498877150672055
P01520,Excellent,Excellent,1.1281853774389302e-05,0.00031265681216585776,0.05181126642820454,0.9478647949058552
P06889,Poor,Poor,0.6929538068026307,0.3047254723811034,0.0023109539757317304,9.766840534120588e-06
P03685,Excellent,Excellent,2.1451502327141822e-05,0.0009905328023092981,0.11393386324176227,0.8850541524536012
P01430,Good,Excellent,3.963673467568255e-05,0.0019317580525970266,0.19375792842477516,0.8042706767879522
P03238,Poor,Poor,0.9504931146586707,0.049495641241629154,1.093654937157513e-05,3.0755032850803966e-07
P04070,Excellent,Excellent,1.7233463042505505e-05,0.0006477147920707767,0.0862275451712383,0.9131075065736484
P01254,Poor,Poor,0.9456210892975483,0.0543218871312573,5.608811173027291e-05,9.354594639515399e-07
P01543,Poor,Poor,0.9614850773570021,0.03850809951778824,6.592347443090619e-06,2.3077776641063353e-07
P04927,Poor,Poor,0.9653429812973051,0.034648968550034284,7.326598449047061e-06,7.235542115598529e-07
P02589,Poor,Poor,0.9660467637847449,0.033946801705083185,5.705323878025182e-06,7.291862939681025e-07
P05340,Excellent,Excellent,2.5521623637696143e-05,0.0012240713538252612,0.13571716809201212,0.863033238930525
P00672,Good,Good,0.002237209105300661,0.3918392244372053,0.5995973930179168,0.00632617343957706
P09102,Average,Average,0.25644206838305533,0.7372460541706647,0.00629649796940323,1.537947687677939e-05
P08539,Poor,Poor,0.9613027573400157,0.038690251787491456,6.758609865340702e-06,2.3226262730643033e-07
P03782,Good,Good,0.00084321436540609,0.0951534116731865,0.7139629946405198,0.19004037932088758
P00243,Poor,Average,0.3597307408550382,0.6347522818969995,0.005505634975797078,1.1342272165302029e-05
P06781,Good,Good,0.004829955970904369,0.4464453852587338,0.5438657789209235,0.004858879849438341
P07129,Excellent,Excellent,2.4023118989263175e-05,0.003314551886725215,0.3009150914203631,0.6957463335739225
P01616,Excellent,Good,9.105841129039788e-05,0.011611419610466365,0.5246771279356687,0.4636203940425745
P07793,Poor,Average,0.18317489224085956,0.7724808839032576,0.04422247428929522,0.0001217495665875373
P09259,Poor,Poor,0.9606744329622577,0.039292763380025686,3.20781746053618e-05,7.254831111403603e-07
P02525,Excellent,Excellent,5.048581633937581e-06,0.00022451549322705783,0.047148188018399984,0.952622247906739
P02558,Good,Good,0.0003763834359526117,0.05638227121342282,0.7403602266616308,0.20288111868899364
P04711,Excellent,Excellent,2.564153547796183e-05,0.0008665902931949947,0.12364347551807757,0.8754642926532494
P09879,Poor,Poor,0.9626382211280112,0.0373316985928433,2.9384006874443416e-05,6.962722708219129e-07
P04105,Poor,Poor,0.9473709860794363,0.0526113278520181,1.6571881099977865e-05,1.1141874457058782e-06
P05409,Poor,Poor,0.9659963277031064,0.033995903844697,7.058737202660346e-06,7.097149937485294e-07
P05535,Excellent,Excellent,4.1247433298747874e-05,0.00300621055596657,0.24682714956658533,0.7501253924441493
P01594,Poor,Poor,0.9526901924597824,0.047295337174356286,1.3478306010016916e-05,9.920598513264206e-07
P05532,Excellent,Excellent,3.8214839774274056e-05,0.006809120781334885,0.3996333924832804,0.5935192718956105
P05163,Average,Average,0.021057904325288316,0.5888987871747569,0.38823289546402007,0.0018104130359346405
P07011,Excellent,Excellent,3.169199982514515e-05,0.001847011708776537,0.17903410987038004,0.8190871864210182
P04170,Excellent,Excellent,5.023568790426386e-06,0.0002224873325551276,0.04675461231623544,0.953017876782419
P00898,Average,Good,0.0026985190796892477,0.21140128298483424,0.7349213636561007,0.05097883427937591
P08150,Excellent,Excellent,9.133224308928464e-06,0.00021980895929203,0.04037422185990269,0.9593968359564963
P09371,Excellent,Excellent,1.0872858175274125e-05,0.0001718209102680807,0.04165323934414568,0.958164066887411
P06414,Poor,Poor,0.9527687111644356,0.04721686204867891,1.3423423254001044e-05,1.0033636312795417e-06
P00998,Good,Good,0.001697799318513587,0.242220812470585,0.7366924459697022,0.01938894224119915
P01659,Poor,Poor,0.654582280310151,0.3448570583697103,0.0005518113692991828,8.84995083951501e-06
P02198,Poor,Poor,0.9045820319413561,0.09536199489161226,5.394732200658627e-05,2.025845025095846e-06
P04951,Excellent,Excellent,3.168250010196156e-06,0.0001923203996694882,0.05280303578049922,0.9470014755698211
P03518,Good,Good,0.0036173206691723137,0.31875872005355377,0.6653671393665125,0.012256819910761399
P05626,Poor,Poor,0.9660172604815507,0.03397498001758594,7.050229418981263e-06,7.092714445033221e-07
P08660,Good,Good,0.0036715668197761587,0.32580729213277404,0.6573937090456055,0.013127432001844455
P08296,Excellent,Excellent,9.733996308608048e-06,0.0015570161962858583,0.1860194144168562,0.8124138353905492
P07716,Excellent,Excellent,1.0565246334555218e-05,0.0002794983045634802,0.04790778582345985,0.9518021506256421
P09268,Average,Poor,0.7859986097005783,0.2137863836239748,0.00021027653867138364,4.730136775505169e-06
P00750,Poor,Poor,0.9619387967908712,0.038054415746491585,6.5593345100261065e-06,2.281281270502871e-07
P04053,Good,Good,0.00022626963243465112,0.04424980373629201,0.6732038027212215,0.2823201239100518
P04276,Average,Average,0.015124411478581602,0.6568095894570288,0.32712212372425853,0.0009438753401311785
P03129,Good,Good,0.00011577804077893508,0.029214424378203516,0.7381509265715331,0.2325188710094843
P06712,Poor,Poor,0.7758874674177056,0.22387054641051987,0.00023722039282019592,4.765778954242967e-06
P00884,Good,Good,0.00013738797811443872,0.05181523888118425,0.8195364890435431,0.1285108840971582
P07399,Average,Poor,0.7772853035907866,0.22252416146279683,0.00018517646848835245,5.358477928338568e-06
P01189,Average,Good,0.004012212735158141,0.42230431149803604,0.561034438485603,0.012649037281202865
P07645,Excellent,Excellent,2.7510643692782385e-06,0.00015111925681972384,0.045007079651989655,0.9548390500268213
P06598,Poor,Poor,0.9581419376767202,0.04182161614134439,3.568193442323028e-05,7.642475122647371e-07
P05016,Average,Good,0.005186705680444713,0.4714440013575075,0.5166967993193335,0.006672493642714346
P06012,Good,Excellent,3.635178318490608e-05,0.0019140513967663346,0.21298226397682235,0.7850673328432265
P00478,Average,Poor,0.7399176328666109,0.2586675961770086,0.001408701605675663,6.0693507048577206e-06
P02112,Poor,Poor,0.7286146806110461,0.271052148201651,0.00033095629107517696,2.2148962278084774e-06
P08253,Poor,Poor,0.9570117103460557,0.04297624557781025,1.1145020939215203e-05,8.990551947574224e-07
P03723,Excellent,Excellent,1.6532429244174283e-05,0.0036012980338043796,0.33756141212507906,0.6588207574118723
P05223,Average,Average,0.017253364842233047,0.6199395966692862,0.36153954118156484,0.0012674973069157934
P09208,Average,Average,0.00777690458905496,0.5118328756341239,0.4784066380559859,0.0019835817208353093
P08500,Good,Average,0.03763750525598941,0.6042497241697083,0.3567065492902112,0.0014062212840910224
P09946,Poor,Poor,0.7619846567003838,0.2376489426891159,0.0003610606134039575,5.339997096328278e-06
P02191,Excellent,Excellent,2.371854780869649e-05,0.0014437230727266073,0.14438265659942778,0.8541499017800369
P03487,Poor,Poor,0.9599263334255955,0.04006312280783517,9.705664056258577e-06,8.381025130280751e-07
P04617,Average,Poor,0.6227661310871893,0.3763327615030163,0.0008975325422615197,3.5748675327566027e-06
P03892,Excellent,Excellent,1.52780302558688e-05,0.0003495716604329705,0.07057801661324264,0.9290571336960685
P00749,Excellent,Excellent,3.5891174213199394e-05,0.0023910881650366336,0.2110515894287799,0.7865214312319703
P05975,Poor,Average,0.3869205390184114,0.6105260552248258,0.0025461971706333786,7.208586129349171e-06
P07171,Poor,Poor,0.9078471762099585,0.0921133582012727,3.745818911399031e-05,2.0073996547733337e-06
P07357,Average,Good,0.004196811374769777,0.40155306278929376,0.5868535503528034,0.007396575483133043
P08437,Poor,Poor,0.9447350865585327,0.05520665557780478,5.728442897483712e-05,9.734346876308043e-07
P03897,Poor,Poor,0.9637310466495147,0.036260187023284145,8.008572747360129e-06,7.577544537105923e-07
P00948,Average,Average,0.4017313305473994,0.5899734343813466,0.008238553312410798,5.668175884310275e-05
P04233,Average,Average,0.00953627278440433,0.6299716298026685,0.35927426842092597,0.0012178289920012249
P00524,Good,Good,7.945339715442614e-05,0.011770105664639551,0.5335133814566041,0.454637059481602
P03798,Good,Average,0.011944208670313915,0.5472958503159064,0.4374331311912468,0.003326809822532814
P06777,Good,Excellent,5.9711659402861596e-05,0.009031881480616491,0.4645946272618096,0.526313779598171
P07640,Excellent,Good,8.478224748417255e-05,0.03556978373945674,0.749483317210594,0.2148621168024651
P06700,Poor,Poor,0.9567643057594382,0.043197167959949254,3.774321480559523e-05,7.83065806806939e-07
P05526,Poor,Poor,0.8515459307193037,0.14833680561301688,0.00011617918398406172,1.0844836955293348e-06
P06959,Excellent,Good,0.001538137599720601,0.11212529727128136,0.7352888359464999,0.15104772918249823
P00497,Excellent,Excellent,3.1613833722241793e-06,0.00019190389769592307,0.05279146726098005,0.9470134674579518
P04246,Excellent,Excellent,3.7150559876388313e-06,0.0002563836915013788,0.06376219141974475,0.9359777098327662
P00156,Poor,Poor,0.934815051741484,0.0651635870944166,1.998782812832732e-05,1.3733359709649635e-06
P01076,Average,Good,0.0024229464337199805,0.24048144822282203,0.707732420753788,0.04936318458967003
P08250,Excellent,Excellent,1.3800367102676474e-05,0.0002835066170077675,0.06046235346787807,0.9392403395480116
P01109,Average,Average,0.39002483650182285,0.5977022468500492,0.012205351321793314,6.756532633456005e-05
P05770,Average,Poor,0.574923977732425,0.42418530903782936,0.0008810989233258508,9.614306419863412e-06
P09076,Excellent,Excellent,1.8036796573140753e-05,0.0037926393603177396,0.34374299470993197,0.6524463291331771
P04103,Average,Poor,0.49109202120389234,0.48980077680759254,0.01902691379901175,8.028818950337793e-05
P04027,Poor,Poor,0.9589102500468656,0.04105464376743047,3.433097354231844e-05,7.752121616005992e-07
P01919,Poor,Average,0.18486765557342982,0.7721196519753434,0.04294000470483024,7.268774639646375e-05
P02737,Average,Average,0.3964152156307054,0.5984382337047112,0.005125917258429177,2.0633406154134526e-05
P03795,Poor,Average,0.41611242625837924,0.5818668630080033,0.002006263399295007,1.4447334322480987e-05
P02130,Poor,Poor,0.9647313986817667,0.03526278341936514,5.608504177407777e-06,2.0939469083210385e-07
P08988,Average,Good,0.0018829105152682402,0.2600831392258905,0.6905641107807176,0.047469839478123825
P05827,Good,Good,0.0067090651676713015,0.4510954814793522,0.5365832549208784,0.005612198432098011
P01106,Average,Average,0.3478429325375544,0.6399718953325215,0.012135510582911088,4.966154701294826e-05
P03937,Excellent,Excellent,5.036615315407922e-06,0.0002231151545822029,0.04672632200912692,0.9530455262209755
P07190,Excellent,Excellent,1.1732406738047284e-05,0.00020234005778997372,0.04720361124565079,0.9525823162898212
P05095,Poor,Poor,0.6643247447928926,0.3352302456719982,0.0004367628208843891,8.246714224747414e-06
P09588,Average,Average,0.19769887860310728,0.7911201100403242,0.011153580998488458,2.7430358079989783e-05
P03938,Poor,Poor,0.8721161436262104,0.12780640739950166,7.655955280279812e-05,8.894214851899594e-07
P07421,Good,Good,0.002812859703497971,0.26593612788488086,0.7064743388447826,0.02477667356683856
P03295,Good,Average,0.24713137171852728,0.7322892124776571,0.02051797376228378,6.144204153186833e-05
P07882,Excellent,Excellent,4.686267216309159e-06,0.00019833686550417708,0.04278532623116175,0.9570116506361178
P04850,Poor,Poor,0.9612656034576602,0.03870242400043318,3.125574042774107e-05,7.168014789870029e-07
P00399,Average,Average,0.13424374532167058,0.6878397254470834,0.17727791646131164,0.0006386127699343023
P07067,Good,Good,0.0012659588532435919,0.11764499571490686,0.7800251817302056,0.10106386370164387
P09010,Poor,Poor,0.9646641605997107,0.03532999899834567,5.630558548926109e-06,2.0984339459088003e-07
P08492,Poor,Poor,0.9297593659326131,0.07021033472929127,2.878666118897515e-05,1.5126769067048896e-06
P06863,Average,Average,0.42597535746233856,0.5703969109615821,0.0036024512693411826,2.5280306738129636e-05
P04652,Excellent,Excellent,4.811016609269526e-05,0.0027872775540015633,0.22690123306685156,0.7702633792130542
P09825,Average,Good,0.0061121636547741935,0.4429882319750665,0.5458725646820295,0.005027039688129907
P01758,Excellent,Excellent,1.334315544263898e-05,0.0002655254430478749,0.0578140334078921,0.9419070979936175
P02363,Average,Average,0.05636598708871555,0.7228593546469871,0.21992286776623543,0.0008517904980618046
P09417,Poor,Poor,0.9415363687197702,0.05844205215402663,2.0347404545844943e-05,1.231721657211394e-06
P05628,Average,Good,0.0021026620528712507,0.2614242308360685,0.712322313226855,0.024150793884205237
P02614,Excellent,Good,0.00025234176802681576,0.029041402483655485,0.6461014331822674,0.3246048225660503
P02745,Good,Good,0.0031871549739279988,0.27865422191146383,0.6906875655322577,0.02747105758235039
P09093,Excellent,Excellent,2.6117490782214318e-05,0.0009454858534459266,0.1320920518560061,0.8669363447997658
P08493,Good,Good,0.0018492124659261772,0.1450991409224747,0.736896174487204,0.11615547212439524
P05147,Good,Excellent,5.5837140520454445e-05,0.009963546256368314,0.4649448393960674,0.5250357772070439
P08236,Good,Good,0.005539903681693904,0.32191002965165233,0.6533368043051293,0.01921326236152451
P05011,Poor,Poor,0.9544006037769597,0.045557470740818104,4.1088668364325063e-05,8.368138579839143e-07
P08239,Excellent,Excellent,1.3720784472640958e-05,0.00028236727030261395,0.060600882331645935,0.9391030296135787
P06541,Average,Average,0.34875234343902367,0.6452657801038153,0.0059690202596515765,1.2856197509549048e-05
P06667,Good,Good,0.002296062621779557,0.21923837823250447,0.7273468785742531,0.0511186805714629
P06916,Excellent,Good,0.00019339296578919078,0.02058289740369969,0.5833767659300072,0.39584694370050405
P05328,Excellent,Excellent,2.528357412528425e-05,0.0012038818801806718,0.1344591610563903,0.8643116734893036
P04407,Average,Average,0.30281466726102174,0.6845557340821392,0.012606217907318246,2.3380749520778057e-05
P09832,Good,Good,0.00391016758529871,0.26116768077115804,0.6889742163385406,0.04594793530500261
P00410,Poor,Poor,0.6511768049726325,0.3482307435847067,0.0005845284255166089,7.92301714426178e-06
P05171,Good,Good,0.0017778992320387976,0.2020303529360626,0.7334935662149876,0.062698181616911
P08504,Good,Good,0.0012021022154075872,0.23801580549189738,0.7174217585799275,0.04336033371276748
P03715,Poor,Average,0.07008837066621591,0.8241249692525651,0.10559703619526764,0.00018962388595145977
P07887,Excellent,Excellent,6.522143139151627e-06,0.0007028077839821867,0.12618135634325953,0.8731093137296192
P01649,Excellent,Excellent,1.6267002496337892e-05,0.00039074282681402585,0.07486359839945712,0.9247293917712326
P03485,Poor,Poor,0.9465254546396303,0.053456351612650915,1.7065452183992205e-05,1.1282955346784295e-06
P08623,Excellent,Excellent,1.0945106546319255e-05,0.0001747632877313681,0.04228004901592533,0.9575342425897969
P03244,Good,Good,0.0001388990457568156,0.04936755556049171,0.7110348242522272,0.23945872114152428
P09681,Good,Average,0.09714376146204834,0.6722505635274477,0.22999501123696417,0.0006106637735398165
P05682,Poor,Poor,0.9553754917978604,0.0446140628541708,9.485901404516769e-06,9.594465643409032e-07
P01477,Good,Good,0.0001739011374737501,0.04077479463212325,0.7413108472481659,0.21774045698223723
P09461,Poor,Poor,0.9563332679959058,0.04362765692600846,3.827592740624761e-05,7.991506792649734e-07
P00885,Average,Poor,0.6975827515297861,0.30186216401203075,0.0005526023641879651,2.4820939953767e-06
P03367,Good,Excellent,9.085109093958766e-05,0.005592319870695853,0.34855853454636393,0.6457582944920007
P04320,Good,Good,0.0028635531579181994,0.20968770923739077,0.7350943093033446,0.05235442830134639
P07813,Good,Excellent,2.425095101066704e-05,0.001334118913788738,0.13856122977545637,0.8600804003597443
P07763,Poor,Average,0.025449762951385034,0.6751326962808998,0.29831909449755534,0.0010984462701598666
P01603,Good,Good,0.00446349944561443,0.42531715224938105,0.5637717493392783,0.006447598965726034
P00597,Good,Good,0.0047094083198138395,0.3627291052561608,0.6177276123872181,0.01483387403680731
P00253,Good,Average,0.05875105302132611,0.7071794367741152,0.23328551661448088,0.0007839935900779001
P00939,Poor,Poor,0.7431289690072782,0.25647175053973975,0.0003929421971580773,6.338255824007167e-06
P04050,Good,Good,8.714113843200555e-05,0.010404902184207665,0.5007867104207423,0.48872124625661795
P00569,Average,Average,0.12915772852485766,0.8421671838717089,0.028625607358319375,4.948024511405797e-05
P03023,Poor,Poor,0.9506645483707793,0.04932394243075561,1.1203750626036025e-05,3.054478388989434e-07
P08702,Good,Good,4.087805308868435e-05,0.011197323849536842,0.5191525577801659,0.46960924031720863
P01742,Poor,Poor,0.9644870624972967,0.03550703816124412,5.688313181325988e-06,2.1102827800261604e-07
P02824,Good,Good,0.0005464602645226008,0.0943897848259708,0.8172920436080924,0.08777171130141438
P07034,Excellent,Excellent,4.666007563491755e-06,0.00019690066269755115,0.04254148120048994,0.9572569521292491
P06481,Average,Poor,0.5409621725347683,0.45745548646245354,0.0015768307623283085,5.5102404499028455e-06
P04505,Excellent,Excellent,5.3395402348386677e-05,0.008773350321713606,0.49264494067697306,0.49852831359896493
P05277,Good,Excellent,0.00011092804469530179,0.004206192842846915,0.2782949005656512,0.7173879785468067
P04257,Average,Average,0.05916639977850195,0.7567670735111216,0.18371635093441133,0.00035017577596504454
P03942,Good,Good,0.0021529500354479586,0.2561641946075003,0.7173571733081526,0.024325682048898983
P07959,Good,Good,0.00044752320387473054,0.11243028962800543,0.7793039511989776,0.10781823596914245
P04019,Average,Average,0.009057259923351175,0.5804781305077894,0.40914207584364565,0.0013225337252137364
P04894,Poor,Poor,0.7469733586123316,0.2527208224425996,0.00030058127984506337,5.2376652237792775e-06
P04795,Excellent,Excellent,5.700328802528798e-05,0.008481723881435496,0.44653402367424105,0.5449272491562982
P06451,Average,Average,0.04673744784108132,0.7365921773320943,0.21606023174874714,0.0006101430780772483
P07438,Excellent,Good,0.00013902093181963684,0.023145812910555338,0.6773584635672161,0.29935670259040886
P04114,Excellent,Good,0.0007397303439317057,0.16846252336439932,0.7775961729478179,0.05320157334385121
P05314,Average,Average,0.10313902720677653,0.8250521162864428,0.07154161872817746,0.0002672377786030699
P02646,Poor,Poor,0.9603746066776586,0.039618051920584825,7.102627205810924e-06,2.387745506297855e-07
P06174,Poor,Poor,0.7430007035780172,0.2545953523859418,0.002391508971809353,1.2435064231645432e-05
P08706,Good,Good,0.0009572114420593435,0.12090294370119539,0.7509906315249911,0.12714921333175422
P09277,Poor,Poor,0.9614972728223784,0.038494654344102625,7.246916279805992e-06,8.259172393134125e-07
P04978,Poor,Poor,0.9651112632864972,0.034880588757932256,7.419597549528166e-06,7.283580208653632e-07
P01854,Excellent,Good,0.0029928686075391176,0.3445758611136957,0.6422771476918181,0.010154122586947012
P07263,Excellent,Excellent,1.005428688918456e-05,0.000257005582396682,0.045169770316591105,0.954563169814123
P07694,Average,Average,0.012159281474542778,0.614617201853922,0.3716961465395293,0.0015273701320059581
P08983,Excellent,Excellent,9.449627851014308e-06,0.00023275934254697584,0.04205002459276696,0.957707766436835
P02312,Average,Poor,0.9350245371452143,0.06494910343832117,2.4997204618420628e-05,1.3622118461834864e-06
P02496,Average,Good,0.010252811872756536,0.42075717390520445,0.5611226765683451,0.007867337653693787
P09939,Excellent,Excellent,1.1573002130018507e-05,0.00032745770032543866,0.05360401734864531,0.9460569519488992
P06730,Average,Average,0.045793121546714444,0.6718204698403808,0.2805470563072348,0.0018393523056699954
P06396,Good,Good,0.003530215983289721,0.40181027706619754,0.5897400827430349,0.004919424207477786
P09357,Excellent,Excellent,5.355051267021144e-06,0.00024750292860511205,0.050452982661505524,0.9492941593586224
P07940,Good,Excellent,8.031164397540286e-06,0.0009999862813295946,0.14795501508956022,0.8510369674647127
P03689,Good,Good,0.00015843252973256336,0.03533110050861738,0.7496726642481968,0.21483780271345326
P01907,Average,Average,0.008148240807398508,0.5135646826538599,0.47627476806051344,0.002012308478228057
P01046,Poor,Poor,0.9591986860584911,0.040792365180755324,8.075117783250587e-06,8.736429704107234e-07
P09004,Poor,Poor,0.9595340168435047,0.04045712826627012,7.990888306532427e-06,8.640019188870052e-07
P04921,Excellent,Excellent,1.4663857277575754e-05,0.0004774795488305684,0.0703128940658646,0.9291949625280274
P06008,Poor,Poor,0.9644295957627622,0.03556448503348852,5.707789503824167e-06,2.114142455634875e-07
P08284,Average,Poor,0.49999613886999855,0.4909556965935109,0.009020527895339362,2.7636641151254132e-05
P06216,Poor,Average,0.18021088094493828,0.7289189689096071,0.09061757358575763,0.0002525765596971155
P07767,Average,Poor,0.7281387868677917,0.2713792084873079,0.0004761774596940181,5.8271852064745026e-06
P07878,Excellent,Excellent,2.780896450319424e-05,0.0042115547586449266,0.34717532434750914,0.6485853119293427
P04686,Poor,Poor,0.9582987844599478,0.04168983617741441,1.0506032024400896e-05,8.733306134868187e-07
P05457,Poor,Poor,0.7644462032524034,0.2348470285201622,0.0007027131550904788,4.0550723439998975e-06
P04668,Average,Good,0.003234705629522798,0.3521395386755787,0.6336888934608256,0.010936862234072888
P09421,Excellent,Excellent,1.524320098563459e-05,0.001475250769336,0.19230698043803224,0.8062025255916462
P05247,Good,Average,0.038742637452462654,0.670598470384109,0.2891888380451139,0.0014700541183142691
P03941,Good,Average,0.2892391989612278,0.7063270912141077,0.004426705629584361,7.004195080187484e-06
P01311,Poor,Poor,0.9646726826398938,0.03532147988424248,5.627688978906886e-06,2.09786884716034e-07
P02253,Excellent,Excellent,1.0833211240563386e-05,0.00017094535331858295,0.04157991334842624,0.9582383080870147
P03100,Average,Good,0.010015772851056218,0.49152256612684864,0.49370457342199126,0.004757087600103723
P01673,Poor,Poor,0.9417226103714865,0.05826131297894543,1.5708265791862806e-05,3.683837760142474e-07
P09537,Average,Average,0.15376965963770126,0.8108173919532914,0.03534486040786907,6.80880011382422e-05
P04513,Good,Good,0.0005563268180454671,0.07607258920934583,0.7819335900364738,0.14143749393613497
P06630,Excellent,Excellent,7.944324403597278e-06,0.0004810378338079692,0.0847997534642021,0.9147112643775863
P03769,Excellent,Excellent,2.310424713886687e-05,0.0028963813186619765,0.2521653610507093,0.7449151533834899
P01354,Average,Good,0.002458907383099612,0.3704072325746165,0.6172056974890424,0.009928162553241578
P01996,Poor,Poor,0.9061369276489013,0.09371676071766621,0.00014486901363675343,1.4426197957568408e-06
P05836,Average,Average,0.05160626901297276,0.7568226122653773,0.19096935788623812,0.0006017608354118449
P02304,Average,Average,0.03497063365220009,0.6497147539138517,0.3130197182914489,0.002294894142499413
P07836,Poor,Poor,0.9569595369130772,0.04303060484102601,8.93549945759454e-06,9.227464393662039e-07
P07656,Excellent,Excellent,9.209926805604011e-06,0.00022283989926353558,0.04077294935212628,0.9589950008218046
P01560,Poor,Poor,0.7536688359656581,0.24585718952655955,0.0004660423938505431,7.932113931684572e-06
P05493,Average,Average,0.43932531823879395,0.556498764148439,0.004165341204475377,1.0576408291688834e-05
P05055,Excellent,Excellent,4.219468493197886e-06,0.00032038247275125245,0.07528147163938782,0.9243939264193678
P05943,Excellent,Excellent,2.7491249957936015e-06,0.00015098215435308882,0.04490145685331466,0.9549448118673365
P08756,Good,Good,0.0014150264028163244,0.13907599434487228,0.7155616042035862,0.14394737504872535
P02838,Good,Excellent,3.540868115029845e-05,0.007234079576150758,0.44859807199170726,0.5441324397509918
P00803,Average,Poor,0.49938696847439096,0.4976221535276327,0.0029726634277236087,1.8214570252487113e-05
P04708,Good,Average,0.06510800672207837,0.7803284752729596,0.15407378934957036,0.0004897286553917389
P03622,Average,Average,0.005578198352762214,0.5011033825295175,0.4850223630537669,0.008296056063953396
P02255,Excellent,Excellent,4.841375807168725e-06,0.0003997739040609306,0.08571238254374493,0.913883002176387
P03944,Excellent,Excellent,2.864063288602104e-06,0.00016185902991167062,0.047072780036983744,0.9527624968698161
P00216,Good,Excellent,0.0001249529689486388,0.01067156108635703,0.48386115884510217,0.5053423270995921
P09956,Good,Good,0.0006124097948720092,0.09982277408369811,0.7809512515208056,0.11861356460062428
P07810,Poor,Average,0.26202016469069095,0.7176396788407113,0.020302415818324884,3.774065027277991e-05
P01891,Average,Good,0.0029704799821304137,0.33704615244935465,0.6473490971879576,0.012634270380557122
P08684,Poor,Poor,0.9624906498800329,0.0374790691393301,2.9582428336963367e-05,6.985523002224485e-07
P00210,Average,Average,0.18289264230259294,0.7528411219552027,0.06412371322346767,0.00014252251873670362
P04609,Poor,Poor,0.95708732372733,0.04290064530660407,1.113005650565256e-05,9.009095602804428e-07
P08035,Excellent,Excellent,2.903120006705584e-05,0.0032965449421699005,0.3087479108151707,0.6879265130425923
P05643,Poor,Poor,0.9660319566916526,0.03396029009229274,7.044256164854692e-06,7.089598896927419e-07
P02840,Poor,Poor,0.9642415330075199,0.035752484103273745,5.770215114900195e-06,2.126740915382163e-07
P08112,Average,Good,0.0014814898890613845,0.136343994136411,0.7369418217854411,0.12523269418908659
P06459,Good,Good,0.003952486801221685,0.2461976863888724,0.7061543244378561,0.04369550237204973
P06361,Poor,Average,0.10343049473487118,0.8553423946858313,0.041111475163317236,0.0001156354159803064
P01395,Good,Excellent,3.355286705320536e-05,0.004284919008952228,0.35287346497217364,0.6428080631518208
P06606,Excellent,Excellent,6.312525637170856e-06,0.00032558934161215934,0.06238573927714949,0.9372823588556012
P09977,Poor,Poor,0.9618998827312765,0.03806902542710573,3.0384507675184795e-05,7.07333942809574e-07
P06682,Good,Good,0.006720831759582029,0.4198695891353574,0.5671743622235547,0.006235216881505999
P02388,Poor,Poor,0.9623799266023976,0.037589639866072035,2.9733453573410836e-05,7.000779568575494e-07
P03050,Excellent,Excellent,9.942964757350421e-06,0.00025299047395520096,0.04462783607345646,0.9551092304878309
P02493,Average,Average,0.03562091533748093,0.8426240545789806,0.12152001342595435,0.00023501665758416572
P07145,Average,Average,0.02029374748963402,0.7247972557104749,0.25424083173931195,0.0006681650605791252
P07791,Poor,Poor,0.6970455538094716,0.3024098030586771,0.000538443763377979,6.1993684732137214e-06
P02012,Good,Good,0.00017382238581445253,0.04716561873610091,0.7662002696416457,0.18646028923643884
P08781,Excellent,Excellent,1.6531475636806394e-05,0.00041313163837791505,0.07971027101448919,0.919860065871496
P01041,Excellent,Excellent,9.63107307836153e-06,0.00024072849157258443,0.043053727826756115,0.9566959126085929
P06455,Excellent,Excellent,2.7043487940489867e-06,0.0001466401877558237,0.04407492422442694,0.9557757312390233
P00987,Good,Good,0.0007944946938716768,0.1616557267701895,0.7603928738935866,0.07715690464235228
P00964,Excellent,Excellent,1.1856877829113071e-05,0.00034105717755261516,0.05512743998573482,0.9445196459588834
P00626,Excellent,Excellent,4.3221180342868526e-05,0.002615539573002022,0.26609899604243287,0.7312422432042223
P08932,Excellent,Excellent,9.59471835554686e-06,0.00023852480940202551,0.04279213348166302,0.9569597469905793
P07325,Good,Good,0.0029545032294057932,0.16556878243730996,0.6724357273690026,0.1590409869642818
P05844,Poor,Poor,0.9660162694322021,0.03397597067333344,7.0506035306300364e-06,7.092909340619701e-07
P03019,Good,Good,0.007150109544927771,0.3610165694407649,0.6180764755881819,0.013756845426125508
P03694,Good,Good,0.0004092734639785048,0.04341020017771558,0.6776877827382651,0.2784927436200407
P08542,Poor,Poor,0.8922360748593716,0.10770802638077989,5.357462785893094e-05,2.324131989474582e-06
P01640,Good,Average,0.02661996304054402,0.6120063793228514,0.3588837633577338,0.002489894278870777
P06154,Good,Good,0.0004664313873016273,0.07176217657454549,0.7914163874229946,0.1363550046151582
P04355,Good,Good,0.0021543989533432993,0.23562070093726664,0.7442524061992588,0.017972493910131157
P08115,Excellent,Excellent,1.0685651521239406e-05,0.00028656136555402635,0.048739777654764976,0.9509629753281597
P07591,Average,Average,0.18882079352459874,0.7920480906654743,0.01910135620151132,2.975960841569862e-05
P00931,Poor,Poor,0.9501623248870101,0.049826103934900466,1.1262239537761569e-05,3.0893855145901737e-07
P03305,Good,Good,0.0004306291024070957,0.10022132103326854,0.7632062213006758,0.13614182856364854
P02286,Excellent,Excellent,1.106858582373976e-05,0.00017887575640997098,0.043021341708371214,0.9567887139493951
P02857,Poor,Poor,0.9647649635263712,0.03522922981179482,5.597491428537305e-06,2.09170405576961e-07
P01811,Poor,Poor,0.9520744251310446,0.0479134835854179,1.1071897147136464e-05,1.0193863902423375e-06
P02503,Excellent,Excellent,0.00010182667947550837,0.008194279667655737,0.40793528440252524,0.5837686092503436
P05273,Good,Good,0.00040013253272593204,0.06302883287752191,0.7192174534330851,0.2173535811566671
P02133,Poor,Poor,0.9622530926863624,0.03773910461926073,6.994998448911401e-06,8.076959281164623e-07
P02392,Good,Good,0.00019766858411007286,0.03715581869158679,0.722802714547924,0.23984379817637916
P00618,Average,Average,0.4177904827190364,0.5794525673213814,0.002745060303318291,1.1889656263985028e-05
P03933,Average,Average,0.26790995283464636,0.7157629996780428,0.016243425878708057,8.362160860274206e-05
P07216,Average,Average,0.054483716984284385,0.7871997081122529,0.15796469322130335,0.0003518816821595133
P03486,Average,Average,0.11686321375766884,0.8107454179404815,0.07221369849005578,0.00017766981179393845
P05677,Average,Good,0.007208186669643923,0.4826272338547383,0.5042864111166758,0.005878168358941926
P02204,Good,Good,0.0011432722604425884,0.22113008716345353,0.7286288639368315,0.04909777663927247
P07237,Average,Average,0.16654076079694857,0.7644508647520016,0.06885348776224434,0.00015488668880542046
P02685,Poor,Poor,0.9484140438132126,0.05153406753236927,5.097724994927425e-05,9.114044688924388e-07
P05658,Good,Good,0.0007735915814895199,0.1334868375324668,0.8026069810047325,0.06313258988131122
P09377,Average,Average,0.17685989810023386,0.8109760961649264,0.012122946974481222,4.105876035859182e-05
P00417,Poor,Poor,0.9628730760181335,0.03712047084108789,6.231288158707453e-06,2.21852619907178e-07
P09863,Good,Good,0.0015458066830787859,0.12240798367651981,0.7528643736378317,0.12318183600256986
P01274,Excellent,Good,8.512624544704103e-05,0.011332520260801941,0.5980303830615307,0.39055197043222034
P02201,Good,Good,0.00036016774207717905,0.04748659413757956,0.6705495270458585,0.2816037110744848
P00720,Good,Good,0.002095498119267322,0.23226843665445207,0.7466093814426593,0.019026683783621323
P02455,Average,Average,0.28437649957429084,0.7073229717688122,0.008272755850821501,2.777280607540816e-05
P07346,Excellent,Excellent,1.8100624635711986e-05,0.0004842725771154993,0.08711930655045384,0.9123783202477951
P04101,Excellent,Excellent,2.718791195108969e-06,0.00014801764387848237,0.04436021433672471,0.9554890492282018
P01374,Poor,Poor,0.9620867382171105,0.03788242489347508,3.0132548774927714e-05,7.043406395405869e-07
P05971,Poor,Poor,0.8988724341851814,0.10097019411348512,0.00015551056640385433,1.8611349297179394e-06
P07822,Average,Average,0.02483559406222739,0.7528940261976447,0.22169728829682614,0.0005730914433017149
P05441,Average,Average,0.25577500544096216,0.7308088729354612,0.013379713362620985,3.640826095563778e-05
P04032,Poor,Poor,0.9631187381124329,0.03687222985101578,8.262069323028856e-06,7.69967228253108e-07
P08135,Excellent,Excellent,4.754146755612861e-06,0.00020315662227282514,0.04359995783587491,0.9561921313950966
P06513,Excellent,Excellent,5.0097185222345186e-06,0.0002215473970407657,0.046488636544813756,0.9532848063396232
P00783,Excellent,Excellent,1.550611035392944e-05,0.0003397920764566172,0.06670804441130508,0.9329366574018845
P08797,Average,Poor,0.6419588760368767,0.35669925814903924,0.0013256975263929746,1.6168287690956542e-05
P01084,Poor,Poor,0.9590174300266444,0.040974798920357186,7.523458688060666e-06,2.475943103328885e-07
P07196,Excellent,Excellent,1.1356417256255739e-05,0.00018843633372930794,0.044695189646528154,0.9551050176024862
P08780,Poor,Average,0.4901581017702048,0.5081872934593926,0.001649917196495618,4.687573906932562e-06
P08792,Average,Average,0.38352104901334455,0.6043181212393074,0.01210255696151602,5.827278583201116e-05
P08381,Poor,Poor,0.9548044065635274,0.04518474044145225,9.891267195517896e-06,9.617278249483222e-07
P09962,Good,Good,2.5235771365117635e-05,0.011191022199621375,0.5196953183707017,0.4690884236583119
P04409,Excellent,Excellent,1.0745151876492271e-05,0.00016812852110045554,0.04107046413361165,0.9587506621934114
P05006,Average,Average,0.16243988694784048,0.7666944404114612,0.07060031814354976,0.0002653544971485775
P00414,Average,Average,0.013950405933510547,0.732709343919479,0.25241991562518795,0.0009203345218225716
P09436,Good,Good,0.002000168669914343,0.12290443479238256,0.7287779098158162,0.14631748672188682
P06166,Average,Good,0.003025970452485814,0.222966213968838,0.706173824912559,0.06783399066611713
P08910,Excellent,Good,0.0014755621350710753,0.13348021384563902,0.7758374136178597,0.08920681040143025
P05119,Excellent,Excellent,2.744771586916894e-05,0.0039306848612811,0.2670742517488917,0.728967615673958
P09547,Excellent,Good,0.0004302803666257253,0.05765702938388941,0.7459932000174707,0.19591949023201413
P03127,Poor,Poor,0.9626089797416624,0.03736090063226955,2.9422868447987345e-05,6.967576201375581e-07
P08964,Poor,Poor,0.7767743552427192,0.2229094353836679,0.0003114353672452965,4.774006367630621e-06
P02729,Good,Good,0.0003175506853574315,0.042291836081849825,0.7484386650134903,0.20895194821930244
P04565,Excellent,Excellent,2.9972508936277634e-06,0.00017568848770903393,0.04996972729447663,0.9498515869669207
P00633,Excellent,Excellent,3.39698250598903e-05,0.006151423637294164,0.3675485122701479,0.626266094267498
P02411,Poor,Poor,0.7598055341419802,0.23830231368331237,0.0018824555569640212,9.696617743542807e-06
P00849,Poor,Poor,0.9543004273088069,0.04565731914519049,4.1428790513200774e-05,8.247554891321303e-07
P06618,Excellent,Good,0.0001522670313123982,0.023243003705244597,0.6478467784072601,0.32875795085618287
P01837,Excellent,Excellent,2.3055325763402848e-05,0.000743281873820531,0.1120736147343972,0.8871600480660189
P04360,Good,Excellent,2.6909562162088787e-05,0.0036272973034074635,0.3027151267589506,0.6936306663754798
P02717,Excellent,Excellent,1.470296016248344e-05,0.0013734372538833288,0.1832852321622049,0.8153266276237493
P06091,Good,Good,0.00026117475431940525,0.03115602453186249,0.6612409512233625,0.30734184949045573
P09363,Average,Good,0.004649847744372318,0.38776628736142843,0.6016338299884572,0.005950034905742115
P03551,Excellent,Excellent,1.3910297872220383e-05,0.0021297193987933494,0.22738865516456078,0.7704677151387737
P04458,Average,Average,0.026956527671910712,0.698557286174136,0.2737973121814312,0.0006888739725219937
P08572,Average,Average,0.021744303150949777,0.7256329359639844,0.2519218503397802,0.0007009105452856122
P02325,Good,Good,0.0031299518826298986,0.3598818194205771,0.6287625874333747,0.008225641263418352
P03325,Average,Average,0.21920711448792304,0.7503686690067051,0.030363174491121657,6.104201425006234e-05
P06246,Poor,Poor,0.9648617302897274,0.03513001410888806,7.52180388948004e-06,7.337974949634704e-07
P07775,Good,Good,0.0047689585798809065,0.29141445114631853,0.6929821533120312,0.010834436961769374
P01235,Average,Average,0.05213986654859681,0.6602212405538546,0.28679126492436957,0.000847627973178941
P04226,Average,Average,0.006537691158846525,0.5292363635114501,0.4620236671768317,0.002202278152871596
P08833,Good,Good,0.0014447013608498143,0.1227683152291215,0.7625952282519443,0.11319175515808447
P02397,Excellent,Excellent,3.0630277505008893e-06,0.00018122783100810665,0.050641849333486394,0.9491738598077549
P08228,Average,Average,0.14204744897203828,0.7760930892457139,0.08165761770162851,0.00020184408061927066
P07850,Poor,Poor,0.9635500767173689,0.03644108325873558,8.078048734323881e-06,7.619751611915531e-07
P00462,Excellent,Excellent,9.295103255202467e-06,0.00022621541606906016,0.04121494410620689,0.9585495453744689
P01137,Excellent,Good,0.00022306057558202358,0.057182645540814175,0.8590242908066928,0.08357000307691102
P02371,Average,Average,0.021063213805162875,0.5945886767656642,0.383252849421923,0.0010952600072500092
P03216,Poor,Poor,0.9659347892370276,0.03405741596269023,7.083773536962978e-06,7.110267452419831e-07
P02704,Excellent,Good,0.0009480891071288123,0.10974001064581292,0.8013994042251066,0.08791249602195174
P07646,Excellent,Excellent,1.0508643607052339e-05,0.00027711891570809596,0.04762583014750937,0.9520865422931755
P08588,Average,Average,0.2553846055266329,0.7396480930675107,0.0049434925479683745,2.3808857888115466e-05
P00995,Excellent,Excellent,1.4232467572686605e-05,0.0004579131644904463,0.06813783090563208,0.9313900234623047
P08846,Poor,Poor,0.8270228233653802,0.17284539141733465,0.00012784423143762685,3.94098584748693e-06
P08190,Poor,Poor,0.863471527943741,0.13644169836851486,8.370746390805617e-05,3.0662238360410096e-06
P01149,Excellent,Excellent,1.0898596836109887e-05,0.00017319330938514216,0.041997512123464274,0.9578183959703145
P08984,Average,Average,0.07075681653195892,0.7895413163124715,0.1391817980667957,0.000520069088773778
P03984,Excellent,Excellent,4.679959099401553e-06,0.00019787644700320524,0.042699719265830806,0.9570977243280666
P05564,Average,Poor,0.547297950770563,0.45173403693359493,0.0009566484596556346,1.1363836186602507e-05
P04671,Poor,Poor,0.8890944799090686,0.11084792667135743,5.5249978349890135e-05,2.3434412240792415e-06
P08844,Good,Average,0.013662766179729285,0.5990138528541494,0.38588171408979793,0.0014416668763231832
P05074,Poor,Poor,0.9591191446048183,0.0408458973755968,3.4204197536418036e-05,7.538220486358638e-07
P09617,Excellent,Good,0.00016379132080582626,0.024660116634497586,0.6963023825312774,0.27887370951341905
P00546,Excellent,Excellent,4.734842176983222e-06,0.00020170206485355433,0.043318786904638994,0.9564747761883305
P09735,Poor,Poor,0.8609938266220373,0.1389170669259324,8.613061377102432e-05,2.975838259135569e-06
P05683,Poor,Average,0.20802535619540463,0.7484448398713495,0.043431572947752135,9.823098549380172e-05
P00300,Poor,Poor,0.9661079750938485,0.033885611366041214,5.685626875443402e-06,7.279132349644925e-07
P03269,Average,Good,0.006156000419209773,0.45851282260053666,0.5324939701703483,0.002837206809905366
P08859,Good,Good,0.00017831468679029746,0.06544414708898028,0.7638202242219072,0.1705573140023223
P00129,Poor,Poor,0.9036111920193529,0.09633362840555316,5.314869886297168e-05,2.030876230996789e-06
P05978,Good,Excellent,5.25173559655087e-05,0.008548108281545353,0.4886742491364119,0.5027251252260774
P03046,Good,Good,0.00031807739643662484,0.043631261458284054,0.7411066252471132,0.214944035898166
P06461,Average,Average,0.1799453065539775,0.8035508685094502,0.016481634020292228,2.2190916280085276e-05
P04910,Excellent,Excellent,2.697757961995263e-05,0.004233280979518832,0.3281415479959688,0.6675981934448924
P00069,Average,Average,0.08260158119146516,0.8728269381037088,0.044459020350618744,0.00011246035420725498
P01554,Good,Average,0.015395098577900232,0.6932427008301003,0.29044473861032033,0.000917461981679093
P04913,Average,Average,0.05081105245604418,0.7601411304459761,0.18836343607375328,0.0006843810242265923
P07531,Good,Good,0.00013906078958772071,0.016285602322971156,0.5884434143802794,0.3951319225071617
P09663,Poor,Poor,0.962457035879948,0.037533728415621796,8.455113698435405e-06,7.805907317562026e-07
P06570,Poor,Poor,0.7667383585184347,0.2325705599405162,0.0006867742949369203,4.307246112139299e-06
P02399,Good,Average,0.003909724715950278,0.5160667636987745,0.4775388357294503,0.002484675855824916
P01264,Average,Average,0.026544855586218396,0.6147152835078419,0.3571780234832277,0.0015618374227121211
P03661,Poor,Poor,0.9412577190477843,0.05872057607462866,2.0468410206072057e-05,1.236467381002007e-06
P01145,Excellent,Excellent,3.7653557254940604e-05,0.002636428933662909,0.2218179383781674,0.7755079791309147
P06134,Good,Good,0.00017119964363436767,0.0702553497019316,0.7693691773580668,0.16020427329636713
P06971,Good,Excellent,3.2752144125424764e-05,0.00898000415500696,0.4742441563692616,0.516743087331606
P00818,Good,Average,0.01712803942663087,0.5878577303342561,0.3936822652344373,0.0013319650046757542
P09393,Poor,Poor,0.8792574531145393,0.12067192566854745,6.978217854196618e-05,8.390383713479627e-07
P05611,Excellent,Good,7.318920384311553e-05,0.010168576827757889,0.5000456141551444,0.48971261981325465
P06009,Good,Good,0.006351997414133847,0.2569019216527164,0.6497376520980422,0.0870084288351075
P09564,Good,Excellent,1.1281051811671426e-05,0.0020033969138400537,0.2160603043099041,0.7819250177244442
P05693,Poor,Poor,0.9568369410014526,0.04315447748597958,8.319174460325402e-06,2.6233810756828194e-07
P06458,Poor,Poor,0.7388883094416127,0.26082408463112566,0.00028532122466017816,2.284702601650069e-06
P06337,Average,Average,0.3698756205206268,0.6273364641212982,0.0027811996490499187,6.7157090250774e-06
P00184,Average,Average,0.19585547326512673,0.7335136855929115,0.07051116381457696,0.00011967732738476804
P04175,Excellent,Excellent,7.146665482125065e-06,0.00039480607017777124,0.06908937316823958,0.9305086740961006
P00951,Good,Good,0.0004520977250597759,0.05797709236905056,0.6802501094862262,0.26132070041966343
P02452,Good,Good,0.0017128594189150619,0.12264410045568618,0.7052470123072113,0.17039602781818747
P00103,Excellent,Excellent,5.9404595079238765e-06,0.00029153748714256747,0.05649185053225747,0.9432106715210921
P06051,Excellent,Good,0.00011246437220041597,0.015562846681363932,0.5895014697462962,0.3948232192001395
P06965,Poor,Poor,0.9623612649762974,0.03760827564113165,2.9759066384311514e-05,7.003161864836943e-07
P00685,Average,Average,0.05548122478478051,0.7587764412261618,0.1854960507209373,0.0002462832681203168
P07605,Excellent,Excellent,2.275940559760449e-05,0.000984671354674051,0.117229187499817,0.8817633817399114
P07095,Good,Excellent,5.897979874559104e-06,0.0005073769727965699,0.09649234373395425,0.9029943813133746
P09642,Poor,Average,0.13148205144656053,0.7854614344650186,0.08293808061177702,0.00011843347664381881
P04258,Average,Average,0.018954830763411843,0.6246405602141772,0.35451457834200867,0.0018900306804021563
P01916,Good,Good,0.0009269665281978307,0.27379932915682653,0.7131723357335313,0.012101368581444352
P09999,Good,Good,0.00014104144042614657,0.04740534040087276,0.8516231228764786,0.10083049528222242
P00922,Good,Good,0.002455760989751785,0.25479669131842325,0.7134269153031861,0.029320632388638718
P06891,Poor,Poor,0.8033295047743416,0.19612908364476142,0.000538645776806875,2.765804089927335e-06
P04476,Poor,Poor,0.8727282346426282,0.1270233863748972,0.00024649153838127776,1.887444093335002e-06
P02139,Average,Average,0.014650828951014973,0.5736572918763627,0.4086356935822083,0.003056185590413959
P06671,Poor,Average,0.4792220228773826,0.5182796816685128,0.00249097477868216,7.320675422364474e-06
P04376,Average,Average,0.2783559114989092,0.7141221235373185,0.00751043095912096,1.1534004651487711e-05
P04199,Excellent,Excellent,9.424980532194296e-06,0.00023137717899037618,0.041885936699081645,0.9578732611413958
P08734,Poor,Poor,0.9643194314429792,0.035674614367014267,5.7420453027238155e-06,2.121447038766961e-07
P00548,Excellent,Excellent,1.3913494934310241e-05,0.0002884007084336359,0.06135015442481481,0.9383475313718171
P04203,Good,Excellent,2.373703798656638e-05,0.006922604461866993,0.4159453997381737,0.5771082587619727
P06839,Average,Average,0.059665299476417286,0.7086593866329012,0.23024278040395638,0.0014325334867250988
P00151,Poor,Poor,0.8784601866759549,0.12147417309077126,6.298593507129209e-05,2.654298202651246e-06
P01774,Good,Excellent,3.397367591606929e-05,0.0018932688237512866,0.18105703167826745,0.8170157258220652
P04383,Poor,Poor,0.9611060507171931,0.038884111273558966,9.030568852479815e-06,8.074403955668783e-07
P03410,Poor,Poor,0.9623869643646497,0.03760366819291257,8.581201492181072e-06,7.862409455731856e-07
P08004,Good,Good,0.002617913198198627,0.3559280848497699,0.6358877253539236,0.005566276598107958
P08138,Average,Average,0.48084891398422686,0.5159248055927663,0.003217608144799832,8.672278207009179e-06
P08680,Excellent,Excellent,9.779730372627657e-06,0.0014358946649885376,0.18689810447309282,0.811656221131546
P08886,Good,Good,0.0005429613645429544,0.06965909686157469,0.7739441882751423,0.15585375349874003
P09294,Good,Good,0.0006599735344497668,0.17116206148917487,0.7702679707485892,0.05790999422778612
P07927,Poor,Average,0.48125517543554064,0.5132029154618062,0.0054969134748375365,4.499562781562689e-05
P04753,Good,Good,0.00021278283328379365,0.05097272647518046,0.800154542604521,0.1486599480870146
P07093,Poor,Poor,0.9362210196578015,0.06375341208188574,2.4215733032302526e-05,1.352527280717958e-06
P03854,Poor,Poor,0.9280862476532872,0.07182211773724681,9.04263684401321e-05,1.2082410258432867e-06
P00371,Poor,Poor,0.9602092621747437,0.03978333634527978,7.161246710240815e-06,2.4023326637285984e-07
P08718,Good,Good,0.0032549577919723715,0.2010148398417641,0.7064337729066587,0.08929642945960482
P05254,Poor,Poor,0.9178465209132598,0.08212081740341728,3.0918665653803316e-05,1.743017669196368e-06
P09307,Excellent,Excellent,1.2169044489354105e-05,0.0003510225450829295,0.05645021165723762,0.9431865967531902
P01110,Excellent,Good,0.0002538403612665696,0.04067753578942101,0.693330472884769,0.2657381509645433
P04008,Excellent,Excellent,1.642203967754623e-05,0.0005827431176031655,0.08060894175176604,0.9187918930909533
P08316,Good,Good,0.0004922356222881963,0.07743599694871126,0.7478273491888813,0.1742444182401194
P06708,Good,Good,0.0013276117309289047,0.26000265639572157,0.7061627889885385,0.03250694288481102
P01065,Good,Good,0.00036866221540428524,0.07884084917057824,0.7872598476972256,0.13353064091679184
P09625,Average,Good,0.0003271022720613692,0.05815792787097396,0.7488655564384176,0.192649413418547
P02928,Average,Good,0.003132432003604312,0.30772855518229547,0.677546540919854,0.011592471894246085
P08889,Average,Average,0.12384930706030262,0.8127015460276494,0.06325226130898567,0.00019688560306222456
P05826,Poor,Poor,0.7458617655904046,0.2537265130892547,0.0004051043801079316,6.616940232507002e-06
P01887,Average,Average,0.15401080158341415,0.7650141041145601,0.08081352784674901,0.00016156645527672756
P05856,Good,Average,0.015165696567353393,0.5545877336816945,0.42754169998420194,0.0027048697667502704
P01087,Excellent,Good,0.0003359490427060789,0.05338758777823755,0.727836512092521,0.21843995108653538
P03232,Poor,Poor,0.9574007547104798,0.042589539372981926,8.795962764083034e-06,9.099537742581165e-07
P04589,Poor,Poor,0.748042537361546,0.25131394134847607,0.0006345513355463862,8.969954431339089e-06
P07806,Good,Good,0.003178231210656944,0.22831347270778543,0.6939746190940367,0.07453367698752099
P05132,Average,Average,0.10595620028017602,0.7940990201421356,0.09962557469368875,0.00031920488399967046
P00301,Excellent,Excellent,4.847134562810088e-06,0.00020980649231783937,0.04467928829268581,0.9551060580804335
P00075,Excellent,Excellent,5.691963452162878e-06,0.0002735187450683797,0.05362883520504998,0.9460919540864295
P01726,Poor,Poor,0.8892992576271057,0.1106431556826572,5.51463365888661e-05,2.4403536483332803e-06
P00816,Poor,Poor,0.9656694023892753,0.034322688651079965,7.1922997452229645e-06,7.166598995384955e-07
P06995,Good,Good,0.00034530984617882804,0.07612898016511227,0.8326003486936577,0.09092536129505124
P07529,Poor,Average,0.0774162613547321,0.819276044215567,0.10307706330913097,0.00023063112056990873
P00092,Poor,Poor,0.5014766502606103,0.48932150713787415,0.009172940072231184,2.8902529284513982e-05
P07120,Excellent,Excellent,7.857224201733101e-06,0.0004676693491890974,0.08171568753528768,0.9178087858913214
P00635,Poor,Poor,0.8810519315890346,0.11888505079365365,6.219700805095923e-05,8.206092606070005e-07
P02967,Poor,Poor,0.952903818347952,0.04708446156051757,1.0720241857486601e-05,9.998496729802038e-07
P02544,Poor,Average,0.39152738982192575,0.5911287196860026,0.017259816635215797,8.407385685594132e-05
P01548,Poor,Poor,0.9616172999441827,0.03837580746700397,6.662353435287008e-06,2.3023537803180476e-07
P00369,Excellent,Excellent,1.4967901598482434e-05,0.0003099254741892326,0.06292442435081536,0.936750682273397
P04315,Excellent,Good,0.0017158179977067693,0.162531519155627,0.7740976627038015,0.06165500014286459
P04982,Excellent,Excellent,2.9686496662215722e-05,0.004613335710696129,0.32066097813419625,0.6746959996584454
P07714,Excellent,Excellent,4.06768362693461e-06,0.00030244611006150526,0.07067609126230646,0.9290173949440051
P09552,Good,Good,0.008920322239869384,0.4351746874131591,0.5505809363337757,0.0053240540131957795
P05151,Excellent,Excellent,4.7479176895955956e-05,0.0039677934728490506,0.29338889515064925,0.7025958321996058
P03733,Excellent,Excellent,2.835140046254475e-06,0.0001592752508780954,0.046674175707232195,0.9531637139018435
P05764,Poor,Poor,0.9621873735673044,0.03780315014330363,8.68582870031907e-06,7.904606916192586e-07
P07809,Good,Good,0.00020794307246227689,0.05986143983958221,0.7978381756299681,0.14209244145798744
P02641,Excellent,Excellent,4.642946299746335e-06,0.0001952854837987711,0.0422673093983142,0.9575327621715873
P01373,Excellent,Good,2.190727626891479e-05,0.008735237832142745,0.5128840235833183,0.47835883130827006
P06847,Average,Average,0.021017557879743035,0.6892046773852355,0.2890847047140448,0.0006930600209765949
P07083,Average,Poor,0.5864665259107529,0.41267164037396725,0.000849913173624113,1.1920541655824107e-05
P05494,Average,Poor,0.8124264302971163,0.18740371905836978,0.00016599305302940936,3.857591484692513e-06
P00052,Poor,Poor,0.9587294800003218,0.041262537940125396,7.731990920124651e-06,2.500686328664472e-07
P05509,Excellent,Excellent,2.0425703696253258e-05,0.0006058664651600032,0.10190111954839197,0.8974725882827518
P00926,Good,Average,0.02522548776872592,0.6297262054788549,0.3438057865500757,0.0012425202023434417
P03875,Average,Poor,0.5157802803848466,0.4812782834890709,0.0029231763397522845,1.8259786330170925e-05
P07792,Poor,Average,0.45208231322320136,0.5462535934781056,0.0016514699624795362,1.2623336213486641e-05
P08466,Poor,Poor,0.9621261936158896,0.037843026312358384,3.0076085236145712e-05,7.039865158422166e-07
P04539,Good,Average,0.022645089538757802,0.6161030950581704,0.35996787283756754,0.001283942565504309
P08571,Good,Excellent,6.84460802433003e-05,0.006353324018483809,0.3898642779625353,0.6037139519387376
P02067,Good,Good,0.0022774597376717335,0.327935634725529,0.6542125743178663,0.015574331218932987
P06583,Poor,Poor,0.9227168527299677,0.07724590145357728,3.5613361640537035e-05,1.632454814393235e-06
P00936,Poor,Average,0.20126118033304202,0.7895824016045531,0.00913892165115387,1.7496411251027725e-05
P07205,Good,Excellent,2.1844976999678987e-05,0.0029298940122328065,0.30237426368344034,0.694673997327327
P07455,Poor,Average,0.10881848537354549,0.8087561704584555,0.08228893280563748,0.00013641136236147047
P04466,Excellent,Excellent,6.599187633567675e-06,0.0006661788257208818,0.11809766411917082,0.8812295578674747
P04992,Poor,Poor,0.953232641237377,0.04672332824682763,4.3196348272315526e-05,8.341675230358383e-07
P09965,Poor,Poor,0.9641968189878066,0.035797184955947324,5.783098158780205e-06,2.1295808714373772e-07
P05240,Excellent,Good,0.00017666046429055317,0.036768719706573416,0.7388458682396756,0.22420875158946044
P00354,Good,Average,0.08598084798827826,0.7764046272073658,0.13731381009608284,0.00030071470827307923
P07732,Average,Average,0.3516910308029971,0.6415161734643795,0.006778123883355594,1.467184926774866e-05
P03226,Excellent,Excellent,5.445878902506848e-06,0.0002545336232343028,0.05181251091127355,0.9479275095865897
P03236,Excellent,Excellent,1.3601118378582111e-05,0.0002726937856886936,0.058579861177443536,0.9411338439184893
P07025,Good,Average,0.04478299379765604,0.6734954446378293,0.2803482441774524,0.001373317387062209
P04739,Average,Average,0.19292839113169488,0.7827028003420715,0.024328421057903126,4.038746833055228e-05
P00038,Excellent,Excellent,1.0637339465986259e-05,0.0007869208791590407,0.11898926307661584,0.8802131787047591
P02033,Good,Good,0.0015078682691571576,0.26504621719868354,0.7027757243402846,0.030670190191874846
P05550,Poor,Poor,0.9504236083338791,0.04956502213054626,1.1061978235600056e-05,3.075573391063522e-07
P03339,Excellent,Excellent,4.675545373833446e-06,0.00019757698582834447,0.042656404204302105,0.9571413432644956
P03034,Excellent,Excellent,1.1624572733848189e-05,0.0018848834420592704,0.19982471899458928,0.7982787729906176
P07101,Excellent,Excellent,9.157226945656285e-06,0.00022082541609958717,0.04050466571145808,0.9592653516454966
P03253,Average,Poor,0.7208196156959579,0.2788277788628425,0.00034640220927037105,6.203231929249291e-06
P05338,Excellent,Excellent,1.0796811322556907e-05,0.0008162995484694732,0.12738768561946898,0.8717852180207389
P02241,Good,Good,0.002950199278856147,0.2251602246665633,0.7299429981652547,0.04194657788932589
P06725,Excellent,Excellent,4.727388608807432e-06,0.00020116201078569724,0.043248238718645506,0.9565458718819599
P07204,Average,Average,0.20249860965748526,0.7406175378277249,0.05671269891093008,0.0001711536038598208
P03894,Excellent,Excellent,1.368234533323413e-05,0.00026899703398137667,0.056785214768579846,0.9429321058521056
P07804,Excellent,Excellent,1.4107202921865023e-05,0.0002896285717181724,0.060351472016855284,0.9393447922085046
P08982,Poor,Poor,0.7946297154721907,0.2048415512313754,0.0005243825727369545,4.350723696822934e-06
P01105,Poor,Poor,0.6108002098147671,0.38758758408474453,0.0015944296858758859,1.77764146125098e-05
P07360,Good,Average,0.063845495163643,0.7457689942530348,0.1898766157722883,0.0005088948110339387
P02826,Average,Average,0.0057280211693254545,0.6325424852410624,0.3600891353160982,0.0016403582735138576
P03903,Average,Average,0.03321224030921017,0.7046994876768418,0.2614621629900741,0.000626109023873982
P08508,Good,Excellent,4.795041970847931e-05,0.003848560490116642,0.33633527283779263,0.6597682162523822
P09916,Poor,Poor,0.9628949694288469,0.03709859504211608,6.213696749751195e-06,2.2183228747733198e-07
P08877,Poor,Poor,0.9428887263479245,0.05709580013156381,1.511356020284603e-05,3.599603088903739e-07
P00690,Good,Good,0.0003132336576826804,0.03794550500965021,0.7356013316581562,0.22613992967451094
P02724,Poor,Average,0.16245716853984846,0.8191816740198387,0.01832802765789457,3.312978241832557e-05
P08909,Poor,Poor,0.7475970627426973,0.2520528825032969,0.0003481293864493863,1.925367556325882e-06
P03583,Poor,Poor,0.9286859161987736,0.07128951711241292,2.408935034095781e-05,4.773384725218288e-07
P04615,Average,Poor,0.648028799137936,0.35137430846041684,0.0005885259261835614,8.366475463568113e-06
P00748,Average,Good,0.002492567891662326,0.22993781374619754,0.7046148582590378,0.06295476010310234
P04899,Poor,Poor,0.9617761875657092,0.038214147504881696,8.86488133632169e-06,8.000480729957922e-07
P03580,Average,Good,0.014146736403973592,0.4898423542254924,0.4923997176418344,0.003611191728699592
P06524,Good,Good,0.001187031954279681,0.23007732795661623,0.7135829835274442,0.05515265656165992
P01574,Average,Average,0.14377163568334442,0.7560809017096453,0.09992601155634266,0.00022145105066765126
P03242,Good,Good,0.001639250159412113,0.17928082744879795,0.7744350136177013,0.04464490877408871
P02893,Good,Average,0.006770348092682882,0.4991127223353609,0.4917108591257619,0.002406070446194279
P05799,Average,Average,0.06412382366779008,0.8719932399011009,0.06379271405925144,9.02223718576522e-05
P09911,Excellent,Excellent,2.9248396323251426e-06,0.00016812908424419795,0.048375682328488295,0.9514532637476353
P00080,Excellent,Excellent,1.905807416110258e-05,0.005068122386076673,0.39907392153679955,0.5958388980029626
P06407,Poor,Poor,0.9551467035594052,0.04481245292054676,4.0016406132806894e-05,8.271139152019468e-07
P00722,Excellent,Good,0.0005154504703846355,0.05441603820979488,0.7199042876515678,0.22516422366825276
P06480,Poor,Poor,0.9585108046657677,0.04145349020138932,3.492406684597821e-05,7.810659970345083e-07
P04636,Excellent,Excellent,9.62325092088192e-06,0.00023930184028114195,0.04291006489899047,0.9568410100098076
P06448,Poor,Poor,0.9656215797956844,0.03437049169023553,7.210906211271043e-06,7.176078688352521e-07
P09906,Poor,Poor,0.9660446872687923,0.033948877533131666,5.705967657603621e-06,7.29230418572905e-07
P04003,Good,Good,0.0013162865080848705,0.18025220770633235,0.7556257559044018,0.06280574988118087
P09149,Excellent,Excellent,9.176025352166345e-06,0.00022150198620875857,0.04059662865921738,0.9591726933292217
P09284,Good,Good,2.936899779734781e-05,0.01472351215627732,0.6008934625781427,0.38435365626778256
P07747,Excellent,Good,2.387730202601503e-05,0.00959052502688301,0.5307678296956583,0.4596177679754328
P00889,Poor,Average,0.06552082611231716,0.7570245470790654,0.177176358368645,0.00027826843997235117
P06749,Average,Average,0.2762419741706023,0.712118150421364,0.011586123875472174,5.3751532561565215e-05
P02978,Poor,Poor,0.6295876470339461,0.3697300258253801,0.0006743274301270791,7.999710546694314e-06
P04449,Good,Average,0.06915614325485211,0.763249246375407,0.16717648762036583,0.0004181227493749617
P00549,Excellent,Excellent,6.830149771456692e-06,0.00037061465074007333,0.06865339932600475,0.9309691558734836
P09450,Poor,Poor,0.8799727038524194,0.11995673921196395,6.971458449327595e-05,8.423511234161254e-07
P02941,Good,Good,0.0002388445318172321,0.06238804060373143,0.7449451271316863,0.19242798773276507
P02144,Average,Good,0.006502589655831509,0.3285657711085131,0.6354507145303762,0.029480924705279243
P05097,Average,Poor,0.9577696905004303,0.04222220217603957,7.852033031651443e-06,2.5529049849068456e-07
P03477,Excellent,Excellent,4.550823030157277e-05,0.0040791590329901815,0.3435510928873699,0.6523242398493382
P04560,Average,Average,0.1282397724988315,0.8137432863254859,0.057876480936573445,0.00014046023910912518
P08531,Excellent,Excellent,3.333384117290248e-05,0.0016320386293457965,0.19203890679833,0.8062957207311513
P02779,Excellent,Excellent,1.145385789553318e-05,0.0019690528705129176,0.23686025110045986,0.7611592421711317
P05243,Average,Good,0.005776848600123428,0.48998880100653686,0.501053562098217,0.003180788295122727
P05116,Poor,Poor,0.9654599121046222,0.03453344990273175,5.89668809625464e-06,7.413045497269867e-07
P07643,Good,Good,0.004381710541738028,0.31367057360931394,0.6601433709811377,0.021804344867810382
P02436,Good,Good,0.0002724885758641324,0.029286140439642283,0.7049402362724871,0.26550113471200637
P05948,Good,Average,0.014754804343795133,0.5519760990367457,0.4313258076704225,0.0019432889490366351
P03053,Excellent,Excellent,1.1828679214475208e-05,0.0003385862901960897,0.05489359934285406,0.9447559856877353
P03228,Average,Good,0.002608913909943255,0.34355649429430873,0.6481899460945386,0.005644645701209317
P06220,Good,Good,0.00016908293183010416,0.02519662036234554,0.6710075738958455,0.3036267228099789
P07262,Good,Good,0.00024578790656897253,0.09768047093401407,0.8165196050807825,0.08555413607863456
P05744,Good,Good,0.0006744347511957124,0.08311993250293923,0.8317228753961634,0.0844827573497017
P03205,Average,Poor,0.6933709510216891,0.3060211922263628,0.0006014271943295535,6.429557618343647e-06
P07799,Good,Good,0.0005167261566068665,0.11771021991159665,0.7837678771012025,0.09800517683059388
P08512,Excellent,Excellent,1.377907569547037e-05,0.00027953585488638615,0.05944374193143112,0.9402629431379871
P06007,Excellent,Excellent,2.030675355414498e-05,0.0006223219689771957,0.10632707024194028,0.8930303010355284
P00437,Poor,Poor,0.5543550835772725,0.4448215456035325,0.0008114979351159839,1.1872884079063855e-05
P01942,Excellent,Excellent,7.985439869359223e-06,0.0004816179169003601,0.08348574411365095,0.9160246525295793
P03930,Excellent,Excellent,3.6828537276197896e-06,0.000252907413344107,0.061871154473182186,0.937872255259746
P05162,Good,Average,0.01302612703898054,0.6182221223986796,0.36779838426184547,0.0009533663004943609
P09862,Excellent,Excellent,3.0976423315778676e-06,0.00018622002954988103,0.05192382486281578,0.9478868574653028
P04453,Poor,Poor,0.9495609090353593,0.05042824444606621,1.0537613974478835e-05,3.0890460002104853e-07
P04239,Good,Good,0.004194596273717736,0.3298989653771622,0.651374583289897,0.014531855059223091
P04653,Average,Average,0.12175990762387533,0.7411525405639322,0.13674876253269366,0.0003387892794987879
P06886,Excellent,Excellent,3.641458446498302e-05,0.0016032845499681404,0.1662699767817321,0.8320903240838347
P07240,Good,Good,0.0016668163570302433,0.16610514921186628,0.768079049504788,0.06414898492631538
P09643,Average,Average,0.01715394504354607,0.5760085173463917,0.40532410363786286,0.001513433972199359
P00192,Excellent,Good,0.0010065623732575608,0.21378194986017116,0.7589386229254531,0.026272864841118345
P03613,Excellent,Excellent,4.084992067339542e-05,0.0030687051879687054,0.2477580172387809,0.7491324276525769
P01697,Excellent,Excellent,3.0787423492402597e-06,0.00018300902306886727,0.05113567704885551,0.9486782351857265
P03161,Average,Average,0.027592969311663277,0.7740704693479897,0.1979061641194423,0.00043039722090466815
P06454,Excellent,Excellent,3.5269306833025814e-06,0.000233395804424068,0.059437392618913995,0.9403256846459787
P01456,Average,Average,0.09559691201861278,0.8547470182083614,0.04948797970574424,0.0001680900672815466
P06834,Average,Average,0.12435363750413429,0.8523502125324247,0.02320779913724276,8.835082619812758e-05
P07197,Excellent,Excellent,1.9515985363081398e-05,0.0005677055556495259,0.09922191499951194,0.9001908634594755
P01103,Good,Good,0.0006584936436168477,0.08649668827980579,0.7938951928751398,0.1189496252014377
P03621,Good,Average,0.1059676898078194,0.7727546003568585,0.12104266218504345,0.00023504765027867406
P01367,Excellent,Excellent,3.5128904091179626e-06,0.00023192088279932115,0.06056106825411504,0.9392034979726765
P01835,Good,Good,3.5688780064545627e-05,0.012526834549847573,0.5964113806953375,0.39102609597475035
P02854,Excellent,Excellent,1.4148503973571675e-05,0.0002989415563651126,0.06288722025025936,0.9367996896894019
P07859,Poor,Poor,0.693547688450347,0.3058430243003828,0.0006026738119882419,6.61343728202447e-06
P05418,Excellent,Excellent,3.918015760698086e-05,0.002543906117790456,0.26764177411635365,0.7297751396082489
P00918,Average,Average,0.1161097551541291,0.7836790258117481,0.09994864909462745,0.0002625699394953048
P07811,Average,Poor,0.852182688267011,0.14770920976953533,0.00010695884429601063,1.1431191575809651e-06
P00363,Excellent,Excellent,1.0191523614648954e-05,0.0002638024749852762,0.045966971973746315,0.9537590340276538
P04000,Excellent,Excellent,1.2848092038576176e-05,0.00024445396564851417,0.05430081031609468,0.9454418876262182
P00263,Excellent,Excellent,4.8595531274837625e-05,0.0064876683693731885,0.41393472096451517,0.5795290151348368
P04828,Poor,Poor,0.6455711968892427,0.35340242830183716,0.0010221606288137717,4.214180106304155e-06
P06798,Good,Good,0.0004257287764219681,0.06160223398687397,0.779924422715198,0.158047614521506
P05499,Excellent,Excellent,1.0771352085427639e-05,0.00016895584359867714,0.041216498624278085,0.9586037741800378
P09033,Good,Good,0.007249877580870506,0.3396493170516639,0.6318204332063675,0.021280372161098043
P00204,Excellent,Excellent,1.592709153137253e-05,0.003554926860605209,0.3412945588097219,0.6551345872381414
P04747,Poor,Poor,0.9646218786460832,0.035372267005416236,5.644223798334288e-06,2.1012470216658442e-07
P06593,Average,Average,0.012799761270068427,0.6685831328996873,0.3174058400415635,0.0012112657886807563
P09705,Good,Good,0.005645770508016947,0.43888192147882654,0.5496624712260921,0.005809836787064376
P03330,Excellent,Excellent,4.651246030208518e-06,0.00019585528940261463,0.04236022891564595,0.9574392645489213
P06711,Good,Good,0.004241515337954538,0.38860087012572486,0.600011879861449,0.007145734674871753
P01736,Good,Good,0.00014216348542633718,0.03700133876890248,0.7448011964965643,0.21805530124910688
P04267,Average,Poor,0.6827313015726566,0.31680545934982607,0.0004607714077757143,2.4676697416254508e-06
P03454,Average,Average,0.44583529554650697,0.5522007536011474,0.001957745237099385,6.205615246262233e-06
P06545,Average,Average,0.08746479116173059,0.7246075997321524,0.18755994716664498,0.00036766193947198553
P05740,Poor,Poor,0.6464202124346479,0.3521769113936611,0.0013944994200831813,8.376751607824675e-06
P09531,Average,Average,0.38094490147256016,0.6155671389158758,0.003475118258351404,1.2841353212743977e-05
P01958,Average,Average,0.4869822394587433,0.5075654959580724,0.0054380908494535965,1.417373373061405e-05
P04723,Good,Good,0.0012693174135547324,0.22340215528321586,0.7271861596603656,0.04814236764286371
P07502,Excellent,Excellent,1.1397330531179024e-05,0.0008508333731939969,0.12094624769799549,0.8781915215982794
P07088,Good,Good,0.0025521966573573847,0.17709015962855235,0.729982376544323,0.09037526716976736
P05831,Excellent,Excellent,1.0009684767236297e-05,0.0014704414536377685,0.20492986507830516,0.79358968378329
P03179,Excellent,Excellent,1.744270615414754e-05,0.0007369323624285494,0.09232455517601222,0.9069210697554051
P00880,Poor,Average,0.04699996204390384,0.8221065110262764,0.13072615876672697,0.00016736816309281818
P03368,Average,Poor,0.827756400747889,0.17206730114510943,0.00017259527696062826,3.702830040876801e-06
P08618,Excellent,Excellent,1.607747023062156e-05,0.0016714906815811328,0.21911375359222213,0.7791986782559662
P05102,Good,Good,0.0006330838350310575,0.15851821244593578,0.7750853285917985,0.06576337512723464
P01743,Good,Excellent,3.9202053697837045e-05,0.003973455071236215,0.2710724469118961,0.7249148959631697
P04329,Average,Good,0.0032690836861510373,0.38279989581299645,0.6086130283200487,0.005317992180803697
P03967,Poor,Poor,0.9651800111193949,0.03481325623595711,5.985195165443784e-06,7.47449482606575e-07
P06994,Excellent,Excellent,3.59287903412926e-06,0.00023874275847208967,0.06170195937120045,0.9380557049912933
P08207,Average,Good,0.002645381922638853,0.3572581033820118,0.6249244552845101,0.01517205941083922
P01987,Good,Good,0.0020005272879616855,0.3127751244600652,0.6706588242456327,0.014565524006340345
P03381,Poor,Poor,0.9345762464616342,0.06540233031748292,2.0032180694811328e-05,1.3910401881760028e-06
P03029,Average,Good,8.462160187847992e-05,0.03473770063120728,0.7283399108625765,0.23683776690433755
P02554,Good,Average,0.006156746746954386,0.49489439461333296,0.48465991852936696,0.014288940110345727
P09635,Excellent,Excellent,4.6427804279630825e-06,0.00019527361437038365,0.04226512272469341,0.9575349608805082
P02164,Poor,Poor,0.9621451822758155,0.03782406817305881,3.0045512373393382e-05,7.040387522002102e-07
P05660,Poor,Average,0.14249036229939524,0.7905417456418451,0.06685473721391215,0.00011315484484752806
P02812,Excellent,Excellent,5.2679505234667825e-06,0.00024071644464674347,0.04974070699934322,0.9500133086054865
P09548,Excellent,Good,0.0002821203419430754,0.09826991054799596,0.7953414412357063,0.1061065278743547
P00006,Poor,Poor,0.9537853117257287,0.04617166080326356,4.2193966575093734e-05,8.335044327770676e-07
P04266,Good,Good,0.0016881286528751419,0.24120413881393626,0.7397633391539303,0.017344393379258395
P02577,Average,Average,0.13380623985923815,0.8039423496867687,0.06206930603708047,0.00018210441691274046
P07414,Good,Excellent,3.8862866209958675e-05,0.002735854273696457,0.2934200217808539,0.7038052610792397
P07889,Good,Good,0.0008010213056877492,0.08675052928359886,0.7657269143994502,0.14672153501126328
P08586,Average,Poor,0.7121078218901382,0.2869317335807845,0.0009544662638289324,5.978265248549603e-06
P01708,Good,Good,0.0029433348592941863,0.30813379274173996,0.6793283966751992,0.009594475723766637
P07675,Excellent,Excellent,3.01402251603688e-06,0.00017707434392561704,0.05006420419210943,0.9497557074414489
P03987,Poor,Poor,0.9607147607900965,0.03927684581828532,7.55404235807292e-06,8.39349260217945e-07
P03680,Average,Average,0.11282398069394103,0.8565908776481787,0.030499098070159356,8.604358772099447e-05
P06424,Excellent,Excellent,2.7482575222853886e-06,0.0001508623174570973,0.0449199452826741,0.9549264441423464
P08104,Poor,Poor,0.5334682371062035,0.46398220414565067,0.002541981282100767,7.5774660449618745e-06
P01827,Good,Good,0.0011651768155307252,0.17656971529150534,0.7925349025789549,0.029730205314009214
P09515,Good,Good,0.00013102657214795262,0.024863936896750174,0.7401854052779065,0.23481963125319544
P08815,Average,Average,0.20584990506861123,0.7639701922387258,0.030112837323275073,6.706536938790882e-05
P03662,Poor,Poor,0.9564682036412355,0.04351953022712654,1.1353613408933004e-05,9.125182290732748e-07
P05534,Excellent,Excellent,5.5471108693791866e-05,0.003064114940869817,0.28822286298047217,0.7086575509699642
P04030,Good,Good,0.004523486975079977,0.3799641628884786,0.6066529762008565,0.00885937393558496
P09027,Excellent,Excellent,2.7325818039689354e-06,0.00014934670436947176,0.04463464253896391,0.9552132781748628
P07402,Poor,Average,0.23902813671931156,0.7188531518886134,0.041984601051558774,0.000134110340516084
P05511,Excellent,Excellent,1.6715279150129273e-05,0.001618841674456144,0.17598617332054226,0.8223782697258514
P01619,Excellent,Good,0.000446093930184484,0.08080818007123597,0.8074123135141008,0.11133341248447866
P00594,Good,Good,4.707008638022084e-05,0.015618696625740558,0.6367497089432691,0.3475845243446101
P05743,Average,Poor,0.6589728361249215,0.33954518486566687,0.0014764238001151904,5.555209296501665e-06
P03962,Good,Excellent,3.415802254835603e-05,0.006728585766991085,0.44618783399500855,0.547049422215452
P03489,Average,Average,0.014301326642611264,0.5756474375065904,0.4075878431597111,0.0024633926910872387
P03264,Good,Excellent,3.266135912124225e-05,0.001966268437210713,0.1847261645780438,0.8132749056256242
P04745,Good,Good,0.0034946168715607904,0.2522998706604669,0.7109786564530135,0.03322685601495879
P08956,Excellent,Excellent,9.16717829460055e-06,0.00022116152482180238,0.04055152657913428,0.9592181447177492
P06563,Excellent,Excellent,1.3950201217349549e-05,0.0004480149802173821,0.06672406158666308,0.9328139732319022
P03980,Good,Good,0.00011002364663850972,0.023121388612125537,0.7315597465093564,0.24520884123187967
P03832,Good,Excellent,3.003493111455225e-05,0.0017221669235741412,0.1687370167914284,0.8295107813538829
P02797,Poor,Poor,0.7032687180187147,0.2961906835118206,0.000534411710540832,6.1867589239101e-06
P09483,Poor,Poor,0.9389316652800616,0.061044966733908995,2.2085406871150408e-05,1.2825791581731784e-06
P07798,Poor,Poor,0.957956537176098,0.04203403423961705,8.52495418457508e-06,9.036301005003853e-07
P03853,Average,Average,0.014607807218198472,0.6442408762166906,0.34009062231823267,0.0010606942468784034
P08384,Poor,Poor,0.9625587824152153,0.037411028775421976,2.9491375818812586e-05,6.974335437473396e-07
P07320,Average,Good,0.002821720212997558,0.4367575505677564,0.55408981815178,0.0063309110674660074
P01240,Good,Good,0.0015380052140024471,0.13668834565654767,0.7655423667306493,0.09623128239880054
P00094,Poor,Poor,0.9639326396360179,0.03606128750885607,5.858125647905862e-06,2.1472947798862972e-07
P07572,Good,Good,0.0034292998267209935,0.302439901663722,0.675601649837821,0.018529148671735936
P01972,Poor,Poor,0.673282561469308,0.3260649294906448,0.0006442295987014985,8.27944134563442e-06
P05577,Good,Average,0.03516212828400842,0.8113358873239684,0.15310966462165834,0.00039231977036485906
P08479,Excellent,Excellent,3.243277556305911e-05,0.001834098740135148,0.2254844200306951,0.7726490484536067
P05792,Average,Poor,0.5549706353271435,0.4438130515475556,0.0012063420041356849,9.971121165136484e-06
P03294,Average,Average,0.008195041351972063,0.5358829049559729,0.45402599832032353,0.0018960553717314015
P00794,Poor,Poor,0.9600981229549053,0.03989441843776461,7.218057374343463e-06,2.4054995571545407e-07
P07419,Excellent,Excellent,1.1534911618676682e-05,0.0003279789999157018,0.05346179603478812,0.9461986900536775
P06940,Poor,Poor,0.9632289922885272,0.03676203186157243,8.208249476787168e-06,7.676004234819e-07
P04991,Average,Average,0.036644667185348756,0.7192707425277436,0.2430175343665162,0.0010670559203913553
P01408,Poor,Poor,0.9579869565923329,0.04200475139864254,8.036909204077022e-06,2.5509982051774363e-07
P09747,Average,Average,0.3948632622511767,0.6003011028581572,0.0048126400509981996,2.2994839667880118e-05
P00155,Good,Good,0.0013263945064139321,0.2580890548964662,0.6927535924748434,0.047830958122276473
P01151,Excellent,Excellent,9.367741300362275e-06,0.00022910245910013724,0.04159197248931245,0.9581695573102871
P04722,Good,Good,0.0009615517083882325,0.20290300280351614,0.7550349317814331,0.04110051370666257
P00252,Poor,Good,0.010060098864210098,0.3851783677808818,0.5865335371178323,0.0182279962370758
P03970,Average,Average,0.009767806190326305,0.5118912577752708,0.47430944672574993,0.004031489308652998
P02068,Poor,Poor,0.9419827816117322,0.05799585404291393,2.0135452150583758e-05,1.2288932030055303e-06
P09658,Good,Average,0.047170034622101925,0.6245368548719543,0.3262728586073716,0.002020251898572141
P09948,Excellent,Excellent,1.3779251618260718e-05,0.0002797839966115777,0.05944453533464458,0.9402619014171255
P01771,Excellent,Excellent,9.314018446984069e-06,0.00022702873430703745,0.04131935581820117,0.9584443014290448
P05813,Excellent,Good,0.00016978425932066734,0.059552093116584034,0.741051455374671,0.19922666724942434
P05572,Poor,Poor,0.7227576192433691,0.27454823851943666,0.0026809343875083464,1.3207849685915398e-05
P07446,Average,Average,0.03147498262559445,0.7324716901365795,0.23461568423727594,0.0014376430005499678
P03657,Average,Average,0.008657818041013975,0.5189881892841692,0.4649170552910515,0.007436937383765328
P03558,Poor,Poor,0.9660252806628361,0.033966963266389795,7.046969367179158e-06,7.091014068619688e-07
P00099,Good,Good,0.0018658860071318313,0.21063187171017755,0.7478293470156469,0.03967289526704384
P04561,Good,Good,0.0004442024605827403,0.05598087876549713,0.7483483820291797,0.1952265367447404
P00167,Average,Average,0.013936402608349559,0.578061306223755,0.403890328499071,0.0041119626688245385
P07373,Good,Average,0.09430113734456072,0.6888579115993423,0.2163570207629886,0.0004839302931084206
P07227,Good,Good,0.0012278252922236514,0.14779072148240313,0.7720437170193569,0.07893773620601618
P03123,Excellent,Good,0.00026168634243904567,0.02188696655240859,0.6367739543119953,0.341077392793157
P07941,Good,Good,0.0006068942688306239,0.0814554777329023,0.8043885619889999,0.11354906600926735
P09171,Poor,Poor,0.9626308337909695,0.03733907586304058,2.9393963811954168e-05,6.963821778534313e-07
P07752,Good,Excellent,5.4587239829545584e-05,0.00479168801869906,0.32949692415353393,0.6656568005879374
P01326,Good,Good,0.00018142041732176396,0.019810042191280883,0.5843850710428649,0.39562346634853246
P03286,Average,Average,0.016871249879541646,0.6027795816701949,0.3779926243425521,0.0023565441077114994
P02837,Excellent,Excellent,6.273269798554872e-06,0.0006250269273447054,0.11003098579717525,0.8893377140056814
P06983,Poor,Poor,0.8941792618432864,0.1057550753490891,6.343596775175275e-05,2.226839872554886e-06
P00596,Average,Good,0.005750240199609885,0.4812063313179691,0.5054443898231508,0.00759903865927023
P08473,Good,Average,0.009255379232971012,0.5221740349552568,0.4662524120509604,0.002318173760811736
P08626,Average,Average,0.04938114098802776,0.7446194622323504,0.20546072848716998,0.0005386682924518451
P01875,Average,Average,0.3200356202546723,0.6550604643449839,0.02482868586489965,7.522953544411424e-05
P07142,Excellent,Excellent,2.7876333380299558e-05,0.0037837344252234367,0.2688051625020786,0.7273832267393177
P03272,Good,Average,0.05817720022942823,0.7951004729370384,0.14646520753444342,0.00025711929908987644
P00721,Good,Good,8.375393430249489e-05,0.019830153828617532,0.5762592937639435,0.4038267984731366
P01127,Average,Poor,0.8550313786188796,0.14484470501363714,0.00012090214529745945,3.014222185951565e-06
P06829,Poor,Average,0.17926405898440181,0.7504690974019035,0.06999962106369761,0.00026722254999719407
P05329,Excellent,Excellent,2.707600033105502e-06,0.00014694991053121667,0.04413911518618965,0.955711227303246
P09223,Excellent,Excellent,9.141179051722389e-06,0.00022012040960135427,0.04041520056091068,0.9593555378504361
P04193,Good,Good,0.0004166304512947207,0.07953151522595726,0.7442984184904787,0.17575343583226943
P03599,Poor,Poor,0.9651698444594289,0.03482342074937484,5.986908684018827e-06,7.478825121941135e-07
P00274,Poor,Poor,0.9300996989351497,0.06981344898127263,8.566409247606583e-05,1.1879911015580805e-06
P06591,Good,Good,0.0002967684000463245,0.0607859500554716,0.7961845162885077,0.14273276525597425
P03660,Average,Average,0.11219762664583668,0.8271258976560003,0.060577792263676176,9.868343448696005e-05
P07350,Average,Average,0.06794471591847147,0.7459018914348723,0.1857307606641704,0.00042263198248586016
P01057,Poor,Poor,0.9500309096197149,0.04995726069399555,1.151973421990418e-05,3.099520695283244e-07
P08600,Poor,Poor,0.9274531713885439,0.07251521684224226,3.0109593990759688e-05,1.5021752232442504e-06
P03385,Poor,Poor,0.9541003283693522,0.04585699247726616,4.186069175034195e-05,8.184616313039909e-07
P01500,Average,Average,0.3335574452479167,0.6592730112442793,0.007139037011166895,3.0506496636974576e-05
P08168,Good,Excellent,0.00012007548450471481,0.009831424980814192,0.4285819476413829,0.5614665518932982
P08814,Average,Average,0.00875052287468324,0.5320677899871953,0.45757692676174355,0.0016047603763780626
P07484,Good,Excellent,3.403281522158898e-05,0.004575824697856058,0.3654092022313859,0.6299809402555364
P05824,Good,Excellent,7.193427847873063e-05,0.004400973998432479,0.30495603501098767,0.6905710567121012
P05464,Good,Good,0.001576178953665844,0.12634395753141717,0.7699072306541529,0.10217263286076418
P02240,Poor,Poor,0.9614033065798266,0.03858973162917143,6.730090247340351e-06,2.3170075461114057e-07
P00454,Excellent,Excellent,9.094640629221022e-06,0.00021829668975520468,0.04017436421606318,0.9595982444535525
P09468,Average,Good,0.001062393519782186,0.1746840659105254,0.7897097476186997,0.03454379295099255
P04417,Good,Good,0.0009015527541509867,0.12802068491974122,0.7746868168491787,0.09639094547692907
P06523,Poor,Poor,0.9516994694857169,0.04828561095099769,1.390675761788021e-05,1.0128056677366766e-06
P01665,Poor,Poor,0.9566994371298438,0.0432619984273705,3.777639083066351e-05,7.880519551312808e-07
P07951,Excellent,Excellent,4.8181950684293544e-06,0.00020766973149936312,0.04429643149495225,0.95549108057848
P09260,Excellent,Excellent,6.051994997562216e-06,0.0003017317467700115,0.058874919071950485,0.9408172971862819
P03816,Good,Good,0.004344692202787056,0.48192669479131817,0.5105477629955475,0.003180850010347372
P03544,Average,Average,0.17727246586410414,0.7938653140662706,0.028817811038542314,4.440903108302986e-05
P03143,Good,Good,0.0029643411594955367,0.1845174753491214,0.7303189216464419,0.0821992618449412
P01129,Good,Average,0.003596464377500553,0.5205121669589012,0.4730532919184795,0.002838076745118723
P06106,Excellent,Good,0.0002564417635252701,0.025899393101626773,0.6007294273043656,0.3731147378304823
P02946,Average,Average,0.012587660962000624,0.5184219744959312,0.46285800939062127,0.00613235515144692
P04236,Good,Average,0.016185740940763717,0.5225489893909311,0.45793120981275093,0.0033340598555541734
P08775,Good,Excellent,3.344872933357944e-05,0.003612002711002901,0.3299108574182914,0.6664436911413721
P09136,Excellent,Excellent,1.1982706006038025e-05,0.0003434501827710605,0.05552959383046153,0.9441149732807614
P07777,Good,Good,0.003373630351062301,0.3205153082646907,0.6617356054147457,0.014375455969501247
P08498,Poor,Poor,0.9567739139083316,0.04318757246541455,3.773129304024401e-05,7.823332137743732e-07
P05449,Poor,Poor,0.9601093072136667,0.03988205902878986,7.773712652989767e-06,8.600448904564205e-07
P02929,Average,Average,0.0494470352402458,0.7259736971189241,0.22392760606797835,0.0006516615728517486
P06471,Poor,Poor,0.9536355685778026,0.04632116616401622,4.242845818860314e-05,8.367999924941886e-07
P06049,Good,Good,0.00240129984974851,0.1907467588008157,0.7490087534465986,0.057843187902837226
P07036,Good,Average,0.014210055262113127,0.6558782354428412,0.3276768361845419,0.002234873110503574
P03691,Average,Poor,0.8624980953935407,0.1374199553029698,8.099682769269502e-05,9.524757967573928e-07
P08199,Average,Average,0.047783591702462914,0.7364835400827968,0.21528284667377154,0.0004500215409687198
P09806,Average,Average,0.2005654659705426,0.7767371655329589,0.02264419324930699,5.317524719149477e-05
P04145,Poor,Poor,0.9656943180685962,0.03429778433521957,7.181509970477364e-06,7.160862138242349e-07
P00978,Average,Average,0.06544369746931879,0.7337372434666946,0.2003122993300429,0.0005067597339437068
P05845,Average,Good,0.0011739886758751403,0.0880941001975953,0.6600990029506585,0.2506329081758709
P01409,Excellent,Excellent,9.283084962533883e-06,0.0002257911290754965,0.04115585839741919,0.9586090673885427
P03456,Good,Average,0.10336872291332834,0.7245379072039472,0.17169610078530514,0.0003972690974193371
P09949,Poor,Poor,0.9520793115831397,0.04790586479275724,1.3817508552103158e-05,1.0061155508855218e-06
P05136,Good,Good,0.00012250654959870895,0.013188412231794747,0.5637096624282333,0.4229794187903732
P01569,Poor,Poor,0.9656305474792366,0.03436152859252091,7.206402874373815e-06,7.175253680273189e-07
P00432,Poor,Poor,0.9316622510837169,0.06831530461653414,2.200191124247226e-05,4.4238850647843874e-07
P02216,Good,Good,6.596398340944709e-05,0.01134576828153697,0.5153789912147843,0.4732092765202693
P09115,Excellent,Good,2.867930830597026e-05,0.008950782469337493,0.5245692290261625,0.466451309196194
P05351,Poor,Average,0.4118919795163201,0.586169089556359,0.001923623734729132,1.530719259158702e-05
P00532,Good,Good,0.00011705348699549792,0.021622862376139904,0.6175197741135847,0.3607403100232799
P02732,Average,Good,0.0009570700197203757,0.18507292333352363,0.7897071045772079,0.024262902069548002
P08234,Average,Average,0.02283994394334351,0.6277705204672499,0.3476282367795421,0.0017612988098644558
P04209,Average,Average,0.02268005107200453,0.7269889141031339,0.24928617950041213,0.001044855324449459
P04558,Average,Poor,0.5239756906171658,0.47013732901748106,0.005866034597802761,2.0945767550354926e-05
P01061,Poor,Poor,0.9601896040183717,0.039776898045583375,3.276562027351524e-05,7.323157712377079e-07
P04031,Average,Poor,0.7520098768305523,0.24722048648644812,0.0007651623639123024,4.474319087238649e-06
P08294,Poor,Poor,0.8838384581331661,0.1160988938953581,6.0118984694394786e-05,2.528986781344399e-06
P01045,Excellent,Excellent,9.5087657790991e-06,0.0002347461461519274,0.042326689278895886,0.9574290558091731
P00773,Good,Good,0.004622211783631139,0.2974335349916156,0.6718879428384364,0.026056310386316697
P07339,Good,Excellent,1.5648448122350147e-05,0.001514813267693623,0.19984635293525405,0.7986231853489301
P00277,Good,Good,0.0026598188785396837,0.30766358151846773,0.6788430904201149,0.01083350918287766
P06973,Good,Good,0.0007929373326076536,0.12200224744422788,0.7924672064494579,0.08473760877370655
P09434,Poor,Poor,0.9640159681406096,0.035977978020158244,5.8396989657075475e-06,2.1414026647518469e-07
P09477,Good,Good,0.0002543523491691159,0.025668764924238818,0.6477525426114978,0.32632434011509415
P06040,Poor,Average,0.2678847175913774,0.7252375104629479,0.0068415853741559274,3.618657151862059e-05
P06130,Excellent,Excellent,4.693804430731821e-05,0.007768861491215051,0.47374316843513853,0.5184410320293391
P03792,Good,Good,0.0016915140252615247,0.28130314552812474,0.7010882086089572,0.015917131837656653
P05546,Excellent,Excellent,2.867530741428418e-06,0.0001624320203310432,0.04726772190371966,0.9525669785452079
P04487,Average,Average,0.20095132769681043,0.785267369239666,0.013731901297531122,4.940176599242661e-05
P08356,Excellent,Excellent,4.7913779550869235e-06,0.00039597321009596914,0.08455789053653452,0.9150413448754143
P02328,Poor,Poor,0.9233159064314782,0.07665666829106693,2.5723026527906307e-05,1.7022509268873518e-06
P09621,Poor,Poor,0.9406069060624768,0.05932704288049163,6.50276521946761e-05,1.0234048370693998e-06
P07578,Good,Excellent,2.9273488171348244e-05,0.008489083068687217,0.4934409247788921,0.4980407186642493
P07252,Good,Average,0.012599364461531752,0.5021168880497036,0.48132810478197746,0.003955642706787186
P02580,Average,Average,0.044928915234839835,0.8259524521831155,0.12889955182857674,0.00021908075346793062
P07728,Poor,Poor,0.960620148895319,0.03936966683049199,9.362413535753893e-06,8.218606531613497e-07
P01966,Excellent,Excellent,1.1307855476420097e-05,0.00018628034626779478,0.04424394457412563,0.9555584672241301
P07516,Excellent,Excellent,3.2122011508396787e-06,0.00019764293767830486,0.05408459599031573,0.945714548870855
P06624,Poor,Poor,0.9529262856088647,0.04706336251021815,1.0062322223030821e-05,2.8955869398005045e-07
P03274,Excellent,Excellent,4.786448174091663e-06,0.00039712081824601526,0.08749325088428729,0.9121048418492925
P06184,Poor,Poor,0.7559853249663048,0.24321427684197724,0.0007969229239245975,3.4752677934541146e-06
P05146,Excellent,Good,0.0008930251922465923,0.13166748839541095,0.8027392521176874,0.06470023429465513
P02863,Average,Good,0.0008116241294400015,0.1533930090415118,0.8045479077126625,0.04124745911638565
P00393,Poor,Poor,0.9633155926534487,0.03667702999812101,6.589754337925123e-06,7.875940925231439e-07
P00217,Excellent,Excellent,1.0768552655298645e-05,0.0001688923459311335,0.04120948317910934,0.9586108559223043
P05379,Average,Average,0.07910494055016028,0.8651065997965715,0.05572877009751007,5.968955575815977e-05
P08134,Good,Good,0.00010533535658201867,0.021653297773538277,0.6854796657938009,0.2927617010760787
P07722,Good,Good,0.0015489484792075802,0.1858212584541545,0.7612303146127143,0.051399478453923717
P04916,Average,Average,0.15718724284320498,0.8068907245962702,0.03577409513562864,0.0001479374248961909
P05545,Poor,Poor,0.9590838645488997,0.04090518381805759,1.0094042166748956e-05,8.575908761749071e-07
P02439,Poor,Poor,0.9546192834522158,0.04536749200897273,1.2275769453867835e-05,9.487693573500237e-07
P05128,Good,Good,0.005121201482766753,0.3049898007794427,0.6594197643226046,0.030469233415185787
P03866,Excellent,Excellent,2.7080039636272366e-06,0.0001469867179992175,0.04414674923688523,0.9557035560411519
P05806,Average,Average,0.23996072385929754,0.7282352841855162,0.0317386391501058,6.535280508047892e-05
P09378,Poor,Poor,0.7377789539060906,0.2611645926638875,0.0010389394423697869,1.751398765223142e-05
P01816,Good,Good,3.842253898029816e-05,0.022872172755780087,0.692527407775265,0.2845619969299746
P01859,Poor,Poor,0.9480165264052324,0.05196942545155657,1.294610326848609e-05,1.1020399424926054e-06
P03929,Poor,Poor,0.8879798949470652,0.11182733851308567,0.00019089798460064593,1.8685552484523936e-06
P00182,Average,Average,0.09111147170441629,0.7916383128281012,0.11702277530756937,0.00022744015991333816
P07465,Good,Good,0.0003301021607875528,0.07781982849951286,0.8291421910600237,0.09270787827967578
P09767,Good,Good,0.00342006750744206,0.465075535705146,0.5269470862576523,0.00455731052975965
P03999,Good,Excellent,0.00015158610330934556,0.011920824755310647,0.47887967483066857,0.5090479143107115
P03629,Poor,Poor,0.7715138580536569,0.22814758218576628,0.00033365893873610846,4.900821840739257e-06
P01794,Excellent,Excellent,1.1622429901021108e-05,0.00019794903866045006,0.04637724452404676,0.9534131840073917
P08230,Excellent,Excellent,1.092096073567743e-05,0.00030046590576247173,0.05027063631548908,0.9494179768180128
P04805,Average,Average,0.018581149312775217,0.6740461712857568,0.3053797385336728,0.0019929408677952258
P07386,Average,Average,0.04083152299544269,0.7852909640698568,0.17360995552428868,0.00026755741041192897
P02458,Poor,Poor,0.9635451621439128,0.03644752369568057,6.5320919422211886e-06,7.820684642530894e-07
P02808,Average,Average,0.3225685453041186,0.6738996810246101,0.0035142872781401832,1.7486393131113453e-05
P04108,Excellent,Excellent,5.475258444559901e-06,0.0002553784160368762,0.05166536443276908,0.9480737818927495
P09746,Poor,Poor,0.9616062549487299,0.0383622525211804,3.078027494453086e-05,7.122551452845612e-07
P08808,Excellent,Excellent,2.7066714861380286e-06,0.0001468584031121295,0.04412030138276881,0.9557301335426328
P04811,Good,Good,0.002253651616668641,0.21427647506507855,0.7022494663796753,0.08122040693857754
P00298,Good,Good,0.0003832611754779515,0.08924355919708155,0.730383346096507,0.17998983353093337
P06794,Average,Good,0.005541828226762126,0.3001468980939623,0.6607556655093786,0.033555608169897014
P09248,Good,Good,9.0229073426822e-05,0.03637849843389954,0.7095475090407303,0.2539837634519433
P00224,Good,Good,0.002657984205288266,0.1891403880531505,0.7225340452390348,0.08566758250252653
P04394,Good,Good,0.0018606694120639194,0.3523017302141015,0.6359592586893117,0.009878341684522932
P01764,Poor,Poor,0.9520373980260941,0.047916863640010056,4.487210298083824e-05,8.662309151400107e-07
P08030,Excellent,Excellent,1.2269945702177353e-05,0.00022006935511931775,0.04997835772300418,0.9497893029761743
P05031,Poor,Average,0.09461867569190592,0.7832480741952106,0.12192006994652642,0.00021318016635695712
P08768,Poor,Poor,0.9654570124270602,0.03453499108382265,7.275472950075915e-06,7.210161672110821e-07
P08883,Average,Average,0.15540354255833644,0.8342253662809174,0.010309296486022359,6.179467472374679e-05
P07672,Average,Poor,0.944696510553726,0.055288454830921534,1.3778614110516662e-05,1.2560012419510112e-06
P08257,Good,Good,0.001049248349111181,0.10566633109685916,0.721961303757397,0.17132311679663265
P00796,Average,Average,0.03242105886855886,0.7228720765715595,0.2442904413215213,0.00041642323836040717
P02953,Poor,Poor,0.9212612804472634,0.07870176204693786,3.5305669424112614e-05,1.6518363746090572e-06
P02223,Average,Average,0.055794734182403175,0.7950402896314748,0.14872101361797657,0.00044396256814561953
P03960,Poor,Poor,0.9550106980192687,0.044976198975735834,1.2162155666287016e-05,9.408493291233774e-07
P01662,Good,Good,7.337682962369449e-05,0.011343227893730311,0.5719138830620258,0.4166695122146201
P07666,Average,Average,0.16034324474627926,0.8240774764201716,0.015560043903094317,1.9234930454882273e-05
P04135,Good,Excellent,3.403630263040627e-05,0.003802408122800737,0.2879767014316046,0.7081868541429642
P08195,Average,Average,0.1557668184274663,0.79362435119014,0.05042930164273828,0.00017952873965535127
P07880,Average,Average,0.06931461714392147,0.83344530359877,0.09711279326506321,0.00012728599224516273
P04129,Good,Good,0.00043448502007046756,0.06473064020128576,0.8357947242392632,0.09904015053938069
P04528,Good,Good,0.0017251451588203531,0.12656192231207872,0.7334945768099942,0.13821835571910676
P03279,Excellent,Excellent,1.0765110615439e-05,0.0001687585367518258,0.04118258311915035,0.9586378932334825
P09109,Poor,Poor,0.8914695535976974,0.10834504529772414,0.00018362307020707122,1.7780343714142896e-06
P02586,Average,Average,0.05348916431982766,0.8459607222827876,0.1003073461255739,0.0002427672718107805
P07192,Average,Average,0.06864471148569781,0.8120934534061309,0.11893509968392364,0.00032673542424772455
P08304,Average,Average,0.1756113225279534,0.7513210455340058,0.07292056789980841,0.00014706403823226878
P09269,Poor,Average,0.3672897272586609,0.6266456326132089,0.006027199291249313,3.744083688068597e-05
P01527,Good,Good,0.0001700482467353372,0.01550929660469903,0.550456499865086,0.4338641552834796
P01995,Good,Good,0.0023540359763523583,0.2894902743891514,0.6939329225092054,0.014222767125290775
P01505,Average,Average,0.047471246900925294,0.7026290171122332,0.2492491243830546,0.0006506116037868438
P03071,Good,Excellent,1.077552027999215e-05,0.001863529258303428,0.21859675809326443,0.7795289371281522
P06585,Poor,Poor,0.96557204423944,0.034421359145505134,5.8570572520114965e-06,7.395578026432795e-07
P01224,Good,Good,0.001623908964990688,0.21789836162843765,0.75876272645217,0.02171500295440171
P00625,Average,Average,0.00416531226945532,0.5290107866890474,0.4643723318179788,0.002451569223518378
P07293,Excellent,Excellent,2.3918360266259052e-05,0.0011474028002704266,0.12748071848934686,0.8713479603501164
P02257,Good,Good,6.820469340411791e-05,0.007855556629513608,0.5025172452357441,0.4895589934413382
P00671,Excellent,Good,0.0001283682842098886,0.01599236428722279,0.5683392603102388,0.41554000711832856
P09426,Good,Excellent,7.655913661050917e-05,0.004397931647812801,0.29675201913211635,0.6987734900834603
P06110,Excellent,Good,5.160360620077689e-05,0.03064931985702378,0.7404827423293303,0.22881633420744518
P01237,Poor,Poor,0.8551694876924328,0.14473327071816586,9.62063590450857e-05,1.0352303562334957e-06
P04416,Excellent,Excellent,1.0830083864031011e-05,0.0001708479200392595,0.04155827704779395,0.9582600449483026
P02135,Poor,Poor,0.7444628326104485,0.2552145406001131,0.0003173897789173955,5.237010520913824e-06
P06052,Average,Good,0.004242476149029541,0.36286189073386754,0.6081536058048165,0.02474202731228645
P03998,Poor,Poor,0.9660332128916745,0.033959034429464914,7.043745691384358e-06,7.089331693808085e-07
P06231,Average,Average,0.13540090456819462,0.8123282354196679,0.05212084444141024,0.00015001557072720403
P03817,Excellent,Good,0.00029180674755198936,0.03422901665709164,0.7138061240618081,0.25167305253354827
P03778,Good,Good,0.0009209113727927528,0.11773402850147326,0.8007514892091875,0.08059357091654654
P05527,Excellent,Excellent,1.5610018991956812e-05,0.00036700061443780893,0.0732552983668753,0.9263620909996949
P08186,Excellent,Excellent,2.8396643241302625e-06,0.00015969948391939115,0.046627224277913396,0.9532102365738432
P05429,Excellent,Excellent,1.0243542276701347e-05,0.0007292442380418745,0.11022596836261798,0.8890345438570635
P01113,Average,Poor,0.5101352230588593,0.4882553992068479,0.001604857471556873,4.520262735889123e-06
P09645,Average,Poor,0.7531868051168642,0.24600180439541738,0.0008078246043705301,3.5658833478094737e-06
P08873,Good,Good,0.00225872925338414,0.2871661074035869,0.6997419796365175,0.010833183706511491
P06397,Excellent,Excellent,3.031352829538056e-06,0.00017920225539303167,0.05038320096491489,0.9494345654268627
P09007,Average,Average,0.217960238869406,0.7447801077884809,0.0371781697270131,8.14836150997786e-05
P09429,Good,Good,0.0005633768581945834,0.13468464503971364,0.772173873136452,0.0925781049656396
P08960,Poor,Poor,0.96603214507844,0.033960101786707914,7.044179018127145e-06,7.089558340772101e-07
P02508,Average,Average,0.48661884336064487,0.5116444982800892,0.0017233552212693492,1.3303137996558848e-05
P04832,Excellent,Good,0.0005752663812229617,0.06765416425961177,0.7144450709047909,0.21732549845437443
P09167,Average,Average,0.023412914131790516,0.6661007261892065,0.3093465506142352,0.0011398090647677657
P02180,Excellent,Excellent,1.201725882152287e-05,0.00021181940447275566,0.04874058876357872,0.951035574573127
P09201,Good,Good,0.000323979436946025,0.0397606884768948,0.5405626263458724,0.4193527057402868
P07663,Poor,Poor,0.9505092654530456,0.04947576180656629,1.3962667406384477e-05,1.010072981655399e-06
P04634,Good,Good,0.0016321794327665172,0.16508590539762272,0.7328708904313059,0.10041102473830482
P05311,Average,Average,0.0711504902407109,0.7702997384408952,0.1580643697412975,0.0004854015770963563
P01547,Good,Good,0.001993009292239009,0.1785470213724452,0.739424499340383,0.08003546999493283
P03038,Good,Excellent,1.812095267648013e-05,0.001954366543045484,0.24361721224327562,0.7544103002610024
P03572,Good,Good,4.001398288652672e-05,0.014164900485381828,0.5832813455491527,0.402513739982579
P02404,Good,Excellent,8.629783292161845e-06,0.0011835790083839749,0.16950814474738915,0.8292996464609347
P04696,Excellent,Excellent,9.09086721568095e-06,0.00021814897575630322,0.04015484086287113,0.9596179192941567
P05476,Excellent,Excellent,1.4080944404717322e-05,0.00028554153466247266,0.059605885946666215,0.9400944915742665
P05573,Poor,Average,0.13512861067875062,0.8045820496877697,0.06009241855260481,0.00019692108087488445
P06291,Poor,Poor,0.6496623774755518,0.3497237468668954,0.0006061703467579957,7.705310794801544e-06
P03653,Good,Average,0.011073897005439221,0.5103324319731954,0.4735008960284765,0.005092774992888836
P03371,Excellent,Excellent,9.198785155443854e-06,0.00022238954602568845,0.04071431014577991,0.9590541015230389
P06773,Excellent,Excellent,3.069001746171819e-05,0.0014869435686520444,0.1895826691483943,0.8088996972654919
P02740,Average,Average,0.1336962509943626,0.7365888053015777,0.12940659215079445,0.0003083515532651011
P09089,Good,Good,5.075534223578907e-05,0.012630817305567149,0.6011598238878122,0.38615860346438485
P00837,Excellent,Excellent,9.820970829352475e-06,0.0002476176142311175,0.043955719211829246,0.9557868422031103
P02988,Average,Poor,0.6905525466061624,0.3087275858672734,0.0007099319658603562,9.935560703917679e-06
P03115,Excellent,Excellent,2.885731437471292e-06,0.00016424455808478744,0.04756591655376574,0.952266953156712
P08923,Good,Good,0.010300190799964882,0.4898191152642618,0.49622870323675117,0.003651990699022266
P00765,Good,Good,0.0005441345876987743,0.09209454915805881,0.8024063134533921,0.10495500280085025
P01577,Good,Good,0.0007444002951928131,0.16440322167380714,0.8083297038876635,0.026522674143336627
P01710,Poor,Average,0.38388726444694826,0.604670332449988,0.01141589542165132,2.65076814124381e-05
P01200,Average,Average,0.15709874748010685,0.667347155617754,0.17492255406571644,0.0006315428364225956
P07867,Average,Average,0.21812125155698373,0.7430132612658624,0.038805742889086156,5.9744288067583265e-05
P03859,Poor,Poor,0.7303973041367271,0.26919336486747647,0.00040718262675055826,2.148369045812953e-06
P05584,Poor,Poor,0.9641737897047227,0.03581764438749458,7.816983296747475e-06,7.489244859776986e-07
P05776,Poor,Poor,0.9610845390466063,0.038907269085730306,7.35406618956688e-06,8.378014739048725e-07
P04026,Poor,Poor,0.9303153542083078,0.06965414403706394,2.9028370183803394e-05,1.4733844443611611e-06
P03767,Average,Average,0.38412901186519693,0.6137653095181578,0.0020848103609209293,2.0868255724326017e-05
P09824,Average,Average,0.09933486660410208,0.8501473988020625,0.05045327801622658,6.445657760875569e-05
P08520,Good,Good,0.0024141739710872505,0.22870545772204715,0.7267162449784842,0.04216412332838154
P00544,Poor,Poor,0.9549942487958512,0.044964676348291495,4.0251499207101415e-05,8.233566503215206e-07
P04392,Excellent,Excellent,4.696165449521104e-06,0.00019899820746015537,0.042887991627200875,0.9569083139998895
P07963,Excellent,Excellent,5.208619372860299e-05,0.007194639775326132,0.464719940527675,0.5280333335032702
P05961,Excellent,Excellent,5.3306155871365215e-06,0.00024595599540763806,0.05056643310272174,0.9491822802862834
P03793,Average,Average,0.0695201134698173,0.8763696122114709,0.05404961335147611,6.0660967235800336e-05
P04768,Poor,Poor,0.9365955277901818,0.06338009253510708,2.3062385403409657e-05,1.317289307676471e-06
P09295,Average,Average,0.023923989358926527,0.5557174995874021,0.41748807940545135,0.0028704316482200715
P05910,Excellent,Excellent,1.2799966052038606e-05,0.00038142963578369535,0.05992183018305375,0.9396839402151104
P07315,Excellent,Good,0.0001115821229347504,0.025639369649783,0.7469304162858211,0.2273186319414611
P04882,Good,Good,0.00011957690904695922,0.02719798489763205,0.7449106159285481,0.22777182226477283
P08329,Poor,Poor,0.7379914035071138,0.2611139811163623,0.0008902320820186976,4.3832945053609105e-06
P04348,Poor,Average,0.28810544120854115,0.7062476239765527,0.005619798189123922,2.71366257822195e-05
P03633,Poor,Poor,0.9652658698283034,0.03472742537282434,5.9593157637407925e-06,7.454831081973032e-07
P03674,Good,Excellent,0.00010949523674231567,0.005833541359206888,0.3474544003140868,0.646602563089964
P01888,Good,Good,0.00018714076744652495,0.04178978451370238,0.7841001567973265,0.17392291792152462
P06752,Good,Average,0.014464263157358598,0.6489386398292509,0.33546287252862017,0.0011342244847702791
P01566,Poor,Poor,0.9656714888588953,0.03432194747749055,5.8266275966882956e-06,7.370360176554015e-07
P00655,Good,Average,0.024053146417311513,0.6756172482000872,0.2993516181851869,0.0009779871974145168
P06242,Excellent,Excellent,4.004311986431092e-05,0.0031109933494362844,0.31796184869913346,0.6788871148315658
P06613,Poor,Poor,0.9156238006026539,0.08425804145848872,0.00011668994704290237,1.4679918145161034e-06
P06675,Poor,Poor,0.9542518533511058,0.0457383144330786,9.551718651169222e-06,2.804971642732882e-07
P01466,Average,Poor,0.7535624349435359,0.24620542238374063,0.00022608683095322687,6.055841770316816e-06
P01915,Average,Average,0.1382836846153274,0.7403548535719796,0.12102300403439031,0.00033845777830269076
P01667,Average,Average,0.12082474115731127,0.79970069209794,0.07934729085524811,0.00012727588950051802
P09206,Poor,Poor,0.9611678742855028,0.03882223284363866,9.08281044269448e-06,8.100604159507612e-07
P01282,Average,Good,0.0019587824379575782,0.28513679677211523,0.6793359751714719,0.03356844561845518
P06223,Good,Good,0.0033529427712089975,0.2790324479672035,0.6902548294370795,0.02735977982450799
P03570,Average,Average,0.2157132010588058,0.7736144085604238,0.010633772253462554,3.8618127307864075e-05
P01447,Average,Average,0.07741453025331205,0.6810668708122432,0.24084503659792478,0.0006735623365200607
P00988,Average,Poor,0.6911252555677122,0.30829327372986004,0.0005742043163394853,7.266386088224689e-06
P08224,Excellent,Excellent,5.125687904452346e-06,0.00023014563696070116,0.04801115566535426,0.9517535730097806
P05377,Excellent,Excellent,3.131813822017577e-06,0.00018892744771624773,0.05226100463405023,0.9475469361044115
P05669,Poor,Poor,0.9348004562129699,0.06517975361294831,1.9370912742375905e-05,4.192613394645472e-07
P02821,Excellent,Excellent,4.446363750208516e-05,0.003781863023167448,0.276065380378957,0.7201082929603734
P08106,Average,Good,0.0007249762066010255,0.07908867992067034,0.7554247883389777,0.16476155553375094
P04048,Average,Average,0.22083468574310586,0.7274778298549857,0.05160198853963357,8.549586227490968e-05
P08608,Poor,Poor,0.964265370198901,0.03572756819595662,6.295563578979679e-06,7.660415634695081e-07
P04685,Poor,Average,0.2984621083506159,0.6939009824777392,0.007597718351158721,3.9190820486101155e-05
P03184,Excellent,Good,0.001812934282819508,0.11113412851517442,0.7204617998490034,0.16659113735300266
P01637,Poor,Poor,0.5159376863030224,0.479085093479169,0.004961948163391889,1.5272054416646708e-05
P01318,Average,Average,0.4202273051943696,0.5642770499941792,0.01545556961374205,4.007519770915556e-05
P07730,Poor,Average,0.4872818773605957,0.5104735546739749,0.0022324956713565955,1.2072294072833842e-05
P03961,Excellent,Excellent,2.7210641591808888e-05,0.001318138426425118,0.18832424013379892,0.8103304107981841
P00271,Poor,Poor,0.9626334429806703,0.03735729940267869,8.477135510739813e-06,7.804811402215785e-07
P05275,Good,Good,0.0003036443044765213,0.06248918275520263,0.8212365382900529,0.11597063465026779
P00291,Excellent,Excellent,0.0001448347781376057,0.006130748940588315,0.2940272427212138,0.6996971735600603
P02581,Poor,Poor,0.9640434319723687,0.03594942683054538,6.37043274971101e-06,7.707643361270468e-07
P03600,Average,Poor,0.8051923997346534,0.19465007744180746,0.00015284517355956614,4.677649979625468e-06
P08841,Average,Average,0.01096173832600313,0.5346974593615812,0.45211587716973956,0.0022249251426760142
P06860,Excellent,Excellent,1.2307725184710124e-05,0.0003685801259927574,0.057557895768031525,0.9420612163807909
P00679,Average,Good,0.001159802235655477,0.12267035539727189,0.7919892687469766,0.08418057362009612
P02322,Poor,Poor,0.743356652235774,0.25567662476998043,0.0009629740312007685,3.7489630448063375e-06
P04976,Poor,Poor,0.9648827979901112,0.03510896301238858,7.506345312806565e-06,7.326521874331234e-07
P04243,Excellent,Excellent,4.736568189608699e-06,0.0003946755421813244,0.08505800721143847,0.9145425806781906
P04627,Excellent,Excellent,4.801665813197902e-06,0.00020649067815324093,0.04414299438792215,0.9556457132681113
P07902,Good,Average,0.0045635609733679075,0.49863400692055343,0.4919557473776015,0.004846684728477149
P01618,Poor,Poor,0.9658606717214255,0.034132829512988044,5.765742510971076e-06,7.330230754408445e-07
P09555,Excellent,Excellent,4.6282648922584775e-06,0.0003745281650575242,0.08349643937707318,0.916124404192977
P00107,Poor,Poor,0.9605702676484441,0.03942127920646951,7.610024570371684e-06,8.431205161111876e-07
P01869,Good,Good,0.006672178790186884,0.42253343284883016,0.5646213255299212,0.006173062831061816
P03428,Good,Good,9.213965833628403e-05,0.03251701461524995,0.7776042887509433,0.18978655697547048
P06987,Excellent,Excellent,2.963628386974717e-06,0.00017218816155499268,0.04916047299247232,0.9506643752175857
P09381,Excellent,Excellent,1.763275463646966e-05,0.0006619697241063303,0.08806117852468452,0.9112592189965726
P03183,Excellent,Excellent,1.6558792695871044e-05,0.0004024005895047637,0.0772758475159302,0.9223051931018691
P00355,Good,Good,0.0019160596396229504,0.35427524240784797,0.634440507901438,0.009368190051091194
P04713,Excellent,Excellent,2.320608223522547e-05,0.007609218210459756,0.4739918796955088,0.5183756960117962
P06788,Average,Average,0.014086965415211688,0.6652134459941107,0.3194466589771567,0.0012529296135209739
P05668,Average,Good,0.0024076239479295988,0.21765797423474634,0.729054967928349,0.050879433888974965
P01215,Poor,Poor,0.9634302494891149,0.03656238953106317,6.577428508742362e-06,7.835513132665347e-07
P05746,Excellent,Excellent,7.922566898617038e-06,0.0004747678331798141,0.08394240367374864,0.915574905926173
P00691,Average,Average,0.16395767196176572,0.7442081863924237,0.09157873949292072,0.0002554021528898209
P03231,Poor,Poor,0.8835668159989463,0.11635062174596211,8.00567423698878e-05,2.505512721667937e-06
P08364,Poor,Poor,0.9660222457687047,0.03397131122965883,5.713314162697391e-06,7.296874738050494e-07
P04782,Poor,Poor,0.9637986787204615,0.036195188125794586,5.917510347091621e-06,2.156433969524875e-07
P03874,Excellent,Excellent,4.75332989333498e-06,0.00020306141891958453,0.043554800592277905,0.9562373846589092
P01027,Average,Average,0.0037585206205798774,0.5150445382984337,0.47844643650391394,0.002750504577072544
P04270,Excellent,Excellent,5.041949335981245e-06,0.00022314379179327022,0.046526221742184425,0.9532455925166863
P06190,Poor,Poor,0.9631040343510111,0.036888484950898616,6.6900263976430075e-06,7.906716924024091e-07
P08888,Average,Poor,0.542857232410153,0.4526696091559072,0.0044598973350561,1.3261098883747994e-05
P08667,Poor,Poor,0.962212612708773,0.03777958371251612,6.9938969227552465e-06,8.09681788188337e-07
P01677,Excellent,Excellent,4.732693349093507e-06,0.00020159310899004718,0.04325043118756526,0.9565432430100955
P08054,Average,Average,0.01598102282357841,0.7700698500849702,0.2131228022041936,0.0008263248872578561
P06693,Good,Average,0.026788825759565274,0.6243459994174864,0.3464148665976479,0.0024503082253003873
P05139,Poor,Poor,0.9311860694486492,0.06872814848751863,8.43796263209948e-05,1.402437511169004e-06
P09322,Poor,Poor,0.9655872524066719,0.03440615397214099,5.85494216238823e-06,7.386790247472133e-07
P03332,Excellent,Excellent,2.742069071941413e-06,0.00015020595664623393,0.044807736183701014,0.9550393157905809
P03579,Average,Poor,0.6379642781908389,0.3604134172642896,0.0016164220588565912,5.882486014883171e-06
P01222,Good,Good,0.004941696863966398,0.32555395989117675,0.6510547689942858,0.018449574250571046
P08546,Poor,Poor,0.9578613187634026,0.04212706553993138,1.0733554352909768e-05,8.821423130164345e-07
P06969,Excellent,Excellent,3.178735104372394e-05,0.002288318274233956,0.19992547778781933,0.7977544165869029
P04411,Good,Good,0.0003819180474766614,0.07267238560450968,0.7520718214436178,0.17487387490439568
P08154,Good,Good,0.0014594115310874339,0.19649314734943388,0.7268791047963575,0.0751683363231211
P09176,Poor,Poor,0.7791537965198241,0.2200353337046941,0.0008073446440260513,3.5251314557597367e-06
P06650,Excellent,Excellent,1.8389099280609717e-05,0.0005128678983123201,0.09236123572421713,0.90710750727819
P07872,Good,Good,0.00011432151685949293,0.05721387863789194,0.7895169357541372,0.15315486409111126
P06252,Average,Good,0.0036010908590182397,0.3741530242772337,0.6108130858131722,0.01143279905057597
P02331,Good,Excellent,1.4419365612617042e-05,0.00029294045372619566,0.05937012934309994,0.9403225108375614
P02146,Average,Average,0.044049098719785004,0.7781604019084131,0.17753157733084593,0.00025892204095602186
P02401,Poor,Poor,0.9555631808996837,0.04442399229157727,1.1896630049980305e-05,9.301786891279469e-07
P01497,Average,Average,0.04831321995134915,0.8187236646554883,0.13277187061019657,0.0001912447829658339
P04918,Average,Good,0.002344357188926056,0.2569019377269008,0.6971797806138064,0.04357392447036687
P09017,Poor,Poor,0.8991189571123126,0.10072780273950424,0.00015120057921553216,2.0395689677213173e-06
P00442,Excellent,Excellent,1.2675144447222798e-05,0.00023700674143071462,0.052983094623584276,0.9467672234905378
P07355,Excellent,Excellent,1.0593388148650674e-05,0.0002810940140460306,0.0480800908029028,0.9516282217949026
P08544,Excellent,Excellent,1.7558091307935358e-05,0.00047049266923514455,0.08732427146997797,0.9121876777694791
P05100,Poor,Poor,0.9646977346529737,0.035295365442164134,6.142057406566514e-06,7.57847455683371e-07
P06192,Good,Good,0.0007731319848513034,0.24051965805188533,0.734495530594928,0.024211679368335296
P00060,Good,Good,0.00012041467734697338,0.042554852741001944,0.8128670090393573,0.14445772354229386
P08866,Good,Good,0.00033330637579899816,0.10471852360667132,0.7809949670118261,0.1139532030057036
P03354,Poor,Poor,0.9574418619036005,0.042546412178095294,1.083883203692282e-05,8.870862673203804e-07
P02295,Average,Good,0.006308619337307272,0.42267588639923276,0.5654108606699031,0.005604633593556966
P02049,Average,Good,0.004539044889597632,0.27902394461201147,0.6733607533955072,0.043076257102883674
P05308,Average,Poor,0.5524322142097022,0.4403036487303754,0.007235202998471471,2.8934061450853572e-05
P08553,Excellent,Excellent,2.7067274726035254e-06,0.00014686696332953225,0.04412232750006271,0.9557280988091351
P06331,Average,Average,0.27260899998648563,0.7224806118997564,0.004887976553550301,2.2411560207603538e-05
P07751,Excellent,Excellent,1.2781864619006836e-05,0.0010413684867645297,0.14394540101027165,0.8550004486383449
P05445,Average,Average,0.07631024842073812,0.750906175037102,0.17233607903159856,0.00044749751056126106
P00754,Poor,Poor,0.8913301804450633,0.10848610377273252,0.00018190980972510206,1.8059724791536945e-06
P02025,Average,Poor,0.8710687863110693,0.12885202145745786,7.82808857144278e-05,9.113457584383138e-07
P02790,Excellent,Excellent,2.7120304655010512e-06,0.00014737257808979283,0.04422741960194814,0.9556224957894967
P01713,Poor,Average,0.20125415357940254,0.7780827269011648,0.020620304813977437,4.281470545518281e-05
P08191,Average,Poor,0.6717043110168007,0.3256590177411098,0.0026052900558771828,3.138118621243188e-05
P04097,Excellent,Excellent,2.747310140526181e-06,0.00015075309413751527,0.044930908867952264,0.9549155907277698
P04520,Excellent,Excellent,5.3582490211783475e-06,0.00048766828946161914,0.10005923348332181,0.8994477399781955
P01784,Average,Average,0.01897679079804943,0.6233763212162735,0.35622333441703097,0.001423553568646054
P09083,Average,Average,0.17875499781562695,0.7357257480098144,0.08525126770605804,0.00026798646850051237
P03025,Average,Average,0.18759196021536842,0.8016425319093559,0.010731143919092172,3.436395618350108e-05
P04213,Good,Good,0.00016045225456247692,0.015332029515594498,0.6196885411460098,0.36481897708383315
P03112,Average,Average,0.46604293754518844,0.529695199951228,0.004236570211499809,2.5292292083673658e-05
P07487,Poor,Poor,0.6890371875518343,0.30973550709106556,0.001222595102108741,4.710254991368719e-06
P08373,Good,Good,0.0003756009823528285,0.05716209654732395,0.7756666955326945,0.16679560693762863
P06014,Poor,Poor,0.9651304757684215,0.03486138104506171,7.41508796383097e-06,7.280985530456228e-07
P04785,Good,Good,0.0005493536074374473,0.12173456139217809,0.7496111845591313,0.1281049004412532
P09961,Average,Average,0.06059935487944965,0.7484277534700544,0.19051651257021437,0.0004563790802816285
P07558,Poor,Poor,0.9428322650685774,0.05714706819557428,1.9453540161131544e-05,1.213195687254099e-06
P08214,Average,Average,0.0775477792208553,0.7654238839214967,0.1567368408420844,0.000291496015563651
P03696,Excellent,Excellent,1.1231659514940166e-05,0.00018431833113576133,0.04396307303590862,0.9558413769734406
P09293,Good,Good,0.003001744727249852,0.34874973204178245,0.6413222248371956,0.006926298393772019
P00479,Good,Good,0.0002930087592619516,0.058847251300232675,0.813451274219081,0.12740846572142447
P03561,Excellent,Excellent,4.7893325660888485e-06,0.00020566947933807852,0.04402530329900413,0.9557642378890917
P01248,Good,Excellent,1.2632118138471994e-05,0.0009998684401882883,0.13688795106650373,0.8620995483751696
P05883,Poor,Poor,0.9362459235997187,0.06373456189727171,1.8127485453980608e-05,1.38701755570919e-06
P06359,Average,Average,0.3504011344186054,0.6399322641190736,0.009629200869596751,3.740059272432209e-05
P03345,Poor,Poor,0.9659998227252198,0.0339924103183757,7.057314845855464e-06,7.096415587445351e-07
P00367,Poor,Poor,0.7899071731196784,0.20984988514951902,0.00024125682233074156,1.684908471977101e-06
P07853,Average,Average,0.027293813816548433,0.6697094618252543,0.30229701143517196,0.0006997129230253838
P09097,Good,Good,0.0009653402945865561,0.11575890259805635,0.8117345628477607,0.0715411942595964
P00164,Average,Good,0.0030184928981240155,0.3522013893219602,0.6271251672477511,0.017654950532164454
P00577,Average,Poor,0.8456117413956759,0.15406157441909704,0.0003236868174458766,2.9973677812471102e-06
P07886,Poor,Poor,0.9589947796130478,0.040994187069646595,1.0172712295360766e-05,8.606050101582834e-07
P09139,Poor,Poor,0.9642833544612301,0.0357095902264894,6.2896485782465354e-06,7.656637022678715e-07
P07102,Excellent,Excellent,1.592366572788439e-05,0.002463104143674119,0.2642996765648765,0.7332212956257214
P07390,Average,Poor,0.8856969494774053,0.11423900391329904,6.318570219617092e-05,8.609070996280518e-07
P00785,Poor,Poor,0.5240482350177575,0.47302972280447986,0.002913440626832008,8.60155093059264e-06
P05632,Excellent,Excellent,1.1841863967340286e-05,0.0003365457929280162,0.05471578329462895,0.9449358290484757
P05172,Excellent,Excellent,2.206748641127066e-05,0.000995642998596171,0.11649625636755988,0.8824860331474327
P08050,Average,Average,0.38117560404659523,0.6120062856345174,0.006804143543945716,1.3966774941764164e-05
P06747,Good,Good,0.0007150764440490604,0.060841966006550244,0.7161201108358567,0.22232284671354405
P04134,Excellent,Excellent,2.725491337530245e-06,0.00014864909731040807,0.044491183343074864,0.9553574420682771
P06244,Poor,Average,0.08396596682517526,0.8040691130063474,0.11151169598349724,0.00045322418498001737
P05423,Average,Average,0.30709847075590063,0.6819032026563665,0.010960646750073013,3.767983765983586e-05
P07466,Excellent,Excellent,4.6264014721191005e-05,0.003476334275645591,0.3294441849026412,0.667033216806992
P06559,Average,Average,0.026832851717978813,0.6013600225946891,0.37022395659429663,0.0015831690930354493
P02901,Excellent,Good,0.0001621170875808548,0.03237567664563858,0.7132830269046588,0.25417917936212164
P05182,Average,Average,0.009870129255802157,0.5110098151754741,0.47684421183205716,0.00227584373666667
P00035,Average,Good,0.005724935414283083,0.4551629446928148,0.5361393517615428,0.002972768131359306
P04958,Good,Excellent,0.00013287419744743685,0.010118615331455097,0.4270014935366152,0.5627470169344823
P06501,Good,Average,0.010045118519743811,0.5140186549434609,0.47347140627100975,0.0024648202657855407
P00570,Good,Good,4.393479858571461e-05,0.010033817273004519,0.5244957394990973,0.4654265084293124
P01471,Average,Average,0.023707193916787685,0.6138675771174956,0.3608924869515436,0.0015327420141730804
P04343,Excellent,Excellent,1.314346036026546e-05,0.00025277857713804243,0.0552680096379675,0.9444660683245343
P05131,Average,Average,0.14217497166023269,0.8137539643813952,0.04400435937881955,6.670457955238467e-05
P01638,Average,Good,7.76078450464693e-05,0.011743737668833102,0.5374246917305149,0.4507539627556056
P06622,Good,Excellent,7.995454177011724e-05,0.007993935021497511,0.422324311530082,0.5696017989066504
P07382,Poor,Poor,0.8649952659875212,0.1349215528481751,8.028807604413375e-05,2.893088259592516e-06
P00905,Average,Average,0.051413163519785615,0.8298187346180791,0.11842788385402943,0.00034021800810569953
P09931,Good,Excellent,4.6542155350421366e-05,0.00369575996944157,0.2789117280755695,0.7173459697996385
P02743,Average,Average,0.09513430603399693,0.7193330810595898,0.18465929669660966,0.0008733162098034011
P03273,Excellent,Excellent,1.273100822947647e-05,0.0002403078753409325,0.053634012694928124,0.9461129484215015
P09669,Good,Good,0.00046972315144845747,0.12569019490251493,0.781380017268602,0.09246006467743483
P02227,Good,Good,0.006163529183261057,0.4022104424718976,0.5781605859152243,0.013465442429617006
P06469,Excellent,Excellent,0.0002257965473069773,0.013109497556891184,0.4686164859888282,0.5180482199069737
P01463,Average,Average,0.13020405980727037,0.8340982601252555,0.035596297706277744,0.00010138236119632712
P03590,Excellent,Excellent,7.179641814463127e-06,0.00040598883963239267,0.0749910742155219,0.9245957573030312
P08969,Good,Good,0.00035779741457980666,0.06685463892639024,0.7996935734246129,0.13309399023441693
P09290,Poor,Poor,0.9042957119381988,0.09566077120058673,4.142606532387348e-05,2.0907958908711e-06
P08717,Average,Average,0.1414315230370529,0.8466900089991078,0.011846618269857266,3.184969398186872e-05
P04638,Average,Average,0.13666568402478785,0.8138163334722782,0.049345851401642,0.00017213110129185122
P02947,Poor,Poor,0.9656624599028655,0.03433097288992037,5.8300253343758555e-06,7.371818796852182e-07
P05051,Poor,Poor,0.9469920657100054,0.05295354174000645,5.346415545129494e-05,9.283945367025657e-07
P04437,Poor,Poor,0.7040305457008346,0.2954068210734516,0.0005547434578289583,7.88976788490605e-06
P08355,Good,Good,0.0015783340850063898,0.19063301159882476,0.7421261713664762,0.06566248294969274
P05652,Poor,Poor,0.9592489432369521,0.04074327181667936,7.53838046576968e-06,2.46565902655934e-07
P03120,Poor,Poor,0.9637827814343083,0.036211084103067115,5.918718592576441e-06,2.1574403181747392e-07
P04680,Excellent,Excellent,1.651731953005679e-05,0.001726304364765755,0.205281595440203,0.7929755828755012
P01535,Average,Poor,0.9306434459496711,0.06933390891405831,2.2196801029870207e-05,4.4833524086883996e-07
P03471,Average,Average,0.03717873183149902,0.7626191419301095,0.19975578503666272,0.0004463412017287738
P05797,Excellent,Good,0.0009850807926021189,0.1014673679253032,0.784317736096303,0.11322981518579169
P03103,Good,Good,0.00010604318197388232,0.02855005146826657,0.7010693163220376,0.27027458902772195
P07917,Poor,Poor,0.8909960348201518,0.10894435402130963,5.8850294018266474e-05,7.608645201458437e-07
P07569,Poor,Average,0.4226757921796176,0.5734991932873355,0.0037984637038204726,2.655082922655281e-05
P06183,Good,Average,0.007159402920487389,0.5722207379426949,0.4123080647399083,0.008311794396909359
P05056,Poor,Poor,0.7465098239066015,0.25304627941962327,0.00043804130632471534,5.855367450566775e-06
P08288,Excellent,Excellent,9.21509412934536e-06,0.00022305764952536847,0.040801249244998714,0.9589664780113466
P00800,Average,Poor,0.6417284370145362,0.35667590247881287,0.0015891735113560542,6.486995294727124e-06
P01167,Average,Average,0.11961848685681101,0.8140090583117167,0.06617102503958627,0.00020142979188608013
P01762,Excellent,Excellent,6.017210805542824e-06,0.0003008853691013873,0.05920947763678543,0.9404836197833076
P05069,Excellent,Excellent,2.72779090899598e-06,0.00014887289146948594,0.04451678906651941,0.9553316102511021
P08854,Good,Good,0.0011603171513872618,0.21464399436764164,0.7253372167482961,0.058858471732675145
P00314,Poor,Poor,0.8298220489639111,0.16976722708655775,0.00040818370794422224,2.5402415869340636e-06
P07539,Excellent,Excellent,2.8683677637881193e-06,0.00016222542064851054,0.04723271404641121,0.9526021921651764
P06787,Poor,Poor,0.9605209585088713,0.039470566844129876,7.629860800820553e-06,8.44786197890951e-07
P02043,Poor,Poor,0.9653332896810926,0.03465865582898858,7.330719563087321e-06,7.237703558085448e-07
P06555,Excellent,Excellent,2.733036632501198e-06,0.00014936950564027168,0.04463719555140799,0.9552107019063193
P03964,Good,Good,0.0018769602458832853,0.13419856541340291,0.6871753553213955,0.17674911901931825
P00896,Poor,Poor,0.7404150019801187,0.2592894255262635,0.00029350870239113754,2.0637912269079666e-06
P04710,Poor,Poor,0.9635926339333247,0.03640116103040273,5.988024811394725e-06,2.1701146108038545e-07
P00558,Excellent,Excellent,2.7350341851707456e-06,0.00014957870425343257,0.04468746315548385,0.9551602231060775
P09402,Good,Good,0.0007328178828229022,0.12815024310937784,0.8153989362020025,0.05571800280579674
P02158,Poor,Poor,0.9659763058211966,0.034015917259110996,7.0667812328989674e-06,7.101384594974046e-07
P03500,Good,Good,0.005863437732712512,0.392333120655913,0.5964629541833237,0.005340487428050779
P01379,Poor,Poor,0.7070855970710513,0.2922411673068953,0.0006700545993827468,3.1810226705949165e-06
P04077,Good,Good,0.0002477110943031803,0.03863826862782706,0.7334297014874848,0.22768431879038498
P04854,Poor,Poor,0.9610893686020701,0.03890063035144099,9.187285456771683e-06,8.137610321453652e-07
P08180,Good,Good,0.0026072645027913864,0.2703957762331448,0.6979554254669486,0.029041533797115326
P00979,Poor,Poor,0.9660846942250428,0.03390888431736731,5.693056355568824e-06,7.284012343934807e-07
P09200,Excellent,Excellent,1.088390156478434e-05,0.00017264524261246907,0.04188601488431135,0.9579304559715115
P02810,Average,Average,0.0574242903758798,0.81043400720039,0.13194021445698864,0.00020148796674146263
P02958,Excellent,Excellent,1.0780041366107315e-05,0.0001692221388116037,0.041263776259135854,0.9585562215606864
P07950,Good,Excellent,2.7066623431722294e-05,0.0009947643822611815,0.13692456534224803,0.862053603652059
P04887,Average,Average,0.013651389568808823,0.6100303527861449,0.37475696521886054,0.0015612924261856804
P00440,Excellent,Excellent,1.521054335682538e-05,0.002571497937585706,0.2813030068774044,0.716110284641653
P08582,Excellent,Excellent,9.218733058406629e-06,0.00022323730159644727,0.040822751127421876,0.9589447928379231
P05691,Poor,Poor,0.9660178329798278,0.033974407766583226,7.049994018135565e-06,7.092595709178986e-07
P09952,Excellent,Good,0.00010341225253781307,0.02161699614440559,0.6847408688681984,0.29353872273485804
P04431,Good,Good,7.308859833108742e-05,0.01607732433934005,0.6768929577706877,0.30695662929164125
P07069,Excellent,Excellent,1.0670581183354595e-05,0.0002838935186051521,0.04846636242567409,0.9512390734745375
P06719,Average,Average,0.07913727936416899,0.7601505109875704,0.1604450516624537,0.00026715798580695106
P00893,Average,Average,0.13028634887533025,0.7778704335213205,0.09165516234404045,0.00018805525930882248
P05867,Average,Poor,0.7359282130961402,0.2636307472869275,0.000435150815007631,5.88880192457722e-06
P02190,Poor,Average,0.18565597542614906,0.7625855047517496,0.05163474428260477,0.00012377553949650277
P03510,Good,Good,5.8374488879801734e-05,0.025112936345007452,0.6653274339774305,0.30950125518868205
P04061,Average,Good,0.007625946041802116,0.35921313460428594,0.6184409646530915,0.01471995470082039
P05637,Poor,Poor,0.9635271398478916,0.03646663682468634,6.005873338488337e-06,2.1745408356168374e-07
P06182,Average,Average,0.17154683095593448,0.8026683883874233,0.025741576018744536,4.3204637897802365e-05
P09907,Average,Average,0.012284204927228936,0.5497144302300919,0.4362086004243782,0.0017927644183009664
P06179,Excellent,Excellent,1.1130107528158109e-05,0.0008320727280646182,0.10810014599194431,0.8910566511724629
P00642,Average,Average,0.1493208240394354,0.7634638868822944,0.08707297257670107,0.0001423165015691866
P09692,Average,Average,0.12024293668608216,0.8071133412766529,0.07253695453419813,0.00010676750306672227
P06339,Excellent,Good,5.077077814162058e-05,0.012533956457741139,0.5808650112990525,0.4065502614650646
P08908,Good,Good,0.0011500425711234224,0.22733439595265312,0.7413095387357089,0.030206022740514465
P04709,Good,Average,0.012565723686244704,0.5554277802492614,0.4300958793229426,0.001910616741551445
P08560,Average,Average,0.26887574292077554,0.7268247898780202,0.004278399379241884,2.1067821962448192e-05
P03080,Average,Average,0.09010044235098023,0.8079603365049494,0.10163246466564378,0.00030675647842677453
P07268,Poor,Poor,0.8226380222515317,0.177213600690021,0.0001470573068526387,1.3197515946840765e-06
P06826,Excellent,Excellent,1.6630797965224955e-05,0.0005780552417579298,0.08005606707094774,0.9193492468893291
P08875,Good,Good,0.001080220522548924,0.1413990765179241,0.7545945792702963,0.10292612368923068
P09164,Poor,Poor,0.5325536256723354,0.4602846147732685,0.00713658678225986,2.517277213623161e-05
P04047,Average,Average,0.02124471468536414,0.6507577614627577,0.327065401758402,0.0009321220934763189
P02667,Good,Good,0.0020089309569777548,0.15289469614158008,0.7130684386721258,0.13202793422931647
P06815,Good,Good,0.002602043541506838,0.25238699147367016,0.699335585214093,0.04567537977072995
P02516,Poor,Poor,0.8985400745714092,0.10141123350533206,4.6468642209109266e-05,2.2232810496208994e-06
P03448,Excellent,Excellent,1.216345614426628e-05,0.00021777629175083653,0.04985411864011263,0.9499159416119923
P00737,Excellent,Good,0.0009393229075887822,0.07317879120993463,0.7096213639836191,0.21626052189885756
P09120,Excellent,Excellent,2.8478713251880434e-06,0.00016050436260539868,0.04691428463938583,0.9529223631266835
P07378,Good,Good,0.0011523153268900767,0.13295361528812985,0.7843590345711432,0.08153503481383687
P09420,Excellent,Excellent,1.2139019078296357e-05,0.00021561162975930711,0.049409022985830844,0.9503632263653315
P01684,Average,Poor,0.9211520328511987,0.07881040392599307,3.5906148165262074e-05,1.657074642860027e-06
P00316,Excellent,Good,7.896646920389299e-05,0.01621472427522258,0.6112219332064687,0.3724843760491049
P01612,Good,Average,0.020522643450520232,0.6427699362860253,0.3354533856749047,0.0012540345885497738
P02174,Excellent,Excellent,1.0802278275234106e-05,0.00016995693076057232,0.04139855568263416,0.95842068510833
P01572,Poor,Average,0.01538808460525818,0.6140395541122653,0.3695864567232761,0.0009859045592004064
P06885,Poor,Average,0.30000533917943467,0.6952367016930947,0.0047356514631513805,2.230766431931967e-05
P04534,Good,Excellent,5.517899146421002e-05,0.007993023664622418,0.4200584023137355,0.5718933950301779
P08310,Excellent,Good,9.178802934925787e-05,0.014065585500402577,0.5619106931953215,0.4239319332749268
P08039,Excellent,Excellent,2.7276845989490165e-06,0.000148858901496115,0.04453613393120786,0.9553122794826971
P01259,Average,Poor,0.8993001689937735,0.10054715674533987,0.00015059110572138843,2.083155165399037e-06
P07413,Excellent,Excellent,2.7261020038076864e-06,0.00014871763604707135,0.04450668701394211,0.9553418692480069
P09182,Average,Average,0.2443587149260668,0.7416838175530172,0.013914697826572607,4.2769694343259995e-05
P03743,Excellent,Excellent,1.1120968763597905e-05,0.0001807351843072785,0.04336085271187736,0.9564472911350518
P07944,Poor,Poor,0.8357691573748385,0.16408050356167284,0.00014662667686546379,3.7123866230795145e-06
P03951,Average,Average,0.03704156604324286,0.7778549413366339,0.1843700835215844,0.0007334090985388859
P08343,Excellent,Good,0.0015566045189630711,0.1341692654148452,0.7758953902155862,0.08837873985060556
P07800,Excellent,Excellent,4.916329457383932e-06,0.00021421222766723172,0.045126061673102055,0.9546548097697732
P08345,Excellent,Excellent,3.457104429844491e-05,0.002730739442528352,0.22150651718491285,0.7757281723282603
P02765,Good,Good,0.001258481603072439,0.20412842508504392,0.7396384320550442,0.054974661256839454
P05197,Average,Good,0.004719502598346309,0.38121272997369376,0.5953995427976229,0.018668224630337016
P09926,Excellent,Excellent,8.751475649070218e-06,0.0005567248918293921,0.09144567123305225,0.9079888523994694
P01512,Poor,Average,0.05402002089798285,0.7822134695592868,0.1635061197370367,0.0002603898056935092
P00777,Good,Good,0.0005654596548495712,0.1685290168402865,0.7652302144411028,0.06567530906376108
P06247,Average,Average,0.11497920776380519,0.8584786951831884,0.026460865370259084,8.123168274739894e-05
P06743,Excellent,Excellent,5.5912737758669e-06,0.0002629756437271566,0.05224359037630087,0.9474878427061961
P07649,Good,Excellent,6.571183518381879e-06,0.00033703213820529293,0.06268267542757852,0.9369737212506978
P07166,Good,Excellent,4.627712935124163e-05,0.002528168628408392,0.22676405306736466,0.7706615011748756
P01753,Excellent,Good,0.00013469052555405234,0.0609526306186446,0.7595461701677864,0.17936650868801515
P08303,Poor,Poor,0.9660095293170146,0.03398402387829068,5.716781098606908e-06,7.300235963101863e-07
P04599,Good,Good,0.0007927392024543609,0.1084773627855311,0.7979922841134153,0.09273761389859908
P08697,Excellent,Good,9.213841927916494e-05,0.016427903260650297,0.6465831826695471,0.3368967756505235
P02895,Average,Average,0.03199838920764704,0.7296731497104499,0.2379153215211717,0.0004131395607314219
P03536,Average,Average,0.23170806784706993,0.7477677030639587,0.020441990606180484,8.223848279085917e-05
P03840,Average,Average,0.012703776349139715,0.6434357496005194,0.3429488606983006,0.0009116133520403165
P02678,Average,Good,0.00682002949972362,0.3635028596063919,0.6169103250943447,0.01276678579953968
P07310,Excellent,Excellent,1.0922402926769076e-05,0.0001740192645248303,0.04214836936869608,0.9576666889638522
P02248,Excellent,Excellent,1.5720654749808816e-05,0.0005356246083538291,0.07533765384581824,0.9241110008910781
P04981,Excellent,Good,7.9540879007085e-05,0.02747427984213862,0.6802697340297958,0.29217644524905856
P05999,Poor,Poor,0.9660293873567393,0.033964172135734536,5.7109617973253244e-06,7.295457289173547e-07
P06417,Poor,Poor,0.8661288979862053,0.13376217185546443,0.00010606839914353933,2.8617591867407987e-06
P00391,Excellent,Excellent,3.965880874225166e-05,0.002692609478552532,0.23189364291723485,0.7653740887954704
P00511,Average,Average,0.059060159779171624,0.8146979276622509,0.1259294642823979,0.00031244827617955373
P01387,Excellent,Excellent,3.903160011759628e-06,0.0002727702065092391,0.06562767927168367,0.9340956473617954
P01861,Good,Good,0.00011968361617763292,0.05059936900020742,0.7801820296341072,0.16909891774950772
P02948,Good,Good,0.007288782442779302,0.45606214082389823,0.5339246507935523,0.0027244259397701184
P03959,Average,Average,0.06676684476866485,0.850510169359313,0.0825458830427107,0.0001771028293114618
P00732,Good,Average,0.03295065851642971,0.6492534478823302,0.3170607295812986,0.0007351640199416423
P08614,Excellent,Excellent,9.22412853586036e-06,0.00022338564733262722,0.04084505373091132,0.9589223364932202
P02781,Average,Average,0.02094089166772672,0.6979813707395909,0.2801960406454132,0.0008816969472693813
P05555,Average,Good,0.009917898675722367,0.4924511776374875,0.4946955668445371,0.0029353568422527867
P04088,Excellent,Excellent,1.0748260929808069e-05,0.00016822636243976632,0.041087787268912476,0.9587332381077179
P08823,Good,Good,0.0014058979843007192,0.14573123233329027,0.7509648773309215,0.10189799235148751
P04051,Excellent,Excellent,9.3387747350832e-06,0.0002286547940262444,0.04150346157709117,0.9582585448541475
P09785,Poor,Poor,0.8358138463898284,0.1638108808746826,0.0003724143311762937,2.858404312817723e-06
P01528,Excellent,Excellent,4.909615231334168e-06,0.00021428021237211782,0.04543271075121542,0.9543480994211812
P00343,Good,Average,0.016016059428374547,0.6640989201795579,0.3188385747389244,0.001046445653143335
P00110,Average,Average,0.23722511053249787,0.7236986475424362,0.03900183261014534,7.440931492056886e-05
P00863,Poor,Average,0.39496265154512455,0.6024929848030585,0.002538973254139652,5.390397677373325e-06
P04602,Average,Average,0.05537685025599496,0.7409030304455871,0.2034009198569617,0.0003191994414562148
P01720,Excellent,Good,0.0001379957549957144,0.047690609527425584,0.7664302956277272,0.1857410990898514
P06086,Excellent,Excellent,2.4081986501283913e-05,0.0007976470481879234,0.11516884736201038,0.8840094236033005
P02037,Average,Average,0.457202785023845,0.5402210217579021,0.0025687296789187537,7.463539334116439e-06
P07632,Excellent,Good,4.95365615511137e-05,0.02042023274721936,0.6387458635547554,0.3407843671364742
P04715,Excellent,Good,0.00019858523406686602,0.031708023860681424,0.707090557577578,0.26100283332767366
P04447,Poor,Poor,0.6852279903820678,0.31349638668038776,0.0012709907482688619,4.632189275396307e-06
P09077,Good,Good,0.0018967707983985125,0.18524263958674736,0.7553329604654115,0.05752762914944257
P03870,Excellent,Excellent,4.765675189962621e-06,0.00020394872337197513,0.04366830923381918,0.9561229763676189
P02819,Average,Average,0.03984131557810598,0.7025633883140342,0.2565112681790642,0.001084027928795729
P02100,Poor,Poor,0.9625466655261583,0.0374231302628834,2.9506481770251278e-05,6.977291880606857e-07
P02501,Poor,Average,0.19595294004476052,0.775732986901509,0.02826666551363508,4.740754009536987e-05
P06218,Excellent,Excellent,1.0880076576958236e-05,0.0001725962217437467,0.0418878741331702,0.9579286495685091
P04021,Average,Average,0.024524889639050806,0.7281945143761059,0.24683281160733817,0.0004477843775051287
P09001,Excellent,Excellent,1.556948694372726e-05,0.00036618982250296515,0.07326487074399173,0.9263533699465616
P06025,Poor,Poor,0.9594778210857865,0.040514465388024355,7.4687112081514505e-06,2.448149809987659e-07
P08087,Average,Average,0.039465760393431,0.8106059607026712,0.14954732353244513,0.00038095537145276323
P00258,Good,Good,0.0005291155361721366,0.13722960712478305,0.7660084087272155,0.09623286861182934
P07845,Poor,Poor,0.754023064915592,0.24515381583399076,0.0008197052281112016,3.4140223061828614e-06
P06195,Average,Average,0.17690528901074826,0.7535304234624651,0.06939646020557884,0.00016782732120782139
P08568,Excellent,Excellent,1.711332873322144e-05,0.0006134212256083219,0.08380767395232229,0.915561791493336
P02432,Poor,Poor,0.8952452061979441,0.10457809955296431,0.00017509497970057543,1.599269390905047e-06
P09372,Poor,Poor,0.9637713358033393,0.03621991562472164,7.99161088365423e-06,7.569610554215697e-07
P05540,Poor,Poor,0.9273367345330461,0.07257157811275082,9.040319918310458e-05,1.284155019911004e-06
P02568,Poor,Poor,0.9224570073286363,0.07751375932304866,2.7584471730269e-05,1.6488765846145605e-06
P03550,Average,Average,0.21745567697769982,0.7602615102389619,0.02224894941582596,3.386336751234248e-05
P09786,Good,Good,0.00011750923526148822,0.017697270222857046,0.6072791815206071,0.3749060390212743
P00359,Excellent,Excellent,3.4068269752153986e-06,0.00021620979325159787,0.05692704972872104,0.9428533336510522
P03444,Poor,Average,0.2508063375820569,0.7372553655410102,0.011896125269528796,4.217160740406512e-05
P00175,Average,Average,0.14365867168422145,0.8331877311885982,0.023124253788670036,2.934333851034783e-05
P04418,Excellent,Excellent,2.8857596009126953e-06,0.0001641398977990431,0.047636835197723035,0.9521961391448771
P02151,Average,Excellent,2.2236868854091347e-05,0.0028399044183787204,0.29113066639352103,0.7060071923192461
P07618,Good,Good,0.0007083291639339044,0.1098436225431966,0.806621899050547,0.08282614924232244
P03457,Average,Poor,0.640275650903985,0.35670477689754604,0.002985431577808356,3.414062066073739e-05
P02483,Excellent,Excellent,3.516625370821307e-06,0.00022832728801153873,0.05898105637287955,0.9407870997137381
P03823,Poor,Average,0.24732073061171694,0.7289463790226299,0.023686653273171057,4.623709248207804e-05
P08205,Good,Average,0.0065673332264799345,0.5168578547099073,0.47468581861524356,0.0018889934483692149
P05442,Good,Excellent,8.441617249425458e-05,0.006126157740650956,0.3911787103575666,0.6026107157292883
P09837,Average,Average,0.05980082595679126,0.8017548232095124,0.13828507505231705,0.00015927578137938511
P08151,Good,Good,0.0013185069747768225,0.22497669291653688,0.7320147405590629,0.04169005954962338
P04151,Poor,Poor,0.9657103469751456,0.034281762146647965,7.175101002729616e-06,7.15777203701562e-07
P04279,Average,Average,0.07372493114105173,0.7217403741910668,0.20393414741828925,0.0006005472495922247
P07080,Excellent,Excellent,1.3743067666307843e-05,0.0002776917383000911,0.059173785811742693,0.9405347793822909
P02809,Good,Good,6.450445466233428e-05,0.011262712135171618,0.5141289330065311,0.474543850403635
P09090,Excellent,Excellent,1.0751190483860567e-05,0.00016832305149757206,0.04110588413990057,0.9587150416181179
P08307,Average,Average,0.13850587885074198,0.6936741745167,0.16719248790888624,0.0006274587236717689
P00659,Poor,Poor,0.925973382633076,0.07400131402046876,2.482220496920617e-05,4.811414860457494e-07
P02089,Excellent,Excellent,9.505969417250914e-06,0.00023467509963497843,0.042312074774453125,0.9574437441564946
P02782,Good,Good,0.0016981141801382484,0.2344552585120203,0.7131779375476053,0.050668689760236155
P02106,Poor,Poor,0.9348676041015854,0.06510675495121777,2.430022770628906e-05,1.3407194905689132e-06
P04356,Excellent,Excellent,3.0976413171117094e-05,0.0017155115211153133,0.17130307219802596,0.8269504398676877
P04078,Excellent,Excellent,4.922959960522387e-06,0.00021520740384634214,0.045495053156093944,0.9542848164800992
P06058,Excellent,Excellent,4.68751342558648e-06,0.00019840324688401368,0.04278208487486651,0.9570148243648239
P04184,Good,Good,0.0042207346676823194,0.4270117638642636,0.5653492852193854,0.003418216248668599
P00781,Excellent,Good,0.00038515787388835834,0.05701373782167911,0.7574988174216472,0.18510228688278535
P04925,Poor,Poor,0.9145532768849317,0.08541074007884726,3.419721734701451e-05,1.7858188740004398e-06
P06347,Excellent,Excellent,2.5793930973327585e-05,0.0011490175454861138,0.16999666656470427,0.8288285219588363
P06991,Good,Good,0.0036174838622710925,0.23296154339838065,0.7061511355064705,0.05726983723287784
P06307,Poor,Poor,0.6092322571444082,0.3880176035324831,0.0027413191455006505,8.820177607933472e-06
P01564,Poor,Poor,0.9579041743683369,0.04208647817194343,8.437001552286673e-06,9.10458167353492e-07
P03678,Good,Good,7.430875811333401e-05,0.01086469809813252,0.5733058788162544,0.4157551143274998
P06803,Poor,Average,0.16575608903380373,0.7990775696688085,0.03511696671175978,4.937458562787504e-05
P02879,Poor,Average,0.109277100663214,0.8540048299624152,0.036634569106818775,8.350026755203533e-05
P07860,Poor,Poor,0.9627383083268796,0.03725407176660784,6.822108667923526e-06,7.977978445955148e-07
P09877,Average,Poor,0.6516343801179324,0.3468344834211591,0.0015256677033509162,5.468757557479296e-06
P07258,Good,Good,0.00019186401373573315,0.014314424526441756,0.5129774752807021,0.47251623617912036
P03331,Good,Average,0.12623255234614417,0.8152839178311572,0.05832330773765703,0.0001602220850414962
P06382,Poor,Average,0.1447629855892179,0.8216116355345734,0.03350925608673595,0.0001161227894727865
P03174,Good,Good,0.002701688561998096,0.19882656627654188,0.7261423948066349,0.07232935035482514
P07456,Average,Average,0.17079910715080485,0.7090593640046056,0.11986574550911726,0.00027578333547238597
P07021,Average,Poor,0.5864208367538233,0.4124568556453789,0.0011110291953652864,1.127840543244255e-05
P07328,Good,Good,0.002916851160771495,0.2195638716588333,0.7266793647600643,0.05083991242033086
P06499,Excellent,Excellent,6.941794141325072e-06,0.0007680954599536196,0.1333747721287995,0.8658501906171054
P03626,Poor,Poor,0.9577299077555552,0.04226174117529757,8.094638903653306e-06,2.5643024353646637e-07
P02465,Excellent,Excellent,8.608805502972677e-06,0.0005493805733178594,0.08553985035777009,0.9139021602634091
P00712,Excellent,Excellent,1.4776426115464581e-05,0.0004827679050021509,0.07067173729914294,0.9288307183697394
P02971,Excellent,Good,0.0006069049661858159,0.09402858912258195,0.7787665816081372,0.1265979243030949
P04733,Good,Good,0.0014419325728476093,0.15875275792659765,0.7727641087645557,0.06704120073599897
P06204,Excellent,Excellent,1.5601695186656822e-05,0.0003333662471408498,0.06350195558401231,0.9361490764736602
P06355,Good,Good,0.0025027161970129557,0.28906542092189713,0.6875118783811297,0.02091998449996017
P04423,Good,Good,0.00401524606554559,0.33521559511080795,0.6512575275860325,0.009511631237613954
P08713,Good,Excellent,2.6894101892588087e-05,0.006235009349672429,0.43534580097331377,0.5583922955751213
P03437,Excellent,Excellent,9.574507073519125e-06,0.00023741192466539835,0.042669922422170825,0.9570830911460904
P03016,Average,Average,0.3606142552940359,0.6358922288609772,0.0034791207481148574,1.4395096872019641e-05
P07724,Poor,Poor,0.898580362877677,0.10135825804036958,5.926347096037534e-05,2.115610992971207e-06
P00993,Poor,Poor,0.9659476993087475,0.034044511412340196,7.0785326661724294e-06,7.107462463324471e-07
P03834,Good,Good,0.0005882665419433239,0.12888131455760374,0.796995836767157,0.073534582133296
P01561,Average,Good,0.008603111119497533,0.3787125275649523,0.6073712070655891,0.00531315424996104
P02115,Excellent,Excellent,1.6711562470778856e-05,0.00042731188831808406,0.08244048008927388,0.9171154964599373
P04579,Good,Average,0.0037402091819741176,0.5060931867205061,0.48741430913084727,0.002752294966672523
P05817,Average,Average,0.3701489020315216,0.6154691384689649,0.014346353158919618,3.560634059370329e-05
P08787,Average,Average,0.46031488965488376,0.5359858282575128,0.0036787602024250213,2.05218851783564e-05
P02954,Poor,Poor,0.961498065186899,0.03847030513407125,3.091489377505966e-05,7.147852549100363e-07
P00676,Average,Average,0.27785236337586533,0.7118452985480604,0.01028410162470302,1.8236451371107272e-05
P01719,Excellent,Excellent,2.7162723530230077e-06,0.0001477201826866096,0.04428726561689628,0.9555622979280641
P05657,Excellent,Excellent,2.705970675889518e-06,0.0001467943762936835,0.044107185359599836,0.9557433142934305
P09035,Good,Excellent,5.8229254787322616e-05,0.0065961751958303946,0.393518746458631,0.5998268490907513
P05962,Average,Average,0.035020048661988164,0.8834326074054237,0.08136254314000205,0.0001848007925858477
P07229,Excellent,Excellent,2.6284630039166595e-05,0.0013314150479368724,0.1429933074895686,0.8556489928324553
P05344,Poor,Poor,0.9461018188724273,0.05388320322632169,1.3830975783779734e-05,1.146925467416119e-06
P09041,Poor,Poor,0.957451855876573,0.04253644739002722,1.0811661871229545e-05,8.8507152849012e-07
P01651,Excellent,Excellent,8.013389546516508e-06,0.00047448705965065806,0.07894244734141628,0.9205750522093866
P00194,Good,Good,0.0027281913197037227,0.28671100461685656,0.6952384844089795,0.015322319654460159
P09328,Good,Good,0.002660592660251835,0.43469173962290164,0.5570123920384529,0.0056352756783937235
P09302,Good,Good,0.0007928218049517827,0.14568081398564295,0.8294948342371278,0.024031529972277456
P02718,Poor,Average,0.37551705053562445,0.6185473576011891,0.0059124130586592025,2.317880452721559e-05
P04241,Average,Average,0.007803140751012496,0.5673126872218801,0.4217044727949514,0.003179699232156024
P04104,Poor,Poor,0.6032427096623447,0.3949664150054509,0.0017801062296525327,1.0769102551885588e-05
P09056,Average,Average,0.18484486775257628,0.7949947380191962,0.02013037114503305,3.002308319457227e-05
P06324,Average,Average,0.4085038755988775,0.5887119590925158,0.002767789449298789,1.6375859307782223e-05
P09898,Average,Average,0.007761439302891249,0.5395943165097299,0.4506467907339766,0.001997453453402299
P09500,Poor,Poor,0.9613411565737976,0.03862697090339023,3.115728153202481e-05,7.152412801120047e-07
P08101,Average,Good,0.002531992716156711,0.2213178595274079,0.7317627094753887,0.04438743828104669
P08726,Poor,Poor,0.9233879224194359,0.07658349075561437,2.6953375733060053e-05,1.6334492165029916e-06
P02705,Average,Average,0.27367626683135116,0.7143918702860897,0.011910853589516308,2.1009293042817647e-05
P04038,Good,Good,0.0012493809055068058,0.10153036545520666,0.7440309725989397,0.153189281040347
P04188,Good,Good,0.0021437805360069984,0.15668287465556027,0.7571424222621209,0.08403092254631192
P03655,Poor,Average,0.20860009803013863,0.7771438537088938,0.014235802057039948,2.0246203927631918e-05
P07151,Good,Good,0.0036951710079503597,0.3828450182622672,0.6060650431065473,0.007394767623235173
P09296,Poor,Average,0.04841573222010349,0.8435660969461459,0.10779053722658058,0.000227633607169857
P04260,Excellent,Excellent,4.66809052456729e-06,0.00019704181081241475,0.042565011959543486,0.9572332781391195
P06373,Poor,Poor,0.9496355058814158,0.050348234619104856,1.5200552463732997e-05,1.058947015377024e-06
P05755,Average,Average,0.022095666899949587,0.7052275630499799,0.2718327782262937,0.0008439918237766731
P01432,Poor,Poor,0.7934714361581001,0.20633245623024812,0.0001945754107445174,1.532200907335264e-06
P09094,Average,Average,0.11292805992349897,0.8603803456263278,0.026639939825040173,5.165462513286245e-05
P08759,Good,Good,0.004596885217986012,0.2291450269159181,0.7007926593524725,0.06546542851362334
P09903,Average,Average,0.09081842001156437,0.8127961341634891,0.09607376554962145,0.00031168027532512197
P08525,Average,Good,0.006329580681666515,0.42004214640903215,0.5678484322861551,0.0057798406231461645
P06808,Poor,Average,0.4314922126660777,0.5630425802710372,0.005452948871375046,1.2258191510040955e-05
P07153,Good,Good,7.059252558343424e-05,0.01788939507752344,0.5889725176729002,0.393067494723993
P09034,Good,Good,5.9979250490150394e-05,0.015485004207793486,0.5676154951242334,0.4168395214174829
P00493,Average,Average,0.1498019180982501,0.8396976290006616,0.010486211760799726,1.4241140288695718e-05
P00453,Poor,Poor,0.9558732456205664,0.044117832336667995,8.653552950074382e-06,2.684898156214239e-07
P08700,Good,Excellent,1.1109095446960841e-05,0.0015333078745095523,0.20049606088187713,0.7979595221481665
P00714,Average,Poor,0.7157484314136334,0.2832198286269473,0.0010184695347657106,1.3270424653524122e-05
P08358,Good,Good,0.0006339353432364418,0.08134555344190629,0.7730379651329998,0.1449825460818574
P04794,Excellent,Excellent,1.7871662942729442e-05,0.004184361483498881,0.32788024739272625,0.6679175194608322
P05655,Good,Average,0.030820479324635785,0.7072521599156814,0.26113610363030115,0.0007912571293816613
P03833,Excellent,Excellent,2.2875040247658417e-05,0.0008391836092185926,0.13212446672824352,0.8670134746222903
P06728,Good,Good,0.00016977355204546415,0.029685522155095203,0.7595661992303118,0.21057850506254752
P09797,Poor,Poor,0.9658653680641913,0.03412813515740919,5.763811145735155e-06,7.329672535066766e-07
P01294,Average,Poor,0.6931362383986497,0.30561832571773184,0.001231109512225226,1.4326371393163413e-05
P03134,Excellent,Good,5.748334110156496e-05,0.020319105303156844,0.6843179114288817,0.29530549992685984
P07746,Excellent,Excellent,1.1954038951920776e-05,0.0002094326379108596,0.04827911821663158,0.9514994951065057
P09701,Excellent,Excellent,1.1673831877363833e-05,0.00019882721154949206,0.046401559005441205,0.953387939951132
P00770,Excellent,Good,3.5086950440393864e-05,0.012037394207219014,0.5624365544147686,0.42549096442757206
P09369,Excellent,Excellent,2.2545141103702743e-05,0.0009746052816573897,0.11605618788541795,0.8829466616918209
P01766,Excellent,Good,3.958123108216502e-05,0.018124075730621917,0.586141624306637,0.39569471873165896
P01923,Poor,Average,0.387955853933812,0.6084282110149933,0.0035938727939366145,2.2062257258093473e-05
P02629,Average,Average,0.17449668342316726,0.768807158249895,0.056565747700778705,0.00013041062615909757
P04289,Good,Good,0.0003994269347494859,0.13913139671800934,0.7971676332417278,0.06330154310551335
P03886,Good,Good,0.0007151967164873337,0.07765235942489677,0.7371471972470861,0.18448524661152982
P04905,Good,Good,0.0004682360011120751,0.098858028374185,0.8536159865357142,0.04705774908898865
P04152,Average,Poor,0.6096967120686065,0.388311475489887,0.001985868261740241,5.944179766204317e-06
P03521,Excellent,Excellent,9.296215152356564e-06,0.0002263191525197408,0.04122494275546994,0.958539441876858
P06463,Poor,Poor,0.9614572446768073,0.038511044830929875,3.0996970022954084e-05,7.135222399606054e-07
P01567,Average,Average,0.03517944296273138,0.760438386814081,0.2037242509081712,0.0006579193150165201
P09578,Excellent,Excellent,1.0527022961397053e-05,0.0002776212550496009,0.04771256201778346,0.9519992897042054
P09418,Average,Average,0.08739512828799562,0.777694610390571,0.13469579084216388,0.00021447047926965724
P06138,Poor,Poor,0.8719397148635712,0.12798058404249588,7.699690087173437e-05,2.7041930610988195e-06
P01727,Poor,Poor,0.7627743242569122,0.2368793489269998,0.00034140488786639484,4.921928221731621e-06
P07614,Good,Good,0.00702847090249688,0.4160059967228094,0.5670860494489393,0.009879482925754409
P07256,Average,Average,0.02075342462542703,0.5577841204622425,0.41972219815657386,0.0017402567557567123
P01415,Excellent,Excellent,1.1402830627349014e-05,0.00019055668625002613,0.04512287165827676,0.9546751688248459
P01202,Average,Average,0.04224005943308608,0.7907966073759779,0.16658057304275023,0.00038276014818582673
P08900,Good,Good,0.0010966085987482539,0.15585788850449625,0.774371782305239,0.06867372059151661
P08438,Poor,Poor,0.966071120423606,0.033922453365326885,5.6975369627966795e-06,7.286741043050285e-07
P06958,Average,Average,0.03785501950259548,0.68377917986152,0.27711104103994527,0.001254759595939312
P02556,Poor,Poor,0.9652657157749728,0.03472620158384192,7.3574459096697376e-06,7.251952756051419e-07
P06858,Average,Average,0.15869654772192687,0.815889337880994,0.025377631758435232,3.6482638643837325e-05
P07156,Average,Average,0.14698745615145195,0.7763826320681543,0.07646414320530459,0.00016576857508928043
P07920,Average,Average,0.1128828396674475,0.7875817027179539,0.09927556932966086,0.00025988828493785543
P03234,Poor,Poor,0.9638367353532044,0.03615605463935628,6.434740934851043e-06,7.752665045293689e-07
P01782,Good,Good,0.001960172136625205,0.1743375364344156,0.763159985593081,0.06054230583587826
P04861,Excellent,Excellent,2.3858305186502427e-05,0.008135400987934725,0.49123011879435274,0.500610621912526
P06796,Average,Average,0.17465344131696778,0.8117393056535338,0.013586009369121433,2.1243660376870276e-05
P01756,Poor,Poor,0.950986094966193,0.048966400468489484,4.662742399863472e-05,8.771413190119258e-07
P07006,Average,Good,0.0024551528783672686,0.1908784841747146,0.7250248343609202,0.08164152858599784
P01182,Average,Average,0.1003459340837579,0.8043182228715314,0.09502079995933171,0.0003150430853791388
P01828,Average,Average,0.18997273259224587,0.7199372586723737,0.08983203224778552,0.0002579764875949186
P09459,Excellent,Excellent,2.1614346127879078e-05,0.0009136282607259004,0.10988685074387301,0.8891779066492732
P07771,Good,Good,0.002621480067803286,0.2250327043492005,0.7205860337876524,0.05175978179534375
P01716,Average,Average,0.05011976675571749,0.8078532248579149,0.14139768151620374,0.0006293268701639019
P08880,Average,Good,0.0007111230979908261,0.10338042425383759,0.7861073030454694,0.10980114960270208
P03610,Poor,Poor,0.8313801582634498,0.16847499048403652,0.0001436132206535793,1.2380318599915775e-06
P09682,Poor,Poor,0.9608568518219299,0.03911061250630258,3.1811239445373974e-05,7.244323220082255e-07
P01514,Average,Average,0.08115996719929398,0.8328299176665533,0.08589371788462055,0.00011639724953215971
P06266,Good,Good,0.0008678318851578125,0.12096050725519458,0.7779072425176939,0.10026441834195372
P00349,Good,Good,0.0015421062857278935,0.2580790516971782,0.7067994623917283,0.03357937962536565
P07049,Good,Average,0.13650909448071336,0.8172408968629835,0.04616289155565147,8.711710065170537e-05
P07154,Poor,Poor,0.825794513693767,0.17406117359450438,0.00014070480865126543,3.6079030775712647e-06
P00907,Good,Good,0.0014939142022531056,0.2578228538757363,0.7097345419888488,0.0309486899331619
P00595,Average,Average,0.32004871833714327,0.6658168592523407,0.014068397925945312,6.602448457074481e-05
P02848,Good,Good,9.9790649846152e-05,0.022301670124578156,0.7065608532934327,0.2710376859321431
P01823,Excellent,Excellent,1.4367459521804119e-05,0.00029834126266546526,0.0614682244700726,0.9382190668077401
P00149,Poor,Average,0.22178040115652112,0.6958563435795243,0.082125053713167,0.0002382015507877614
P05365,Good,Good,0.0006675586245295267,0.11518101322940676,0.8231037728403571,0.06104765530570657
P07471,Good,Good,0.001794570674774243,0.10518303142411345,0.6104092436366645,0.2826131542644478
P08105,Poor,Poor,0.9623831381715711,0.03758643249377834,2.9729332380752397e-05,7.00002269923429e-07
P07464,Average,Average,0.10376925379817944,0.829888193667298,0.06622150606632006,0.00012104646820223213
P04408,Average,Good,0.003670388660389777,0.4137972370636615,0.5781053173854419,0.004427056890506689
P09782,Good,Good,0.0008616771189264706,0.09367760261685763,0.7814520938608932,0.12400862640332289
P09453,Average,Average,0.2073577858517611,0.76019401056222,0.03240259969612352,4.5603889895462024e-05
P02048,Good,Average,0.03463217009495419,0.6283507321357692,0.3350848735895549,0.0019322241797217685
P01019,Excellent,Good,0.0003101930175488056,0.06092618719689618,0.8230517813351608,0.11571183845039422
P01581,Good,Excellent,2.649848632464442e-05,0.000893072918026815,0.11919416515356694,0.8798862634420817
P01496,Excellent,Excellent,9.094437654568347e-06,0.00021828879397097558,0.04017332763746165,0.9595992891309127
P08637,Excellent,Excellent,1.8243834375105118e-05,0.0006935308918141321,0.09110127541767468,0.9081869498561361
P04614,Excellent,Good,8.401724834662823e-05,0.025437806422536558,0.665137592348725,0.30934058398039166
P00136,Average,Good,0.00429773977441417,0.3550923704561297,0.6310897051996273,0.009520184569828772
P08679,Excellent,Excellent,9.232355957363405e-06,0.0002237151281437975,0.040888371104638346,0.9588786814112605
P00004,Excellent,Excellent,4.005892978734779e-05,0.006321322766265311,0.3758863749063758,0.6177522433975716
P08368,Excellent,Excellent,3.6740028718585694e-05,0.002440665749554726,0.21629369578844665,0.7812288984332801
P05396,Poor,Poor,0.9647289221660119,0.03526525907296258,5.609349787033123e-06,2.0941123848127593e-07
P02117,Excellent,Good,0.00035615996832469624,0.03123144072803299,0.6483943712785469,0.32001802802509544
P05818,Excellent,Excellent,1.0785412958703079e-05,0.0002895333452612206,0.0491303740304481,0.950569307211332
P08353,Good,Good,0.002687096434343708,0.2608212902314018,0.7184999091592049,0.01799170417504951
P01731,Good,Good,0.00012175126775687843,0.02805731078973066,0.7073213892920861,0.2644995486504264
P01006,Average,Good,0.004035953258592352,0.4313327092728861,0.561130326529616,0.003501010938905562
P04110,Good,Excellent,1.5400160400443597e-05,0.0015172964303906216,0.19272189095137404,0.8057454124578348
P06498,Poor,Poor,0.7563994691058522,0.2428193357154124,0.0007775371103860814,3.658068349246702e-06
P06876,Average,Poor,0.5235127073845244,0.47369215853960495,0.0027861097000878073,9.024375782893794e-06
P06714,Poor,Poor,0.9625737634876476,0.037419756376073435,6.256560461245267e-06,2.2357581768550632e-07
P02228,Excellent,Excellent,1.7222892627549633e-05,0.004256175275009852,0.3359460924041646,0.6597805094281979
P01033,Average,Good,0.0022339158992028675,0.27695396864094596,0.703434332245644,0.017377783214207045
P04132,Average,Average,0.018103816178903054,0.621274390096505,0.3595456757281863,0.0010761179964057172
P05865,Excellent,Excellent,3.577793553270293e-05,0.006744974227344349,0.4351711691160212,0.5580480787211017
P03243,Good,Good,0.0016026327541129824,0.09950768313180593,0.6764697483479863,0.22241993576609467
P05355,Poor,Poor,0.9647625308917407,0.03522918073097367,7.55317761843357e-06,7.351996671915251e-07
P00062,Excellent,Excellent,4.671274755674201e-06,0.00019727060490609926,0.042589862329540686,0.9572081957907976
P03638,Excellent,Excellent,2.7299040671539084e-05,0.004072591144996215,0.27366864991971834,0.7222314598946139
P06986,Good,Good,8.87269708219975e-05,0.015497237639109155,0.5976067093941382,0.38680732599593076
P03136,Good,Average,0.03312227810199987,0.698835507313394,0.2668464929174263,0.0011957216671799166
P01834,Poor,Poor,0.8589982091069154,0.14090719042108302,9.359480647905301e-05,1.0056655224649133e-06
P05937,Poor,Poor,0.8730432873976283,0.1268939534670564,6.18177743312898e-05,9.413609838500297e-07
P08622,Poor,Average,0.09000869875002769,0.8005922405149007,0.1090248356866508,0.0003742250484208015
P03932,Average,Average,0.1628441826323409,0.7930227055284044,0.04402896884070366,0.00010414299855109956
P00611,Average,Good,0.002933184033501109,0.2410175414113403,0.7216062937120966,0.034442980843062014
P04997,Average,Good,0.003181998539093174,0.40233792713481414,0.590974024621648,0.0035060497044447437
P09011,Poor,Poor,0.9472185387757739,0.05276728499085895,1.303418046563675e-05,1.1420529013693877e-06
P08511,Average,Poor,0.9073090761194262,0.09255231490996421,0.00013699219494755526,1.6167756620514341e-06
P05180,Average,Average,0.014090701176954686,0.6237050943757052,0.36048515896339894,0.0017190454839410868
P09781,Excellent,Excellent,5.418008813364681e-06,0.00025206853732987714,0.05120933562199735,0.9485331778318594
P09794,Good,Average,0.015426307857188406,0.6241390395733843,0.359229218473381,0.0012054340960462701
P03654,Good,Excellent,8.635693387271126e-06,0.0005369443819976417,0.08891615386414925,0.9105382660604657
P06898,Good,Good,0.0023528639437967107,0.30707008862696605,0.6791584099393112,0.011418637489925982
P04334,Average,Average,0.14051354359999338,0.8118628460986661,0.0475175253725123,0.00010608492882815105
P04613,Poor,Poor,0.7535563981941765,0.2446881525632148,0.0017468947736692206,8.554468939448634e-06
P08602,Poor,Poor,0.9558975759221318,0.04409002995337987,1.1481478024960103e-05,9.126464634515143e-07
P00238,Excellent,Good,0.00022277553573925665,0.03058481153444444,0.6858741905616538,0.28331822236816256
P05206,Average,Good,0.0028983383607023567,0.2971129929397115,0.6878088634136178,0.012179805285968334
P03538,Average,Good,0.00549077188139337,0.4085063008075934,0.5806705759153089,0.005332351395704284
P02308,Poor,Poor,0.8984390536026388,0.10139478174870377,0.00016456401640518197,1.6006322523187443e-06
P07642,Excellent,Excellent,4.900688343534924e-05,0.004247557144505271,0.30298107402783253,0.6927223619442269
P05433,Excellent,Excellent,9.154372839289343e-06,0.0012878174701678414,0.19121266711262702,0.8074903610443659
P00938,Average,Poor,0.5000384393577715,0.4901252895323572,0.009797858250582128,3.8412859289279635e-05
P03836,Poor,Poor,0.9657287827532857,0.03426333523306538,7.16668207831429e-06,7.153315707167858e-07
P03054,Poor,Average,0.1412794940601981,0.7933171412105674,0.06527109426906792,0.00013227046016657765
P09367,Excellent,Excellent,6.798872149784875e-06,0.00036093494878305005,0.06395132052281931,0.9356809456562479
P08549,Poor,Poor,0.9623595819706501,0.03760995692604947,2.9760702452371647e-05,7.004008482364165e-07
P05244,Excellent,Excellent,1.2642430968648325e-05,0.00023711259247328388,0.05317245022101648,0.9465777947555416
P03388,Good,Average,0.17122258353833553,0.7968476665690228,0.03186526229463122,6.448759801042888e-05
P07090,Average,Poor,0.9230105687620562,0.07688945031610689,9.853399707260489e-05,1.4469247643691521e-06
P01001,Excellent,Excellent,0.00013796138667780878,0.008319635219849495,0.4239888890856413,0.5675535143078315
P00519,Poor,Poor,0.9633498560352813,0.03664121115896796,8.167278362231243e-06,7.655273884109372e-07
P09883,Poor,Average,0.3631579765152928,0.632597047868511,0.004221444802661033,2.353081353530767e-05
P03370,Average,Average,0.0317027747716362,0.7271446731494636,0.2406270781337166,0.0005254739451838091
P01009,Excellent,Excellent,2.1892690717595926e-05,0.008325005668125586,0.48011455689673177,0.5115385447444251
P06514,Good,Good,0.0003560532392423299,0.05000539409316674,0.7642263056881813,0.1854122469794097
P03218,Average,Average,0.033477430901469624,0.6800682787376442,0.2856005024359032,0.0008537879249831204
P02311,Excellent,Excellent,4.674089061994556e-06,0.00019746768342891532,0.04263704456312413,0.957160813664385
P06429,Excellent,Excellent,9.155230594488367e-06,0.00022072190706045274,0.04049246668967093,0.959277656172674
P01799,Average,Poor,0.5774256354744666,0.42151862740344304,0.0010521308387747186,3.6062833157821276e-06
P04734,Poor,Poor,0.9075790045453296,0.09236828138326429,5.073839430644483e-05,1.975677099761282e-06
P02024,Good,Good,0.0021454730927339236,0.31949477944005994,0.6713626129961985,0.006997134471007652
P02682,Poor,Poor,0.9478179620986997,0.05216482054965397,1.6123123881540715e-05,1.0942277647657967e-06
P03461,Average,Good,0.0062282289615952675,0.43193266575230266,0.5555758941215206,0.006263211164581437
P01342,Poor,Poor,0.9565998812004404,0.04339135081060997,8.503895360590131e-06,2.640935891067131e-07
P03745,Average,Average,0.04810831814315647,0.7643211859198449,0.18655991823809304,0.001010577698905523
P06302,Good,Average,0.048087716318407615,0.6422644435747947,0.3081727825687276,0.0014750575380699732
P04977,Average,Average,0.04099204944614555,0.6984842675562494,0.26001539579083477,0.0005082872067703395
P08324,Poor,Poor,0.8526971372801976,0.1471729302993201,0.00012670208125082038,3.2303392314453084e-06
P01493,Excellent,Excellent,2.7187122834970136e-06,0.00014800129763154594,0.04435644152122298,0.9554928384688619
P02319,Average,Average,0.08211240149051692,0.6936226815002031,0.2232873814296554,0.0009775355796246324
P02687,Average,Good,0.0029726753488884205,0.2601698206911591,0.6964835697656651,0.04037393419428754
P09761,Good,Average,0.014298569035132358,0.6068763454136094,0.377400142048399,0.0014249435028594346
P02722,Average,Average,0.10111687472923084,0.831341165938172,0.06743697790602143,0.00010498142657579234
P00483,Poor,Poor,0.7024382527572546,0.29649451185786935,0.0010618923756982924,5.343009177681568e-06
P05997,Poor,Poor,0.9585081864649104,0.04148380038566097,7.761711453757248e-06,2.5143797491394166e-07
P00154,Good,Average,0.1005248863910163,0.8592436363087773,0.04015504615269106,7.643114751541487e-05
P03343,Good,Excellent,0.0001205117149719663,0.007949353369819492,0.42287175198080484,0.5690583829344037
P05893,Average,Average,0.024371741452497844,0.6903657412580495,0.2845940567927517,0.0006684604967009904
P04023,Good,Average,0.007904375763673664,0.6052521243160918,0.3852970830150265,0.0015464169052080592
P05249,Good,Good,0.0002838127867690898,0.04821465637496431,0.7735658802932452,0.17793565054502128
P02856,Excellent,Excellent,4.656697864526599e-06,0.0001962428148312711,0.04242744125643717,0.957371659230867
P03829,Average,Average,0.0421801954048625,0.7257365998133104,0.23157495602087483,0.000508248760952235
P04063,Average,Average,0.07077706574331585,0.8249824098714506,0.10409320464337674,0.00014731974185682792
P02754,Average,Average,0.07585263908103626,0.8007558251387833,0.12307545039640648,0.000316085383773873
P07365,Good,Good,0.0010171663186875567,0.17278022818656985,0.7452041946870778,0.0809984108076649
P05769,Good,Good,0.0018211290153752572,0.2999837519753089,0.6743689258681235,0.023826193141192383
P01256,Excellent,Excellent,4.644581851437013e-06,0.000195399475672176,0.04228649887241844,0.9575134570700581
P06722,Excellent,Excellent,2.1442407404334385e-05,0.0010570279665613248,0.11778527623053518,0.8811362533954991
P07005,Good,Good,0.0006490990117326029,0.08302457166647224,0.830119235654066,0.08620709366772923
P09114,Good,Good,0.009524922669674618,0.48142945964804523,0.5057014001161969,0.003344217566083198
P01440,Excellent,Excellent,2.084576253745104e-05,0.0006607620765261155,0.11194484692375951,0.8873735452371769
P02706,Good,Good,0.0010158781763277371,0.1452797949355851,0.761896057947851,0.09180826894023603
P04556,Excellent,Excellent,2.8824823608513513e-05,0.0012440605883595821,0.1637434881324334,0.8349836264555984
P09685,Excellent,Excellent,1.178201603307653e-05,0.00020388077017198338,0.047448279620034374,0.9523360575937605
P01940,Poor,Poor,0.9372800826201121,0.06264744881592185,7.139636013755421e-05,1.0722038284159512e-06
P05529,Good,Good,0.00047076447862780897,0.12657944768183343,0.8022141532973756,0.07073563454216325
P09104,Average,Average,0.13039314317118417,0.8115401973399536,0.05785803379968633,0.00020862568917595254
P05076,Average,Good,0.004176452760944369,0.33220583343382293,0.6468570396580363,0.01676067414719635
P04792,Poor,Poor,0.9521041793287902,0.04785000174137174,4.49602010610882e-05,8.587287768413966e-07
P07871,Poor,Poor,0.9660547339891057,0.03393883420052347,5.7027944407264654e-06,7.290159301875356e-07
P09875,Poor,Poor,0.9661113710016774,0.033882216624064945,5.684531705551615e-06,7.278425521119178e-07
P05064,Good,Average,0.01768376295286021,0.6803964799477271,0.3006043307156798,0.0013154263837328586
P00543,Good,Excellent,7.3828286615071774e-06,0.0004197403868191541,0.07364570465706688,0.9259271721274526
P00045,Good,Good,0.0027502505603301253,0.16125018041967454,0.7234937394018252,0.11250582961817018
P07817,Excellent,Good,0.00015793019624866245,0.03916813804878051,0.7138924498013132,0.24678148195365762
P05900,Average,Average,0.1682977322407415,0.8056284597768615,0.02602532962719355,4.8478355203669035e-05
P05603,Poor,Poor,0.9613591692474475,0.03860899164427179,3.112329757130584e-05,7.158107092984986e-07
P07975,Average,Poor,0.9147590307801338,0.08519829467398926,4.0881284867326184e-05,1.793261009540561e-06
P09125,Excellent,Excellent,4.9754247419185205e-06,0.00021911296724234442,0.0462040263094765,0.9535718852985393
P07510,Average,Average,0.024936033572736875,0.7055721230340553,0.26867538627008103,0.0008164571231266746
P00598,Average,Average,0.04077605817691384,0.7343123827969086,0.2245399827570182,0.0003715762691592884
P00538,Average,Average,0.14588970319612546,0.841777947138901,0.012297416919979988,3.4932744993677985e-05
P03085,Excellent,Good,0.00030984828358938265,0.0486240477451544,0.8106733608004268,0.1403927431708293
P07677,Poor,Poor,0.9549715052968969,0.04501918667258801,9.03232674124535e-06,2.7570377396362713e-07
P04775,Excellent,Excellent,1.114074409731702e-05,0.0001802058192232496,0.04306015969143479,0.9567484937452447
P01576,Average,Average,0.4894769328785958,0.5091711324543948,0.0013388147187277286,1.3119948281648154e-05
P03145,Good,Good,0.0002555931912616034,0.04812019403759095,0.759157689373727,0.19246652339742057
P02018,Good,Average,0.04298175612358557,0.7627211136776004,0.1939184566988266,0.0003786734999874164
P02324,Poor,Poor,0.9556213072391648,0.044369787640196355,8.62978848106559e-06,2.753321575709281e-07
P05010,Excellent,Excellent,1.5669482301843254e-05,0.000371784792351828,0.07423253466340583,0.9253800110619405
P02396,Excellent,Excellent,9.360753825820344e-06,0.00022882060772706992,0.04155643530257633,0.9582053833358708
P03739,Average,Average,0.027494896957705798,0.6275262480924066,0.3432155037777145,0.001763351172173035
P03603,Good,Average,0.0279903671805059,0.7246808511908087,0.24588283940545322,0.0014459422232322584
P08133,Poor,Poor,0.9623807928490219,0.037588777218121226,2.9729673885107895e-05,7.002589717358715e-07
P04872,Average,Good,0.00448852902933845,0.24163590243733826,0.7058857250196096,0.047989843513713736
P09983,Excellent,Excellent,8.514151725023482e-06,0.0005414561860771862,0.08743628138501958,0.9120137482771782
P01922,Excellent,Excellent,1.504126563837729e-05,0.0005067604285051083,0.07291662420058975,0.9265615741052668
P01840,Excellent,Excellent,3.91718960767987e-06,0.000275684583578896,0.06475079734803132,0.934969600878782
P06441,Poor,Poor,0.9603669325325663,0.03962576392578563,7.0647540520422215e-06,2.3878759594083983e-07
P04479,Poor,Poor,0.9661021105676465,0.033891473879851385,5.687518107751115e-06,7.280343943963472e-07
P01347,Average,Good,0.003443125671933879,0.40606938920988495,0.5840910902506594,0.006396394867521761
P02271,Average,Average,0.11789906803388937,0.8299711083884586,0.05203211528338156,9.770829427039739e-05
P06962,Good,Good,0.008700865584969379,0.4042389408445575,0.5749336530200037,0.012126540550469536
P04666,Average,Good,0.002875525754312632,0.314324674607672,0.6727915215277026,0.010008278110312784
P04271,Excellent,Excellent,1.5777980643666343e-05,0.000380355737902811,0.07558787431157513,0.9240159919698783
P04318,Average,Average,0.0764163911057024,0.7524514361962393,0.17083576279423265,0.0002964099038254332
P06432,Excellent,Excellent,1.1976637237239039e-05,0.00020992726580801272,0.04831161636734036,0.9514664797296143
P05589,Poor,Poor,0.860469544970016,0.13944658262560733,8.288111958874724e-05,9.912847878295615e-07
P02244,Average,Average,0.04683459169715045,0.6924726089528487,0.2590924183973157,0.0016003809526851597
P02620,Good,Good,0.004193426471476806,0.2922393121746195,0.6736302947225046,0.0299369666313991
P02926,Poor,Poor,0.9527056503803103,0.04727986870815455,1.3488590171446969e-05,9.923213639726675e-07
P07525,Poor,Poor,0.5521016389390632,0.4444647726563497,0.0034089920107194488,2.4596393867672885e-05
P04121,Good,Average,0.028552732696783874,0.6236150013274785,0.34661045678099844,0.0012218091947391468
P05185,Average,Average,0.1719772165491364,0.8192934265362123,0.008703196337558667,2.6160577092788775e-05
P08203,Poor,Poor,0.9473822754601269,0.05260459955204607,1.2796548294660794e-05,3.2843953246162675e-07
P09972,Good,Good,0.0016080957795866367,0.1290648898177643,0.7123058403304029,0.15702117407224617
P00137,Poor,Average,0.12916412986405995,0.7325233463702298,0.13784516493156374,0.00046735883414650395
P03278,Average,Average,0.435038197062035,0.563061066096725,0.001891935863632243,8.800977607747608e-06
P00016,Poor,Poor,0.9633273165107001,0.03666374496714585,8.172491462261841e-06,7.6603069164037e-07
P02533,Good,Average,0.055697019213789424,0.7364968702588006,0.20745932760365188,0.00034678292375815554
P04665,Excellent,Excellent,4.959029258232825e-06,0.0002179248139709899,0.04606794294506107,0.9537091732117097
P03646,Good,Average,0.008992709698745197,0.6357035019023671,0.35342767745473996,0.0018761109441477108
P08405,Poor,Poor,0.9421902757594073,0.05779265035614087,1.5820673915067557e-05,1.2532105369000145e-06
P08657,Poor,Poor,0.9647650915813127,0.035229101746774835,5.5975019656620685e-06,2.0916994679265314e-07
P08532,Poor,Poor,0.708263336183152,0.29112570480252026,0.0006036035896667491,7.355424661087145e-06
P05437,Excellent,Excellent,1.963058861880946e-05,0.0006045376341861991,0.10523375393144112,0.8941420778457538
P04707,Excellent,Good,0.0024451644857207398,0.15405688645613994,0.6642593677506297,0.1792385813075097
P03737,Excellent,Excellent,1.547721138374124e-05,0.0003439963916526296,0.06772180773516835,0.9319187186617952
P06186,Average,Good,0.0031899485939865524,0.3051807650848162,0.671870335753322,0.019758950567875223
P09963,Poor,Poor,0.8148019718949996,0.18502120407900513,0.0001754313453202798,1.39268067484991e-06
P07557,Average,Average,0.35843233323122964,0.6161593342369542,0.025350147552175628,5.8184979640463345e-05
P02438,Average,Average,0.12863215774469372,0.7622607547508526,0.10875351422329924,0.0003535732811543042
P07009,Average,Average,0.24473727491179667,0.7443032505558961,0.010942202653951509,1.7271878355785184e-05
P08302,Poor,Poor,0.9533154441435188,0.046640698451153824,4.302233308603311e-05,8.350722411482637e-07
P05690,Poor,Average,0.22714399536298602,0.7551591191774454,0.01765465077809128,4.223468147738705e-05
P00065,Poor,Poor,0.9608646636563841,0.039102827745959974,3.178352909293732e-05,7.250685628810814e-07
P09178,Average,Poor,0.5347029897079538,0.46198982695649277,0.003298316094061071,8.867241492366687e-06
P09554,Excellent,Excellent,2.9716221384479645e-06,0.00017248871405792574,0.04920893197064996,0.9506156076931537
P07787,Average,Good,0.0011059982467100115,0.16270778170237826,0.7253992503617652,0.11078696968914656
P01679,Good,Good,8.530324729429071e-05,0.015491070025198506,0.5885030050254876,0.3959206217020196
P02400,Excellent,Excellent,1.9123669939166808e-05,0.0007628888198004173,0.09682423726720218,0.9023937502430582
P06327,Good,Good,0.00020292114268280974,0.04249822086706358,0.7387725266625519,0.2185263313277017
P07930,Poor,Poor,0.9589810470843374,0.041011184480035906,7.5197715256935585e-06,2.486641010260569e-07
P07631,Poor,Poor,0.9618451699195659,0.038146872146686786,7.141384855504069e-06,8.165488919844308e-07
P07688,Average,Average,0.02721645862154409,0.6300644415251603,0.3408835513478911,0.0018355485054046244
P03884,Excellent,Excellent,1.0781056035607077e-05,0.00016930619660390206,0.041285530351715935,0.9585343823956447
P04154,Average,Average,0.0515603782345268,0.8303437102247085,0.1179091723604183,0.00018673918034636323
P00057,Excellent,Excellent,3.0558122845281247e-06,0.00018212483331286577,0.05038409528138714,0.9494307240730154
P01163,Excellent,Excellent,1.0780358757731559e-05,0.00016926479407148158,0.041275168383077536,0.9585447864640932
P00674,Excellent,Excellent,3.126219323051765e-06,0.00018852415878843525,0.052300354848706175,0.9475079947731824
P03013,Average,Average,0.09451780686970132,0.8210756753468996,0.08403276409268369,0.00037375369071520926
P08016,Excellent,Excellent,4.7546628112094885e-06,0.00039027284378981785,0.08633116742331017,0.9132738050700888
P06602,Poor,Poor,0.9444252739325871,0.05555930775050531,1.4209659909530648e-05,1.2086569981243229e-06
P01894,Good,Excellent,9.125642145575317e-05,0.00851586195201763,0.41757577424056114,0.5738171073859656
P05765,Good,Excellent,4.537673798996504e-05,0.0040746250584743696,0.29546884845439814,0.7004111497491375
P00645,Average,Good,0.0029696235417326473,0.23583214261083338,0.7076825132166896,0.05351572063074438
P03807,Good,Good,0.0031690679192884945,0.2639160469206879,0.7013366560263046,0.031578229133719
P03074,Excellent,Good,2.2005136188506727e-05,0.008243371213113809,0.4976480068359244,0.4940866168147733
P03729,Excellent,Good,0.00043251325866355237,0.061271103771971036,0.7831908397706153,0.15510554319875008
P08306,Excellent,Excellent,7.083581285345177e-06,0.0007560626617765411,0.12509159332663067,0.8741452604303075
P08008,Average,Average,0.3430235009576875,0.6446229146330494,0.012325638972035001,2.794543722794706e-05
P04214,Excellent,Excellent,2.7181505110136226e-06,0.00014795513399941374,0.04434912277142353,0.955500203944066
P06344,Good,Excellent,1.2397809398310873e-05,0.0015463154454793079,0.2011231117645275,0.797318174980595
P06533,Average,Average,0.06982158318793869,0.8572137598139462,0.07284010012373858,0.00012455687437663387
P08317,Average,Poor,0.6056099634171032,0.39331538033301505,0.0010630776652098368,1.1578584671934277e-05
P03032,Average,Average,0.02250579373237155,0.6644286930480382,0.31189728677455186,0.0011682264450383578
P06617,Good,Good,0.002480157097408944,0.13272326151975852,0.7020691940553614,0.16272738732747105
P03703,Excellent,Excellent,1.898052969668368e-05,0.0007517431218118852,0.09635852982642698,0.9028707465220644
P01394,Poor,Poor,0.7606008482147466,0.2385500644218315,0.0008337676515961488,1.531971182593088e-05
P06825,Good,Good,0.0034302975855288608,0.2782963894460785,0.6970319221636265,0.021241390804766194
P06778,Average,Average,0.2891985000392592,0.7015091835219969,0.009241667531607064,5.064890713691744e-05
P02555,Good,Good,0.002383070146896944,0.19415200637967972,0.7390477412428087,0.06441718223061466
P04397,Good,Excellent,4.567239934302427e-05,0.003559693840993529,0.3371358684475423,0.6592587653121211
P06045,Average,Average,0.006292217414098152,0.5932296381113449,0.39841123884976976,0.00206690562478715
P09000,Average,Average,0.044313927653773344,0.7881737954257101,0.16693157980041254,0.000580697120103975
P04684,Excellent,Excellent,7.370673133046189e-06,0.0004179967280588059,0.07258309809996244,0.9269915344988457
P08292,Good,Good,0.001382325488313909,0.11450995000315739,0.7260142436875237,0.15809348082100488
P04970,Excellent,Excellent,9.11485354127906e-06,0.00021908837332994773,0.04027905581708838,0.9594927409560404
P07831,Average,Poor,0.6666206760656225,0.3319749748223001,0.001399299888457606,5.049223619752408e-06
P00036,Average,Average,0.06419995491813105,0.8064532877422914,0.12909020070748373,0.000256556632093772
P04853,Poor,Poor,0.7415639988776966,0.257996373060248,0.00043740366351075334,2.2243985446994566e-06
P01935,Excellent,Excellent,9.600446067348111e-06,0.00023817163180099137,0.04273253198590177,0.9570196959362299
P02333,Good,Good,0.00017448631034068036,0.0269289121799611,0.685132674309578,0.28776392720012006
P05226,Good,Good,0.00047482366887286717,0.10567531755097828,0.8276949754225947,0.06615488335755398
P01242,Poor,Poor,0.8926529655109875,0.10717344510433534,0.00017160495541823425,1.9844292588533527e-06
P04034,Poor,Average,0.3496870385568433,0.6442061600072099,0.006095208799946699,1.1592636000036514e-05
P01924,Average,Average,0.07721602159201575,0.830934493281946,0.09168930801577803,0.00016017711026030128
P07993,Poor,Poor,0.9538984422277316,0.04609158245661768,9.69207401874387e-06,2.832416320187504e-07
P04298,Good,Good,0.0004653630284081956,0.05275623350928316,0.7271892988254947,0.21958910463681394
P08845,Good,Good,0.0022417384460990688,0.25869470072901346,0.7164453595785829,0.022618201246304506
P08619,Average,Average,0.09943105026844705,0.8554572252208534,0.04503188115531996,7.98433553797513e-05
P08486,Excellent,Excellent,1.1435464559820786e-05,0.00019096407790697103,0.04511321495430501,0.9546843855032282
P05728,Good,Good,6.345663433607711e-05,0.013386864532708485,0.6133917048312495,0.3731579740017059
P05127,Poor,Poor,0.9529369367484579,0.04701854355197671,4.368303057880362e-05,8.366689866241921e-07
P02817,Excellent,Excellent,9.188056792336707e-06,0.0002219488687434431,0.040654142760407797,0.9591147203140564
P07579,Excellent,Excellent,1.116613311800974e-05,0.0001822256555540865,0.0436304267392586,0.9561761814720693
P02296,Excellent,Excellent,2.9297218998852884e-06,0.00016873473257709336,0.04857154715210252,0.9512567883934205
P06838,Excellent,Good,0.00011075928185267446,0.01716876047846455,0.5937500853023648,0.38897039493731783
P06444,Poor,Poor,0.9373829984946291,0.06259747576594908,1.817539126138775e-05,1.3503481604486736e-06
P01606,Good,Good,0.006252776245612819,0.3948411864490943,0.5918006165961638,0.0071054207091290995
P08927,Poor,Average,0.2545529697006896,0.7080481662720766,0.03728620150827344,0.00011266251896040453
P03843,Excellent,Excellent,5.061080590851543e-06,0.00022463759055657632,0.046840157344563246,0.9529301439842893
P01993,Good,Excellent,2.8893101335473652e-05,0.0011298169054899272,0.1497669920455637,0.8490742979476109
P01874,Good,Excellent,1.187171039215279e-05,0.00020572260535760785,0.04752957822743369,0.9522528274568165
P01693,Good,Good,0.002842379753298337,0.2177907194991953,0.7299686990388354,0.04939820170867103
P03125,Poor,Poor,0.9564298523348929,0.043560016800817516,9.200556046079564e-06,9.303082433557086e-07
P00273,Excellent,Excellent,9.100747707020742e-06,0.000218539546474013,0.040206266796918855,0.9595660929089002
P04212,Average,Good,0.004138339275082232,0.4116971948259776,0.5802286253911296,0.003935840507810562
P00193,Poor,Poor,0.8997940951266677,0.10004429838441294,0.00015999534570475854,1.6111432146080182e-06
P03796,Poor,Poor,0.964977010643042,0.035014779350069046,7.478705208050877e-06,7.313016809130925e-07
P02766,Good,Good,0.0006970607832361653,0.07036730473117973,0.7128425198902882,0.2160931145952959
P04757,Average,Poor,0.6338097807222631,0.36216434947427883,0.003984123126371649,4.174667708650325e-05
P09856,Good,Good,0.002806956277220809,0.2580365295155557,0.7021634457617553,0.03699306844546817
P00828,Excellent,Excellent,1.2171116055774746e-05,0.00021851327251529374,0.050005697204084563,0.9497636184073444
P05708,Poor,Poor,0.9472423884769565,0.05274315238356974,1.3328580556751629e-05,1.1305589170645365e-06
P00552,Poor,Poor,0.9616578043156871,0.038310767057633095,3.0717845803124944e-05,7.107808765710257e-07
P05046,Good,Good,0.004168223520826726,0.40651681878488594,0.5822278442268016,0.007087113467485691
P03499,Poor,Average,0.15303548879183015,0.7082829778146188,0.1380976522819588,0.000583881111592194
P02891,Average,Average,0.1468289967145167,0.8333053525435157,0.019821516547486945,4.4134194480554444e-05
P02999,Average,Average,0.31399999134135675,0.675916416607304,0.010064632014820859,1.8960036518390225e-05
P04821,Excellent,Excellent,1.0740447743465715e-05,0.00016797263851456808,0.041041721775878975,0.9587795651378631
P04044,Poor,Poor,0.9615509176006657,0.038417532341672146,3.083511595283303e-05,7.149417095918103e-07
P03039,Average,Average,0.26025227642354226,0.7260136739095553,0.013702443532545992,3.160613435633803e-05
P04159,Excellent,Excellent,1.557547057417729e-05,0.0015624306045215165,0.20824490563414544,0.7901770882907588
P00706,Poor,Poor,0.9348108428892115,0.06516993236130057,1.8808870371173334e-05,4.158791166256138e-07
P09433,Excellent,Excellent,5.329970271284352e-06,0.00046470857813610744,0.09542002899072671,0.9041099324608659
P01767,Average,Average,0.04354474257780539,0.7670381088806955,0.18894844096138447,0.00046870758011460046
P07543,Poor,Poor,0.9316313309142806,0.0683478671819078,2.03524859052868e-05,4.4941790619127146e-07
P07177,Excellent,Good,6.745343503634182e-05,0.022980598193687515,0.6940033078066109,0.2829486405646652
P02653,Good,Good,0.003964560349145811,0.36630188075371717,0.6223638213814835,0.007369737515653622
P02918,Average,Average,0.11502336891522041,0.8047372768385462,0.08006806219014201,0.0001712920560915501
P07478,Average,Poor,0.9459182782263306,0.054066763712989976,1.3791451470053032e-05,1.166609209366115e-06
P05656,Good,Good,0.00012560608493233512,0.029735022968043662,0.7741456765741683,0.19599369437285574
P05267,Poor,Poor,0.8216121676562465,0.17793236594772605,0.00045300315995361546,2.463236073723072e-06
P05322,Good,Average,0.015070805281112558,0.6562598935362592,0.32740976635360336,0.001259534829024676
P07671,Poor,Poor,0.9658913855047262,0.03410080122688706,7.101322603587666e-06,7.119457833108818e-07
P08926,Average,Poor,0.5105486704012525,0.47750348908725554,0.011902605143863503,4.523536762832979e-05
P04141,Good,Good,0.00023643752695619955,0.03860921984888997,0.7239455108754399,0.2372088317487139
P09285,Poor,Poor,0.9562447952244872,0.04374278260545631,1.1507815481780903e-05,9.143545743972656e-07
P07434,Good,Good,5.0580073667711234e-05,0.01467498033810821,0.5930192374217221,0.3922552021665019
P03078,Poor,Poor,0.9647350622062127,0.0352591215076352,5.606916047341307e-06,2.0937010476246775e-07
P09774,Average,Average,0.19608635785347092,0.7795576435971376,0.02431834070892774,3.765784046348477e-05
P00660,Poor,Poor,0.9521326599530763,0.047821521176630355,4.4970872696646466e-05,8.4799759679769e-07
P05303,Excellent,Excellent,6.108007343616684e-06,0.0003080676329103422,0.05812168901292941,0.9415641353468166
P04641,Average,Average,0.04749568156392186,0.7134662219252316,0.23849805428724494,0.0005400422236015445
P01670,Average,Average,0.04952210896150978,0.7835024790374456,0.1666351932368071,0.00034021876423760656
P04133,Average,Average,0.037999716698904985,0.7525286554418293,0.20899230342563527,0.0004793244336305624
P05453,Poor,Poor,0.9639971868912128,0.0359967468940187,5.8518950057361905e-06,2.1431976291356917e-07
P06330,Average,Average,0.09120880540664827,0.8440761501580593,0.06445948371082569,0.0002555607244669218
P05726,Average,Average,0.32780906361408385,0.652908077894285,0.01923488891913546,4.7969572495875116e-05
P01912,Good,Good,0.0001612398785546109,0.03457477264529815,0.6935668239161232,0.27169716356002405
P02188,Average,Poor,0.6635031251943204,0.3360095849239594,0.00047954443448849086,7.745447231785073e-06
P03459,Average,Good,0.005368180605521961,0.35864406519374864,0.5838451100023191,0.0521426441984102
P01043,Average,Poor,0.862956872693582,0.1369328774776893,0.00010737381324871211,2.8760154799751234e-06
P01984,Average,Poor,0.9401812887249792,0.059751895053902854,6.57748572970335e-05,1.0413638207914658e-06
P08290,Average,Average,0.08058543744576546,0.8054709996359597,0.11367758240712127,0.0002659805111535793
P01287,Poor,Poor,0.9647656102934928,0.03522858321267733,5.597327271162076e-06,2.091665586408374e-07
P01413,Poor,Poor,0.7542663127209378,0.24496398145734188,0.0007655210258559268,4.184795864344687e-06
P01301,Poor,Poor,0.7083256464282909,0.291278239732323,0.0003936231188242563,2.4907205619931373e-06
P05878,Poor,Poor,0.9273971389768079,0.07257870242170902,2.3687678295593133e-05,4.709231876968951e-07
P01360,Good,Good,0.0009513116958175523,0.15418227482772937,0.8055553827481637,0.03931103072828933
P04892,Poor,Poor,0.9646975411389462,0.03529555479741668,6.146670099740841e-06,7.573935373312888e-07
P07507,Excellent,Excellent,1.633850676378951e-05,0.0017046553453031403,0.2245833481524833,0.7736956579954498
P03432,Average,Average,0.12035758557452957,0.7752926064590017,0.10400521533005883,0.0003445926364099021
P07705,Excellent,Excellent,1.0828911639278361e-05,0.00017084437681118929,0.04156109751301886,0.9582572291985306
P01620,Average,Average,0.10403816562196917,0.8647983003438027,0.03109557023285095,6.796380137716252e-05
P08491,Excellent,Excellent,9.100231747546083e-06,0.00021852387235213127,0.04020399081733876,0.9595683850785616
P08901,Average,Poor,0.6754230919468378,0.3233773300759791,0.0011906215863224262,8.956390860739454e-06
P08653,Poor,Average,0.4618363895713362,0.5365205623683552,0.001631091785512922,1.1956274795634707e-05
P06600,Good,Excellent,1.0554087561212329e-05,0.0016179191499202604,0.1967974460938006,0.8015740806687179
P03749,Average,Average,0.15761755220631263,0.72406954025618,0.11804232719269564,0.00027058034481174884
P09696,Excellent,Good,0.0002446117116176915,0.01949247130594617,0.5621888941341048,0.4180740228483314
P09437,Average,Average,0.2041279791023474,0.7505551362582501,0.04523555272289873,8.133191650375337e-05
P01674,Average,Good,0.01459286409342335,0.46929555043437865,0.5118586385879039,0.00425294688429408
P05663,Good,Average,0.007670963005616242,0.5543944849558805,0.4353737571686673,0.0025607948698358556
P07693,Poor,Poor,0.8453819505211397,0.15449148313864158,0.0001234824244559268,3.083915762752622e-06
P05156,Good,Good,0.0008221005009755345,0.11317018550977392,0.7471989130514199,0.1388088009378307
P06333,Excellent,Excellent,9.125182848104245e-06,0.00021949256943405056,0.04033247274987731,0.9594389094978405
P05397,Average,Good,0.004104498997246903,0.4529989531468206,0.5394383615508864,0.0034581863050460616
P09303,Poor,Poor,0.9647410539200868,0.03525063338484371,7.576353749542632e-06,7.363413198434239e-07
P09915,Good,Good,0.00224099115532642,0.17958601315221895,0.7508466475864616,0.0673263481059931
P06410,Average,Average,0.13904708955111655,0.7416071737721922,0.11897191589524983,0.00037382078144141106
P01380,Poor,Poor,0.9627277052405983,0.037263083937926364,8.432437663449785e-06,7.783838117669818e-07
P02990,Poor,Average,0.4702523796552005,0.526125789324565,0.0035993019753485017,2.2529044885990816e-05
P08793,Poor,Poor,0.9354404942814314,0.06453341149408133,2.4729532447005783e-05,1.3646920404792368e-06
P07825,Average,Good,0.005081324205183369,0.3411045624657919,0.6320082387778291,0.021805874551195592
P09662,Average,Average,0.30286561279702334,0.6882038735466032,0.008912931359919416,1.7582296454032433e-05
P08552,Average,Average,0.06518522176129105,0.7791031928031132,0.15546833427462492,0.0002432511609708685
P07048,Good,Good,0.0011070641634026229,0.1369169480684568,0.7897304227457166,0.072245565022424
P06296,Good,Good,0.0002514327561376513,0.06306932637160222,0.8589267779000567,0.07775246297220349
P04691,Poor,Poor,0.9539565112776743,0.04600075661446512,4.1898066741700644e-05,8.340411189017986e-07
P04448,Excellent,Excellent,9.1646880573599e-06,0.00022104818715115054,0.040537628379077366,0.9592321587457141
P08182,Average,Average,0.1803402136676708,0.7638393359001262,0.05569931829206914,0.00012113214013391595
P05591,Good,Good,2.654340696491983e-05,0.011189849686153951,0.5054080444720532,0.4833755624348279
P09464,Excellent,Excellent,4.658433540778425e-06,0.00019636893954229822,0.04245143832516833,0.9573475343017485
P03035,Poor,Poor,0.8549461874462837,0.1447422881487848,0.00030935649754847003,2.167907383074371e-06
P07576,Excellent,Excellent,1.2341874769778359e-05,0.00022020619151487378,0.049493285707116065,0.9502741662265992
P09186,Average,Poor,0.6650258045987011,0.3337499788490918,0.001208341961580907,1.587459062621367e-05
P00982,Excellent,Excellent,5.506526517127364e-06,0.0002595811431404939,0.05273323425192429,0.9470016780784182
P09646,Average,Average,0.05281789492696842,0.8257331279377687,0.12119810264197975,0.00025087449328311775
P01306,Good,Good,0.0034514235935363662,0.20933434706857884,0.7386936648279165,0.04852056450996824
P06120,Poor,Poor,0.9646941316777963,0.03530003868446793,5.6199974510595385e-06,2.096402847283142e-07
P00321,Poor,Poor,0.9541695794550015,0.04581934015331524,1.0102493414215011e-05,9.778982690109087e-07
P07384,Excellent,Excellent,1.727216588116054e-05,0.0025536056375205745,0.27150678519667354,0.7259223369999247
P09424,Average,Good,0.0033200599873212952,0.35479107357014117,0.6232102695235907,0.01867859691894681
P05715,Average,Average,0.06677703647687404,0.7258856372168034,0.206790273900044,0.0005470524062784711
P01251,Excellent,Excellent,3.917208013863701e-05,0.002642639557668021,0.2724592518659113,0.7248589364962821
P09485,Excellent,Excellent,0.0002538837826551562,0.01575462651821115,0.47048851462765817,0.5135029750714756
P00382,Poor,Poor,0.9659859111029457,0.034006316166052666,7.062803485547538e-06,7.099275161532639e-07
P03206,Average,Poor,0.5415986103426802,0.457481381024039,0.0009089638176390642,1.1044815641679656e-05
P06126,Good,Good,0.0013591237817208342,0.18300015748987614,0.7677027945557895,0.047937924172613534
P04842,Poor,Average,0.36470985033964787,0.6134900128508163,0.021741860322040712,5.827648749513682e-05
P07279,Average,Good,0.0026092268445768053,0.29805551124346313,0.6883653571920275,0.01096990471993266
P08276,Poor,Average,0.4729441169133224,0.5129215361717827,0.014086638367699092,4.7708547195639655e-05
P04122,Average,Good,0.0011915210064847531,0.12099232004340893,0.7844916767786507,0.09332448217145545
P04165,Excellent,Excellent,1.0777831713861455e-05,0.00016920197753113233,0.04126756042618785,0.9585524597645672
P01614,Good,Good,0.00329554107850671,0.39290287767855603,0.5997587826648699,0.004042798578067305
P01298,Excellent,Excellent,9.502326458171925e-06,0.0013229315743111686,0.19305642251714614,0.8056111435820844
P09250,Excellent,Excellent,4.69085822033851e-06,0.00019865553009132278,0.04283938660153707,0.9569572670101513
P04936,Good,Good,4.0181469526597615e-05,0.01678553416354458,0.6084687975958117,0.3747054867711172
P05782,Average,Average,0.3259866690323531,0.6424971575906344,0.03142819489673384,8.797848027872576e-05
P00449,Poor,Poor,0.9656366887075382,0.034355390604732604,7.203392851390653e-06,7.172948778927532e-07
P07372,Average,Average,0.0158410171815233,0.6018326181616758,0.38001881474432037,0.002307549912480618
P05940,Excellent,Excellent,5.632977499659232e-06,0.00026938801614992034,0.05371692105584484,0.9460080579505056
P08024,Poor,Poor,0.8784918500446676,0.12141984250487414,8.572579931900406e-05,2.5816511394957227e-06
P06659,Excellent,Excellent,3.591326034453229e-06,0.00024018024425455015,0.06064584789887174,0.9391103805308394
P09299,Excellent,Good,3.900045838632394e-05,0.016404910641416217,0.6230776243825156,0.36047846451768184
P03336,Excellent,Excellent,4.666580416526231e-06,0.00019692775798791203,0.04253301297034894,0.9572653926912466
P00426,Good,Good,0.0006183110229802999,0.08528910993541869,0.7138480860447581,0.20024449299684294
P02258,Good,Good,0.0028646176643590247,0.24367381404531757,0.6893244619339729,0.06413710635635052
P09341,Excellent,Excellent,1.2709762879103936e-05,0.0002352121891193493,0.05219423199388274,0.9475578460541187
P02051,Average,Average,0.003953078174078484,0.5136523706443894,0.4798820910290009,0.0025124601525311915
P09792,Average,Average,0.4817852306442221,0.5062123872227807,0.011963728126380942,3.865400661621232e-05
P06015,Excellent,Excellent,4.96038042729282e-05,0.004202412181579563,0.34960438140942984,0.6461436026047177
P01426,Good,Good,0.0001585891126506723,0.04607186296730332,0.6863706214384879,0.2673989264815581
P03710,Excellent,Excellent,2.34531384508232e-05,0.0007517325031950941,0.11159309244447645,0.8876317219138777
P03844,Good,Good,0.0005296321821883415,0.06818315105199028,0.7800339325788859,0.15125328418693568
P09886,Excellent,Excellent,1.1690271289744133e-05,0.0008975725164768661,0.12181629108021547,0.877274446132018
P06579,Average,Average,0.2129877143319474,0.767771715542958,0.01919796847948767,4.260164560679071e-05
P06731,Poor,Poor,0.7252674187527464,0.27440628792453475,0.0003202048921445087,6.088430574207875e-06
P03150,Poor,Poor,0.5308045771086679,0.4670217008750297,0.002166899549867829,6.822466434448118e-06
P02074,Good,Good,0.0009429908281521197,0.11883822600416889,0.7443656759690095,0.13585310719866958
P09661,Excellent,Excellent,4.890368728521787e-06,0.00040921766751232034,0.08839666928563181,0.9111892226781274
P06346,Good,Good,0.007704840553222432,0.49195273945125595,0.4944587913111528,0.005883628684368838
P02430,Average,Excellent,7.311378956297914e-05,0.008735017260177743,0.4702823759804666,0.5209094929697926
P09498,Excellent,Excellent,1.2239559308989964e-05,0.0003557049369913524,0.05698708825278157,0.9426449672509181
P03450,Good,Good,0.004901490610007115,0.3088817597065873,0.6590115716208833,0.027205178062522206
P02649,Average,Average,0.14875628704067972,0.7399156210977591,0.11102358851091908,0.0003045033506421427
P08905,Average,Average,0.14027106399130818,0.8229083977612982,0.036710546548831595,0.00010999169856196642
P01780,Average,Poor,0.8227384365792763,0.17713115061539667,0.00012614656002876506,4.266245298323424e-06
P04430,Good,Good,0.0011129372884841572,0.18896235897427086,0.7906696271297657,0.019255076607479188
P00761,Good,Good,0.00031074485029451807,0.10898747091245005,0.7735522766126189,0.11714950762463651
P06831,Poor,Poor,0.840813358610194,0.159066532019045,0.00011671693920445985,3.392431556632688e-06
P04442,Poor,Poor,0.9621517608701834,0.03781749446659823,3.0041028322381267e-05,7.036348961227358e-07
P07898,Poor,Poor,0.8512157638440362,0.14867709101958423,0.00010399343732290766,3.151699056728089e-06
P07939,Excellent,Excellent,6.627633195829851e-06,0.0003526459747339052,0.06604572684463482,0.9335949995474354
P01316,Excellent,Excellent,3.0353535063870173e-05,0.0017265931790049673,0.1669700106316314,0.8312730426542998
P01135,Excellent,Excellent,1.2353246968362558e-05,0.0003577848287907547,0.05709694044037612,0.9425329214838647
P07416,Good,Good,0.0015121014066961371,0.22586306564969097,0.7301693951199133,0.042455437823699385
P04948,Excellent,Excellent,3.706010884273377e-06,0.0002527117552057777,0.06354515477826704,0.9361984274556429
P07368,Good,Good,0.005227513426598663,0.4177798801067345,0.5731614847966868,0.003831121669980029
P08123,Average,Average,0.027963595519985455,0.6884455939084883,0.2823481830265485,0.0012426275449777856
P05002,Excellent,Excellent,9.713246446759428e-06,0.000243425933793711,0.04342947847695103,0.9563173823428085
P04370,Good,Good,0.0017097025139058424,0.16539244001394587,0.7388272202723402,0.09407063719980825
P06633,Poor,Poor,0.949093690205116,0.05085546915986662,4.993645908507144e-05,9.041759324175164e-07
P02082,Average,Average,0.011950366495555902,0.500289799849742,0.48409404657310645,0.003665787081595592
P01809,Good,Good,0.00034251718835583974,0.04735306655095578,0.7929482655204162,0.15935615074027198
P09687,Average,Average,0.11896704445418149,0.757681844152804,0.12299493588174636,0.00035617551126796603
P09388,Poor,Poor,0.7780773312016928,0.22171103199294795,0.00020659425230867246,5.0425530506064734e-06
P00152,Good,Good,0.0015463597836669768,0.1491375651702537,0.7499566755129952,0.09935939953308415
P06805,Good,Average,0.0729359744513878,0.8233252790061127,0.10345691071125937,0.00028183583124010325
P05290,Excellent,Excellent,1.4687287354582024e-05,0.002707878254548165,0.2921021559781877,0.7051752784799095
P06895,Average,Average,0.04606394697434445,0.815861263838674,0.1378722025447746,0.00020258664220694066
P05922,Good,Good,0.0003401096246590743,0.04436334517516953,0.7126078575703569,0.2426886876298143
P00678,Average,Good,0.0038838142225606073,0.21813299685194795,0.70440530473344,0.07357788419205144
P02457,Good,Good,8.167181130983774e-05,0.013441000017900818,0.5668493131971626,0.4196280149736268
P09632,Excellent,Excellent,3.869229897545822e-06,0.00026979976468267686,0.06631502249545193,0.9334113085099679
P06144,Average,Average,0.08105442898323752,0.8415717128658671,0.07719330558771549,0.00018055256317991075
P04538,Average,Average,0.10209678681745807,0.8261764019227061,0.07161256925462335,0.0001142420052125317
P09204,Average,Good,0.0027574319166340515,0.3257148818612593,0.658332720236616,0.013194965985490532
P06888,Excellent,Excellent,9.99478437774075e-06,0.00025467298714170893,0.044868288507360736,0.9548670437211197
P04045,Average,Average,0.13927026211407892,0.8307872277297459,0.02984624092431862,9.626923185636863e-05
P00339,Average,Average,0.21688244616449942,0.7775242751484776,0.005573844236490765,1.9434450532220638e-05
P09288,Excellent,Good,0.00071421987728561,0.10862328236787507,0.832606047785151,0.058056449969688326
P08656,Average,Good,0.0018809639100332634,0.23898227407523198,0.7232867140217123,0.03585004799302251
P07962,Poor,Poor,0.89913852628914,0.10079918775433433,6.015233265613771e-05,2.1336238696487716e-06
P06076,Excellent,Good,0.0006894230402644044,0.07669091977266161,0.758253904166124,0.16436575302094997
P05361,Good,Average,0.012204677372224672,0.616019434101377,0.37062294432303,0.0011529442033681966
P09994,Good,Good,0.00011032599647789115,0.032729002291006073,0.7022863397246701,0.26487433198784593
P05837,Average,Poor,0.5711200428871704,0.425257490255507,0.0035852292344030496,3.7237622919595737e-05
P09641,Poor,Poor,0.9560543357541815,0.04393312664167452,1.1618291784485038e-05,9.193123594834197e-07
P03386,Excellent,Excellent,3.080185930822596e-06,0.00018464577561057654,0.05101336057791589,0.9487989134605428
P06578,Average,Good,0.004288333469371497,0.42252740362427677,0.569900567271004,0.0032836956353476973
P04149,Good,Good,0.0011207223089752469,0.0980316856416242,0.6988412391667418,0.20200635288265875
P07303,Poor,Poor,0.9599668806859248,0.03999935013620891,3.3029663340263156e-05,7.395145257808785e-07
P09440,Good,Good,0.0007582725582261409,0.13167102931570976,0.8157821186239176,0.051788579502146624
P08335,Poor,Poor,0.53409795544776,0.4632944453108925,0.002591185749322633,1.6413492024949355e-05
P09219,Poor,Poor,0.5730468082925197,0.4259380628495835,0.0010111960580885683,3.932799808187951e-06
P08559,Average,Average,0.008392748930441438,0.5611723084742496,0.42893249716522497,0.0015024454300838757
P01630,Poor,Poor,0.9514185242632233,0.04856623757710874,1.4218374146665725e-05,1.0197855213824481e-06
P00653,Good,Excellent,2.3208941297232924e-05,0.007900250057673865,0.47173997301357823,0.5203365679874508
P06941,Poor,Poor,0.718096723102873,0.2815444975823238,0.0003526365834526345,6.1427313504352115e-06
P03546,Average,Average,0.005915542308450997,0.5522154265102812,0.43923229497472027,0.002636736206547414
P09762,Poor,Average,0.15835484518601264,0.7681979290682056,0.07331436692938294,0.00013285881639880283
P05208,Poor,Poor,0.9629404417314208,0.037050472845427375,8.312876906898204e-06,7.725462447578878e-07
P06073,Poor,Poor,0.7653577571451626,0.23431334975022014,0.0003239166696503234,4.976434966899078e-06
P09570,Excellent,Excellent,5.092087863934781e-05,0.004516828844472881,0.3623528942031804,0.6330793560737075
P02878,Good,Average,0.010200238368144772,0.5294963306560945,0.458500009055186,0.0018034219205747104
P01420,Poor,Poor,0.9633756083356113,0.03661812874186226,6.044458100779955e-06,2.1846442556869755e-07
P06280,Good,Good,0.006151525622772242,0.392647509109463,0.5943855139942277,0.006815451273537131
P05615,Excellent,Excellent,9.093923873200154e-06,0.00021826767524647965,0.040170509980473924,0.9596021284204063
P07969,Average,Good,0.0031064311234440586,0.213859928167935,0.7229365347590745,0.06009710594954653
P05689,Poor,Poor,0.9629748176725529,0.03701881736117323,6.144006475081155e-06,2.2095979893965878e-07
P07418,Excellent,Excellent,1.297689753245565e-05,0.0002497076696680729,0.05523195614901879,0.9445053592837807
P02221,Poor,Poor,0.811949175084745,0.18792315005848367,0.00012631038089862414,1.3644758726745952e-06
P08725,Average,Poor,0.9161065960862962,0.0838595028140055,3.334301650685704e-05,5.58083191425571e-07
P06193,Poor,Poor,0.963359817583805,0.036633932039448314,6.031713210888372e-06,2.1866353574385188e-07
P07070,Average,Average,0.12682472558276417,0.7799495576469594,0.09305362144117188,0.00017209532910453156
P00119,Average,Average,0.2649928453511174,0.7135101316423883,0.02146088302772624,3.6139978768119844e-05
P01624,Poor,Poor,0.888856261047245,0.1110890166239241,5.224670968516435e-05,2.4756191457673737e-06
P03392,Average,Average,0.07302240092405522,0.8520787315904248,0.07481491901437815,8.394847114184478e-05
P06416,Average,Average,0.3268516627933924,0.6618716603892352,0.01125455422841064,2.212258896178361e-05
P01513,Good,Good,0.001100103874737,0.16455126372990359,0.7801149025659776,0.05423372982938174
P01441,Good,Good,0.006598170241134515,0.44538895798722644,0.5443242792229631,0.0036885925486760257
P03591,Excellent,Excellent,3.129751963918122e-05,0.0038542588224057864,0.33498119595162357,0.6611332477063314
P05239,Average,Average,0.08733578048722701,0.6496039455843919,0.2617429926024332,0.0013172813259478698
P06680,Poor,Poor,0.9619948030631439,0.03797423611246616,3.0254759025138896e-05,7.060653648861932e-07
P05953,Average,Average,0.3912568176716934,0.6058174416114589,0.0029073721382972123,1.8368578550412718e-05
P05299,Excellent,Excellent,1.094954636693138e-05,0.00017494739395709433,0.042319637682428114,0.9574944653772479
P01585,Average,Average,0.010958751009629187,0.6080401853838541,0.379398484175188,0.00160257943132874
P09467,Average,Average,0.2149108222842492,0.7611779796985862,0.023853919607293918,5.7278409870519106e-05
P01450,Good,Excellent,2.8271050046879978e-05,0.0010047753567404261,0.1376264791519492,0.8613404744412636
P08869,Good,Good,0.0002489187550163922,0.03456026152712529,0.7022957171966294,0.2628951025212289
P09482,Excellent,Good,0.0006423515787172175,0.07226727192413307,0.7345258209864163,0.19256455551073337
P00424,Excellent,Excellent,9.159846523824066e-06,0.0002208951633745467,0.040515708921354844,0.9592542360687469
P06537,Excellent,Excellent,3.4963815117885824e-05,0.00253071496898475,0.2147010997449169,0.7827332214709805
P08022,Good,Good,4.1318427066903576e-05,0.011579493428225332,0.5296707021948622,0.4587084859498456
P03149,Average,Average,0.09470527165393704,0.880682213396053,0.02455061845332075,6.189649668928485e-05
P03151,Good,Good,0.001040861399121403,0.1520575893569458,0.7837243171423439,0.06317723210158882
P07770,Excellent,Excellent,1.9767366825061926e-05,0.0008222145035592955,0.10181616331161152,0.8973418548180041
P02252,Excellent,Excellent,1.0852725882749005e-05,0.00017165156570820496,0.04171161157070652,0.9581058841377026
P06942,Poor,Poor,0.9378035008885516,0.06217217502007428,2.3016929596582492e-05,1.3071617775816686e-06
P01353,Poor,Poor,0.9477811572752226,0.05220156301107756,1.6187697740178544e-05,1.092015959540418e-06
P02564,Average,Good,0.003351202368045528,0.39758257290861737,0.5943178687154341,0.004748356007903062
P01738,Average,Average,0.0711021597980051,0.8858259649956725,0.04300946098035595,6.241422596642315e-05
P00044,Average,Average,0.028032940460895855,0.8136401561342321,0.15730209941766177,0.0010248039872101631
P04608,Good,Good,0.0022308887720090933,0.3868777624745905,0.6020467162383604,0.008844632515040054
P05178,Good,Good,0.0008122562693645876,0.08180858754517398,0.7263523999770412,0.19102675620842016
P09920,Good,Good,0.00013052164292629606,0.03557877240798374,0.7743836545777578,0.18990705137133218
P00681,Poor,Poor,0.8575461532760982,0.1421526744290838,0.00029900910529454303,2.1631895234523864e-06
P04219,Excellent,Excellent,9.113268107272083e-06,0.000219025877699976,0.04027079782827466,0.9595010630259181
P01223,Average,Average,0.2016413918030271,0.7857393142195876,0.012602770007718016,1.6523969667216823e-05
P07829,Average,Poor,0.8365394392092144,0.16307537041756545,0.0003827274754924049,2.462897727696431e-06
P05391,Excellent,Good,0.0003843396114541301,0.06262906635850356,0.7511096078400089,0.18587698619003337
P02064,Good,Good,9.733577932452145e-05,0.011644775324381372,0.52196358585457,0.46629430304172415
P01680,Average,Average,0.1647105971366661,0.7997965689013831,0.03542092413873884,7.190982321193791e-05
P07741,Excellent,Excellent,1.1064239417775169e-05,0.00017876813913367468,0.04300464576795247,0.9568055218534962
P06872,Good,Good,7.313483437941985e-05,0.029021521104739982,0.7138598819000312,0.25704546216084934
P09375,Excellent,Excellent,4.661060022831438e-06,0.00019655556338823722,0.04247994508051315,0.9573188382960758
P09185,Excellent,Excellent,9.178776347702068e-06,0.00022159838231953146,0.04061005108979864,0.9591591717515341
P03396,Average,Good,0.0025457571569410605,0.4554438988511067,0.5377306061893454,0.004279737802606872
P09422,Average,Average,0.11329611986557069,0.872041065419332,0.014633090174976578,2.972454012087384e-05
P09237,Poor,Poor,0.9577920862324606,0.04219630248828042,1.072888483402787e-05,8.823944250546963e-07
P03262,Poor,Poor,0.7712714202293433,0.22802551529025863,0.0006996994281834951,3.365052214627382e-06
P05359,Excellent,Excellent,2.4574666926940308e-05,0.003339189377114428,0.2597866338449201,0.7368496021110384
P00082,Average,Average,0.3073456026027774,0.6691955189191584,0.023368779680392995,9.009879767124852e-05
P08949,Good,Good,0.0002379611225722454,0.04812926781002559,0.7955964124958292,0.156036358571573
P06278,Average,Average,0.10986019084940002,0.8126766101206437,0.07722765098456513,0.00023554804539111966
P04583,Average,Average,0.07906108345276396,0.7761271254114834,0.14426601390173033,0.0005457772340223985
P00709,Poor,Average,0.29585519248656356,0.6999154808819184,0.004209655433390625,1.967119812743855e-05
P07121,Average,Average,0.044182651480628395,0.6853368599345464,0.26939233653678546,0.001088152048039836
P08088,Poor,Poor,0.9301674287652757,0.06981070573701305,2.1417577075992344e-05,4.479206354979383e-07
P06930,Poor,Poor,0.9648498040319323,0.03514193082355871,7.531054089573653e-06,7.340904194634583e-07
P08436,Excellent,Excellent,5.407066913926254e-05,0.003904440393578075,0.3419953634878921,0.6540461254493906
P02127,Average,Good,0.0022611057571888756,0.285392793541562,0.6989742998216235,0.013371800879625653
P08462,Excellent,Excellent,1.2619125851981465e-05,0.0025074020430510785,0.2917930718482046,0.7056869069828924
P03867,Good,Excellent,6.2094684905579e-05,0.008419566614208177,0.4444293819362706,0.5470889567646157
P08902,Excellent,Excellent,1.9193754101218164e-05,0.0017656489773747318,0.17156253207993902,0.826652625188585
P05256,Average,Average,0.05290927714108048,0.7591279738387383,0.18737578795554485,0.000586961064636361
P02027,Poor,Average,0.31308164754710543,0.6811651511214694,0.005742950293503175,1.0251037921966317e-05
P09117,Average,Good,0.0038826445641377627,0.42970583776864174,0.563485786702024,0.002925730965196428
P01407,Excellent,Excellent,1.5362639961695134e-05,0.0003344149071232884,0.06546979130109085,0.9341804311518243
P07739,Good,Excellent,2.6625103225761872e-05,0.004910937612774148,0.36411545300087395,0.6309469842831261
P00592,Poor,Poor,0.9647897874297061,0.035204414143548524,5.5894213898265565e-06,2.0900535565776458e-07
P01406,Poor,Poor,0.9598194873048613,0.040169936809199745,9.735774601558101e-06,8.401113372190642e-07
P02091,Excellent,Excellent,2.4582432964252977e-05,0.0008220857581405862,0.12040330494166868,0.8787500268672266
P08043,Average,Poor,0.5858685279146542,0.40313233854528724,0.01094931945647117,4.981408358741305e-05
P09177,Average,Good,0.002538913144008412,0.2779210746318353,0.7041861653406658,0.01535384688349039
P05894,Poor,Poor,0.9566456411344282,0.04331566238904052,3.791105527589225e-05,7.854212553733103e-07
P03540,Average,Poor,0.5743886201381141,0.4246673986720046,0.0009349173443147212,9.063845566675897e-06
P03747,Poor,Average,0.06592530889636634,0.8507730110357358,0.08312348232914511,0.00017819773875288382
P00112,Good,Excellent,2.2471209038505007e-05,0.0027182071826381106,0.23757946856871442,0.7596798530396089
P02099,Good,Good,0.00351886437321724,0.2410468359417365,0.7167653315120185,0.038668968173027625
P02670,Poor,Poor,0.9589362506397496,0.04105285410037361,1.0041851886124611e-05,8.534079906503574e-07
P09431,Excellent,Excellent,8.608621631480924e-06,0.0005498835358434191,0.08942166087888961,0.9100198469636355
P08037,Excellent,Excellent,9.406748093027952e-06,0.00023075586366396022,0.041803695490659695,0.9579561418975834
P09229,Average,Average,0.3458285895430758,0.6351757860703835,0.018951785673005903,4.383871353473726e-05
P09929,Good,Good,0.0008142071556652157,0.09572730504794857,0.7828384388587922,0.12062004893759405
P04777,Average,Average,0.022535338644553822,0.6770188035584522,0.29961800484674456,0.0008278529502494452
P07208,Poor,Poor,0.9647843898884476,0.03520980987558123,5.591194764386587e-06,2.0904120666395673e-07
P07554,Good,Good,0.0026453587979885286,0.22532676241702737,0.7027486370554075,0.06927924172957649
P04401,Average,Good,0.00011555501607005071,0.014671268376882428,0.5952632476995028,0.38994992890754465
P04367,Average,Average,0.06547212624095763,0.7039997790972374,0.22989663751745096,0.0006314571443539022
P05773,Excellent,Excellent,2.126506378080503e-05,0.003918471880307825,0.3455344313292789,0.6505258317266324
P02618,Average,Poor,0.7978827806037426,0.20189522042290303,0.0002204930804922943,1.5058928618593108e-06
P01578,Poor,Poor,0.9626261189017541,0.0373437842970586,2.940035187402416e-05,6.964493131895429e-07
P00046,Good,Excellent,5.502056288069723e-06,0.0005162520962173162,0.10434587851504332,0.8951323673324513
P04717,Excellent,Excellent,4.179046229578076e-06,0.0003160678263795597,0.07463315416985539,0.9250465989575355
P00956,Excellent,Good,8.135952660076379e-05,0.010302196233225116,0.5276305639733391,0.46198588026683496
P04256,Average,Good,0.00430131429330232,0.30317730308105967,0.6393957707410498,0.05312561188458819
P08507,Excellent,Excellent,0.00012231557630708632,0.005560398318716166,0.3248953229709744,0.6694219631340024
P04250,Excellent,Excellent,1.113874201723055e-05,0.00018127074142286996,0.04344552122272719,0.9563620692938328
P04659,Average,Average,0.39411552218153106,0.6011514011838698,0.004718415337277855,1.4661297321236657e-05
P04572,Average,Good,0.003460253424618871,0.41274467345682075,0.579647175632011,0.004147897486549508
P00131,Excellent,Excellent,9.627440342367576e-06,0.0002395037007757429,0.04292326984224044,0.9568275990166414
P00328,Poor,Poor,0.8805498187979244,0.11936344425333177,8.422438948694671e-05,2.512559257052872e-06
P09520,Poor,Poor,0.6441893084061858,0.3541800915828909,0.0016252033749663006,5.396635957069131e-06
P04681,Average,Poor,0.9552993607855147,0.044691692220151805,8.67268757576979e-06,2.7430675775236385e-07
P07131,Poor,Poor,0.9632569929074852,0.03673669952914973,6.088356953986509e-06,2.1920641104558754e-07
P06801,Average,Average,0.26068259146562023,0.7169790273028642,0.02229385124647197,4.4529985043597614e-05
P03899,Good,Good,0.0004877675873942484,0.061020524582414665,0.7669315628043264,0.17156014502586478
P01052,Excellent,Good,0.00013308891555597593,0.012905152788258573,0.5318381237004001,0.45512363459578536
P02261,Average,Average,0.15452136253917395,0.7485821801328815,0.09658206411677363,0.0003143932111710523
P04064,Average,Average,0.11048661444196071,0.8660578722906004,0.023385086485641898,7.04267817968316e-05
P00514,Good,Good,0.0002979554813039389,0.04111277864399278,0.7282365196833641,0.23035274619133914
P03931,Poor,Poor,0.9570392921885963,0.042952126957960524,8.319892890115223e-06,2.609605531596591e-07
P04211,Excellent,Excellent,1.5605754747073796e-05,0.003511010671338072,0.330748307864064,0.665725075709851
P05305,Good,Good,0.00012689523686104098,0.04735621988931843,0.7826829778364125,0.16983390703740792
P06227,Average,Average,0.05835914420780079,0.8015906240064249,0.13946343685235818,0.000586794933416107
P06785,Good,Average,0.0055870835530774255,0.5208268308197639,0.47109692544980475,0.0024891601773539803
P07146,Average,Average,0.13871203286246458,0.8224228585512495,0.03879096620054231,7.41423857435749e-05
P05914,Good,Good,0.0010981063784152544,0.19799825941032068,0.7388526670554009,0.06205096715586327
P05465,Poor,Average,0.1411891341017542,0.7656756351904022,0.09288799779823798,0.000247232909605529
P09168,Average,Average,0.1006839946082396,0.8546708584810566,0.04457485249316893,7.02944175348439e-05
P09354,Poor,Poor,0.9498050406575868,0.05018336503640806,1.1279792183121923e-05,3.145138222051578e-07
P08241,Good,Good,0.0012546138959419334,0.17031348792220194,0.7862182410005303,0.042213657181325887
P08835,Excellent,Excellent,4.16823082857226e-05,0.0027160059580637764,0.2881216948648833,0.7091206168687673
P09944,Excellent,Excellent,6.786486974202017e-06,0.0003673195498559475,0.06453862393975159,0.9350872700234182
P02531,Excellent,Excellent,5.447057376561816e-06,0.00025477194563864296,0.05168554020238201,0.9480542407946028
P04839,Poor,Poor,0.5736212085273439,0.42527773721092377,0.0010974331595769479,3.6211021555026093e-06
P09353,Poor,Poor,0.9580276220058922,0.04193575069366235,3.5861353457804266e-05,7.659469876803502e-07
P05879,Poor,Poor,0.965850637785308,0.03414153163690203,7.117720464585669e-06,7.128573253446264e-07
P06203,Average,Average,0.3583773968196991,0.6249412551331963,0.016632572014983523,4.8776032121042475e-05
P05886,Average,Average,0.23866078839217805,0.7387329182311916,0.022534380265477306,7.191311115320527e-05
P00994,Good,Good,8.234231270003392e-05,0.0100035831945873,0.5469481016774159,0.4429659728152967
P09739,Poor,Poor,0.9429736189900602,0.057011555304932585,1.4466970791754913e-05,3.587342156212864e-07
P01522,Average,Average,0.05954836543340051,0.7661381668131523,0.17374414226599905,0.0005693254874479578
P09791,Excellent,Excellent,7.803973718987356e-06,0.0009646252266760449,0.15647191134005967,0.8425556594595452
P08948,Excellent,Excellent,2.1607195240097376e-05,0.0008965737850970808,0.10882055552573636,0.8902612634939265
P04900,Good,Average,0.04049909336335276,0.7450821454459137,0.21399520074763012,0.00042356044310333025
P07425,Good,Good,0.00022643201616439414,0.05237658991675404,0.8221173399288552,0.1252796381382263
P03141,Good,Good,0.0024983183878592554,0.275990808347112,0.7029365311061118,0.01857434215891709
P07587,Good,Average,0.016467266103441906,0.5801361993234772,0.40171794659021415,0.0016785879828666664
P05800,Poor,Poor,0.8573633340071914,0.14252255507752046,0.00011120281519207646,2.908100095789006e-06
P07619,Poor,Poor,0.6647556678117176,0.3339144946256928,0.0013240409291554707,5.7966334342073355e-06
P02902,Good,Excellent,2.7908083800455542e-05,0.008700256173487872,0.492943651711338,0.4983281840313737
P01593,Excellent,Excellent,1.591901497243733e-05,0.0003773529065932164,0.0738306918344858,0.9257760362439486
P03361,Excellent,Excellent,9.134812523615062e-06,0.0006088193423250593,0.10259102053017288,0.8967910253149785
P03914,Average,Poor,0.5014333499501397,0.495365340974631,0.0031937687170485772,7.540358180829669e-06
P04489,Good,Good,7.98366506248231e-05,0.013009605480930565,0.5629163594887846,0.42399419837966
P02484,Average,Poor,0.8210172013754785,0.17853617825346468,0.0004438097136796169,2.8106573772584724e-06
P02985,Excellent,Excellent,2.8787996790857588e-06,0.00016361855379434405,0.0475574534406196,0.9522760492059069
P03533,Average,Poor,0.5996295285964088,0.39932101580159063,0.0010383804566212963,1.1075145379146706e-05
P01031,Excellent,Excellent,2.9526026885041264e-06,0.00017107632649049142,0.04900590187657838,0.9508200691942426
P07795,Good,Excellent,5.46730730253967e-06,0.00048252401969895207,0.09337472717338693,0.9061372814996115
P04096,Good,Good,0.000993903508216042,0.1665674234182199,0.7854536271801723,0.04698504589339173
P00126,Average,Average,0.01775933133414905,0.632079090119427,0.3491313716658639,0.0010302068805600022
P08640,Average,Average,0.12424366242722729,0.7037163228447286,0.17144313406686448,0.0005968806611796943
P08080,Excellent,Excellent,8.43550217390851e-06,0.00112304584317392,0.1764485745812468,0.8224199440734054
P03045,Good,Good,9.888249653679111e-05,0.025859526871700372,0.7205216580444852,0.25351993258727773
P08633,Good,Good,0.0001792131711137654,0.03930194016492351,0.7820189835163691,0.17849986314759358
P07988,Average,Average,0.04828502022140955,0.8058183239675156,0.14532574644494306,0.0005709093661317656
P03463,Good,Average,0.04391825078470545,0.7437905145782795,0.21181927189697547,0.00047196274003952654
P09895,Good,Average,0.009094791033113574,0.5557932532141489,0.4327422848154854,0.002369670937252312
P00551,Poor,Poor,0.9626110871176078,0.03735879555487397,2.9420658199892843e-05,6.966693182141252e-07
P07597,Excellent,Excellent,3.0136978840790527e-05,0.001611987938471157,0.21267622497745217,0.7856816501052359
P02969,Average,Poor,0.7387246875852461,0.26094893330824814,0.0003241167222331326,2.2623842726380664e-06
P00928,Poor,Poor,0.9306848310870549,0.06929114156395744,2.2565080092331904e-05,1.4622688953015603e-06
P08148,Average,Average,0.24641064792856798,0.7151891629798005,0.038314194660155974,8.599443147548299e-05
P03598,Excellent,Excellent,2.232146959896446e-05,0.0033488564622900993,0.30757864870610413,0.6890501733620068
P05203,Average,Poor,0.535413906484188,0.4628320911476397,0.001748752858189581,5.249509982750649e-06
P02644,Poor,Average,0.3585542540461045,0.6194955690797053,0.021879879627341434,7.02972468486935e-05
P01847,Excellent,Good,0.00010211968915584004,0.028537801734494498,0.7606598911655268,0.21070018741082297
P02002,Excellent,Excellent,0.00022827295023030334,0.012084432922596778,0.42153530538068557,0.5661519887464873
P04325,Excellent,Excellent,1.0841343264308406e-05,0.0016699290501402688,0.20616806215661304,0.7921511674499824
P06955,Excellent,Excellent,2.8548694896807883e-05,0.0020506222090044533,0.1824342939336463,0.8154865351624524
P02750,Average,Average,0.1133760391247776,0.8311494927427805,0.0553479915999479,0.00012647653249396143
P09559,Poor,Poor,0.959470823859654,0.040521555235973006,7.3763128603807486e-06,2.445915127819682e-07
P09918,Poor,Poor,0.9653855442979163,0.03460642382354751,7.309192902981127e-06,7.226856332883588e-07
P01643,Good,Excellent,2.499738788035825e-05,0.0012443481060782481,0.13241459128327585,0.8663160632227656
P00113,Poor,Poor,0.9660725353263598,0.033921038975395564,5.697042855621433e-06,7.286553890109741e-07
P01575,Poor,Poor,0.94961884648618,0.050369144852522335,1.1695664489331696e-05,3.1299680852765634e-07
P06147,Excellent,Excellent,1.5111297906277952e-05,0.0005235550334236382,0.0738092383145029,0.9256520953541673
P02062,Poor,Poor,0.9624653479015969,0.037504335601967746,2.9617677089880014e-05,6.988193452844814e-07
P03686,Good,Good,0.0009346626046238556,0.08018528445099078,0.7154038585432476,0.20347619440113762
P06737,Poor,Poor,0.7258040562365272,0.2737702738008387,0.00042348610844710047,2.1838541871528805e-06
P04759,Good,Average,0.005700712683204021,0.5773856283561429,0.4148009370340577,0.0021127219265953743
P06398,Excellent,Excellent,7.812625880322864e-06,0.0004638874979619437,0.08242200245372837,0.9171062974224293
P07059,Poor,Poor,0.9616208355504734,0.03834768270857145,3.077055175637511e-05,7.111891989310515e-07
P09202,Poor,Poor,0.9657297802246653,0.03426367570009831,5.808336655247886e-06,7.357385811420543e-07
P06692,Average,Average,0.05355345653135476,0.7237074350613868,0.22171060967587633,0.0010284987313819692
P09455,Excellent,Excellent,2.125356813643336e-05,0.0008890716786790665,0.10559304758977636,0.8934966271634082
P03752,Excellent,Excellent,1.54156814191445e-05,0.00034615307432952515,0.0697988217240205,0.9298396095202308
P05513,Excellent,Excellent,9.248119486274863e-06,0.00022492136971706948,0.04101182919665161,0.9587540013141451
P01350,Excellent,Excellent,2.252804142362954e-05,0.001065974379684514,0.12056431956505864,0.8783471780138331
P02674,Excellent,Excellent,4.86121868662444e-06,0.00021078912191041657,0.0448463861332315,0.9549379635261714
P01841,Good,Good,0.001777192216685058,0.16630327124627975,0.7729930924126335,0.058926444124401685
P01964,Average,Average,0.2889180346456766,0.7046487335581172,0.006412138832706204,2.1092963499922845e-05
P08367,Poor,Poor,0.8198662381083299,0.17997559303808286,0.00015435146231090744,3.8173912764697545e-06
P04231,Poor,Poor,0.9615241323937137,0.03844425482360367,3.089976918078247e-05,7.130135019321756e-07
P01427,Excellent,Good,0.00016099433684398825,0.07862497467176151,0.8287612546228147,0.09245277636857974
P03595,Good,Excellent,2.1667942780241277e-05,0.0006904620436251921,0.11282891412931943,0.8864589558842753
P04419,Excellent,Excellent,4.938630637306428e-06,0.0002164517392963592,0.04576399035450052,0.9540146192755657
P02008,Average,Average,0.02914205246072544,0.5930706681068314,0.3760461942551554,0.0017410851772877629
P07594,Good,Good,0.000578687460377859,0.10513386599071711,0.8033008497277576,0.09098659682114739
P09542,Good,Good,0.0007622911612013466,0.0787841243649323,0.7624949795175474,0.15795860495631892
P06807,Good,Good,0.0013565965037082108,0.24434309862065925,0.7241943010315365,0.030106003844096074
P02209,Good,Good,0.0003094836358559716,0.0775601212661187,0.7425659384072272,0.17956445669079807
P08535,Average,Good,0.003898389863875307,0.28478707347085674,0.6765653094261984,0.03474922723906952
P07695,Excellent,Excellent,1.3084793236097694e-05,0.0003934494002502955,0.06063531667661646,0.9389581491298972
P01971,Good,Good,0.0001514704501298846,0.014707193865422241,0.5539164468166891,0.4312248888677588
P07004,Poor,Poor,0.6267406002516713,0.37136949256310914,0.0018677111508350714,2.219603438442668e-05
P02983,Excellent,Excellent,3.328776743665959e-05,0.0017835230815494273,0.2149159191047278,0.7832672700462862
P01584,Poor,Poor,0.9660182095819554,0.03397534600143996,5.714648703716531e-06,7.297679010151881e-07
P00375,Excellent,Excellent,6.637927952007994e-06,0.00035518686734026776,0.06684115245785902,0.9327970227468487
P06870,Poor,Poor,0.793449197543593,0.20628707601065974,0.0002590119695024766,4.714476244830539e-06
P09216,Average,Average,0.10360111737976599,0.7769880440746765,0.11908622041137225,0.00032461813418534875
P01617,Good,Average,0.010969179516555797,0.5582487938850598,0.42741222053806704,0.0033698060603173548
P06934,Poor,Poor,0.9625294608309612,0.037440310301549026,2.9531001084506917e-05,6.978664052485748e-07
P07824,Poor,Poor,0.955623300608344,0.044363887524236964,1.1878590942609e-05,9.332764762387751e-07
P05241,Average,Average,0.009001085810037212,0.6163540703292031,0.3709527535603656,0.0036920903003940897
P08848,Poor,Poor,0.9595086544780085,0.04048368880034588,7.41229486114186e-06,2.444267844409463e-07
P00908,Good,Good,0.004418388976037778,0.3911386684414253,0.5993093125843991,0.0051336299981378525
P04405,Excellent,Excellent,3.564905193938238e-05,0.00269141639585672,0.22444191917934128,0.7728310153728626
P01706,Good,Good,8.531594182346364e-05,0.019503235335484263,0.7025279962697942,0.2778834524528981
P05719,Poor,Poor,0.9644857661081185,0.03550833562116333,5.6872363096340235e-06,2.1103440867270248e-07
P05821,Good,Average,0.003932837256427073,0.4966138781022979,0.49630180093337184,0.0031514837079031806
P09988,Good,Good,0.0015981259226588167,0.2475284577286654,0.7266841055548557,0.02418931079381994
P08655,Excellent,Excellent,1.071589222757361e-05,0.0007795880429080812,0.10948888653870775,0.8897208095261566
P09516,Excellent,Excellent,9.129894794816907e-06,0.0002196837137520386,0.04035712542152768,0.9594140609699254
P08803,Poor,Poor,0.9395757565097763,0.06035757203692914,6.556116117126757e-05,1.1102921231862423e-06
P01361,Excellent,Excellent,4.682561241119007e-06,0.00019804640313363225,0.042711633100936744,0.9570856379346886
P02542,Excellent,Excellent,7.574063380730935e-06,0.000919880388141518,0.15099530166603056,0.8480772438824471
P06238,Good,Average,0.005249238892676658,0.5029149711243405,0.4872217345876695,0.004614055395313356
P09014,Good,Good,0.0016084681992069646,0.15403892049877588,0.7422388509994089,0.10211376030260817
P01980,Good,Good,0.00024519580572056695,0.03465589103233923,0.6891980253396128,0.27590088782232736
P07323,Average,Average,0.151516552186827,0.8156481353945103,0.03273124162979258,0.00010407078887010932
P00774,Poor,Poor,0.9658974266596952,0.034096087313947254,5.753756317185902e-06,7.322700402258517e-07
P01951,Poor,Poor,0.9440405820837284,0.055899562627994864,5.8896347556697404e-05,9.589407198973419e-07
P05177,Average,Average,0.07821648562760966,0.8492245744790616,0.07237244420671131,0.00018649568661743322
P08676,Excellent,Excellent,3.596227072859957e-05,0.003128279767033094,0.2833132552126597,0.7135225027495785
P07784,Good,Average,0.12833719607406172,0.7621743911475914,0.1092462876706944,0.0002421251076524436
P08372,Good,Excellent,4.3985270166562156e-05,0.007999242933371597,0.4213918623133748,0.570564909483087
P05370,Excellent,Excellent,2.7206354117665933e-06,0.00014819555110116484,0.04439324189464942,0.9554558419188377
P03592,Poor,Poor,0.9642799461693182,0.0357140850849648,5.756338167215437e-06,2.124075498317029e-07
P09300,Excellent,Excellent,1.0867336224814415e-05,0.00017200882718773614,0.041749507672331376,0.9580676161642561
P08095,Good,Good,0.0035364166624757745,0.3365324555840106,0.655489680441072,0.004441447312441713
P05811,Excellent,Excellent,1.391603710873739e-05,0.00043859871448533836,0.06615140294337135,0.9333960823050346
P04945,Poor,Poor,0.9484906461722818,0.05149229862785678,1.5972451532200233e-05,1.0827483291962473e-06
P02998,Good,Good,0.0007598420475711168,0.16475348322861189,0.7611819950950479,0.07330467962876906
P08374,Average,Average,0.0556042216259393,0.7742761913824191,0.16967179392766826,0.00044779306397347744
P08394,Average,Poor,0.8079498042417437,0.19183887657937906,0.0002072966292845354,4.022549592580054e-06
P00305,Poor,Poor,0.6849782297138541,0.31437270008019247,0.0006425443842439952,6.525821709362658e-06
P04837,Excellent,Excellent,1.2525076682106024e-05,0.0010544134177908379,0.15337820705183527,0.8455548544536918
P08737,Excellent,Excellent,1.0764461975502622e-05,0.0001687577443353361,0.04118554443545845,0.9586349333582307
P05399,Average,Average,0.09554691905172069,0.8282053826589434,0.0761275380084276,0.00012016028090813665
P02661,Average,Average,0.02345538298286765,0.7140704978828795,0.2619609323694671,0.0005131867647858878
P05916,Good,Good,0.0007749749887150079,0.0994366405401805,0.7662988319978646,0.13348955247323988
P07403,Good,Good,0.0015767692293801312,0.11900600649989077,0.752449349306665,0.1269678749640641
P02110,Excellent,Excellent,2.904287762730147e-06,0.00016614723798620562,0.048036766332999255,0.9517941821412518
P03995,Excellent,Excellent,2.8484784754524463e-06,0.0001605300935962337,0.04691009672833168,0.9529265246995966
P01196,Good,Good,0.0003589057086981311,0.04375334017292186,0.7258469915723703,0.23004076254600958
P08371,Good,Average,0.08413102951359697,0.7335362624141943,0.18193661436120695,0.00039609371100179626
P08318,Average,Good,0.0021990777662317324,0.21054214393374615,0.7203959874174152,0.06686279088260694
P05907,Excellent,Excellent,3.4500560390839444e-05,0.005853974831868858,0.3775298203537314,0.6165817042540088
P04867,Excellent,Excellent,2.7144698966396074e-06,0.00014760632442684893,0.04427603835905202,0.9555736408466244
P02219,Poor,Poor,0.7705580016354885,0.22918420237657156,0.00025290901139865215,4.886976541201926e-06
P08599,Excellent,Excellent,3.804795561156702e-06,0.00026736593172655397,0.06653910211318433,0.9331897271595281
P06569,Poor,Poor,0.9540722497217785,0.04588519708892428,4.172038146739065e-05,8.328078299137322e-07
P06819,Excellent,Excellent,2.9742297453289525e-06,0.0001734686312714503,0.048960089968847625,0.9508634671701357
P05703,Poor,Poor,0.9653825900239349,0.0346093769339526,7.31029892070288e-06,7.227431916916255e-07
P07322,Excellent,Good,7.127600688391358e-05,0.008524351281709272,0.5014381727653563,0.4899661999460504
P07451,Excellent,Excellent,4.921658533642751e-06,0.00021489150202696773,0.045497354664171444,0.954282832175268
P01428,Poor,Poor,0.7316511493078284,0.2675003984705215,0.0008430488774401417,5.40334421003832e-06
P06366,Excellent,Excellent,4.642343881565249e-06,0.00019524315161642856,0.0422600566451281,0.957540057859374
P09589,Good,Excellent,5.984124381308617e-05,0.00718990399436642,0.4529387052785222,0.5398115494832983
P06495,Average,Good,0.003770751104334302,0.2816150846514683,0.6856870959894658,0.028927068254731677
P08631,Average,Average,0.021453852592806404,0.5513565698928643,0.4247219115420272,0.002467665972302089
P09488,Excellent,Excellent,8.496673503528428e-06,0.0005396862603217567,0.09228378813948247,0.9071680289266922
P06828,Average,Average,0.017413317676978006,0.5993545062826088,0.3799068378704955,0.003325338169917693
P01647,Poor,Average,0.32470784676458436,0.6723491520905571,0.0029253929673961313,1.760817746241102e-05
P05029,Excellent,Excellent,5.343764053864938e-06,0.0002467702513403156,0.050565426156115055,0.9491824598284908
P09602,Excellent,Excellent,3.4629922195450936e-06,0.00022722593345282551,0.05782713883959291,0.9419421722347348
P02640,Average,Average,0.14253795130752936,0.7990250658453316,0.05835175647674936,8.522637038968768e-05
P01180,Excellent,Excellent,5.706445323844218e-05,0.006622139189996945,0.39111420997019297,0.6022065863865715
P09494,Good,Good,0.00016277666076942065,0.0316799219178586,0.7358157246199447,0.2323415768014273
P02196,Average,Poor,0.5156438772294607,0.48313418167925987,0.0012102723810167295,1.1668710262692296e-05
P06572,Average,Average,0.04062010501379048,0.7340452812730547,0.22498131389279982,0.0003532998203549207
P00784,Excellent,Good,0.000569697931284594,0.08683377359257885,0.8014382523762239,0.11115827609991254
P09640,Poor,Poor,0.9640250880901134,0.035968855505299546,5.842289905031618e-06,2.1411468198162128e-07
P01097,Poor,Poor,0.9622788875638015,0.03771331787793929,6.987649500546872e-06,8.069087585543575e-07
P05596,Average,Average,0.11265768755821884,0.7523472306509439,0.13473851471792256,0.000256567072914679
P00923,Poor,Poor,0.9281124560804763,0.07186371672658393,2.3360127403623313e-05,4.670655361517316e-07
P08331,Average,Average,0.09432352657863187,0.8180887141295955,0.0874020283732258,0.00018573091854681624
P06951,Average,Average,0.038527886944962605,0.655057582752103,0.30582412207014437,0.0005904082327899873
P05402,Good,Average,0.01130712880681688,0.6276683528691167,0.35961242268376414,0.0014120956403023356
P02849,Poor,Poor,0.6517995151522522,0.3419558836993469,0.006215034427300696,2.9566721100208507e-05
P07441,Average,Average,0.11543637524750537,0.8006452457637041,0.08375353958689072,0.00016483940189988114
P00694,Good,Good,0.001451420419738885,0.21614184449107188,0.7294835416799724,0.05292319340921684
P06734,Average,Average,0.033297717845519645,0.7029203848601067,0.2631442838818265,0.0006376134125470949
P06240,Average,Average,0.0957819460950833,0.8376468563468144,0.06650755087317094,6.364668493142807e-05
P05477,Average,Average,0.013650720017815816,0.6530871444829413,0.3324213542958769,0.000840781203366164
P01155,Excellent,Excellent,2.2577329715753192e-05,0.0011819817961458378,0.1270546593124162,0.8717407815617223
P03281,Excellent,Excellent,5.039209851485166e-06,0.0002231584077255076,0.04656858449915334,0.9532032178832696
P00374,Average,Good,0.004084893315292528,0.3025531479843272,0.6760654816618895,0.017296477038490916
P08763,Good,Excellent,2.4211387743792304e-05,0.00308760045656428,0.24339696683708453,0.7534912213186074
P01286,Average,Average,0.19145076492887578,0.7359296012043011,0.07248477890092564,0.00013485496589753126
P02065,Poor,Poor,0.9246385236278668,0.0753268747317323,3.301889962534461e-05,1.5827407754922986e-06
P02028,Poor,Poor,0.6180239076558722,0.3807782841039001,0.0011933301651579234,4.478075069684012e-06
P07494,Excellent,Good,0.0008706196207941032,0.09786151016238931,0.7745574876826998,0.12671038253411668
P00139,Excellent,Excellent,1.410740588019466e-05,0.001223015037075154,0.15294527230815916,0.8458176052488854
P06856,Poor,Poor,0.9416812302083261,0.0583025441362454,1.585528230129855e-05,3.703731271182304e-07
P07099,Good,Good,0.0003377741728192366,0.08616451506657288,0.7573245728494462,0.1561731379111616
P08328,Good,Good,0.0005188897606053611,0.14443698056228893,0.785697143597608,0.06934698607949778
P05382,Poor,Poor,0.9642894388536598,0.035704595146870195,5.753657042036677e-06,2.1234242806190824e-07
P00457,Good,Excellent,7.844423911538561e-05,0.004397463923319525,0.2743214607616661,0.7212026310758989
P07616,Poor,Poor,0.9465918586096628,0.05339515158541847,1.2656205164538769e-05,3.335997541050867e-07
P03349,Good,Excellent,2.227206407345957e-05,0.0027886766195726552,0.2973077844872743,0.6998812668290796
P00415,Average,Average,0.3889540153997468,0.6059912259863371,0.005040442583412656,1.4316030503362462e-05
P03971,Poor,Poor,0.6700128290766111,0.32896011360880706,0.0010135900830449355,1.346723153692968e-05
P04834,Average,Average,0.013698553305401278,0.6721237573788581,0.31274223362702325,0.001435455688717313
P09959,Average,Average,0.3385774087576814,0.6495658265946622,0.011833472882876658,2.3291764779821345e-05
P09629,Poor,Poor,0.8451551620354933,0.15449622334943985,0.0003463276172999249,2.2869977668100384e-06
P05789,Poor,Poor,0.8947214218077829,0.10521314032846832,6.324333541261782e-05,2.1945283360866796e-06
P06095,Average,Poor,0.8421148948527633,0.15774249264635165,0.0001392956031563926,3.3168977286408543e-06
P01206,Average,Good,0.0019521963761962703,0.36917021420214635,0.6196719421964245,0.00920564722523284
P05729,Good,Good,0.0020939426967345564,0.22184823783377383,0.7229817664647721,0.05307605300471956
P05561,Excellent,Excellent,2.706668018794416e-06,0.00014686040397829237,0.04412088091065598,0.955729552017347
P09655,Poor,Poor,0.9298219286909044,0.07015548747831415,2.2120173344417665e-05,4.6365743714665706e-07
P01526,Average,Poor,0.6946722145557299,0.30415711773171644,0.0011648221036578803,5.845608895735173e-06
P05041,Average,Average,0.15677495200173824,0.7914237017931619,0.051732867992871516,6.847821222825934e-05
P09078,Average,Average,0.11333933531320567,0.7899075649520425,0.09636287667680563,0.0003902230579461167
P00284,Average,Average,0.24266344831613185,0.7432840579877323,0.013996082658409553,5.641103772614657e-05
P03904,Average,Average,0.495210822498547,0.4957195480160221,0.008998466865990333,7.1162619440495e-05
P02274,Poor,Poor,0.9612760992035009,0.03869194247541185,3.1241709817300004e-05,7.166112699066894e-07
P03679,Poor,Average,0.06325246286732875,0.7287974301580998,0.20729561472230537,0.0006544922522660906
P03321,Good,Good,0.0005246703721866994,0.10518699829662477,0.8204935895337998,0.07379474179738874
P00727,Good,Good,0.00012545600948254742,0.03180480564278513,0.7380521156662596,0.23001762268147263
P07760,Excellent,Excellent,4.649467058896055e-06,0.00019571978544250857,0.04233880026565792,0.9574608304818407
P01461,Average,Good,0.002659961903490571,0.3227223379454178,0.65332963579959,0.02128806435150154
P03609,Excellent,Good,0.00018659117905800053,0.04007162322130946,0.7428997671998016,0.21684201839983097
P03006,Good,Good,0.0009007485307115913,0.0946306374948589,0.7437982772461712,0.16067033672825828
P02391,Average,Average,0.11741488266812156,0.7713243151070065,0.11102849822947844,0.00023230399539360012
P09904,Good,Good,0.0008555231957145966,0.08442703985254993,0.7039368933558594,0.21078054359587603
P07706,Average,Poor,0.7128955087182185,0.28654484308353345,0.0005533450505286118,6.30314771932093e-06
P02327,Excellent,Excellent,1.0869252975007513e-05,0.00017222533184714785,0.041818478943694254,0.9579984264714836
P01519,Poor,Poor,0.9647642768599662,0.03522991619452967,5.597770156490648e-06,2.0917534757378243e-07
P09740,Average,Average,0.027902377974571263,0.7990998264376771,0.17266816634733462,0.00032962924041715646
P00423,Excellent,Excellent,4.650284057823739e-06,0.00019580094201029628,0.042355011740570964,0.957444537033361
P00469,Excellent,Excellent,5.054513470956693e-06,0.00022452511871249667,0.04706690435922915,0.9527035160085875
P02874,Average,Average,0.02714372925228344,0.6379340200964612,0.3331546574038075,0.0017675932474479324
P01792,Poor,Poor,0.9140919790821808,0.08578410378528908,0.00012247868609334422,1.4384464368603078e-06
P09338,Good,Average,0.1026907463411616,0.864684915764209,0.03255224341868538,7.209447594385688e-05
P00723,Excellent,Excellent,2.713679560148214e-06,0.0001475269467358916,0.04425231797182404,0.9555974414018799
P07001,Poor,Poor,0.6944657154349247,0.3039112025032562,0.0015994258601323013,2.3656201686788424e-05
P05575,Good,Excellent,1.8687257011744602e-05,0.002109465619243056,0.22233082951096966,0.7755410176127755
P01846,Excellent,Excellent,4.085182016848436e-06,0.00030339530330947956,0.07287955639177926,0.9268129631228943
P01056,Good,Good,9.571208040473769e-05,0.023428741771264024,0.7125998984904067,0.2638756476579246
P09947,Excellent,Good,7.706817703965671e-05,0.014989053496626464,0.5991783298191762,0.3857555485071577
P03504,Excellent,Excellent,2.051855142415905e-05,0.0005504222487479471,0.0884008075624267,0.9110282516374012
P08419,Poor,Poor,0.9621539141683391,0.03781534139537737,3.0041085259701167e-05,7.033510238280094e-07
P02058,Excellent,Excellent,1.6865838759538673e-05,0.0033527327082685486,0.32511847326949067,0.6715119281834813
P08418,Good,Good,0.00022508207639496217,0.03666100501260158,0.7568696251753397,0.20624428773566364
P05094,Poor,Poor,0.964775114422544,0.03521908225106217,5.594223195936211e-06,2.091031977705121e-07
P09577,Excellent,Good,0.0002680634068125567,0.0460213138292722,0.7578548881485595,0.19585573461535574
P00735,Good,Good,0.004860304033489825,0.29375728124171846,0.6801804364051882,0.021201978319603403
P06750,Average,Poor,0.5107540904201034,0.48712932021608996,0.0021101980115074796,6.391352299259191e-06
P06132,Good,Good,0.00013394506754884356,0.05442027969481465,0.7347300526604531,0.2107157225771834
P07137,Good,Average,0.15430536185554322,0.7465492593278555,0.0988642187647753,0.0002811600518259395
P05475,Poor,Poor,0.9645800648254174,0.03541299164137415,6.183609744736614e-06,7.599234635626911e-07
P01225,Average,Good,0.0018758902136007999,0.2643243847485437,0.7152065254362652,0.01859319960159028
P00523,Excellent,Excellent,0.00015150047112986483,0.01099280608015143,0.44632641899252795,0.5425292744561908
P02712,Good,Good,0.00016592820228031584,0.04541949252665782,0.7962240085378238,0.15819057073323795
P08033,Average,Average,0.1032627010458568,0.7041071804961,0.19212514001799078,0.0005049784400524047
P08188,Good,Good,0.002233812794737462,0.15466264963846357,0.6840301322632645,0.15907340530353437
P09615,Good,Average,0.024596844533006416,0.6075029128131371,0.36585051821778336,0.0020497244360730424
P03532,Average,Average,0.034416832089873256,0.6790829849257546,0.28576609325465707,0.0007340897297151838
P02066,Excellent,Excellent,5.62245477126034e-06,0.00026709314812840916,0.05278999626455785,0.9469372881325425
P05451,Excellent,Good,0.0003036572645754472,0.034394897832796346,0.7313118825737438,0.23398956232888443
P07888,Excellent,Excellent,8.695167389321648e-06,0.0005523250663903298,0.08515383252510346,0.9142851472411168
P08478,Poor,Poor,0.9444819811755656,0.05546012412656404,5.6858874190657454e-05,1.0358236796174243e-06
P09984,Average,Average,0.02427489284921357,0.6719810575919948,0.30312724487913717,0.0006168046796544975
P07593,Average,Average,0.06577278237450761,0.8130894494262003,0.12089615000172944,0.00024161819756261655
P03593,Excellent,Excellent,3.0435584335511667e-06,0.0001802681977655952,0.05084932112447315,0.9489673671193277
P07723,Poor,Average,0.10523033399572289,0.7612372681021761,0.1331321232223999,0.00040027467970114747
P01082,Average,Average,0.05404636713790431,0.8069640028019927,0.13870629826207628,0.0002833317980267137
P02086,Excellent,Excellent,3.1931862633012795e-06,0.00019604351785165288,0.053866052649011405,0.9459347106468736
P01068,Poor,Poor,0.9626277422665395,0.037342163150564545,2.9398157240198393e-05,6.964256556896243e-07
P05383,Poor,Poor,0.9619903330063755,0.03800293060115289,6.508698555180896e-06,2.2769391636843708e-07
P03419,Poor,Poor,0.9651325197186635,0.034859339841891136,7.41223364413846e-06,7.282058012036236e-07
P07234,Good,Good,0.0015271571939379533,0.12232133745950406,0.6838874732303301,0.19226403211622797
P09594,Average,Average,0.02066192677276652,0.6160577824225434,0.36206735051657196,0.0012129402881183495
P05238,Poor,Average,0.26843337571979015,0.7189688246975172,0.0125674120771486,3.03875055440623e-05
P02935,Average,Average,0.12096346662544633,0.8644295903730904,0.014569710720786864,3.723228067651714e-05
P08946,Average,Average,0.09961655536065164,0.8143914403165115,0.0857830001162452,0.00020900420659189254
P02479,Average,Average,0.06512157426231896,0.8829089966206697,0.05181485750443958,0.00015457161257176439
P05947,Poor,Average,0.2586876441353916,0.7359275453096563,0.0053765232173121616,8.287337639962435e-06
P07104,Excellent,Good,0.00010096985444722238,0.026893847498297138,0.7125927742112129,0.2604124084360428
P01176,Good,Good,0.00014405009727458065,0.015338638395566432,0.59251509811761,0.392002213389549
P03719,Poor,Poor,0.9501332660051476,0.04985548410983348,1.0941557283357758e-05,3.083277355426376e-07
P02011,Good,Good,0.0016391759478048603,0.1653304129317415,0.767965341164244,0.06506506995620967
P07655,Average,Poor,0.6262872003952948,0.36604689060735984,0.007630561565640633,3.534743170461053e-05
P04200,Poor,Poor,0.9548504448784315,0.04513891748932673,9.659930579537189e-06,9.777016622434916e-07
P09850,Excellent,Excellent,1.087153165888306e-05,0.00017228222744335525,0.041826968998406384,0.9579898772424913
P00220,Excellent,Excellent,1.9989534178582266e-05,0.0008596797779987276,0.10390427434194513,0.8952160563458775
P01682,Good,Good,0.0013571133483760785,0.17116754681349605,0.7513972193926653,0.07607812044546257
P07676,Good,Average,0.12968733910356683,0.7061055825419623,0.16372137637031767,0.0004857019841531985
P00689,Excellent,Good,0.0006331362776964877,0.07229208411842789,0.7263757200576368,0.20069905954623884
P04533,Excellent,Excellent,3.7154961844972136e-05,0.006933756209254176,0.4339261288633974,0.5591029599655035
P02561,Excellent,Excellent,1.2737892806519179e-05,0.001063122400559705,0.15300765536825775,0.845916484338376
P05685,Good,Excellent,1.1124958545832286e-05,0.0019245875985474058,0.2323235295377002,0.7657407579052066
P03902,Excellent,Excellent,2.311341014195999e-05,0.0024679127968871336,0.2433201950588006,0.7541887787341705
P08012,Good,Good,0.0003372901828025666,0.09180318360794146,0.7742922952232825,0.1335672309859734
P06090,Excellent,Excellent,8.136340883458743e-06,0.00048462783965511346,0.08387683603751435,0.915630399781947
P01533,Poor,Average,0.13614141060513404,0.7776935454127734,0.08597132323233203,0.0001937207497606655
P09534,Average,Average,0.08972287961516139,0.703441962197433,0.2060417230989717,0.0007934350884338591
P06696,Average,Good,0.003722452298557854,0.40611216440613657,0.5859976499811597,0.004167733314146076
P03097,Good,Excellent,4.8218428598357304e-05,0.0026635170689148905,0.2157633424536322,0.7815249220488546
P02966,Average,Average,0.0781468513035894,0.7599709125275759,0.161516905529751,0.00036533063908386534
P06241,Excellent,Excellent,7.029164278423e-06,0.0003899182756301032,0.0724116248332233,0.9271914277268681
P06584,Poor,Poor,0.6120002312699528,0.3872192685830228,0.0007719826232440793,8.517523780290502e-06
P04465,Excellent,Excellent,1.0638266229871845e-05,0.001728923168086101,0.23098337208519534,0.7672770664804887
P04204,Good,Good,0.0008259854732772251,0.11039570085575331,0.809888918742878,0.07888939492809134
P02759,Poor,Poor,0.9335531828040924,0.06636673445908463,7.89280596527898e-05,1.1546771701539064e-06
P08754,Excellent,Good,0.0012710744289956017,0.16413762240962562,0.7505674376122975,0.08402386554908128
P02862,Good,Good,0.0034072637759234195,0.25048807584665234,0.7060204901763059,0.04008417020111848
P01573,Good,Average,0.028244281946003442,0.6874439576531727,0.28330398065196916,0.001007779748854792
P00073,Excellent,Excellent,4.916242481103782e-06,0.0002147827893742735,0.04553252153004398,0.9542477794381007
P03196,Excellent,Good,0.00048396775319824127,0.06894466393313786,0.7769201050819435,0.15365126323172046
P07773,Poor,Poor,0.7716595499643913,0.2280126766427951,0.0003227803575650497,4.993035248555028e-06
P03845,Average,Good,0.0019664103460125914,0.1373285447680836,0.7611793778514183,0.09952566703448552
P01178,Good,Good,9.932813824435644e-05,0.022051114603138702,0.6455441941063643,0.33230536315225256
P08156,Excellent,Excellent,9.576750749399411e-06,0.0002376167152051208,0.04268999121526519,0.9570628153187802
P01092,Good,Good,9.446853774446619e-05,0.027513664042170476,0.7245726262955311,0.24781924112455395
P08275,Poor,Poor,0.9648439412909274,0.0351492059621187,6.098433563081982e-06,7.54313390585464e-07
P02386,Excellent,Excellent,5.103343073209601e-06,0.00022841026889387306,0.04772470161978033,0.9520417847682525
P01297,Excellent,Excellent,4.641988058030675e-06,0.00019521820149326038,0.04225585002627168,0.9575442897841769
P06776,Good,Good,0.0028221396184611577,0.2653487830898319,0.6987179205243185,0.03311115676738848
P09591,Poor,Poor,0.9543722908157999,0.04561681593459249,9.912402953225552e-06,9.808466543838358e-07
P06699,Good,Good,5.823486281730391e-05,0.01944873005388624,0.6595988975212956,0.32089413756200086
P04006,Good,Excellent,0.00016684679495422667,0.005251898896447451,0.2888394905246649,0.7057417637839335
P02294,Poor,Poor,0.9617714438916264,0.03822172615265575,6.6007532036769455e-06,2.2920251428964006e-07
P02405,Poor,Poor,0.8627148026860753,0.1372018383861506,8.23781625581576e-05,9.807652160174572e-07
P08998,Poor,Poor,0.9612207349934536,0.03874723727009007,3.1309707857852636e-05,7.180285984732096e-07
P00395,Average,Average,0.13014034209840547,0.7792203652446253,0.0903860051454387,0.0002532875115306576
P03790,Average,Good,0.0038323112630461826,0.40193003211128375,0.5898612869844928,0.00437636964117723
P07369,Excellent,Excellent,2.70556692652979e-06,0.00014675629495996707,0.044099184158242155,0.9557513539798714
P00386,Average,Average,0.22589268209728125,0.7390863654727824,0.034927828314230816,9.312411570546262e-05
P00572,Average,Average,0.017387853865570162,0.7132579292349003,0.2680917841831075,0.0012624327164222117
P02569,Good,Good,0.004599067844755204,0.44078138430342967,0.5511564995231746,0.0034630483286405157
P01011,Poor,Poor,0.9376497098630964,0.06233214400331896,1.774986304193652e-05,3.962705428097941e-07
P04371,Good,Average,0.022296972973206774,0.6233695277125293,0.35222707177424606,0.0021064275400179662
P00198,Poor,Poor,0.9619637394144863,0.0380267537107414,8.71349391474443e-06,7.933808575524258e-07
P09650,Average,Poor,0.7536542118015637,0.2455630658690262,0.000771436211943826,1.128611746634989e-05
P00303,Poor,Average,0.2677670455871953,0.7167746913427436,0.015408013606867586,5.0249463193551703e-05
P03356,Average,Average,0.05272065010161841,0.7374778124977825,0.20935591984470106,0.0004456175558978407
P05980,Poor,Poor,0.9638121454792596,0.036180638646002065,6.438669381011136e-06,7.772053571486709e-07
P09465,Good,Good,0.0004747718502102127,0.11188617389908985,0.7786843113875531,0.1089547428631468
P01807,Poor,Poor,0.9398547043434727,0.060122413812770684,2.1614204541844708e-05,1.2676392147135093e-06
P07534,Average,Average,0.3957545881591399,0.6014127171039545,0.002821523609678509,1.1171127227078126e-05
P03335,Good,Good,0.0007793305508037224,0.1587322797340097,0.75669092069669,0.08379746901849655
P00972,Average,Average,0.03260093406556809,0.7789968304002771,0.1880766456423618,0.00032558989179297127
P01181,Excellent,Excellent,1.119604087702686e-05,0.001772865458642272,0.19685450003425722,0.8013614384662235
P05581,Excellent,Good,0.0004586946775964037,0.12338373273973742,0.8090229523289855,0.06713462025368064
P04651,Poor,Poor,0.9460779531070226,0.05386627743197859,5.481503398420121e-05,9.544270145129543e-07
P08496,Average,Average,0.08465016171411574,0.8484276766480989,0.06674317786929161,0.00017898376849372565
P00515,Good,Excellent,5.939816824518573e-05,0.0049014977742647785,0.32773738699213334,0.6673017170653567
P00286,Good,Good,0.003154383861096184,0.3524635660748752,0.6403119035749614,0.004070146489067079
P09121,Average,Average,0.1537564211401113,0.7949097331341778,0.051140515019477396,0.00019333070623350104
P04736,Excellent,Excellent,1.1099438724842762e-05,0.00018004853228002895,0.04324407497102195,0.956564777057973
P00575,Poor,Poor,0.9335614743822411,0.06635847509509084,7.89329451720446e-05,1.117577496092957e-06
P08917,Good,Good,0.0030562115537253066,0.18923250691114726,0.7375752969963675,0.07013598453876004
P04323,Poor,Poor,0.9653275816782952,0.034665735403839576,5.938768602932911e-06,7.441492620166923e-07
P07010,Poor,Average,0.3985591384248238,0.5979182929678403,0.003504826191763155,1.774241557271469e-05
P09530,Good,Good,9.263049747521234e-05,0.025974052524679374,0.7204292355320262,0.25350408144581915
P01470,Excellent,Excellent,5.09818876765373e-05,0.005462309080062288,0.35236924935678826,0.6421174596754728
P03577,Good,Good,0.003456045614189414,0.2377854433007352,0.6986300590839588,0.060128452001116564
P09310,Poor,Average,0.150367337129642,0.7699520910400192,0.07955645987484192,0.00012411195549695892
P09196,Poor,Poor,0.9657124340909891,0.03428101570821775,5.814101489768015e-06,7.360993033844292e-07
P00470,Poor,Poor,0.9393552341798548,0.06062159306475231,2.189951642646224e-05,1.2732389663358863e-06
P03427,Good,Good,0.0004480916932224664,0.05085635361949581,0.7545766986213475,0.19411885606593418
P00439,Average,Average,0.2824239652445802,0.6982766403265122,0.01923526998181311,6.41244470945213e-05
P04037,Poor,Poor,0.9654088903856037,0.03458309441166263,7.293344117452142e-06,7.218586162467512e-07
P06960,Good,Average,0.31168138892721176,0.675130215839451,0.01315820591014248,3.018932319465772e-05
P00285,Excellent,Excellent,4.777975447648565e-06,0.00020483283795437855,0.04387302714843414,0.9559173620381639
P06377,Average,Good,0.001561073035612367,0.1409152087376641,0.7428515076091177,0.11467221061760584
P05174,Average,Average,0.049004100534724655,0.6738717317960315,0.27633200546500286,0.0007921622042409574
P03667,Good,Good,6.246977164915147e-05,0.03280349835798506,0.7369573111263201,0.2301767207440457
P03491,Excellent,Excellent,3.0406470371677384e-06,0.00017872757753548786,0.05046542288915425,0.9493528088862732
P05323,Poor,Poor,0.9660899953495196,0.033903584930568234,5.691435187872326e-06,7.282847244151794e-07
P05312,Good,Good,0.0001571201831444446,0.043075394060287604,0.830316402737327,0.12645108301924102
P09619,Average,Average,0.034347239323799586,0.6613313997263676,0.3031688824780166,0.0011524784718163605
P07481,Average,Average,0.37567580693114017,0.6189577916083014,0.005355527818322135,1.087364223627111e-05
P08483,Good,Good,0.0043059864855685475,0.400862239155438,0.5865774348984814,0.008254339460512057
P04582,Average,Good,0.0009559737889931984,0.18864198715689603,0.7541888860391782,0.056213153014932446
P02636,Good,Good,8.592059504970713e-05,0.03615177519700951,0.7296850395632006,0.23407726464474016
P06500,Good,Good,0.0028933743614516804,0.36794111570617977,0.6237764314449146,0.005389078487453938
P09079,Good,Excellent,1.3104611805085458e-05,0.0004034128419434045,0.06156817548260243,0.9380153070636491
P04461,Good,Good,0.0005172342485755618,0.07482065791089391,0.794067234359976,0.1305948734805546
P06791,Average,Average,0.43217906969272685,0.5586314126805138,0.009119857401299603,6.96602254598927e-05
P03773,Excellent,Excellent,9.24524535205635e-06,0.00022421641258308958,0.040954049185492385,0.9588124891565725
P03514,Poor,Poor,0.9549457367005111,0.04501302706704733,4.0421846580460145e-05,8.143858610547896e-07
P06562,Good,Good,0.0013687128670905986,0.18312205706431822,0.7617241026039051,0.05378512746468598
P03768,Good,Average,0.14531781782381029,0.6941008168100044,0.15999600282582582,0.0005853625403595886
P01024,Excellent,Excellent,1.2341883659165318e-05,0.00022466739078591763,0.05100656876219549,0.9487564219633593
P03268,Excellent,Excellent,2.1049679788660507e-05,0.007013098239169386,0.4519772073682101,0.5409886447128318
P05665,Average,Good,0.0044870419400441,0.32010552020523564,0.655994113003557,0.01941332485116328
P04566,Poor,Average,0.39781463638281317,0.6001886378437232,0.001990722870276733,6.002903186893926e-06
P05858,Good,Good,0.002072998551976005,0.2461558591071616,0.7252925235896233,0.02647861875123925
P07639,Average,Average,0.07111897033814499,0.7472550751901306,0.18088425332527,0.0007417011464544829
P02725,Poor,Poor,0.923387337946941,0.07650989592856151,0.00010153439425934732,1.2317302382643545e-06
P03761,Good,Good,8.095986819535072e-05,0.010976745836623024,0.5354149649356136,0.4535273293595679
P08824,Good,Good,0.0021825460136587977,0.24407601846038857,0.7064778011441685,0.04726363438178431
P05363,Poor,Average,0.0371576162803912,0.7243946528247759,0.23777929411066587,0.0006684367841671001
P06430,Good,Good,0.0009913535554036761,0.17369057996868076,0.7897615929306152,0.035556473545300504
P06761,Average,Average,0.030158734196552486,0.7048055000750607,0.2645233082298908,0.0005124574984961259
P08547,Average,Average,0.02019838533983345,0.6793483453007012,0.29796729978854875,0.002485969570916733
P08252,Poor,Poor,0.9378903479931078,0.062090063485344474,1.8274491555760304e-05,1.3140299919034672e-06
P04160,Average,Average,0.06274227899557996,0.8991454456681515,0.037798183996944366,0.00031409133932427
P03586,Good,Excellent,5.094755197058067e-06,0.00022780971818356407,0.04743155532529072,0.9523355402013287
P01881,Excellent,Excellent,3.7240291043965126e-06,0.0002582300537356301,0.0651749513888294,0.9345630945283306
P05407,Good,Good,0.0033828214992153247,0.2513660225622214,0.7088252683298487,0.03642588760871454
P02688,Excellent,Excellent,9.116202251513233e-06,0.00021913970489700552,0.04028572055972821,0.9594860235331233
P07879,Poor,Poor,0.9558333887990771,0.0441562362599814,9.429025486022132e-06,9.459154553980222e-07
P04826,Good,Good,7.828794544707651e-05,0.021914649133387185,0.6209336391545471,0.35707342376661855
P00089,Excellent,Excellent,2.7619568668172657e-06,0.0001521514468438207,0.04519818167676094,0.9546469049195284
P08971,Good,Good,0.003659736008161242,0.4720816407423239,0.5209378321845036,0.0033207910650112256
P00583,Poor,Poor,0.9267227931844394,0.07325056866708052,2.509499212244008e-05,1.5431563576903656e-06
P05093,Average,Average,0.4616513525792111,0.5306096970319172,0.007717057507131206,2.189288174058732e-05
P09600,Average,Average,0.14103639949402874,0.7458309419568014,0.11276688266326627,0.00036577588590366595
P07313,Average,Average,0.02612023490533793,0.7101250403315377,0.2632936552064052,0.00046106955671902075
P02590,Excellent,Excellent,2.8840836238863963e-06,0.0001639525729927012,0.04757788963230259,0.9522552737110808
P04425,Average,Average,0.040484393416499447,0.7249125805199668,0.23408685073418736,0.0005161753293465339
P01892,Excellent,Excellent,1.2357893886750635e-05,0.0003723819427130744,0.0584102005529631,0.9412050596104371
P03337,Poor,Average,0.2040645894520917,0.7760652806658532,0.01983507168823142,3.5058193823735486e-05
P09198,Average,Average,0.006550184208849239,0.6932343458346432,0.2955974649462502,0.004618005010257438
P07449,Good,Good,0.0003526500745423068,0.043874385781111504,0.7263000417306582,0.2294729224136879
P00101,Poor,Poor,0.7493638013144502,0.25028122926820817,0.0003530175419170598,1.9518754244119427e-06
P09289,Poor,Poor,0.7894264808297908,0.21033359654898745,0.00023832653436947946,1.5960868522282472e-06
P04399,Average,Poor,0.8621627252225355,0.13773234578212432,0.00010159414158446342,3.3348537556543496e-06
P05979,Average,Average,0.16662869246057008,0.7983260300318588,0.034994199204355945,5.1078303215193935e-05
P05516,Average,Average,0.09120141980835093,0.797967717006508,0.11068158922896276,0.00014927395617833763
P09780,Poor,Poor,0.926019316525147,0.07388388701941169,9.560023009886912e-05,1.196225342474878e-06
P08701,Good,Good,0.0013260947480627807,0.11770200180410613,0.7151732411138217,0.16579866233400942
P05204,Poor,Poor,0.9625273189092676,0.03744244925014271,2.95339482931133e-05,6.978922967152279e-07
P06285,Good,Good,0.0011310222374979657,0.12935943049169651,0.7840329888326814,0.08547655843812424
P02009,Excellent,Excellent,1.3497825734687427e-05,0.0004320155781434642,0.06488719356740669,0.9346672930287152
P09337,Excellent,Good,0.00016284394882515516,0.02960554317873111,0.7105159293287764,0.25971568354366725
P02054,Excellent,Good,0.00030062855610490637,0.080039842218037,0.7598707027662739,0.15978882645958417
P08311,Good,Good,0.002658153886390179,0.3745927277429729,0.6136082029239337,0.009140915446703196
P06837,Poor,Poor,0.7258151301986298,0.273927245121538,0.0002555078615672685,2.1168182651711268e-06
P07984,Good,Good,0.0004753304139696973,0.09030689601225679,0.8228006779399579,0.08641709563381571
P09826,Excellent,Excellent,1.1407033289501987e-05,0.00019053742138960833,0.04509752099567973,0.9547005345496412
P03128,Poor,Poor,0.949438005265084,0.05051167740447183,4.943073732701347e-05,8.865931172067851e-07
P08433,Average,Good,8.709864470239661e-05,0.03035583263880271,0.6899055050121132,0.2796515637043816
P00076,Average,Good,0.0029288103308191546,0.22057431714844375,0.729775009851205,0.04672186266953196
P03452,Good,Good,0.002843138065971632,0.20146588666760143,0.7252965924096342,0.07039438285679278
P03122,Excellent,Excellent,4.6916788590052524e-06,0.00019871587585106143,0.04284760803984968,0.9569489844054402
P07178,Average,Average,0.07264401387280657,0.7164464248552586,0.2104553393137573,0.00045422195817751366
P08428,Average,Average,0.04988774641519384,0.7964911458471898,0.1533739648490819,0.00024714288853433714
P01126,Poor,Average,0.22401673637228314,0.7571555205220094,0.018792492435859846,3.525066984755518e-05
P07869,Excellent,Excellent,6.195765368121904e-06,0.0003147908239502436,0.06119498753050117,0.9384840258801805
P08450,Excellent,Excellent,4.736570952787724e-06,0.00020190327987236955,0.04338918720934935,0.9564041729398255
P03155,Good,Average,0.013713054317119956,0.50372562180083,0.47943831174056883,0.0031230121414811624
P09492,Poor,Average,0.40050182699515063,0.58691015367773,0.012518894276031634,6.912505108765308e-05
P04041,Excellent,Excellent,5.7337595933658085e-06,0.0002769403045866283,0.05505222306064636,0.9446651028751736
P05533,Excellent,Good,0.0007580934560939902,0.07404430767738829,0.7125404267968861,0.2126571720696315
P04102,Excellent,Good,0.0006224814055411349,0.06439130900672986,0.7422798623970014,0.1927063471907277
P03445,Average,Average,0.13373647551387166,0.750092146161155,0.11588393019523938,0.00028744812973389424
P06408,Excellent,Excellent,5.523969629050279e-06,0.0002608423361365907,0.052910596503534406,0.9468230371906999
P03805,Excellent,Excellent,1.413281872106332e-05,0.0002940425183324637,0.06176450291958111,0.9379273217433655
P06422,Good,Average,0.047829255278856724,0.6605303845397065,0.28996012764982537,0.0016802325316114216
P03383,Average,Good,0.004434128670430532,0.3510156272896884,0.6315657683774719,0.012984475662409272
P05042,Excellent,Excellent,2.0251172727895226e-05,0.002131978596236195,0.255620287331611,0.7422274828994249
P02814,Excellent,Excellent,2.103461868887977e-05,0.0007080439097308767,0.11936375717798531,0.879907164293595
P00467,Poor,Average,0.15061236430522465,0.7976427368881474,0.05167294768188255,7.195112474546351e-05
P04068,Good,Average,0.005712267734279641,0.5032312541159585,0.48725918477405544,0.003797293375706472
P09396,Good,Excellent,6.136436941055282e-05,0.002959214885109568,0.2674060010290835,0.7295734197163964
P08126,Good,Excellent,3.348680487377004e-06,0.00021180890903499047,0.05640748647691489,0.9433773559335628
P09331,Average,Good,0.015752723388231686,0.4687492884443371,0.5100573942211517,0.005440593946279451
P03064,Average,Average,0.1467931772872538,0.7808069415221962,0.07217095000942719,0.00022893118112275295
P03059,Good,Good,0.00040752250743348695,0.061720587509441246,0.7261869981133023,0.21168489186982298
P00983,Good,Good,0.00013299665037628185,0.048341557024460885,0.7436147238148818,0.20791072251028106
P01411,Excellent,Excellent,1.458486785230738e-05,0.0031599639122880034,0.2715437137855455,0.7252817374343142
P06005,Good,Good,0.0004982840146105787,0.08692780749677409,0.8203149295656116,0.09225897892300361
P08360,Good,Average,0.011399376121358891,0.5513848129906536,0.4349334185359334,0.002282392352054124
P04670,Poor,Average,0.12419743351440152,0.7394411068729332,0.13608960320633728,0.00027185640632799697
P00839,Excellent,Excellent,5.579314268291674e-05,0.004084468908859505,0.3255536297455906,0.6703061082028671
P03602,Good,Good,0.0007159105404225996,0.08515247990913372,0.6998790629322811,0.2142525466181626
P00622,Good,Average,0.023885058639240255,0.5663390967513544,0.4070941429873694,0.002681701622035908
P05523,Poor,Poor,0.7269070931149637,0.2726678678484045,0.00041863399175933797,6.4050448724433275e-06
P09452,Good,Excellent,8.730702848915487e-05,0.007274866324097903,0.442692037671896,0.5499457889755169
P08735,Good,Average,0.020642758674387474,0.5481139412039996,0.42900295673850414,0.0022403433831086816
P02608,Excellent,Excellent,1.3909252291089004e-05,0.00044782886141338024,0.06663187442699207,0.9329063874593034
P01078,Excellent,Excellent,2.7810682291302646e-05,0.0010180179884027505,0.13752639328544913,0.8614277780438567
P01012,Average,Average,0.1648119793270206,0.6954227488257974,0.13945661346736998,0.00030865837981206137
P06194,Good,Excellent,1.4533454576840638e-05,0.00030507881219380827,0.06248866198839668,0.9371917257448326
P02798,Poor,Average,0.48593624862130175,0.5121883255065389,0.001865255282608527,1.0170589550749102e-05
P05616,Excellent,Excellent,1.2015559135933233e-05,0.0002121483172135888,0.04878886160426881,0.9509869745193817
P04426,Good,Good,0.0046869555937256715,0.3143657948343968,0.6613446075808253,0.019602641991052328
P04654,Excellent,Good,0.00027851265087266975,0.05015264226224254,0.7808043097458319,0.16876453534105273
P02116,Excellent,Excellent,1.2087199647989294e-05,0.00021053477831710083,0.04779951795239984,0.951977860069635
P06465,Poor,Poor,0.6703091500644889,0.32339321602964644,0.006263200539541328,3.4433366323329e-05
P04378,Average,Good,0.002092605703658442,0.23247067492034473,0.7207463397625906,0.04469037961340614
P07167,Good,Good,0.0006559749877755107,0.06932023120088335,0.7509888416672047,0.17903495214413645
P01412,Good,Good,0.00027520293306348455,0.04846829980371213,0.8091010996026297,0.14215539766059468
P00875,Poor,Average,0.1128294137259639,0.8310159501782071,0.05595004970600502,0.00020458638982416593
P08921,Poor,Poor,0.9548057480525752,0.04518099435693047,1.23107610979063e-05,9.468293963357815e-07
P07305,Average,Average,0.057363411378852855,0.7487791831339108,0.19323185782979233,0.0006255476574440035
P06071,Good,Excellent,3.7564284220783195e-05,0.002533877182730569,0.2779927760103808,0.7194357825226678
P00480,Average,Good,0.003408788522020785,0.4063358949534498,0.5856946787223184,0.0045606378022110495
P06912,Good,Good,0.006157591708646402,0.32121790561116875,0.6460384931216836,0.026586009558501232
P06957,Good,Good,0.0004933380930237938,0.08698864858494393,0.7482597608876409,0.1642582524343914
P09242,Average,Average,0.14491238887143607,0.8291810327663154,0.02583580402699546,7.077433525307507e-05
P01467,Poor,Average,0.36390726679587243,0.6331965887474892,0.002890370012504069,5.77444413439103e-06
P04510,Excellent,Excellent,2.8146820981768537e-06,0.00015711647905539036,0.04622359658385527,0.9536164722549912
P00246,Average,Average,0.10606160389085852,0.777215706908084,0.11630903255848526,0.00041365664257232335
P03651,Average,Poor,0.6729525711130686,0.3262425836869204,0.0008013827154155998,3.4624845953727208e-06
P02417,Excellent,Excellent,2.862000737086512e-06,0.00016189535375500235,0.047185061101536876,0.952650181543971
P03730,Average,Good,0.0018463582263545874,0.1822547486208214,0.7099316838293478,0.10596720932347635
P04244,Good,Good,0.0009513701492332457,0.10049503231584031,0.732799446160017,0.16575415137490931
P02635,Average,Average,0.04998780032877322,0.8797176009363824,0.07014027150237226,0.00015432723247197873
P06531,Good,Good,3.61944711318093e-05,0.014768949908415896,0.5744980051380484,0.4106968504824039
P08171,Poor,Poor,0.9610130962393457,0.03897862399623151,7.446586403678858e-06,8.331780192667121e-07
P04434,Good,Good,0.0031301813828521615,0.2646479333907308,0.687226571518783,0.0449953137076341
P00162,Poor,Poor,0.9258931372341345,0.07408077111365408,2.5603406405656112e-05,4.882458057523102e-07
P02078,Poor,Poor,0.944680901797925,0.05530509711345294,1.365558165270653e-05,3.455069694723502e-07
P07148,Excellent,Excellent,2.8000851086795735e-06,0.0001559015551121947,0.045952445188780715,0.9538888531709985
P09412,Excellent,Good,0.0022520390789561697,0.1875968685723525,0.7097021981185221,0.10044889423016923
P03271,Average,Poor,0.6287988324261017,0.3654649503138272,0.0057112677899115545,2.4949470159516707e-05
P07152,Average,Average,0.07569684492772184,0.7686980773648117,0.15518324816291726,0.0004218295445493942
P08652,Average,Average,0.053706516742096345,0.7584699797790713,0.1874199725277452,0.0004035309510873973
P06037,Average,Average,0.22283555830948443,0.7696216869187986,0.007527358756590251,1.5396015126623647e-05
P05369,Poor,Poor,0.9584341129885914,0.04155776554200161,7.869569553883896e-06,2.5189985306470026e-07
P09890,Good,Average,0.0243201062409175,0.690652232517428,0.2843874332267473,0.0006402280149071372
P04136,Excellent,Excellent,1.506431465957203e-05,0.0003355499392192239,0.06753892523667962,0.9321104605094416
P01788,Poor,Poor,0.964790831162798,0.035203370749235796,5.589089707316516e-06,2.089982585942198e-07
P04410,Average,Average,0.09307197589270086,0.8746829351484559,0.03215684233397318,8.824662487020459e-05
P09937,Good,Good,0.0006127257529088825,0.0778310095286905,0.732797108559914,0.18875915615848674
P09859,Average,Average,0.16139295920083704,0.8256338851064268,0.012958830286019343,1.4325406716934153e-05
P03671,Average,Average,0.04084166109813662,0.6623451414756796,0.295652347805939,0.0011608496202448555
P04812,Excellent,Excellent,8.532546129825393e-06,0.0005213877440190273,0.08108191527272131,0.9183881644371299
P02842,Good,Good,0.0015178005902554551,0.2350991901131748,0.7407362467341361,0.02264676256243383
P06535,Average,Good,0.0035012675585302335,0.3964245980770293,0.5955127459098187,0.004561388454621744
P05852,Good,Good,0.001511468233628146,0.16797538312173202,0.7412351833821951,0.08927796526244482
P02317,Poor,Poor,0.8746634656887534,0.12525460031293614,7.939794582671548e-05,2.536052483778935e-06
P08086,Excellent,Excellent,7.848080879477405e-06,0.0009498937642911579,0.14438385099283554,0.8546584071619939
P05936,Good,Good,0.0036594957349114004,0.44480455188017887,0.5474357907605726,0.004100161624337144
P04931,Good,Good,0.0011317301766680943,0.10607531853984474,0.7766730710841838,0.1161198801993033
P02200,Poor,Poor,0.9550974156659343,0.04489188923442976,9.737441997821556e-06,9.576576379469332e-07
P08229,Excellent,Excellent,1.079246820007631e-05,0.0001695783594244984,0.04132161970647614,0.9584980094658994
P03040,Poor,Poor,0.9617582599514523,0.03821045256226028,3.057786523195634e-05,7.096210554972943e-07
P03910,Good,Good,4.171552654455896e-05,0.012090086651216131,0.5474688691935987,0.4403993286286406
P08409,Excellent,Excellent,1.0567371985868433e-05,0.0002789418369649968,0.0478677526071663,0.9518427381838829
P04446,Poor,Poor,0.8349286115260424,0.16492684981830416,0.00014097109674070273,3.5675589127650338e-06
P08246,Poor,Poor,0.955487469029703,0.04450198738443256,9.595145709651654e-06,9.484401545521484e-07
P06376,Average,Average,0.44029033455367483,0.5558077661553298,0.003888994470367703,1.2904820627742011e-05
P07186,Good,Good,0.0014586443408327603,0.14975345164591833,0.7790798413034743,0.06970806270977462
P01203,Excellent,Excellent,9.092863643309298e-06,0.00021822690598960446,0.04016506491409216,0.959607615316275
P01188,Poor,Poor,0.8034502299023876,0.19638202875985242,0.00016331617791270488,4.425159847107173e-06
P00364,Poor,Poor,0.9581052978996393,0.04188527169361916,8.536447153339845e-06,8.939595881578216e-07
P05987,Poor,Poor,0.9655343734070748,0.034459014758231155,5.87204323981969e-06,7.397914540505837e-07
P01340,Poor,Poor,0.6822515497571717,0.31636881539152883,0.0013619230678183095,1.7711783481178982e-05
P01601,Poor,Poor,0.7446802615605285,0.25480797163585195,0.0005033963900716621,8.370413547850347e-06
P07985,Good,Good,4.627161197674904e-05,0.013203898936685967,0.5516325838727523,0.43511724557858505
P02922,Good,Excellent,5.111359648515563e-05,0.005350505055936279,0.34350037635643865,0.6510980049911399
P08110,Excellent,Excellent,3.1351917928777793e-06,0.0001901769816764979,0.05237716224202105,0.9474295255845095
P04347,Good,Good,0.00022515687644167532,0.07068679243474273,0.7483337280134513,0.18075432267536426
P07997,Poor,Poor,0.9465814442405,0.0534003388201893,1.7089396757056637e-05,1.127542553712727e-06
P09714,Poor,Poor,0.9626851769602539,0.03730830087145886,6.2990466452173926e-06,2.2312164183656732e-07
P05777,Average,Average,0.028157295664073316,0.6600225172190851,0.31114861144372913,0.0006715756731124784
P01724,Excellent,Excellent,9.119570657419233e-06,0.00021927722779523502,0.04030374390308622,0.959467859298461
P02612,Excellent,Excellent,5.571090189913926e-06,0.0002649057047714835,0.053709356855269,0.9460201663497696
P01032,Poor,Poor,0.9609712833439015,0.03901870450528517,9.197492383039108e-06,8.146584303123494e-07
P05193,Excellent,Excellent,2.140776632956767e-05,0.006812834198459849,0.46069792537388277,0.5324678326613278
P03876,Excellent,Good,7.361292195431576e-05,0.021471898627405853,0.6092584599752315,0.36919602847540844
P09049,Good,Good,0.00039295016067373445,0.12270454157952033,0.8232812256096893,0.05362128265011662
P00084,Good,Good,0.0009280681220358915,0.14376266388326872,0.8001502272301982,0.055159040764496965
P09660,Average,Good,0.006515257307360661,0.4242646282834459,0.5608948821678787,0.008325232241314632
P09914,Average,Average,0.012988735669076672,0.51752891743469,0.46524962968777106,0.004232717208462348
P05196,Excellent,Excellent,2.852241572449589e-06,0.0001608687961528461,0.04688663437063471,0.95294964459164
P07713,Good,Good,0.0003398507891665223,0.07270392153905236,0.7605411126331472,0.16641511503863401
P09145,Average,Average,0.007388625989360477,0.5296773462490842,0.4612421928724656,0.001691834889089867
P09249,Good,Good,0.00015453899006807558,0.0634219850108863,0.7795419099138031,0.15688156608524245
P07745,Poor,Poor,0.9612469719740698,0.03872103284817137,3.1277701474293446e-05,7.174762843699163e-07
P06100,Good,Excellent,6.303518625389559e-06,0.0006545511073512514,0.11571068619933753,0.8836284591746858
P09613,Average,Good,0.0010263073613786568,0.10006594107921434,0.6718786991818313,0.22702905237757562
P04163,Excellent,Excellent,9.606064596818048e-06,0.00023866919013897285,0.0428344943476137,0.9569172303976504
P03185,Good,Average,0.01579100952859172,0.7403628642629188,0.2432343696938333,0.0006117565146562457
P03562,Good,Good,0.0051859057951152004,0.4785795056878363,0.5125164360958835,0.0037181524211651207
P03789,Average,Average,0.09496641886381073,0.7720878554156522,0.13244215485032798,0.0005035708702091371
P08206,Excellent,Excellent,3.9103338678283086e-05,0.002551435277230588,0.21985158712249553,0.7775578742615955
P08678,Excellent,Excellent,2.8195452927882974e-06,0.00015768844265439292,0.0463475115023968,0.9534919805096561
P05426,Excellent,Excellent,2.4175980593849435e-05,0.0011636677326955372,0.1298624790220683,0.8689496772646423
P06172,Good,Excellent,0.0001360490733192081,0.005598226029502643,0.3077365883587328,0.6865291365384454
P03104,Excellent,Excellent,1.722235152316966e-05,0.0006257634701048825,0.08482315649670759,0.9145338576816644
P00867,Excellent,Excellent,1.3952508438888555e-05,0.000453141621351253,0.0672783938923066,0.9322545119779033
P00758,Poor,Poor,0.9239350921275217,0.07602973613462122,3.358392040391809e-05,1.5878174532337273e-06
P05292,Poor,Average,0.14533550155863026,0.8062559039641106,0.048250451608913614,0.00015814286834548184
P04957,Average,Good,0.011280667503247086,0.47526394562548674,0.4956539717923307,0.01780141507893541
P02938,Excellent,Excellent,1.5129252339100575e-05,0.0003441404273056603,0.0698190526482806,0.9298216776720747
P08495,Good,Good,0.0006277860144109828,0.0647508378499166,0.731210028025727,0.2034113481099455
P02057,Average,Good,0.0035301985109226254,0.28167338725801855,0.6966907010461374,0.018105713184921515
P04865,Average,Average,0.021698791052858518,0.6636301182813404,0.3135197629244328,0.001151327741368232
P02962,Poor,Poor,0.9225291828192034,0.07736834974495765,0.00010105007900537901,1.417356833755726e-06
P02251,Poor,Poor,0.9539124289669202,0.046076592721173634,9.983129532226764e-06,9.951823738859208e-07
P02474,Excellent,Excellent,4.973248437113416e-06,0.00021901140504456185,0.04605074665523872,0.9537252686912795
P09676,Poor,Poor,0.9337963637377467,0.06617650683540774,2.574080473990841e-05,1.3886221056947194e-06
P00197,Poor,Poor,0.9344292940018244,0.06555069785660232,1.9588950561460832e-05,4.1919101189434524e-07
P05838,Good,Good,0.00013721183161376931,0.014092776891629296,0.49679588814016573,0.48897412313659133
P08187,Poor,Poor,0.9621696952082686,0.03779958402683359,3.001746699103309e-05,7.032979066402189e-07
P00847,Average,Average,0.10243938248378487,0.8179602956505501,0.07939454565274189,0.000205776212923014
P03898,Excellent,Excellent,2.8390798530348767e-06,0.00015953885100937132,0.04669904664806542,0.9531385754210723
P02498,Average,Average,0.1286252361127689,0.7909483013355428,0.0800694292543385,0.0003570332973497858
P02970,Excellent,Excellent,2.7513741256380637e-06,0.00015114288548276762,0.04501035602590255,0.954835749714489
P09071,Average,Average,0.18190194497234302,0.7628896773206015,0.05512364766797882,8.473003907645473e-05
P02140,Good,Average,0.012913815019795046,0.5323796132868535,0.452394306887874,0.0023122648054773737
P03754,Average,Average,0.07628874452419934,0.7540135555271094,0.16933349599842498,0.0003642039502662484
P04217,Good,Good,0.00010890986430938358,0.03334449778482131,0.771008326346009,0.1955382660048603
P00891,Excellent,Excellent,3.2403177815799687e-06,0.000201061397838658,0.054581126744917934,0.9452145715394619
P04965,Poor,Poor,0.9029211338072403,0.0970373603895842,4.0854111292406306e-05,6.516918831986891e-07
P07482,Poor,Average,0.027553306317275806,0.7782101927523479,0.19374070041958533,0.0004958005107909466
P06114,Average,Good,0.0012819784230784868,0.20325789435292554,0.7693224429222326,0.02613768430176333
P09876,Good,Good,0.0015181415012586808,0.19562928230575344,0.749106507986048,0.05374606820693992
P08285,Good,Average,0.03854050911016142,0.7005847115871939,0.2602905344833594,0.0005842448192851864
P07910,Poor,Poor,0.9636453137709815,0.036348502462991754,5.9670964822948265e-06,2.1666954457773736e-07
P04570,Average,Average,0.13111652970549195,0.681052000033067,0.18729481555987645,0.0005366547015647242
P02952,Good,Good,6.446563201386441e-05,0.028857345809333662,0.7097550464426587,0.2613231421159938
P04591,Average,Average,0.008117110230428019,0.5641025858923444,0.42409037769755076,0.00368992617967683
P04247,Average,Average,0.013331791371172132,0.648009958470649,0.33784152472908063,0.0008167254290982918
P00281,Poor,Poor,0.9614201387783631,0.03854810925179986,3.103683183513962e-05,7.15138001738793e-07
P03170,Good,Good,0.0005290271957719325,0.11954059377533413,0.7594059473917427,0.12052443163715121
P05269,Poor,Poor,0.9372088677749155,0.06271896029466921,7.106658055675042e-05,1.1053498587521316e-06
P04493,Good,Excellent,4.538230867952386e-05,0.002891915886754777,0.25465707772272284,0.742405624081843
P00071,Poor,Poor,0.9535637094226476,0.04642611775751224,9.887480684698394e-06,2.853391555808141e-07
P00586,Average,Average,0.04857642416294153,0.7131224595509953,0.2379650671167141,0.0003360491693491265
P08945,Excellent,Excellent,2.7572992422558296e-06,0.00015171545789360852,0.04512687616980794,0.9547186510730562
P04398,Poor,Poor,0.7434206423874266,0.2557100010127174,0.0008656117567652501,3.744843090653152e-06
P01050,Excellent,Excellent,4.933385182719958e-05,0.004353632533220377,0.3843070075050942,0.6112900261098582
P06374,Poor,Poor,0.96130603120568,0.03868580426164131,7.3371536459207e-06,8.273790326176406e-07
P08528,Good,Good,0.0007982335352730781,0.1462470438074912,0.7547676442589504,0.09818707839828546
P04083,Good,Good,0.0004321911258697022,0.07094023771795371,0.8233294154160218,0.10529815574015494
P09297,Good,Good,0.00040413387335259363,0.10931877856598984,0.8060643950884085,0.08421269247224904
P05618,Poor,Average,0.2587725026127908,0.7278834746051599,0.013322379980226217,2.1642801823087145e-05
P07750,Average,Average,0.17698275221997964,0.8084801197776402,0.01449122069311991,4.590730926044533e-05
P00805,Poor,Poor,0.9638850688578862,0.03610882726368352,5.888824522214431e-06,2.150539082245987e-07
P03698,Average,Good,0.01065295803956562,0.41634053306696833,0.551618995432951,0.021387513460515043
P06460,Poor,Poor,0.957937884355488,0.04205052824323688,1.0706647702720795e-05,8.807535725016282e-07
P05590,Poor,Poor,0.9072768579348485,0.09267002838082913,5.114652997022676e-05,1.9671543520971945e-06
P08140,Good,Good,0.0032874275766364776,0.3239026165389543,0.6513430868739764,0.02146686901043288
P09360,Average,Average,0.10677466696153823,0.8423447513903671,0.05076699127033575,0.00011359037775886611
P03684,Excellent,Good,6.595155137935619e-05,0.009331682315092654,0.5197769974364935,0.47082536869703445
P02298,Poor,Poor,0.9636759279815325,0.036317898157904295,5.95741274409888e-06,2.164478190859166e-07
P06830,Poor,Poor,0.9443593873577851,0.05562751814431378,1.274329237977802e-05,3.5120552125698915e-07
P07772,Average,Poor,0.5755701254894616,0.42342482525048614,0.0009954282411034918,9.621018948674039e-06
P06558,Poor,Poor,0.8355582166905815,0.16431235195332042,0.0001257223882403237,3.708967857778809e-06
P04960,Excellent,Excellent,3.2171634139040745e-05,0.0018821602721322119,0.18050742091903857,0.8175782471746902
P04441,Average,Average,0.10107758478895129,0.7680482270559105,0.1306003455249292,0.00027384263020912723
P05295,Average,Poor,0.8622790973586559,0.13763224641756266,8.565615795757844e-05,3.0000658238757678e-06
P09753,Excellent,Excellent,9.216103458174774e-06,0.0005397585469315504,0.08412975000366354,0.9153212753459466
P04222,Average,Average,0.012216588257481542,0.5778792199585665,0.40868510183012824,0.0012190899538237516
P06493,Poor,Poor,0.9626261101833832,0.037343793002540975,2.9400364757376335e-05,6.964493183877368e-07
P04522,Good,Average,0.04247738609566805,0.6526283176782035,0.3036823063978166,0.0012119898283117372
P09866,Poor,Poor,0.597683182609595,0.3998336967279549,0.002475486467305217,7.634195144879168e-06
P05774,Good,Good,8.688960538349015e-05,0.02835757412342942,0.7112424855382998,0.2603130507328873
P01445,Average,Average,0.019199964095514034,0.6113904546562929,0.36705237598001006,0.0023572052681830984
P02225,Average,Average,0.10144077491313037,0.7467512879701335,0.1514621845970544,0.00034575251968198923
P02897,Excellent,Excellent,3.1106071201224428e-06,0.00018744016503588015,0.052253649220073306,0.9475558000077706
P05559,Good,Average,0.037142816179757315,0.7190415240793726,0.2428175627434478,0.0009980969974222112
P09407,Poor,Poor,0.9625700675041394,0.0373997593401091,2.9475862562622292e-05,6.972931887350035e-07
P07248,Excellent,Good,5.620283760297893e-05,0.02983357990363681,0.699635347523716,0.2704748697350442
P08117,Good,Good,0.00037386334501312733,0.06279009952828024,0.8050433897202509,0.13179264740645577
P02211,Average,Poor,0.9225811732380033,0.07738249706654081,3.470297459673886e-05,1.6267208592050347e-06
P08417,Average,Average,0.1084790879098825,0.8368516367705752,0.05453771533871652,0.00013155998082578342
P07733,Excellent,Excellent,2.704778704343387e-06,0.00014668111535367777,0.04408348504011659,0.9557671290658255
P07881,Good,Good,0.0015293193836456698,0.19398680392793782,0.7608600012646305,0.04362387542378602
P00338,Average,Average,0.10254333054974761,0.7499184878165205,0.14707484407627494,0.000463337557456993
P06968,Poor,Poor,0.9631462032193562,0.03684476658764168,8.259834181093884e-06,7.703588210226559e-07
P07087,Poor,Poor,0.9646167334047595,0.03537741097577056,5.645460331681229e-06,2.1015913817114853e-07
P07595,Good,Good,0.00036454030527725443,0.029772607069220854,0.6101394198067381,0.35972343281876373
P02384,Good,Good,0.0007168837113167293,0.1879547687611094,0.7679123911028553,0.04341595642471876
P05048,Average,Average,0.07034899940052854,0.7809970009640188,0.14841733177637367,0.00023666785907885414
P06261,Excellent,Excellent,1.272443269468678e-05,0.00023730607926154146,0.05278762955332992,0.9469623399347139
P02101,Good,Good,0.00388709391721805,0.3132518594027896,0.6747779524022136,0.008083094277778657
P02083,Average,Poor,0.5376970882958301,0.4610018868197923,0.0012890627221219498,1.1962162255792667e-05
P00153,Average,Average,0.01746281310702747,0.6730104570625711,0.30842143181349024,0.0011052980169111396
P04503,Average,Average,0.10170741347960482,0.8404316049199204,0.0577910938418179,6.988775865687655e-05
P04562,Poor,Poor,0.964516843128974,0.03547726749052441,5.678555351508824e-06,2.108251499767531e-07
P08217,Excellent,Excellent,3.65964831882054e-05,0.0023364275352323067,0.25982579203420675,0.7378011839473728
P09382,Average,Average,0.09110597701546296,0.7854851868947705,0.123136054097133,0.00027278199263357743
P06944,Average,Average,0.020455197732776337,0.6516539165124694,0.32627429932544433,0.001616586429310013
P00489,Good,Good,7.534175511836119e-05,0.011048775280934226,0.5123978555403778,0.47647802742356965
P09308,Poor,Poor,0.7391701057430502,0.2603527324420447,0.00047095104690801496,6.210767997077651e-06
P09935,Poor,Poor,0.9625354479238611,0.037434331393974805,2.952290504984439e-05,6.977771142009284e-07
P00226,Excellent,Excellent,1.197345080738998e-05,0.00021101937282768266,0.04867992538977747,0.9510970817865876
P06550,Good,Good,0.0028963353291342085,0.15252633132007834,0.6507868385766287,0.19379049477415886
P05401,Poor,Poor,0.9621044457286843,0.03786474647922368,3.0103204745316793e-05,7.045873467968242e-07
P02111,Good,Excellent,5.343896025533702e-05,0.004939870646687401,0.37429200204267254,0.6207146883503847
P05720,Excellent,Excellent,1.1551147363546353e-05,0.00019559984376683854,0.04599615285676166,0.9537966961521079
P04726,Average,Average,0.10183679304416664,0.7569161703542919,0.14096027972677003,0.00028675687477140336
P04066,Excellent,Excellent,6.354359809918156e-05,0.0066433481360407155,0.40775309772977186,0.5855400105360883
P00639,Average,Poor,0.9528351190086277,0.04712029462883813,4.374079343456715e-05,8.455690996400714e-07
P02934,Poor,Poor,0.9270673717597312,0.07290677532067444,2.5376684284729627e-05,4.7623530970158634e-07
P07276,Average,Average,0.056818557608273625,0.6626434523702188,0.2789674934276923,0.0015704965938152786
P03525,Excellent,Excellent,9.835794668782289e-06,0.0011600309859503303,0.16615564997232277,0.8326744832470582
P08377,Excellent,Excellent,1.0792164926935691e-05,0.00016966929790810978,0.04135150521244833,0.9584680333247168
P05887,Good,Good,0.0001886916095436572,0.059203748903246416,0.7688720349994547,0.17173552448775523
P02915,Average,Average,0.07570055522858603,0.7864923176606282,0.13747004021112427,0.00033708689966155424
P04278,Excellent,Excellent,6.042372631053842e-05,0.004113369916487789,0.28449643565233407,0.7113297707048676
P02471,Poor,Poor,0.6802725841757596,0.3185646894768655,0.0011551764624950116,7.54988487985417e-06
P05459,Average,Good,0.003518653524895555,0.4001690901912244,0.5925355348843051,0.003776721399574864
P09760,Good,Good,0.0006392113421571574,0.15238287194118166,0.7727938216480206,0.07418409506864057
P04679,Good,Good,0.0006410217397221517,0.0896352198391098,0.7971358494474152,0.1125879089737527
P07904,Excellent,Excellent,1.0940399778101963e-05,0.00017459756977761322,0.04224749600036086,0.9575669660300834
P00557,Good,Good,0.002055790558767886,0.26238782959833,0.7057116885677192,0.02984469127518292
P01812,Average,Average,0.022527340556197966,0.5899042983586591,0.38525273784623953,0.002315623238903305
P02660,Average,Average,0.049363530264773255,0.8097070391815545,0.14070825038577667,0.00022118016789561703
P00949,Good,Good,0.00407205662873544,0.39233940115853827,0.5971013509663193,0.006487191246406942
P08686,Poor,Poor,0.960308212143298,0.03965853346480525,3.251826123580292e-05,7.361306608344635e-07
P07235,Excellent,Excellent,4.981430056200978e-06,0.00021950027305769058,0.046297467117314056,0.953478051179572
P01796,Excellent,Excellent,9.74405614122564e-06,0.00024429752108425006,0.04354977959790426,0.9561961788248703
P02866,Good,Good,0.0008054419224925552,0.1747395121428976,0.7602687247720362,0.0641863211625737
P04082,Good,Good,0.0009171897715437041,0.15534296224966498,0.788000593871565,0.05573925410722638
P04996,Excellent,Excellent,9.500098016349633e-06,0.0013420822509263837,0.1960211517946341,0.8026272658564231
P07883,Good,Excellent,7.05162821625026e-06,0.00039066432690495004,0.07166938243205163,0.9279329016128272
P02249,Good,Good,0.0022117570112852097,0.3643168509828426,0.6258888236062717,0.007582568399600283
P05452,Good,Good,0.00022386299994832818,0.049757407916191806,0.7671027131774464,0.18291601590641343
P07473,Good,Good,0.0019940816669835313,0.22351368310750988,0.726333908403584,0.048158326821922504
P00102,Average,Average,0.1373512296540094,0.8275165517935515,0.03506400311781349,6.821543462560789e-05
P06370,Poor,Poor,0.5457954014137988,0.44913144341717937,0.005056350999529063,1.680416949278108e-05
P03857,Poor,Poor,0.9151216076189894,0.08475866559881243,0.0001182232112673635,1.5035709308160899e-06
P08970,Poor,Poor,0.9658413801164885,0.03415078499904379,7.121874387571839e-06,7.130100800839269e-07
P09448,Poor,Poor,0.9613774958392438,0.038614367658475826,7.310904100417941e-06,8.25598180094931e-07
P05950,Excellent,Excellent,9.11850815180546e-06,0.00021923755880672407,0.04029852952684898,0.9594731144061924
P01246,Poor,Poor,0.922782132476875,0.07718966809752432,2.7679380454299735e-05,5.200451462643162e-07
P05558,Excellent,Excellent,7.734889551672629e-06,0.0009704396344602706,0.15708459988177945,0.8419372255942086
P03618,Excellent,Excellent,3.5207356662976785e-05,0.006859099463457387,0.467452386426923,0.5256533067529566
P07908,Average,Good,0.0015433511993846547,0.27392043702024826,0.6878907995990655,0.03664541218130157
P04106,Poor,Poor,0.8334879169314461,0.1663424851408177,0.00016608274347212708,3.5151842639651136e-06
P09454,Poor,Poor,0.9561039403726223,0.04388590996610651,9.201148779324893e-06,9.485124920031151e-07
P00279,Excellent,Excellent,9.149587444112457e-06,0.0006052512861974844,0.10074699074274046,0.8986386083836179
P02218,Average,Average,0.08644654239955119,0.8278286407647336,0.08559676712343431,0.0001280497122809452
P00555,Excellent,Excellent,9.961231330498516e-06,0.0002569756711766891,0.04500727024710436,0.9547257928503884
P08259,Poor,Poor,0.5144864152781483,0.48422157168531527,0.00128735859766361,4.6544388729120675e-06
P02205,Excellent,Excellent,3.146592785408846e-06,0.00019015142463700297,0.05260766384142084,0.9471990381411567
P09101,Poor,Poor,0.7602341969509072,0.23942173555827936,0.00033919839435348273,4.869096459875648e-06
P06866,Average,Poor,0.7013455882484027,0.29814195487544914,0.0005099925528596963,2.464323288503681e-06
P09801,Average,Average,0.0529044874293791,0.7071325047139101,0.23841020284474887,0.001552805011961975
P03002,Excellent,Excellent,9.48272697008872e-06,0.0002337292307319898,0.04219389669927209,0.9575628913430259
P06490,Poor,Poor,0.9167245656628474,0.08323250685013012,4.11679450437753e-05,1.7595419787107482e-06
P08342,Poor,Poor,0.8552518064533612,0.14443739931338054,0.00030867266410397165,2.1215691543970817e-06
P05466,Poor,Poor,0.5214409597418429,0.4745240844162949,0.004021930232861779,1.3025609000434391e-05
P07041,Good,Average,0.06453306890981134,0.8527081595604808,0.08247473311323213,0.00028403841647563915
P08429,Good,Good,7.580402244470844e-05,0.017316527641247723,0.5737131355263201,0.40889453280998755
P04594,Average,Good,0.005288348182348648,0.4613625195098541,0.5249744977638812,0.008374634543916227
P08121,Poor,Poor,0.954246524024474,0.045711247938964965,4.1396685686179556e-05,8.313508748450907e-07
P08906,Excellent,Good,0.0035690766595035932,0.19091602527286425,0.7181191298184358,0.08739576824919636
P09144,Good,Average,0.0871840147086339,0.8085603957600628,0.10398867842845481,0.000266911102848425
P01802,Average,Average,0.04414969027428063,0.8129134334156193,0.1427153713826872,0.00022150492741295573
P05768,Good,Average,0.006581811347824261,0.5090132599501773,0.4824916397386134,0.0019132889633850896
P05888,Good,Good,0.0024377514730961848,0.306851350711954,0.678199520975096,0.012511376839853766
P04763,Good,Good,0.0026017193816287023,0.3887784768862471,0.6004191035129252,0.008200700219199025
P00623,Poor,Poor,0.8511713703630379,0.1487310240288593,9.42681613006378e-05,3.3374468022624855e-06
P09037,Average,Poor,0.8147977759628987,0.18504660507902487,0.0001514789935392269,4.139964536930844e-06
P02186,Excellent,Excellent,1.6360386159141375e-05,0.0005926208274282217,0.08104350768275949,0.9183475111036531
P08295,Average,Average,0.052360477198256365,0.7394052960107963,0.2078826028782057,0.0003516239127417437
P04387,Poor,Poor,0.9015698078302621,0.09837504728824452,5.311918636508927e-05,2.0256951284646883e-06
P05044,Poor,Poor,0.9613401579181947,0.03865288769297102,6.722436727623652e-06,2.3195210671859763e-07
P05164,Average,Poor,0.7977621265893245,0.20207458292134053,0.0001585599273218921,4.730562013019471e-06
P00120,Average,Average,0.1459066271571498,0.8184543453085432,0.03556753435662876,7.149317767820661e-05
P06918,Good,Average,0.026115599367089303,0.6697487868546123,0.3031586636418991,0.0009769501363992939
P06701,Excellent,Excellent,4.918863496347245e-05,0.0036606554192062427,0.2988306781513852,0.6974594777944451
P01800,Poor,Poor,0.8474036620568718,0.15226299528698214,0.00033088056985425144,2.462086291900438e-06
P06573,Poor,Poor,0.9311995959852475,0.0687163748758094,8.283462192454825e-05,1.1945170185095643e-06
P08574,Good,Good,0.0016592697909936804,0.21941322885926295,0.7593582289926732,0.0195692723570701
P06167,Excellent,Excellent,2.8039715304580627e-06,0.00015624351458540508,0.046057981412798016,0.9537829711010861
P05930,Excellent,Excellent,2.0577244607837552e-05,0.0008746515884723518,0.10648232316912379,0.892622447997796
P05202,Average,Good,0.000499361825885658,0.085256411273148,0.830529955207895,0.0837142716930714
P05105,Poor,Poor,0.9629670295549335,0.037023856530586,8.34002058855738e-06,7.738938918745639e-07
P03492,Good,Good,0.0007690801157797577,0.0790849925059008,0.7669516743564482,0.15319425302187123
P08550,Poor,Poor,0.9567918459287623,0.043169649456712374,3.7724013679740066e-05,7.806008453857055e-07
P01636,Excellent,Excellent,2.809517848302906e-06,0.00015671189245301155,0.0461476660076792,0.9536928125820194
P07977,Average,Average,0.014422229007395097,0.5664158158706366,0.41769292531618,0.0014690298057883026
P06197,Poor,Poor,0.8672473182327706,0.1326692307101531,8.066956220819982e-05,2.78149486805672e-06
P07697,Good,Good,0.001373096721504662,0.18205233979590313,0.7669360277431653,0.04963853573942697
P02668,Average,Poor,0.6685207945816491,0.33097501430580983,0.0004970413831605448,7.149729380467411e-06
P00887,Average,Average,0.18420664270703055,0.7496427968568362,0.06603926188083815,0.00011129855529506483
P03061,Average,Average,0.022803594364034573,0.578053121120732,0.39771267657859843,0.001430607936634976
P04573,Average,Average,0.09014080522855362,0.7913916563637947,0.11825162390809342,0.0002159144995583826
P08818,Average,Average,0.24231479434927702,0.7409075100789083,0.0166967157038621,8.097986795258938e-05
P09425,Good,Good,0.0008104716171501079,0.09231839128426954,0.7646506480308031,0.14222048906777743
P06112,Average,Average,0.24085326505951649,0.7506076424362514,0.008503820258173011,3.527224605899669e-05
P00855,Average,Average,0.008861781791278325,0.5347717944672176,0.45349782248647735,0.0028686012550267607
P07648,Average,Average,0.15084051514653465,0.7703897974636061,0.07847851761659759,0.0002911697732616584
P04755,Average,Average,0.29912878527430664,0.6839634160441953,0.016821295966995792,8.650271450220681e-05
P06878,Excellent,Excellent,4.651082806364998e-06,0.00019585591778994836,0.042363872165175065,0.9574356208342286
P02829,Good,Good,0.00041086061846282954,0.0885599518548659,0.8403267821440517,0.07070240538261953
P03113,Good,Excellent,1.7632308322029783e-05,0.0008106112266410349,0.09692245768973698,0.9022492987753
P07495,Excellent,Excellent,2.7288751130557594e-05,0.003904772190844056,0.3323662137136165,0.6637017253444087
P08935,Excellent,Excellent,1.5189695185098501e-05,0.0014881410559478422,0.18615856254348054,0.8123381067053864
P09770,Excellent,Excellent,8.92007189686236e-06,0.0005761928813094309,0.09542794355153256,0.9039869434952612
P08279,Poor,Poor,0.9600289271320345,0.03996358460558946,7.247162689273548e-06,2.4109968665342417e-07
P03585,Excellent,Excellent,3.296031908162724e-06,0.00020724314690100402,0.05580303898122623,0.9439864218399645
P06832,Average,Good,0.0032000936036285753,0.3454152078022669,0.6411885298588258,0.0101961687352788
P00133,Good,Good,0.0013808703488939634,0.13940667618958996,0.7324135426861359,0.12679891077538025
P09509,Average,Good,0.0014801322129061392,0.15677897225097545,0.7219312482126318,0.1198096473234867
P01317,Excellent,Excellent,2.8044621165856456e-06,0.00015622803649772328,0.04605048052970819,0.9537904869716775
P09664,Poor,Poor,0.9618616109753462,0.03813043872423583,7.134132268420263e-06,8.161681494274333e-07
P07301,Good,Good,0.0004648276486566693,0.08361407676646204,0.7654369968982601,0.1504840986866212
P01541,Average,Average,0.12161924340353258,0.8209829377791109,0.057332344959600115,6.5473857756218e-05
P09960,Poor,Poor,0.960931846292951,0.039058178887871754,9.160482317351054e-06,8.143368597616372e-07
P04381,Good,Excellent,4.830626931185547e-05,0.0034023718807729146,0.3147637996521739,0.6817855221977415
P02260,Average,Poor,0.8934056850701454,0.10652823875177389,6.38404154980071e-05,2.23576258282415e-06
P02109,Poor,Average,0.47584509815045606,0.517742600284528,0.0063851676966354114,2.713386838044297e-05
P06536,Average,Average,0.02263430262285988,0.8425712828129402,0.1339798211818389,0.0008145933823611236
P02247,Excellent,Excellent,6.8362905485248e-06,0.0003724066843826486,0.06650858409544674,0.933112172929622
P05291,Good,Excellent,1.7552820869124563e-05,0.0027645248205030726,0.2843286686947796,0.7128892536638483
P04095,Poor,Poor,0.9233860965274844,0.07657892659474116,3.32937445438569e-05,1.6831332304565589e-06
P09054,Good,Good,0.0009140670266152293,0.11986783984461631,0.8125692897863449,0.0666488033424236
P06419,Good,Good,0.0012016504446033954,0.14496575994582866,0.7769640736765703,0.07686851593299772
P06322,Good,Good,0.0006529593589199445,0.0838784986425263,0.7694752112834604,0.14599333071509318
P03827,Average,Average,0.06503531073274998,0.7067959319549129,0.22726915150350627,0.0008996058088309175
P01882,Average,Good,0.005171342492303797,0.4116419036994445,0.5784747047028423,0.004712049105409361
P02884,Good,Good,0.0049297360577355755,0.46684301529468264,0.5246050934538147,0.0036221551937670976
P05638,Excellent,Good,0.0003410936295915021,0.04176265084165907,0.6991824284916421,0.2587138270371072
P01896,Poor,Average,0.4708575884607279,0.5266386171579961,0.0024847700831560943,1.902429811993859e-05
P01777,Average,Poor,0.7444347715309342,0.2547462240837124,0.0008145224763292109,4.481909024224509e-06
P09802,Average,Average,0.07315007013545198,0.8425901683702409,0.08414296406357864,0.00011679743072839434
P03555,Poor,Average,0.33044089932704396,0.6616907286070196,0.007825405229583986,4.296683635249145e-05
P00001,Excellent,Excellent,1.3600070372375015e-05,0.00042083159842703637,0.06420089221173919,0.9353646761194614
P01779,Good,Average,0.007124684324952635,0.49461004006603865,0.4944618872550301,0.0038033883539785813
P04648,Average,Average,0.010181819063486931,0.5465058969181383,0.4289747654308423,0.01433751858753247
P00143,Excellent,Excellent,1.9762856058427167e-05,0.004311092632340159,0.3465750155223585,0.6490941289892429
P03672,Average,Average,0.018136830909318682,0.6992039281893196,0.2813212444994626,0.001337996401899146
P05518,Excellent,Good,0.00015658920855717893,0.036816177836828716,0.7268027584515924,0.23622447450302186
P04369,Average,Good,0.0023849376928328342,0.26478840443130175,0.7001515898625109,0.03267506801335443
P08097,Good,Good,0.0018217530952185914,0.20279446421493175,0.7547608493307483,0.0406229333591013
P04903,Good,Excellent,1.3111100957676327e-05,0.0026572002910881416,0.29145954785266837,0.7058701407552859
P00421,Excellent,Excellent,9.180454588208046e-06,0.00022167306779129586,0.040619670887042256,0.9591494755905783
P07480,Average,Poor,0.8829694448001427,0.11696693046360107,6.107838899138465e-05,2.546347264923442e-06
P02490,Good,Good,0.0017635767349098196,0.206154702414199,0.7621104391105941,0.02997128174029701
P02230,Poor,Poor,0.9442143390455684,0.05576580872250136,1.867745785430322e-05,1.1747740758843077e-06
P09023,Poor,Poor,0.9404795798390854,0.059498152268449914,2.10093473997363e-05,1.258545064940438e-06
P00516,Average,Average,0.19092960152197921,0.8011058862185433,0.007949187313833345,1.5324945644150616e-05
P00412,Average,Average,0.17544927584269127,0.7673173959046077,0.057078388591135065,0.00015493966156612883
P06092,Poor,Poor,0.960033714064406,0.03995581734979769,9.634607321066102e-06,8.339784754023558e-07
P08566,Poor,Poor,0.8800792376521583,0.11985346349508513,6.644321412341423e-05,8.556386331562009e-07
P08966,Excellent,Excellent,1.1515846911945297e-05,0.00019436927655028846,0.045766918241985276,0.9540271966345524
P09831,Excellent,Excellent,5.7713718904111665e-06,0.0005604438610786077,0.10910351197963582,0.8903302727873951
P00123,Average,Poor,0.8415127078710134,0.15837563835503227,0.00011051841049015542,1.1353634643075335e-06
P02637,Excellent,Excellent,4.029495074240963e-06,0.0002958872178184354,0.07137944830721629,0.9283206349798911
P02907,Average,Average,0.11870455670256114,0.8387658924155731,0.04241995338506055,0.00010959749680526057
P02903,Excellent,Excellent,1.117988396550878e-05,0.0003093683672494375,0.05135521829509363,0.9483242334536914
P03192,Poor,Poor,0.8657967776596044,0.13409614174783116,0.00010425778218581838,2.822810378467472e-06
P03850,Good,Good,0.0007447538558104345,0.11177567295960325,0.7736777862522841,0.11380178693230221
P01785,Average,Average,0.18341460127029927,0.7704618778853101,0.04599390999699324,0.00012961084739739423
P04814,Excellent,Excellent,4.964924263004335e-06,0.00021694422001777974,0.04545323883599783,0.9543248520197213
P08011,Average,Average,0.08268898628103313,0.7960380597675687,0.12096479130592172,0.0003081626454763687
P00697,Good,Good,4.3321304797272126e-05,0.011451478300503512,0.5056432435886669,0.48286195680603233
P08521,Poor,Poor,0.9571675036740039,0.042794767777348926,3.693693379020821e-05,7.916148569049564e-07
P09787,Good,Good,0.0007037739416826459,0.11553965931739404,0.7728565377764368,0.11090002896448646
P05058,Poor,Poor,0.9626219796169397,0.037347917936651244,2.940593547273295e-05,6.965109365105914e-07
P08218,Poor,Poor,0.966090298774186,0.0339032816092703,5.691338544463812e-06,7.282779993129053e-07
P01904,Average,Average,0.08404379061908322,0.8306668961164391,0.08514891639797112,0.00014039686650656305
P02189,Poor,Average,0.3951185852247014,0.6008894174760819,0.003967525652982373,2.4471646234340607e-05
P07854,Poor,Poor,0.9647432639116149,0.03525092211823909,5.604654045234323e-06,2.093161007842796e-07
P04628,Poor,Average,0.3886982015823722,0.5995254979760688,0.011722473420662717,5.382702089609557e-05
P09788,Poor,Poor,0.9244094890608102,0.0755623734460039,2.652286540523899e-05,1.6146277806650637e-06
P02847,Excellent,Excellent,9.300527326128895e-06,0.00022650032665766926,0.0412482018373149,0.9585159973087014
P02575,Good,Good,0.00010317351832786088,0.012801729834714105,0.5948878885711405,0.3922072080758176
P09220,Good,Good,0.0008304307157928521,0.21542582866619225,0.7460817491324354,0.03766199148557947
P06635,Excellent,Excellent,2.8716676769647458e-05,0.0032543524521694333,0.3119484058510012,0.6847685250200597
P05022,Good,Good,0.0002688634691098387,0.08697860000227779,0.7743532778075115,0.13839925872110095
P04695,Average,Average,0.01594896303758807,0.6776940760569355,0.3053949642491552,0.0009619966563212379
P07439,Good,Good,0.000658872463029403,0.15454663589216144,0.7566344347869196,0.08816005685788951
P05372,Good,Good,6.584223209596289e-05,0.011880825812522828,0.5602493686714712,0.42780396328390996
P06904,Good,Good,0.0004225404422942085,0.07313006586108099,0.7758686403362228,0.15057875336040213
P05257,Poor,Poor,0.8464786189180575,0.15340921635945007,0.00011107607830242488,1.0886441899596878e-06
P05722,Excellent,Excellent,2.7371272132720614e-06,0.00014975885658111355,0.044719246115456794,0.9551282579007487
P02931,Average,Poor,0.7345768097724444,0.2645600920629033,0.0008582975968997696,4.8005677526053255e-06
P08670,Good,Good,0.00026972316573423426,0.02271333111857869,0.5812874154550376,0.39572953026064955
P05439,Good,Average,0.09693349333735682,0.7315499109065052,0.17114782752516564,0.00036876823097245644
P08647,Poor,Poor,0.8541368287234538,0.1457521094770023,0.00011001157439361938,1.0502251502959286e-06
P06921,Good,Average,0.028740409582744965,0.6207400304502686,0.3497165899588394,0.0008029700081469069
P06783,Good,Good,0.001608424261345708,0.18514205636602857,0.7413996057705415,0.07184991360208436
P07561,Good,Good,0.0004831319486279957,0.12255013328987381,0.7604367347767879,0.11652999998471049
P01414,Excellent,Excellent,7.373571231208343e-06,0.00041753095124008897,0.07495954673626667,0.9246155487412621
P05087,Excellent,Excellent,1.4653696856071276e-05,0.0013407840806225562,0.1708884638301323,0.8277560983923892
P08407,Poor,Average,0.13669191318306778,0.8416406169243774,0.02163651895353015,3.095093902467443e-05
P09688,Poor,Average,0.3771866384308671,0.6121768468778114,0.010586665475548667,4.984921577297414e-05
P04484,Average,Average,0.17029629695964035,0.7838711389484178,0.045743581635995435,8.898245594639638e-05
P07753,Excellent,Excellent,2.978359770861276e-06,0.00017341495472111674,0.04918883650741527,0.9506347701780928
P09945,Average,Average,0.11362530977040404,0.8538569055888622,0.032390760821855796,0.00012702381887777053
P04804,Excellent,Excellent,5.5739752247182794e-05,0.007064168764247098,0.3984143425005978,0.5944657489829079
P07945,Average,Average,0.01088129795043561,0.6912565337518961,0.2933889248193511,0.004473243478317226
P03260,Average,Average,0.04828586780529712,0.8300913163987433,0.12125988012712767,0.00036293566883182927
P09656,Excellent,Excellent,4.450532361011582e-05,0.003452994686066578,0.3200927231733626,0.6764097768169607
P08047,Average,Average,0.09598335052940056,0.866674828997465,0.037303124926035054,3.869554709943566e-05
P01157,Excellent,Good,6.58593467665189e-05,0.02020361576772349,0.6220219933473031,0.35770853153820675
P07827,Good,Average,0.14137451076305604,0.7950842588592977,0.06332138329511088,0.0002198470825353873
P05212,Excellent,Good,7.90463383756332e-05,0.017200148900322895,0.5889788758429101,0.39374192891839155
P03062,Excellent,Excellent,1.332875460400222e-05,0.0011353692917769427,0.1475224280025035,0.8513288739511157
P08069,Average,Good,0.0023346206148588495,0.2000534386086076,0.750777168351226,0.04683477242530749
P04902,Poor,Poor,0.8025023966491311,0.19730281305013272,0.0001932907445508783,1.49955618522517e-06
P03574,Excellent,Excellent,2.0309733141582092e-05,0.0008387774478833919,0.10352204441300777,0.8956188684059673
P04429,Average,Average,0.4787747588516288,0.5160767638007949,0.005105811921435485,4.2665426140825405e-05
P08107,Good,Excellent,1.6456942130622008e-05,0.001590366797685504,0.16297561418234172,0.8354175620778421
P08651,Good,Good,0.0006944149206885594,0.08152802068967525,0.7145709239204145,0.20320664046922177
P01590,Good,Excellent,0.00017133132371452336,0.009376713460882303,0.4228245970023821,0.5676273582130211
P04725,Poor,Poor,0.9641320956767028,0.035859321359541715,7.833877203131105e-06,7.490865524000497e-07
P02602,Poor,Poor,0.9078907853875614,0.09206940472068073,3.783914885292581e-05,1.9707429050058493e-06
P03162,Good,Good,5.66016615349092e-05,0.03648195661324366,0.7815983706965934,0.181863071028628
P07637,Average,Average,0.029583086770890492,0.6593408073357073,0.30995538325650557,0.0011207226368967758
P01036,Poor,Poor,0.9547182955071509,0.04524000882319891,4.088497811573982e-05,8.106915344515295e-07
P01088,Excellent,Excellent,1.0869373166922615e-05,0.00017219382890066296,0.0418088037165838,0.9580081330813487
P01557,Poor,Poor,0.9660152366243443,0.03397700303175979,7.0510305880051046e-06,7.093133077787822e-07
P00550,Excellent,Excellent,1.443776218720433e-05,0.0013270915646129446,0.16902765001171904,0.8296308206614808
P04950,Excellent,Excellent,1.0951945602537277e-05,0.0001743321973471698,0.0420884547491878,0.9577262611078624
P05661,Average,Average,0.046233005787950594,0.7644066497030342,0.18906333069300527,0.0002970138160098737
P05645,Good,Good,0.00019353267713828932,0.05610736440566334,0.7211531706573546,0.22254593225984368
P06400,Good,Good,4.376716400531913e-05,0.01948899791328248,0.6275430939485597,0.35292414097415264
P04140,Poor,Poor,0.9557466158340626,0.04421336071941615,3.922015243587073e-05,8.032940852437178e-07
P02102,Poor,Poor,0.9530605833607912,0.04692916040071726,9.967499967576533e-06,2.8873852382867273e-07
P04282,Good,Good,0.0009310626969891843,0.13632183741695394,0.787479504461543,0.07526759542451392
P09808,Poor,Poor,0.9655052730660453,0.03448810621625521,5.88020337748054e-06,7.405143217682825e-07
P03412,Poor,Average,0.22720143428835862,0.7625829624357183,0.010171793216438125,4.381005948484257e-05
P05946,Good,Average,0.06804986544944547,0.810906547701998,0.12086003297443199,0.00018355387412450039
P06163,Excellent,Good,9.875064178479755e-05,0.028397897066355034,0.7249751317688905,0.24652822052296963
P08177,Good,Excellent,3.8752182787097765e-05,0.002396091797136086,0.25746591960570964,0.7400992364143671
P03913,Good,Good,0.0037196451234511986,0.3810547113765652,0.6083781264960857,0.006847517003897985
P06325,Excellent,Excellent,4.796806795338749e-06,0.0002059771295626581,0.043964934140038756,0.9558242919236033
P07194,Good,Good,4.6520131665281876e-05,0.017516274320861547,0.6477033792860799,0.33473382626139325
P06668,Excellent,Excellent,1.6166331190437767e-05,0.0015004790463498518,0.19616782872710536,0.8023155258953544
P06997,Excellent,Excellent,3.045345553842369e-05,0.0044021489471447505,0.32739021065847324,0.6681771869388435
P01064,Average,Average,0.005132025645604945,0.5483734148191963,0.4442010064135064,0.002293553121692277
P06772,Poor,Poor,0.7470724365963856,0.25139657358102296,0.0015239101785597742,7.079644031629197e-06
P02381,Excellent,Excellent,1.1042033618457531e-05,0.00030528706391366175,0.050780771267114264,0.9489028996353537
P06401,Good,Excellent,0.00011046172023847337,0.005853657777354211,0.30338082541491657,0.6906550550874908
P04988,Good,Good,0.00015539866492319838,0.06010038921706721,0.8168234477410208,0.12292076437698879
P07527,Average,Average,0.14198098289572375,0.684361331649301,0.17302268128132323,0.0006350041736520417
P09484,Excellent,Excellent,2.7176083277743917e-06,0.0001479065202743892,0.044338727951502455,0.9555106479198953
P09063,Good,Good,0.0022021842138722795,0.3442677981350921,0.6483105658374083,0.005219451813627233
P08444,Excellent,Excellent,1.6163706711323008e-05,0.0005585409519331582,0.07842829350099126,0.9209970018403641
P00815,Good,Good,0.001116399127316532,0.19491241883293237,0.7540862368198429,0.04988494521990837
P04158,Average,Average,0.05581080864348473,0.739600379006995,0.20371845394631768,0.0008703584032026081
P01974,Average,Average,0.04951017947998622,0.7564005415646673,0.19374018137157292,0.0003490975837736327
P02979,Average,Good,0.00024693090247218734,0.048152121313199917,0.7497059934730518,0.20189495431127596
P04460,Average,Average,0.3539114983039231,0.6422404656042922,0.003834611816831441,1.3424274953395708e-05
P08636,Good,Excellent,0.00015875214458399271,0.013344791003309445,0.47383090320545596,0.5126655536466506
P09261,Poor,Average,0.29749696095995803,0.6903274801859606,0.012131542876054153,4.401597802734052e-05
P05017,Good,Excellent,5.7077328782679016e-05,0.003555360501633558,0.3089430772590263,0.6874444849105574
P09659,Excellent,Excellent,7.76089641847839e-06,0.00046254213849388376,0.07662507311477328,0.9229046238503145
P03741,Average,Good,0.0018499203609656947,0.21069365541044202,0.7569261937849737,0.03053023044361848
P03718,Excellent,Good,7.955372008673269e-05,0.017568096113254345,0.6463177697423272,0.3360345804243316
P08014,Excellent,Good,0.00022383320385366225,0.024164743732006895,0.6831621817922582,0.2924492412718814
P07991,Average,Average,0.13695843322922888,0.8315904709610142,0.031346914374390904,0.00010418143536590225
P01941,Average,Average,0.04954970852245789,0.7990665805566565,0.1510560917613802,0.0003276191595054937
P07435,Average,Average,0.0348118189871763,0.7471257068502745,0.2174770987845305,0.0005853753780185937
P01069,Poor,Poor,0.9076423904110394,0.09221934163299005,0.00013669086083579853,1.5770951346992412e-06
P03801,Excellent,Excellent,1.6578559627781632e-05,0.0003984431383773584,0.07580745074651594,0.9237775275554789
P04660,Poor,Poor,0.9630878292402079,0.036904679109278186,6.701261865168975e-06,7.903886489210709e-07
P09333,Excellent,Excellent,1.094853299919372e-05,0.00017459148277947784,0.04222974168735229,0.957584718296869
P04375,Excellent,Excellent,2.876218872490529e-06,0.00016332424538826094,0.04749416324556122,0.952339636290178
P01556,Average,Poor,0.5765985080044557,0.42193858809677737,0.001447859717837885,1.5044180929108904e-05
P01930,Average,Good,0.003591623817341337,0.3013610649027363,0.6692691355307118,0.02577817574921059
P01538,Average,Average,0.011819292112553439,0.607859468218458,0.37817110540169047,0.002150134267298148
P09251,Excellent,Excellent,3.4644782780060713e-06,0.00022571615815467752,0.05929936595722441,0.9404714534063429
P05515,Average,Poor,0.581177480501906,0.41654014181401844,0.002276258275792573,6.119408283087257e-06
P02071,Excellent,Excellent,2.9311625294046225e-06,0.00016884024845823352,0.04861108457346233,0.95121714401555
P04339,Excellent,Good,0.0016012177786431973,0.15062513185359433,0.764449874323894,0.08332377604386848
P03855,Poor,Poor,0.9240633517133224,0.07583798792471798,9.731614329448781e-05,1.344218665202252e-06
P02818,Average,Average,0.018849602709578746,0.5999068133426309,0.37954224049665675,0.0017013434511336761
P00420,Average,Average,0.3106805052614632,0.6668731489513064,0.022386716484458148,5.962930277205799e-05
P01321,Good,Average,0.037046987537434524,0.8041316115862659,0.15775493979914976,0.0010664610771497999
P06544,Good,Good,0.0007995915799128197,0.08067055429061401,0.77321131088748,0.1453185432419932
P07566,Average,Average,0.29353842345576037,0.6934593452840793,0.012940530344178757,6.170091598156436e-05
P05470,Poor,Poor,0.5079880130389173,0.48825146005404074,0.0037282298214497953,3.229708559225e-05
P01955,Good,Average,0.03983900654939286,0.657935906863004,0.3015381395146524,0.0006869470729505522
P00049,Good,Good,0.00014194265837048212,0.05847625846441563,0.7471955820126314,0.1941862168645825
P09211,Poor,Poor,0.9634261304821964,0.036566506130518754,6.579629045282414e-06,7.837582396485118e-07
P03288,Average,Average,0.25129773506121544,0.7405524158160545,0.008117493931593594,3.235519113645816e-05
P02991,Poor,Poor,0.9617240880401292,0.03824457432789536,3.062783938859209e-05,7.097925868576812e-07
P09518,Excellent,Excellent,4.794047706704818e-06,0.000205920637953573,0.04398308325585437,0.9558062020584854
P00219,Average,Average,0.13943596823209606,0.762739975424906,0.09752632166559826,0.00029773467739982516
P00056,Excellent,Excellent,9.10457615245139e-06,0.00021868963737831906,0.04022618953692853,0.9595460162495406
P02791,Good,Excellent,1.8296889765413182e-05,0.0040657462015992185,0.3377827372437508,0.6581332196648846
P06105,Excellent,Excellent,3.1101274976226704e-05,0.0017976488187134644,0.2329650996713716,0.7652061502349388
P04803,Excellent,Good,0.0006712378240598135,0.11803852061319467,0.706467208753691,0.17482303280905462
P04749,Excellent,Excellent,1.0795595791918531e-05,0.00016976790551733421,0.04136834193453597,0.9584510945641547
P06661,Excellent,Good,4.969807651856186e-05,0.013720918536777274,0.5355378409409857,0.45069154244571846
P03403,Average,Average,0.4423863187281874,0.5551632002915896,0.002444405660445373,6.07531977760054e-06
P00066,Good,Good,0.0004975998165648078,0.12705177197537373,0.7866046754972915,0.08584595271076999
P08119,Good,Good,7.073015240633923e-05,0.011553695517947656,0.5799787096690461,0.40839686466059993
P06175,Average,Average,0.08754052895778502,0.7745099303852504,0.13766503555391027,0.0002845051030543325
P06103,Poor,Poor,0.8130582916087442,0.18678205862074887,0.00015565474790184096,3.995022604983507e-06
P07170,Poor,Poor,0.9234412072236892,0.07653304663193537,2.5247381080507022e-05,4.987632949774436e-07
P08874,Excellent,Excellent,4.228299577761866e-05,0.003083140835390223,0.29867030211220985,0.6982042740566223
P06079,Good,Good,0.0001807870923234436,0.024250281223701476,0.6912831449376966,0.28428578674627847
P04740,Good,Good,0.0002907697808977392,0.10767761141415151,0.8134660299444942,0.07856558886045648
P07857,Good,Good,0.0001658623518499657,0.056399082968737906,0.718371764719899,0.225063289959513
P09359,Poor,Poor,0.9605122993061515,0.039480393289336196,7.069592505632506e-06,2.3781200688014943e-07
P05926,Average,Average,0.1529539156178136,0.7625868993081134,0.08423035067216492,0.00022883440190801435
P09722,Good,Good,0.0016551866184400044,0.24953926259451378,0.7153403040191031,0.03346524676794312
P09228,Poor,Poor,0.9626157105078965,0.03735417847908294,2.9414411212833004e-05,6.966018075402737e-07
P02413,Poor,Poor,0.8595799192695319,0.14032604332343987,9.107423494099151e-05,2.9631720871911422e-06
P03285,Excellent,Excellent,2.245148371784934e-05,0.0010200358584667032,0.11874869135715,0.8802088213006656
P05274,Average,Average,0.11447756834658922,0.8184516913686011,0.06690661899533343,0.00016412128947615386
P01613,Excellent,Excellent,1.5175449933730315e-05,0.000526906350610168,0.0747010771163436,0.9247568410831126
P05134,Average,Average,0.06623813578155927,0.7327972553911954,0.20044743295485756,0.00051717587238769
P04980,Excellent,Excellent,1.1003199188005396e-05,0.00017632364437297554,0.04251660924739936,0.9572960639090397
P00488,Good,Average,0.013603688813136986,0.5266415266625042,0.4571179660668146,0.002636818457544292
P07474,Average,Average,0.06698025656840391,0.6941295529748838,0.23799872117487625,0.0008914692818359737
P07351,Average,Average,0.07080919055118376,0.8211669807952345,0.10781840456167216,0.0002054240919094661
P06449,Excellent,Good,4.2449169093177685e-05,0.00895315564716669,0.49969216730624677,0.4913122278774934
P04643,Poor,Poor,0.7630189067337717,0.23671127085928015,0.00026804543786859795,1.7769690795971481e-06
P03443,Poor,Poor,0.9559594946114884,0.044031448568745975,8.788306142078742e-06,2.6851362362181067e-07
P09435,Average,Average,0.058465446788358105,0.8011283343874184,0.13993929244731773,0.0004669263769056801
P09736,Excellent,Excellent,1.4389147459042666e-05,0.00029589060116691674,0.06036658897987565,0.9393231312714982
P03139,Excellent,Good,0.009057974954981111,0.4678013074709932,0.5180942774581477,0.00504644011587801
P03928,Excellent,Excellent,1.0739773546138395e-05,0.00028835967370439465,0.04898111324279474,0.9507197873099548
P03513,Average,Average,0.11622141314312207,0.7968197784353989,0.08677481548065266,0.00018399294082630056
P08779,Poor,Poor,0.9626002203336934,0.03736964771162023,2.9435103553832154e-05,6.968511323465433e-07
P08677,Average,Average,0.09432807350706504,0.8524588872775479,0.05314297500821519,7.006420717198859e-05
P05319,Good,Excellent,0.0001269373976274705,0.008962661513818953,0.4519489694852186,0.538961431603335
P03389,Average,Average,0.4153416104523362,0.5783976925684897,0.006218098276226782,4.259870294734576e-05
P03283,Excellent,Excellent,1.4314289912573012e-05,0.00030466353729216594,0.06350873548581254,0.9361722866869828
P07690,Excellent,Good,2.4564076735003423e-05,0.00798971543569827,0.4973910120752357,0.49459470841233105
P01675,Good,Good,0.0004029572719081752,0.05276926530123832,0.7554508224911223,0.19137695493573104
P06489,Average,Average,0.11014463539710377,0.8301660300016472,0.05959259460618782,9.673999506101694e-05
P06107,Poor,Poor,0.7395769805989821,0.2599916663567867,0.0004256675509949546,5.685493236257686e-06
P07176,Good,Good,0.00011744881106534956,0.04378979872248203,0.737665022543181,0.2184277299232716
P06403,Excellent,Excellent,4.927146097167024e-06,0.00021548944617527598,0.04562153852632594,0.9541580448814017
P01439,Good,Good,0.0029695432612362204,0.3676706645768651,0.6230074660947399,0.006352326067158761
P06164,Average,Average,0.01252559294013958,0.6901651691592607,0.2963613523426184,0.0009478855579813357
P08811,Excellent,Excellent,1.9641121695758187e-05,0.0007648576836493052,0.09771474915878621,0.9015007520358688
P02444,Good,Average,0.032347842986697226,0.5912258512227605,0.37386375150038315,0.0025625542901589874
P00434,Poor,Poor,0.6759536987003616,0.3235678370161768,0.0004709244396913314,7.539843770224275e-06
P07782,Poor,Poor,0.9602362799231473,0.03973028584502409,3.270298600422712e-05,7.312458243088451e-07
P09013,Average,Poor,0.6357888917740786,0.3624003760958432,0.0018051980713716352,5.534058706552286e-06
P09472,Good,Average,0.009757062487055507,0.5979776913955743,0.3910016435005432,0.0012636026168270152
P02420,Good,Good,0.0015238562660667776,0.2981555477987386,0.6675478214489612,0.032772774486233294
P09118,Good,Good,0.002073843411536333,0.18266893468926856,0.7558688600779929,0.0593883618212022
P04580,Average,Average,0.031455050792424895,0.7158661829618878,0.2519881140575689,0.0006906521881184604
P09803,Poor,Poor,0.8933848523371992,0.10654970969610257,6.326076634669784e-05,2.177200351512833e-06
P06913,Average,Average,0.11589019802669097,0.7518806998062074,0.13194929431408972,0.0002798078530119185
P03846,Average,Average,0.20028660979724608,0.7932718444146274,0.006416535468142941,2.5010319983623223e-05
P01631,Good,Good,0.0009103131332301451,0.11095174696039327,0.7223256462052557,0.1658122937011209
P02148,Average,Average,0.2191747901274207,0.7650958351639665,0.01570310769208061,2.6267016532109413e-05
P02583,Average,Average,0.020605890000280708,0.636289268083041,0.3408479640645388,0.002256877852139482
P04142,Good,Good,3.304787741912971e-05,0.01889873418884456,0.6557917206444955,0.32527649728924074
P03716,Excellent,Excellent,1.2546160743770608e-05,0.0010545472445848193,0.15204823327261938,0.8468846733220521
P01855,Excellent,Good,0.0006415773723835204,0.06197972658725988,0.7284006753184992,0.20897802072185737
P09864,Excellent,Excellent,0.0002250546125249777,0.014694393664621837,0.4569440095329124,0.5281365421899408
P02170,Average,Average,0.012825005213863904,0.5422714325970271,0.4423412117369336,0.0025623504521751937
P07891,Good,Good,0.0009990214300416606,0.15168982584210378,0.7778390456373484,0.06947210709050615
P03934,Good,Good,0.0012635771323826284,0.11984361605014791,0.7535584936910633,0.12533431312640608
P04137,Excellent,Excellent,9.349604890859049e-06,0.00022892315362388183,0.04154217916233304,0.9582195480791522
P00283,Excellent,Excellent,1.595427115230532e-05,0.0005500016005775952,0.07765960458578398,0.9217744395424862
P00165,Good,Average,0.015023916458728422,0.5123756975049292,0.46823116047775754,0.004369225558584905
P02867,Excellent,Excellent,1.9450129041984463e-05,0.0007776367379258887,0.09879771043572108,0.900405202697311
P05154,Good,Good,8.366619220657594e-05,0.014819535794879756,0.5847337838062765,0.4003630142066372
P08695,Average,Average,0.028474000984048203,0.7186478057674583,0.25210392222864814,0.0007742710198453419
P09309,Good,Good,0.002030984522407213,0.21884921740980076,0.7564581630132196,0.022661635054572613
P05754,Poor,Poor,0.9376165375252977,0.06231159495032283,7.079874570763478e-05,1.0687786715758554e-06
P09580,Poor,Poor,0.924341196436819,0.0756298115663312,2.7340114629086434e-05,1.6518822208674385e-06
P00919,Good,Excellent,0.00014389258022702722,0.006011852936484913,0.290584843293678,0.70325941118961
P06111,Excellent,Excellent,4.695994930592586e-06,0.00019900486566963653,0.04288874450163247,0.9569075546377672
P07548,Excellent,Excellent,3.0322640612425264e-06,0.00017795558857204775,0.05030327938782575,0.9495157327595408
P09392,Good,Excellent,6.263994602327802e-05,0.0035136741399440807,0.2720739680195399,0.7243497178944928
P02720,Poor,Poor,0.6737809624544508,0.3256759924417632,0.0005366808375977237,6.364266188102871e-06
P06292,Excellent,Excellent,1.2800018415126377e-05,0.002203566266482636,0.23829563817699143,0.7594879955381109
P03137,Excellent,Excellent,9.384074690906606e-06,0.00023007927062087437,0.04170528669728342,0.9580552499574048
P09668,Poor,Poor,0.9304151363387029,0.06955509113274619,2.831313905726013e-05,1.4593894936762921e-06
P08804,Poor,Poor,0.9657266832726172,0.0342654336637485,7.167670595015657e-06,7.153930392830769e-07
P04885,Good,Good,0.0013372036537014401,0.19130279311549508,0.7797561061963985,0.02760389703440506
P07013,Good,Good,0.0002183192535606636,0.07330885950383718,0.7911781319196299,0.1352946893229722
P01817,Poor,Average,0.2607366252564028,0.7196426473024075,0.01958369477515923,3.703266603041834e-05
P06497,Excellent,Excellent,4.31434932743616e-06,0.0003349617939760115,0.07625258259888384,0.9234081412578127
P01455,Excellent,Excellent,5.656945285752699e-06,0.0002672668834304855,0.05299818844932987,0.9467288877219538
P05268,Excellent,Good,6.924805140883518e-05,0.010420730117859382,0.502162167828365,0.4873478540023667
P05412,Good,Average,0.009133556517233654,0.572430320405205,0.41605252936723996,0.0023835937103213202
P09905,Average,Good,0.0010802108637714435,0.17416049776430645,0.7860975823781428,0.038661708993779464
P00255,Poor,Average,0.07948571734148129,0.8517090465529153,0.06871034736109648,9.488874450682333e-05
P03865,Excellent,Excellent,2.1124200856575878e-05,0.0030499491462197986,0.2897520993933456,0.707176827259578
P02721,Excellent,Excellent,4.303363722050116e-06,0.00033119325969864423,0.07696268720874598,0.9227018161678332
P05297,Excellent,Excellent,3.059750406692732e-06,0.00018208517698076217,0.051171200202589896,0.9486436548700227
P03505,Excellent,Good,8.804958826164875e-05,0.022827464210896195,0.6235338894439673,0.35355059675687484
P02511,Excellent,Excellent,1.5490132996092772e-05,0.0005521840841247908,0.07680070782964582,0.9226316179532333
P09098,Good,Excellent,5.345266321390044e-05,0.0035980760309756573,0.32004147223766055,0.67630699906815
P01296,Poor,Poor,0.9481854922539643,0.05180194902694985,1.2236555147438381e-05,3.2216393817469293e-07
P04940,Average,Good,0.0005010448784119436,0.12031589643015869,0.7553111281354121,0.12387193055601736
P00869,Excellent,Excellent,5.0736167850296184e-06,0.00022614100529622533,0.04653168301770139,0.9532371023602173
P05145,Average,Average,0.17900742675596426,0.8021194037975521,0.018831982617068418,4.118682941523588e-05
P06375,Excellent,Excellent,8.583847697492019e-06,0.000548177488793732,0.09054568489682963,0.9088975537666791
P09985,Excellent,Good,0.0002615967764455133,0.01991499326699913,0.5329054924537624,0.44691791750279286
P06906,Excellent,Excellent,2.8805663055654517e-06,0.00016374659188414132,0.047506648161549946,0.9523267246802604
P06034,Poor,Poor,0.6368004399192443,0.36093797760097857,0.0022521193142504676,9.463165526683559e-06
P03780,Excellent,Excellent,1.0763168416306085e-05,0.0001687245191627465,0.04118018645754223,0.9586403258548787
P08340,Average,Average,0.0575946902319031,0.7638586341213385,0.17820782910974856,0.0003388465370098741
P07079,Average,Average,0.05678537977157992,0.8702205200348868,0.07289056138132588,0.00010353881220760175
P07472,Good,Excellent,0.0007087916560879671,0.018880290977919482,0.4703519216527301,0.5100589957132624
P07540,Excellent,Excellent,2.4575602313351478e-05,0.0009155705204712752,0.13526414013418644,0.8637957137430289
P03259,Excellent,Excellent,1.7579949477767665e-05,0.0018020698294802541,0.22258400901290065,0.7755963412081414
P04056,Excellent,Excellent,2.3140331404124363e-05,0.00681851764582875,0.4570328045094995,0.5361255375132676
P05512,Good,Excellent,2.2026440419036983e-05,0.002804989188669434,0.262414411077068,0.7347585732938435
P00491,Average,Average,0.19088984622879218,0.7877016191640205,0.021376156028517574,3.237857866976849e-05
P00068,Good,Good,0.0005565565571821031,0.14334683472216447,0.7755711966495578,0.0805254120710956
P05360,Average,Average,0.010838389481544083,0.5082657733769264,0.4782946464792099,0.0026011906623196503
P00921,Poor,Average,0.3393204720308399,0.649092722703112,0.011564254949851568,2.255031619644385e-05
P05115,Good,Excellent,1.7826108341231086e-05,0.0006590161645782735,0.0880475741487461,0.9112755835783345
P06165,Excellent,Good,0.0005199619064707554,0.08493158801868518,0.7978868759063645,0.11666157416847943
P03014,Poor,Poor,0.5744288588438742,0.4234774307866264,0.002075431821659085,1.8278547840267556e-05
P08233,Average,Average,0.05322072291593823,0.7768693267560353,0.16956368993532087,0.00034626039270590987
P06990,Average,Average,0.09367394030168387,0.8341918702862436,0.07201818224656782,0.00011600716550495818
P03191,Poor,Poor,0.5143741662331142,0.483817704723712,0.0018030085354102704,5.120507763551181e-06
P03095,Good,Good,3.260459622415315e-05,0.01626059953751449,0.6362240619768489,0.34748273388941253
P04336,Poor,Poor,0.9655273777879534,0.03446465363673,7.248887578642256e-06,7.196877377563704e-07
P03878,Excellent,Excellent,1.5229767031225879e-05,0.0003471033860337778,0.07008829041048362,0.9295493764364513
P05326,Good,Good,0.0005814528815088417,0.0564366787863369,0.6858907006318395,0.25709116770031476
P04194,Poor,Poor,0.9630094160949175,0.036983062662036895,6.7294038069925786e-06,7.91839238368602e-07
P00856,Good,Average,0.009806057348861807,0.6100867211935145,0.3778184844221266,0.002288737035497067
P06518,Good,Average,0.041118463853079136,0.6677524256188282,0.2898233734268065,0.0013057371012861131
P04042,Good,Excellent,7.230669097255403e-05,0.008631748538058592,0.4612787247803277,0.5300172199906412
P01591,Good,Good,0.0007025014996522484,0.08112877339802234,0.7266813727306863,0.19148735237163897
P01169,Average,Poor,0.6295398135545335,0.36950530373647045,0.0009459069149741591,8.975794021861302e-06
P00701,Poor,Poor,0.8360869287937838,0.16378461296885694,0.000127216037721796,1.2421996374959765e-06
P01275,Good,Good,2.379441232062975e-05,0.009344070498245333,0.5031302851189536,0.48750184997048035
P03800,Average,Average,0.1991780242942579,0.680339015946506,0.12014887541852068,0.0003340843407155171
P04767,Poor,Poor,0.8511615418673139,0.14870505547502627,0.00013014497906518768,3.257678594615333e-06
P00245,Average,Average,0.0974917831645607,0.7812873339525972,0.12083613583064673,0.000384747052195352
P07020,Poor,Poor,0.9592090443437116,0.04078015809517608,9.947986348228081e-06,8.495747641502595e-07
P07361,Poor,Poor,0.7141229645223849,0.2853976720588509,0.00047708546477346166,2.277953990865855e-06
P00601,Good,Good,0.00018306653663433407,0.02366591678807952,0.6197450671579443,0.3564059495173418
P09771,Average,Average,0.12855808583493308,0.844819142234194,0.02657790470436382,4.486722650921371e-05
P05896,Good,Good,0.0005776832000313906,0.10229241494706913,0.8188578862681382,0.07827201558476138
P03109,Excellent,Excellent,2.7103479233135555e-06,0.00014720284047366593,0.04419110765905711,0.9556589791525459
P08225,Good,Excellent,2.6036948644038238e-05,0.0010944613911519831,0.15938321708566236,0.8394962845745416
P04875,Average,Average,0.03322916305213127,0.6871649172163452,0.2788710231398318,0.0007348965916918414
P05760,Good,Average,0.026333926406293166,0.5804649467104916,0.39112952823098734,0.00207159865222788
P01660,Poor,Poor,0.6121235393086798,0.385798325057753,0.0020718895265874862,6.246106979648253e-06
P07864,Poor,Poor,0.9483042067209806,0.05164359817521965,5.1288046215480845e-05,9.070575841798926e-07
P09950,Good,Excellent,7.227487259657539e-05,0.013309530396029255,0.43392322293233776,0.5526949717990364
P00913,Average,Average,0.08598443568929034,0.8209316090547967,0.09268050930459212,0.0004034459513209201
P03436,Excellent,Excellent,9.094966385270011e-06,0.00021830924949224436,0.04017601992860157,0.9595965758555209
P08089,Good,Excellent,2.148208947363779e-05,0.007475096835044323,0.44601936624005534,0.5464840548354267
P09721,Average,Average,0.4876894217611873,0.5110198768534436,0.0012815343972393091,9.166988129735633e-06
P00997,Average,Average,0.05077923681587199,0.7985273355113166,0.15016956267006712,0.000523865002744332
P02469,Poor,Poor,0.8891551705592358,0.11065457105831632,0.00018842507644357796,1.8333060043455196e-06
P00537,Excellent,Excellent,1.0747828741465087e-05,0.00016821619797820808,0.0410864495813359,0.9587345863919443
P02063,Poor,Poor,0.7212816677285347,0.2767043152576547,0.002004788525738795,9.228488071809802e-06
P02047,Excellent,Excellent,1.5867772839899846e-05,0.002864485489832886,0.30178465117415765,0.6953349955631696
P05772,Good,Average,0.05503513716443331,0.865790373784997,0.07897773346730655,0.00019675558326307167
P00250,Average,Average,0.15737794217163295,0.8030673573043231,0.039504306907041785,5.039361700218404e-05
P05234,Excellent,Excellent,1.3893028022754038e-05,0.0002835684979826431,0.059787378884615085,0.9399151595893797
P06612,Poor,Poor,0.9380402420828102,0.06193560216378195,2.2844006753328582e-05,1.311746654483637e-06
P01134,Excellent,Excellent,4.659618788568433e-06,0.00019644916829193013,0.04246112347809173,0.9573377677348278
P02654,Poor,Poor,0.9623907852101926,0.03757880434219522,2.970984614531657e-05,7.006014668473507e-07
P01829,Good,Excellent,4.5688849986666196e-05,0.0030842004512514174,0.2507662189899612,0.7461038917088008
P00428,Average,Poor,0.6163651493248298,0.38176046414092185,0.0018686253728418425,5.761161406554026e-06
P01034,Poor,Poor,0.9659864476218905,0.0340070972620278,5.7246440216115516e-06,7.304720601649941e-07
P02378,Good,Good,0.00029375281499683173,0.04057344288927004,0.7155608216029794,0.24357198269275365
P07160,Average,Average,0.1421497201789803,0.7684031469384455,0.08909452573626012,0.00035260714631398936
P00662,Excellent,Excellent,7.169645758495443e-06,0.0004024631624736241,0.0699991935219901,0.9295911736697778
P06055,Good,Good,6.55307405181679e-05,0.04164075345935866,0.7904470944761318,0.16784662132399136
P04338,Poor,Poor,0.93974163890917,0.06019075309904355,6.656951169062877e-05,1.0384800956637812e-06
P02638,Average,Average,0.16099362718200622,0.7955092417719882,0.04340507463722382,9.205640878177644e-05
P08855,Excellent,Excellent,1.1404417339825558e-05,0.00019021698343937076,0.04500829076553791,0.9547900878336829
P08170,Good,Good,0.000807755227107323,0.16004637835706434,0.7473719226116229,0.09177394380420552
P09731,Good,Good,0.00230436402787389,0.32835198942674104,0.6117225400289569,0.05762110651642815
P03705,Good,Average,0.012735499280768685,0.5085285924144755,0.4757126039817753,0.0030233043229806176
P05587,Excellent,Good,2.4720569436944064e-05,0.009667707833487587,0.5353021750750846,0.4550053965219909
P00862,Excellent,Excellent,2.7044040926643312e-06,0.00014664536415788995,0.04407601189893127,0.9557746383328182
P02172,Poor,Poor,0.7397611344912038,0.2599068000470022,0.0003267133924426969,5.352069351214723e-06
P03534,Average,Average,0.19800778321871973,0.7449001309599722,0.0569681569086849,0.0001239289126232805
P05672,Poor,Poor,0.6175541374441712,0.37659681833483744,0.005824326772132437,2.471744885891013e-05
P01549,Excellent,Excellent,4.6435863652945425e-06,0.00019532963307699987,0.04227366128734755,0.9575263654932102
P09598,Poor,Poor,0.9615158969607128,0.038476028171512994,7.251143168244032e-06,8.237246060261738e-07
P05832,Poor,Poor,0.9516261184689274,0.04836306705123242,1.0516741824311425e-05,2.977380161191372e-07
P06679,Average,Average,0.16398732241360886,0.7588550006906137,0.07702646281887611,0.00013121407690144007
P03708,Poor,Poor,0.892848534114935,0.10709480827621329,5.591485053241779e-05,7.427583192850257e-07
P01683,Poor,Poor,0.9583106978889088,0.04167997442673634,8.436178319183484e-06,8.915060358040829e-07
P03225,Average,Average,0.03221648595808213,0.6211567271609525,0.34521758211482023,0.0014092047661450715
P03200,Excellent,Excellent,1.1302718876136256e-05,0.00018696440677709274,0.04448331908224962,0.9553184137920973
P01245,Poor,Poor,0.9610537352015788,0.03893626495498766,9.185595543638873e-06,8.1424788980922e-07
P08096,Good,Excellent,2.933299209713267e-05,0.001463216180804699,0.1477737953005346,0.8507336555265635
P02440,Good,Good,0.0018239253066217047,0.1991667698271746,0.7482934195874686,0.05071588527873504
P02056,Poor,Poor,0.9607573149195795,0.03921000465490653,3.1955458003991105e-05,7.249675098711933e-07
P06072,Poor,Poor,0.965981909885505,0.03401031548924927,7.0646042103420225e-06,7.100210352911801e-07
P02956,Excellent,Excellent,3.7556688947385373e-06,0.00025886530553747634,0.06490132077555928,0.9348360582500085
P07014,Average,Poor,0.5857509689693898,0.4129577400306626,0.0012783707400787654,1.2920259868731772e-05
P07133,Poor,Average,0.16588275073168082,0.7450607162269072,0.08889920275261286,0.00015733028879905792
P06113,Average,Good,0.005259606974769535,0.41194967863092297,0.5776384312219576,0.005152283172349986
P01718,Average,Average,0.06653792920548485,0.7533379132305208,0.1797057590313755,0.0004183985326189789
P07604,Good,Good,0.004173670178198719,0.4486432683814163,0.5437209095042264,0.0034621519361586446
P01634,Poor,Poor,0.962569690645276,0.03740013550196729,2.9476575663358738e-05,6.972770933500618e-07
P09348,Good,Excellent,5.5799627663466787e-05,0.005665184920125928,0.3580104616724265,0.6362685537797841
P05432,Poor,Poor,0.9613607076563682,0.03863232691358681,6.733171311399471e-06,2.3225873361648384e-07
P08710,Average,Average,0.03385728172316959,0.651465969390242,0.3135928798894093,0.0010838689971790058
P02927,Good,Good,0.0006732357185369113,0.08338742714106297,0.7723957757268188,0.14354356141358132
P05184,Excellent,Excellent,9.87627792085673e-06,0.0014205716385712324,0.20441986827952918,0.7941496838039788
P03124,Excellent,Excellent,1.5733637763231545e-05,0.0005390291948993602,0.07658356105255985,0.9228616761147775
P04895,Excellent,Excellent,1.0027212407567454e-05,0.0002566335804643489,0.045085518362726694,0.9546478208444015
P07979,Average,Average,0.04080019651599999,0.6673778199225106,0.2906348193303459,0.0011871642311435812
P03190,Average,Average,0.007277669190890157,0.581635702966872,0.4046249191576892,0.006461708684548717
P02285,Average,Average,0.024494580812673257,0.7151499180545913,0.25986337605519655,0.0004921250775390448
P07708,Poor,Poor,0.6595524190610255,0.3397049388406971,0.0007354818988385759,7.1601994389022836e-06
P00793,Good,Good,0.004284706336014112,0.3016474040868484,0.6560599561997005,0.03800793337743699
P02785,Excellent,Excellent,4.3074484092609575e-06,0.0003308578691458988,0.0753778392918733,0.9242869953905716
P07138,Good,Good,0.00521252296082459,0.40913769144043627,0.5826777712829828,0.0029720143157562526
P02762,Excellent,Excellent,5.890495503292132e-06,0.00028828177831443535,0.055686470607953356,0.9440193571182288
P02853,Average,Poor,0.9115977673406623,0.08835849662214046,4.1969697281296034e-05,1.7663399159159073e-06
P05341,Poor,Poor,0.8293725739770801,0.17047949296385911,0.00014667558712170518,1.2574719392553567e-06
P02340,Excellent,Excellent,1.036508840290679e-05,0.0002711387328780214,0.046896400372730525,0.9528220958059885
P08687,Poor,Poor,0.964751881896366,0.03524230703991999,5.601805859654997e-06,2.0925785436906997e-07
P08530,Poor,Poor,0.9587014132451266,0.04129064800423943,7.688193688735672e-06,2.5055694523843885e-07
P00128,Average,Average,0.06077914775564642,0.7522536129188966,0.18661664860106275,0.00035059072439422935
P08083,Good,Good,0.00471865132923176,0.3133553493573184,0.6680857482255245,0.01384025108792534
P01302,Excellent,Excellent,6.089619948978458e-06,0.00030296503604957547,0.05673253542079029,0.9429584099232111
P03810,Good,Good,0.0017210016282081125,0.34269862570936194,0.6437393717289644,0.011841000933465422
P02395,Good,Excellent,2.0800230771630725e-05,0.0006189461537223093,0.1046862362724159,0.8946740173430902
P00813,Average,Average,0.47530204323724995,0.52267106314396,0.0020217245758307064,5.169042959443459e-06
P07052,Poor,Average,0.2112649934673642,0.7606848499568275,0.02799682358052765,5.3332995280638406e-05
P07270,Average,Poor,0.8258838137182996,0.17396106774789674,0.00015172726069292349,3.391273110713706e-06
P09525,Good,Good,0.00021206488048087333,0.01576943696672332,0.5173396761428926,0.4666788220099032
P06646,Excellent,Excellent,2.5203466943953077e-05,0.002793190341069103,0.2875242727932828,0.7096573333987042
P05348,Excellent,Excellent,6.702454820529938e-06,0.00036135430306869474,0.06845815267409078,0.9311737905680199
P08711,Average,Average,0.1024790267242922,0.8356230591513473,0.06180825841889449,8.965570546599815e-05
P00683,Average,Average,0.399786667046923,0.5956788931661341,0.0045044196090512105,3.0020177891729126e-05
P04322,Poor,Poor,0.9660936967692777,0.03389988478660527,5.690235670404535e-06,7.282084466906767e-07
P00728,Average,Good,0.0038392836796060387,0.3112769691773005,0.6647983778905933,0.02008536925250009
P09618,Poor,Poor,0.6338970682153273,0.36483235694473276,0.0012582993567090473,1.2275483230891903e-05
P06663,Average,Average,0.15555889358756167,0.8251055807298642,0.019303875781279636,3.164990129448901e-05
P09415,Excellent,Excellent,1.2169325009336282e-05,0.00021845171427461587,0.049984921624849396,0.9497844573358667
P07766,Excellent,Excellent,9.089501985496818e-06,0.00021809565755497986,0.04014778122799047,0.9596250336124691
P08231,Good,Good,0.00020376173095876262,0.033120219990554346,0.7286864335047029,0.237989584773784
P08924,Poor,Poor,0.8604413893323266,0.13943894229561776,0.00011669799690011892,2.9703751553805877e-06
P05026,Good,Good,0.0001493830866954655,0.026165650692475565,0.6789509166578745,0.2947340495629543
P02173,Average,Average,0.09616377474521591,0.7060084923657387,0.19717114952222517,0.0006565833668204286
P08694,Good,Good,0.002765322820064496,0.3229636417536364,0.6626255020162841,0.011645533410015101
P03422,Good,Good,0.001754609991550202,0.3042170276489245,0.6710492564515669,0.022979105907958385
P06270,Average,Average,0.39599595596271936,0.5871902715302753,0.01672723347272142,8.653903428401147e-05
P03883,Average,Poor,0.8344853992791608,0.16538834036138927,0.00012259840525695654,3.6619541928471123e-06
P08248,Poor,Poor,0.9657485603030403,0.0342449031824129,5.801049044817889e-06,7.354655019311876e-07
P05972,Average,Average,0.06560967801332841,0.8269698051807889,0.10713883338218798,0.0002816834236945752
P08480,Good,Good,0.004561452434316973,0.38099801530512833,0.607789789640681,0.006650742619873601
P00608,Average,Average,0.2606297644500198,0.7151765591883139,0.02414506478234779,4.861157931832838e-05
P05354,Excellent,Excellent,9.094686307903374e-06,0.00021829802215915034,0.04017453273900916,0.9595980745525238
P03963,Average,Good,0.0025215127724942804,0.2339643294469365,0.7175997762578737,0.04591438152269565
P03111,Average,Average,0.06632947430492436,0.8357260985152931,0.09759252202268393,0.0003519051570986507
P08192,Good,Good,0.0008535377452895433,0.12061847127491729,0.8194849318246995,0.05904305915509356
P06394,Average,Average,0.02736472864579358,0.5980755748314301,0.37267187405897817,0.0018878224637981166
P04934,Excellent,Excellent,1.605605942843573e-05,0.0030513649118967274,0.31132437589110057,0.6856082031375742
P08826,Poor,Poor,0.9435936986895148,0.056391950477481675,1.3994355966872305e-05,3.564770365048338e-07
P08157,Good,Average,0.10033004497703503,0.7755706906554973,0.1237917774957423,0.0003074868717254905
P04689,Good,Good,0.0009203881224919501,0.1343029908662806,0.8067515436890222,0.05802507732220525
P05639,Average,Average,0.12900663095802467,0.8406236728766538,0.03030981347016173,5.9882695159734843e-05
P02964,Excellent,Excellent,4.64211345528358e-06,0.00019522690251811526,0.04225731069406987,0.9575428202899567
P06412,Good,Excellent,2.2459181171556137e-05,0.007873039131972907,0.4478543754129763,0.5442501262738793
P00053,Poor,Poor,0.9472458216141766,0.052736356087195846,1.6713273594766303e-05,1.1090250328759221e-06
P08838,Excellent,Excellent,1.1060904444190881e-05,0.0001786344850190168,0.0429764589534688,0.9568338456570681
P03911,Poor,Poor,0.9622642093776387,0.0377052030032355,2.988526253673486e-05,7.023565890573796e-07
P09460,Excellent,Excellent,1.1151593582068584e-05,0.00018122430752002416,0.043390827093962844,0.9564167970049351
P06582,Good,Good,0.00030032021001834963,0.0543555702476276,0.8155445593678298,0.1297995501745243
P01499,Average,Average,0.007154393619838035,0.5874433415468091,0.40389672261065274,0.0015055422227003182
P08545,Poor,Poor,0.9653632517993603,0.03463007840382241,5.926218848061742e-06,7.435779693560733e-07
P07219,Excellent,Excellent,8.978530326164207e-05,0.0027736723157314428,0.2210144546345731,0.7761220877464338
P04568,Good,Good,0.00047273146283279916,0.0713251490211757,0.793859429222762,0.13434269029322948
P02968,Poor,Average,0.4296274368628094,0.5613642053551571,0.008984567362195932,2.3790419837549157e-05
P00520,Good,Average,0.012596907551943025,0.5822546301302615,0.4021305894437135,0.003017872874081947
P09819,Average,Average,0.11669645095062399,0.8475193280286222,0.03569519257814799,8.902844260598901e-05
P01707,Excellent,Good,6.266897674741634e-05,0.015997831178020137,0.5517957293558996,0.4321437704893328
P07476,Average,Average,0.05416532991675814,0.8332774997265463,0.11230936487227632,0.0002478054844194178
P02403,Average,Poor,0.9346394463995137,0.0653395588091682,1.958900221628093e-05,1.405789101723077e-06
P07509,Good,Average,0.12313606284217088,0.8515095211809214,0.02525312708897838,0.00010128888792948006
P05155,Average,Poor,0.5398719645068908,0.4587012224526317,0.0014143361409202366,1.2476899557178225e-05
P08323,Good,Good,0.0014146849443510095,0.16931496569442936,0.7915988396502923,0.037671509710927226
P06482,Average,Average,0.046154654746721896,0.715810112850301,0.23736311273013938,0.0006721196728377144
P04480,Good,Excellent,7.33396820072158e-05,0.009703436542011886,0.4778075178659104,0.5124157059100705
P04908,Poor,Poor,0.9646322547039257,0.035361894337186395,5.64090317061406e-06,2.1005571729144267e-07
P00647,Excellent,Excellent,1.0588463318512123e-05,0.00027892744840337107,0.04788312700250903,0.951827357085769
P05994,Excellent,Good,7.7428098663259e-05,0.029979260627127965,0.6682451405529195,0.30169817072128924
P07286,Poor,Average,0.43564040997108316,0.5610483365408901,0.003295620067856111,1.5633420170570873e-05
P05207,Poor,Poor,0.8455311674000259,0.154320113376648,0.00014527214038854815,3.4470829373516333e-06
P08389,Poor,Poor,0.956285274489732,0.04370576169507135,8.697207603314857e-06,2.6660759317952845e-07
P09896,Good,Good,0.00021228362192662935,0.037574331703315623,0.7493740650152474,0.21283931965951033
P02265,Poor,Poor,0.6865604893080033,0.31299860409608476,0.0004334710145599233,7.435581351943191e-06
P08102,Poor,Poor,0.9611130499062982,0.03887876142321751,7.352371234586672e-06,8.362992497878645e-07
P01953,Good,Good,8.297661350568667e-05,0.012391606665174344,0.6014561211958239,0.38606929552549596
P05921,Excellent,Excellent,1.1710439538816745e-05,0.0002010979637954764,0.04694588192385451,0.9528413096728111
P07247,Excellent,Good,0.00017346867529297128,0.022511066842402398,0.6499104895036977,0.327404974978607
P04085,Excellent,Excellent,0.00010166424596953679,0.008868366634606746,0.4338964876998384,0.5571334814195853
P04511,Poor,Poor,0.5681201356512945,0.429434870525534,0.0024366957267404556,8.298096431041233e-06
P02342,Poor,Poor,0.9649919784313237,0.03499981930699635,7.471313620691265e-06,7.309480592378652e-07
P00353,Good,Good,0.0030818826206153184,0.25037850060528477,0.7137555993017469,0.03278401747235305
P03818,Excellent,Excellent,4.188633719913549e-05,0.004776434301170323,0.34630972681739697,0.6488719525442336
P06669,Excellent,Good,0.0015316116045578044,0.17804266026039373,0.7622054812358849,0.05822024689916352
P05199,Average,Average,0.038559993439759896,0.759199134504024,0.20121347195459702,0.0010274001016190653
P03237,Good,Good,0.004089886687153181,0.3801813438619393,0.6101389985139787,0.0055897709369287715
P08719,Excellent,Good,0.001326017726374837,0.22512103595812796,0.7231433868792041,0.050409559436293085
P02532,Poor,Poor,0.9630936084460685,0.036898905750013034,6.695395716552969e-06,7.904082018490015e-07
P05681,Excellent,Excellent,4.3375001081908775e-06,0.00033676473928186124,0.07692075084370892,0.9227381469169009
P01962,Excellent,Excellent,9.265703243029063e-06,0.00022503956722820688,0.04105917599144935,0.9587065187380794
P05505,Good,Good,0.002388412385614513,0.31881034616529935,0.6699853691504734,0.008815872298612864
P09712,Average,Average,0.06773209439071545,0.8413227348260537,0.09081049756825021,0.00013467321498072016
P05993,Excellent,Excellent,1.09087676305481e-05,0.00017357368313043232,0.04206766177192907,0.9577478557773099
P06177,Poor,Poor,0.9549693173801723,0.0449894278022219,4.044431220514814e-05,8.10505400648667e-07
P02780,Excellent,Excellent,7.431921031582231e-06,0.0008756216178289454,0.13993424595241086,0.8591827005087287
P03861,Good,Excellent,4.036574837522293e-05,0.002676376849736621,0.22118411463753154,0.7760991427643568
P08386,Poor,Poor,0.9655314932129012,0.03446054405475006,7.243137118004173e-06,7.195952306147299e-07
P06928,Excellent,Excellent,4.623790610574549e-06,0.00037856558875640645,0.08463621076857156,0.9149805998520614
P06081,Excellent,Excellent,0.00018566608145580406,0.011938788901916983,0.4746307167784098,0.5132448282382174
P03204,Average,Average,0.06614088676154534,0.8151028551477376,0.11850522854504855,0.00025102954566848853
P04197,Good,Good,0.00018136008791576778,0.03981329360184876,0.7273302008452206,0.23267514546501497
P08269,Excellent,Excellent,2.763106674379439e-06,0.00015226560159364524,0.04523732004572812,0.9546076512460039
P01144,Good,Good,0.0012707250093521843,0.11632494677776435,0.7012776331042828,0.18112669510860047
P09279,Poor,Poor,0.9656749084016911,0.034317185251258056,7.189829120923785e-06,7.165179300060106e-07
P07291,Poor,Poor,0.5021165364514034,0.49284094388345073,0.005009965634437568,3.255403070831214e-05
P01309,Good,Good,0.00025205654658421123,0.02430807716373409,0.6875318017034043,0.2879080645862772
P07731,Poor,Poor,0.9357354558270279,0.06418884675161511,7.461613160752355e-05,1.0812897496749242e-06
P04065,Excellent,Excellent,3.902081940984448e-06,0.00028178196246562515,0.06775825200717916,0.9319560639484142
P01295,Excellent,Excellent,1.1618527408866466e-05,0.00019809515669841268,0.046457775863640326,0.9533325104522525
P09734,Good,Good,3.7707204169988435e-05,0.02182445888789283,0.685875811358623,0.2922620225493142
P07774,Good,Excellent,0.00016332530287109802,0.013158405969179136,0.4726589289862698,0.5140193397416799
P09055,Poor,Poor,0.8839227880993713,0.11601690575311642,5.773571902740346e-05,2.5704284847986326e-06
P09406,Good,Good,5.841507492665743e-05,0.036079475231046924,0.7737568090997606,0.19010530059426584
P01324,Poor,Poor,0.9623381753958777,0.03763133354325753,2.9790402725593292e-05,7.006581392935469e-07
P09175,Good,Excellent,3.1600415352116696e-05,0.0016385966319538323,0.16333657372316648,0.8349932292295275
P08162,Average,Average,0.1788608346327777,0.7798503952164875,0.04113668718055222,0.00015208297018272192
P04272,Poor,Poor,0.949912699595126,0.050074542506996576,1.1614050149894384e-05,1.143847727560323e-06
P08914,Excellent,Excellent,4.6892530550440675e-06,0.0001985120682206975,0.0428042031487581,0.9569925955299661
P00779,Excellent,Excellent,9.75969233846186e-06,0.0006535734643547023,0.10133386301435071,0.898002803828956
P05857,Good,Average,0.03640859459476899,0.7550437409263807,0.20820563939606743,0.0003420250827828837
P00262,Average,Poor,0.8536670154359661,0.1462331482590603,9.650279044612368e-05,3.333514527479941e-06
P06949,Average,Average,0.009458190014656498,0.7825226051023945,0.20678891536443952,0.001230289518509557
P02560,Good,Average,0.03910751992411281,0.7136271880108777,0.24663404588593002,0.000631246179079697
P02673,Excellent,Good,0.00015299529207997618,0.04184474625156367,0.6771117486261062,0.28089050983025
P03291,Excellent,Excellent,1.1009623017345339e-05,0.0008171654928029341,0.1251816088365022,0.8739902160476775
P03542,Excellent,Good,0.0003251469154075201,0.11239564512421149,0.8202704770706085,0.06700873088977251
P03333,Excellent,Excellent,1.2710391394949947e-05,0.00023857547571929616,0.053318312434480875,0.946430401698405
P04549,Good,Good,0.00265761834074396,0.27438298116883736,0.6868462566890212,0.036113143801397345
P00897,Good,Good,0.006471281434258097,0.36734817121730384,0.6134499866595454,0.012730560688892476
P03699,Excellent,Excellent,1.4036622781204925e-05,0.0012931404045953075,0.17478778171206752,0.823905041260556
P00711,Excellent,Excellent,1.1150895531630932e-05,0.0003130237798481801,0.051514492112964064,0.9481613332116561
P03992,Average,Average,0.09236467461385164,0.738611194390553,0.16829717784766537,0.0007269531479301279
P04521,Poor,Poor,0.9528411095109388,0.04714452161148171,1.3380582749073854e-05,9.882948304920402e-07
P05697,Average,Average,0.07426957283468669,0.7824035941879584,0.14291597169977693,0.00041086127757803634
P03328,Average,Average,0.3756828039042339,0.6066938264144177,0.017574266483815208,4.91031975332209e-05
P01571,Good,Good,0.001967757350486227,0.1312657693938587,0.6892271103926235,0.17753936286303157
P07937,Average,Average,0.05990450159208523,0.742496951926232,0.19718491064261645,0.00041363583906631245
P03464,Poor,Average,0.4693746231559771,0.5274611776093956,0.0031386005337804513,2.5598700846973332e-05
P02500,Good,Average,0.04044966021640571,0.6843146235931757,0.27470275980476194,0.000532956385656662
P01789,Excellent,Excellent,4.617660779061696e-05,0.003639552659205285,0.33728207266691523,0.6590321980660888
P04092,Average,Average,0.018217553584945968,0.6445332348472312,0.3363969221566306,0.000852289411192198
P03280,Poor,Poor,0.7588232236616015,0.24085753115819394,0.0003168870194089145,2.358160795700341e-06
P08770,Average,Good,0.0010626814125714434,0.14791133628418232,0.7968271677216294,0.05419881458161678
P05574,Good,Good,0.0004004364176139825,0.07210366753728524,0.8031061666967897,0.12438972934831094
P02624,Excellent,Excellent,9.371154467100137e-06,0.00022923936845912324,0.04161061331886825,0.9581507761582057
P00330,Average,Good,0.0016556909554353177,0.23453122879303373,0.7376040037036771,0.026209076547853975
P05229,Average,Poor,0.7295914664356344,0.2684442353638161,0.001955369766582202,8.928433967262055e-06
P03828,Excellent,Excellent,3.4968782800565576e-06,0.00023037199137962278,0.05963213040230821,0.9401340007280321
P01918,Good,Average,0.023172849672615885,0.6877865898365946,0.28816700165638715,0.0008735588344023946
P09549,Good,Good,6.967400448196375e-05,0.01562487109276753,0.5623936985728799,0.42191175632987055
P09395,Average,Good,0.005886524901506073,0.48229404448868707,0.5090747848256103,0.002744645784196513
P09541,Excellent,Excellent,9.92095314520574e-06,0.00025372990965671075,0.04466902514545021,0.9550673239917478
P02309,Excellent,Good,0.00040253990994732565,0.04749970408409569,0.7202387959322843,0.23185896007367265
P00970,Poor,Average,0.1714682442523525,0.8070636644977021,0.021422021793067302,4.606945687831098e-05
P00058,Poor,Poor,0.9386557136087085,0.06132518372279335,1.7800103627791944e-05,1.3025648705513753e-06
P00315,Excellent,Excellent,8.418255228330591e-06,0.0005335452747270207,0.0922854855599792,0.9071725509100655
P09953,Excellent,Excellent,5.392136594376512e-06,0.0004970528224996123,0.0996771388800409,0.8998204161608652
P09964,Average,Average,0.06885538899256345,0.8186248102059983,0.11239445751582736,0.00012534328561089437
P08408,Average,Average,0.00893489406557659,0.6868256395820397,0.30199733843350074,0.0022421279188829042
P05580,Good,Good,0.0005026912092844984,0.09436404908107009,0.8453637332471455,0.05976952646249999
P02617,Poor,Poor,0.9273476789115633,0.07261922058874644,3.156370428663055e-05,1.5367954035153018e-06
P00644,Good,Good,7.294314289809015e-05,0.03827339380416641,0.7526581458828642,0.20899551717007134
P00070,Poor,Poor,0.9539475016340214,0.046041289701493154,1.0227874950240049e-05,9.80789535000198e-07
P01348,Good,Average,0.021555900089200167,0.7298180030187527,0.247639919892411,0.0009861769996362265
P08523,Average,Good,0.00028526291909546997,0.06054530719427786,0.7479080852854714,0.19126134460115524
P03879,Average,Poor,0.8828452880859039,0.11694597038893051,0.0002066700418088214,2.071483356728314e-06
P08860,Good,Average,0.03606702101498594,0.6484649119827874,0.3142657962144387,0.001202270787788097
P04143,Good,Good,0.00013693372082935646,0.06484404812361894,0.7922413666678854,0.14277765148766633
P01141,Good,Average,0.10740545788173561,0.7292711660388883,0.1627388365667297,0.000584539512646425
P04800,Poor,Poor,0.9647580417166784,0.03523614983784334,5.5992318630597325e-06,2.0921361503411763e-07
P01692,Excellent,Excellent,6.951618908810398e-06,0.00038417451532826014,0.07135717799195157,0.9282516958738114
P03616,Excellent,Excellent,2.8658189640287973e-06,0.00016233283138963092,0.0472737010306703,0.9525611003189761
P07897,Average,Average,0.17313586514535764,0.7871339651243933,0.03967469562274722,5.5474107501920246e-05
P05915,Good,Excellent,9.89189925032437e-06,0.0012952663665152233,0.17125945817415936,0.8274353835600752
P09191,Poor,Poor,0.9507886244689778,0.04920003537760515,1.1035783481756708e-05,3.043699353340098e-07
P07477,Average,Good,0.002712052541385783,0.2636746983764472,0.6909036615553708,0.042709587526796294
P05567,Poor,Poor,0.9625907426736565,0.03737911230285485,2.9448047074255328e-05,6.969764144067744e-07
P00334,Average,Poor,0.5867024798708004,0.41249234735042023,0.0008016638698351344,3.508908944314508e-06
P08081,Average,Average,0.04997612052499775,0.7731690111612898,0.17656970831836316,0.0002851599953493534
P07536,Average,Poor,0.8573238286382275,0.14258353658072573,8.949168883900022e-05,3.1430922076966162e-06
P02486,Excellent,Excellent,1.0770824022770686e-05,0.00016897073241443447,0.04122450203284847,0.9585957564107143
P00050,Poor,Poor,0.7212982991952854,0.27775536988558724,0.0009413238239135027,5.007095213810791e-06
P06967,Excellent,Excellent,3.3143151153647087e-06,0.000208161697453145,0.055838535732418954,0.9439499882550124
P09620,Average,Poor,0.6365499803823638,0.3628549206735032,0.0005867438812447979,8.355062888093312e-06
P01489,Good,Average,0.03249119060232539,0.7556167224249624,0.2113469763672407,0.0005451106054715088
P08567,Excellent,Excellent,1.584026850726533e-05,0.0015854025130473356,0.20169419243708359,0.7967045647813618
P06439,Average,Average,0.04288892339558159,0.7040100447842081,0.2523998542596828,0.0007011775605274998
P08934,Average,Average,0.008353890977577888,0.5058787988781087,0.48397111596500214,0.0017961941793112465
P07077,Poor,Poor,0.9342559793552255,0.06572333386898263,2.0263032194215422e-05,4.2374359762332835e-07
P05536,Excellent,Excellent,4.134617504076974e-06,0.0003097358766800985,0.07162943714354642,0.9280566923622694
P07199,Excellent,Excellent,3.0094908210494767e-06,0.0001769378692890972,0.050200559973247585,0.9496194926666423
P07128,Poor,Poor,0.9268670981525428,0.07303809095603965,9.36207891143068e-05,1.1901023034390462e-06
P03246,Poor,Poor,0.956941336683137,0.043020483807310224,3.739163192063889e-05,7.878776320796976e-07
P03637,Excellent,Good,0.0005023504740411017,0.053057485862954744,0.7296660799876636,0.21677408367534048
P09416,Excellent,Excellent,1.1017653340857096e-05,0.0001766256529777735,0.04251706222151178,0.9572952944721697
P02187,Good,Excellent,4.378323514576084e-05,0.00904306538144733,0.47029238389051514,0.5206207674928918
P02693,Good,Average,0.025872018189432536,0.656805039354574,0.3163087262500025,0.0010142162059909993
P09921,Poor,Poor,0.9574099530949253,0.04255247794637864,3.6796708220313976e-05,7.722504757067902e-07
P00864,Good,Good,0.001619407484798453,0.21080640772472814,0.7590358239710993,0.028538360819374095
P06931,Poor,Poor,0.9660429793815086,0.033950584723478415,5.7066384560322096e-06,7.292565567783843e-07
P06137,Good,Excellent,5.0379533113789374e-05,0.004131120205001423,0.2886336969638153,0.7071848032980694
P05086,Excellent,Excellent,1.111938952547581e-05,0.00018051612524415755,0.04329630120715199,0.9565120632780784
P06357,Excellent,Excellent,1.1854471930364649e-05,0.00020568852106766974,0.047615874361949834,0.952166582645052
P05400,Poor,Poor,0.9641783725898152,0.03581454094936637,6.317494137258301e-06,7.689666811004653e-07
P04838,Average,Average,0.3105518656319158,0.6858576112515843,0.003582641132339966,7.881984160059596e-06
P06041,Poor,Poor,0.9642290591698719,0.03576239904232764,7.794610867369557e-06,7.471769330348982e-07
P01375,Poor,Poor,0.5538398614024768,0.4428676985559183,0.0032639016955380387,2.853834606678677e-05
P03140,Poor,Poor,0.9567960416013993,0.043165514649463894,3.76590068969036e-05,7.847422398099443e-07
P00789,Average,Good,0.0013607306564373768,0.24449998466574124,0.7266267875154266,0.02751249716239476
P08057,Excellent,Excellent,1.087001351025751e-05,0.00017220930051360588,0.04180905647017965,0.9580078642157964
P09742,Average,Average,0.15782230582355053,0.7678842980456229,0.07410972516101332,0.00018367096981338605
P03447,Excellent,Excellent,0.00016361504334612385,0.009220850030975131,0.38601992766968934,0.6045956072559895
P05630,Excellent,Excellent,1.1182260785939793e-05,0.00018170731498386085,0.043453472830984885,0.9563536375932453
P06989,Poor,Poor,0.6704729830309782,0.3288010457526323,0.0007188721580837734,7.099058305776195e-06
P09592,Average,Poor,0.8831503735817665,0.11678984300642042,5.897690176651023e-05,8.065100465490968e-07
P00257,Average,Average,0.2531824515127759,0.7314044550695418,0.015326917035727123,8.617638195534685e-05
P04548,Average,Average,0.022910195350826352,0.6549182815990404,0.32137596995446854,0.0007955530956645879
P09119,Poor,Poor,0.9336021042486933,0.06631828484375464,7.84548646899746e-05,1.1560428620191674e-06
P04288,Average,Poor,0.6770272964600681,0.32223236857534265,0.0007327155468922331,7.619417697088194e-06
P05790,Excellent,Good,0.0005166816062037752,0.09369521351324314,0.8150482405344703,0.0907398643460827
P04090,Excellent,Excellent,9.114375452890731e-06,0.00021908255918846235,0.040277330429545545,0.9594944726358131
P00540,Excellent,Excellent,9.298231679937757e-06,0.0006129138892485213,0.09430382869991284,0.9050739591791588
P09583,Average,Poor,0.7922642488577624,0.2075866069205795,0.0001476243298658463,1.519891792406139e-06
P01545,Excellent,Excellent,2.712417321839746e-06,0.00014740897748473453,0.04422934482687731,0.9556205337783161
P02222,Poor,Poor,0.886893517018607,0.11290358779301783,0.0002012121737475157,1.6830146277411795e-06
P00782,Poor,Poor,0.9565702397362754,0.04342099113197385,8.505055170543971e-06,2.640765801124267e-07
P06457,Average,Good,0.0016842748557493077,0.28193751659976174,0.7058904412693005,0.010487767275188508
P08839,Excellent,Excellent,1.1675384484925118e-05,0.00033002280896218025,0.053968659989477544,0.9456896418170755
P09397,Poor,Poor,0.9609221660114153,0.039070743094707906,6.855868549188223e-06,2.3502532770223367e-07
P06354,Poor,Poor,0.9622283877572485,0.03774097274499868,2.9936990313221875e-05,7.025074397794606e-07
P01986,Good,Excellent,4.0243875715828575e-05,0.008417299037941537,0.4669766888102896,0.5245657682760531
P05227,Poor,Poor,0.7547319724838195,0.2449099364911359,0.0003561846479426545,1.9063771017983803e-06
P00419,Excellent,Excellent,1.073985874041342e-05,0.00016795197481331913,0.04103776257807838,0.9587835455883679
P02684,Excellent,Excellent,1.0182141243257468e-05,0.0007246866240282647,0.10319998639836363,0.8960651448363648
P02213,Excellent,Excellent,3.1792643160093004e-05,0.001801909823654508,0.1779211519631649,0.8202451455700205
P08361,Average,Average,0.1033478166164216,0.7226976747282405,0.17325364840970306,0.0007008602456346915
P07843,Excellent,Excellent,1.0827841863544737e-05,0.000170856660648318,0.041570217655266216,0.958248097842222
P09941,Good,Good,0.0004759318067880546,0.07590470951772106,0.8130770582198266,0.11054230045566435
P07522,Good,Good,0.0008225155396686209,0.17052180627258912,0.7780037311417167,0.05065194704602554
P04274,Poor,Poor,0.9647496873210328,0.03524450086377352,5.602542575529325e-06,2.092726179744747e-07
P07606,Average,Average,0.02833568845231592,0.5127119488623691,0.4553891735283084,0.0035631891570065545
P05216,Poor,Poor,0.9605909353519403,0.03937615107953495,3.2185821823640415e-05,7.277467011113715e-07
P04656,Poor,Poor,0.7261652272695106,0.27305645336745826,0.0007659108767802522,1.2408486250861967e-05
P03675,Poor,Poor,0.9633678358344949,0.03662477971267215,6.599151691705972e-06,7.853011412273173e-07
P01000,Good,Average,0.08193092235662203,0.759149398530936,0.15859509590680018,0.0003245832056417531
P02652,Poor,Poor,0.6375965323380338,0.3592711276131248,0.0031183202177498554,1.4019831091530406e-05
P02775,Poor,Poor,0.8179628093948016,0.1819115827483072,0.00012124324961423051,4.364607277101788e-06
P05625,Poor,Poor,0.8988723583386461,0.10107823798415887,4.72850614485808e-05,2.1186157465014495e-06
P04280,Poor,Poor,0.5871695547859983,0.4119420347451839,0.000883668283754933,4.742185062832367e-06
P09630,Excellent,Excellent,4.919745229776853e-06,0.00021480981746270652,0.04503371143650274,0.9547465590008049
P04490,Average,Good,0.0018528983676313845,0.1764719362254669,0.7729592813638585,0.04871588404304331
P00587,Good,Good,0.0033243315399171017,0.4777162961079645,0.511949650717443,0.0070097216346752525
P00814,Good,Good,0.005860561785693655,0.40107040792421716,0.5872030124710482,0.005866017819040966
P09137,Good,Good,0.0003058718637123505,0.03259181937633213,0.6640114836919383,0.3030908250680172
P07433,Average,Average,0.04789567789888371,0.8818402854724519,0.06990900700574883,0.0003550296229157378
P04947,Excellent,Excellent,1.0001146312381493e-05,0.0002536835699042764,0.0447129015717437,0.9550234137120397
P09273,Average,Good,0.0017626833247596303,0.15214364201950872,0.7739963875638013,0.07209728709193035
P03187,Poor,Poor,0.9627115282221476,0.03728196212315558,6.286692120514318e-06,2.2296257646511827e-07
P09880,Good,Good,0.0043729152720045844,0.3098222939375579,0.6665971247592976,0.01920766603114006
P03245,Excellent,Excellent,3.0610281264106947e-06,0.00018210515902924898,0.05111138510392887,0.9487034487089155
P06323,Poor,Poor,0.9625322901753711,0.03745840491057765,8.521986911545728e-06,7.829271397559059e-07
P01335,Average,Average,0.0905151192320752,0.8157297532809707,0.09337236040546454,0.0003827670814894813
P01781,Good,Average,0.08982713108359433,0.8184422033039955,0.09143204401360536,0.00029862159880487846
P04311,Poor,Average,0.21335125943580374,0.7659077608093807,0.02065399751790647,8.698223690912962e-05
P04176,Poor,Poor,0.7362010053226543,0.26339383714417275,0.0004030645885796405,2.092944593331167e-06
P02267,Good,Good,0.0023834403342667767,0.295929696614144,0.6734653459729362,0.028221517078653068
P08540,Poor,Poor,0.9585557103847874,0.04140843082805823,3.510252450239587e-05,7.562626519173737e-07
P00871,Poor,Poor,0.9644687860142565,0.035525309083210534,5.693733780033199e-06,2.111687531525182e-07
P07251,Average,Average,0.05142124089318579,0.8504833784083762,0.09785369730102923,0.00024168339740886704
P04186,Average,Good,0.003645392918624766,0.4859084980217096,0.5068518347192692,0.00359427434039646
P02744,Poor,Poor,0.6475111597210086,0.35101759630660634,0.0014639974422441255,7.246530141013135e-06
P08556,Good,Good,0.0011085646523027446,0.15908733499404165,0.8075207236808579,0.03228337667279767
P07550,Excellent,Excellent,7.727623226487142e-06,0.0009100181520213723,0.146934166292722,0.8521480879320302
P08415,Excellent,Excellent,3.713616882460998e-05,0.001940890041665509,0.21696756027638586,0.7810544135131241
P09214,Excellent,Excellent,0.00023105548577161486,0.008104629035983333,0.3171925496672081,0.674471765811037
P07863,Good,Excellent,6.484100900143268e-05,0.006865164662454387,0.40307504526874155,0.5899949490598027
P07016,Poor,Poor,0.9646304382436387,0.03536371200283976,5.6396891064454034e-06,2.1006441516760412e-07
P07443,Excellent,Excellent,9.608555158432256e-06,0.00023883439214477103,0.0428533409754947,0.956898216077202
P06911,Poor,Poor,0.9631807144703298,0.036810312250330546,8.205137089462358e-06,7.681422503911529e-07
P02499,Poor,Poor,0.765565419873254,0.23417169067677743,0.00025807334615208653,4.816103816485109e-06
P03287,Good,Good,0.0015487941427478023,0.1550378391751741,0.7207886738980221,0.1226246927840559
P01048,Average,Good,0.001699537524479051,0.3021178917592482,0.6783857081900136,0.017796862526259043
P08321,Average,Average,0.2845865463637836,0.691705270200044,0.023629481927074217,7.870150909810569e-05
P09521,Good,Good,0.0001251812667941077,0.047217019957792976,0.7312262559429572,0.22143154283245567
P06168,Average,Average,0.4275569713084963,0.5634399817841689,0.008949311791218311,5.3735116116601414e-05
P05281,Poor,Poor,0.9637657394575946,0.03622811535960479,5.929336297252901e-06,2.1584650334212035e-07
P03501,Average,Poor,0.8787401775548037,0.12118992310212044,6.905094227501741e-05,8.484008009602748e-07
P04245,Average,Good,0.003967166105448906,0.3546516366704291,0.6225062034504364,0.018874993773685452
P03940,Good,Good,0.0034262210212184676,0.35819914047952567,0.629838973992048,0.008535664507207838
P07354,Good,Average,0.015498424447654344,0.6187382829468322,0.3643399820509059,0.0014233105546075909
P04120,Poor,Poor,0.9605087817698104,0.039482772119780636,7.600567824821691e-06,8.455425841074008e-07
P03484,Excellent,Good,7.984284937921067e-05,0.009173686025584424,0.5066003220919086,0.48414614903312775
P06823,Poor,Poor,0.7211258916454134,0.27837641464714225,0.0004915456758263296,6.148031618051239e-06
P04263,Excellent,Excellent,1.2414345101595731e-05,0.00022744869138968183,0.051522601027588,0.9482375359359206
P03418,Poor,Poor,0.9393631321695672,0.060620021843070936,1.6461328631728476e-05,3.846587299821263e-07
P07078,Average,Good,0.00014759268703678762,0.04611215990160404,0.7363682952175664,0.21737195219379266
P01772,Excellent,Excellent,7.037696608798465e-05,0.005684283300859497,0.3963171788872662,0.5979281608457863
P05166,Average,Average,0.023753525824970378,0.6529554742905168,0.32214946770768565,0.0011415321768271831
P05796,Good,Good,0.004004262132369855,0.393723849735217,0.5985872269793889,0.0036846611530241572
P06269,Good,Average,0.018949254316897826,0.5952394937557611,0.3839485032009377,0.0018627487264032323
P08518,Good,Good,5.1014160029160784e-05,0.025371359712619636,0.6949932902515973,0.2795843358757539
P05597,Poor,Poor,0.9629264534789619,0.037064413683014066,8.35793018456966e-06,7.749078395457379e-07
P00621,Excellent,Excellent,4.833654829232987e-06,0.0004130406717190899,0.0880591630090059,0.9115229626644457
P06189,Good,Average,0.006021587057838324,0.5335544220899695,0.4577052458468541,0.00271874500533811
P02596,Average,Average,0.06720886579127813,0.6543028043102319,0.2775766518956177,0.0009116780028721811
P03164,Excellent,Excellent,2.3049282990983612e-05,0.007258378748632663,0.4530407586909897,0.5396778132773866
P05232,Average,Average,0.37136171497734394,0.626069786810662,0.002552207877947957,1.6290334046020074e-05
P05595,Excellent,Good,3.8096850848330095e-05,0.011439963816874428,0.5307160820074418,0.4578058573248355
P06868,Average,Average,0.07943761551043294,0.8264498171594934,0.09396069648155113,0.00015187084852255812
P09582,Good,Good,8.577667663764758e-05,0.011510055697484936,0.5579248761844418,0.43047929144143576
P04303,Poor,Poor,0.9642544668593117,0.035739556691906364,5.763874040124132e-06,2.1257474194409085e-07
P09374,Average,Average,0.16120868178060374,0.8270691803447614,0.011708090012037863,1.4047862596959567e-05
P03852,Poor,Poor,0.6773990698975499,0.3216198468599003,0.0009708869391363618,1.0196303413383514e-05
P08320,Average,Average,0.4410101781764185,0.5565062335505951,0.0024752664916942867,8.321781292141689e-06
P01285,Poor,Poor,0.8844132310166634,0.11537787912223581,0.00020706471403956965,1.825147061221193e-06
P08499,Average,Average,0.06038092769417542,0.8631021936641904,0.07640894798316786,0.00010793065846644549
P04421,Excellent,Excellent,1.1049991944502289e-05,0.00017813986294666856,0.04287904412960657,0.9569317660155022
P07803,Average,Average,0.12735352791947574,0.8074673864726156,0.06503901771804355,0.00014006788986503622
P05861,Good,Good,0.0008513767548604398,0.14834586608196013,0.7559444290346332,0.09485832812854633
P05995,Excellent,Excellent,6.219502586283694e-06,0.00064805953831335,0.12114158497128245,0.8782041359878179
P09480,Average,Good,0.004545831534673921,0.45732206922979485,0.5355225403877784,0.002609558847752961
P03712,Poor,Poor,0.9635596296216072,0.03643415501764502,5.998125182927786e-06,2.1723556481335215e-07
P01977,Good,Good,0.0018295729967760304,0.20653803939952553,0.7614445924331312,0.030187795170567213
P06260,Average,Average,0.07015620179764448,0.736271895013993,0.19303902853722776,0.0005328746511345072
P01281,Good,Good,0.004327537771882326,0.31938749503992614,0.6506791161719999,0.025605851016191516
P02041,Average,Average,0.07939049254080223,0.7542303969383833,0.16584883815472584,0.0005302723660886512
P06952,Average,Average,0.11187352689262547,0.8177830772421346,0.0700647085556215,0.0002786873096185279
P06883,Excellent,Excellent,2.1357631210981797e-05,0.0007370702472011724,0.12310589785105569,0.8761356742705322
P09667,Poor,Poor,0.927983249190938,0.07198584540364973,2.939632163136615e-05,1.5090837808526167e-06
P08179,Average,Average,0.09357405617535958,0.8198996838691067,0.0864376521235046,8.860783202911536e-05
P02254,Average,Average,0.041286051894178416,0.7351630581535931,0.22307906464878924,0.000471825303439201
P03627,Good,Good,0.00036309837656539243,0.09217962272052699,0.7920788012413863,0.11537847766152126
P01029,Excellent,Excellent,5.154587788054299e-06,0.00045636653558071697,0.08615777631718478,0.9133807025594464
P02940,Poor,Poor,0.8139897463953292,0.1858348844326187,0.00017124094755074955,4.128224501475931e-06
P01540,Good,Good,0.0016606154639816303,0.11988396525849154,0.6782654880572284,0.20018993122029827
P00222,Poor,Average,0.43308877364905124,0.5582261306768748,0.008641224706878167,4.387096719584397e-05
P09754,Average,Good,0.00019695441777385503,0.05059555936990081,0.8602681203171715,0.08893936589515386
P03247,Good,Good,0.0006341699196707025,0.13858889330739013,0.7826392842737693,0.07813765249916993
P01004,Poor,Poor,0.6061997364637016,0.39188835285811474,0.0019053410827428537,6.569595440822388e-06
P02376,Poor,Poor,0.9625338057483147,0.03743597129809909,2.952515399335245e-05,6.977995928663687e-07
P07794,Excellent,Excellent,1.1674675795924853e-05,0.00019941564646159702,0.04655548801642125,0.9532334216613211
P06651,Poor,Average,0.17729384906329293,0.8082565594036099,0.014428202965486575,2.1388567610715522e-05
P07175,Good,Good,0.00020438288282324248,0.019551950854619107,0.593103657033791,0.38714000922876657
P05346,Good,Good,0.0002733653714426556,0.04838167072518358,0.7678415310328204,0.18350343287055337
P00648,Excellent,Excellent,6.403118913013366e-05,0.004429333935375206,0.2944910533898212,0.7010155814856734
P00640,Poor,Poor,0.7361450441397591,0.26346597585872167,0.0003835856368135071,5.3943647056831775e-06
P01067,Average,Average,0.042294297989415176,0.7469148190048144,0.21037106252923865,0.0004198204765318519
P07870,Poor,Poor,0.9438706619307137,0.056109520198244424,1.8639499854898404e-05,1.1783711870238897e-06
P04296,Average,Average,0.4228943510286168,0.5564692691190484,0.020568623121243128,6.775673109174217e-05
P02959,Average,Average,0.023329978342886908,0.7081379405013402,0.2677038293145095,0.0008282518412633513
P06900,Average,Average,0.04366782781247647,0.7309881893417892,0.2247593499738665,0.0005846328718678481
P07184,Excellent,Excellent,1.4288136255616901e-05,0.0003052669661494707,0.0640162189321688,0.9356642259654261
P00392,Average,Poor,0.6157868982287836,0.38157108921567706,0.002617084368514439,2.4928187024799472e-05
P09666,Average,Average,0.2369147081727881,0.7559542260858706,0.00710286591933008,2.8199822011228165e-05
P00873,Excellent,Good,7.473977411326797e-05,0.014795933498410211,0.5945542487841361,0.3905750779433404
P07352,Poor,Poor,0.7181882480765528,0.28026107774161063,0.0015444240743607183,6.250107475857872e-06
P02820,Average,Average,0.012951479032838123,0.5315338833311757,0.4525223971077083,0.0029922405282779376
P05211,Excellent,Excellent,1.1673580611296146e-05,0.00019877999042739464,0.04644584707324948,0.953343699355712
P05302,Poor,Poor,0.9598261832320434,0.04013984024066084,3.323523142935261e-05,7.412958665371063e-07
P00914,Excellent,Excellent,1.1829176176777056e-05,0.0003386646470946216,0.054916737590106096,0.9447327685866225
P01365,Excellent,Excellent,2.4640668044717165e-05,0.0008304058892665093,0.12190533478832434,0.8772396186543645
P09998,Poor,Poor,0.9653991747145231,0.03459280138623086,7.301539902840763e-06,7.223593432492782e-07
P00726,Excellent,Good,0.000552867226195114,0.06555709334805523,0.7488898928647328,0.18500014656101682
P05081,Poor,Poor,0.9471598412581326,0.05282690774424913,1.2921021979182153e-05,3.2997563892877216e-07
P02098,Excellent,Excellent,6.78166272086192e-05,0.0034998736764575164,0.28848737981863015,0.7079449298777037
P01199,Average,Average,0.0678234174199939,0.8392811655283706,0.0927499949589774,0.00014542209265794117
P06577,Excellent,Excellent,3.2915943883386573e-06,0.0002053963461115005,0.05537791582010099,0.9444133962393991
P07149,Excellent,Excellent,5.912303383301881e-06,0.0005623162921763103,0.1053830739685391,0.8940486974359013
P00280,Excellent,Good,0.00012531424574701203,0.013912175915642845,0.5600949948882534,0.42586751495035674
P00824,Average,Average,0.34095896067598125,0.6553150944014642,0.0036982366296688415,2.7708292885599027e-05
P01334,Excellent,Excellent,1.4344396408794528e-05,0.0003034578609470334,0.0630809096944741,0.93660128804817
P07568,Excellent,Excellent,2.4794038932159312e-05,0.0008697099594329941,0.12633253799960814,0.8727729580020268
P09180,Poor,Poor,0.9642181869577847,0.035773279165473355,7.786977660042693e-06,7.468990820749517e-07
P06078,Good,Good,0.002463386888118945,0.22570100796698606,0.7291678154820227,0.04266778966287225
P05875,Excellent,Excellent,1.0075848947726319e-05,0.0002588163301343968,0.045362022675172815,0.954369085145745
P02044,Poor,Average,0.04457481959973906,0.8400359695357064,0.11518339671004509,0.00020581415450927565
P08967,Poor,Poor,0.9659529781674222,0.03404055492391024,5.735791106234636e-06,7.311175613437305e-07
P07140,Excellent,Excellent,1.0742229140502874e-05,0.00016803173975042226,0.041052608514546396,0.9587686175165627
P09304,Good,Good,0.0006054470833840785,0.1384324414840899,0.7800035844473082,0.0809585269852176
P05808,Poor,Poor,0.9449870458039318,0.05495499742228151,5.699706919421758e-05,9.59704592449133e-07
P03986,Average,Average,0.04502456916380212,0.6654340548552269,0.28870380793777034,0.0008375680432006901
P02588,Average,Average,0.1326249237098952,0.8560123714084631,0.011327585681210822,3.5119200430864004e-05
P00522,Good,Good,0.002420777140788737,0.15362303049372994,0.7308311474929218,0.11312504487255967
P02807,Average,Average,0.0187776050771069,0.5968541841519653,0.38211615072135174,0.0022520600495760565
P09917,Good,Average,0.03499338049599623,0.7409263450620023,0.22365648615770017,0.0004237882843012029
P03180,Average,Average,0.06296645379388076,0.7109017242484661,0.22560455034744686,0.0005272716102062986
P05336,Excellent,Excellent,1.2055611139083058e-05,0.00020990023171475378,0.04783088309523541,0.9519471610619108
P07000,Excellent,Excellent,4.675482314129439e-06,0.00019757086478005038,0.04262614786039656,0.9571716057925092
P03531,Good,Good,0.0007773186404893597,0.11845282173802725,0.7518781349210532,0.12889172470043025
P08720,Poor,Poor,0.9645897452736164,0.035403309353261886,6.186065189218737e-06,7.593079325013042e-07
P01047,Average,Average,0.14394452411369096,0.819980577046239,0.03603299428165202,4.19045584180046e-05
P08777,Poor,Poor,0.9563376515603839,0.04364993925554705,1.1495393141814575e-05,9.137909271880911e-07
P07150,Poor,Poor,0.7783837700197291,0.22132611890891388,0.0002855506341152881,4.560437241657545e-06
P07391,Excellent,Excellent,6.768863310652154e-06,0.0003666801215080909,0.06456105990878187,0.9350654911063994
P07511,Excellent,Excellent,6.541106586480267e-06,0.0006843894025916157,0.12296256643153282,0.8763465030592891
P05551,Average,Poor,0.7666113026817631,0.2331737999743849,0.00021303850988846568,1.8588339635156859e-06
P07475,Excellent,Good,0.0009748627223081897,0.19434255091566946,0.7280393390827065,0.07664324727931601
P06697,Average,Average,0.1495620145316398,0.7907935743743062,0.05942971551642461,0.00021469557762939933
P04498,Average,Average,0.13419123636874855,0.7679576732770252,0.09761635108406208,0.00023473927016396076
P04552,Excellent,Good,0.0003373278118148315,0.08362055857620944,0.8403527585655204,0.07568935504645534
P06353,Average,Average,0.05275110306372575,0.8244499132421784,0.12256427859339863,0.00023470510069725293
P04036,Average,Average,0.1381635408040185,0.8097576081099734,0.05189936440834484,0.0001794866776630303
P00500,Poor,Poor,0.7480072396479263,0.25119518024999926,0.0007930957464029238,4.484355671666184e-06
P00957,Excellent,Excellent,1.239416875016742e-05,0.00022490402404092295,0.05076952414709592,0.948993177660113
P03578,Poor,Poor,0.9604585970360812,0.03953110025833005,9.474541014505708e-06,8.281645744115826e-07
P03566,Excellent,Good,0.00010928952502396943,0.013892132085395055,0.5347710103003224,0.4512275680892587
P07641,Good,Good,0.0008389288108375748,0.1879895189050562,0.7550056285847636,0.05616592369934261
P08193,Good,Good,0.00022003850656475651,0.073610936412384,0.8577620242600922,0.06840700082095905
P09813,Average,Good,0.001492857423091138,0.1631261108587988,0.7694777383380913,0.06590329338001863
P03726,Average,Poor,0.7199929685269045,0.27683327271590097,0.0031573906804688505,1.636807672562203e-05
P05795,Average,Average,0.0033186809443930274,0.5100290489122672,0.48366411402798043,0.0029881561153594295
P04413,Average,Average,0.02964529811951688,0.7920814255691481,0.17776046431230297,0.0005128119990320592
P06851,Excellent,Excellent,6.551141977630699e-06,0.0003456816851171818,0.06584379594942105,0.9338039712234841
P00476,Excellent,Good,7.138675194316528e-05,0.011764869812421386,0.578649874243671,0.40951386919196453
P06998,Good,Average,0.05068236098380638,0.6721245378579622,0.27620802277439827,0.000985078383833065
P06466,Good,Good,0.0012698615377547942,0.25376789048146603,0.7027420268925073,0.04222022108827187
P07117,Poor,Poor,0.943707149450664,0.056276645914957915,1.5004602683120124e-05,1.2000316948416627e-06
P03314,Excellent,Excellent,1.780751689568564e-05,0.0006642246118436833,0.08815831582967924,0.9111596520415813
P03474,Excellent,Excellent,2.8710687526111983e-06,0.00016261500174766816,0.04720326666686952,0.9526312472626303
P00160,Good,Excellent,1.96302294075631e-05,0.000946814948978975,0.10928717944475792,0.8897463753768556
P09199,Poor,Poor,0.9641200853727276,0.035872798058919464,6.346443939443063e-06,7.701244135780498e-07
P01359,Good,Good,0.0002567105175384785,0.05173757969030753,0.7734108743837412,0.17459483540841278
P09755,Poor,Poor,0.9640149453420915,0.03597641978289252,7.8828231245318e-06,7.52051891386494e-07
P06249,Excellent,Excellent,9.151784543790065e-06,0.0002205641556309845,0.040472091847116955,0.9592981922127084
P05388,Poor,Poor,0.8754556046152898,0.12430564424172365,0.00023687538203126835,1.8757609554652784e-06
P04086,Good,Good,0.000337639132979003,0.034875329265351314,0.7016752412113638,0.2631117903903058
P01077,Poor,Poor,0.9604290912850556,0.03953783503536802,3.233601119358426e-05,7.376683825716833e-07
P03047,Average,Good,0.004124006405272503,0.45228966815072225,0.5406541975298391,0.0029321279141660004
P04359,Excellent,Excellent,1.3936432607327553e-05,0.00044006163511460604,0.06624389097838519,0.9333021109538928
P08085,Poor,Poor,0.8852602539037093,0.11467460925550144,6.433360599221686e-05,8.032347968739059e-07
P07651,Average,Average,0.004822749893071535,0.5034941733473802,0.4875238378665549,0.004159238892993351
P06214,Excellent,Excellent,2.7245459583024763e-06,0.00014856640634859864,0.04447639276209543,0.9553723162855976
P08852,Excellent,Excellent,1.1962624701302111e-05,0.00020917801311062735,0.04815440643062065,0.9516244529315674
P05646,Good,Good,0.0010390619295718693,0.16390803495628545,0.7954463442152507,0.03960655889889182
P02165,Poor,Poor,0.9489896902577092,0.05095924187977078,5.0175813523562277e-05,8.920489965717762e-07
P00841,Average,Average,0.045811196518903426,0.9076102540855037,0.046422186240783,0.00015636315480980738
P09222,Average,Average,0.027688702502631075,0.7210699391163156,0.2505619989478117,0.0006793594332417008
P06329,Poor,Poor,0.9544480821554847,0.045509796452461816,4.13071092881499e-05,8.142827653948888e-07
P05739,Excellent,Good,0.00019509508982358512,0.036050453772292684,0.7453364243253637,0.21841802681252004
P08723,Good,Excellent,2.578151999616167e-05,0.0030054079742586393,0.31196336624592635,0.6850054442598188
P07647,Good,Average,0.040761521473873547,0.6983307969280441,0.25995979372287414,0.0009478878752081174
P02752,Good,Good,0.001997908348024166,0.19039303130566174,0.7591612805445214,0.04844777980179281
P06623,Good,Good,0.0061638132571809326,0.39604690081616173,0.591980324211943,0.005808961714714367
P05949,Poor,Poor,0.5634033581508734,0.4344982585560445,0.002091521627826624,6.8616652555460895e-06
P08561,Average,Average,0.1449577998284014,0.8003407901319987,0.05462610312992324,7.53069096766647e-05
P00811,Poor,Poor,0.9648746742618239,0.03511849503727493,6.075367539719939e-06,7.553333613733296e-07
P04148,Average,Average,0.034752798712782446,0.8009739734311884,0.1638388143470494,0.0004344135089798073
P09726,Poor,Poor,0.8971877886859635,0.10277331129145847,3.8202429203840855e-05,6.975933742380615e-07
P06899,Average,Average,0.12805052925509985,0.8417350637358509,0.030150040709050106,6.436629999916247e-05
P00372,Excellent,Excellent,2.7323859544935775e-06,0.0001493238038821758,0.04463281205681534,0.955215131753348
P04544,Poor,Poor,0.9438237085333244,0.05615649877092148,1.8613194127585453e-05,1.1795016265374452e-06
P07922,Good,Good,8.350210357167675e-05,0.015186159849459955,0.6365040077354387,0.34822633031152966
P07602,Good,Good,0.004322431327755583,0.3492617068950867,0.6340439910944868,0.012371870682670963
P07921,Poor,Poor,0.9623188788053714,0.0376506051217973,2.9815007378430215e-05,7.010654528926501e-07
P02369,Excellent,Excellent,2.95273629306155e-06,0.00017118641829253902,0.04862384413676091,0.9512020167086535
P09060,Poor,Poor,0.9562659941635809,0.043725059138525466,8.679921597044563e-06,2.667762965247821e-07
P06150,Good,Good,0.001001513518222188,0.1689975488599854,0.7519379579517314,0.07806297967006112
P03318,Excellent,Excellent,1.6411048298185817e-05,0.0004084560832137764,0.07877975734243017,0.920795375526058
P07816,Average,Average,0.3299134060684122,0.6603079269012601,0.009718031488398154,6.063554192957032e-05
P02836,Good,Good,0.006452925875649614,0.48169951174895975,0.5055140154153346,0.006333546960055985
P08744,Poor,Poor,0.8985233929411045,0.10131143196881946,0.00016356358122334049,1.6115088527009656e-06
P09951,Excellent,Excellent,2.71777158717067e-06,0.00014791603846513253,0.04433945099970755,0.9555099151902401
P09190,Average,Average,0.018386023904020027,0.5786818364986487,0.40094734866574283,0.0019847909315883036
P08369,Average,Poor,0.6322714357363979,0.36666918274470456,0.0010471833623417622,1.2198156555755609e-05
P06173,Average,Average,0.0664869531983116,0.7712296866043887,0.1616818779630085,0.0006014822342911449
P03759,Excellent,Excellent,1.5202535508641704e-05,0.0014123935586607783,0.15774265189465717,0.8408297520111734
P07277,Good,Good,0.0017428904996796676,0.16275179727839995,0.7636946328244768,0.07181067939744369
P06964,Average,Good,0.0005954529837697877,0.16034323508830872,0.7705257030247114,0.06853560890321025
P03440,Good,Good,0.0023192350454812297,0.19189919815812106,0.719858240023803,0.08592332677259454
P01652,Good,Average,0.005055943189186278,0.5090435960804478,0.48299174841266523,0.0029087123177007393
P07514,Good,Good,0.00015045950136271564,0.035646580773329155,0.7725554292243826,0.19164753050092562
P09757,Excellent,Excellent,7.121596455711405e-06,0.00040101884579471096,0.07335148038634716,0.9262403791714023
P02278,Poor,Poor,0.839953120820849,0.15993150090328806,0.00011187298703811253,3.505288824859598e-06
P03508,Excellent,Excellent,4.898158399790825e-06,0.0002133933464639979,0.04528356129065359,0.9544981472044827
P06348,Poor,Poor,0.9559568950616539,0.0440033315372643,3.897989735260993e-05,7.935037293727317e-07
P02715,Average,Poor,0.9071931752859158,0.09275628561743329,4.86186544937354e-05,1.9204421572906096e-06
P01914,Excellent,Excellent,1.975143384462449e-05,0.0007996793360324637,0.09941418496400549,0.8997663842661173
P08336,Poor,Poor,0.9649340430052834,0.03505913546877863,6.069050455756255e-06,7.524754821406637e-07
P02236,Good,Good,8.94865848910251e-05,0.03224490870164611,0.7417825604626701,0.2258830442507928
P08152,Good,Excellent,1.688483206814546e-05,0.0004252620307833697,0.08028192497589978,0.9192759281612488
P01650,Average,Average,0.1785042826235276,0.8006176549767761,0.020846462311166807,3.160008852952309e-05
P01878,Good,Average,0.027672524551326832,0.6636247692360001,0.306993064495917,0.001709641716756061
P07749,Excellent,Good,0.002803410106236543,0.22901093018669275,0.7376032868914227,0.03058237281564794
P08092,Average,Average,0.10576463395439462,0.7757061548667619,0.11828495370102843,0.00024425747781514515
P08064,Poor,Poor,0.9647529595140929,0.0352412297642014,5.601470683019636e-06,2.0925102261299782e-07
P09861,Excellent,Good,0.00012370109658446215,0.02248846208805186,0.7040345382056628,0.27335329860970103
P07394,Average,Average,0.11231328486887177,0.7446944704354671,0.14226313058036888,0.0007291141152921445
P08025,Good,Good,0.0003280931033207157,0.0860249709629883,0.7334836879194113,0.18016324801427966
P08161,Poor,Poor,0.9213009719711235,0.07859539630934617,0.00010216777371877264,1.4639458116332875e-06
P04125,Poor,Average,0.10912345990663347,0.8421037019700103,0.04858998870332018,0.00018284942003612468
P08615,Poor,Poor,0.6716779936716407,0.32702443422447236,0.0012804107504979247,1.7161353388915333e-05
P06133,Poor,Poor,0.9621357713337385,0.03783347182362165,3.005216820146815e-05,7.04674438373557e-07
P05358,Poor,Poor,0.9599550894269371,0.040036214348685484,7.841429536753893e-06,8.547948407440083e-07
P07422,Good,Excellent,5.527335369274484e-05,0.01030349502123294,0.4593844736211871,0.5302567580038872
P01352,Poor,Poor,0.9002728019761997,0.09967905661926493,4.6011117056532494e-05,2.1302874790323594e-06
P06276,Excellent,Excellent,5.346776059392206e-06,0.00024729603206753096,0.0508877329408144,0.9488596242510586
P08743,Average,Average,0.06849876272356745,0.8756333988507015,0.05578121374331128,8.66246824199047e-05
P04107,Good,Good,0.0007440526593612576,0.1409825530404222,0.8239546577200594,0.034318736580157085
P02239,Poor,Poor,0.9624984359310974,0.037471292774204655,2.957297330968545e-05,6.983213881952806e-07
P02639,Good,Excellent,2.9659925624161122e-05,0.004775744275114936,0.3918476706095858,0.6033469251896751
P07734,Average,Good,0.008245735927175334,0.4706594875782074,0.5173256180660072,0.003769158428610178
P03731,Average,Good,0.002239353160642756,0.26444716374883054,0.6985052076543674,0.03480827543615934
P03084,Excellent,Excellent,5.7530785666731544e-06,0.00027929226412176596,0.0558877234197597,0.943827231237552
P03690,Average,Average,0.026832532079230337,0.7904869911058013,0.18143483566479077,0.001245641150177492
P09366,Average,Good,0.0026421228928753746,0.3866657739926119,0.5971888072729151,0.013503295841597608
P02087,Good,Good,0.0003105684967542036,0.06570213959997365,0.7052217731286489,0.22876551877462323
P06056,Average,Average,0.0240318433440706,0.6754510125716844,0.2993934631672637,0.001123680916981182
P01431,Average,Poor,0.9041962206461592,0.09576250184450683,3.914228255416489e-05,2.1352267796720852e-06
P02844,Average,Poor,0.7047360166344242,0.2919731372001465,0.0032451928862280177,4.565327920113565e-05
P01524,Good,Good,0.0029257870221984107,0.28636447755614924,0.691976093999892,0.01873364142176035
P09391,Good,Good,0.015093090385554047,0.4554073343152277,0.5238700368080144,0.005629538491203921
P08414,Poor,Poor,0.9392158489313679,0.06076076761797472,2.2104025553996145e-05,1.2794251034955302e-06
P02913,Average,Average,0.10214795108331515,0.7232857873774323,0.1742140983495927,0.0003521631896598102
P03969,Good,Good,0.0005929774191317995,0.06349525051143896,0.7314562001119999,0.20445557195742942
P00731,Good,Excellent,6.77097609651374e-06,0.0003662427698914642,0.06560098670530126,0.9340259995487107
P09901,Good,Average,0.006490483129088438,0.5201686469570628,0.4672358625649442,0.006105007348904549
P01970,Poor,Average,0.1445523246584168,0.8424064262971585,0.012992783119055482,4.84659253690759e-05
P06943,Excellent,Excellent,3.364147579540116e-05,0.0017287760201727784,0.20279454814774062,0.7954430343562913
P07790,Good,Good,0.001902444794584342,0.17425681859536718,0.7370528194582366,0.08678791715181193
P00590,Excellent,Excellent,4.772953974480201e-06,0.00020445186381306461,0.04378483882999984,0.9560059363522125
P07135,Average,Average,0.15964023821238482,0.7520924229257686,0.0878934139836615,0.0003739248781850858
P04281,Average,Average,0.02016858383518429,0.7312053822391366,0.24758064998100354,0.0010453839446756604
P00438,Poor,Poor,0.9466990357741637,0.053282916389628024,1.692974164126529e-05,1.1180945670483463e-06
P08261,Poor,Poor,0.850782956734566,0.14912980342330528,8.61745521674023e-05,1.0652899612137004e-06
P04262,Excellent,Excellent,0.00029419639039932283,0.01282320543371993,0.3962172186184412,0.5906653795574396
P04588,Excellent,Good,0.00019191911594826111,0.015481780349806112,0.5081353914620178,0.4761909090722279
P01007,Average,Average,0.172604937206592,0.8196663668539471,0.007701410542944241,2.728539651666923e-05
P01066,Average,Average,0.17594229622669172,0.7769710663864924,0.047010791440306406,7.584594650936514e-05
P07622,Average,Average,0.028845377788828085,0.666693098854821,0.3038431227690784,0.0006184005872725524
P08052,Good,Good,0.0008440880425855397,0.09384191406873216,0.7534829749125816,0.1518310229761007
P08738,Good,Average,0.015571990479720342,0.651328730213712,0.33222128876836515,0.0008779905382027239
P05989,Poor,Poor,0.9533320658353991,0.04665790154001759,9.745147088405814e-06,2.874774949524448e-07
P04388,Average,Average,0.24222318238396123,0.7470819024289063,0.010674699529158983,2.0215657973334978e-05
P00792,Poor,Poor,0.9655807715351151,0.0344112847894929,7.225320386271655e-06,7.183550057062594e-07
P07899,Good,Good,0.0027795915977132176,0.27550402940437807,0.6938024342214613,0.02791394477644737
P04321,Average,Good,0.00472487937551121,0.41907439957125087,0.5725219141546893,0.0036788068985485786
P08691,Average,Average,0.27488978618970383,0.7208354600314423,0.0042673815646178375,7.372214236079069e-06
P02632,Poor,Poor,0.7397893937441993,0.2599375377251034,0.0002670001509750606,6.06837972227304e-06
P03416,Average,Poor,0.7296889180987608,0.26684467375749804,0.003447841103704068,1.8567040037165227e-05
P05181,Poor,Poor,0.9165720176127993,0.08339340233097368,3.282389319599635e-05,1.7561630310840926e-06
P06506,Excellent,Excellent,1.950820543008023e-05,0.000807550802603161,0.10039620658365339,0.8987767344083134
P05495,Average,Poor,0.5343564726837604,0.46232566142808496,0.003291033433367619,2.683245478704657e-05
P05191,Excellent,Excellent,5.726760498953535e-06,0.00027717533618414796,0.055557663823102205,0.9441594340802146
P00207,Good,Excellent,2.9330238790707004e-05,0.0045886626120323105,0.3134342054697205,0.6819478016794565
P07057,Excellent,Excellent,9.308108035565094e-06,0.00022672856955065874,0.041282871662183696,0.9584810916602301
P02675,Good,Excellent,2.0236262453147557e-05,0.0008827764725942457,0.10577627000547515,0.8933207172594774
P02125,Average,Average,0.16539885111678387,0.7977921445946159,0.036760819032124505,4.818525647571406e-05
P05135,Good,Good,0.0017932609279987652,0.29290254674756994,0.6718373602552126,0.033466832069218855
P07326,Good,Average,0.10756392105638597,0.7223764881791834,0.16957586544473724,0.0004837253196933075
P03156,Poor,Poor,0.9554597290133731,0.044527403329542734,1.1934968429611947e-05,9.326886546357735e-07
P00556,Good,Good,0.00011703784280842671,0.031060787402353723,0.7121879441841807,0.2566342305706571
P02949,Poor,Poor,0.9655324786516246,0.03445955542237502,7.246382202681091e-06,7.195437974860578e-07
P03740,Poor,Poor,0.5724595373856965,0.42469492039433715,0.002815672154048467,2.9870065917954065e-05
P09756,Excellent,Excellent,1.6115807573343817e-05,0.0005653076012719653,0.07835520386895893,0.9210633727221956
P04909,Good,Good,0.0007068449055303189,0.12422503876742509,0.79842131885226,0.07664679747478469
P02747,Poor,Poor,0.861816425379991,0.13807841103507124,0.00010234304670400073,2.8205382336732116e-06
P08456,Poor,Poor,0.8191194128936385,0.18068926503487567,0.0001875312755261171,3.7907959595996786e-06
P05447,Excellent,Excellent,6.286362345640585e-06,0.000323065195826742,0.062052538972855224,0.9376181094689724
P07700,Average,Average,0.19490840466976644,0.7955428279574623,0.009531258551776542,1.7508820994827402e-05
P02778,Poor,Average,0.15032166630650667,0.8194939852582119,0.03008691183778406,9.74365974974336e-05
P09491,Average,Poor,0.8933133090471587,0.10662312068085425,6.139553081861525e-05,2.1747411685849452e-06
P07284,Average,Average,0.01852286086750327,0.7665187523526246,0.21374571405313803,0.0012126727267342242
P03065,Excellent,Excellent,1.0396646283895885e-05,0.0007425013260137813,0.10892040650630111,0.8903266955214011
P03700,Good,Good,6.296675388334757e-05,0.01221937160182788,0.5422598732933585,0.44545778835093025
P03003,Average,Average,0.1025122955617274,0.8210963363125108,0.07624144344835466,0.00014992467740695376
P08613,Good,Good,0.000584867102283673,0.08244774102503374,0.7651771227021406,0.15179026917054203
P02783,Poor,Poor,0.9625217267867328,0.03744803382803591,2.9541399582550584e-05,6.979856487392833e-07
P06122,Poor,Average,0.013990138705524142,0.5711692910419086,0.4129369354685611,0.0019036347840062212
P00934,Excellent,Excellent,1.1536156386439256e-05,0.00019529847345784324,0.04596557668506426,0.9538275886850914
P05696,Excellent,Excellent,2.70631569524905e-06,0.00014682783447370035,0.04411420253931764,0.9557362633105135
P01079,Average,Average,0.1538351531449345,0.7269285149405426,0.11890232404747186,0.0003340078670510082
P09091,Average,Average,0.013452219360936378,0.5393036792065545,0.443099986133796,0.004144115298712971
P06044,Good,Excellent,3.5877848054385047e-05,0.007576669311437169,0.45108703603570754,0.5413004168048009
P09339,Good,Good,0.0008124820661002546,0.0994186024375463,0.7909107281594508,0.10885818733690257
P08393,Good,Average,0.10141424622201972,0.7237960891103984,0.17425442365188032,0.0005352410157016117
P07679,Average,Average,0.2877998723656491,0.7036827458990452,0.008494984776570846,2.2396958734818952e-05
P06334,Good,Good,0.0025993980131943837,0.26416330662355275,0.7139151807033377,0.01932211465991517
P05860,Poor,Poor,0.9367591685511535,0.06322146021931828,1.7969250165776153e-05,1.4019793625820037e-06
P02243,Average,Average,0.0790065510744723,0.8379531683946492,0.08271669982972642,0.0003235807011520137
P06200,Good,Excellent,9.630987969793291e-05,0.00970160620251326,0.44857509654656086,0.5416269873712279
P06627,Good,Average,0.01120448859852291,0.5412489303336526,0.44331569855135217,0.004230882516472309
P05045,Excellent,Excellent,1.093072061465833e-05,0.00029618243452506863,0.049923424481467915,0.9497694623633924
P04646,Average,Good,0.009687171082773055,0.49086812734147045,0.49490736106803773,0.004537340507718709
P02069,Poor,Average,0.29573851523894035,0.6961589546302716,0.008064472265554,3.805786523402833e-05
P06405,Good,Good,0.0004819907379033471,0.0782285874557594,0.8364278248846873,0.08486159692164999
P01468,Excellent,Excellent,9.095938746106194e-06,0.00021834810235610375,0.04018109963278021,0.9595914563261175
P06804,Average,Average,0.37074817093060125,0.6252942584778335,0.003938675866152291,1.8894725412921998e-05
P06029,Poor,Poor,0.9622134592918117,0.03775587997586457,2.9958071247908754e-05,7.026610759450986e-07
P06822,Good,Good,0.00031422978294392526,0.08423132655942434,0.7845529198873576,0.130901523770274
P09449,Poor,Poor,0.8932940372387366,0.10653204862256607,0.00017202082293281932,1.8933157646327562e-06
P07900,Average,Average,0.02581262730688204,0.8723261355785386,0.10131332752986996,0.0005479095847094937
P04752,Excellent,Excellent,9.867455331738364e-06,0.0002506047110681277,0.04428535098369187,0.9554541768499083
P00418,Poor,Average,0.0935227106240635,0.8428095864340168,0.06355740093336903,0.00011030200855057136
P08502,Good,Average,0.013894860773383968,0.582350935126732,0.40205015857245296,0.0017040455274311666
P02634,Good,Excellent,6.9939965887177005e-06,0.0008112650733789488,0.13458660306957276,0.8645951378604596
P01062,Excellent,Excellent,5.993221297897752e-05,0.005237920509411038,0.3640230045663528,0.6306791427112571
P00322,Excellent,Excellent,9.516610070545876e-06,0.00023512671626667572,0.04237251189280876,0.957382844780854
P03927,Average,Average,0.03468602278147289,0.6466389615287994,0.3170709281218554,0.0016040875678723185
P02904,Average,Average,0.05335177969780641,0.8190537687180756,0.12731300894914988,0.00028144263496815327
P04379,Excellent,Excellent,2.7337232090822892e-06,0.0001494358383766984,0.044653226395961886,0.9551946040424524
P09231,Poor,Poor,0.5317895331969655,0.46620838731326764,0.0019839497119565736,1.8129777810265213e-05
P07397,Excellent,Excellent,4.798433941507882e-06,0.00020619066415982935,0.04390985488528868,0.9558791560166099
P07236,Excellent,Excellent,1.1945814710096266e-05,0.0009488822583819261,0.1352461690446261,0.8637930028822818
P02986,Excellent,Excellent,3.666261320901762e-06,0.00024673726966754596,0.06295825832031361,0.936791338148698
P08263,Excellent,Excellent,7.2528702200122324e-06,0.0004058922525757226,0.07232073986109794,0.9272661150161065
P02843,Poor,Poor,0.9360117558126534,0.06396853169011636,1.93025703057771e-05,4.0992692446941346e-07
P02409,Excellent,Excellent,9.100549343998453e-06,0.000218550183901212,0.040206659523093484,0.9595656897436613
P03936,Excellent,Excellent,1.0870955158729948e-05,0.00017229984126423286,0.04183396256735204,0.957982866636225
P00223,Poor,Poor,0.7034538295750419,0.2960888335265905,0.0004546622682423271,2.674630125426782e-06
P05674,Excellent,Excellent,9.249231726744192e-06,0.00022440877387869645,0.04097853544337291,0.9587878065510217
P02489,Poor,Poor,0.6611480894271831,0.3368876555525712,0.0019555543797461863,8.700640499550881e-06
P06833,Poor,Average,0.14143873752836966,0.8477106342751984,0.010820358003581635,3.0270192850467075e-05
P08423,Good,Good,4.979562291116357e-05,0.012534489523973263,0.5917423893029232,0.39567332555019225
P09938,Excellent,Excellent,1.1215603097180268e-05,0.00030822007599230273,0.05141465809648054,0.9482659062244301
P01960,Good,Average,0.06589261716645348,0.7709819232959462,0.16244758233080817,0.0006778772067921275
P01241,Good,Average,0.01465988116865333,0.6511661290930945,0.33301243801620933,0.0011615517220429597
P07061,Poor,Poor,0.9626304412419608,0.03733946786646985,2.9394504812291324e-05,6.963867570207867e-07
P02202,Average,Poor,0.8835576368592634,0.11637311616075083,6.696477680434893e-05,2.282203181573572e-06
P03560,Average,Average,0.10727538255827175,0.8557553439932645,0.03687222064531472,9.705280314896605e-05
P02268,Poor,Poor,0.9368787082276092,0.06310288709642585,1.7999810673554935e-05,4.0486529150624683e-07
P06527,Average,Average,0.3300753679229364,0.6661818405478113,0.0037359627387040352,6.82879054820631e-06
P06757,Average,Poor,0.6368940234320544,0.35957841206339114,0.003512673425754734,1.489107879989593e-05
P05083,Poor,Poor,0.9657721335885803,0.034221338153504366,5.793287835592676e-06,7.349700798349735e-07
P01917,Average,Average,0.07126147480224783,0.786713568415251,0.14176300563797947,0.0002619511445217922
P09110,Average,Average,0.061824759106373646,0.8573960602387071,0.08061261960845906,0.00016656104646028743
P04230,Excellent,Excellent,0.00025134481210673025,0.009277626882787805,0.3254041324050376,0.6650668959000678
P05957,Good,Excellent,0.00011469937027086461,0.008151449282931463,0.4490055778432923,0.5427282735035054
P07084,Average,Average,0.02827337712375878,0.664529048862686,0.30597136780736556,0.0012262062061894645
P09361,Poor,Average,0.12662970495632025,0.8371586419703336,0.036069589016743696,0.00014206405660235132
P06529,Good,Good,0.0006942801384801891,0.10748403108544456,0.785195371101041,0.10662631767503418
P07981,Average,Average,0.08871973323340802,0.8168494057037352,0.09410940530237695,0.0003214557604797605
P07515,Poor,Average,0.17824395438246207,0.812242834509534,0.009482664837782429,3.0546270221569894e-05
P04428,Poor,Poor,0.734804210565846,0.26413379705109064,0.0010563402431084403,5.652139954915842e-06
P03709,Good,Good,0.0024344722216037263,0.2768601167549138,0.7045117435370221,0.016193667486460422
P06581,Good,Good,0.00012368370758637494,0.014191822656895881,0.5417660516859286,0.44391844194958907
P03507,Poor,Poor,0.9625436271359741,0.037426163393681225,2.9511809997087082e-05,6.976603475976867e-07
P03841,Poor,Poor,0.9483195672089438,0.05162816538727857,5.136918704013457e-05,8.982167374324922e-07
P04292,Poor,Poor,0.6668816808726266,0.3319522877476917,0.0011610442533647113,4.98712631704709e-06
P01270,Poor,Poor,0.936279430291605,0.06369497655581698,2.425144809534243e-05,1.3417044827678838e-06
P01425,Excellent,Excellent,5.380822577822967e-06,0.00024904703154235723,0.050514926639672164,0.9492306455062077
P00179,Good,Average,0.07597301869766628,0.7859607345353835,0.13774809140455527,0.00031815536239494563
P06516,Poor,Poor,0.8923199647322727,0.1076274200177831,5.1886993973417304e-05,7.2825597060139e-07
P08403,Poor,Average,0.4251848549141345,0.5721181291820788,0.0026839834683102183,1.303243547645574e-05
P03408,Poor,Average,0.08696860954616674,0.7323747745680447,0.18002693563860686,0.0006296802471818156
P09790,Excellent,Excellent,2.7280093173728544e-06,0.00014890036234638823,0.04454523525220569,0.9553031363761305
P02616,Average,Poor,0.850503094744608,0.1493936418497901,0.00010217399212462456,1.0894134774446503e-06
P01229,Average,Average,0.020962170551480398,0.7647969715318754,0.21361561303447077,0.0006252448821734873
P03905,Poor,Poor,0.9437132849464346,0.05627231532001343,1.4047228304169245e-05,3.5250524785157425e-07
P08484,Good,Excellent,2.538426945835698e-05,0.0013078236214654217,0.13931840304984952,0.8593483890592267
P00098,Excellent,Excellent,1.1802894925442574e-05,0.0009407183466610716,0.1410242582824066,0.8580232204760069
P04840,Poor,Poor,0.9645055680276675,0.035488541556190134,5.679520202450184e-06,2.1089594015239788e-07
P03537,Poor,Poor,0.9597791294625511,0.04018680001207172,3.333101118941897e-05,7.395141875890696e-07
P09622,Excellent,Excellent,4.808511810176232e-06,0.00020687866819153668,0.04415106318422394,0.9556372496357742
P04517,Good,Good,0.003550027237924441,0.29091603681711947,0.6678909457031008,0.037642990241855356
P06169,Excellent,Good,0.0036227868377993393,0.29354027367473345,0.676084147407111,0.026752792080356417
P01666,Poor,Poor,0.89491959908609,0.1050281785423169,4.989046660070899e-05,2.33190499245562e-06
P02570,Excellent,Excellent,1.0513544522681234e-05,0.000276536424880591,0.04758478014238755,0.9521281698882093
P04719,Good,Excellent,0.000133514665744535,0.006920635630868749,0.38221544560838094,0.6107304040950058
P09979,Poor,Poor,0.9613211967937433,0.038668914108427405,9.080388883110128e-06,8.087089465225185e-07
P06217,Average,Average,0.03568947523188476,0.7050276915028473,0.25871664789765597,0.0005661853676120239
P06131,Good,Good,0.0006243606497705043,0.07498351249524778,0.7076059381344558,0.21678618872052594
P08268,Average,Good,0.0029904709771497212,0.31249316718411996,0.6731161917615918,0.011400170077138623
P02701,Excellent,Excellent,1.6434874511413343e-05,0.00037423184773094066,0.06984858365895538,0.9297607496188023
P02942,Excellent,Excellent,1.0558722087525627e-05,0.000278544586289526,0.04785653827168557,0.9518543584199374
P05284,Good,Average,0.027197996523625576,0.6480698761532276,0.3238644832085512,0.0008676441145954955
P09130,Average,Good,0.002892437228759541,0.24459719730597118,0.7256420004637878,0.026868365001481438
P09009,Good,Good,0.0038454841912142963,0.4266353387442583,0.5658878047845081,0.0036313722800194862
P08915,Good,Average,0.005687602660898715,0.4970822236350478,0.4920695564373447,0.005160617266708883
P05783,Excellent,Excellent,9.109359187201645e-06,0.00021888343579197465,0.04025136673335682,0.959520640471664
P08347,Poor,Poor,0.9446227571762928,0.05535842043616199,1.765077039441963e-05,1.1716171508214215e-06
P05538,Average,Average,0.16564651959725601,0.8079855062439567,0.026301434957986813,6.653920080034308e-05
P06865,Average,Average,0.1430475085818662,0.8172424749573471,0.03963660357432843,7.341288645819574e-05
P04286,Good,Average,0.005790476068968204,0.5355537692828294,0.4541690853023651,0.0044866693458373375
P06271,Average,Average,0.3153416055312288,0.6684556304095186,0.016109632893689038,9.313116556374736e-05
P07611,Poor,Poor,0.5726849854057744,0.42627411137027177,0.0010374340098139375,3.469214139823657e-06
P08459,Excellent,Good,3.503286352933105e-05,0.021544629575956202,0.6873467657854393,0.29107357177507515
P07165,Excellent,Excellent,1.0744032014352236e-05,0.0008014854190893071,0.12195099031779208,0.8772367802311042
P05714,Average,Poor,0.8000052656464985,0.19982031509599749,0.00017009937134294898,4.319886160912076e-06
P00037,Excellent,Excellent,1.258186733037855e-05,0.00022952888945617644,0.051055990469948576,0.9487018987732648
P06857,Excellent,Excellent,1.0742118584719665e-05,0.0001680283277507471,0.04105200225767652,0.9587692272959879
P01005,Average,Average,0.008542659182277423,0.538369093607788,0.45050039089097066,0.002587856318964055
P01715,Excellent,Good,0.0007714806573305903,0.15095058188449498,0.7514128382388,0.09686509921937451
P07076,Good,Excellent,3.6822552707062925e-05,0.0073881693063794635,0.4196896358379275,0.572885372302986
P00901,Average,Average,0.3622116651756468,0.6335773633915671,0.004159867650077503,5.110378270854015e-05
P05366,Average,Poor,0.7387667024547766,0.2608627605080544,0.00036476615162937066,5.770885539640645e-06
P08271,Poor,Poor,0.9646670033215409,0.03532715721275638,5.629641454254662e-06,2.098242484990981e-07
P09432,Excellent,Excellent,1.8436129241713307e-05,0.0018656551070677324,0.18963602555912382,0.8084798832045668
P02423,Average,Poor,0.8218338894648968,0.17801271969070664,0.00015200640126161115,1.384443134992536e-06
P00403,Good,Good,0.001965830029736412,0.34192235834771156,0.6474933677644351,0.008618443858117058
P02245,Average,Average,0.06324496847779622,0.6980396920636903,0.23806541107194432,0.0006499283865692482
P04485,Poor,Poor,0.9659050208876204,0.034088495866896974,5.751065318007918e-06,7.321801646418812e-07
P04876,Poor,Poor,0.9644491755813437,0.035544911773488334,5.701365926870821e-06,2.1127924123512914e-07
P00178,Excellent,Excellent,1.140062906161189e-05,0.00018878103229190272,0.04462047385217947,0.9551793444864669
P01402,Excellent,Excellent,1.110795819391897e-05,0.00017968593945998378,0.04309105341591864,0.9567181526864275
P07729,Average,Average,0.2777273550691109,0.7083222162908729,0.013924216873954308,2.6211766061801695e-05
P05983,Excellent,Excellent,3.667929836904796e-05,0.0019311711626482033,0.18268971777992352,0.8153424317590592
P08605,Good,Good,0.0015987274603840918,0.1615416035040655,0.7754362728298811,0.061423396205669334
P05654,Average,Poor,0.7943915739344418,0.2053565753969801,0.00024727400567198227,4.576662906172317e-06
P07447,Average,Average,0.1292516310229896,0.7664082497773194,0.1041504181367723,0.000189701062918968
P05521,Poor,Poor,0.8739177918523343,0.12600892073394765,7.242013654516058e-05,8.672771729342291e-07
P01186,Average,Average,0.35750202852556867,0.6392341510472591,0.0032566072969385565,7.213130233731777e-06
P01250,Average,Average,0.19252385495973073,0.786081447283444,0.0213132263725268,8.147138429849238e-05
P04721,Poor,Average,0.20158361779288766,0.7594863235614607,0.038830628416417136,9.943022923452974e-05
P09986,Poor,Average,0.1188380683395102,0.8384205729936793,0.042656145932785564,8.521273402496494e-05
P05846,Excellent,Excellent,1.450896836400133e-05,0.0004805347366323856,0.07025946882137048,0.929245487473633
P00960,Poor,Poor,0.5541889597077263,0.44399150343679117,0.0018136556052890198,5.881250193394418e-06
P04237,Poor,Poor,0.8822216660454933,0.11771360591524602,6.219961382715213e-05,2.5284254335300906e-06
P09604,Poor,Average,0.12505016888965848,0.8497621092830678,0.025145589073052265,4.213275422145587e-05
P07349,Excellent,Excellent,9.158297375271344e-06,0.0002207988121262696,0.040503936450166575,0.9592661064403318
P03887,Average,Average,0.25447987577514586,0.7392676333414827,0.0062401303592757,1.2360524095575588e-05
P02924,Excellent,Good,0.0002406484240831132,0.04645481936746156,0.7104220800435106,0.24288245216494483
P00054,Excellent,Excellent,3.122819904348057e-06,0.0001885478989362301,0.05246150301858084,0.9473468262625785
P00067,Average,Average,0.015034190489555859,0.5589515213263454,0.4241449769287251,0.00186931125537365
P06019,Poor,Poor,0.9658733141812132,0.03412019136588035,5.761661360052509e-06,7.327915465979213e-07
P05717,Excellent,Excellent,5.063556496337139e-06,0.00022549555815133945,0.04675158965520965,0.9530178512301426
P04306,Good,Good,0.001078385895133552,0.1479627896214911,0.7969637713726282,0.05399505311074727
P03126,Excellent,Excellent,5.1529348850938035e-06,0.00023239231085412667,0.04840735723278539,0.9513550975214754
P06036,Excellent,Excellent,9.30235343754393e-06,0.0013731272378573382,0.19911506905345502,0.7995025013552501
P05934,Good,Good,0.0012953523461265229,0.20385796035571138,0.7765094249814336,0.018337262316728567
P09158,Average,Poor,0.670701761896394,0.3288751162454301,0.00042062417847996874,2.4976796960192334e-06
P01291,Excellent,Excellent,2.762420168075075e-05,0.0016576957729225053,0.1592805331312618,0.8390341468941349
P07496,Good,Average,0.0128241429667401,0.5295699824493735,0.4512137961190508,0.006392078464835659
P04724,Poor,Poor,0.9370080418502493,0.06297339717261972,1.8158043570047494e-05,4.0293356072643014e-07
P01280,Excellent,Excellent,1.0384656690282885e-05,0.0007408108504668183,0.11406737583470486,0.8851814286581381
P06232,Good,Good,0.002200300890669442,0.34161369386929125,0.643160189807381,0.013025815432658386
P00039,Excellent,Excellent,3.7196325481791706e-06,0.00025789477858856417,0.0636603802598263,0.9360780053290371
P04060,Average,Average,0.40284456640062744,0.5785391973316029,0.01852081348550989,9.542278225986196e-05
P01020,Average,Average,0.18488613660540326,0.739505491149899,0.07538934326359813,0.00021902898109957706
P05576,Excellent,Excellent,1.23224966713938e-05,0.00021883640334178253,0.0493599569351525,0.9504088841648343
P03849,Poor,Poor,0.9644926655984554,0.03550143649973649,5.6869117523314135e-06,2.1099005577066192e-07
P04731,Poor,Poor,0.9621338675515135,0.03785941250370143,6.493139035148069e-06,2.2680574980099707e-07
P07143,Good,Excellent,5.7579847848353894e-05,0.005312049166620638,0.34662553207189123,0.6480048389136398
P00087,Poor,Poor,0.915515771890646,0.08444081332332931,4.164816951239506e-05,1.766616512019141e-06
P03635,Average,Average,0.060713774076891554,0.7237925545941768,0.214609216733602,0.0008844545953294868
P06364,Average,Average,0.23162475500758525,0.7432871857458553,0.025042309920584545,4.5749325974688315e-05
P01870,Excellent,Excellent,1.7833150172637848e-05,0.00510849339722894,0.40616005478333544,0.588713618669263
P03010,Excellent,Excellent,1.350876743064719e-05,0.0002529985242683184,0.05459314530221241,0.9451403474060885
P07362,Average,Average,0.005729310978834017,0.5052433909719031,0.48664228848008956,0.002385009569173441
P03420,Poor,Poor,0.9493114238935378,0.05067669996008,1.1562259793319505e-05,3.138865887757957e-07
P00767,Good,Good,7.193841708645918e-05,0.015276437186958541,0.6006005767597054,0.38405104763624964
P04825,Good,Excellent,2.4368285881992844e-05,0.001898340797396386,0.176349279319325,0.8217280115973966
P03083,Poor,Poor,0.7618547015313185,0.23771742706434715,0.0004205163769975521,7.355027336677343e-06
P05019,Excellent,Excellent,1.5370518470177195e-05,0.000353587083650701,0.07071380136813153,0.9289172410297475
P03559,Poor,Poor,0.9625542597711595,0.037415545592424694,2.949710609662351e-05,6.975303193097203e-07
P04935,Poor,Poor,0.718449542115653,0.28108112871430796,0.00046712418354504117,2.2049864940910607e-06
P04813,Good,Average,0.018725577329925275,0.6112061332735979,0.3690633114778346,0.0010049779186423673
P01579,Excellent,Excellent,1.5119262220703349e-05,0.0003442645471210548,0.0698692024288273,0.9297714137618309
P04483,Poor,Poor,0.961193795809212,0.03879628310077932,9.109612393651979e-06,8.114776150205337e-07
P08801,Average,Poor,0.6284761657441439,0.3705271129348582,0.000992933198734836,3.7881222630962778e-06
P01723,Excellent,Excellent,1.0954508245524502e-05,0.00017503888718134862,0.0423248789327962,0.9574891276717769
P04748,Average,Average,0.050611231886424767,0.7289183670731899,0.22008162398521786,0.0003887770551673985
P00105,Excellent,Excellent,1.0321338286310858e-05,0.0002715735163289541,0.04683000734494517,0.9528880978004396
P09427,Poor,Poor,0.9657927988554257,0.03419934603976646,7.141100268417627e-06,7.14004539291362e-07
P08650,Excellent,Good,5.826063332273971e-05,0.014412251601094673,0.6155546519454806,0.3699748358201019
P03824,Average,Average,0.06130482664743556,0.7631194833154592,0.17527511419243047,0.00030057584467466623
P01482,Average,Poor,0.8943340841587737,0.10560300225913082,6.076510467159244e-05,2.1484774240771635e-06
P09271,Poor,Poor,0.9625626822098085,0.037407134324437215,2.948608859405193e-05,6.9737716043584e-07
P08896,Excellent,Good,0.0002306702094842485,0.03928639834490189,0.7482047259933922,0.21227820545222162
P07634,Good,Good,0.0024701231199274177,0.24629148054809663,0.703645729074522,0.04759266725745401
P06225,Excellent,Excellent,1.1708892695957601e-05,0.0003384243079961374,0.054542708003441034,0.9451071587958669
P08821,Poor,Poor,0.9571748971471908,0.0428131095667523,1.1095050727855755e-05,8.98235328854247e-07
P02406,Good,Good,0.0005274530576471788,0.1346494098712849,0.8063893979717794,0.05843373909928855
P04100,Excellent,Excellent,6.005126006394977e-06,0.0006043737677016587,0.10817306210036735,0.8912165590059246
P01592,Excellent,Excellent,8.687202781022439e-06,0.0005559832413244579,0.0945549061364241,0.9048804234194704
P06507,Poor,Poor,0.7555663492282558,0.2441882676137344,0.0002392898702338239,6.093287776125644e-06
P08975,Poor,Average,0.059287078794739406,0.8234739791535551,0.11676545521465383,0.0004734868370518044
P09441,Poor,Average,0.19620063082028538,0.763985463434332,0.03975608882300498,5.781692237776604e-05
P00446,Excellent,Excellent,1.0440288708845403e-05,0.00027827105578067806,0.047590408641023624,0.9521208800144868
P05701,Good,Good,0.0003029259125427417,0.07076080182983913,0.8377813470816937,0.09115492517592447
P01244,Poor,Poor,0.7363344653191796,0.26194765608092746,0.0017101082830447006,7.770316848281263e-06
P05220,Excellent,Excellent,5.811091785017055e-06,0.0002840215398277214,0.056607851797106035,0.9431023155712812
P09834,Average,Average,0.005873357851395619,0.5331777384809899,0.4585624521673144,0.0023864515003000054
P07337,Poor,Poor,0.9661016227621019,0.03389196151696433,5.687676408639348e-06,7.280445251859574e-07
P06568,Excellent,Excellent,4.765504616062806e-05,0.002613525066979369,0.2655542463368346,0.7317845735500254
P04559,Average,Good,0.0013980167738081807,0.14430797342830295,0.7677420823069506,0.08655192749093825
P02598,Excellent,Excellent,9.432600943549006e-06,0.00023170056809969212,0.04193118868831733,0.9578276781426394
P05259,Excellent,Excellent,1.1031330734278192e-05,0.00017771701280424,0.04282133363901844,0.956989918017443
P09912,Poor,Poor,0.9659585758403911,0.03403363980507707,7.07385228852134e-06,7.105022431200038e-07
P04577,Excellent,Excellent,9.354239463634845e-06,0.0013408013112158848,0.18682718127573883,0.8118226631735816
P01687,Excellent,Excellent,1.0746793075881483e-05,0.00016818150323461665,0.041080056345124176,0.9587410153585654
P03313,Excellent,Excellent,3.58309639904764e-06,0.00024127561890914434,0.0612831596055226,0.9384719816791691
P06947,Good,Good,0.0025942351893582767,0.20915969546289534,0.7251714165175838,0.0630746528301626
P00886,Excellent,Good,0.00025886197504248256,0.025517603134440958,0.6237587940623524,0.3504647408281643
P09574,Good,Good,0.0018596598873412092,0.16859146775188005,0.7577606182905594,0.07178825407021935
P03114,Excellent,Excellent,1.1003225770118913e-05,0.00017615008473202432,0.042429114548112955,0.957383732141385
P01059,Poor,Average,0.21428239748623926,0.7755245548615066,0.010153701319160494,3.93463330936175e-05
P02284,Poor,Poor,0.9623305092083493,0.03766284834881732,6.416980145659955e-06,2.2546268792142633e-07
P07783,Average,Average,0.08020154892579993,0.8444108276725562,0.0751482293387495,0.0002393940628943134
P00348,Average,Average,0.22749476617547867,0.7662377404504493,0.006256468728298046,1.1024645773980688e-05
P05742,Good,Good,0.003931916494099238,0.46189605560341435,0.5302802233268489,0.003891804575637622
P06002,Good,Good,0.00012816240783446617,0.03125235002503428,0.7273273429946073,0.24129214457252385
P06521,Excellent,Excellent,7.099213921924335e-05,0.0037348141968484966,0.2500048528029625,0.7461893408609699
P05410,Good,Good,0.0005575239677459791,0.13342135371496,0.7989416880770507,0.06707943424024342
P05258,Average,Average,0.13223325292933172,0.8431568250667578,0.024571673364167265,3.8248639743059245e-05
P09610,Excellent,Excellent,2.7685600082627452e-06,0.00015278608017689734,0.045347114375489585,0.9544973309843251
P09471,Good,Good,0.0004000752881942333,0.0994344001627759,0.7912940268281476,0.10887149772088234
P08464,Good,Excellent,1.8435630942587434e-05,0.0017501358382166134,0.1929891659621408,0.8052422625687
P09729,Average,Average,0.1783757308752774,0.8065859885159491,0.014976985503962124,6.12951048114591e-05
P06208,Good,Good,0.0038709779308608964,0.3126237330207329,0.6567470708810186,0.026758218167387687
P08850,Average,Good,0.010747540616911558,0.3508512754219399,0.5823250368806632,0.05607614708048538
P01410,Excellent,Good,7.365178314420715e-05,0.026350744662935903,0.7178453103427507,0.25573029321116925
P05889,Good,Excellent,3.132303253849486e-05,0.001955114086075701,0.18135562095312235,0.8166579419282636
P03056,Poor,Average,0.4772396931459376,0.5214234530692085,0.0013234422673066718,1.341151754729385e-05
P06684,Average,Average,0.09587005398159772,0.7700231893779577,0.1339112880473277,0.00019546859311697767
P03302,Good,Excellent,2.3009573030879315e-05,0.003000736202649364,0.2550060870359946,0.7419701671883251
P07398,Excellent,Excellent,9.381740699998153e-06,0.00022995067144385611,0.0416920056181785,0.9580686619696777
P02081,Average,Average,0.14918968493541085,0.8124692199568834,0.038213418113457374,0.00012767699424829195
P03766,Poor,Poor,0.7058693762254755,0.2915015488778788,0.0026172920471621663,1.1782849483494876e-05
P02771,Poor,Poor,0.9613639069973243,0.038629093197232796,6.767808081856443e-06,2.319973609921996e-07
P05386,Good,Good,0.0018235210693197275,0.17725665449300107,0.7516686023269125,0.06925122211076672
P05352,Average,Average,0.0496442477397642,0.7304414497373075,0.2195266486299856,0.0003876538929426335
P04600,Poor,Poor,0.9630660904720019,0.036924874383917596,8.264557805769745e-06,7.705862749436344e-07
P08955,Average,Average,0.1659769312353561,0.8128854613993474,0.021109437472643638,2.8169892653052574e-05
P08709,Good,Good,0.0009451928994051767,0.1364658010476906,0.7747500765769082,0.08783892947599592
P05542,Poor,Poor,0.9647139852991106,0.03528019191179425,5.613278997754918e-06,2.095100973741724e-07
P02061,Poor,Poor,0.9657075922683308,0.03428452052481032,7.17160121644421e-06,7.156056424689592e-07
P00836,Excellent,Excellent,1.150013194774484e-05,0.00019390247818405716,0.045712280298837185,0.954082317091031
P07318,Average,Good,0.00023325026738277906,0.06933280247537005,0.7313545507827957,0.19907939647445133
P01165,Average,Average,0.011288510297412473,0.5044734867714825,0.4814355222818106,0.002802480649294422
P02040,Poor,Poor,0.9637126231882532,0.03628121786012193,5.942732119486234e-06,2.162195054618243e-07
P04161,Good,Average,0.24513620188825253,0.7447254889225371,0.010102702106055912,3.5607083154505776e-05
P03619,Poor,Poor,0.9658829961305141,0.03410918719553948,7.1045714781244865e-06,7.121024681312059e-07
P01733,Good,Good,0.0013509333730146586,0.13853401750378672,0.7406398923448877,0.11947515677831089
P02497,Good,Good,9.546033707420553e-05,0.023771746113768685,0.6717618939314811,0.30437089961767594
P06601,Good,Good,0.0018320660911262752,0.3318913578234948,0.654637106247456,0.011639469837922939
P09752,Average,Average,0.2718274972940664,0.7154404627806994,0.01270786446270205,2.4175462532095813e-05
P00383,Average,Average,0.02394094949659555,0.6969874291598731,0.27825127374103,0.0008203476025014755
P00159,Good,Good,0.004048490905561593,0.3649717305630374,0.6224821505012286,0.008497628030172472
P00400,Excellent,Good,0.0013348917056958817,0.1099200793838655,0.706334452998403,0.1824105759120356
P01931,Good,Good,0.003024232389285144,0.14420681956094708,0.6740670892114505,0.17870185883831724
P06156,Excellent,Excellent,1.530903429262281e-05,0.0003411542220392617,0.06782562003979634,0.9318179167038717
P01070,Excellent,Excellent,9.122495402472164e-06,0.00021939810302413362,0.04031923256471052,0.9594522468368629
P00471,Good,Excellent,4.83806181581171e-05,0.004990027569647822,0.3242442918543516,0.6707172999578425
P01625,Good,Good,0.007795018229414908,0.3385452880866129,0.6399199292188976,0.013739764465074453
P04071,Good,Good,0.0002631583302928324,0.06028857236160778,0.8419383170454403,0.09750995226265896
P08084,Excellent,Excellent,5.411933432268401e-06,0.00025112007449802767,0.05113061171146186,0.9486128562806078
P04766,Excellent,Good,0.000211406218339027,0.04696742831721225,0.7328512665534477,0.219969898911001
P02686,Average,Average,0.16489290877339058,0.7561137250206657,0.07886045653881375,0.00013290966713014048
P00356,Good,Average,0.021254133427768728,0.6554511304144398,0.3223941784044085,0.0009005577533829792
P08005,Average,Average,0.38524377694344136,0.6064300207364318,0.008269781846639335,5.64204734874748e-05
P05161,Poor,Poor,0.9244140882108427,0.07556310822105705,2.232266047431557e-05,4.809076259438323e-07
P00787,Good,Good,0.0001321378501378102,0.011463219656416496,0.5243643332456505,0.4640403092477952
P06739,Poor,Poor,0.9060415790664256,0.09381581843651424,0.00014096574431189584,1.6367527482645115e-06
P03783,Poor,Poor,0.9594989337685819,0.040493365375319425,7.45601795259946e-06,2.448381462567438e-07
P06873,Poor,Average,0.18489810352018718,0.7921736546190794,0.022854378388678532,7.386347205478547e-05
P02573,Poor,Poor,0.9657022154630928,0.034289890023517254,7.178571216462698e-06,7.159421736535406e-07
P01664,Good,Good,0.006109776102884563,0.4936834267870459,0.4964724161266286,0.003734380983440723
P02917,Good,Good,0.004213574533601651,0.28947807916438884,0.6837701848288988,0.022538161473110597
P08894,Average,Average,0.07373869543903419,0.8186726097960335,0.10726076296173455,0.0003279318031977955
P01369,Good,Good,0.0006699362969197144,0.07388541740640514,0.7643568365148313,0.16108780978184384
P02336,Good,Good,0.00011508536104371736,0.03399783674671564,0.7638067332926224,0.2020803445996183
P07629,Excellent,Excellent,4.8960646170737904e-06,0.00021335024259735627,0.04530886186200181,0.9544728918307839
P04331,Poor,Poor,0.9344372926427459,0.06554089458468206,2.0439142495522887e-05,1.3736300766356096e-06
P06496,Good,Good,0.000907855046474315,0.08406039311359925,0.7565928774496041,0.1584388743903224
P01728,Average,Good,0.0003566141761028102,0.10298166236082543,0.7741690920903037,0.12249263137276806
P01398,Poor,Poor,0.9652374009720822,0.0347558838359071,5.969142917189559e-06,7.460490934931412e-07
P06874,Good,Good,0.001639206460345485,0.29506946583534244,0.6760662317699687,0.027225095934343357
P07919,Average,Average,0.008054583600186587,0.5870103205966664,0.403219862145769,0.0017152336573781348
P09018,Poor,Average,0.4328883267178384,0.562131277019893,0.0049684493191632095,1.1946943105403523e-05
P01368,Excellent,Excellent,1.2068174841560216e-05,0.0021709422065460406,0.25287464548271343,0.7449423441358989
P06180,Excellent,Excellent,8.91143759206848e-05,0.004560052592093577,0.2708347225361976,0.7245161104957882
P04868,Good,Average,0.06398965622338369,0.8063444479912184,0.12952119964836198,0.00014469613703598305
P07758,Good,Good,0.00043403477528635066,0.04990275118162556,0.7156622111656922,0.23400100287739586
P01778,Good,Excellent,0.0003008946566139446,0.011565396638179086,0.37802767173700413,0.6101060369682028
P04585,Excellent,Excellent,1.5266640564536383e-05,0.0005332983007015108,0.07475276083354436,0.9246986742251897
P07552,Poor,Poor,0.9656739609832593,0.03431813249595129,7.189983578746029e-06,7.165372107949041e-07
P02789,Poor,Poor,0.9449190850816143,0.05506246898153998,1.7313339022310972e-05,1.1325978234294663e-06
P01863,Excellent,Excellent,2.7454428338238334e-06,0.00015057722286405183,0.044890902649512426,0.9549557746847896
P06301,Excellent,Excellent,1.743024638838632e-05,0.0018170337210665847,0.18903829237380235,0.8091272436587427
P03757,Poor,Poor,0.9581841189827656,0.041807759983383166,7.867616369606116e-06,2.5341748166617963e-07
P07968,Excellent,Excellent,1.846997485989429e-05,0.0004905021427432257,0.08646338591197045,0.9130276419704264
P00845,Excellent,Excellent,5.174385710676893e-06,0.0002337534219141925,0.04845112158007825,0.951309950612297
P06124,Average,Poor,0.8046177117528591,0.1951807139895802,0.00019733764005225594,4.236617508456393e-06
P04473,Poor,Poor,0.9204598287196392,0.07951003982738768,2.841399548857209e-05,1.7174574847023434e-06
P00895,Poor,Poor,0.9654064083925741,0.0345855741632972,7.295454500080885e-06,7.219896286306141e-07
P00214,Excellent,Excellent,9.180188489809564e-06,0.0002216558142487078,0.04061773392733586,0.9591514300699255
P00786,Poor,Poor,0.8847534553109191,0.1151834512658656,6.228203347984955e-05,8.11389735465492e-07
P04373,Average,Average,0.169407887498436,0.7739512029512584,0.0565502773683872,9.063218191860816e-05
P04781,Poor,Poor,0.9603258397056358,0.03964085544378335,3.257473070796443e-05,7.301198727839121e-07
P03764,Poor,Poor,0.9647306558552448,0.03526352603442781,5.60871062212596e-06,2.0939970515832742e-07
P08300,Good,Good,0.0023055914236711,0.23691436575757763,0.7066017664193219,0.05417827639942929
P05905,Excellent,Excellent,1.4446185131746393e-05,0.0028031185301340975,0.2763367099536673,0.7208457253310668
P04952,Average,Average,0.11910932502710234,0.7457246347877644,0.1349061237502218,0.00025991643491158045
P03387,Excellent,Excellent,1.7121790480792806e-05,0.0018623526682487366,0.23757112566276808,0.7605493998785023
P00230,Average,Poor,0.7631848810014141,0.23613349562377203,0.0006770178096932926,4.6055651204614975e-06
P01803,Poor,Poor,0.7341510060918572,0.2655239931637066,0.00031926317500803836,5.737569427998128e-06
P09446,Excellent,Excellent,3.441138416744867e-05,0.005437545852621524,0.40283115114317153,0.5916968916200395
P00249,Poor,Poor,0.9529321214957835,0.04702360895429507,4.3414941851153324e-05,8.546080703019464e-07
P04024,Good,Good,0.005721042201914718,0.47432121874126393,0.5137714664600929,0.006186272596728509
P09795,Good,Excellent,2.7611597679751726e-05,0.0014552407021852264,0.15010925419306564,0.8484078935070694
P04737,Excellent,Excellent,2.821309529288523e-06,0.00015797503127321877,0.0463821561235333,0.9534570475356642
P08668,Average,Average,0.016573396802223632,0.6428693385870761,0.33956070858208454,0.0009965560286157964
P08169,Good,Good,0.0010872158932690348,0.23154603433959517,0.7330926595283873,0.034274090238748535
P04190,Poor,Poor,0.8933024375742691,0.10665050696407508,4.629542166409061e-05,7.600399917531037e-07
P09855,Excellent,Excellent,4.655328380438025e-06,0.00019615208680614534,0.04241394667868028,0.9573852459061332
P04633,Good,Good,0.002148567159017004,0.17732043597225358,0.7388181599102444,0.08171283695848505
P06850,Average,Average,0.3115042823823212,0.6767793361604726,0.011657455210992384,5.892624621387204e-05
P03707,Average,Average,0.028570634336926356,0.6750858466593057,0.2952696520817029,0.0010738669220650065
P08898,Average,Average,0.015719723191293555,0.6260271523725873,0.35649577894273343,0.0017573454933857838
P00619,Poor,Poor,0.9641436687179422,0.035850322491016696,5.7954979272564016e-06,2.1329311379182047e-07
P08795,Average,Average,0.013787860467353476,0.5015483491300425,0.48108993256551363,0.003573857837090405
P04761,Poor,Average,0.18132055109961948,0.8022184496571768,0.016411337590190995,4.966165301285004e-05
P07956,Average,Average,0.36316563832577886,0.6205142985142222,0.01628184572303426,3.821743696463776e-05
P05958,Excellent,Excellent,3.093394222003074e-05,0.0013127530975412273,0.15863031466178382,0.8400259982984549
P04907,Good,Average,0.01759398234684801,0.5738794196981464,0.4066533538070154,0.0018732441479902189
P08431,Average,Average,0.12036657039368687,0.7490829030534818,0.13024909691869235,0.0003014296341391014
P01903,Poor,Poor,0.9600538874255815,0.039912434262745385,3.294273314502663e-05,7.355785279609249e-07
P09280,Poor,Poor,0.9605985235067137,0.03939420740896503,7.031587740483355e-06,2.3749658097922394e-07
P03451,Good,Good,0.0013010551389248755,0.15329348600063689,0.7736821356998591,0.07172332316057918
P06717,Good,Good,0.00011217696010809148,0.01662744467387643,0.5920991057064678,0.39116127265954764
P01642,Good,Good,7.263305036123456e-05,0.02141075969134979,0.7190270816219201,0.2594895256363689
P05398,Poor,Poor,0.8659876961135528,0.1337497870850423,0.0002601596854282596,2.357115976837827e-06
P00924,Good,Average,0.011812325555822527,0.5442414392310457,0.4421710729026432,0.001775162310488665
P06695,Average,Good,0.0028493023787919845,0.1604639101148377,0.7461508427233127,0.09053594478305775
P03923,Excellent,Good,2.6511583519508907e-05,0.009649406450804374,0.5315390600645559,0.4587850219011201
P02422,Good,Good,9.520612133497893e-05,0.009626589402616802,0.49772215148313004,0.49255605299291816
P09634,Average,Average,0.11458322674483302,0.7859890728385377,0.09915574382182457,0.0002719565948048628
P07755,Good,Excellent,1.354593159745267e-05,0.0004362163793949824,0.06528636138208256,0.934263876306925
P05939,Good,Good,0.00011593213893506675,0.04798860651669989,0.8441501995515353,0.10774526179282974
P01822,Average,Poor,0.6881694417547208,0.3107088495885686,0.0011151048268154802,6.603829895155418e-06
P00963,Excellent,Good,8.900042521766693e-05,0.034480223415964885,0.7065552290923839,0.25887554706643345
P07918,Excellent,Good,0.0001638838587316589,0.02108882489019475,0.6039684198488561,0.3747788714022176
P03375,Average,Average,0.013486719613399374,0.5795650632315049,0.4052483433354506,0.0016998738196450655
P09081,Excellent,Excellent,9.556072698887076e-06,0.0006471829030166333,0.0988079123382274,0.9005353486860571
P05679,Excellent,Excellent,4.674640967558327e-06,0.00019751041391562,0.042641467037881756,0.9571563479072349
P06638,Poor,Poor,0.9637293554948934,0.036264487757238215,5.940660097068873e-06,2.1608777140829927e-07
P05881,Excellent,Excellent,2.977669408045471e-05,0.005009734652817188,0.38941750659083463,0.6055429820622678
P02972,Good,Excellent,1.8901244523060902e-05,0.0020696029142507955,0.21151181887544168,0.7863996769657844
P04859,Poor,Poor,0.6596692208252367,0.3387172040403093,0.0015921964128419496,2.1378721612117273e-05
P06745,Poor,Poor,0.7335553184176927,0.2660587892231929,0.00038370782049509033,2.184538619381349e-06
P04661,Average,Average,0.14021363944665452,0.84659427376027,0.013171342060202398,2.074473287310394e-05
P08681,Excellent,Excellent,2.7775825771881926e-06,0.0001536734609265195,0.04552469268469864,0.9543188562717976
P03584,Excellent,Excellent,1.2936598432550544e-05,0.00024823334426085533,0.05499602320394323,0.9447428068533634
P03604,Excellent,Excellent,1.0753211402996564e-05,0.00016839231238949357,0.0411185626069796,0.9587022918692278
P05951,Excellent,Good,0.00014994991894796495,0.013733027704586028,0.49620914461372106,0.4899078777627449
P05049,Good,Good,0.0018617881121743174,0.20604384577476365,0.7301123038496952,0.06198206226336684
P05057,Good,Good,0.0001809597333425793,0.02092434119909441,0.5874485594221962,0.39144613964536673
P07028,Average,Good,0.005138357173319491,0.4481702552980918,0.5355079423764136,0.011183445152175035
P09807,Excellent,Excellent,1.3784621380682432e-05,0.0027773238007604054,0.30772423531219195,0.689484656265667
P06909,Excellent,Excellent,6.612629865169626e-06,0.0003461626956879678,0.06265047882224374,0.9369967458522032
P06282,Poor,Poor,0.9589784854037747,0.041013662681977675,7.603790409778905e-06,2.4812383784043225e-07
P04166,Excellent,Excellent,1.6936296104254023e-05,0.00042974578258229106,0.0812072919802939,0.9183460259410197
P03119,Poor,Poor,0.7371397552106217,0.2619851181160561,0.0008709063299502807,4.220343372016284e-06
P07400,Good,Good,6.953611711489735e-05,0.01052602332092576,0.5117401062042427,0.47766433435771666
P03423,Poor,Poor,0.9457353297232874,0.05424942069292095,1.4096434679153986e-05,1.1531491124872892e-06
P04987,Average,Average,0.0290857487520974,0.7477652646547827,0.22270409034230035,0.0004448962508197587
P07563,Average,Average,0.4646230640111161,0.5315104945584562,0.0038367891519537267,2.965227847392253e-05
P06710,Good,Good,0.0011396914639415833,0.09491096904921363,0.7434488404584646,0.16050049902838026
P05585,Average,Average,0.22303929057737445,0.7698943189848064,0.007051788749901794,1.4601687917305508e-05
P07026,Excellent,Good,0.0001872082668808833,0.03768185718851706,0.7940055369373875,0.1681253976072145
P02982,Poor,Poor,0.9618775400707118,0.03809133607591236,3.0416264343502882e-05,7.075890323440152e-07
P07821,Poor,Poor,0.8164081377046309,0.18342500940810105,0.0001654968079243839,1.3560793435948905e-06
P05462,Good,Average,0.13552155493580859,0.8359235291719946,0.028484996621474395,6.991927072231253e-05
P01205,Poor,Poor,0.9616797576310366,0.038310588420926106,8.854390770503099e-06,7.995572666919473e-07
P01023,Poor,Poor,0.9645835559475812,0.03541057677850514,5.656893238259313e-06,2.103806754875912e-07
P00455,Poor,Poor,0.9555441767791998,0.04444303496221128,1.1859413887524365e-05,9.288447013459293e-07
P08519,Average,Average,0.035044136296687296,0.6520127653916649,0.31165089830760984,0.001292200004038093
P06210,Excellent,Excellent,2.3107334168230384e-05,0.0010139938882336658,0.11961730720577277,0.8793455915718253
P02872,Poor,Average,0.10932061474428008,0.7357680486740324,0.15429413297911732,0.0006172036025702203
P09868,Average,Good,0.00452781291427415,0.4339123477923504,0.5570085629457636,0.004551276347611928
P09386,Poor,Poor,0.7434686298938378,0.25588876814140443,0.000632006228617584,1.0595736140093831e-05
P05642,Poor,Poor,0.658080374588387,0.34134717779333956,0.0005651863228098088,7.261295463562496e-06
P08028,Poor,Poor,0.9634573124332069,0.03653535531878666,6.547321175551999e-06,7.849268307361016e-07
P06880,Average,Average,0.08146734706498535,0.7934138343655076,0.12463597745538678,0.0004828411141204192
P05982,Good,Good,0.0027151384572140992,0.18922690629758562,0.6973828155416573,0.110675139703543
P05491,Poor,Poor,0.679631177819124,0.31666679821243976,0.00365472983794079,4.72941304955524e-05
P05428,Average,Average,0.05116702767067256,0.7712617433642013,0.17700336430656033,0.0005678646585658066
P07707,Poor,Poor,0.9364820103143479,0.06344364079361585,7.328290119584644e-05,1.0659908402365145e-06
P03251,Poor,Poor,0.9639481631177667,0.03604320121055966,7.883679551041834e-06,7.519921225023687e-07
P05455,Average,Average,0.1585031550371323,0.8287084674568227,0.01277201593556977,1.6361570475281402e-05
P01838,Average,Average,0.04556300665385116,0.7632467840141884,0.1908631660923217,0.0003270432396386796
P06437,Good,Good,0.005711800785310014,0.44489454064907874,0.5436862785594081,0.005707380006203217
P04273,Good,Average,0.01349713039036336,0.6275488562882937,0.3577651718758367,0.0011888414455063052
P03664,Excellent,Good,0.00011710518967440412,0.02947746804551701,0.7225984294484592,0.24780699731634934
P02936,Excellent,Good,9.973068898798562e-05,0.023575203627785857,0.7065803873295656,0.26974467835366056
P00265,Excellent,Excellent,3.2138268868191532e-06,0.00019661084108142296,0.05334453337580573,0.9464556419562261
P08402,Good,Excellent,4.424421033484686e-05,0.003315473657824582,0.26591412528307995,0.7307261568487606
P01118,Average,Average,0.411506051655834,0.5840249961274452,0.004445892679612618,2.305953710811797e-05
P03021,Average,Good,0.002290019916221013,0.2089076511892521,0.741273325492665,0.047529003401861857
P02357,Poor,Poor,0.9625130599330086,0.037456688798938376,2.955315658853236e-05,6.981114644489407e-07
P03098,Average,Poor,0.6547801194009423,0.3445265652502502,0.0006865252763433886,6.790072464279e-06
P02595,Average,Good,0.0029466070725591756,0.2789090814456438,0.6903506598042098,0.027793651677587104
P00991,Excellent,Excellent,2.9683283970585318e-05,0.0016015661901956052,0.16366903403284033,0.8346997164929933
P07273,Poor,Poor,0.5338084224639489,0.46516951914664,0.0010087387440829289,1.3319645328129646e-05
P05231,Good,Good,0.00026922873802905995,0.04703437713874546,0.7471243522772769,0.20557204184594854
P07636,Poor,Poor,0.7513597656198073,0.2482310312953982,0.0004034198656579855,5.783219136394478e-06
P03812,Excellent,Excellent,4.655495199827227e-06,0.00019616374880284372,0.042416516106579406,0.9573826646494179
P09738,Good,Average,0.0669627653760055,0.6577537945820607,0.27419775264473634,0.0010856873971974825
P00086,Average,Average,0.12467440813267568,0.77000776798105,0.10505963308955443,0.0002581907967198467
P07311,Good,Good,0.0031837035207214707,0.22785131642480197,0.7236345217190397,0.045330458335436793
P04492,Poor,Poor,0.960144879909645,0.039847675959558286,7.203750610027922e-06,2.403801864112295e-07
P01320,Good,Excellent,4.1279197863713446e-05,0.0031115171514594087,0.25121077758091237,0.7456364260697644
P05904,Good,Good,6.221900079229937e-05,0.021844055789871645,0.7035986052066358,0.27449512000270015
P00872,Average,Good,0.0018958715618867207,0.29050666324398533,0.6781470443136158,0.029450420880512012
P05349,Excellent,Excellent,5.6317199971586636e-05,0.005074977216651139,0.3801856778550153,0.6146830277283619
P07504,Good,Good,0.0018701723734971091,0.29054416478925504,0.6846549252255071,0.022930737611740793
P01768,Excellent,Excellent,3.0407433139039708e-06,0.00017962429113520655,0.05020058296659677,0.949616751998954
P08078,Excellent,Excellent,3.881865718108937e-06,0.0002765766926893465,0.0679376072525065,0.9317819341890861
P00687,Poor,Poor,0.965997095818141,0.03399513608405088,7.058399096947109e-06,7.096987110281136e-07
P08424,Good,Good,0.0017630252518504588,0.1555786890269263,0.7509277304455758,0.0917305552756475
P02350,Excellent,Excellent,9.818093248421042e-06,0.0013907171650449034,0.17314731141812903,0.8254521533235777
P06094,Good,Good,0.0004105231607940015,0.06352635192248898,0.727600305809667,0.2084628191070501
P02801,Good,Good,0.009146549681761856,0.38782019553187685,0.5896048485840522,0.01342840620230917
P05623,Poor,Poor,0.962594996196744,0.03737486450569569,2.944239198332638e-05,6.969055767915482e-07
P02716,Poor,Poor,0.9144981472660222,0.08537843933653037,0.00012203066059987569,1.38273684760176e-06
P08026,Excellent,Excellent,2.8760745567474925e-06,0.00016353027168981737,0.047426387060572894,0.9524072065931805
P00451,Excellent,Good,2.5870466030803738e-05,0.012716617100043355,0.5761996039000409,0.4110579085338851
P02650,Average,Average,0.10600819000956709,0.874376924030287,0.01955235269664423,6.253326350166971e-05
P00186,Good,Excellent,0.0001493250649471784,0.013652685647097141,0.481947320916714,0.5042506683712417
P06616,Excellent,Excellent,8.033655771153631e-06,0.00047832715353040027,0.08058230710751244,0.918931332083186
P04046,Excellent,Excellent,7.675696695585846e-06,0.0009064065854400038,0.1442173784397142,0.8548685392781503
P03415,Average,Average,0.10542996689117366,0.8648053120353169,0.029689789069817375,7.49320036919596e-05
P03177,Poor,Poor,0.9629944559692674,0.036998022335480066,6.729175203691086e-06,7.925200489294202e-07
P06666,Poor,Poor,0.9646997789639636,0.03529439262645563,5.618803936103894e-06,2.0960564466711117e-07
P05741,Good,Good,0.002363037998210359,0.19374878531130446,0.7270515993853602,0.07683657730512504
P02215,Excellent,Excellent,9.458826077483002e-06,0.0006446754827343854,0.10562099360308012,0.8937248720881079
P00014,Good,Good,0.002173621522419706,0.21860639013898306,0.7418307155451443,0.03738927279345295
P04729,Good,Good,9.289837505056885e-05,0.01642555679254343,0.600371432501499,0.38311011233090697
P07410,Poor,Poor,0.6250438033591097,0.3731806223378421,0.0017687478753008333,6.826427747321136e-06
P07392,Average,Good,0.006098767288354822,0.4813120089801535,0.508899853333792,0.003689370397699782
P08098,Excellent,Excellent,2.869834470813003e-06,0.00016268202204134372,0.04737230491212314,0.9524621432313647
P01263,Poor,Average,0.14138838013907656,0.818950718902427,0.03959834660312483,6.255435537152376e-05
P08421,Excellent,Excellent,1.2362569015954424e-05,0.0010206752667225167,0.1484679880099953,0.8504989741542662
P00745,Excellent,Excellent,1.1782975994198703e-05,0.0003422503032086129,0.055084462593105094,0.944561504127692
P04364,Good,Good,0.0013515584091053539,0.10556403516109139,0.7508553839673227,0.14222902246248065
P02894,Average,Average,0.05949995682738729,0.7485944068385927,0.19146322219959452,0.0004424141344256293
P05250,Excellent,Excellent,2.5831688911882236e-05,0.0012633152445034883,0.13848090412360642,0.8602299489429782
P09811,Poor,Poor,0.8110486708637106,0.1884420674577674,0.0005067521692236553,2.509509298399165e-06
P07893,Excellent,Excellent,1.1627519556573163e-05,0.000198369942618736,0.0464649043185808,0.9533250982192439
P01422,Good,Good,0.005636011823055948,0.45185542744291474,0.5377005924045606,0.0048079683294687
P06212,Excellent,Excellent,9.283473738371647e-06,0.00022592406381309875,0.04116673896615906,0.9585980534962893
P05085,Good,Excellent,9.539369898320087e-06,0.000236951152262573,0.04255536747752952,0.9571981420003097
P08309,Average,Good,0.00017046464612202787,0.03665960136135182,0.7690173948495668,0.19415253914295938
P09679,Average,Good,0.0004203189123124311,0.035146718000991554,0.673927617740394,0.29050534534630207
P02606,Excellent,Excellent,6.896345983294684e-06,0.00037299763588414766,0.06819027847361694,0.9314298275445155
P08490,Average,Good,0.0035024689126296,0.37082741495783333,0.6182657718265762,0.007404344302960974
P00048,Average,Good,0.0045271699210320485,0.4548631580968303,0.5374781415865466,0.003131530395590997
P04007,Poor,Poor,0.9647403978436757,0.03525378731140804,5.605510558607513e-06,2.0933435765900115e-07
P06849,Average,Poor,0.6511936147278772,0.3473181761774366,0.0014823106670966103,5.8984275895314236e-06
P01761,Excellent,Excellent,2.1899384823586566e-05,0.0006783931068024663,0.10581937572388155,0.8934803317844924
P03549,Poor,Poor,0.6035270345643565,0.39453942947251097,0.0019268577315992173,6.678231533268618e-06
P05786,Average,Average,0.14190549374235217,0.7368654930603201,0.12090421954512566,0.0003247936522021641
P03772,Poor,Poor,0.9647733192628317,0.03522087680539853,5.5948167003646445e-06,2.0911506925960405e-07
P04531,Poor,Poor,0.8935211834342643,0.106425132549422,5.142532646184741e-05,2.258689851704677e-06
P04702,Good,Good,0.0018456402508008503,0.20736990736678354,0.7467211193287853,0.04406333305363023
P06824,Poor,Poor,0.9577722924781582,0.04219081795933507,3.6112290584469867e-05,7.772719223135973e-07
P04059,Good,Good,0.00014159910319858744,0.013955244105428765,0.5448050400825407,0.4410981167088319
P03121,Excellent,Excellent,1.2592837996185297e-05,0.0003791001238432495,0.05904150300537922,0.9405668040327815
P01929,Poor,Poor,0.846972666954337,0.15291551944145834,0.0001086799647727489,3.133639431874487e-06
P08129,Average,Average,0.20078430405100628,0.7785146786735851,0.02064711508513151,5.3902190276905174e-05
P08936,Poor,Poor,0.9649006735519065,0.03509249431631152,6.07898795895407e-06,7.531438231052304e-07
P08609,Good,Good,0.0020114673931689916,0.17252910846653055,0.7114452342787517,0.11401418986154879
P03466,Good,Good,2.391389480646091e-05,0.008912525024910679,0.5159019133966741,0.47516164768360875
P08395,Average,Average,0.011551021570125258,0.6102119864515205,0.3766810751855907,0.0015559167927635127
P05684,Average,Good,0.011238845004014028,0.43615483983491676,0.540676645390234,0.011929669770835349
P00317,Good,Good,0.006191171517341758,0.3649687035646649,0.617061071335973,0.011779053582020386
P02368,Good,Good,0.0014371654817083989,0.2970460868160067,0.6804096870246186,0.021107060677666305
P00379,Poor,Poor,0.9592816786884445,0.0407105200053047,7.553677361624482e-06,2.476288892809957e-07
P02518,Excellent,Good,0.0005238484199027967,0.06588891212968055,0.7632197517915332,0.17036748765888343
P00576,Good,Good,0.00010734703178247676,0.029371696028815415,0.6939851372629923,0.27653581967640983
P03909,Average,Poor,0.5799623105850515,0.4183491070065493,0.0016828451396052255,5.737268794026551e-06
P05218,Poor,Poor,0.8957314303213699,0.10409715523048951,0.0001696506700805566,1.763778060060153e-06
P02138,Poor,Poor,0.9625754263816495,0.0373944079724928,2.9468416056151015e-05,6.972298015762526e-07
P07340,Poor,Poor,0.90070270235908,0.09913573477180705,0.0001600489776961292,1.5138914167257414e-06
P03543,Average,Good,0.0034837642642086522,0.3192175981086949,0.6651064116111733,0.012192226015923102
P01498,Excellent,Good,0.0005913915932041131,0.12121455719271432,0.7559687915810654,0.12222525963301611
P02321,Poor,Poor,0.9219493252630899,0.07801251166057514,3.650979057241228e-05,1.653285762545368e-06
P09545,Good,Excellent,0.00019149855906149132,0.014802840416409878,0.48597718654466115,0.4990284744798674
P03968,Good,Excellent,8.646742879128868e-06,0.0011149076766738119,0.1724996744635893,0.8263767711168577
P02669,Poor,Poor,0.9638573852807083,0.036136503473714866,5.896018363692264e-06,2.15227213155713e-07
P09719,Average,Poor,0.724540023484983,0.27446145148156587,0.0009933584904644227,5.166542986678034e-06
P08375,Good,Average,0.014166369443349971,0.6103251940406388,0.3739327446588531,0.0015756918571581734
P08961,Average,Average,0.009229458006280175,0.6129600868621561,0.376123003332185,0.001687451799378752
P01123,Excellent,Excellent,1.0749115185601086e-05,0.00016825642095787526,0.04109354543119811,0.9587274490326585
P04605,Excellent,Excellent,4.874629401252517e-06,0.0002113112315168308,0.04481529077916555,0.9549685233599163
P04119,Good,Good,0.0006549157071977373,0.15108128119364575,0.7724041828268109,0.07585962027234554
P05725,Good,Good,0.0011790156820817173,0.10009125160769766,0.7548694086108478,0.14386032409937272
P09312,Average,Good,0.003401639469421253,0.25670393321401347,0.7070133253356113,0.03288110198095399
P04644,Poor,Average,0.1354957916692361,0.730309940888087,0.13385759296901095,0.00033667447366601003
P09481,Poor,Average,0.20685083102019014,0.7209255432986169,0.0720445219808438,0.00017910370034912712
P01364,Poor,Poor,0.9632437331514216,0.03674727819202133,8.220108874373436e-06,7.68547682486902e-07
P04516,Excellent,Excellent,5.0100339127609605e-06,0.00022154599871178322,0.046509236060304084,0.9532642079070714
P04182,Poor,Average,0.16862835673171087,0.785865411547751,0.045372183648407075,0.0001340480721309467
P00370,Excellent,Excellent,2.748223430433185e-06,0.00015082216937555481,0.044928639981607225,0.9549177896255867
P05847,Poor,Poor,0.9565156163084234,0.04344555815846229,3.803332281007134e-05,7.922103043132707e-07
P09486,Poor,Average,0.3964979813042627,0.5750404410033145,0.028363446878579814,9.81308138429123e-05
P04830,Poor,Poor,0.9191889452690427,0.08069915123444764,0.00011058180819614007,1.3216883135572973e-06
P04326,Poor,Poor,0.9606325107423632,0.03936023247397507,7.019858694556113e-06,2.369249673068634e-07
P07202,Average,Good,0.0037037399280800943,0.2672541769948917,0.6918267271003224,0.03721535597670569
P00790,Excellent,Good,0.00014361133675410586,0.015473241405385594,0.5441909688339498,0.4401921784239105
P05553,Poor,Average,0.43627165987131933,0.5618569681458231,0.001858259951741873,1.3112031115687178e-05
P08442,Average,Good,0.006477233672632865,0.47923618558754383,0.5118735044711198,0.0024130762687034576
P08557,Average,Poor,0.6029754307631197,0.39437077264938775,0.002644024458266815,9.77212922583917e-06
P01044,Good,Excellent,2.6748277633809875e-05,0.0015902521714213308,0.15509153408330487,0.84329146546764
P06645,Average,Average,0.24066771847653304,0.7395111793497552,0.019732757898605482,8.834427510634393e-05
P04285,Good,Good,0.0012829600873945379,0.2128449125027473,0.7417449528502222,0.04412717455963586
P09329,Excellent,Excellent,4.084899954269197e-05,0.0024026484615463687,0.2365078287458146,0.7610486737930963
P03380,Good,Excellent,6.493478489959481e-06,0.000339573440885095,0.06353804082840515,0.9361158922522197
P08671,Poor,Poor,0.9570260875361835,0.042961900393461684,1.1114339817686721e-05,8.97730537329327e-07
P03116,Excellent,Excellent,3.0010347350637706e-06,0.0001761759391083676,0.049929017226323154,0.9498918057998335
P09103,Good,Average,0.01733105959089024,0.6428252270612399,0.33875410582649745,0.0010896075213723726
P09680,Excellent,Excellent,5.6329323629241224e-06,0.0005171290627530624,0.10341515570614106,0.896062082298743
P06211,Poor,Poor,0.8450896181713776,0.15476813280553245,0.00013894439811755585,3.3046249725273056e-06
P00725,Poor,Poor,0.9659127051537835,0.03407949123373016,7.0921304957573275e-06,7.114819906590088e-07
P02337,Good,Good,0.0002388611111839162,0.055079468898692564,0.7968955645049449,0.1477861054851788
P07998,Excellent,Excellent,4.524572961834331e-05,0.0038860668802701485,0.3553877012350012,0.6406809861551103
P06024,Poor,Poor,0.9593311460427708,0.040634183714738696,3.392041034595094e-05,7.498321444037485e-07
P09743,Excellent,Excellent,4.681631226302403e-06,0.0001978657512957752,0.042663821157254984,0.9571336314602229
P06908,Average,Average,0.09778900935390465,0.7825242361555229,0.1193955904147835,0.00029116407578878926
P03981,Good,Good,0.00026047726138338803,0.04311782215539484,0.7016376228077633,0.25498407777545856
P08332,Average,Poor,0.939393035292607,0.06058516403655304,2.0548997665023752e-05,1.2516731749460874e-06
P01104,Poor,Poor,0.7856903622523024,0.2140910589121326,0.00021673311380711303,1.8457217580455675e-06
P08727,Average,Average,0.22387605796426133,0.7254930465424422,0.050506465654502675,0.0001244298387938887
P09275,Average,Poor,0.5201988290835232,0.4785876723531614,0.0012025686005114002,1.092996280385945e-05
P06758,Good,Average,0.009950405070523975,0.505744782295941,0.48150364661825734,0.0028011660152776397
P00366,Average,Good,0.0006877348132802693,0.19641887359267196,0.776123632138087,0.0267697594559606
P09505,Excellent,Excellent,3.517776596263836e-05,0.005577843609102259,0.42361161630186933,0.5707753623230657
P08266,Average,Good,0.004288933622418765,0.45392747363717995,0.5368884716534905,0.00489512108691075
P00260,Excellent,Excellent,2.6872882768769165e-05,0.0016610831814385522,0.15944539177204714,0.8388666521637456
P01336,Poor,Poor,0.9520249114020708,0.04796026375511711,1.3819962218977237e-05,1.0048805929065228e-06
P07840,Good,Excellent,7.018070571765087e-05,0.009460251226120415,0.4759346943082287,0.5145348737599332
P03289,Excellent,Excellent,2.016146981268397e-05,0.0021138309372310503,0.22538194500642464,0.7724840625865316
P00292,Good,Average,0.03178667408705422,0.6958020308965771,0.27177586673466764,0.0006354282817009931
P09684,Poor,Poor,0.9308854300407499,0.06908459349471553,2.8516819510731204e-05,1.459645023917758e-06
P05170,Poor,Poor,0.9631919562925648,0.03680170398750844,6.120053979368351e-06,2.1966594748658893e-07
P03722,Good,Good,0.003750523986796547,0.4522844930954709,0.5403960818034763,0.0035689011142563845
P02530,Poor,Poor,0.9230175845208651,0.07694556991794636,3.521516609355848e-05,1.6303950951196317e-06
P04389,Poor,Average,0.09965451247053736,0.760932913358047,0.1390601186364563,0.0003524555349592957
P00976,Excellent,Excellent,7.498643071797992e-05,0.008789510864880773,0.4563539945001643,0.534781508204237
P01985,Good,Good,0.0011310541655565089,0.11457613909031628,0.7327677121859306,0.15152509455819646
P09462,Average,Average,0.0370910244695424,0.7794107255036459,0.183008722578639,0.0004895274481725493
P09466,Poor,Poor,0.63455350087498,0.3639458211423243,0.0014929597115281557,7.718271167571395e-06
P02410,Average,Average,0.07469147627076693,0.7729276419623883,0.1520534996728345,0.0003273820940104975
P06608,Poor,Poor,0.9592361919714241,0.04075482381206123,8.114134087519563e-06,8.700824271054831e-07
P03189,Average,Average,0.11410260715709807,0.7704881129951304,0.11502542737482448,0.0003838524729470672
P00202,Good,Average,0.1293817313702799,0.7349958553863404,0.1353374687098124,0.00028494453356736767
P06162,Good,Excellent,5.511584045719525e-06,0.0004997355510609825,0.096739247789155,0.9027555050757383
P01853,Excellent,Excellent,1.716939569022334e-05,0.00042643663964277276,0.07971761521814047,0.9198387787465266
P05745,Average,Average,0.4423588218684061,0.5556662859036128,0.001969276318893744,5.615909087568812e-06
P05415,Poor,Poor,0.894992499189637,0.1049618244236563,4.496386413684877e-05,7.12522569797124e-07
P04514,Average,Poor,0.591908472281085,0.4060082678586772,0.002076871103472448,6.388756765282084e-06
P00917,Excellent,Excellent,0.000148372967586697,0.0102949845628484,0.42515135045978547,0.5644052920097794
P04720,Good,Good,0.0024000653337610286,0.31384893722103774,0.6614565084497637,0.022294488995437657
P01160,Good,Excellent,0.00022800425807920782,0.016109809377114138,0.48490782617355294,0.49875436019125374
P02657,Excellent,Excellent,2.7368660515250467e-06,0.00014975045114425767,0.04472332232397771,0.9551241903588266
P06920,Excellent,Excellent,2.733071695996389e-06,0.00014938188531558907,0.04464595457443021,0.9552019304685582
P04858,Excellent,Excellent,2.782517127093136e-05,0.006911464808266047,0.44940431751765403,0.5436563925028091
P09244,Excellent,Excellent,1.0827522540202753e-05,0.0001708449500895079,0.04156756614629281,0.9582507613810775
P04535,Good,Good,0.0003701669905960893,0.061020522881524784,0.7630544868680286,0.17555482325985053
P00029,Poor,Poor,0.8401212412745592,0.1597280053436513,0.00014712276604635956,3.6306157430958977e-06
P08141,Average,Average,0.1948460972188591,0.7825816743914681,0.022535224709780814,3.7003679891943205e-05
P01990,Excellent,Good,3.1341130275204155e-05,0.0106219323555023,0.5472487572601461,0.44209796925407646
P07168,Poor,Poor,0.7359934472065608,0.26347003837301797,0.0005295247619836506,6.989658437636463e-06
P09652,Excellent,Excellent,3.930563658789933e-06,0.00027735993651037795,0.06709549566972416,0.9326232138301066
P05662,Excellent,Excellent,4.709087196248535e-06,0.0001997799321382593,0.04301890846808066,0.9567766025125848
P06478,Excellent,Excellent,1.6327974912883788e-05,0.0016906240259045848,0.21429184671957394,0.7840012012796086
P02126,Excellent,Excellent,1.639900014693592e-05,0.0032516018229814376,0.331609873566989,0.6651221256098826
P08987,Poor,Poor,0.9621418654337278,0.037827380993331015,3.0049176649276414e-05,7.043962918178227e-07
P02306,Excellent,Excellent,1.3786879317897712e-05,0.0002742402688067046,0.057908935835790334,0.9418030370160851
