Person_ID,feature,shap_value,feature_value_encoded
P00026,Productivity_Score,-1.3291428516588617,-0.7537558638404209
P00195,Productivity_Score,2.450410281020366,1.3379828422367457
P01072,Productivity_Score,2.6078916615486665,1.425138621656627
P06475,Productivity_Score,0.088189573095848,0.0306461509385161
P01688,Productivity_Score,1.977966139435464,1.0765155039771004
P08533,Productivity_Score,-0.3842545684890552,-0.2308211873211295
P08480,Productivity_Score,1.1905592367939564,0.64073660687769
P06379,Productivity_Score,-0.6992173295456577,-0.4051327461608935
P07044,Productivity_Score,2.450410281020366,1.3379828422367457
P01557,Productivity_Score,-2.7464752764135727,-1.5381578786193588
P07797,Productivity_Score,2.135447519963764,1.163671283396982
P00779,Productivity_Score,1.0330778562656555,0.5535808274578083
P02590,Productivity_Score,0.5606337146807527,0.2921134891981626
P08237,Productivity_Score,3.552779944718475,1.94807329817592
P00090,Productivity_Score,0.7181150952090533,0.3792692686180443
P09630,Productivity_Score,1.505521997850559,0.815048165717454
P04193,Productivity_Score,1.6630033783788596,0.9022039451373356
P00532,Productivity_Score,0.088189573095848,0.0306461509385161
P08669,Productivity_Score,-0.2267731879607531,-0.1436654079012471
P04330,Productivity_Score,-0.2267731879607531,-0.1436654079012471
P03660,Productivity_Score,-2.43151251535697,-1.3638463197795947
P08333,Productivity_Score,1.82048475890716,0.9893597245572172
P07513,Productivity_Score,-1.8015869932437647,-1.015223202100067
P06274,Productivity_Score,2.135447519963764,1.163671283396982
P00970,Productivity_Score,1.1905592367939564,0.64073660687769
P01412,Productivity_Score,1.1905592367939564,0.64073660687769
P04239,Productivity_Score,0.24567095362415,0.1178019303583985
P08781,Productivity_Score,0.8755964757373539,0.4664250480379259
P04205,Productivity_Score,1.505521997850559,0.815048165717454
P08698,Productivity_Score,-0.0692918074324525,-0.0565096284813654
P08042,Productivity_Score,0.7181150952090533,0.3792692686180443
P02992,Productivity_Score,0.7181150952090533,0.3792692686180443
P00438,Productivity_Score,-1.014180090602259,-0.5794443050006568
P09846,Productivity_Score,1.977966139435464,1.0765155039771004
P09171,Productivity_Score,-1.6441056127154643,-0.9280674226801848
P02680,Productivity_Score,-1.8015869932437647,-1.015223202100067
P09720,Productivity_Score,4.0252240863033775,2.2095406364355648
P06184,Productivity_Score,-0.5417359490173558,-0.3179769667410111
P05874,Productivity_Score,-2.274031134828669,-1.276690540359713
P08675,Productivity_Score,2.135447519963764,1.163671283396982
P08254,Productivity_Score,1.82048475890716,0.9893597245572172
P01162,Productivity_Score,2.7653730420769698,1.5122944010765105
P04781,Productivity_Score,-0.6992173295456577,-0.4051327461608935
P03229,Productivity_Score,2.6078916615486665,1.425138621656627
P06069,Productivity_Score,0.8755964757373539,0.4664250480379259
P04740,Productivity_Score,-1.1716614711305613,-0.6666000844205393
P09669,Productivity_Score,0.8755964757373539,0.4664250480379259
P06442,Productivity_Score,2.135447519963764,1.163671283396982
P08425,Productivity_Score,0.5606337146807527,0.2921134891981626
P08510,Productivity_Score,0.088189573095848,0.0306461509385161
P05673,Productivity_Score,-1.014180090602259,-0.5794443050006568
P04014,Productivity_Score,1.0330778562656555,0.5535808274578083
P07115,Productivity_Score,0.5606337146807527,0.2921134891981626
P04433,Productivity_Score,0.24567095362415,0.1178019303583985
P08705,Productivity_Score,1.82048475890716,0.9893597245572172
P09567,Productivity_Score,-3.376400798526776,-1.886780996298886
P06573,Productivity_Score,2.9228544226052704,1.599450180496392
P04212,Productivity_Score,4.0252240863033775,2.2095406364355648
P04309,Productivity_Score,-0.6992173295456577,-0.4051327461608935
P06441,Productivity_Score,-1.014180090602259,-0.5794443050006568
P00548,Productivity_Score,2.135447519963764,1.163671283396982
P03427,Productivity_Score,-1.9590683737720669,-1.102378981519949
P00281,Productivity_Score,-2.274031134828669,-1.276690540359713
P06449,Productivity_Score,2.6078916615486665,1.425138621656627
P06191,Productivity_Score,0.5606337146807527,0.2921134891981626
P03532,Productivity_Score,2.135447519963764,1.163671283396982
P01369,Productivity_Score,0.8755964757373539,0.4664250480379259
P09966,Productivity_Score,-1.9590683737720669,-1.102378981519949
P06639,Productivity_Score,-1.1716614711305613,-0.6666000844205393
P07226,Productivity_Score,1.3480406173222583,0.7278923862975724
P08619,Productivity_Score,0.7181150952090533,0.3792692686180443
P09430,Productivity_Score,-0.0692918074324525,-0.0565096284813654
P09574,Productivity_Score,1.505521997850559,0.815048165717454
P03283,Productivity_Score,-0.0692918074324525,-0.0565096284813654
P03417,Productivity_Score,1.0330778562656555,0.5535808274578083
P07254,Productivity_Score,0.4031523341524506,0.2049577097782802
P07389,Productivity_Score,-0.3842545684890552,-0.2308211873211295
P09596,Productivity_Score,1.0330778562656555,0.5535808274578083
P07978,Productivity_Score,-0.2267731879607531,-0.1436654079012471
P00643,Productivity_Score,0.7181150952090533,0.3792692686180443
P02832,Productivity_Score,1.977966139435464,1.0765155039771004
P01299,Productivity_Score,-1.4866242321871637,-0.8409116432603033
P08126,Productivity_Score,0.5606337146807527,0.2921134891981626
P04534,Productivity_Score,2.292928900492065,1.2508270628168638
P03376,Productivity_Score,-1.9590683737720669,-1.102378981519949
P05469,Productivity_Score,-0.2267731879607531,-0.1436654079012471
P00314,Productivity_Score,-2.274031134828669,-1.276690540359713
P07269,Productivity_Score,2.292928900492065,1.2508270628168638
P05133,Productivity_Score,-0.3842545684890552,-0.2308211873211295
P05161,Productivity_Score,0.088189573095848,0.0306461509385161
P09795,Productivity_Score,0.4031523341524506,0.2049577097782802
P01129,Productivity_Score,1.977966139435464,1.0765155039771004
P00199,Productivity_Score,-0.0692918074324525,-0.0565096284813654
P07839,Productivity_Score,-0.8566987100739584,-0.4922885255807752
P05297,Productivity_Score,1.505521997850559,0.815048165717454
P08544,Productivity_Score,0.8755964757373539,0.4664250480379259
P03097,Productivity_Score,-0.6992173295456577,-0.4051327461608935
P02205,Productivity_Score,3.395298564190172,1.8609175187560367
P05477,Productivity_Score,-2.274031134828669,-1.276690540359713
P09622,Productivity_Score,1.1905592367939564,0.64073660687769
P04181,Productivity_Score,-1.4866242321871637,-0.8409116432603033
P09864,Productivity_Score,-1.4866242321871637,-0.8409116432603033
P05844,Productivity_Score,-1.8015869932437647,-1.015223202100067
P05696,Productivity_Score,2.292928900492065,1.2508270628168638
P04280,Productivity_Score,-1.9590683737720669,-1.102378981519949
P05513,Productivity_Score,1.82048475890716,0.9893597245572172
P02010,Productivity_Score,0.4031523341524506,0.2049577097782802
P04614,Productivity_Score,1.0330778562656555,0.5535808274578083
P09494,Productivity_Score,-1.1716614711305613,-0.6666000844205393
P02641,Productivity_Score,2.9228544226052704,1.599450180496392
P02954,Productivity_Score,-2.43151251535697,-1.3638463197795947
P06101,Productivity_Score,-3.848844940111681,-2.1482483345585326
P06377,Productivity_Score,0.088189573095848,0.0306461509385161
P06618,Productivity_Score,0.5606337146807527,0.2921134891981626
P06858,Productivity_Score,-0.2267731879607531,-0.1436654079012471
P05102,Productivity_Score,1.505521997850559,0.815048165717454
P08957,Productivity_Score,0.088189573095848,0.0306461509385161
P02173,Productivity_Score,0.088189573095848,0.0306461509385161
P04660,Productivity_Score,-1.1716614711305613,-0.6666000844205393
P05596,Productivity_Score,-2.43151251535697,-1.3638463197795947
P06803,Productivity_Score,0.8755964757373539,0.4664250480379259
P09499,Productivity_Score,1.505521997850559,0.815048165717454
P08241,Productivity_Score,2.135447519963764,1.163671283396982
P08608,Productivity_Score,-2.116549754300367,-1.1895347609398306
P05033,Productivity_Score,0.4031523341524506,0.2049577097782802
P02145,Productivity_Score,1.977966139435464,1.0765155039771004
P02464,Productivity_Score,0.5606337146807527,0.2921134891981626
P04788,Productivity_Score,-0.2267731879607531,-0.1436654079012471
P03396,Productivity_Score,-2.9039566569418733,-1.6253136580392404
P04687,Productivity_Score,0.7181150952090533,0.3792692686180443
P08661,Productivity_Score,-1.4866242321871637,-0.8409116432603033
P03906,Productivity_Score,1.505521997850559,0.815048165717454
P00087,Productivity_Score,-4.163807701168282,-2.322559893398296
P02158,Productivity_Score,-0.6992173295456577,-0.4051327461608935
P07132,Productivity_Score,-0.6992173295456577,-0.4051327461608935
P03648,Productivity_Score,0.5606337146807527,0.2921134891981626
P00386,Productivity_Score,-1.1716614711305613,-0.6666000844205393
P06172,Productivity_Score,1.977966139435464,1.0765155039771004
P09875,Productivity_Score,-6.211065648036198,-3.4555850258567613
P05815,Productivity_Score,-3.2189194179984755,-1.7996252168790043
P00340,Productivity_Score,1.3480406173222583,0.7278923862975724
P03004,Productivity_Score,4.497668227888282,2.4710079746952114
P09181,Productivity_Score,0.5606337146807527,0.2921134891981626
P01394,Productivity_Score,-2.116549754300367,-1.1895347609398306
P02444,Productivity_Score,-0.0692918074324525,-0.0565096284813654
P06338,Productivity_Score,1.0330778562656555,0.5535808274578083
P08045,Productivity_Score,1.82048475890716,0.9893597245572172
P05136,Productivity_Score,1.0330778562656555,0.5535808274578083
P00700,Productivity_Score,0.5606337146807527,0.2921134891981626
P08965,Productivity_Score,0.088189573095848,0.0306461509385161
P09277,Productivity_Score,-3.5338821790550785,-1.9739367757187685
P05202,Productivity_Score,1.977966139435464,1.0765155039771004
P09172,Productivity_Score,0.088189573095848,0.0306461509385161
P02765,Productivity_Score,-1.4866242321871637,-0.8409116432603033
P01636,Productivity_Score,2.135447519963764,1.163671283396982
P07964,Productivity_Score,3.867742705775077,2.122384857015683
P00234,Productivity_Score,-0.5417359490173558,-0.3179769667410111
P03142,Productivity_Score,-0.5417359490173558,-0.3179769667410111
P08422,Productivity_Score,-0.5417359490173558,-0.3179769667410111
P00331,Productivity_Score,-2.43151251535697,-1.3638463197795947
P02089,Productivity_Score,-0.8566987100739584,-0.4922885255807752
P08837,Productivity_Score,1.0330778562656555,0.5535808274578083
P08908,Productivity_Score,0.8755964757373539,0.4664250480379259
P07382,Productivity_Score,0.4031523341524506,0.2049577097782802
P05107,Productivity_Score,1.3480406173222583,0.7278923862975724
P07541,Productivity_Score,2.450410281020366,1.3379828422367457
P07018,Productivity_Score,0.088189573095848,0.0306461509385161
P07931,Productivity_Score,-0.2267731879607531,-0.1436654079012471
P01596,Productivity_Score,0.088189573095848,0.0306461509385161
P03114,Productivity_Score,2.450410281020366,1.3379828422367457
P06592,Productivity_Score,-1.9590683737720669,-1.102378981519949
P06059,Productivity_Score,-2.116549754300367,-1.1895347609398306
P08519,Productivity_Score,-2.7464752764135727,-1.5381578786193588
P04285,Productivity_Score,-0.3842545684890552,-0.2308211873211295
P01341,Productivity_Score,1.3480406173222583,0.7278923862975724
P00891,Productivity_Score,1.0330778562656555,0.5535808274578083
P08710,Productivity_Score,-0.2267731879607531,-0.1436654079012471
P09199,Productivity_Score,-2.9039566569418733,-1.6253136580392404
P01043,Productivity_Score,-2.116549754300367,-1.1895347609398306
P03080,Productivity_Score,-0.5417359490173558,-0.3179769667410111
P02710,Productivity_Score,-2.43151251535697,-1.3638463197795947
P05231,Productivity_Score,0.5606337146807527,0.2921134891981626
P05009,Productivity_Score,0.24567095362415,0.1178019303583985
P02827,Productivity_Score,-1.1716614711305613,-0.6666000844205393
P02657,Productivity_Score,-0.3842545684890552,-0.2308211873211295
P06431,Productivity_Score,1.505521997850559,0.815048165717454
P01306,Productivity_Score,2.9228544226052704,1.599450180496392
P09121,Productivity_Score,-1.3291428516588617,-0.7537558638404209
P02049,Productivity_Score,0.5606337146807527,0.2921134891981626
P02529,Productivity_Score,-0.8566987100739584,-0.4922885255807752
P05024,Productivity_Score,-1.014180090602259,-0.5794443050006568
P06400,Productivity_Score,0.088189573095848,0.0306461509385161
P01681,Productivity_Score,1.1905592367939564,0.64073660687769
P08182,Productivity_Score,0.4031523341524506,0.2049577097782802
P09851,Productivity_Score,-0.8566987100739584,-0.4922885255807752
P07152,Productivity_Score,-1.1716614711305613,-0.6666000844205393
P04811,Productivity_Score,-0.0692918074324525,-0.0565096284813654
P02722,Productivity_Score,0.7181150952090533,0.3792692686180443
P03212,Productivity_Score,0.4031523341524506,0.2049577097782802
P01005,Productivity_Score,1.3480406173222583,0.7278923862975724
P00026,Exercise_Frequency_Per_Week,0.0965711680881347,-0.2076773985474697
P00195,Exercise_Frequency_Per_Week,-0.1874616792299086,0.3226191824866057
P01072,Exercise_Frequency_Per_Week,-1.039560221184039,1.9135089255888325
P06475,Exercise_Frequency_Per_Week,-0.4714945265479519,0.8529157635206813
P01688,Exercise_Frequency_Per_Week,-0.7555273738659952,1.3832123445547568
P08533,Exercise_Frequency_Per_Week,0.9486697100422647,-1.7985671416496964
P08480,Exercise_Frequency_Per_Week,-0.4714945265479519,0.8529157635206813
P06379,Exercise_Frequency_Per_Week,-0.4714945265479519,0.8529157635206813
P07044,Exercise_Frequency_Per_Week,-0.4714945265479519,0.8529157635206813
P01557,Exercise_Frequency_Per_Week,0.0965711680881347,-0.2076773985474697
P07797,Exercise_Frequency_Per_Week,0.3806040154061781,-0.7379739795815453
P00779,Exercise_Frequency_Per_Week,0.0965711680881347,-0.2076773985474697
P02590,Exercise_Frequency_Per_Week,-0.1874616792299086,0.3226191824866057
P08237,Exercise_Frequency_Per_Week,-0.1874616792299086,0.3226191824866057
P00090,Exercise_Frequency_Per_Week,-0.1874616792299086,0.3226191824866057
P09630,Exercise_Frequency_Per_Week,-0.4714945265479519,0.8529157635206813
P04193,Exercise_Frequency_Per_Week,-0.1874616792299086,0.3226191824866057
P00532,Exercise_Frequency_Per_Week,0.0965711680881347,-0.2076773985474697
P08669,Exercise_Frequency_Per_Week,-0.7555273738659952,1.3832123445547568
P04330,Exercise_Frequency_Per_Week,0.3806040154061781,-0.7379739795815453
P03660,Exercise_Frequency_Per_Week,0.0965711680881347,-0.2076773985474697
P08333,Exercise_Frequency_Per_Week,0.0965711680881347,-0.2076773985474697
P07513,Exercise_Frequency_Per_Week,-0.7555273738659952,1.3832123445547568
P06274,Exercise_Frequency_Per_Week,-0.4714945265479519,0.8529157635206813
P00970,Exercise_Frequency_Per_Week,0.0965711680881347,-0.2076773985474697
P01412,Exercise_Frequency_Per_Week,-0.4714945265479519,0.8529157635206813
P04239,Exercise_Frequency_Per_Week,0.3806040154061781,-0.7379739795815453
P08781,Exercise_Frequency_Per_Week,0.0965711680881347,-0.2076773985474697
P04205,Exercise_Frequency_Per_Week,-0.4714945265479519,0.8529157635206813
P08698,Exercise_Frequency_Per_Week,0.0965711680881347,-0.2076773985474697
P08042,Exercise_Frequency_Per_Week,0.6646368627242214,-1.2682705606156208
P02992,Exercise_Frequency_Per_Week,-0.1874616792299086,0.3226191824866057
P00438,Exercise_Frequency_Per_Week,0.9486697100422647,-1.7985671416496964
P09846,Exercise_Frequency_Per_Week,0.9486697100422647,-1.7985671416496964
P09171,Exercise_Frequency_Per_Week,0.9486697100422647,-1.7985671416496964
P02680,Exercise_Frequency_Per_Week,-0.4714945265479519,0.8529157635206813
P09720,Exercise_Frequency_Per_Week,0.0965711680881347,-0.2076773985474697
P06184,Exercise_Frequency_Per_Week,0.0965711680881347,-0.2076773985474697
P05874,Exercise_Frequency_Per_Week,0.3806040154061781,-0.7379739795815453
P08675,Exercise_Frequency_Per_Week,0.3806040154061781,-0.7379739795815453
P08254,Exercise_Frequency_Per_Week,-0.1874616792299086,0.3226191824866057
P01162,Exercise_Frequency_Per_Week,-0.1874616792299086,0.3226191824866057
P04781,Exercise_Frequency_Per_Week,0.3806040154061781,-0.7379739795815453
P03229,Exercise_Frequency_Per_Week,-0.1874616792299086,0.3226191824866057
P06069,Exercise_Frequency_Per_Week,0.0965711680881347,-0.2076773985474697
P04740,Exercise_Frequency_Per_Week,0.0965711680881347,-0.2076773985474697
P09669,Exercise_Frequency_Per_Week,-0.4714945265479519,0.8529157635206813
P06442,Exercise_Frequency_Per_Week,0.3806040154061781,-0.7379739795815453
P08425,Exercise_Frequency_Per_Week,0.6646368627242214,-1.2682705606156208
P08510,Exercise_Frequency_Per_Week,-0.4714945265479519,0.8529157635206813
P05673,Exercise_Frequency_Per_Week,-0.1874616792299086,0.3226191824866057
P04014,Exercise_Frequency_Per_Week,-0.1874616792299086,0.3226191824866057
P07115,Exercise_Frequency_Per_Week,-1.039560221184039,1.9135089255888325
P04433,Exercise_Frequency_Per_Week,-0.1874616792299086,0.3226191824866057
P08705,Exercise_Frequency_Per_Week,-0.4714945265479519,0.8529157635206813
P09567,Exercise_Frequency_Per_Week,0.6646368627242214,-1.2682705606156208
P06573,Exercise_Frequency_Per_Week,0.3806040154061781,-0.7379739795815453
P04212,Exercise_Frequency_Per_Week,-0.1874616792299086,0.3226191824866057
P04309,Exercise_Frequency_Per_Week,0.3806040154061781,-0.7379739795815453
P06441,Exercise_Frequency_Per_Week,0.9486697100422647,-1.7985671416496964
P00548,Exercise_Frequency_Per_Week,-0.4714945265479519,0.8529157635206813
P03427,Exercise_Frequency_Per_Week,-1.039560221184039,1.9135089255888325
P00281,Exercise_Frequency_Per_Week,0.9486697100422647,-1.7985671416496964
P06449,Exercise_Frequency_Per_Week,-0.4714945265479519,0.8529157635206813
P06191,Exercise_Frequency_Per_Week,-0.7555273738659952,1.3832123445547568
P03532,Exercise_Frequency_Per_Week,0.0965711680881347,-0.2076773985474697
P01369,Exercise_Frequency_Per_Week,0.3806040154061781,-0.7379739795815453
P09966,Exercise_Frequency_Per_Week,0.6646368627242214,-1.2682705606156208
P06639,Exercise_Frequency_Per_Week,0.6646368627242214,-1.2682705606156208
P07226,Exercise_Frequency_Per_Week,-0.4714945265479519,0.8529157635206813
P08619,Exercise_Frequency_Per_Week,-0.4714945265479519,0.8529157635206813
P09430,Exercise_Frequency_Per_Week,0.0965711680881347,-0.2076773985474697
P09574,Exercise_Frequency_Per_Week,0.3806040154061781,-0.7379739795815453
P03283,Exercise_Frequency_Per_Week,0.0965711680881347,-0.2076773985474697
P03417,Exercise_Frequency_Per_Week,0.0965711680881347,-0.2076773985474697
P07254,Exercise_Frequency_Per_Week,-0.4714945265479519,0.8529157635206813
P07389,Exercise_Frequency_Per_Week,-0.7555273738659952,1.3832123445547568
P09596,Exercise_Frequency_Per_Week,0.6646368627242214,-1.2682705606156208
P07978,Exercise_Frequency_Per_Week,0.3806040154061781,-0.7379739795815453
P00643,Exercise_Frequency_Per_Week,-0.7555273738659952,1.3832123445547568
P02832,Exercise_Frequency_Per_Week,-0.4714945265479519,0.8529157635206813
P01299,Exercise_Frequency_Per_Week,0.0965711680881347,-0.2076773985474697
P08126,Exercise_Frequency_Per_Week,0.0965711680881347,-0.2076773985474697
P04534,Exercise_Frequency_Per_Week,-0.4714945265479519,0.8529157635206813
P03376,Exercise_Frequency_Per_Week,-0.1874616792299086,0.3226191824866057
P05469,Exercise_Frequency_Per_Week,0.0965711680881347,-0.2076773985474697
P00314,Exercise_Frequency_Per_Week,0.9486697100422647,-1.7985671416496964
P07269,Exercise_Frequency_Per_Week,-0.1874616792299086,0.3226191824866057
P05133,Exercise_Frequency_Per_Week,-0.4714945265479519,0.8529157635206813
P05161,Exercise_Frequency_Per_Week,-0.7555273738659952,1.3832123445547568
P09795,Exercise_Frequency_Per_Week,0.0965711680881347,-0.2076773985474697
P01129,Exercise_Frequency_Per_Week,0.0965711680881347,-0.2076773985474697
P00199,Exercise_Frequency_Per_Week,0.6646368627242214,-1.2682705606156208
P07839,Exercise_Frequency_Per_Week,-0.1874616792299086,0.3226191824866057
P05297,Exercise_Frequency_Per_Week,0.0965711680881347,-0.2076773985474697
P08544,Exercise_Frequency_Per_Week,0.3806040154061781,-0.7379739795815453
P03097,Exercise_Frequency_Per_Week,-1.039560221184039,1.9135089255888325
P02205,Exercise_Frequency_Per_Week,-0.4714945265479519,0.8529157635206813
P05477,Exercise_Frequency_Per_Week,-0.7555273738659952,1.3832123445547568
P09622,Exercise_Frequency_Per_Week,-0.4714945265479519,0.8529157635206813
P04181,Exercise_Frequency_Per_Week,0.6646368627242214,-1.2682705606156208
P09864,Exercise_Frequency_Per_Week,0.0965711680881347,-0.2076773985474697
P05844,Exercise_Frequency_Per_Week,0.0965711680881347,-0.2076773985474697
P05696,Exercise_Frequency_Per_Week,-1.039560221184039,1.9135089255888325
P04280,Exercise_Frequency_Per_Week,0.9486697100422647,-1.7985671416496964
P05513,Exercise_Frequency_Per_Week,-0.7555273738659952,1.3832123445547568
P02010,Exercise_Frequency_Per_Week,0.6646368627242214,-1.2682705606156208
P04614,Exercise_Frequency_Per_Week,0.0965711680881347,-0.2076773985474697
P09494,Exercise_Frequency_Per_Week,0.0965711680881347,-0.2076773985474697
P02641,Exercise_Frequency_Per_Week,-0.4714945265479519,0.8529157635206813
P02954,Exercise_Frequency_Per_Week,0.6646368627242214,-1.2682705606156208
P06101,Exercise_Frequency_Per_Week,0.0965711680881347,-0.2076773985474697
P06377,Exercise_Frequency_Per_Week,-0.7555273738659952,1.3832123445547568
P06618,Exercise_Frequency_Per_Week,-0.4714945265479519,0.8529157635206813
P06858,Exercise_Frequency_Per_Week,-0.1874616792299086,0.3226191824866057
P05102,Exercise_Frequency_Per_Week,-0.1874616792299086,0.3226191824866057
P08957,Exercise_Frequency_Per_Week,-0.1874616792299086,0.3226191824866057
P02173,Exercise_Frequency_Per_Week,0.3806040154061781,-0.7379739795815453
P04660,Exercise_Frequency_Per_Week,0.9486697100422647,-1.7985671416496964
P05596,Exercise_Frequency_Per_Week,0.9486697100422647,-1.7985671416496964
P06803,Exercise_Frequency_Per_Week,0.0965711680881347,-0.2076773985474697
P09499,Exercise_Frequency_Per_Week,-0.1874616792299086,0.3226191824866057
P08241,Exercise_Frequency_Per_Week,-0.4714945265479519,0.8529157635206813
P08608,Exercise_Frequency_Per_Week,-0.4714945265479519,0.8529157635206813
P05033,Exercise_Frequency_Per_Week,-0.7555273738659952,1.3832123445547568
P02145,Exercise_Frequency_Per_Week,-0.4714945265479519,0.8529157635206813
P02464,Exercise_Frequency_Per_Week,0.0965711680881347,-0.2076773985474697
P04788,Exercise_Frequency_Per_Week,0.0965711680881347,-0.2076773985474697
P03396,Exercise_Frequency_Per_Week,-0.1874616792299086,0.3226191824866057
P04687,Exercise_Frequency_Per_Week,-0.7555273738659952,1.3832123445547568
P08661,Exercise_Frequency_Per_Week,0.0965711680881347,-0.2076773985474697
P03906,Exercise_Frequency_Per_Week,-0.7555273738659952,1.3832123445547568
P00087,Exercise_Frequency_Per_Week,0.3806040154061781,-0.7379739795815453
P02158,Exercise_Frequency_Per_Week,0.6646368627242214,-1.2682705606156208
P07132,Exercise_Frequency_Per_Week,-0.4714945265479519,0.8529157635206813
P03648,Exercise_Frequency_Per_Week,-0.4714945265479519,0.8529157635206813
P00386,Exercise_Frequency_Per_Week,-0.4714945265479519,0.8529157635206813
P06172,Exercise_Frequency_Per_Week,-0.4714945265479519,0.8529157635206813
P09875,Exercise_Frequency_Per_Week,0.9486697100422647,-1.7985671416496964
P05815,Exercise_Frequency_Per_Week,0.9486697100422647,-1.7985671416496964
P00340,Exercise_Frequency_Per_Week,-0.1874616792299086,0.3226191824866057
P03004,Exercise_Frequency_Per_Week,-0.1874616792299086,0.3226191824866057
P09181,Exercise_Frequency_Per_Week,-0.4714945265479519,0.8529157635206813
P01394,Exercise_Frequency_Per_Week,0.6646368627242214,-1.2682705606156208
P02444,Exercise_Frequency_Per_Week,0.6646368627242214,-1.2682705606156208
P06338,Exercise_Frequency_Per_Week,0.3806040154061781,-0.7379739795815453
P08045,Exercise_Frequency_Per_Week,0.0965711680881347,-0.2076773985474697
P05136,Exercise_Frequency_Per_Week,-0.4714945265479519,0.8529157635206813
P00700,Exercise_Frequency_Per_Week,-0.7555273738659952,1.3832123445547568
P08965,Exercise_Frequency_Per_Week,-0.1874616792299086,0.3226191824866057
P09277,Exercise_Frequency_Per_Week,0.9486697100422647,-1.7985671416496964
P05202,Exercise_Frequency_Per_Week,0.0965711680881347,-0.2076773985474697
P09172,Exercise_Frequency_Per_Week,0.6646368627242214,-1.2682705606156208
P02765,Exercise_Frequency_Per_Week,0.6646368627242214,-1.2682705606156208
P01636,Exercise_Frequency_Per_Week,-0.4714945265479519,0.8529157635206813
P07964,Exercise_Frequency_Per_Week,-0.1874616792299086,0.3226191824866057
P00234,Exercise_Frequency_Per_Week,0.9486697100422647,-1.7985671416496964
P03142,Exercise_Frequency_Per_Week,0.6646368627242214,-1.2682705606156208
P08422,Exercise_Frequency_Per_Week,-0.4714945265479519,0.8529157635206813
P00331,Exercise_Frequency_Per_Week,-1.039560221184039,1.9135089255888325
P02089,Exercise_Frequency_Per_Week,0.0965711680881347,-0.2076773985474697
P08837,Exercise_Frequency_Per_Week,0.0965711680881347,-0.2076773985474697
P08908,Exercise_Frequency_Per_Week,0.0965711680881347,-0.2076773985474697
P07382,Exercise_Frequency_Per_Week,0.9486697100422647,-1.7985671416496964
P05107,Exercise_Frequency_Per_Week,-0.7555273738659952,1.3832123445547568
P07541,Exercise_Frequency_Per_Week,0.0965711680881347,-0.2076773985474697
P07018,Exercise_Frequency_Per_Week,0.9486697100422647,-1.7985671416496964
P07931,Exercise_Frequency_Per_Week,0.3806040154061781,-0.7379739795815453
P01596,Exercise_Frequency_Per_Week,-0.7555273738659952,1.3832123445547568
P03114,Exercise_Frequency_Per_Week,-0.4714945265479519,0.8529157635206813
P06592,Exercise_Frequency_Per_Week,0.9486697100422647,-1.7985671416496964
P06059,Exercise_Frequency_Per_Week,-0.4714945265479519,0.8529157635206813
P08519,Exercise_Frequency_Per_Week,0.6646368627242214,-1.2682705606156208
P04285,Exercise_Frequency_Per_Week,0.0965711680881347,-0.2076773985474697
P01341,Exercise_Frequency_Per_Week,0.3806040154061781,-0.7379739795815453
P00891,Exercise_Frequency_Per_Week,-0.7555273738659952,1.3832123445547568
P08710,Exercise_Frequency_Per_Week,0.3806040154061781,-0.7379739795815453
P09199,Exercise_Frequency_Per_Week,0.3806040154061781,-0.7379739795815453
P01043,Exercise_Frequency_Per_Week,0.0965711680881347,-0.2076773985474697
P03080,Exercise_Frequency_Per_Week,-0.1874616792299086,0.3226191824866057
P02710,Exercise_Frequency_Per_Week,0.0965711680881347,-0.2076773985474697
P05231,Exercise_Frequency_Per_Week,0.6646368627242214,-1.2682705606156208
P05009,Exercise_Frequency_Per_Week,-0.7555273738659952,1.3832123445547568
P02827,Exercise_Frequency_Per_Week,-0.4714945265479519,0.8529157635206813
P02657,Exercise_Frequency_Per_Week,-0.4714945265479519,0.8529157635206813
P06431,Exercise_Frequency_Per_Week,0.0965711680881347,-0.2076773985474697
P01306,Exercise_Frequency_Per_Week,-0.7555273738659952,1.3832123445547568
P09121,Exercise_Frequency_Per_Week,0.6646368627242214,-1.2682705606156208
P02049,Exercise_Frequency_Per_Week,0.6646368627242214,-1.2682705606156208
P02529,Exercise_Frequency_Per_Week,-0.1874616792299086,0.3226191824866057
P05024,Exercise_Frequency_Per_Week,-0.1874616792299086,0.3226191824866057
P06400,Exercise_Frequency_Per_Week,-0.1874616792299086,0.3226191824866057
P01681,Exercise_Frequency_Per_Week,-0.7555273738659952,1.3832123445547568
P08182,Exercise_Frequency_Per_Week,0.3806040154061781,-0.7379739795815453
P09851,Exercise_Frequency_Per_Week,-0.4714945265479519,0.8529157635206813
P07152,Exercise_Frequency_Per_Week,0.3806040154061781,-0.7379739795815453
P04811,Exercise_Frequency_Per_Week,0.0965711680881347,-0.2076773985474697
P02722,Exercise_Frequency_Per_Week,0.9486697100422647,-1.7985671416496964
P03212,Exercise_Frequency_Per_Week,0.3806040154061781,-0.7379739795815453
P01005,Exercise_Frequency_Per_Week,-0.1874616792299086,0.3226191824866057
P00026,Stress_Level,0.398669180447371,0.8526555305870084
P00195,Stress_Level,-0.3845212247407468,-0.7196557482951162
P01072,Stress_Level,0.0954987010197124,0.2440189065036052
P06475,Stress_Level,-0.0055581254561738,0.0411400318091373
P01688,Stress_Level,0.2723481473525133,0.5990569372189238
P08533,Stress_Level,-0.2834643982648607,-0.5167768736006486
P08480,Stress_Level,-0.3087286048838322,-0.5674965922742655
P06379,Stress_Level,0.2470839407335416,0.5483372185453066
P07044,Stress_Level,-0.0813507453130884,-0.1110191242117133
P01557,Stress_Level,0.6007828333991434,1.2584132799759438
P07797,Stress_Level,-0.7634843240253198,-1.48045152839937
P00779,Stress_Level,-0.4603138445976615,-0.8718149043159672
P02590,Stress_Level,-0.0055581254561738,0.0411400318091373
P08237,Stress_Level,-0.2076717784079461,-0.3646177175797979
P00090,Stress_Level,-0.5613706710735475,-1.0746937790104347
P09630,Stress_Level,-0.6118990843114906,-1.1761332163576683
P04193,Stress_Level,-0.8392769438822346,-1.632610684420221
P00532,Stress_Level,0.2976123539714847,0.6497766558925405
P08669,Stress_Level,0.7523680731129725,1.562731592017645
P04330,Stress_Level,-0.6624274975494338,-1.2775726537049024
P03660,Stress_Level,0.6007828333991434,1.2584132799759438
P08333,Stress_Level,-0.3339928115028038,-0.6182163109478825
P07513,Stress_Level,0.676575453256058,1.4105724359967944
P06274,Stress_Level,0.4491975936853141,0.9540949679342424
P00970,Stress_Level,-0.3339928115028038,-0.6182163109478825
P01412,Stress_Level,-0.2329359850269175,-0.4153374362534147
P04239,Stress_Level,-0.9150695637391492,-1.7847698404410717
P08781,Stress_Level,-0.9150695637391492,-1.7847698404410717
P04205,Stress_Level,-0.6118990843114906,-1.1761332163576683
P08698,Stress_Level,-0.7887485306442915,-1.531171247072987
P08042,Stress_Level,0.4239333870663424,0.9033752492606252
P02992,Stress_Level,-0.0560865386941167,-0.0602994055380961
P00438,Stress_Level,-0.2329359850269175,-0.4153374362534147
P09846,Stress_Level,-0.9150695637391492,-1.7847698404410717
P09171,Stress_Level,0.0954987010197124,0.2440189065036052
P02680,Stress_Level,-0.0813507453130884,-0.1110191242117133
P09720,Stress_Level,-0.9150695637391492,-1.7847698404410717
P06184,Stress_Level,0.3734049738283993,0.8019358119133912
P05874,Stress_Level,0.3734049738283993,0.8019358119133912
P08675,Stress_Level,0.2976123539714847,0.6497766558925405
P08254,Stress_Level,-0.3845212247407468,-0.7196557482951162
P01162,Stress_Level,-0.1824075717889745,-0.313897998906181
P04781,Stress_Level,-0.0813507453130884,-0.1110191242117133
P03229,Stress_Level,-0.485578051216633,-0.922534622989584
P06069,Stress_Level,-0.5866348776925192,-1.1254134976840515
P04740,Stress_Level,-0.2834643982648607,-0.5167768736006486
P09669,Stress_Level,0.676575453256058,1.4105724359967944
P06442,Stress_Level,-0.3087286048838322,-0.5674965922742655
P08425,Stress_Level,-0.3845212247407468,-0.7196557482951162
P08510,Stress_Level,-0.4603138445976615,-0.8718149043159672
P05673,Stress_Level,0.5755186267801718,1.207693561302327
P04014,Stress_Level,0.8534248995888587,1.7656104667121129
P07115,Stress_Level,1.181859585635489,2.424966809469133
P04433,Stress_Level,0.3228765605904564,0.7004963745661578
P08705,Stress_Level,-0.712955910787377,-1.3790120910521364
P09567,Stress_Level,-0.0560865386941167,-0.0602994055380961
P06573,Stress_Level,-0.4350496379786899,-0.8210951856423502
P04212,Stress_Level,-0.6371632909304623,-1.2268529350312856
P04309,Stress_Level,-0.0055581254561738,0.0411400318091373
P06441,Stress_Level,-0.1824075717889745,-0.313897998906181
P00548,Stress_Level,-0.2076717784079461,-0.3646177175797979
P03427,Stress_Level,-0.3339928115028038,-0.6182163109478825
P00281,Stress_Level,0.0449702877817693,0.1425794691563713
P06449,Stress_Level,-0.4350496379786899,-0.8210951856423502
P06191,Stress_Level,-0.0055581254561738,0.0411400318091373
P03532,Stress_Level,-0.485578051216633,-0.922534622989584
P01369,Stress_Level,-0.712955910787377,-1.3790120910521364
P09966,Stress_Level,0.8028964863509156,1.664171029364879
P06639,Stress_Level,-0.1824075717889745,-0.313897998906181
P07226,Stress_Level,0.1965555274955987,0.4468977811980731
P08619,Stress_Level,-0.5613706710735475,-1.0746937790104347
P09430,Stress_Level,-0.9150695637391492,-1.7847698404410717
P09574,Stress_Level,-0.3845212247407468,-0.7196557482951162
P03283,Stress_Level,-0.8645411505012061,-1.6833304030938376
P03417,Stress_Level,-0.6371632909304623,-1.2268529350312856
P07254,Stress_Level,0.5755186267801718,1.207693561302327
P07389,Stress_Level,0.5249902135422287,1.106254123955093
P09596,Stress_Level,-0.7887485306442915,-1.531171247072987
P07978,Stress_Level,0.4744618003042856,1.004814686607859
P00643,Stress_Level,-0.4350496379786899,-0.8210951856423502
P02832,Stress_Level,-0.2076717784079461,-0.3646177175797979
P01299,Stress_Level,0.9039533128268016,1.8670499040593465
P08126,Stress_Level,-0.3592570181217752,-0.6689360296214992
P04534,Stress_Level,-0.6118990843114906,-1.1761332163576683
P03376,Stress_Level,-0.0308223320751452,-0.0095796868644793
P05469,Stress_Level,0.2218197341145701,0.4976174998716898
P00314,Stress_Level,-0.7382201174063484,-1.4297318097257532
P07269,Stress_Level,-0.712955910787377,-1.3790120910521364
P05133,Stress_Level,0.8028964863509156,1.664171029364879
P05161,Stress_Level,0.676575453256058,1.4105724359967944
P09795,Stress_Level,-0.3845212247407468,-0.7196557482951162
P01129,Stress_Level,-0.4350496379786899,-0.8210951856423502
P00199,Stress_Level,0.4744618003042856,1.004814686607859
P07839,Stress_Level,0.3481407672094278,0.7512160932397745
P05297,Stress_Level,-0.3087286048838322,-0.5674965922742655
P08544,Stress_Level,-0.0055581254561738,0.0411400318091373
P03097,Stress_Level,0.2723481473525133,0.5990569372189238
P02205,Stress_Level,0.070234494400741,0.1932991878299885
P05477,Stress_Level,1.333444825349318,2.7292851215108347
P09622,Stress_Level,-0.5108422578356046,-0.9732543416632008
P04181,Stress_Level,0.5755186267801718,1.207693561302327
P09864,Stress_Level,-0.0055581254561738,0.0411400318091373
P05844,Stress_Level,0.7018396598750296,1.4612921546704116
P05696,Stress_Level,-0.0308223320751452,-0.0095796868644793
P04280,Stress_Level,-0.9150695637391492,-1.7847698404410717
P05513,Stress_Level,-0.712955910787377,-1.3790120910521364
P02010,Stress_Level,0.1207629076386839,0.294738625177222
P04614,Stress_Level,-0.2329359850269175,-0.4153374362534147
P09494,Stress_Level,-0.5613706710735475,-1.0746937790104347
P02641,Stress_Level,-0.9150695637391492,-1.7847698404410717
P02954,Stress_Level,0.6513112466370864,1.3598527173231776
P06101,Stress_Level,0.2723481473525133,0.5990569372189238
P06377,Stress_Level,-0.1066149519320598,-0.16173884288533
P06618,Stress_Level,-0.1318791585510315,-0.2124585615589472
P06858,Stress_Level,0.7018396598750296,1.4612921546704116
P05102,Stress_Level,0.4239333870663424,0.9033752492606252
P08957,Stress_Level,0.4491975936853141,0.9540949679342424
P02173,Stress_Level,-0.5108422578356046,-0.9732543416632008
P04660,Stress_Level,0.3228765605904564,0.7004963745661578
P05596,Stress_Level,-0.0308223320751452,-0.0095796868644793
P06803,Stress_Level,-0.0813507453130884,-0.1110191242117133
P09499,Stress_Level,0.1460271142576555,0.3454583438508392
P08241,Stress_Level,0.0197060811627978,0.0918597504827545
P08608,Stress_Level,0.3734049738283993,0.8019358119133912
P05033,Stress_Level,-0.712955910787377,-1.3790120910521364
P02145,Stress_Level,-0.0813507453130884,-0.1110191242117133
P02464,Stress_Level,0.2723481473525133,0.5990569372189238
P04788,Stress_Level,-0.2834643982648607,-0.5167768736006486
P03396,Stress_Level,0.1207629076386839,0.294738625177222
P04687,Stress_Level,-0.5613706710735475,-1.0746937790104347
P08661,Stress_Level,0.171291320876627,0.3961780625244559
P03906,Stress_Level,-0.8898053571201776,-1.7340501217674549
P00087,Stress_Level,0.3481407672094278,0.7512160932397745
P02158,Stress_Level,0.070234494400741,0.1932991878299885
P07132,Stress_Level,-0.7634843240253198,-1.48045152839937
P03648,Stress_Level,-0.4603138445976615,-0.8718149043159672
P00386,Stress_Level,0.6513112466370864,1.3598527173231776
P06172,Stress_Level,-0.3845212247407468,-0.7196557482951162
P09875,Stress_Level,0.8534248995888587,1.7656104667121129
P05815,Stress_Level,0.7018396598750296,1.4612921546704116
P00340,Stress_Level,-0.2834643982648607,-0.5167768736006486
P03004,Stress_Level,-0.485578051216633,-0.922534622989584
P09181,Stress_Level,-0.3592570181217752,-0.6689360296214992
P01394,Stress_Level,0.2470839407335416,0.5483372185453066
P02444,Stress_Level,-0.6371632909304623,-1.2268529350312856
P06338,Stress_Level,-0.0560865386941167,-0.0602994055380961
P08045,Stress_Level,0.676575453256058,1.4105724359967944
P05136,Stress_Level,0.070234494400741,0.1932991878299885
P00700,Stress_Level,0.3734049738283993,0.8019358119133912
P08965,Stress_Level,0.8534248995888587,1.7656104667121129
P09277,Stress_Level,0.171291320876627,0.3961780625244559
P05202,Stress_Level,-0.1571433651700029,-0.263178280232564
P09172,Stress_Level,-0.0308223320751452,-0.0095796868644793
P02765,Stress_Level,-0.2329359850269175,-0.4153374362534147
P01636,Stress_Level,0.070234494400741,0.1932991878299885
P07964,Stress_Level,0.1965555274955987,0.4468977811980731
P00234,Stress_Level,-0.5108422578356046,-0.9732543416632008
P03142,Stress_Level,0.070234494400741,0.1932991878299885
P08422,Stress_Level,0.3734049738283993,0.8019358119133912
P00331,Stress_Level,0.8534248995888587,1.7656104667121129
P02089,Stress_Level,-0.7887485306442915,-1.531171247072987
P08837,Stress_Level,-0.3845212247407468,-0.7196557482951162
P08908,Stress_Level,0.3734049738283993,0.8019358119133912
P07382,Stress_Level,-0.9150695637391492,-1.7847698404410717
P05107,Stress_Level,-0.4603138445976615,-0.8718149043159672
P07541,Stress_Level,-0.1318791585510315,-0.2124585615589472
P07018,Stress_Level,0.070234494400741,0.1932991878299885
P07931,Stress_Level,-0.485578051216633,-0.922534622989584
P01596,Stress_Level,-0.6624274975494338,-1.2775726537049024
P03114,Stress_Level,-0.9150695637391492,-1.7847698404410717
P06592,Stress_Level,0.2976123539714847,0.6497766558925405
P06059,Stress_Level,0.2470839407335416,0.5483372185453066
P08519,Stress_Level,-0.712955910787377,-1.3790120910521364
P04285,Stress_Level,-0.712955910787377,-1.3790120910521364
P01341,Stress_Level,0.2218197341145701,0.4976174998716898
P00891,Stress_Level,0.1207629076386839,0.294738625177222
P08710,Stress_Level,0.1460271142576555,0.3454583438508392
P09199,Stress_Level,1.2576522054924033,2.577125965489984
P01043,Stress_Level,0.070234494400741,0.1932991878299885
P03080,Stress_Level,0.1460271142576555,0.3454583438508392
P02710,Stress_Level,-0.2076717784079461,-0.3646177175797979
P05231,Stress_Level,-0.7382201174063484,-1.4297318097257532
P05009,Stress_Level,0.4491975936853141,0.9540949679342424
P02827,Stress_Level,-0.0308223320751452,-0.0095796868644793
P02657,Stress_Level,-0.3592570181217752,-0.6689360296214992
P06431,Stress_Level,0.4997260069232571,1.055534405281476
P01306,Stress_Level,-0.4603138445976615,-0.8718149043159672
P09121,Stress_Level,0.070234494400741,0.1932991878299885
P02049,Stress_Level,0.2723481473525133,0.5990569372189238
P02529,Stress_Level,-0.0560865386941167,-0.0602994055380961
P05024,Stress_Level,-0.6876917041684053,-1.3282923723785194
P06400,Stress_Level,-0.0308223320751452,-0.0095796868644793
P01681,Stress_Level,0.7523680731129725,1.562731592017645
P08182,Stress_Level,-0.4603138445976615,-0.8718149043159672
P09851,Stress_Level,0.171291320876627,0.3961780625244559
P07152,Stress_Level,-0.0813507453130884,-0.1110191242117133
P04811,Stress_Level,0.8028964863509156,1.664171029364879
P02722,Stress_Level,-0.9150695637391492,-1.7847698404410717
P03212,Stress_Level,-0.8645411505012061,-1.6833304030938376
P01005,Stress_Level,-0.2582001916458891,-0.4660571549270316
P00026,Breakfast_Regularity_Score,0.0292957895749259,0.0962170638216408
P00195,Breakfast_Regularity_Score,-0.5218131232207107,-1.007889360826513
P01072,Breakfast_Regularity_Score,0.1743244508369356,0.3867713860974707
P06475,Breakfast_Regularity_Score,0.7544390958849742,1.5489886752007902
P01688,Breakfast_Regularity_Score,0.6384161668753664,1.3165452173801262
P08533,Breakfast_Regularity_Score,-0.1447386039394854,-0.2524481229093548
P08480,Breakfast_Regularity_Score,-0.4638016587159068,-0.8916676319161809
P06379,Breakfast_Regularity_Score,-0.2027500684442894,-0.3686698518196869
P07044,Breakfast_Regularity_Score,-0.5218131232207107,-1.007889360826513
P01557,Breakfast_Regularity_Score,0.0583015218273278,0.1543279282768066
P07797,Breakfast_Regularity_Score,-0.3767844619587011,-0.717335038550683
P00779,Breakfast_Regularity_Score,-0.6378360522303183,-1.2403328186471765
P02590,Breakfast_Regularity_Score,0.7544390958849742,1.5489886752007902
P08237,Breakfast_Regularity_Score,0.551398970118161,1.1422126240146289
P00090,Breakfast_Regularity_Score,0.5223932378657585,1.084101759559462
P09630,Breakfast_Regularity_Score,-0.5508188554731126,-1.0660002252816787
P04193,Breakfast_Regularity_Score,0.6964276313801705,1.4327669462904586
P00532,Breakfast_Regularity_Score,0.2613416475941416,0.5611039794629691
P08669,Breakfast_Regularity_Score,-0.4638016587159068,-0.8916676319161809
P04330,Breakfast_Regularity_Score,-0.9278933747543376,-1.8214414631988365
P03660,Breakfast_Regularity_Score,-0.4928073909683087,-0.9497784963713468
P08333,Breakfast_Regularity_Score,0.1743244508369356,0.3867713860974707
P07513,Breakfast_Regularity_Score,-1.0149105715115436,-1.9957740565643345
P06274,Breakfast_Regularity_Score,-0.4057901942111029,-0.7754459030058488
P00970,Breakfast_Regularity_Score,0.4933875056133567,1.0259908951042962
P01412,Breakfast_Regularity_Score,-1.1019277682687494,-2.1701066499298323
P04239,Breakfast_Regularity_Score,0.3483588443513471,0.7354365728284664
P08781,Breakfast_Regularity_Score,-0.6378360522303183,-1.2403328186471765
P04205,Breakfast_Regularity_Score,-0.1447386039394854,-0.2524481229093548
P08698,Breakfast_Regularity_Score,-0.2897672652014951,-0.5430024451851847
P08042,Breakfast_Regularity_Score,0.1453187185845338,0.3286605216423049
P02992,Breakfast_Regularity_Score,-0.5218131232207107,-1.007889360826513
P00438,Breakfast_Regularity_Score,-0.347778729706299,-0.6592241740955168
P09846,Breakfast_Regularity_Score,0.3773645766037489,0.7935474372836322
P09171,Breakfast_Regularity_Score,-0.1157328716870836,-0.194337258454189
P02680,Breakfast_Regularity_Score,-0.1737443361918876,-0.3105589873645211
P09720,Breakfast_Regularity_Score,0.3773645766037489,0.7935474372836322
P06184,Breakfast_Regularity_Score,0.5223932378657585,1.084101759559462
P05874,Breakfast_Regularity_Score,-0.6668417844827205,-1.298443683102343
P08675,Breakfast_Regularity_Score,-1.275962161783161,-2.5187718366608283
P08254,Breakfast_Regularity_Score,0.0873072540797298,0.2124387927319729
P01162,Breakfast_Regularity_Score,0.7544390958849742,1.5489886752007902
P04781,Breakfast_Regularity_Score,0.3483588443513471,0.7354365728284664
P03229,Breakfast_Regularity_Score,0.0873072540797298,0.2124387927319729
P06069,Breakfast_Regularity_Score,0.7254333636325724,1.4908778107456244
P04740,Breakfast_Regularity_Score,-0.782864713492328,-1.5308871409230065
P09669,Breakfast_Regularity_Score,0.2613416475941416,0.5611039794629691
P06442,Breakfast_Regularity_Score,0.6384161668753664,1.3165452173801262
P08425,Breakfast_Regularity_Score,0.6964276313801705,1.4327669462904586
P08510,Breakfast_Regularity_Score,0.7544390958849742,1.5489886752007902
P05673,Breakfast_Regularity_Score,0.6964276313801705,1.4327669462904586
P04014,Breakfast_Regularity_Score,-0.2607615329490933,-0.484891580730019
P07115,Breakfast_Regularity_Score,0.7544390958849742,1.5489886752007902
P04433,Breakfast_Regularity_Score,0.3193531120989453,0.6773257083733006
P08705,Breakfast_Regularity_Score,-0.3767844619587011,-0.717335038550683
P09567,Breakfast_Regularity_Score,-0.7538589812399261,-1.4727762764678407
P06573,Breakfast_Regularity_Score,-0.2317558006966915,-0.4267807162748532
P04212,Breakfast_Regularity_Score,0.4353760411085531,0.9097691661939648
P04309,Breakfast_Regularity_Score,-0.2317558006966915,-0.4267807162748532
P06441,Breakfast_Regularity_Score,0.551398970118161,1.1422126240146289
P00548,Breakfast_Regularity_Score,-0.0867271394346818,-0.1362263939990232
P03427,Breakfast_Regularity_Score,0.1453187185845338,0.3286605216423049
P00281,Breakfast_Regularity_Score,0.2903473798465434,0.6192148439181349
P06449,Breakfast_Regularity_Score,0.2033301830893374,0.4448822505526364
P06191,Breakfast_Regularity_Score,0.3483588443513471,0.7354365728284664
P03532,Breakfast_Regularity_Score,-0.0867271394346818,-0.1362263939990232
P01369,Breakfast_Regularity_Score,0.0583015218273278,0.1543279282768066
P09966,Breakfast_Regularity_Score,-0.2607615329490933,-0.484891580730019
P06639,Breakfast_Regularity_Score,0.0873072540797298,0.2124387927319729
P07226,Breakfast_Regularity_Score,0.4933875056133567,1.0259908951042962
P08619,Breakfast_Regularity_Score,-0.0577214071822797,-0.078115529543857
P09430,Breakfast_Regularity_Score,0.0873072540797298,0.2124387927319729
P09574,Breakfast_Regularity_Score,0.4933875056133567,1.0259908951042962
P03283,Breakfast_Regularity_Score,-0.6958475167351222,-1.3565545475575087
P03417,Breakfast_Regularity_Score,-0.4057901942111029,-0.7754459030058488
P07254,Breakfast_Regularity_Score,0.5804047023705627,1.2003234884697946
P07389,Breakfast_Regularity_Score,-0.3767844619587011,-0.717335038550683
P09596,Breakfast_Regularity_Score,-0.3187729974538972,-0.601113309640351
P07978,Breakfast_Regularity_Score,0.3193531120989453,0.6773257083733006
P00643,Breakfast_Regularity_Score,-0.4638016587159068,-0.8916676319161809
P02832,Breakfast_Regularity_Score,0.7544390958849742,1.5489886752007902
P01299,Breakfast_Regularity_Score,-0.2317558006966915,-0.4267807162748532
P08126,Breakfast_Regularity_Score,0.3483588443513471,0.7354365728284664
P04534,Breakfast_Regularity_Score,-0.1447386039394854,-0.2524481229093548
P03376,Breakfast_Regularity_Score,-1.2179506972783571,-2.4025501077504963
P05469,Breakfast_Regularity_Score,0.1453187185845338,0.3286605216423049
P00314,Breakfast_Regularity_Score,0.6384161668753664,1.3165452173801262
P07269,Breakfast_Regularity_Score,0.3773645766037489,0.7935474372836322
P05133,Breakfast_Regularity_Score,-0.0287156749298779,-0.0200046650886912
P05161,Breakfast_Regularity_Score,-0.81187044574473,-1.5889980053781727
P09795,Breakfast_Regularity_Score,-0.1737443361918876,-0.3105589873645211
P01129,Breakfast_Regularity_Score,0.0292957895749259,0.0962170638216408
P00199,Breakfast_Regularity_Score,0.4353760411085531,0.9097691661939648
P07839,Breakfast_Regularity_Score,0.5804047023705627,1.2003234884697946
P05297,Breakfast_Regularity_Score,0.551398970118161,1.1422126240146289
P08544,Breakfast_Regularity_Score,-0.0287156749298779,-0.0200046650886912
P03097,Breakfast_Regularity_Score,0.7544390958849742,1.5489886752007902
P02205,Breakfast_Regularity_Score,0.3193531120989453,0.6773257083733006
P05477,Breakfast_Regularity_Score,0.1743244508369356,0.3867713860974707
P09622,Breakfast_Regularity_Score,0.5223932378657585,1.084101759559462
P04181,Breakfast_Regularity_Score,-0.6088303199779165,-1.1822219541920107
P09864,Breakfast_Regularity_Score,0.0002900573225241,0.038106199366475
P05844,Breakfast_Regularity_Score,0.1743244508369356,0.3867713860974707
P05696,Breakfast_Regularity_Score,-0.4057901942111029,-0.7754459030058488
P04280,Breakfast_Regularity_Score,0.1743244508369356,0.3867713860974707
P05513,Breakfast_Regularity_Score,-0.2027500684442894,-0.3686698518196869
P02010,Breakfast_Regularity_Score,-0.6958475167351222,-1.3565545475575087
P04614,Breakfast_Regularity_Score,0.2903473798465434,0.6192148439181349
P09494,Breakfast_Regularity_Score,0.1453187185845338,0.3286605216423049
P02641,Breakfast_Regularity_Score,-0.3767844619587011,-0.717335038550683
P02954,Breakfast_Regularity_Score,0.1163129863321317,0.2705496571871386
P06101,Breakfast_Regularity_Score,0.2903473798465434,0.6192148439181349
P06377,Breakfast_Regularity_Score,0.7544390958849742,1.5489886752007902
P06618,Breakfast_Regularity_Score,0.6674218991277683,1.374656081835292
P06858,Breakfast_Regularity_Score,0.3483588443513471,0.7354365728284664
P05102,Breakfast_Regularity_Score,0.7544390958849742,1.5489886752007902
P08957,Breakfast_Regularity_Score,0.3773645766037489,0.7935474372836322
P02173,Breakfast_Regularity_Score,0.1163129863321317,0.2705496571871386
P04660,Breakfast_Regularity_Score,0.3193531120989453,0.6773257083733006
P05596,Breakfast_Regularity_Score,0.2033301830893374,0.4448822505526364
P06803,Breakfast_Regularity_Score,-0.347778729706299,-0.6592241740955168
P09499,Breakfast_Regularity_Score,-0.347778729706299,-0.6592241740955168
P08241,Breakfast_Regularity_Score,-0.1447386039394854,-0.2524481229093548
P08608,Breakfast_Regularity_Score,-1.0439163037639454,-2.0538849210195003
P05033,Breakfast_Regularity_Score,0.1453187185845338,0.3286605216423049
P02145,Breakfast_Regularity_Score,-0.4347959264635047,-0.8335567674610146
P02464,Breakfast_Regularity_Score,0.6964276313801705,1.4327669462904586
P04788,Breakfast_Regularity_Score,-0.4928073909683087,-0.9497784963713468
P03396,Breakfast_Regularity_Score,-0.2027500684442894,-0.3686698518196869
P04687,Breakfast_Regularity_Score,-0.7248532489875241,-1.4146654120126745
P08661,Breakfast_Regularity_Score,0.5804047023705627,1.2003234884697946
P03906,Breakfast_Regularity_Score,0.1743244508369356,0.3867713860974707
P00087,Breakfast_Regularity_Score,0.0292957895749259,0.0962170638216408
P02158,Breakfast_Regularity_Score,0.0873072540797298,0.2124387927319729
P07132,Breakfast_Regularity_Score,-0.8408761779971319,-1.6471088698333385
P03648,Breakfast_Regularity_Score,-0.0577214071822797,-0.078115529543857
P00386,Breakfast_Regularity_Score,-0.3767844619587011,-0.717335038550683
P06172,Breakfast_Regularity_Score,-0.2607615329490933,-0.484891580730019
P09875,Breakfast_Regularity_Score,0.7544390958849742,1.5489886752007902
P05815,Breakfast_Regularity_Score,-0.2897672652014951,-0.5430024451851847
P00340,Breakfast_Regularity_Score,0.1743244508369356,0.3867713860974707
P03004,Breakfast_Regularity_Score,0.1453187185845338,0.3286605216423049
P09181,Breakfast_Regularity_Score,-0.2317558006966915,-0.4267807162748532
P01394,Breakfast_Regularity_Score,0.2613416475941416,0.5611039794629691
P02444,Breakfast_Regularity_Score,0.7544390958849742,1.5489886752007902
P06338,Breakfast_Regularity_Score,-0.2607615329490933,-0.484891580730019
P08045,Breakfast_Regularity_Score,0.4353760411085531,0.9097691661939648
P05136,Breakfast_Regularity_Score,0.5223932378657585,1.084101759559462
P00700,Breakfast_Regularity_Score,0.0873072540797298,0.2124387927319729
P08965,Breakfast_Regularity_Score,-0.0867271394346818,-0.1362263939990232
P09277,Breakfast_Regularity_Score,-0.6378360522303183,-1.2403328186471765
P05202,Breakfast_Regularity_Score,0.0292957895749259,0.0962170638216408
P09172,Breakfast_Regularity_Score,-0.4347959264635047,-0.8335567674610146
P02765,Breakfast_Regularity_Score,-0.1157328716870836,-0.194337258454189
P01636,Breakfast_Regularity_Score,0.0583015218273278,0.1543279282768066
P07964,Breakfast_Regularity_Score,0.5804047023705627,1.2003234884697946
P00234,Breakfast_Regularity_Score,-0.4928073909683087,-0.9497784963713468
P03142,Breakfast_Regularity_Score,0.4353760411085531,0.9097691661939648
P08422,Breakfast_Regularity_Score,0.1743244508369356,0.3867713860974707
P00331,Breakfast_Regularity_Score,-0.0867271394346818,-0.1362263939990232
P02089,Breakfast_Regularity_Score,0.4353760411085531,0.9097691661939648
P08837,Breakfast_Regularity_Score,0.7544390958849742,1.5489886752007902
P08908,Breakfast_Regularity_Score,0.4063703088561513,0.851658301738799
P07382,Breakfast_Regularity_Score,-0.0867271394346818,-0.1362263939990232
P05107,Breakfast_Regularity_Score,-0.8408761779971319,-1.6471088698333385
P07541,Breakfast_Regularity_Score,-0.8698819102495337,-1.7052197342885045
P07018,Breakfast_Regularity_Score,-0.6378360522303183,-1.2403328186471765
P07931,Breakfast_Regularity_Score,-0.5798245877255144,-1.1241110897368445
P01596,Breakfast_Regularity_Score,-0.4928073909683087,-0.9497784963713468
P03114,Breakfast_Regularity_Score,0.7544390958849742,1.5489886752007902
P06592,Breakfast_Regularity_Score,0.0002900573225241,0.038106199366475
P06059,Breakfast_Regularity_Score,-0.5218131232207107,-1.007889360826513
P08519,Breakfast_Regularity_Score,-0.7248532489875241,-1.4146654120126745
P04285,Breakfast_Regularity_Score,-0.3187729974538972,-0.601113309640351
P01341,Breakfast_Regularity_Score,-0.3187729974538972,-0.601113309640351
P00891,Breakfast_Regularity_Score,-0.1447386039394854,-0.2524481229093548
P08710,Breakfast_Regularity_Score,0.0583015218273278,0.1543279282768066
P09199,Breakfast_Regularity_Score,0.0002900573225241,0.038106199366475
P01043,Breakfast_Regularity_Score,0.2323359153417393,0.5029931150078023
P03080,Breakfast_Regularity_Score,0.6964276313801705,1.4327669462904586
P02710,Breakfast_Regularity_Score,-0.2897672652014951,-0.5430024451851847
P05231,Breakfast_Regularity_Score,0.2323359153417393,0.5029931150078023
P05009,Breakfast_Regularity_Score,0.3193531120989453,0.6773257083733006
P02827,Breakfast_Regularity_Score,0.2323359153417393,0.5029931150078023
P02657,Breakfast_Regularity_Score,0.1163129863321317,0.2705496571871386
P06431,Breakfast_Regularity_Score,0.0292957895749259,0.0962170638216408
P01306,Breakfast_Regularity_Score,-0.0287156749298779,-0.0200046650886912
P09121,Breakfast_Regularity_Score,0.6674218991277683,1.374656081835292
P02049,Breakfast_Regularity_Score,0.7544390958849742,1.5489886752007902
P02529,Breakfast_Regularity_Score,-1.0439163037639454,-2.0538849210195003
P05024,Breakfast_Regularity_Score,0.2613416475941416,0.5611039794629691
P06400,Breakfast_Regularity_Score,0.3193531120989453,0.6773257083733006
P01681,Breakfast_Regularity_Score,0.0002900573225241,0.038106199366475
P08182,Breakfast_Regularity_Score,0.6384161668753664,1.3165452173801262
P09851,Breakfast_Regularity_Score,0.1163129863321317,0.2705496571871386
P07152,Breakfast_Regularity_Score,0.7544390958849742,1.5489886752007902
P04811,Breakfast_Regularity_Score,-0.5508188554731126,-1.0660002252816787
P02722,Breakfast_Regularity_Score,-0.4638016587159068,-0.8916676319161809
P03212,Breakfast_Regularity_Score,0.1743244508369356,0.3867713860974707
P01005,Breakfast_Regularity_Score,-0.4638016587159068,-0.8916676319161809
P00026,Sleep_Quality_Score,0.0295162652130288,-0.1401614645990644
P00195,Sleep_Quality_Score,-0.2687864151314109,1.0533703347879246
P01072,Sleep_Quality_Score,0.0609165473545487,-0.2657963908503265
P06475,Sleep_Quality_Score,0.0609165473545487,-0.2657963908503265
P01688,Sleep_Quality_Score,-0.174585568706851,0.6764655560341384
P08533,Sleep_Quality_Score,0.1865176759206286,-0.7683360958553743
P08480,Sleep_Quality_Score,0.0452164062837887,-0.2029789277246952
P06379,Sleep_Quality_Score,-0.0489844401407711,0.1739258510290905
P07044,Sleep_Quality_Score,0.0295162652130288,-0.1401614645990644
P01557,Sleep_Quality_Score,0.4063196509112684,-1.6477805796142082
P07797,Sleep_Quality_Score,-0.4414879669097709,1.7443624291698658
P00779,Sleep_Quality_Score,-0.3315869794144508,1.3046401872904485
P02590,Sleep_Quality_Score,0.0923168294960686,-0.391431317101588
P08237,Sleep_Quality_Score,-0.174585568706851,0.6764655560341384
P00090,Sleep_Quality_Score,-0.174585568706851,0.6764655560341384
P09630,Sleep_Quality_Score,-0.127485145494571,0.4880131666572455
P04193,Sleep_Quality_Score,-0.0175841579992511,0.0482909247778284
P00532,Sleep_Quality_Score,0.0138161241422687,-0.0773440014734331
P08669,Sleep_Quality_Score,-0.158885427636091,0.6136480929085075
P04330,Sleep_Quality_Score,0.0295162652130288,-0.1401614645990644
P03660,Sleep_Quality_Score,0.1237171116375886,-0.5170662433528501
P08333,Sleep_Quality_Score,-0.3943875436974908,1.5559100397929724
P07513,Sleep_Quality_Score,0.3121188044867085,-1.2708758008604222
P06274,Sleep_Quality_Score,0.1237171116375886,-0.5170662433528501
P00970,Sleep_Quality_Score,0.2493182402036685,-1.019605948357898
P01412,Sleep_Quality_Score,0.0609165473545487,-0.2657963908503265
P04239,Sleep_Quality_Score,0.0609165473545487,-0.2657963908503265
P08781,Sleep_Quality_Score,-0.2530862740606509,0.9905528716622932
P04205,Sleep_Quality_Score,-0.1117850044238111,0.4251957035316147
P08698,Sleep_Quality_Score,-0.4885883901220507,1.9328148185467584
P08042,Sleep_Quality_Score,0.0295162652130288,-0.1401614645990644
P02992,Sleep_Quality_Score,0.2964186634159485,-1.208058337734791
P00438,Sleep_Quality_Score,0.2493182402036685,-1.019605948357898
P09846,Sleep_Quality_Score,-0.3786874026267309,1.4930925766673415
P09171,Sleep_Quality_Score,0.1237171116375886,-0.5170662433528501
P02680,Sleep_Quality_Score,0.5319207794773483,-2.150320284619256
P09720,Sleep_Quality_Score,-0.3158868383436908,1.2418227241648174
P06184,Sleep_Quality_Score,0.2964186634159485,-1.208058337734791
P05874,Sleep_Quality_Score,0.2336180991329085,-0.9567884852322672
P08675,Sleep_Quality_Score,-0.4257878258390107,1.681544966044234
P08254,Sleep_Quality_Score,-0.096084863353051,0.3623782404059834
P01162,Sleep_Quality_Score,-0.3472871204852107,1.3674576504160791
P04781,Sleep_Quality_Score,0.0295162652130288,-0.1401614645990644
P03229,Sleep_Quality_Score,-0.3001866972729309,1.1790052610391868
P06069,Sleep_Quality_Score,0.2179179580621486,-0.8939710221066365
P04740,Sleep_Quality_Score,0.1237171116375886,-0.5170662433528501
P09669,Sleep_Quality_Score,0.1080169705668287,-0.4542487802272194
P06442,Sleep_Quality_Score,-0.3786874026267309,1.4930925766673415
P08425,Sleep_Quality_Score,-0.127485145494571,0.4880131666572455
P08510,Sleep_Quality_Score,-0.174585568706851,0.6764655560341384
P05673,Sleep_Quality_Score,-0.3315869794144508,1.3046401872904485
P04014,Sleep_Quality_Score,0.2336180991329085,-0.9567884852322672
P07115,Sleep_Quality_Score,0.0295162652130288,-0.1401614645990644
P04433,Sleep_Quality_Score,-0.127485145494571,0.4880131666572455
P08705,Sleep_Quality_Score,-0.2373861329898909,0.9277354085366626
P09567,Sleep_Quality_Score,0.3435190866282285,-1.3965107271116843
P06573,Sleep_Quality_Score,0.0923168294960686,-0.391431317101588
P04212,Sleep_Quality_Score,-0.127485145494571,0.4880131666572455
P04309,Sleep_Quality_Score,0.0452164062837887,-0.2029789277246952
P06441,Sleep_Quality_Score,0.2336180991329085,-0.9567884852322672
P00548,Sleep_Quality_Score,-0.2530862740606509,0.9905528716622932
P03427,Sleep_Quality_Score,0.2807185223451884,-1.14524087460916
P00281,Sleep_Quality_Score,0.2336180991329085,-0.9567884852322672
P06449,Sleep_Quality_Score,-0.3472871204852107,1.3674576504160791
P06191,Sleep_Quality_Score,0.0138161241422687,-0.0773440014734331
P03532,Sleep_Quality_Score,-0.1431852865653311,0.5508306297828768
P01369,Sleep_Quality_Score,-0.190285709777611,0.7392830191597697
P09966,Sleep_Quality_Score,-0.0332842990700112,0.1111083879034597
P06639,Sleep_Quality_Score,-0.3786874026267309,1.4930925766673415
P07226,Sleep_Quality_Score,0.1080169705668287,-0.4542487802272194
P08619,Sleep_Quality_Score,-0.096084863353051,0.3623782404059834
P09430,Sleep_Quality_Score,-0.158885427636091,0.6136480929085075
P09574,Sleep_Quality_Score,-0.096084863353051,0.3623782404059834
P03283,Sleep_Quality_Score,-0.127485145494571,0.4880131666572455
P03417,Sleep_Quality_Score,-0.0018840169284911,-0.0145265383478023
P07254,Sleep_Quality_Score,0.0923168294960686,-0.391431317101588
P07389,Sleep_Quality_Score,0.0923168294960686,-0.391431317101588
P09596,Sleep_Quality_Score,-0.158885427636091,0.6136480929085075
P07978,Sleep_Quality_Score,-0.0018840169284911,-0.0145265383478023
P00643,Sleep_Quality_Score,-0.3786874026267309,1.4930925766673415
P02832,Sleep_Quality_Score,-0.1431852865653311,0.5508306297828768
P01299,Sleep_Quality_Score,-0.0332842990700112,0.1111083879034597
P08126,Sleep_Quality_Score,-0.4728882490512907,1.8699973554211275
P04534,Sleep_Quality_Score,-0.0175841579992511,0.0482909247778284
P03376,Sleep_Quality_Score,0.1394172527083487,-0.5798837064784815
P05469,Sleep_Quality_Score,0.4534200741235483,-1.836232968991101
P00314,Sleep_Quality_Score,0.4220197919820284,-1.7105980427398393
P07269,Sleep_Quality_Score,0.1394172527083487,-0.5798837064784815
P05133,Sleep_Quality_Score,0.2336180991329085,-0.9567884852322672
P05161,Sleep_Quality_Score,0.3749193687697484,-1.522145653362946
P09795,Sleep_Quality_Score,-0.0646845812115312,0.2367433141547218
P01129,Sleep_Quality_Score,-0.2373861329898909,0.9277354085366626
P00199,Sleep_Quality_Score,-0.3158868383436908,1.2418227241648174
P07839,Sleep_Quality_Score,0.1080169705668287,-0.4542487802272194
P05297,Sleep_Quality_Score,-0.2687864151314109,1.0533703347879246
P08544,Sleep_Quality_Score,-0.3786874026267309,1.4930925766673415
P03097,Sleep_Quality_Score,0.5005204973358284,-2.0246853583679942
P02205,Sleep_Quality_Score,-0.096084863353051,0.3623782404059834
P05477,Sleep_Quality_Score,0.3278189455574685,-1.3336932639860533
P09622,Sleep_Quality_Score,-0.127485145494571,0.4880131666572455
P04181,Sleep_Quality_Score,0.2650183812744285,-1.0824234114835294
P09864,Sleep_Quality_Score,-0.1117850044238111,0.4251957035316147
P05844,Sleep_Quality_Score,0.2493182402036685,-1.019605948357898
P05696,Sleep_Quality_Score,-0.4100876847682507,1.6187275029186032
P04280,Sleep_Quality_Score,-0.221685991919131,0.8649179454110317
P05513,Sleep_Quality_Score,0.1394172527083487,-0.5798837064784815
P02010,Sleep_Quality_Score,-0.0332842990700112,0.1111083879034597
P04614,Sleep_Quality_Score,0.0295162652130288,-0.1401614645990644
P09494,Sleep_Quality_Score,0.1394172527083487,-0.5798837064784815
P02641,Sleep_Quality_Score,-0.5042885311928106,1.995632281672389
P02954,Sleep_Quality_Score,0.1237171116375886,-0.5170662433528501
P06101,Sleep_Quality_Score,0.1237171116375886,-0.5170662433528501
P06377,Sleep_Quality_Score,0.0295162652130288,-0.1401614645990644
P06618,Sleep_Quality_Score,0.1394172527083487,-0.5798837064784815
P06858,Sleep_Quality_Score,0.2022178169913885,-0.8311535589810052
P05102,Sleep_Quality_Score,-0.1431852865653311,0.5508306297828768
P08957,Sleep_Quality_Score,0.2964186634159485,-1.208058337734791
P02173,Sleep_Quality_Score,-0.1117850044238111,0.4251957035316147
P04660,Sleep_Quality_Score,0.5633210616188683,-2.275955210870518
P05596,Sleep_Quality_Score,-0.221685991919131,0.8649179454110317
P06803,Sleep_Quality_Score,-0.174585568706851,0.6764655560341384
P09499,Sleep_Quality_Score,0.2493182402036685,-1.019605948357898
P08241,Sleep_Quality_Score,-0.096084863353051,0.3623782404059834
P08608,Sleep_Quality_Score,0.2964186634159485,-1.208058337734791
P05033,Sleep_Quality_Score,0.0138161241422687,-0.0773440014734331
P02145,Sleep_Quality_Score,-0.0489844401407711,0.1739258510290905
P02464,Sleep_Quality_Score,0.1394172527083487,-0.5798837064784815
P04788,Sleep_Quality_Score,-0.0175841579992511,0.0482909247778284
P03396,Sleep_Quality_Score,0.4220197919820284,-1.7105980427398393
P04687,Sleep_Quality_Score,-0.0489844401407711,0.1739258510290905
P08661,Sleep_Quality_Score,0.2179179580621486,-0.8939710221066365
P03906,Sleep_Quality_Score,0.0609165473545487,-0.2657963908503265
P00087,Sleep_Quality_Score,0.1394172527083487,-0.5798837064784815
P02158,Sleep_Quality_Score,0.2807185223451884,-1.14524087460916
P07132,Sleep_Quality_Score,-0.1117850044238111,0.4251957035316147
P03648,Sleep_Quality_Score,-0.5670890954758506,2.2469021341749134
P00386,Sleep_Quality_Score,0.0923168294960686,-0.391431317101588
P06172,Sleep_Quality_Score,-0.3943875436974908,1.5559100397929724
P09875,Sleep_Quality_Score,0.5319207794773483,-2.150320284619256
P05815,Sleep_Quality_Score,0.2022178169913885,-0.8311535589810052
P00340,Sleep_Quality_Score,-0.2059858508483709,0.8021004822854004
P03004,Sleep_Quality_Score,-0.1117850044238111,0.4251957035316147
P09181,Sleep_Quality_Score,-0.0018840169284911,-0.0145265383478023
P01394,Sleep_Quality_Score,0.1551173937791086,-0.6427011696041123
P02444,Sleep_Quality_Score,-0.221685991919131,0.8649179454110317
P06338,Sleep_Quality_Score,-0.221685991919131,0.8649179454110317
P08045,Sleep_Quality_Score,0.0295162652130288,-0.1401614645990644
P05136,Sleep_Quality_Score,-0.3315869794144508,1.3046401872904485
P00700,Sleep_Quality_Score,-0.2373861329898909,0.9277354085366626
P08965,Sleep_Quality_Score,-0.3786874026267309,1.4930925766673415
P09277,Sleep_Quality_Score,0.3435190866282285,-1.3965107271116843
P05202,Sleep_Quality_Score,-0.2844865562021709,1.1161877979135555
P09172,Sleep_Quality_Score,0.2179179580621486,-0.8939710221066365
P02765,Sleep_Quality_Score,-0.2373861329898909,0.9277354085366626
P01636,Sleep_Quality_Score,-0.2687864151314109,1.0533703347879246
P07964,Sleep_Quality_Score,-0.3629872615559709,1.4302751135417109
P00234,Sleep_Quality_Score,-0.1431852865653311,0.5508306297828768
P03142,Sleep_Quality_Score,-0.1117850044238111,0.4251957035316147
P08422,Sleep_Quality_Score,0.3278189455574685,-1.3336932639860533
P00331,Sleep_Quality_Score,0.5162206384065883,-2.087502821493625
P02089,Sleep_Quality_Score,-0.3158868383436908,1.2418227241648174
P08837,Sleep_Quality_Score,-0.0489844401407711,0.1739258510290905
P08908,Sleep_Quality_Score,-0.0646845812115312,0.2367433141547218
P07382,Sleep_Quality_Score,-0.127485145494571,0.4880131666572455
P05107,Sleep_Quality_Score,-0.2844865562021709,1.1161877979135555
P07541,Sleep_Quality_Score,0.1394172527083487,-0.5798837064784815
P07018,Sleep_Quality_Score,-0.0803847222822911,0.2995607772803526
P07931,Sleep_Quality_Score,-0.0489844401407711,0.1739258510290905
P01596,Sleep_Quality_Score,-0.096084863353051,0.3623782404059834
P03114,Sleep_Quality_Score,-0.127485145494571,0.4880131666572455
P06592,Sleep_Quality_Score,-0.2059858508483709,0.8021004822854004
P06059,Sleep_Quality_Score,-0.096084863353051,0.3623782404059834
P08519,Sleep_Quality_Score,0.1708175348498685,-0.705518632729743
P04285,Sleep_Quality_Score,-0.0332842990700112,0.1111083879034597
P01341,Sleep_Quality_Score,0.0923168294960686,-0.391431317101588
P00891,Sleep_Quality_Score,0.1708175348498685,-0.705518632729743
P08710,Sleep_Quality_Score,-0.0018840169284911,-0.0145265383478023
P09199,Sleep_Quality_Score,0.5476209205481083,-2.213137747744887
P01043,Sleep_Quality_Score,0.0452164062837887,-0.2029789277246952
P03080,Sleep_Quality_Score,0.2179179580621486,-0.8939710221066365
P02710,Sleep_Quality_Score,0.1708175348498685,-0.705518632729743
P05231,Sleep_Quality_Score,0.0452164062837887,-0.2029789277246952
P05009,Sleep_Quality_Score,0.1865176759206286,-0.7683360958553743
P02827,Sleep_Quality_Score,0.0138161241422687,-0.0773440014734331
P02657,Sleep_Quality_Score,-0.5513889544050906,2.1840846710492823
P06431,Sleep_Quality_Score,-0.221685991919131,0.8649179454110317
P01306,Sleep_Quality_Score,-0.0018840169284911,-0.0145265383478023
P09121,Sleep_Quality_Score,-0.2373861329898909,0.9277354085366626
P02049,Sleep_Quality_Score,0.0138161241422687,-0.0773440014734331
P02529,Sleep_Quality_Score,0.3435190866282285,-1.3965107271116843
P05024,Sleep_Quality_Score,0.0609165473545487,-0.2657963908503265
P06400,Sleep_Quality_Score,0.0452164062837887,-0.2029789277246952
P01681,Sleep_Quality_Score,0.1394172527083487,-0.5798837064784815
P08182,Sleep_Quality_Score,-0.0018840169284911,-0.0145265383478023
P09851,Sleep_Quality_Score,0.2493182402036685,-1.019605948357898
P07152,Sleep_Quality_Score,0.3749193687697484,-1.522145653362946
P04811,Sleep_Quality_Score,0.1237171116375886,-0.5170662433528501
P02722,Sleep_Quality_Score,-0.127485145494571,0.4880131666572455
P03212,Sleep_Quality_Score,-0.2059858508483709,0.8021004822854004
P01005,Sleep_Quality_Score,0.0452164062837887,-0.2029789277246952
P00026,Sitting_Hours_Per_Day,0.0395237352311076,0.3403970307293358
P00195,Sitting_Hours_Per_Day,-0.0280826539799975,-0.2968325830921184
P01072,Sitting_Hours_Per_Day,-0.0072806880688882,-0.100761932685517
P06475,Sitting_Hours_Per_Day,-0.0800875687577707,-0.7870092091086214
P01688,Sitting_Hours_Per_Day,-0.0696865858022161,-0.6889738839053207
P08533,Sitting_Hours_Per_Day,-0.1268919920577666,-1.2281681725234743
P08480,Sitting_Hours_Per_Day,0.0551252096644395,0.4874500185342862
P06379,Sitting_Hours_Per_Day,0.1175311073977675,1.0756619697540903
P07044,Sitting_Hours_Per_Day,0.0707266840977716,0.6345030063392375
P01557,Sitting_Hours_Per_Day,0.1175311073977675,1.0756619697540903
P07797,Sitting_Hours_Per_Day,-0.10088953466888,-0.9830798595152228
P00779,Sitting_Hours_Per_Day,0.0915286500088808,0.8305736567458388
P02590,Sitting_Hours_Per_Day,-0.0020801965911109,-0.0517442700838668
P08237,Sitting_Hours_Per_Day,-0.0696865858022161,-0.6889738839053207
P00090,Sitting_Hours_Per_Day,-0.0176816710244428,-0.1987972578888177
P09630,Sitting_Hours_Per_Day,0.1071301244422128,0.9776266445507892
P04193,Sitting_Hours_Per_Day,-0.2205008386577584,-2.11048609935318
P00532,Sitting_Hours_Per_Day,-0.0332831454577748,-0.3458502456937685
P08669,Sitting_Hours_Per_Day,-0.1788969068355398,-1.7183447985399771
P04330,Sitting_Hours_Per_Day,-0.0644860943244388,-0.6399562213036706
P03660,Sitting_Hours_Per_Day,-0.0072806880688882,-0.100761932685517
P08333,Sitting_Hours_Per_Day,-0.0332831454577748,-0.3458502456937685
P07513,Sitting_Hours_Per_Day,-0.1840973983133172,-1.7673624611416274
P06274,Sitting_Hours_Per_Day,0.1383330733088767,1.2717326201606909
P00970,Sitting_Hours_Per_Day,0.0811276670533261,0.7325383315425378
P01412,Sitting_Hours_Per_Day,0.0967291414866581,0.879591319347489
P04239,Sitting_Hours_Per_Day,-0.1684959238799852,-1.6203094733366763
P08781,Sitting_Hours_Per_Day,-0.0228821625022202,-0.2478149204904682
P04205,Sitting_Hours_Per_Day,-0.0540851113688841,-0.5419208961003699
P08698,Sitting_Hours_Per_Day,-0.0228821625022202,-0.2478149204904682
P08042,Sitting_Hours_Per_Day,0.0603257011422168,0.5364676811359363
P02992,Sitting_Hours_Per_Day,-0.0072806880688882,-0.100761932685517
P00438,Sitting_Hours_Per_Day,-0.0332831454577748,-0.3458502456937685
P09846,Sitting_Hours_Per_Day,0.0863281585311035,0.7815559941441879
P09171,Sitting_Hours_Per_Day,-0.116491009102212,-1.1301328473201735
P02680,Sitting_Hours_Per_Day,-0.0488846198911068,-0.4929032334987198
P09720,Sitting_Hours_Per_Day,-0.0176816710244428,-0.1987972578888177
P06184,Sitting_Hours_Per_Day,0.0655261926199942,0.5854853437375874
P05874,Sitting_Hours_Per_Day,0.1695360221755407,1.5658385957705934
P08675,Sitting_Hours_Per_Day,0.013521277842221,0.0953087177210839
P08254,Sitting_Hours_Per_Day,0.1903379880866499,1.761909246177194
P01162,Sitting_Hours_Per_Day,-0.116491009102212,-1.1301328473201735
P04781,Sitting_Hours_Per_Day,-0.1892978897910945,-1.8163801237432775
P03229,Sitting_Hours_Per_Day,0.1383330733088767,1.2717326201606909
P06069,Sitting_Hours_Per_Day,0.0239222607977756,0.1933440429243846
P04740,Sitting_Hours_Per_Day,0.013521277842221,0.0953087177210839
P09669,Sitting_Hours_Per_Day,0.1487340562644314,1.369767945363992
P06442,Sitting_Hours_Per_Day,0.013521277842221,0.0953087177210839
P08425,Sitting_Hours_Per_Day,-0.1788969068355398,-1.7183447985399771
P08510,Sitting_Hours_Per_Day,-0.1060900261466573,-1.032097522116873
P05673,Sitting_Hours_Per_Day,0.174736513653318,1.6148562583722434
P04014,Sitting_Hours_Per_Day,-0.0280826539799975,-0.2968325830921184
P07115,Sitting_Hours_Per_Day,-0.0384836369355521,-0.394867908295419
P04433,Sitting_Hours_Per_Day,-0.10088953466888,-0.9830798595152228
P08705,Sitting_Hours_Per_Day,0.0395237352311076,0.3403970307293358
P09567,Sitting_Hours_Per_Day,0.0915286500088808,0.8305736567458388
P06573,Sitting_Hours_Per_Day,0.0187217693199983,0.1443263803227344
P04212,Sitting_Hours_Per_Day,0.1279320903533221,1.1736972949573907
P04309,Sitting_Hours_Per_Day,-0.085288060235548,-0.8360268717102716
P06441,Sitting_Hours_Per_Day,0.0811276670533261,0.7325383315425378
P00548,Sitting_Hours_Per_Day,0.0031202948866663,-0.0027266074822167
P03427,Sitting_Hours_Per_Day,-0.1216915005799893,-1.1791505099218238
P00281,Sitting_Hours_Per_Day,-0.1060900261466573,-1.032097522116873
P06449,Sitting_Hours_Per_Day,0.2163404454755365,2.006997559185445
P06191,Sitting_Hours_Per_Day,0.0447242267088849,0.389414693330986
P03532,Sitting_Hours_Per_Day,0.0603257011422168,0.5364676811359363
P01369,Sitting_Hours_Per_Day,-0.10088953466888,-0.9830798595152228
P09966,Sitting_Hours_Per_Day,0.1279320903533221,1.1736972949573907
P06639,Sitting_Hours_Per_Day,0.2319419199088685,2.1540505469903968
P07226,Sitting_Hours_Per_Day,-0.1320924835355439,-1.2771858351251244
P08619,Sitting_Hours_Per_Day,-0.0540851113688841,-0.5419208961003699
P09430,Sitting_Hours_Per_Day,-0.0332831454577748,-0.3458502456937685
P09574,Sitting_Hours_Per_Day,-0.0748870772799934,-0.7379915465069713
P03283,Sitting_Hours_Per_Day,0.0083207863644437,0.0462910551194338
P03417,Sitting_Hours_Per_Day,-0.0384836369355521,-0.394867908295419
P07254,Sitting_Hours_Per_Day,0.1279320903533221,1.1736972949573907
P07389,Sitting_Hours_Per_Day,0.0239222607977756,0.1933440429243846
P09596,Sitting_Hours_Per_Day,0.1279320903533221,1.1736972949573907
P07978,Sitting_Hours_Per_Day,0.0811276670533261,0.7325383315425378
P00643,Sitting_Hours_Per_Day,0.1019296329644355,0.9286089819491392
P02832,Sitting_Hours_Per_Day,-0.1788969068355398,-1.7183447985399771
P01299,Sitting_Hours_Per_Day,-0.1892978897910945,-1.8163801237432775
P08126,Sitting_Hours_Per_Day,-0.0956890431911027,-0.9340621969135722
P04534,Sitting_Hours_Per_Day,-0.1944983812688718,-1.865397786344928
P03376,Sitting_Hours_Per_Day,-0.0956890431911027,-0.9340621969135722
P05469,Sitting_Hours_Per_Day,0.1955384795644273,1.8109269087788449
P00314,Sitting_Hours_Per_Day,0.0187217693199983,0.1443263803227344
P07269,Sitting_Hours_Per_Day,0.013521277842221,0.0953087177210839
P05133,Sitting_Hours_Per_Day,0.0551252096644395,0.4874500185342862
P05161,Sitting_Hours_Per_Day,-0.0696865858022161,-0.6889738839053207
P09795,Sitting_Hours_Per_Day,0.013521277842221,0.0953087177210839
P01129,Sitting_Hours_Per_Day,0.1487340562644314,1.369767945363992
P00199,Sitting_Hours_Per_Day,-0.1424934664910986,-1.375221160328425
P07839,Sitting_Hours_Per_Day,-0.085288060235548,-0.8360268717102716
P05297,Sitting_Hours_Per_Day,0.0603257011422168,0.5364676811359363
P08544,Sitting_Hours_Per_Day,0.0187217693199983,0.1443263803227344
P03097,Sitting_Hours_Per_Day,0.0967291414866581,0.879591319347489
P02205,Sitting_Hours_Per_Day,-0.2048993642244265,-1.9634331115482289
P05477,Sitting_Hours_Per_Day,0.1019296329644355,0.9286089819491392
P09622,Sitting_Hours_Per_Day,0.0967291414866581,0.879591319347489
P04181,Sitting_Hours_Per_Day,0.0239222607977756,0.1933440429243846
P09864,Sitting_Hours_Per_Day,0.1955384795644273,1.8109269087788449
P05844,Sitting_Hours_Per_Day,0.0655261926199942,0.5854853437375874
P05696,Sitting_Hours_Per_Day,-0.0176816710244428,-0.1987972578888177
P04280,Sitting_Hours_Per_Day,-0.0488846198911068,-0.4929032334987198
P05513,Sitting_Hours_Per_Day,0.0603257011422168,0.5364676811359363
P02010,Sitting_Hours_Per_Day,0.0239222607977756,0.1933440429243846
P04614,Sitting_Hours_Per_Day,0.0603257011422168,0.5364676811359363
P09494,Sitting_Hours_Per_Day,-0.0644860943244388,-0.6399562213036706
P02641,Sitting_Hours_Per_Day,-0.116491009102212,-1.1301328473201735
P02954,Sitting_Hours_Per_Day,0.0603257011422168,0.5364676811359363
P06101,Sitting_Hours_Per_Day,-0.1684959238799852,-1.6203094733366763
P06377,Sitting_Hours_Per_Day,-0.0748870772799934,-0.7379915465069713
P06618,Sitting_Hours_Per_Day,0.0031202948866663,-0.0027266074822167
P06858,Sitting_Hours_Per_Day,0.320350275031083,2.9873508112184517
P05102,Sitting_Hours_Per_Day,-0.3037087023021955,-2.894768700979584
P08957,Sitting_Hours_Per_Day,0.0343232437533302,0.2913793681276849
P02173,Sitting_Hours_Per_Day,0.0759271755755488,0.6835206689408876
P04660,Sitting_Hours_Per_Day,0.0395237352311076,0.3403970307293358
P05596,Sitting_Hours_Per_Day,0.1071301244422128,0.9776266445507892
P06803,Sitting_Hours_Per_Day,-0.0384836369355521,-0.394867908295419
P09499,Sitting_Hours_Per_Day,0.0291227522755529,0.2423617055260347
P08241,Sitting_Hours_Per_Day,0.0759271755755488,0.6835206689408876
P08608,Sitting_Hours_Per_Day,-0.0488846198911068,-0.4929032334987198
P05033,Sitting_Hours_Per_Day,0.1279320903533221,1.1736972949573907
P02145,Sitting_Hours_Per_Day,-0.0228821625022202,-0.2478149204904682
P02464,Sitting_Hours_Per_Day,0.0447242267088849,0.389414693330986
P04788,Sitting_Hours_Per_Day,0.0655261926199942,0.5854853437375874
P03396,Sitting_Hours_Per_Day,0.0707266840977716,0.6345030063392375
P04687,Sitting_Hours_Per_Day,0.0967291414866581,0.879591319347489
P08661,Sitting_Hours_Per_Day,0.0603257011422168,0.5364676811359363
P03906,Sitting_Hours_Per_Day,-0.230901821613313,-2.2085214245564804
P00087,Sitting_Hours_Per_Day,0.0031202948866663,-0.0027266074822167
P02158,Sitting_Hours_Per_Day,0.013521277842221,0.0953087177210839
P07132,Sitting_Hours_Per_Day,0.0811276670533261,0.7325383315425378
P03648,Sitting_Hours_Per_Day,-0.0436841284133294,-0.4438855708970692
P00386,Sitting_Hours_Per_Day,-0.0904885517133254,-0.8850445343119221
P06172,Sitting_Hours_Per_Day,-0.2153003471799811,-2.061468436751529
P09875,Sitting_Hours_Per_Day,-0.1060900261466573,-1.032097522116873
P05815,Sitting_Hours_Per_Day,-0.0488846198911068,-0.4929032334987198
P00340,Sitting_Hours_Per_Day,0.0863281585311035,0.7815559941441879
P03004,Sitting_Hours_Per_Day,0.0551252096644395,0.4874500185342862
P09181,Sitting_Hours_Per_Day,0.1903379880866499,1.761909246177194
P01394,Sitting_Hours_Per_Day,-0.0748870772799934,-0.7379915465069713
P02444,Sitting_Hours_Per_Day,0.0083207863644437,0.0462910551194338
P06338,Sitting_Hours_Per_Day,-0.0748870772799934,-0.7379915465069713
P08045,Sitting_Hours_Per_Day,-0.1424934664910986,-1.375221160328425
P05136,Sitting_Hours_Per_Day,0.0603257011422168,0.5364676811359363
P00700,Sitting_Hours_Per_Day,0.2007389710422046,1.859944571380495
P08965,Sitting_Hours_Per_Day,0.0083207863644437,0.0462910551194338
P09277,Sitting_Hours_Per_Day,-0.0904885517133254,-0.8850445343119221
P05202,Sitting_Hours_Per_Day,0.1071301244422128,0.9776266445507892
P09172,Sitting_Hours_Per_Day,0.0655261926199942,0.5854853437375874
P02765,Sitting_Hours_Per_Day,-0.0956890431911027,-0.9340621969135722
P01636,Sitting_Hours_Per_Day,0.0863281585311035,0.7815559941441879
P07964,Sitting_Hours_Per_Day,-0.10088953466888,-0.9830798595152228
P00234,Sitting_Hours_Per_Day,0.0551252096644395,0.4874500185342862
P03142,Sitting_Hours_Per_Day,-0.1788969068355398,-1.7183447985399771
P08422,Sitting_Hours_Per_Day,0.0655261926199942,0.5854853437375874
P00331,Sitting_Hours_Per_Day,-0.0488846198911068,-0.4929032334987198
P02089,Sitting_Hours_Per_Day,-0.0332831454577748,-0.3458502456937685
P08837,Sitting_Hours_Per_Day,-0.1684959238799852,-1.6203094733366763
P08908,Sitting_Hours_Per_Day,-0.1060900261466573,-1.032097522116873
P07382,Sitting_Hours_Per_Day,-0.0644860943244388,-0.6399562213036706
P05107,Sitting_Hours_Per_Day,-0.0280826539799975,-0.2968325830921184
P07541,Sitting_Hours_Per_Day,0.0447242267088849,0.389414693330986
P07018,Sitting_Hours_Per_Day,-0.0332831454577748,-0.3458502456937685
P07931,Sitting_Hours_Per_Day,0.0395237352311076,0.3403970307293358
P01596,Sitting_Hours_Per_Day,0.0395237352311076,0.3403970307293358
P03114,Sitting_Hours_Per_Day,-0.1632954324022078,-1.571291810735026
P06592,Sitting_Hours_Per_Day,0.1227315988755447,1.1246796323557404
P06059,Sitting_Hours_Per_Day,0.0655261926199942,0.5854853437375874
P08519,Sitting_Hours_Per_Day,-0.0644860943244388,-0.6399562213036706
P04285,Sitting_Hours_Per_Day,0.1955384795644273,1.8109269087788449
P01341,Sitting_Hours_Per_Day,-0.0800875687577707,-0.7870092091086214
P00891,Sitting_Hours_Per_Day,-0.1632954324022078,-1.571291810735026
P08710,Sitting_Hours_Per_Day,-0.0228821625022202,-0.2478149204904682
P09199,Sitting_Hours_Per_Day,-0.1320924835355439,-1.2771858351251244
P01043,Sitting_Hours_Per_Day,-0.116491009102212,-1.1301328473201735
P03080,Sitting_Hours_Per_Day,0.013521277842221,0.0953087177210839
P02710,Sitting_Hours_Per_Day,-0.0436841284133294,-0.4438855708970692
P05231,Sitting_Hours_Per_Day,0.2995483091199737,2.791280160811851
P05009,Sitting_Hours_Per_Day,-0.0020801965911109,-0.0517442700838668
P02827,Sitting_Hours_Per_Day,-0.085288060235548,-0.8360268717102716
P02657,Sitting_Hours_Per_Day,0.1435335647866541,1.320750282762342
P06431,Sitting_Hours_Per_Day,-0.0540851113688841,-0.5419208961003699
P01306,Sitting_Hours_Per_Day,-0.2361023130910904,-2.2575390871581305
P09121,Sitting_Hours_Per_Day,-0.0332831454577748,-0.3458502456937685
P02049,Sitting_Hours_Per_Day,0.0291227522755529,0.2423617055260347
P02529,Sitting_Hours_Per_Day,0.0083207863644437,0.0462910551194338
P05024,Sitting_Hours_Per_Day,-0.1372929750133212,-1.3262034977267745
P06400,Sitting_Hours_Per_Day,-0.0540851113688841,-0.5419208961003699
P01681,Sitting_Hours_Per_Day,0.0031202948866663,-0.0027266074822167
P08182,Sitting_Hours_Per_Day,0.0031202948866663,-0.0027266074822167
P09851,Sitting_Hours_Per_Day,0.0499247181866622,0.4384323559326361
P07152,Sitting_Hours_Per_Day,-0.0176816710244428,-0.1987972578888177
P04811,Sitting_Hours_Per_Day,0.0447242267088849,0.389414693330986
P02722,Sitting_Hours_Per_Day,-0.0332831454577748,-0.3458502456937685
P03212,Sitting_Hours_Per_Day,0.0343232437533302,0.2913793681276849
P01005,Sitting_Hours_Per_Day,-0.0176816710244428,-0.1987972578888177
P00026,Working_Hours_Per_Day,-0.018221911338866,0.0789324897647487
P00195,Working_Hours_Per_Day,0.0240652246795995,-0.3542756366726935
P01072,Working_Hours_Per_Day,0.0279095097721873,-0.3936581936215518
P06475,Working_Hours_Per_Day,0.0663523606980652,-0.7874837631101358
P01688,Working_Hours_Per_Day,-0.0105333411536905,0.0001673758670322
P08533,Working_Hours_Per_Day,0.0855737861610042,-0.984396547854428
P08480,Working_Hours_Per_Day,-0.110484753560973,1.0241138565373509
P06379,Working_Hours_Per_Day,-0.0797304728202707,0.7090534009464838
P07044,Working_Hours_Per_Day,0.0355980799573629,-0.4724233075192686
P01557,Working_Hours_Per_Day,-0.0874190430054463,0.7878185148442004
P07797,Working_Hours_Per_Day,0.0202209395870117,-0.3148930797238349
P00779,Working_Hours_Per_Day,-0.0951076131906218,0.8665836287419169
P02590,Working_Hours_Per_Day,0.0125323694018361,-0.236127965826118
P08237,Working_Hours_Per_Day,0.0432866501425385,-0.5511884214169855
P00090,Working_Hours_Per_Day,-0.0681976175425073,0.5909057300999083
P09630,Working_Hours_Per_Day,-0.1335504641164998,1.260409198230501
P04193,Working_Hours_Per_Day,0.2085909091238135,-2.244638370217897
P00532,Working_Hours_Per_Day,0.0048437992166606,-0.1573628519284015
P08669,Working_Hours_Per_Day,0.1163280669017065,-1.299457003445295
P04330,Working_Hours_Per_Day,0.0625080756054774,-0.7481012061612776
P03660,Working_Hours_Per_Day,-0.0066890560611027,-0.039215181081826
P08333,Working_Hours_Per_Day,-0.0066890560611027,-0.039215181081826
P07513,Working_Hours_Per_Day,0.2278123345867524,-2.441551154962189
P06274,Working_Hours_Per_Day,-0.1373947492090876,1.29979175517936
P00970,Working_Hours_Per_Day,-0.0951076131906218,0.8665836287419169
P01412,Working_Hours_Per_Day,-0.0720419026350951,0.6302882870487666
P04239,Working_Hours_Per_Day,0.1393937774572332,-1.5357523451384456
P08781,Working_Hours_Per_Day,0.0432866501425385,-0.5511884214169855
P04205,Working_Hours_Per_Day,-0.0143776262462783,0.0395499328158905
P08698,Working_Hours_Per_Day,0.0240652246795995,-0.3542756366726935
P08042,Working_Hours_Per_Day,-0.0489761920795684,0.3939929453556163
P02992,Working_Hours_Per_Day,0.0855737861610042,-0.984396547854428
P00438,Working_Hours_Per_Day,-0.0912633280980341,0.8272010717930586
P09846,Working_Hours_Per_Day,-0.037443336801805,0.2758452745090408
P09171,Working_Hours_Per_Day,0.0548195054203018,-0.6693360922635607
P02680,Working_Hours_Per_Day,0.0009995141240728,-0.1179802949795428
P09720,Working_Hours_Per_Day,-0.0105333411536905,0.0001673758670322
P06184,Working_Hours_Per_Day,-0.0605090473573318,0.5121406162021918
P05874,Working_Hours_Per_Day,-0.20274759578308,1.9692952233099523
P08675,Working_Hours_Per_Day,0.0125323694018361,-0.236127965826118
P08254,Working_Hours_Per_Day,-0.1527718895794387,1.457321982974793
P01162,Working_Hours_Per_Day,-0.0028447709685149,-0.0785977380306846
P04781,Working_Hours_Per_Day,0.2739437556978059,-2.9141418383484896
P03229,Working_Hours_Per_Day,-0.129706179023912,1.2210266412816426
P06069,Working_Hours_Per_Day,-0.0297547666166294,0.1970801606113242
P04740,Working_Hours_Per_Day,-0.0028447709685149,-0.0785977380306846
P09669,Working_Hours_Per_Day,-0.0912633280980341,0.8272010717930586
P06442,Working_Hours_Per_Day,-0.0758861877276829,0.6696708439976249
P08425,Working_Hours_Per_Day,0.2085909091238135,-2.244638370217897
P08510,Working_Hours_Per_Day,0.0279095097721873,-0.3936581936215518
P05673,Working_Hours_Per_Day,-0.1758376001349655,1.693617324667944
P04014,Working_Hours_Per_Day,-0.0720419026350951,0.6302882870487666
P07115,Working_Hours_Per_Day,-0.0028447709685149,-0.0785977380306846
P04433,Working_Hours_Per_Day,0.0625080756054774,-0.7481012061612776
P08705,Working_Hours_Per_Day,-0.0528204771721562,0.4333755023044746
P09567,Working_Hours_Per_Day,-0.1258618939313242,1.1816440843327845
P06573,Working_Hours_Per_Day,0.0355980799573629,-0.4724233075192686
P04212,Working_Hours_Per_Day,-0.1643047448572021,1.5754696538213684
P04309,Working_Hours_Per_Day,0.0740409308832408,-0.8662488770078527
P06441,Working_Hours_Per_Day,-0.1027961833757975,0.945348742639634
P00548,Working_Hours_Per_Day,-0.0066890560611027,-0.039215181081826
P03427,Working_Hours_Per_Day,0.0432866501425385,-0.5511884214169855
P00281,Working_Hours_Per_Day,0.0240652246795995,-0.3542756366726935
P06449,Working_Hours_Per_Day,-0.2296575914311945,2.244973121951961
P06191,Working_Hours_Per_Day,-0.0489761920795684,0.3939929453556163
P03532,Working_Hours_Per_Day,0.0202209395870117,-0.3148930797238349
P01369,Working_Hours_Per_Day,0.143238062549821,-1.575134902087304
P09966,Working_Hours_Per_Day,-0.0528204771721562,0.4333755023044746
P06639,Working_Hours_Per_Day,-0.1643047448572021,1.5754696538213684
P07226,Working_Hours_Per_Day,0.1163280669017065,-1.299457003445295
P08619,Working_Hours_Per_Day,-0.0297547666166294,0.1970801606113242
P09430,Working_Hours_Per_Day,0.0202209395870117,-0.3148930797238349
P09574,Working_Hours_Per_Day,0.0740409308832408,-0.8662488770078527
P03283,Working_Hours_Per_Day,-0.0066890560611027,-0.039215181081826
P03417,Working_Hours_Per_Day,0.0279095097721873,-0.3936581936215518
P07254,Working_Hours_Per_Day,-0.0681976175425073,0.5909057300999083
P07389,Working_Hours_Per_Day,-0.0028447709685149,-0.0785977380306846
P09596,Working_Hours_Per_Day,-0.0143776262462783,0.0395499328158905
P07978,Working_Hours_Per_Day,-0.1643047448572021,1.5754696538213684
P00643,Working_Hours_Per_Day,-0.183526170320141,1.7723824385656604
P02832,Working_Hours_Per_Day,0.2009023389386379,-2.16587325632018
P01299,Working_Hours_Per_Day,0.070196645790653,-0.8268663200589941
P08126,Working_Hours_Per_Day,0.0817295010684164,-0.9450139909055696
P04534,Working_Hours_Per_Day,0.1317052072720577,-1.4569872312407288
P03376,Working_Hours_Per_Day,0.0163766544944239,-0.2755105227749766
P05469,Working_Hours_Per_Day,-0.1527718895794387,1.457321982974793
P00314,Working_Hours_Per_Day,0.0394423650499507,-0.5118058644681269
P07269,Working_Hours_Per_Day,0.0009995141240728,-0.1179802949795428
P05133,Working_Hours_Per_Day,-0.0797304728202707,0.7090534009464838
P05161,Working_Hours_Per_Day,0.0202209395870117,-0.3148930797238349
P09795,Working_Hours_Per_Day,0.0317537948647751,-0.43304075057041
P01129,Working_Hours_Per_Day,-0.1335504641164998,1.260409198230501
P00199,Working_Hours_Per_Day,0.1278609221794698,-1.4176046742918702
P07839,Working_Hours_Per_Day,0.0240652246795995,-0.3542756366726935
P05297,Working_Hours_Per_Day,-0.1143290386535608,1.0634964134862088
P08544,Working_Hours_Per_Day,-0.0489761920795684,0.3939929453556163
P03097,Working_Hours_Per_Day,-0.037443336801805,0.2758452745090408
P02205,Working_Hours_Per_Day,0.216279479308989,-2.3234034841156133
P05477,Working_Hours_Per_Day,-0.0720419026350951,0.6302882870487666
P09622,Working_Hours_Per_Day,0.0009995141240728,-0.1179802949795428
P04181,Working_Hours_Per_Day,-0.0681976175425073,0.5909057300999083
P09864,Working_Hours_Per_Day,-0.1450833193942632,1.3785568690770764
P05844,Working_Hours_Per_Day,-0.037443336801805,0.2758452745090408
P05696,Working_Hours_Per_Day,0.0009995141240728,-0.1179802949795428
P04280,Working_Hours_Per_Day,0.0778852159758286,-0.905631433956711
P05513,Working_Hours_Per_Day,-0.0451319069869806,0.354610388406758
P02010,Working_Hours_Per_Day,-0.0335990517092172,0.2364627175601825
P04614,Working_Hours_Per_Day,-0.0335990517092172,0.2364627175601825
P09494,Working_Hours_Per_Day,-0.018221911338866,0.0789324897647487
P02641,Working_Hours_Per_Day,0.1278609221794698,-1.4176046742918702
P02954,Working_Hours_Per_Day,-0.0528204771721562,0.4333755023044746
P06101,Working_Hours_Per_Day,0.1009509265313553,-1.1419267756498617
P06377,Working_Hours_Per_Day,0.0202209395870117,-0.3148930797238349
P06618,Working_Hours_Per_Day,-0.0489761920795684,0.3939929453556163
P06858,Working_Hours_Per_Day,-0.3180761485607137,3.150771931775705
P05102,Working_Hours_Per_Day,0.2316566196793402,-2.4809337119110477
P08957,Working_Hours_Per_Day,-0.1066404684683852,0.9847312995884924
P02173,Working_Hours_Per_Day,-0.110484753560973,1.0241138565373509
P04660,Working_Hours_Per_Day,-0.0566647622647439,0.4727580592533328
P05596,Working_Hours_Per_Day,-0.1258618939313242,1.1816440843327845
P06803,Working_Hours_Per_Day,0.0471309352351263,-0.5905709783658438
P09499,Working_Hours_Per_Day,-0.0028447709685149,-0.0785977380306846
P08241,Working_Hours_Per_Day,-0.129706179023912,1.2210266412816426
P08608,Working_Hours_Per_Day,-0.018221911338866,0.0789324897647487
P05033,Working_Hours_Per_Day,-0.1604604597646143,1.5360870968725102
P02145,Working_Hours_Per_Day,0.0048437992166606,-0.1573628519284015
P02464,Working_Hours_Per_Day,-0.0874190430054463,0.7878185148442004
P04788,Working_Hours_Per_Day,-0.0835747579128585,0.7484359578953421
P03396,Working_Hours_Per_Day,0.0355980799573629,-0.4724233075192686
P04687,Working_Hours_Per_Day,-0.0797304728202707,0.7090534009464838
P08661,Working_Hours_Per_Day,-0.0874190430054463,0.7878185148442004
P03906,Working_Hours_Per_Day,0.1509266327349966,-1.6539000159850208
P00087,Working_Hours_Per_Day,-0.0566647622647439,0.4727580592533328
P02158,Working_Hours_Per_Day,0.0394423650499507,-0.5118058644681269
P07132,Working_Hours_Per_Day,-0.0797304728202707,0.7090534009464838
P03648,Working_Hours_Per_Day,0.0202209395870117,-0.3148930797238349
P00386,Working_Hours_Per_Day,0.0894180712535919,-1.023779104803286
P06172,Working_Hours_Per_Day,0.2085909091238135,-2.244638370217897
P09875,Working_Hours_Per_Day,0.0586637905128896,-0.708718649212419
P05815,Working_Hours_Per_Day,-0.018221911338866,0.0789324897647487
P00340,Working_Hours_Per_Day,-0.0643533324499196,0.55152317315105
P03004,Working_Hours_Per_Day,-0.1181733237461487,1.102878970435068
P09181,Working_Hours_Per_Day,-0.1873704554127288,1.8117649955145188
P01394,Working_Hours_Per_Day,0.0740409308832408,-0.8662488770078527
P02444,Working_Hours_Per_Day,-0.0335990517092172,0.2364627175601825
P06338,Working_Hours_Per_Day,-0.0335990517092172,0.2364627175601825
P08045,Working_Hours_Per_Day,0.070196645790653,-0.8268663200589941
P05136,Working_Hours_Per_Day,-0.0605090473573318,0.5121406162021918
P00700,Working_Hours_Per_Day,-0.1373947492090876,1.29979175517936
P08965,Working_Hours_Per_Day,0.0125323694018361,-0.236127965826118
P09277,Working_Hours_Per_Day,0.0548195054203018,-0.6693360922635607
P05202,Working_Hours_Per_Day,-0.1066404684683852,0.9847312995884924
P09172,Working_Hours_Per_Day,0.0432866501425385,-0.5511884214169855
P02765,Working_Hours_Per_Day,0.1317052072720577,-1.4569872312407288
P01636,Working_Hours_Per_Day,-0.0720419026350951,0.6302882870487666
P07964,Working_Hours_Per_Day,0.050975220327714,-0.6299535353147021
P00234,Working_Hours_Per_Day,-0.0028447709685149,-0.0785977380306846
P03142,Working_Hours_Per_Day,0.0894180712535919,-1.023779104803286
P08422,Working_Hours_Per_Day,-0.018221911338866,0.0789324897647487
P00331,Working_Hours_Per_Day,0.0432866501425385,-0.5511884214169855
P02089,Working_Hours_Per_Day,-0.0259104815240417,0.157697603662466
P08837,Working_Hours_Per_Day,0.0163766544944239,-0.2755105227749766
P08908,Working_Hours_Per_Day,-0.0105333411536905,0.0001673758670322
P07382,Working_Hours_Per_Day,0.0317537948647751,-0.43304075057041
P05107,Working_Hours_Per_Day,0.050975220327714,-0.6299535353147021
P07541,Working_Hours_Per_Day,-0.0105333411536905,0.0001673758670322
P07018,Working_Hours_Per_Day,0.0471309352351263,-0.5905709783658438
P07931,Working_Hours_Per_Day,-0.0066890560611027,-0.039215181081826
P01596,Working_Hours_Per_Day,-0.0797304728202707,0.7090534009464838
P03114,Working_Hours_Per_Day,0.1855251985682867,-2.0083430285247466
P06592,Working_Hours_Per_Day,-0.1220176088387364,1.142261527383926
P06059,Working_Hours_Per_Day,-0.037443336801805,0.2758452745090408
P08519,Working_Hours_Per_Day,0.0202209395870117,-0.3148930797238349
P04285,Working_Hours_Per_Day,-0.1412390343016754,1.3391743121282182
P01341,Working_Hours_Per_Day,0.0663523606980652,-0.7874837631101358
P00891,Working_Hours_Per_Day,0.0932623563461797,-1.0631616617521449
P08710,Working_Hours_Per_Day,0.0663523606980652,-0.7874837631101358
P09199,Working_Hours_Per_Day,0.0548195054203018,-0.6693360922635607
P01043,Working_Hours_Per_Day,0.0778852159758286,-0.905631433956711
P03080,Working_Hours_Per_Day,0.0009995141240728,-0.1179802949795428
P02710,Working_Hours_Per_Day,0.0163766544944239,-0.2755105227749766
P05231,Working_Hours_Per_Day,-0.3180761485607137,3.150771931775705
P05009,Working_Hours_Per_Day,-0.0681976175425073,0.5909057300999083
P02827,Working_Hours_Per_Day,0.0163766544944239,-0.2755105227749766
P02657,Working_Hours_Per_Day,-0.1335504641164998,1.260409198230501
P06431,Working_Hours_Per_Day,0.1124837818091187,-1.2600744464964369
P01306,Working_Hours_Per_Day,0.1509266327349966,-1.6539000159850208
P09121,Working_Hours_Per_Day,0.0009995141240728,-0.1179802949795428
P02049,Working_Hours_Per_Day,-0.0566647622647439,0.4727580592533328
P02529,Working_Hours_Per_Day,0.0086880843092484,-0.1967454088772597
P05024,Working_Hours_Per_Day,0.0663523606980652,-0.7874837631101358
P06400,Working_Hours_Per_Day,-0.0297547666166294,0.1970801606113242
P01681,Working_Hours_Per_Day,-0.0912633280980341,0.8272010717930586
P08182,Working_Hours_Per_Day,0.0740409308832408,-0.8662488770078527
P09851,Working_Hours_Per_Day,0.0432866501425385,-0.5511884214169855
P07152,Working_Hours_Per_Day,0.0663523606980652,-0.7874837631101358
P04811,Working_Hours_Per_Day,-0.0451319069869806,0.354610388406758
P02722,Working_Hours_Per_Day,0.0586637905128896,-0.708718649212419
P03212,Working_Hours_Per_Day,0.0355980799573629,-0.4724233075192686
P01005,Working_Hours_Per_Day,0.0432866501425385,-0.5511884214169855
P00026,Workout_Intensity_Moderate,0.0438406713569096,0.0
P00195,Workout_Intensity_Moderate,0.0438406713569096,0.0
P01072,Workout_Intensity_Moderate,-0.0715295164244315,1.0
P06475,Workout_Intensity_Moderate,0.0438406713569096,0.0
P01688,Workout_Intensity_Moderate,0.0438406713569096,0.0
P08533,Workout_Intensity_Moderate,0.0438406713569096,0.0
P08480,Workout_Intensity_Moderate,0.0438406713569096,0.0
P06379,Workout_Intensity_Moderate,-0.0715295164244315,1.0
P07044,Workout_Intensity_Moderate,0.0438406713569096,0.0
P01557,Workout_Intensity_Moderate,0.0438406713569096,0.0
P07797,Workout_Intensity_Moderate,-0.0715295164244315,1.0
P00779,Workout_Intensity_Moderate,0.0438406713569096,0.0
P02590,Workout_Intensity_Moderate,-0.0715295164244315,1.0
P08237,Workout_Intensity_Moderate,-0.0715295164244315,1.0
P00090,Workout_Intensity_Moderate,0.0438406713569096,0.0
P09630,Workout_Intensity_Moderate,0.0438406713569096,0.0
P04193,Workout_Intensity_Moderate,0.0438406713569096,0.0
P00532,Workout_Intensity_Moderate,-0.0715295164244315,1.0
P08669,Workout_Intensity_Moderate,-0.0715295164244315,1.0
P04330,Workout_Intensity_Moderate,0.0438406713569096,0.0
P03660,Workout_Intensity_Moderate,-0.0715295164244315,1.0
P08333,Workout_Intensity_Moderate,-0.0715295164244315,1.0
P07513,Workout_Intensity_Moderate,0.0438406713569096,0.0
P06274,Workout_Intensity_Moderate,0.0438406713569096,0.0
P00970,Workout_Intensity_Moderate,0.0438406713569096,0.0
P01412,Workout_Intensity_Moderate,-0.0715295164244315,1.0
P04239,Workout_Intensity_Moderate,-0.0715295164244315,1.0
P08781,Workout_Intensity_Moderate,0.0438406713569096,0.0
P04205,Workout_Intensity_Moderate,0.0438406713569096,0.0
P08698,Workout_Intensity_Moderate,-0.0715295164244315,1.0
P08042,Workout_Intensity_Moderate,0.0438406713569096,0.0
P02992,Workout_Intensity_Moderate,-0.0715295164244315,1.0
P00438,Workout_Intensity_Moderate,0.0438406713569096,0.0
P09846,Workout_Intensity_Moderate,0.0438406713569096,0.0
P09171,Workout_Intensity_Moderate,0.0438406713569096,0.0
P02680,Workout_Intensity_Moderate,-0.0715295164244315,1.0
P09720,Workout_Intensity_Moderate,0.0438406713569096,0.0
P06184,Workout_Intensity_Moderate,0.0438406713569096,0.0
P05874,Workout_Intensity_Moderate,-0.0715295164244315,1.0
P08675,Workout_Intensity_Moderate,0.0438406713569096,0.0
P08254,Workout_Intensity_Moderate,0.0438406713569096,0.0
P01162,Workout_Intensity_Moderate,0.0438406713569096,0.0
P04781,Workout_Intensity_Moderate,0.0438406713569096,0.0
P03229,Workout_Intensity_Moderate,-0.0715295164244315,1.0
P06069,Workout_Intensity_Moderate,-0.0715295164244315,1.0
P04740,Workout_Intensity_Moderate,0.0438406713569096,0.0
P09669,Workout_Intensity_Moderate,-0.0715295164244315,1.0
P06442,Workout_Intensity_Moderate,0.0438406713569096,0.0
P08425,Workout_Intensity_Moderate,0.0438406713569096,0.0
P08510,Workout_Intensity_Moderate,-0.0715295164244315,1.0
P05673,Workout_Intensity_Moderate,0.0438406713569096,0.0
P04014,Workout_Intensity_Moderate,-0.0715295164244315,1.0
P07115,Workout_Intensity_Moderate,0.0438406713569096,0.0
P04433,Workout_Intensity_Moderate,-0.0715295164244315,1.0
P08705,Workout_Intensity_Moderate,0.0438406713569096,0.0
P09567,Workout_Intensity_Moderate,0.0438406713569096,0.0
P06573,Workout_Intensity_Moderate,0.0438406713569096,0.0
P04212,Workout_Intensity_Moderate,-0.0715295164244315,1.0
P04309,Workout_Intensity_Moderate,0.0438406713569096,0.0
P06441,Workout_Intensity_Moderate,0.0438406713569096,0.0
P00548,Workout_Intensity_Moderate,0.0438406713569096,0.0
P03427,Workout_Intensity_Moderate,-0.0715295164244315,1.0
P00281,Workout_Intensity_Moderate,0.0438406713569096,0.0
P06449,Workout_Intensity_Moderate,-0.0715295164244315,1.0
P06191,Workout_Intensity_Moderate,-0.0715295164244315,1.0
P03532,Workout_Intensity_Moderate,-0.0715295164244315,1.0
P01369,Workout_Intensity_Moderate,0.0438406713569096,0.0
P09966,Workout_Intensity_Moderate,0.0438406713569096,0.0
P06639,Workout_Intensity_Moderate,-0.0715295164244315,1.0
P07226,Workout_Intensity_Moderate,-0.0715295164244315,1.0
P08619,Workout_Intensity_Moderate,-0.0715295164244315,1.0
P09430,Workout_Intensity_Moderate,0.0438406713569096,0.0
P09574,Workout_Intensity_Moderate,0.0438406713569096,0.0
P03283,Workout_Intensity_Moderate,0.0438406713569096,0.0
P03417,Workout_Intensity_Moderate,-0.0715295164244315,1.0
P07254,Workout_Intensity_Moderate,0.0438406713569096,0.0
P07389,Workout_Intensity_Moderate,0.0438406713569096,0.0
P09596,Workout_Intensity_Moderate,-0.0715295164244315,1.0
P07978,Workout_Intensity_Moderate,0.0438406713569096,0.0
P00643,Workout_Intensity_Moderate,0.0438406713569096,0.0
P02832,Workout_Intensity_Moderate,0.0438406713569096,0.0
P01299,Workout_Intensity_Moderate,0.0438406713569096,0.0
P08126,Workout_Intensity_Moderate,-0.0715295164244315,1.0
P04534,Workout_Intensity_Moderate,-0.0715295164244315,1.0
P03376,Workout_Intensity_Moderate,-0.0715295164244315,1.0
P05469,Workout_Intensity_Moderate,-0.0715295164244315,1.0
P00314,Workout_Intensity_Moderate,0.0438406713569096,0.0
P07269,Workout_Intensity_Moderate,-0.0715295164244315,1.0
P05133,Workout_Intensity_Moderate,0.0438406713569096,0.0
P05161,Workout_Intensity_Moderate,-0.0715295164244315,1.0
P09795,Workout_Intensity_Moderate,0.0438406713569096,0.0
P01129,Workout_Intensity_Moderate,-0.0715295164244315,1.0
P00199,Workout_Intensity_Moderate,-0.0715295164244315,1.0
P07839,Workout_Intensity_Moderate,0.0438406713569096,0.0
P05297,Workout_Intensity_Moderate,0.0438406713569096,0.0
P08544,Workout_Intensity_Moderate,0.0438406713569096,0.0
P03097,Workout_Intensity_Moderate,0.0438406713569096,0.0
P02205,Workout_Intensity_Moderate,-0.0715295164244315,1.0
P05477,Workout_Intensity_Moderate,-0.0715295164244315,1.0
P09622,Workout_Intensity_Moderate,0.0438406713569096,0.0
P04181,Workout_Intensity_Moderate,0.0438406713569096,0.0
P09864,Workout_Intensity_Moderate,-0.0715295164244315,1.0
P05844,Workout_Intensity_Moderate,0.0438406713569096,0.0
P05696,Workout_Intensity_Moderate,-0.0715295164244315,1.0
P04280,Workout_Intensity_Moderate,0.0438406713569096,0.0
P05513,Workout_Intensity_Moderate,-0.0715295164244315,1.0
P02010,Workout_Intensity_Moderate,-0.0715295164244315,1.0
P04614,Workout_Intensity_Moderate,-0.0715295164244315,1.0
P09494,Workout_Intensity_Moderate,0.0438406713569096,0.0
P02641,Workout_Intensity_Moderate,0.0438406713569096,0.0
P02954,Workout_Intensity_Moderate,-0.0715295164244315,1.0
P06101,Workout_Intensity_Moderate,-0.0715295164244315,1.0
P06377,Workout_Intensity_Moderate,-0.0715295164244315,1.0
P06618,Workout_Intensity_Moderate,0.0438406713569096,0.0
P06858,Workout_Intensity_Moderate,0.0438406713569096,0.0
P05102,Workout_Intensity_Moderate,-0.0715295164244315,1.0
P08957,Workout_Intensity_Moderate,0.0438406713569096,0.0
P02173,Workout_Intensity_Moderate,-0.0715295164244315,1.0
P04660,Workout_Intensity_Moderate,0.0438406713569096,0.0
P05596,Workout_Intensity_Moderate,0.0438406713569096,0.0
P06803,Workout_Intensity_Moderate,-0.0715295164244315,1.0
P09499,Workout_Intensity_Moderate,-0.0715295164244315,1.0
P08241,Workout_Intensity_Moderate,-0.0715295164244315,1.0
P08608,Workout_Intensity_Moderate,-0.0715295164244315,1.0
P05033,Workout_Intensity_Moderate,0.0438406713569096,0.0
P02145,Workout_Intensity_Moderate,0.0438406713569096,0.0
P02464,Workout_Intensity_Moderate,0.0438406713569096,0.0
P04788,Workout_Intensity_Moderate,0.0438406713569096,0.0
P03396,Workout_Intensity_Moderate,0.0438406713569096,0.0
P04687,Workout_Intensity_Moderate,0.0438406713569096,0.0
P08661,Workout_Intensity_Moderate,0.0438406713569096,0.0
P03906,Workout_Intensity_Moderate,-0.0715295164244315,1.0
P00087,Workout_Intensity_Moderate,-0.0715295164244315,1.0
P02158,Workout_Intensity_Moderate,0.0438406713569096,0.0
P07132,Workout_Intensity_Moderate,0.0438406713569096,0.0
P03648,Workout_Intensity_Moderate,0.0438406713569096,0.0
P00386,Workout_Intensity_Moderate,0.0438406713569096,0.0
P06172,Workout_Intensity_Moderate,0.0438406713569096,0.0
P09875,Workout_Intensity_Moderate,0.0438406713569096,0.0
P05815,Workout_Intensity_Moderate,0.0438406713569096,0.0
P00340,Workout_Intensity_Moderate,-0.0715295164244315,1.0
P03004,Workout_Intensity_Moderate,-0.0715295164244315,1.0
P09181,Workout_Intensity_Moderate,0.0438406713569096,0.0
P01394,Workout_Intensity_Moderate,0.0438406713569096,0.0
P02444,Workout_Intensity_Moderate,0.0438406713569096,0.0
P06338,Workout_Intensity_Moderate,0.0438406713569096,0.0
P08045,Workout_Intensity_Moderate,-0.0715295164244315,1.0
P05136,Workout_Intensity_Moderate,-0.0715295164244315,1.0
P00700,Workout_Intensity_Moderate,-0.0715295164244315,1.0
P08965,Workout_Intensity_Moderate,-0.0715295164244315,1.0
P09277,Workout_Intensity_Moderate,0.0438406713569096,0.0
P05202,Workout_Intensity_Moderate,-0.0715295164244315,1.0
P09172,Workout_Intensity_Moderate,0.0438406713569096,0.0
P02765,Workout_Intensity_Moderate,0.0438406713569096,0.0
P01636,Workout_Intensity_Moderate,-0.0715295164244315,1.0
P07964,Workout_Intensity_Moderate,-0.0715295164244315,1.0
P00234,Workout_Intensity_Moderate,0.0438406713569096,0.0
P03142,Workout_Intensity_Moderate,0.0438406713569096,0.0
P08422,Workout_Intensity_Moderate,0.0438406713569096,0.0
P00331,Workout_Intensity_Moderate,0.0438406713569096,0.0
P02089,Workout_Intensity_Moderate,0.0438406713569096,0.0
P08837,Workout_Intensity_Moderate,0.0438406713569096,0.0
P08908,Workout_Intensity_Moderate,-0.0715295164244315,1.0
P07382,Workout_Intensity_Moderate,0.0438406713569096,0.0
P05107,Workout_Intensity_Moderate,-0.0715295164244315,1.0
P07541,Workout_Intensity_Moderate,0.0438406713569096,0.0
P07018,Workout_Intensity_Moderate,0.0438406713569096,0.0
P07931,Workout_Intensity_Moderate,0.0438406713569096,0.0
P01596,Workout_Intensity_Moderate,-0.0715295164244315,1.0
P03114,Workout_Intensity_Moderate,0.0438406713569096,0.0
P06592,Workout_Intensity_Moderate,0.0438406713569096,0.0
P06059,Workout_Intensity_Moderate,-0.0715295164244315,1.0
P08519,Workout_Intensity_Moderate,0.0438406713569096,0.0
P04285,Workout_Intensity_Moderate,-0.0715295164244315,1.0
P01341,Workout_Intensity_Moderate,0.0438406713569096,0.0
P00891,Workout_Intensity_Moderate,-0.0715295164244315,1.0
P08710,Workout_Intensity_Moderate,0.0438406713569096,0.0
P09199,Workout_Intensity_Moderate,-0.0715295164244315,1.0
P01043,Workout_Intensity_Moderate,0.0438406713569096,0.0
P03080,Workout_Intensity_Moderate,-0.0715295164244315,1.0
P02710,Workout_Intensity_Moderate,0.0438406713569096,0.0
P05231,Workout_Intensity_Moderate,-0.0715295164244315,1.0
P05009,Workout_Intensity_Moderate,-0.0715295164244315,1.0
P02827,Workout_Intensity_Moderate,-0.0715295164244315,1.0
P02657,Workout_Intensity_Moderate,-0.0715295164244315,1.0
P06431,Workout_Intensity_Moderate,-0.0715295164244315,1.0
P01306,Workout_Intensity_Moderate,0.0438406713569096,0.0
P09121,Workout_Intensity_Moderate,-0.0715295164244315,1.0
P02049,Workout_Intensity_Moderate,0.0438406713569096,0.0
P02529,Workout_Intensity_Moderate,-0.0715295164244315,1.0
P05024,Workout_Intensity_Moderate,-0.0715295164244315,1.0
P06400,Workout_Intensity_Moderate,0.0438406713569096,0.0
P01681,Workout_Intensity_Moderate,0.0438406713569096,0.0
P08182,Workout_Intensity_Moderate,-0.0715295164244315,1.0
P09851,Workout_Intensity_Moderate,0.0438406713569096,0.0
P07152,Workout_Intensity_Moderate,0.0438406713569096,0.0
P04811,Workout_Intensity_Moderate,0.0438406713569096,0.0
P02722,Workout_Intensity_Moderate,0.0438406713569096,0.0
P03212,Workout_Intensity_Moderate,0.0438406713569096,0.0
P01005,Workout_Intensity_Moderate,-0.0715295164244315,1.0
P00026,Exercise_Duration_Minutes,-0.0413503753504541,0.6294076221039836
P00195,Exercise_Duration_Minutes,0.0461636465552689,-0.7540415718052725
P01072,Exercise_Duration_Minutes,-0.0132208683093288,0.1847275240617227
P06475,Exercise_Duration_Minutes,-0.0569778792621903,0.8764521210163508
P01688,Exercise_Duration_Minutes,0.0680421520316996,-1.0999038702825867
P08533,Exercise_Duration_Minutes,0.1399286700256864,-2.236308565279476
P08480,Exercise_Duration_Minutes,0.0117831379494491,-0.2105436741980647
P06379,Exercise_Duration_Minutes,-0.0350993737857596,0.5305898225390367
P07044,Exercise_Duration_Minutes,0.0961716590728249,-1.5445839683248477
P01557,Exercise_Duration_Minutes,0.1336776684609919,-2.137490765714529
P07797,Exercise_Duration_Minutes,0.1180501645492557,-1.890446266802161
P00779,Exercise_Duration_Minutes,0.0274106418611853,-0.457588173110432
P02590,Exercise_Duration_Minutes,-0.0882328870856629,1.3705411188410852
P08237,Exercise_Duration_Minutes,0.0086576371671018,-0.1611347744155913
P00090,Exercise_Duration_Minutes,-0.0601033800445376,0.9258610207988244
P09630,Exercise_Duration_Minutes,0.0117831379494491,-0.2105436741980647
P04193,Exercise_Duration_Minutes,0.0586656496846579,-0.9516771709351663
P00532,Exercise_Duration_Minutes,-0.0976093894327046,1.5187678181885056
P08669,Exercise_Duration_Minutes,-0.0163463690916761,0.2341364238441961
P04330,Exercise_Duration_Minutes,-0.0444758761328013,0.6788165218864571
P03660,Exercise_Duration_Minutes,-0.0382248745681068,0.5799987223215102
P08333,Exercise_Duration_Minutes,0.0055321363847546,-0.1117258746331179
P07513,Exercise_Duration_Minutes,-0.2038764160325112,3.1986704107926025
P06274,Exercise_Duration_Minutes,-0.1351153988208717,2.111674615578187
P00970,Exercise_Duration_Minutes,0.0024066356024073,-0.0623169748506444
P01412,Exercise_Duration_Minutes,-0.0601033800445376,0.9258610207988244
P04239,Exercise_Duration_Minutes,-0.0038443659622871,0.0365008247143024
P08781,Exercise_Duration_Minutes,-0.0132208683093288,0.1847275240617227
P04205,Exercise_Duration_Minutes,-0.0007188651799398,-0.012908075068171
P08698,Exercise_Duration_Minutes,-0.0538523784798431,0.8270432212338774
P08042,Exercise_Duration_Minutes,-0.1194878949091354,1.86463011666582
P02992,Exercise_Duration_Minutes,-0.0819818855209684,1.2717233192761384
P00438,Exercise_Duration_Minutes,0.0055321363847546,-0.1117258746331179
P09846,Exercise_Duration_Minutes,0.0680421520316996,-1.0999038702825867
P09171,Exercise_Duration_Minutes,0.1180501645492557,-1.890446266802161
P02680,Exercise_Duration_Minutes,-0.0350993737857596,0.5305898225390367
P09720,Exercise_Duration_Minutes,0.0055321363847546,-0.1117258746331179
P06184,Exercise_Duration_Minutes,0.0055321363847546,-0.1117258746331179
P05874,Exercise_Duration_Minutes,0.0492891473376161,-0.8034504715877461
P08675,Exercise_Duration_Minutes,-0.0913583878680101,1.4199500186235587
P08254,Exercise_Duration_Minutes,-0.0225973706563706,0.332954223409143
P01162,Exercise_Duration_Minutes,-0.0100953675269816,0.1353186242792493
P04781,Exercise_Duration_Minutes,0.0461636465552689,-0.7540415718052725
P03229,Exercise_Duration_Minutes,-0.0132208683093288,0.1847275240617227
P06069,Exercise_Duration_Minutes,0.1336776684609919,-2.137490765714529
P04740,Exercise_Duration_Minutes,-0.0538523784798431,0.8270432212338774
P09669,Exercise_Duration_Minutes,-0.0350993737857596,0.5305898225390367
P06442,Exercise_Duration_Minutes,0.0242851410788381,-0.4081792733279585
P08425,Exercise_Duration_Minutes,-0.0132208683093288,0.1847275240617227
P08510,Exercise_Duration_Minutes,0.0211596402964908,-0.3587703735454851
P05673,Exercise_Duration_Minutes,-0.0288483722210651,0.4317720229740899
P04014,Exercise_Duration_Minutes,0.0399126449905744,-0.6552237722403257
P07115,Exercise_Duration_Minutes,-0.1663704066443442,2.605763613402921
P04433,Exercise_Duration_Minutes,-0.0601033800445376,0.9258610207988244
P08705,Exercise_Duration_Minutes,0.0117831379494491,-0.2105436741980647
P09567,Exercise_Duration_Minutes,0.0461636465552689,-0.7540415718052725
P06573,Exercise_Duration_Minutes,0.0461636465552689,-0.7540415718052725
P04212,Exercise_Duration_Minutes,-0.1507429027326079,2.358719114490554
P04309,Exercise_Duration_Minutes,0.0242851410788381,-0.4081792733279585
P06441,Exercise_Duration_Minutes,-0.0163463690916761,0.2341364238441961
P00548,Exercise_Duration_Minutes,-0.0100953675269816,0.1353186242792493
P03427,Exercise_Duration_Minutes,-0.0538523784798431,0.8270432212338774
P00281,Exercise_Duration_Minutes,-0.0444758761328013,0.6788165218864571
P06449,Exercise_Duration_Minutes,0.0492891473376161,-0.8034504715877461
P06191,Exercise_Duration_Minutes,-0.0569778792621903,0.8764521210163508
P03532,Exercise_Duration_Minutes,-0.0100953675269816,0.1353186242792493
P01369,Exercise_Duration_Minutes,-0.0163463690916761,0.2341364238441961
P09966,Exercise_Duration_Minutes,-0.0382248745681068,0.5799987223215102
P06639,Exercise_Duration_Minutes,0.0399126449905744,-0.6552237722403257
P07226,Exercise_Duration_Minutes,0.0211596402964908,-0.3587703735454851
P08619,Exercise_Duration_Minutes,-0.0476013769151486,0.7282254216689306
P09430,Exercise_Duration_Minutes,-0.0476013769151486,0.7282254216689306
P09574,Exercise_Duration_Minutes,0.0805441551610886,-1.2975394694124804
P03283,Exercise_Duration_Minutes,-0.0069698667446343,0.0859097244967758
P03417,Exercise_Duration_Minutes,-0.0757308839562739,1.1729055197111915
P07254,Exercise_Duration_Minutes,-0.0069698667446343,0.0859097244967758
P07389,Exercise_Duration_Minutes,-0.0319738730034123,0.4811809227565633
P09596,Exercise_Duration_Minutes,-0.0163463690916761,0.2341364238441961
P07978,Exercise_Duration_Minutes,-0.0757308839562739,1.1729055197111915
P00643,Exercise_Duration_Minutes,0.0242851410788381,-0.4081792733279585
P02832,Exercise_Duration_Minutes,0.0930461582904776,-1.495175068542374
P01299,Exercise_Duration_Minutes,-0.0132208683093288,0.1847275240617227
P08126,Exercise_Duration_Minutes,0.0211596402964908,-0.3587703735454851
P04534,Exercise_Duration_Minutes,0.0524146481199634,-0.8528593713702195
P03376,Exercise_Duration_Minutes,-0.0100953675269816,0.1353186242792493
P05469,Exercise_Duration_Minutes,-0.0132208683093288,0.1847275240617227
P00314,Exercise_Duration_Minutes,0.0649166512493524,-1.0504949705001132
P07269,Exercise_Duration_Minutes,-0.0819818855209684,1.2717233192761384
P05133,Exercise_Duration_Minutes,-0.2007509152501639,3.149261511010129
P05161,Exercise_Duration_Minutes,0.0617911504670051,-1.0010860707176397
P09795,Exercise_Duration_Minutes,0.0836696559434359,-1.3469483691949538
P01129,Exercise_Duration_Minutes,-0.0319738730034123,0.4811809227565633
P00199,Exercise_Duration_Minutes,0.0305361426435326,-0.5069970728929054
P07839,Exercise_Duration_Minutes,-0.1351153988208717,2.111674615578187
P05297,Exercise_Duration_Minutes,0.0555401489023106,-0.9022682711526928
P08544,Exercise_Duration_Minutes,-0.0288483722210651,0.4317720229740899
P03097,Exercise_Duration_Minutes,-0.0007188651799398,-0.012908075068171
P02205,Exercise_Duration_Minutes,0.0180341395141436,-0.3093614737630116
P05477,Exercise_Duration_Minutes,-0.0507268776974958,0.777634321451404
P09622,Exercise_Duration_Minutes,-0.0569778792621903,0.8764521210163508
P04181,Exercise_Duration_Minutes,0.0149086387317963,-0.2599525739805382
P09864,Exercise_Duration_Minutes,0.0336616434258799,-0.5564059726753788
P05844,Exercise_Duration_Minutes,0.0242851410788381,-0.4081792733279585
P05696,Exercise_Duration_Minutes,-0.0413503753504541,0.6294076221039836
P04280,Exercise_Duration_Minutes,0.0336616434258799,-0.5564059726753788
P05513,Exercise_Duration_Minutes,-0.0007188651799398,-0.012908075068171
P02010,Exercise_Duration_Minutes,-0.0288483722210651,0.4317720229740899
P04614,Exercise_Duration_Minutes,-0.0257228714387178,0.3823631231916164
P09494,Exercise_Duration_Minutes,0.0649166512493524,-1.0504949705001132
P02641,Exercise_Duration_Minutes,-0.0288483722210651,0.4317720229740899
P02954,Exercise_Duration_Minutes,0.0024066356024073,-0.0623169748506444
P06101,Exercise_Duration_Minutes,-0.0288483722210651,0.4317720229740899
P06377,Exercise_Duration_Minutes,-0.0663543816092321,1.0246788203637711
P06618,Exercise_Duration_Minutes,-0.0444758761328013,0.6788165218864571
P06858,Exercise_Duration_Minutes,0.0524146481199634,-0.8528593713702195
P05102,Exercise_Duration_Minutes,-0.0007188651799398,-0.012908075068171
P08957,Exercise_Duration_Minutes,-0.0069698667446343,0.0859097244967758
P02173,Exercise_Duration_Minutes,-0.0413503753504541,0.6294076221039836
P04660,Exercise_Duration_Minutes,0.0774186543787414,-1.248130569630007
P05596,Exercise_Duration_Minutes,0.0305361426435326,-0.5069970728929054
P06803,Exercise_Duration_Minutes,0.0180341395141436,-0.3093614737630116
P09499,Exercise_Duration_Minutes,-0.0288483722210651,0.4317720229740899
P08241,Exercise_Duration_Minutes,-0.0663543816092321,1.0246788203637711
P08608,Exercise_Duration_Minutes,-0.0788563847386211,1.2223144194936648
P05033,Exercise_Duration_Minutes,-0.1007348902150519,1.568176717970979
P02145,Exercise_Duration_Minutes,0.0149086387317963,-0.2599525739805382
P02464,Exercise_Duration_Minutes,0.0242851410788381,-0.4081792733279585
P04788,Exercise_Duration_Minutes,-0.0194718698740233,0.2835453236266695
P03396,Exercise_Duration_Minutes,-0.0319738730034123,0.4811809227565633
P04687,Exercise_Duration_Minutes,-0.0757308839562739,1.1729055197111915
P08661,Exercise_Duration_Minutes,-0.0538523784798431,0.8270432212338774
P03906,Exercise_Duration_Minutes,-0.0757308839562739,1.1729055197111915
P00087,Exercise_Duration_Minutes,0.0086576371671018,-0.1611347744155913
P02158,Exercise_Duration_Minutes,-0.0225973706563706,0.332954223409143
P07132,Exercise_Duration_Minutes,-0.0007188651799398,-0.012908075068171
P03648,Exercise_Duration_Minutes,-0.0163463690916761,0.2341364238441961
P00386,Exercise_Duration_Minutes,0.0649166512493524,-1.0504949705001132
P06172,Exercise_Duration_Minutes,-0.0507268776974958,0.777634321451404
P09875,Exercise_Duration_Minutes,0.1180501645492557,-1.890446266802161
P05815,Exercise_Duration_Minutes,-0.0944838886503574,1.469358918406032
P00340,Exercise_Duration_Minutes,-0.0788563847386211,1.2223144194936648
P03004,Exercise_Duration_Minutes,-0.0100953675269816,0.1353186242792493
P09181,Exercise_Duration_Minutes,0.0055321363847546,-0.1117258746331179
P01394,Exercise_Duration_Minutes,-0.0382248745681068,0.5799987223215102
P02444,Exercise_Duration_Minutes,0.0555401489023106,-0.9022682711526928
P06338,Exercise_Duration_Minutes,-0.0257228714387178,0.3823631231916164
P08045,Exercise_Duration_Minutes,-0.0382248745681068,0.5799987223215102
P05136,Exercise_Duration_Minutes,-0.1351153988208717,2.111674615578187
P00700,Exercise_Duration_Minutes,-0.0444758761328013,0.6788165218864571
P08965,Exercise_Duration_Minutes,0.0617911504670051,-1.0010860707176397
P09277,Exercise_Duration_Minutes,0.0117831379494491,-0.2105436741980647
P05202,Exercise_Duration_Minutes,-0.0757308839562739,1.1729055197111915
P09172,Exercise_Duration_Minutes,-0.0507268776974958,0.777634321451404
P02765,Exercise_Duration_Minutes,0.0274106418611853,-0.457588173110432
P01636,Exercise_Duration_Minutes,-0.0819818855209684,1.2717233192761384
P07964,Exercise_Duration_Minutes,-0.0225973706563706,0.332954223409143
P00234,Exercise_Duration_Minutes,0.0680421520316996,-1.0999038702825867
P03142,Exercise_Duration_Minutes,0.0461636465552689,-0.7540415718052725
P08422,Exercise_Duration_Minutes,0.0399126449905744,-0.6552237722403257
P00331,Exercise_Duration_Minutes,-0.0976093894327046,1.5187678181885056
P02089,Exercise_Duration_Minutes,0.0242851410788381,-0.4081792733279585
P08837,Exercise_Duration_Minutes,-0.0319738730034123,0.4811809227565633
P08908,Exercise_Duration_Minutes,0.0586656496846579,-0.9516771709351663
P07382,Exercise_Duration_Minutes,0.1399286700256864,-2.236308565279476
P05107,Exercise_Duration_Minutes,0.1399286700256864,-2.236308565279476
P07541,Exercise_Duration_Minutes,0.1399286700256864,-2.236308565279476
P07018,Exercise_Duration_Minutes,0.0149086387317963,-0.2599525739805382
P07931,Exercise_Duration_Minutes,0.0399126449905744,-0.6552237722403257
P01596,Exercise_Duration_Minutes,-0.0944838886503574,1.469358918406032
P03114,Exercise_Duration_Minutes,-0.0757308839562739,1.1729055197111915
P06592,Exercise_Duration_Minutes,0.0336616434258799,-0.5564059726753788
P06059,Exercise_Duration_Minutes,-0.0225973706563706,0.332954223409143
P08519,Exercise_Duration_Minutes,-0.0288483722210651,0.4317720229740899
P04285,Exercise_Duration_Minutes,0.0024066356024073,-0.0623169748506444
P01341,Exercise_Duration_Minutes,-0.0350993737857596,0.5305898225390367
P00891,Exercise_Duration_Minutes,-0.1288643972561771,2.01285681601324
P08710,Exercise_Duration_Minutes,0.0180341395141436,-0.3093614737630116
P09199,Exercise_Duration_Minutes,0.0399126449905744,-0.6552237722403257
P01043,Exercise_Duration_Minutes,-0.1007348902150519,1.568176717970979
P03080,Exercise_Duration_Minutes,0.0211596402964908,-0.3587703735454851
P02710,Exercise_Duration_Minutes,-0.1069858917797464,1.6669945175359258
P05231,Exercise_Duration_Minutes,0.0680421520316996,-1.0999038702825867
P05009,Exercise_Duration_Minutes,-0.0476013769151486,0.7282254216689306
P02827,Exercise_Duration_Minutes,0.0242851410788381,-0.4081792733279585
P02657,Exercise_Duration_Minutes,-0.0976093894327046,1.5187678181885056
P06431,Exercise_Duration_Minutes,-0.0100953675269816,0.1353186242792493
P01306,Exercise_Duration_Minutes,-0.0694798823915794,1.0740877201462449
P09121,Exercise_Duration_Minutes,-0.1038603909973991,1.6175856177534524
P02049,Exercise_Duration_Minutes,0.0274106418611853,-0.457588173110432
P02529,Exercise_Duration_Minutes,-0.0413503753504541,0.6294076221039836
P05024,Exercise_Duration_Minutes,-0.0413503753504541,0.6294076221039836
P06400,Exercise_Duration_Minutes,0.0055321363847546,-0.1117258746331179
P01681,Exercise_Duration_Minutes,-0.0069698667446343,0.0859097244967758
P08182,Exercise_Duration_Minutes,0.0399126449905744,-0.6552237722403257
P09851,Exercise_Duration_Minutes,0.0211596402964908,-0.3587703735454851
P07152,Exercise_Duration_Minutes,0.0242851410788381,-0.4081792733279585
P04811,Exercise_Duration_Minutes,0.0555401489023106,-0.9022682711526928
P02722,Exercise_Duration_Minutes,-0.0038443659622871,0.0365008247143024
P03212,Exercise_Duration_Minutes,0.0492891473376161,-0.8034504715877461
P01005,Exercise_Duration_Minutes,-0.0350993737857596,0.5305898225390367
P00026,Anxiety_Score,-0.0721656290607512,1.3172325892057477
P00195,Anxiety_Score,0.0080608511020743,-0.0881545834871283
P01072,Anxiety_Score,-0.022501617531383,0.4472310061101577
P06475,Anxiety_Score,0.0195217768396209,-0.2889241795861105
P01688,Anxiety_Score,0.0539045540522604,-0.8912329678830577
P08533,Anxiety_Score,0.0348030111563496,-0.5566169743847539
P08480,Anxiety_Score,0.0042405425228922,-0.0212313847874678
P06379,Anxiety_Score,0.0080608511020743,-0.0881545834871283
P07044,Anxiety_Score,0.1035685655816287,-1.7612345509786476
P01557,Anxiety_Score,-0.1180093320109374,2.1203109736016774
P07797,Anxiety_Score,0.0882873312649,-1.4935417561800046
P00779,Anxiety_Score,0.0271623939979852,-0.4227705769854322
P02590,Anxiety_Score,0.0348030111563496,-0.5566169743847539
P08237,Anxiety_Score,0.0157014682604387,-0.22200098088645
P00090,Anxiety_Score,0.0806467141065357,-1.359695358780683
P09630,Anxiety_Score,0.0921076398440822,-1.5604649548796654
P04193,Anxiety_Score,0.0539045540522604,-0.8912329678830577
P00532,Anxiety_Score,-0.0416031604272938,0.7818469996084616
P08669,Anxiety_Score,-0.0148610003730186,0.313384608710836
P04330,Anxiety_Score,0.0577248626314426,-0.9581561665827184
P03660,Anxiety_Score,-0.0339625432689295,0.6480006022091399
P08333,Anxiety_Score,0.0424436283147139,-0.6904633717840756
P07513,Anxiety_Score,-0.0301422346897473,0.5810774035094793
P06274,Anxiety_Score,0.0042405425228922,-0.0212313847874678
P00970,Anxiety_Score,0.0042405425228922,-0.0212313847874678
P01412,Anxiety_Score,0.1417716513734505,-2.4304665379752555
P04239,Anxiety_Score,0.0462639368938961,-0.757386570483736
P08781,Anxiety_Score,0.065365479789807,-1.09200256398204
P04205,Anxiety_Score,0.0080608511020743,-0.0881545834871283
P08698,Anxiety_Score,0.0806467141065357,-1.359695358780683
P08042,Anxiety_Score,-0.045423469006476,0.8487701983081227
P02992,Anxiety_Score,-0.022501617531383,0.4472310061101577
P00438,Anxiety_Score,0.0157014682604387,-0.22200098088645
P09846,Anxiety_Score,0.0424436283147139,-0.6904633717840756
P09171,Anxiety_Score,0.0309827025771674,-0.4896937756850927
P02680,Anxiety_Score,0.0309827025771674,-0.4896937756850927
P09720,Anxiety_Score,0.1073888741608109,-1.8281577496783088
P06184,Anxiety_Score,0.0424436283147139,-0.6904633717840756
P05874,Anxiety_Score,-0.0568843947440225,1.0495397944071048
P08675,Anxiety_Score,0.0348030111563496,-0.5566169743847539
P08254,Anxiety_Score,0.0271623939979852,-0.4227705769854322
P01162,Anxiety_Score,0.0615451712106248,-1.025079365282379
P04781,Anxiety_Score,-0.0721656290607512,1.3172325892057477
P03229,Anxiety_Score,0.065365479789807,-1.09200256398204
P06069,Anxiety_Score,0.0500842454730783,-0.8243097691833969
P04740,Anxiety_Score,0.0118811596812565,-0.1550777821867889
P09669,Anxiety_Score,-0.0339625432689295,0.6480006022091399
P06442,Anxiety_Score,0.00042023394371,0.0456918139121933
P08425,Anxiety_Score,0.00042023394371,0.0456918139121933
P08510,Anxiety_Score,0.0042405425228922,-0.0212313847874678
P05673,Anxiety_Score,-0.0721656290607512,1.3172325892057477
P04014,Anxiety_Score,-0.0989077891150265,1.785694980103373
P07115,Anxiety_Score,-0.0798062462191156,1.4510789866050693
P04433,Anxiety_Score,0.0233420854188031,-0.3558473782857717
P08705,Anxiety_Score,0.0844670226857178,-1.4266185574803438
P09567,Anxiety_Score,-0.045423469006476,0.8487701983081227
P06573,Anxiety_Score,-0.0034000746354721,0.1126150126118538
P04212,Anxiety_Score,0.0042405425228922,-0.0212313847874678
P04309,Anxiety_Score,0.0424436283147139,-0.6904633717840756
P06441,Anxiety_Score,-0.0148610003730186,0.313384608710836
P00548,Anxiety_Score,-0.0034000746354721,0.1126150126118538
P03427,Anxiety_Score,0.0691857883689891,-1.1589257626817009
P00281,Anxiety_Score,-0.0492437775856582,0.9156933970077832
P06449,Anxiety_Score,0.0730060969481713,-1.2258489613813617
P06191,Anxiety_Score,0.0424436283147139,-0.6904633717840756
P03532,Anxiety_Score,0.0424436283147139,-0.6904633717840756
P01369,Anxiety_Score,0.0500842454730783,-0.8243097691833969
P09966,Anxiety_Score,-0.110368714852573,1.9864645762023556
P06639,Anxiety_Score,-0.0377828518481117,0.714923800908801
P07226,Anxiety_Score,-0.0339625432689295,0.6480006022091399
P08619,Anxiety_Score,0.0424436283147139,-0.6904633717840756
P09430,Anxiety_Score,0.0386233197355317,-0.6235401730844145
P09574,Anxiety_Score,0.0042405425228922,-0.0212313847874678
P03283,Anxiety_Score,0.0424436283147139,-0.6904633717840756
P03417,Anxiety_Score,0.0500842454730783,-0.8243097691833969
P07254,Anxiety_Score,-0.0301422346897473,0.5810774035094793
P07389,Anxiety_Score,-0.0568843947440225,1.0495397944071048
P09596,Anxiety_Score,0.0271623939979852,-0.4227705769854322
P07978,Anxiety_Score,-0.0683453204815691,1.2503093905060871
P00643,Anxiety_Score,0.1188497998983574,-2.0289273457772907
P02832,Anxiety_Score,0.0424436283147139,-0.6904633717840756
P01299,Anxiety_Score,-0.0645250119023869,1.1833861918064266
P08126,Anxiety_Score,0.0730060969481713,-1.2258489613813617
P04534,Anxiety_Score,0.0539045540522604,-0.8912329678830577
P03376,Anxiety_Score,-0.0798062462191156,1.4510789866050693
P05469,Anxiety_Score,-0.0186813089522008,0.3803078074104971
P00314,Anxiety_Score,0.0348030111563496,-0.5566169743847539
P07269,Anxiety_Score,0.0462639368938961,-0.757386570483736
P05133,Anxiety_Score,-0.0492437775856582,0.9156933970077832
P05161,Anxiety_Score,-0.0683453204815691,1.2503093905060871
P09795,Anxiety_Score,0.065365479789807,-1.09200256398204
P01129,Anxiety_Score,-0.0110406917938364,0.2464614100111755
P00199,Anxiety_Score,-0.0568843947440225,1.0495397944071048
P07839,Anxiety_Score,-0.0072203832146543,0.1795382113115149
P05297,Anxiety_Score,0.0615451712106248,-1.025079365282379
P08544,Anxiety_Score,0.0348030111563496,-0.5566169743847539
P03097,Anxiety_Score,-0.0339625432689295,0.6480006022091399
P02205,Anxiety_Score,-0.0186813089522008,0.3803078074104971
P05477,Anxiety_Score,-0.0912671719566621,1.6518485827040514
P09622,Anxiety_Score,0.130310725635904,-2.229696941876273
P04181,Anxiety_Score,-0.0645250119023869,1.1833861918064266
P09864,Anxiety_Score,0.1150294913191753,-1.96200414707763
P05844,Anxiety_Score,-0.110368714852573,1.9864645762023556
P05696,Anxiety_Score,0.0539045540522604,-0.8912329678830577
P04280,Anxiety_Score,0.0118811596812565,-0.1550777821867889
P05513,Anxiety_Score,0.0997482570024465,-1.6943113522789868
P02010,Anxiety_Score,-0.0492437775856582,0.9156933970077832
P04614,Anxiety_Score,0.0195217768396209,-0.2889241795861105
P09494,Anxiety_Score,0.0386233197355317,-0.6235401730844145
P02641,Anxiety_Score,0.1264904170567218,-2.1627737431766123
P02954,Anxiety_Score,-0.0492437775856582,0.9156933970077832
P06101,Anxiety_Score,-0.0530640861648403,0.9826165957074438
P06377,Anxiety_Score,0.0959279484232644,-1.627388153579326
P06618,Anxiety_Score,0.0309827025771674,-0.4896937756850927
P06858,Anxiety_Score,-0.0339625432689295,0.6480006022091399
P05102,Anxiety_Score,-0.0110406917938364,0.2464614100111755
P08957,Anxiety_Score,-0.0836265547982978,1.5180021853047303
P02173,Anxiety_Score,0.0309827025771674,-0.4896937756850927
P04660,Anxiety_Score,-0.1065484062733908,1.9195413775026948
P05596,Anxiety_Score,-0.0416031604272938,0.7818469996084616
P06803,Anxiety_Score,0.0730060969481713,-1.2258489613813617
P09499,Anxiety_Score,0.0768264055273535,-1.292772160081022
P08241,Anxiety_Score,0.0157014682604387,-0.22200098088645
P08608,Anxiety_Score,-0.0492437775856582,0.9156933970077832
P05033,Anxiety_Score,0.0844670226857178,-1.4266185574803438
P02145,Anxiety_Score,0.0157014682604387,-0.22200098088645
P02464,Anxiety_Score,-0.0721656290607512,1.3172325892057477
P04788,Anxiety_Score,0.0157014682604387,-0.22200098088645
P03396,Anxiety_Score,-0.0339625432689295,0.6480006022091399
P04687,Anxiety_Score,0.0577248626314426,-0.9581561665827184
P08661,Anxiety_Score,-0.0186813089522008,0.3803078074104971
P03906,Anxiety_Score,0.1035685655816287,-1.7612345509786476
P00087,Anxiety_Score,-0.0339625432689295,0.6480006022091399
P02158,Anxiety_Score,-0.0339625432689295,0.6480006022091399
P07132,Anxiety_Score,0.0997482570024465,-1.6943113522789868
P03648,Anxiety_Score,0.065365479789807,-1.09200256398204
P00386,Anxiety_Score,-0.0836265547982978,1.5180021853047303
P06172,Anxiety_Score,0.0462639368938961,-0.757386570483736
P09875,Anxiety_Score,-0.0645250119023869,1.1833861918064266
P05815,Anxiety_Score,-0.0950874805358443,1.718771781403713
P00340,Anxiety_Score,0.0615451712106248,-1.025079365282379
P03004,Anxiety_Score,0.0309827025771674,-0.4896937756850927
P09181,Anxiety_Score,0.0042405425228922,-0.0212313847874678
P01394,Anxiety_Score,-0.0263219261105651,0.5141542048098188
P02444,Anxiety_Score,0.1073888741608109,-1.8281577496783088
P06338,Anxiety_Score,0.0500842454730783,-0.8243097691833969
P08045,Anxiety_Score,-0.0492437775856582,0.9156933970077832
P05136,Anxiety_Score,0.0042405425228922,-0.0212313847874678
P00700,Anxiety_Score,0.0157014682604387,-0.22200098088645
P08965,Anxiety_Score,-0.0683453204815691,1.2503093905060871
P09277,Anxiety_Score,-0.0110406917938364,0.2464614100111755
P05202,Anxiety_Score,0.0271623939979852,-0.4227705769854322
P09172,Anxiety_Score,0.0042405425228922,-0.0212313847874678
P02765,Anxiety_Score,0.0768264055273535,-1.292772160081022
P01636,Anxiety_Score,0.0348030111563496,-0.5566169743847539
P07964,Anxiety_Score,0.0157014682604387,-0.22200098088645
P00234,Anxiety_Score,0.1035685655816287,-1.7612345509786476
P03142,Anxiety_Score,-0.0148610003730186,0.313384608710836
P08422,Anxiety_Score,-0.0912671719566621,1.6518485827040514
P00331,Anxiety_Score,-0.0492437775856582,0.9156933970077832
P02089,Anxiety_Score,0.0539045540522604,-0.8912329678830577
P08837,Anxiety_Score,-0.0034000746354721,0.1126150126118538
P08908,Anxiety_Score,-0.022501617531383,0.4472310061101577
P07382,Anxiety_Score,0.0500842454730783,-0.8243097691833969
P05107,Anxiety_Score,0.0424436283147139,-0.6904633717840756
P07541,Anxiety_Score,-0.0263219261105651,0.5141542048098188
P07018,Anxiety_Score,-0.0607047033232047,1.1164629931067651
P07931,Anxiety_Score,0.0348030111563496,-0.5566169743847539
P01596,Anxiety_Score,0.1112091827399931,-1.8950809483779691
P03114,Anxiety_Score,0.0691857883689891,-1.1589257626817009
P06592,Anxiety_Score,-0.0683453204815691,1.2503093905060871
P06059,Anxiety_Score,-0.0110406917938364,0.2464614100111755
P08519,Anxiety_Score,0.0271623939979852,-0.4227705769854322
P04285,Anxiety_Score,0.0462639368938961,-0.757386570483736
P01341,Anxiety_Score,-0.0263219261105651,0.5141542048098188
P00891,Anxiety_Score,0.0118811596812565,-0.1550777821867889
P08710,Anxiety_Score,-0.0377828518481117,0.714923800908801
P09199,Anxiety_Score,-0.1218296405901195,2.187234172301338
P01043,Anxiety_Score,0.0195217768396209,-0.2889241795861105
P03080,Anxiety_Score,-0.0186813089522008,0.3803078074104971
P02710,Anxiety_Score,0.0080608511020743,-0.0881545834871283
P05231,Anxiety_Score,0.0042405425228922,-0.0212313847874678
P05009,Anxiety_Score,0.0080608511020743,-0.0881545834871283
P02827,Anxiety_Score,-0.0416031604272938,0.7818469996084616
P02657,Anxiety_Score,0.0424436283147139,-0.6904633717840756
P06431,Anxiety_Score,-0.022501617531383,0.4472310061101577
P01306,Anxiety_Score,0.0539045540522604,-0.8912329678830577
P09121,Anxiety_Score,-0.0721656290607512,1.3172325892057477
P02049,Anxiety_Score,-0.0186813089522008,0.3803078074104971
P02529,Anxiety_Score,-0.0759859376399334,1.3841557879054087
P05024,Anxiety_Score,0.0615451712106248,-1.025079365282379
P06400,Anxiety_Score,0.0271623939979852,-0.4227705769854322
P01681,Anxiety_Score,-0.0683453204815691,1.2503093905060871
P08182,Anxiety_Score,0.0539045540522604,-0.8912329678830577
P09851,Anxiety_Score,-0.0186813089522008,0.3803078074104971
P07152,Anxiety_Score,-0.045423469006476,0.8487701983081227
P04811,Anxiety_Score,-0.0568843947440225,1.0495397944071048
P02722,Anxiety_Score,0.0844670226857178,-1.4266185574803438
P03212,Anxiety_Score,0.0195217768396209,-0.2889241795861105
P01005,Anxiety_Score,0.0539045540522604,-0.8912329678830577
P00026,Energy_Level_Score,-0.0431145808315884,0.7998187002634163
P00195,Energy_Level_Score,-0.0569629472657175,1.038238424109825
P01072,Energy_Level_Score,-0.0569629472657175,1.038238424109825
P06475,Energy_Level_Score,0.0399756177731859,-0.6306996428150311
P01688,Energy_Level_Score,-0.0384984586868788,0.7203454589812806
P08533,Energy_Level_Score,0.0584401063520246,-0.9485926079435756
P08480,Energy_Level_Score,-0.0892758022786853,1.5945511130847765
P06379,Energy_Level_Score,0.0122788849049277,-0.1538601951222153
P07044,Energy_Level_Score,-0.0615790694104272,1.1177116653919608
P01557,Energy_Level_Score,0.0076627627602181,-0.0743869538400796
P07797,Energy_Level_Score,-0.0754274358445563,1.3561313892383693
P00779,Energy_Level_Score,-0.0338823365421691,0.6408722176991448
P02590,Energy_Level_Score,-0.0523468251210079,0.9587651828276892
P08237,Energy_Level_Score,-0.02003397010804,0.4024524938527362
P00090,Energy_Level_Score,-0.0985080465681048,1.7534975956490493
P09630,Energy_Level_Score,-0.1031241687128144,1.832970836931185
P04193,Energy_Level_Score,-0.02003397010804,0.4024524938527362
P00532,Energy_Level_Score,0.0122788849049277,-0.1538601951222153
P08669,Energy_Level_Score,-0.0338823365421691,0.6408722176991448
P04330,Energy_Level_Score,0.0492078620626052,-0.7896461253793033
P03660,Energy_Level_Score,0.0399756177731859,-0.6306996428150311
P08333,Energy_Level_Score,-0.0477307029762982,0.8792919415455535
P07513,Energy_Level_Score,-0.0292662143974594,0.5613989764170091
P06274,Energy_Level_Score,0.0261272513390568,-0.3922799189686232
P00970,Energy_Level_Score,-0.0569629472657175,1.038238424109825
P01412,Energy_Level_Score,0.0261272513390568,-0.3922799189686232
P04239,Energy_Level_Score,0.0030466406155083,0.0050862874420568
P08781,Energy_Level_Score,-0.0338823365421691,0.6408722176991448
P04205,Energy_Level_Score,-0.080043557989266,1.435604630520505
P08698,Energy_Level_Score,-0.0569629472657175,1.038238424109825
P08042,Energy_Level_Score,0.1369141828120894,-2.299637709739888
P02992,Energy_Level_Score,0.0492078620626052,-0.7896461253793033
P00438,Energy_Level_Score,0.1092174499438312,-1.8227982620470715
P09846,Energy_Level_Score,-0.0154178479633303,0.3229792525706005
P09171,Energy_Level_Score,0.1322980606673797,-2.2201644684577517
P02680,Energy_Level_Score,-0.0154178479633303,0.3229792525706005
P09720,Energy_Level_Score,-0.080043557989266,1.435604630520505
P06184,Energy_Level_Score,0.053823984207315,-0.8691193666614397
P05874,Energy_Level_Score,0.0445917399178956,-0.7101728840971676
P08675,Energy_Level_Score,-0.0384984586868788,0.7203454589812806
P08254,Energy_Level_Score,-0.0384984586868788,0.7203454589812806
P01162,Energy_Level_Score,-0.0338823365421691,0.6408722176991448
P04781,Energy_Level_Score,-0.0015694815292012,0.0845595287241925
P03229,Energy_Level_Score,-0.0431145808315884,0.7998187002634163
P06069,Energy_Level_Score,0.0769045949308634,-1.2664855730721198
P04740,Energy_Level_Score,0.0261272513390568,-0.3922799189686232
P09669,Energy_Level_Score,0.053823984207315,-0.8691193666614397
P06442,Energy_Level_Score,-0.0015694815292012,0.0845595287241925
P08425,Energy_Level_Score,-0.0061856036739109,0.164032770006329
P08510,Energy_Level_Score,-0.1031241687128144,1.832970836931185
P05673,Energy_Level_Score,-0.0431145808315884,0.7998187002634163
P04014,Energy_Level_Score,-0.0108017258186206,0.2435060112884647
P07115,Energy_Level_Score,-0.02003397010804,0.4024524938527362
P04433,Energy_Level_Score,0.0399756177731859,-0.6306996428150311
P08705,Energy_Level_Score,-0.0754274358445563,1.3561313892383693
P09567,Energy_Level_Score,0.0492078620626052,-0.7896461253793033
P06573,Energy_Level_Score,-0.0154178479633303,0.3229792525706005
P04212,Energy_Level_Score,-0.0661951915551369,1.1971849066740965
P04309,Energy_Level_Score,0.0030466406155083,0.0050862874420568
P06441,Energy_Level_Score,0.0630562284967343,-1.028065849225711
P00548,Energy_Level_Score,-0.0292662143974594,0.5613989764170091
P03427,Energy_Level_Score,-0.0108017258186206,0.2435060112884647
P00281,Energy_Level_Score,0.1092174499438312,-1.8227982620470715
P06449,Energy_Level_Score,-0.1031241687128144,1.832970836931185
P06191,Energy_Level_Score,-0.0292662143974594,0.5613989764170091
P03532,Energy_Level_Score,0.0122788849049277,-0.1538601951222153
P01369,Energy_Level_Score,-0.0384984586868788,0.7203454589812806
P09966,Energy_Level_Score,0.0584401063520246,-0.9485926079435756
P06639,Energy_Level_Score,0.0076627627602181,-0.0743869538400796
P07226,Energy_Level_Score,-0.0384984586868788,0.7203454589812806
P08619,Energy_Level_Score,-0.0661951915551369,1.1971849066740965
P09430,Energy_Level_Score,-0.0292662143974594,0.5613989764170091
P09574,Energy_Level_Score,-0.0061856036739109,0.164032770006329
P03283,Energy_Level_Score,-0.0061856036739109,0.164032770006329
P03417,Energy_Level_Score,0.0122788849049277,-0.1538601951222153
P07254,Energy_Level_Score,-0.0061856036739109,0.164032770006329
P07389,Energy_Level_Score,0.0076627627602181,-0.0743869538400796
P09596,Energy_Level_Score,0.0307433734837665,-0.4717531602507597
P07978,Energy_Level_Score,0.0261272513390568,-0.3922799189686232
P00643,Energy_Level_Score,-0.1031241687128144,1.832970836931185
P02832,Energy_Level_Score,-0.0246500922527497,0.4819257351348733
P01299,Energy_Level_Score,0.0815207170755731,-1.3459588143542556
P08126,Energy_Level_Score,-0.0431145808315884,0.7998187002634163
P04534,Energy_Level_Score,-0.1031241687128144,1.832970836931185
P03376,Energy_Level_Score,0.0122788849049277,-0.1538601951222153
P05469,Energy_Level_Score,0.0722884727861537,-1.1870123317899834
P00314,Energy_Level_Score,0.0907529613649925,-1.5049052969185277
P07269,Energy_Level_Score,-0.0338823365421691,0.6408722176991448
P05133,Energy_Level_Score,-0.0015694815292012,0.0845595287241925
P05161,Energy_Level_Score,0.067672350641444,-1.1075390905078475
P09795,Energy_Level_Score,-0.0108017258186206,0.2435060112884647
P01129,Energy_Level_Score,-0.0246500922527497,0.4819257351348733
P00199,Energy_Level_Score,0.0399756177731859,-0.6306996428150311
P07839,Energy_Level_Score,0.0353594956284762,-0.5512264015328954
P05297,Energy_Level_Score,0.0168950070496374,-0.233333436404351
P08544,Energy_Level_Score,0.0815207170755731,-1.3459588143542556
P03097,Energy_Level_Score,0.0076627627602181,-0.0743869538400796
P02205,Energy_Level_Score,-0.0523468251210079,0.9587651828276892
P05477,Energy_Level_Score,0.0261272513390568,-0.3922799189686232
P09622,Energy_Level_Score,-0.1031241687128144,1.832970836931185
P04181,Energy_Level_Score,0.0999852056544119,-1.6638517794827998
P09864,Energy_Level_Score,-0.0061856036739109,0.164032770006329
P05844,Energy_Level_Score,0.0076627627602181,-0.0743869538400796
P05696,Energy_Level_Score,-0.0384984586868788,0.7203454589812806
P04280,Energy_Level_Score,0.0076627627602181,-0.0743869538400796
P05513,Energy_Level_Score,-0.1031241687128144,1.832970836931185
P02010,Energy_Level_Score,0.0953690835097021,-1.5843785382006634
P04614,Energy_Level_Score,-0.0615790694104272,1.1177116653919608
P09494,Energy_Level_Score,-0.0154178479633303,0.3229792525706005
P02641,Energy_Level_Score,-0.1031241687128144,1.832970836931185
P02954,Energy_Level_Score,0.0445917399178956,-0.7101728840971676
P06101,Energy_Level_Score,-0.0061856036739109,0.164032770006329
P06377,Energy_Level_Score,-0.0661951915551369,1.1971849066740965
P06618,Energy_Level_Score,-0.080043557989266,1.435604630520505
P06858,Energy_Level_Score,0.0584401063520246,-0.9485926079435756
P05102,Energy_Level_Score,-0.0985080465681048,1.7534975956490493
P08957,Energy_Level_Score,0.0953690835097021,-1.5843785382006634
P02173,Energy_Level_Score,-0.0292662143974594,0.5613989764170091
P04660,Energy_Level_Score,0.1461464271015088,-2.4585841923041603
P05596,Energy_Level_Score,0.0261272513390568,-0.3922799189686232
P06803,Energy_Level_Score,0.0076627627602181,-0.0743869538400796
P09499,Energy_Level_Score,-0.0523468251210079,0.9587651828276892
P08241,Energy_Level_Score,-0.0154178479633303,0.3229792525706005
P08608,Energy_Level_Score,-0.0108017258186206,0.2435060112884647
P05033,Energy_Level_Score,-0.0154178479633303,0.3229792525706005
P02145,Energy_Level_Score,-0.0246500922527497,0.4819257351348733
P02464,Energy_Level_Score,0.0999852056544119,-1.6638517794827998
P04788,Energy_Level_Score,-0.0846596801339757,1.5150778718026408
P03396,Energy_Level_Score,0.0630562284967343,-1.028065849225711
P04687,Energy_Level_Score,-0.0477307029762982,0.8792919415455535
P08661,Energy_Level_Score,0.0584401063520246,-0.9485926079435756
P03906,Energy_Level_Score,-0.0985080465681048,1.7534975956490493
P00087,Energy_Level_Score,0.0722884727861537,-1.1870123317899834
P02158,Energy_Level_Score,0.0722884727861537,-1.1870123317899834
P07132,Energy_Level_Score,-0.0292662143974594,0.5613989764170091
P03648,Energy_Level_Score,-0.1031241687128144,1.832970836931185
P00386,Energy_Level_Score,0.0722884727861537,-1.1870123317899834
P06172,Energy_Level_Score,-0.080043557989266,1.435604630520505
P09875,Energy_Level_Score,0.1692270378250573,-2.85595039871484
P05815,Energy_Level_Score,0.0769045949308634,-1.2664855730721198
P00340,Energy_Level_Score,-0.0708113136998466,1.2766581479562336
P03004,Energy_Level_Score,-0.0246500922527497,0.4819257351348733
P09181,Energy_Level_Score,-0.0477307029762982,0.8792919415455535
P01394,Energy_Level_Score,0.0492078620626052,-0.7896461253793033
P02444,Energy_Level_Score,-0.0154178479633303,0.3229792525706005
P06338,Energy_Level_Score,0.0307433734837665,-0.4717531602507597
P08045,Energy_Level_Score,-0.0292662143974594,0.5613989764170091
P05136,Energy_Level_Score,-0.0615790694104272,1.1177116653919608
P00700,Energy_Level_Score,-0.0569629472657175,1.038238424109825
P08965,Energy_Level_Score,-0.0108017258186206,0.2435060112884647
P09277,Energy_Level_Score,0.1415303049567991,-2.379110951022024
P05202,Energy_Level_Score,-0.0384984586868788,0.7203454589812806
P09172,Energy_Level_Score,0.0999852056544119,-1.6638517794827998
P02765,Energy_Level_Score,0.0261272513390568,-0.3922799189686232
P01636,Energy_Level_Score,-0.0431145808315884,0.7998187002634163
P07964,Energy_Level_Score,0.0076627627602181,-0.0743869538400796
P00234,Energy_Level_Score,-0.0108017258186206,0.2435060112884647
P03142,Energy_Level_Score,-0.0154178479633303,0.3229792525706005
P08422,Energy_Level_Score,0.0307433734837665,-0.4717531602507597
P00331,Energy_Level_Score,0.0861368392202828,-1.4254320556363913
P02089,Energy_Level_Score,-0.0477307029762982,0.8792919415455535
P08837,Energy_Level_Score,-0.0246500922527497,0.4819257351348733
P08908,Energy_Level_Score,0.0399756177731859,-0.6306996428150311
P07382,Energy_Level_Score,0.0307433734837665,-0.4717531602507597
P05107,Energy_Level_Score,-0.080043557989266,1.435604630520505
P07541,Energy_Level_Score,0.0722884727861537,-1.1870123317899834
P07018,Energy_Level_Score,0.1553786713909281,-2.617530674868432
P07931,Energy_Level_Score,0.0353594956284762,-0.5512264015328954
P01596,Energy_Level_Score,-0.1031241687128144,1.832970836931185
P03114,Energy_Level_Score,-0.0985080465681048,1.7534975956490493
P06592,Energy_Level_Score,0.0584401063520246,-0.9485926079435756
P06059,Energy_Level_Score,-0.0338823365421691,0.6408722176991448
P08519,Energy_Level_Score,0.067672350641444,-1.1075390905078475
P04285,Energy_Level_Score,-0.0384984586868788,0.7203454589812806
P01341,Energy_Level_Score,-0.0246500922527497,0.4819257351348733
P00891,Energy_Level_Score,-0.0292662143974594,0.5613989764170091
P08710,Energy_Level_Score,0.0122788849049277,-0.1538601951222153
P09199,Energy_Level_Score,0.0630562284967343,-1.028065849225711
P01043,Energy_Level_Score,-0.0154178479633303,0.3229792525706005
P03080,Energy_Level_Score,-0.0292662143974594,0.5613989764170091
P02710,Energy_Level_Score,0.0261272513390568,-0.3922799189686232
P05231,Energy_Level_Score,0.0076627627602181,-0.0743869538400796
P05009,Energy_Level_Score,-0.0431145808315884,0.7998187002634163
P02827,Energy_Level_Score,0.0584401063520246,-0.9485926079435756
P02657,Energy_Level_Score,-0.0292662143974594,0.5613989764170091
P06431,Energy_Level_Score,-0.0523468251210079,0.9587651828276892
P01306,Energy_Level_Score,-0.0477307029762982,0.8792919415455535
P09121,Energy_Level_Score,0.0353594956284762,-0.5512264015328954
P02049,Energy_Level_Score,0.0445917399178956,-0.7101728840971676
P02529,Energy_Level_Score,0.0076627627602181,-0.0743869538400796
P05024,Energy_Level_Score,0.0030466406155083,0.0050862874420568
P06400,Energy_Level_Score,0.0353594956284762,-0.5512264015328954
P01681,Energy_Level_Score,-0.0754274358445563,1.3561313892383693
P08182,Energy_Level_Score,-0.0246500922527497,0.4819257351348733
P09851,Energy_Level_Score,-0.0477307029762982,0.8792919415455535
P07152,Energy_Level_Score,0.0353594956284762,-0.5512264015328954
P04811,Energy_Level_Score,0.0399756177731859,-0.6306996428150311
P02722,Energy_Level_Score,0.0030466406155083,0.0050862874420568
P03212,Energy_Level_Score,-0.0523468251210079,0.9587651828276892
P01005,Energy_Level_Score,0.0076627627602181,-0.0743869538400796
P00026,Focus_Concentration_Score,0.0880605377190084,-1.5416151615916576
P00195,Focus_Concentration_Score,0.0604726499624268,-1.016689378955083
P01072,Focus_Concentration_Score,-0.0167734357560015,0.4531028124273253
P06475,Focus_Concentration_Score,-0.09401952147443,1.9228950038097337
P01688,Focus_Concentration_Score,-0.0057382806533689,0.2431324993726952
P08533,Focus_Concentration_Score,0.0715078050650594,-1.226659692009713
P08480,Focus_Concentration_Score,0.0384023397571615,-0.5967487528458238
P06379,Focus_Concentration_Score,0.0218496071032126,-0.2817932832638793
P07044,Focus_Concentration_Score,-0.1381601418849606,2.762776256028254
P01557,Focus_Concentration_Score,0.0384023397571615,-0.5967487528458238
P07797,Focus_Concentration_Score,-0.0774667888204811,1.60793953422779
P00779,Focus_Concentration_Score,0.0880605377190084,-1.5416151615916576
P02590,Focus_Concentration_Score,-0.0222910133073179,0.5580879689546407
P08237,Focus_Concentration_Score,0.0108144520005799,-0.0718229702092493
P00090,Focus_Concentration_Score,-0.0553964786152158,1.1879989081185298
P09630,Focus_Concentration_Score,-0.0333261684099505,0.7680582820092698
P04193,Focus_Concentration_Score,-0.0829843663717974,1.7129246907551046
P00532,Focus_Concentration_Score,0.0439199173084778,-0.7017339093731384
P08669,Focus_Concentration_Score,-0.0664316337178484,1.397969221173159
P04330,Focus_Concentration_Score,0.0052968744492636,0.0331621863180661
P03660,Focus_Concentration_Score,-0.0112558582046852,0.3481176559000107
P08333,Focus_Concentration_Score,-0.0222910133073179,0.5580879689546407
P07513,Focus_Concentration_Score,0.0715078050650594,-1.226659692009713
P06274,Focus_Concentration_Score,0.0439199173084778,-0.7017339093731384
P00970,Focus_Concentration_Score,0.0715078050650594,-1.226659692009713
P01412,Focus_Concentration_Score,-0.0719492112691648,1.5029543777004757
P04239,Focus_Concentration_Score,0.0439199173084778,-0.7017339093731384
P08781,Focus_Concentration_Score,0.0328847622058452,-0.4917635963185084
P04205,Focus_Concentration_Score,0.0108144520005799,-0.0718229702092493
P08698,Focus_Concentration_Score,-0.0774667888204811,1.60793953422779
P08042,Focus_Concentration_Score,0.1156484254755899,-2.0665409442282323
P02992,Focus_Concentration_Score,0.0052968744492636,0.0331621863180661
P00438,Focus_Concentration_Score,0.1101308479242736,-1.961555787700917
P09846,Focus_Concentration_Score,-0.0002207031020526,0.1381473428453807
P09171,Focus_Concentration_Score,-0.0278085908586342,0.6630731254819553
P02680,Focus_Concentration_Score,0.0384023397571615,-0.5967487528458238
P09720,Focus_Concentration_Score,-0.0278085908586342,0.6630731254819553
P06184,Focus_Concentration_Score,0.0715078050650594,-1.226659692009713
P05874,Focus_Concentration_Score,0.0825429601676921,-1.436630005064343
P08675,Focus_Concentration_Score,0.0715078050650594,-1.226659692009713
P08254,Focus_Concentration_Score,-0.0167734357560015,0.4531028124273253
P01162,Focus_Concentration_Score,0.0163320295518962,-0.1768081267365638
P04781,Focus_Concentration_Score,0.0163320295518962,-0.1768081267365638
P03229,Focus_Concentration_Score,-0.0609140561665321,1.2929840646458444
P06069,Focus_Concentration_Score,-0.0112558582046852,0.3481176559000107
P04740,Focus_Concentration_Score,-0.0222910133073179,0.5580879689546407
P09669,Focus_Concentration_Score,-0.0222910133073179,0.5580879689546407
P06442,Focus_Concentration_Score,0.0549550724111105,-0.9117042224277684
P08425,Focus_Concentration_Score,0.0108144520005799,-0.0718229702092493
P08510,Focus_Concentration_Score,0.0108144520005799,-0.0718229702092493
P05673,Focus_Concentration_Score,0.0052968744492636,0.0331621863180661
P04014,Focus_Concentration_Score,0.0549550724111105,-0.9117042224277684
P07115,Focus_Concentration_Score,-0.09401952147443,1.9228950038097337
P04433,Focus_Concentration_Score,0.0108144520005799,-0.0718229702092493
P08705,Focus_Concentration_Score,-0.0112558582046852,0.3481176559000107
P09567,Focus_Concentration_Score,-0.0498789010638995,1.0830137515912153
P06573,Focus_Concentration_Score,-0.0057382806533689,0.2431324993726952
P04212,Focus_Concentration_Score,-0.0278085908586342,0.6630731254819553
P04309,Focus_Concentration_Score,-0.0333261684099505,0.7680582820092698
P06441,Focus_Concentration_Score,0.0163320295518962,-0.1768081267365638
P00548,Focus_Concentration_Score,-0.0057382806533689,0.2431324993726952
P03427,Focus_Concentration_Score,0.0273671846545289,-0.3867784397911938
P00281,Focus_Concentration_Score,0.0604726499624268,-1.016689378955083
P06449,Focus_Concentration_Score,-0.0885019439231137,1.8179098472824191
P06191,Focus_Concentration_Score,-0.0333261684099505,0.7680582820092698
P03532,Focus_Concentration_Score,0.0163320295518962,-0.1768081267365638
P01369,Focus_Concentration_Score,0.0384023397571615,-0.5967487528458238
P09966,Focus_Concentration_Score,0.0825429601676921,-1.436630005064343
P06639,Focus_Concentration_Score,0.0494374948597942,-0.806719065900454
P07226,Focus_Concentration_Score,-0.0057382806533689,0.2431324993726952
P08619,Focus_Concentration_Score,-0.0222910133073179,0.5580879689546407
P09430,Focus_Concentration_Score,0.1046132703729573,-1.856570631173603
P09574,Focus_Concentration_Score,0.0273671846545289,-0.3867784397911938
P03283,Focus_Concentration_Score,-0.0112558582046852,0.3481176559000107
P03417,Focus_Concentration_Score,0.0384023397571615,-0.5967487528458238
P07254,Focus_Concentration_Score,0.0273671846545289,-0.3867784397911938
P07389,Focus_Concentration_Score,-0.0112558582046852,0.3481176559000107
P09596,Focus_Concentration_Score,-0.0278085908586342,0.6630731254819553
P07978,Focus_Concentration_Score,0.1156484254755899,-2.0665409442282323
P00643,Focus_Concentration_Score,-0.09401952147443,1.9228950038097337
P02832,Focus_Concentration_Score,0.0604726499624268,-1.016689378955083
P01299,Focus_Concentration_Score,-0.0388437459612668,0.8730434385365853
P08126,Focus_Concentration_Score,-0.0388437459612668,0.8730434385365853
P04534,Focus_Concentration_Score,-0.0388437459612668,0.8730434385365853
P03376,Focus_Concentration_Score,0.0384023397571615,-0.5967487528458238
P05469,Focus_Concentration_Score,0.0439199173084778,-0.7017339093731384
P00314,Focus_Concentration_Score,0.0549550724111105,-0.9117042224277684
P07269,Focus_Concentration_Score,0.0273671846545289,-0.3867784397911938
P05133,Focus_Concentration_Score,-0.0388437459612668,0.8730434385365853
P05161,Focus_Concentration_Score,0.0439199173084778,-0.7017339093731384
P09795,Focus_Concentration_Score,-0.0333261684099505,0.7680582820092698
P01129,Focus_Concentration_Score,0.0328847622058452,-0.4917635963185084
P00199,Focus_Concentration_Score,0.0108144520005799,-0.0718229702092493
P07839,Focus_Concentration_Score,0.0163320295518962,-0.1768081267365638
P05297,Focus_Concentration_Score,-0.0278085908586342,0.6630731254819553
P08544,Focus_Concentration_Score,-0.0333261684099505,0.7680582820092698
P03097,Focus_Concentration_Score,0.099095692821641,-1.7515854746462876
P02205,Focus_Concentration_Score,-0.0443613235125831,0.9780285950638998
P05477,Focus_Concentration_Score,0.0935781152703247,-1.646600318118973
P09622,Focus_Concentration_Score,-0.0443613235125831,0.9780285950638998
P04181,Focus_Concentration_Score,0.0825429601676921,-1.436630005064343
P09864,Focus_Concentration_Score,-0.0719492112691648,1.5029543777004757
P05844,Focus_Concentration_Score,0.0604726499624268,-1.016689378955083
P05696,Focus_Concentration_Score,-0.0278085908586342,0.6630731254819553
P04280,Focus_Concentration_Score,0.0715078050650594,-1.226659692009713
P05513,Focus_Concentration_Score,-0.0719492112691648,1.5029543777004757
P02010,Focus_Concentration_Score,0.0163320295518962,-0.1768081267365638
P04614,Focus_Concentration_Score,0.0494374948597942,-0.806719065900454
P09494,Focus_Concentration_Score,0.0715078050650594,-1.226659692009713
P02641,Focus_Concentration_Score,-0.127124986782328,2.5528059429736247
P02954,Focus_Concentration_Score,-0.0278085908586342,0.6630731254819553
P06101,Focus_Concentration_Score,0.0273671846545289,-0.3867784397911938
P06377,Focus_Concentration_Score,0.0494374948597942,-0.806719065900454
P06618,Focus_Concentration_Score,0.0439199173084778,-0.7017339093731384
P06858,Focus_Concentration_Score,0.0384023397571615,-0.5967487528458238
P05102,Focus_Concentration_Score,-0.0553964786152158,1.1879989081185298
P08957,Focus_Concentration_Score,0.0384023397571615,-0.5967487528458238
P02173,Focus_Concentration_Score,-0.0167734357560015,0.4531028124273253
P04660,Focus_Concentration_Score,0.0384023397571615,-0.5967487528458238
P05596,Focus_Concentration_Score,0.0494374948597942,-0.806719065900454
P06803,Focus_Concentration_Score,-0.0167734357560015,0.4531028124273253
P09499,Focus_Concentration_Score,0.0384023397571615,-0.5967487528458238
P08241,Focus_Concentration_Score,-0.0388437459612668,0.8730434385365853
P08608,Focus_Concentration_Score,-0.0278085908586342,0.6630731254819553
P05033,Focus_Concentration_Score,0.0384023397571615,-0.5967487528458238
P02145,Focus_Concentration_Score,-0.0222910133073179,0.5580879689546407
P02464,Focus_Concentration_Score,0.0880605377190084,-1.5416151615916576
P04788,Focus_Concentration_Score,-0.0112558582046852,0.3481176559000107
P03396,Focus_Concentration_Score,-0.0167734357560015,0.4531028124273253
P04687,Focus_Concentration_Score,0.0328847622058452,-0.4917635963185084
P08661,Focus_Concentration_Score,-0.0553964786152158,1.1879989081185298
P03906,Focus_Concentration_Score,0.0163320295518962,-0.1768081267365638
P00087,Focus_Concentration_Score,0.0108144520005799,-0.0718229702092493
P02158,Focus_Concentration_Score,0.1266835805782226,-2.2765112572828623
P07132,Focus_Concentration_Score,-0.0167734357560015,0.4531028124273253
P03648,Focus_Concentration_Score,-0.0829843663717974,1.7129246907551046
P00386,Focus_Concentration_Score,-0.0057382806533689,0.2431324993726952
P06172,Focus_Concentration_Score,0.0052968744492636,0.0331621863180661
P09875,Focus_Concentration_Score,0.0273671846545289,-0.3867784397911938
P05815,Focus_Concentration_Score,0.0494374948597942,-0.806719065900454
P00340,Focus_Concentration_Score,0.0328847622058452,-0.4917635963185084
P03004,Focus_Concentration_Score,-0.0498789010638995,1.0830137515912153
P09181,Focus_Concentration_Score,-0.0553964786152158,1.1879989081185298
P01394,Focus_Concentration_Score,0.0218496071032126,-0.2817932832638793
P02444,Focus_Concentration_Score,0.0218496071032126,-0.2817932832638793
P06338,Focus_Concentration_Score,0.0108144520005799,-0.0718229702092493
P08045,Focus_Concentration_Score,-0.0553964786152158,1.1879989081185298
P05136,Focus_Concentration_Score,-0.0222910133073179,0.5580879689546407
P00700,Focus_Concentration_Score,0.0163320295518962,-0.1768081267365638
P08965,Focus_Concentration_Score,0.099095692821641,-1.7515854746462876
P09277,Focus_Concentration_Score,0.0880605377190084,-1.5416151615916576
P05202,Focus_Concentration_Score,-0.0333261684099505,0.7680582820092698
P09172,Focus_Concentration_Score,0.0384023397571615,-0.5967487528458238
P02765,Focus_Concentration_Score,-0.0719492112691648,1.5029543777004757
P01636,Focus_Concentration_Score,-0.0002207031020526,0.1381473428453807
P07964,Focus_Concentration_Score,-0.0333261684099505,0.7680582820092698
P00234,Focus_Concentration_Score,-0.0167734357560015,0.4531028124273253
P03142,Focus_Concentration_Score,0.0273671846545289,-0.3867784397911938
P08422,Focus_Concentration_Score,0.0052968744492636,0.0331621863180661
P00331,Focus_Concentration_Score,0.0384023397571615,-0.5967487528458238
P02089,Focus_Concentration_Score,-0.0112558582046852,0.3481176559000107
P08837,Focus_Concentration_Score,0.0218496071032126,-0.2817932832638793
P08908,Focus_Concentration_Score,0.0604726499624268,-1.016689378955083
P07382,Focus_Concentration_Score,0.0549550724111105,-0.9117042224277684
P05107,Focus_Concentration_Score,-0.0167734357560015,0.4531028124273253
P07541,Focus_Concentration_Score,0.0549550724111105,-0.9117042224277684
P07018,Focus_Concentration_Score,0.0880605377190084,-1.5416151615916576
P07931,Focus_Concentration_Score,0.0328847622058452,-0.4917635963185084
P01596,Focus_Concentration_Score,-0.0664316337178484,1.397969221173159
P03114,Focus_Concentration_Score,0.0494374948597942,-0.806719065900454
P06592,Focus_Concentration_Score,0.1487538907834879,-2.6964518833921223
P06059,Focus_Concentration_Score,0.0384023397571615,-0.5967487528458238
P08519,Focus_Concentration_Score,0.1046132703729573,-1.856570631173603
P04285,Focus_Concentration_Score,-0.0553964786152158,1.1879989081185298
P01341,Focus_Concentration_Score,-0.0002207031020526,0.1381473428453807
P00891,Focus_Concentration_Score,0.0052968744492636,0.0331621863180661
P08710,Focus_Concentration_Score,-0.0388437459612668,0.8730434385365853
P09199,Focus_Concentration_Score,0.0163320295518962,-0.1768081267365638
P01043,Focus_Concentration_Score,0.1432363132321715,-2.5914667268648066
P03080,Focus_Concentration_Score,0.0439199173084778,-0.7017339093731384
P02710,Focus_Concentration_Score,-0.0388437459612668,0.8730434385365853
P05231,Focus_Concentration_Score,-0.0278085908586342,0.6630731254819553
P05009,Focus_Concentration_Score,-0.0222910133073179,0.5580879689546407
P02827,Focus_Concentration_Score,0.0439199173084778,-0.7017339093731384
P02657,Focus_Concentration_Score,-0.0829843663717974,1.7129246907551046
P06431,Focus_Concentration_Score,-0.0112558582046852,0.3481176559000107
P01306,Focus_Concentration_Score,0.0549550724111105,-0.9117042224277684
P09121,Focus_Concentration_Score,-0.0278085908586342,0.6630731254819553
P02049,Focus_Concentration_Score,0.1101308479242736,-1.961555787700917
P02529,Focus_Concentration_Score,-0.0057382806533689,0.2431324993726952
P05024,Focus_Concentration_Score,-0.0057382806533689,0.2431324993726952
P06400,Focus_Concentration_Score,-0.0167734357560015,0.4531028124273253
P01681,Focus_Concentration_Score,0.0439199173084778,-0.7017339093731384
P08182,Focus_Concentration_Score,-0.0057382806533689,0.2431324993726952
P09851,Focus_Concentration_Score,-0.0443613235125831,0.9780285950638998
P07152,Focus_Concentration_Score,0.0052968744492636,0.0331621863180661
P04811,Focus_Concentration_Score,-0.0002207031020526,0.1381473428453807
P02722,Focus_Concentration_Score,0.0384023397571615,-0.5967487528458238
P03212,Focus_Concentration_Score,0.0384023397571615,-0.5967487528458238
P01005,Focus_Concentration_Score,0.0549550724111105,-0.9117042224277684
P00026,BMI,-0.0764742380883343,-1.551777221210458
P00195,BMI,-0.0301514100158789,-0.5883393769158857
P01072,BMI,0.0462614602232995,1.000921340595674
P06475,BMI,0.0444798129897435,0.9638660388920368
P01688,BMI,-0.0204513306331853,-0.3865938454183041
P08533,BMI,0.0919904058845695,1.952007417655701
P08480,BMI,0.0479441270549913,1.0359180144268876
P06379,BMI,0.0056794954589689,0.1568839129017112
P07044,BMI,0.02587149743927,0.5768439988762684
P01557,BMI,0.0758566003807015,1.6164510744505396
P07797,BMI,-0.0193625462126788,-0.3639489388216369
P00779,BMI,-0.040049450202301,-0.7942021641583157
P02590,BMI,-0.0897376119381399,-1.8276333561153144
P08237,BMI,0.0329980863734939,0.7250652056908178
P00090,BMI,-0.0197584678201357,-0.372183450311334
P09630,BMI,-0.028864664791644,-0.5615772145743699
P04193,BMI,-0.0072869371852439,-0.1127963383858725
P00532,BMI,-0.0386637245762019,-0.7653813739443754
P08669,BMI,0.0896148762398282,1.9026003487175172
P04330,BMI,0.0199326733274167,0.45332632653081
P03660,BMI,-0.0273799587636807,-0.530697796488005
P08333,BMI,0.0725902471191822,1.548516354660538
P07513,BMI,0.0072631818887965,0.1898219588605001
P06274,BMI,0.0350766748126425,0.7682963910117283
P00970,BMI,-0.0852834938542499,-1.734995101856221
P01412,BMI,0.0052835738515121,0.1486494014120142
P04239,BMI,0.0018192597862643,0.0765974258771634
P08781,BMI,-0.0861743174710279,-1.7535227527080397
P04205,BMI,-0.0242125859040256,-0.4648217045704274
P08698,BMI,-0.0186696833996293,-0.3495385437146668
P08042,BMI,0.019140830112503,0.436857303551416
P02992,BMI,-0.0778599637144334,-1.5805980114243985
P00438,BMI,-0.0269840371562238,-0.522463284998308
P09846,BMI,-0.0085736824094788,-0.1395585007273882
P09171,BMI,0.0925842882957549,1.9643591848902475
P02680,BMI,0.0948608375386319,2.0117076259560056
P09720,BMI,0.0137958884118351,0.325691398440504
P06184,BMI,-0.0138196437082824,-0.2486657779658756
P05874,BMI,0.0540809119705729,1.1635529425171942
P08675,BMI,0.051408441120239,1.1079699899617383
P08254,BMI,0.0559615396059931,1.2026668720932556
P01162,BMI,-0.0233217622872477,-0.4462940537186087
P04781,BMI,0.0318103215511233,0.7003616712217268
P03229,BMI,-0.0506403532017726,-1.014475346507716
P06069,BMI,-0.0734058456305434,-1.4879597571653052
P04740,BMI,-0.0258952527357174,-0.4998183784016408
P09669,BMI,-0.0168880361660733,-0.3124832420110294
P06442,BMI,0.1020864068747201,2.16198746064298
P08425,BMI,-0.064695570266492,-1.3068005043919662
P08510,BMI,0.0058774562626974,0.1610011686465598
P05673,BMI,0.0479441270549913,1.0359180144268876
P04014,BMI,0.0667504034091932,1.427057310187505
P07115,BMI,0.1089160546033513,2.304032783840257
P04433,BMI,-0.0030307799050824,-0.0242753398716269
P08705,BMI,0.0378481260648407,0.8259379714396089
P09567,BMI,-0.0953794948444005,-1.9449751448434995
P06573,BMI,0.0576442064376849,1.237663545924469
P04212,BMI,0.0803107184645915,1.7090893287096336
P04309,BMI,-0.0401484306041652,-0.7962607920307396
P06441,BMI,-0.0367830969407817,-0.7262674443683134
P00548,BMI,-0.0016450542789833,0.0045454503423126
P03427,BMI,0.0301276547194315,0.6653649973905132
P00281,BMI,0.0190418497106387,0.4347986756789914
P06449,BMI,0.0575452260358207,1.2356049180520443
P06191,BMI,0.0122122019820075,0.2927533524817151
P03532,BMI,-0.0078808195964292,-0.1251481056204181
P01369,BMI,-0.0085736824094788,-0.1395585007273882
P09966,BMI,-0.0126318788859118,-0.2239622434967846
P06639,BMI,-0.0481658431551671,-0.9630096496971084
P07226,BMI,0.0504186371015968,1.0873837112374949
P08619,BMI,0.0667504034091932,1.427057310187505
P09430,BMI,0.0373532240555196,0.8156448320774873
P09574,BMI,-0.0949835732369436,-1.9367406333538024
P03283,BMI,-0.0528179220427855,-1.0597651597010502
P03417,BMI,-0.0370800381463744,-0.7324433279855865
P07254,BMI,-0.0411382346228074,-0.8168470707549829
P07389,BMI,0.0468553426344848,1.0132731078302204
P09596,BMI,0.0385409888778903,0.8403483665465791
P07978,BMI,0.0901097782491494,1.91289348807964
P00643,BMI,0.0286429486914682,0.6344855793041491
P02832,BMI,-0.0614292170049727,-1.2388657846019646
P01299,BMI,-0.0181747813903082,-0.3392454043525451
P08126,BMI,-0.0867681998822132,-1.7658745199425854
P04534,BMI,-0.0112461532598127,-0.1951414532828442
P03376,BMI,0.0417083617375454,0.9062244584641568
P05469,BMI,-0.0724160416119012,-1.467373478441062
P00314,BMI,-0.0170859969698018,-0.3166004977558779
P07269,BMI,-0.0919151807791527,-1.8729231693086488
P05133,BMI,-0.0304483512214716,-0.5945152605331588
P05161,BMI,0.1037690737064118,2.1969841344741923
P09795,BMI,-0.0858773762654352,-1.7473468690907663
P01129,BMI,-0.0014470934752548,0.0086627060871618
P00199,BMI,0.0391348712890756,0.8527001337811246
P07839,BMI,0.0540809119705729,1.1635529425171942
P05297,BMI,-0.0363871753333248,-0.7180329328786164
P08544,BMI,-0.0583608245471818,-1.1750483205568107
P03097,BMI,-0.0867681998822132,-1.7658745199425854
P02205,BMI,-0.0425239602489065,-0.8456678609689232
P05477,BMI,-0.0479678823514387,-0.95889239395226
P09622,BMI,-0.0397525089967083,-0.7880262805410426
P04181,BMI,0.046459421027028,1.0050385963405233
P09864,BMI,-0.0971611420779564,-1.982030446547137
P05844,BMI,0.1034721325008192,2.1908082508569207
P05696,BMI,-0.0161951733530238,-0.2980728469040593
P04280,BMI,0.0974343279871017,2.065231950639037
P05513,BMI,-0.0233217622872477,-0.4462940537186087
P02010,BMI,-0.0044165055311815,-0.0530961300855672
P04614,BMI,-0.0408412934172147,-0.8106711871377098
P09494,BMI,-0.0584598049490461,-1.1771069484292356
P02641,BMI,-0.0971611420779564,-1.982030446547137
P02954,BMI,0.0226051441777507,0.5089092790862668
P06101,BMI,-0.0703374531727526,-1.4241422931201513
P06377,BMI,0.008846868318624,0.2227600048192889
P06618,BMI,-0.0056042703535521,-0.077799664554659
P06858,BMI,-0.0231238014835192,-0.4421767979737601
P05102,BMI,-0.0064950939703301,-0.0963273154064777
P08957,BMI,0.0136969080099708,0.3236327705680794
P02173,BMI,0.0561595004097216,1.206784127838104
P04660,BMI,-0.031537135641978,-0.617160167129826
P05596,BMI,-0.0346055280997688,-0.680977631174979
P06803,BMI,0.0683340898390207,1.459995356146293
P09499,BMI,0.0941679747255824,1.9972972308490355
P08241,BMI,-0.0072869371852439,-0.1127963383858725
P08608,BMI,0.1194079772009587,2.522247338317233
P05033,BMI,0.1006017008467567,2.1311080425566145
P02145,BMI,-0.0070889763815154,-0.1086790826410232
P02464,BMI,-0.0794436501442609,-1.6135360573831874
P04788,BMI,-0.012730859287776,-0.2260208713692084
P03396,BMI,-0.0527189416409213,-1.0577065318286265
P04687,BMI,0.0221102421684296,0.4986161397241452
P08661,BMI,-0.074989532060371,-1.520897803124094
P03906,BMI,0.0815974636888264,1.73585149105115
P00087,BMI,0.0201306341311452,0.4574435822756593
P02158,BMI,0.0841709541372961,1.7893758157341817
P07132,BMI,-0.0210452130443706,-0.3989456126528496
P03648,BMI,-0.0222329778667412,-0.4236491471219415
P00386,BMI,0.0110244371596369,0.2680498180126233
P06172,BMI,0.0909016214640631,1.9293625110590336
P09875,BMI,0.059920755680562,1.285011986990228
P05815,BMI,0.0122122019820075,0.2927533524817151
P00340,BMI,-0.0783548657237545,-1.5908911507865202
P03004,BMI,-0.0291616059972367,-0.5677530981916423
P09181,BMI,0.0892189546323713,1.8943658372278205
P01394,BMI,-0.0157002713437027,-0.2877797075419376
P02444,BMI,0.019140830112503,0.436857303551416
P06338,BMI,-0.0924100827884738,-1.8832163086707705
P08045,BMI,0.0239908698038498,0.5377300693002064
P05136,BMI,0.0328991059716297,0.723006577818394
P00700,BMI,-0.0728119632193581,-1.4756079899307588
P08965,BMI,0.0094407507298093,0.2351117720538345
P09277,BMI,0.0090448291223525,0.2268772605641374
P05202,BMI,-0.014512506521332,-0.2630761730728458
P09172,BMI,-0.0161951733530238,-0.2980728469040593
P02765,BMI,-0.0304483512214716,-0.5945152605331588
P01636,BMI,-0.024806468315211,-0.4771734718049736
P07964,BMI,0.024980673822492,0.5583163480244497
P00234,BMI,-0.0708323551820737,-1.434435432482273
P03142,BMI,0.0438859305785582,0.9515142716574913
P08422,BMI,-0.0448994898936478,-0.8950749299071061
P00331,BMI,0.0305235763268884,0.6735995088802103
P02089,BMI,-0.0234207426891119,-0.4483526815910333
P08837,BMI,0.0527941667463381,1.1367907801756778
P08908,BMI,-0.0667741587056406,-1.3500316897128766
P07382,BMI,0.0169632612714901,0.3915674903580816
P05107,BMI,0.0007304753657579,0.0539525192804962
P07541,BMI,0.0336909491865434,0.739475600797788
P07018,BMI,-0.0097614472318494,-0.16426203519648
P07931,BMI,-0.024806468315211,-0.4771734718049736
P01596,BMI,0.0022151813937212,0.0848319373668604
P03114,BMI,-0.0017440346808475,0.0024868224698887
P06592,BMI,0.0305235763268884,0.6735995088802103
P06059,BMI,0.035274635616371,0.7724136467565768
P08519,BMI,-0.0821161209945949,-1.6691190099386437
P04285,BMI,0.0078570642999818,0.2021737260950456
P01341,BMI,-0.0716241983969875,-1.450904455461668
P00891,BMI,-0.0505413727999084,-1.0124167186352913
P08710,BMI,-0.0703374531727526,-1.4241422931201513
P09199,BMI,-0.0191645854089504,-0.3598316830767884
P01043,BMI,0.0425002049524591,0.9226934814435508
P03080,BMI,-0.0250044291189394,-0.4812907275498221
P02710,BMI,-0.001941995484576,-0.0016304332749597
P05231,BMI,-0.0286667039879156,-0.5574599588295207
P05009,BMI,-0.004218544727453,-0.0489788743407187
P02827,BMI,-0.0618251386124296,-1.2471002960916615
P02657,BMI,-0.0423259994451781,-0.8415506052240747
P06431,BMI,-0.0253013703245321,-0.4874666111670945
P01306,BMI,0.0369573024480627,0.8074103205877903
P09121,BMI,0.0039968286272772,0.1218872390704978
P02049,BMI,-0.0921131415828812,-1.877040425053497
P02529,BMI,-0.034209606492312,-0.672743119685282
P05024,BMI,-0.0184717225959009,-0.3454212879698183
P06400,BMI,-0.017184977371666,-0.3186591256283025
P01681,BMI,0.0923863274920264,1.960241929145398
P08182,BMI,0.0484390290643124,1.046211153789009
P09851,BMI,0.0256735366355416,0.5727267431314199
P07152,BMI,-0.0149084281287889,-0.2713106845625436
P04811,BMI,-0.0185707029977651,-0.3474799158422422
P02722,BMI,-0.0131267808952329,-0.2342553828589062
P03212,BMI,-0.0706343943783452,-1.4303181767374245
P01005,BMI,0.0005325145620295,0.0498352635356477
P00026,Meditation_Practice_No,-0.0364045357469829,1.0
P00195,Meditation_Practice_No,-0.0364045357469829,1.0
P01072,Meditation_Practice_No,-0.0364045357469829,1.0
P06475,Meditation_Practice_No,0.0569404277068194,0.0
P01688,Meditation_Practice_No,-0.0364045357469829,1.0
P08533,Meditation_Practice_No,-0.0364045357469829,1.0
P08480,Meditation_Practice_No,-0.0364045357469829,1.0
P06379,Meditation_Practice_No,-0.0364045357469829,1.0
P07044,Meditation_Practice_No,0.0569404277068194,0.0
P01557,Meditation_Practice_No,-0.0364045357469829,1.0
P07797,Meditation_Practice_No,0.0569404277068194,0.0
P00779,Meditation_Practice_No,-0.0364045357469829,1.0
P02590,Meditation_Practice_No,0.0569404277068194,0.0
P08237,Meditation_Practice_No,-0.0364045357469829,1.0
P00090,Meditation_Practice_No,0.0569404277068194,0.0
P09630,Meditation_Practice_No,0.0569404277068194,0.0
P04193,Meditation_Practice_No,-0.0364045357469829,1.0
P00532,Meditation_Practice_No,-0.0364045357469829,1.0
P08669,Meditation_Practice_No,0.0569404277068194,0.0
P04330,Meditation_Practice_No,0.0569404277068194,0.0
P03660,Meditation_Practice_No,0.0569404277068194,0.0
P08333,Meditation_Practice_No,0.0569404277068194,0.0
P07513,Meditation_Practice_No,-0.0364045357469829,1.0
P06274,Meditation_Practice_No,0.0569404277068194,0.0
P00970,Meditation_Practice_No,-0.0364045357469829,1.0
P01412,Meditation_Practice_No,0.0569404277068194,0.0
P04239,Meditation_Practice_No,-0.0364045357469829,1.0
P08781,Meditation_Practice_No,-0.0364045357469829,1.0
P04205,Meditation_Practice_No,-0.0364045357469829,1.0
P08698,Meditation_Practice_No,0.0569404277068194,0.0
P08042,Meditation_Practice_No,-0.0364045357469829,1.0
P02992,Meditation_Practice_No,-0.0364045357469829,1.0
P00438,Meditation_Practice_No,0.0569404277068194,0.0
P09846,Meditation_Practice_No,0.0569404277068194,0.0
P09171,Meditation_Practice_No,0.0569404277068194,0.0
P02680,Meditation_Practice_No,-0.0364045357469829,1.0
P09720,Meditation_Practice_No,-0.0364045357469829,1.0
P06184,Meditation_Practice_No,0.0569404277068194,0.0
P05874,Meditation_Practice_No,-0.0364045357469829,1.0
P08675,Meditation_Practice_No,-0.0364045357469829,1.0
P08254,Meditation_Practice_No,0.0569404277068194,0.0
P01162,Meditation_Practice_No,-0.0364045357469829,1.0
P04781,Meditation_Practice_No,-0.0364045357469829,1.0
P03229,Meditation_Practice_No,0.0569404277068194,0.0
P06069,Meditation_Practice_No,-0.0364045357469829,1.0
P04740,Meditation_Practice_No,0.0569404277068194,0.0
P09669,Meditation_Practice_No,-0.0364045357469829,1.0
P06442,Meditation_Practice_No,-0.0364045357469829,1.0
P08425,Meditation_Practice_No,0.0569404277068194,0.0
P08510,Meditation_Practice_No,-0.0364045357469829,1.0
P05673,Meditation_Practice_No,-0.0364045357469829,1.0
P04014,Meditation_Practice_No,-0.0364045357469829,1.0
P07115,Meditation_Practice_No,0.0569404277068194,0.0
P04433,Meditation_Practice_No,-0.0364045357469829,1.0
P08705,Meditation_Practice_No,-0.0364045357469829,1.0
P09567,Meditation_Practice_No,-0.0364045357469829,1.0
P06573,Meditation_Practice_No,-0.0364045357469829,1.0
P04212,Meditation_Practice_No,-0.0364045357469829,1.0
P04309,Meditation_Practice_No,0.0569404277068194,0.0
P06441,Meditation_Practice_No,0.0569404277068194,0.0
P00548,Meditation_Practice_No,0.0569404277068194,0.0
P03427,Meditation_Practice_No,0.0569404277068194,0.0
P00281,Meditation_Practice_No,-0.0364045357469829,1.0
P06449,Meditation_Practice_No,-0.0364045357469829,1.0
P06191,Meditation_Practice_No,-0.0364045357469829,1.0
P03532,Meditation_Practice_No,-0.0364045357469829,1.0
P01369,Meditation_Practice_No,-0.0364045357469829,1.0
P09966,Meditation_Practice_No,-0.0364045357469829,1.0
P06639,Meditation_Practice_No,-0.0364045357469829,1.0
P07226,Meditation_Practice_No,-0.0364045357469829,1.0
P08619,Meditation_Practice_No,-0.0364045357469829,1.0
P09430,Meditation_Practice_No,-0.0364045357469829,1.0
P09574,Meditation_Practice_No,-0.0364045357469829,1.0
P03283,Meditation_Practice_No,-0.0364045357469829,1.0
P03417,Meditation_Practice_No,-0.0364045357469829,1.0
P07254,Meditation_Practice_No,-0.0364045357469829,1.0
P07389,Meditation_Practice_No,-0.0364045357469829,1.0
P09596,Meditation_Practice_No,-0.0364045357469829,1.0
P07978,Meditation_Practice_No,-0.0364045357469829,1.0
P00643,Meditation_Practice_No,0.0569404277068194,0.0
P02832,Meditation_Practice_No,-0.0364045357469829,1.0
P01299,Meditation_Practice_No,-0.0364045357469829,1.0
P08126,Meditation_Practice_No,-0.0364045357469829,1.0
P04534,Meditation_Practice_No,-0.0364045357469829,1.0
P03376,Meditation_Practice_No,-0.0364045357469829,1.0
P05469,Meditation_Practice_No,-0.0364045357469829,1.0
P00314,Meditation_Practice_No,0.0569404277068194,0.0
P07269,Meditation_Practice_No,-0.0364045357469829,1.0
P05133,Meditation_Practice_No,-0.0364045357469829,1.0
P05161,Meditation_Practice_No,-0.0364045357469829,1.0
P09795,Meditation_Practice_No,0.0569404277068194,0.0
P01129,Meditation_Practice_No,-0.0364045357469829,1.0
P00199,Meditation_Practice_No,-0.0364045357469829,1.0
P07839,Meditation_Practice_No,-0.0364045357469829,1.0
P05297,Meditation_Practice_No,-0.0364045357469829,1.0
P08544,Meditation_Practice_No,0.0569404277068194,0.0
P03097,Meditation_Practice_No,-0.0364045357469829,1.0
P02205,Meditation_Practice_No,-0.0364045357469829,1.0
P05477,Meditation_Practice_No,-0.0364045357469829,1.0
P09622,Meditation_Practice_No,0.0569404277068194,0.0
P04181,Meditation_Practice_No,-0.0364045357469829,1.0
P09864,Meditation_Practice_No,0.0569404277068194,0.0
P05844,Meditation_Practice_No,-0.0364045357469829,1.0
P05696,Meditation_Practice_No,-0.0364045357469829,1.0
P04280,Meditation_Practice_No,-0.0364045357469829,1.0
P05513,Meditation_Practice_No,0.0569404277068194,0.0
P02010,Meditation_Practice_No,-0.0364045357469829,1.0
P04614,Meditation_Practice_No,0.0569404277068194,0.0
P09494,Meditation_Practice_No,-0.0364045357469829,1.0
P02641,Meditation_Practice_No,-0.0364045357469829,1.0
P02954,Meditation_Practice_No,0.0569404277068194,0.0
P06101,Meditation_Practice_No,-0.0364045357469829,1.0
P06377,Meditation_Practice_No,-0.0364045357469829,1.0
P06618,Meditation_Practice_No,-0.0364045357469829,1.0
P06858,Meditation_Practice_No,0.0569404277068194,0.0
P05102,Meditation_Practice_No,0.0569404277068194,0.0
P08957,Meditation_Practice_No,-0.0364045357469829,1.0
P02173,Meditation_Practice_No,0.0569404277068194,0.0
P04660,Meditation_Practice_No,-0.0364045357469829,1.0
P05596,Meditation_Practice_No,-0.0364045357469829,1.0
P06803,Meditation_Practice_No,0.0569404277068194,0.0
P09499,Meditation_Practice_No,0.0569404277068194,0.0
P08241,Meditation_Practice_No,0.0569404277068194,0.0
P08608,Meditation_Practice_No,0.0569404277068194,0.0
P05033,Meditation_Practice_No,-0.0364045357469829,1.0
P02145,Meditation_Practice_No,0.0569404277068194,0.0
P02464,Meditation_Practice_No,-0.0364045357469829,1.0
P04788,Meditation_Practice_No,0.0569404277068194,0.0
P03396,Meditation_Practice_No,-0.0364045357469829,1.0
P04687,Meditation_Practice_No,-0.0364045357469829,1.0
P08661,Meditation_Practice_No,-0.0364045357469829,1.0
P03906,Meditation_Practice_No,-0.0364045357469829,1.0
P00087,Meditation_Practice_No,-0.0364045357469829,1.0
P02158,Meditation_Practice_No,-0.0364045357469829,1.0
P07132,Meditation_Practice_No,-0.0364045357469829,1.0
P03648,Meditation_Practice_No,-0.0364045357469829,1.0
P00386,Meditation_Practice_No,-0.0364045357469829,1.0
P06172,Meditation_Practice_No,-0.0364045357469829,1.0
P09875,Meditation_Practice_No,0.0569404277068194,0.0
P05815,Meditation_Practice_No,-0.0364045357469829,1.0
P00340,Meditation_Practice_No,-0.0364045357469829,1.0
P03004,Meditation_Practice_No,0.0569404277068194,0.0
P09181,Meditation_Practice_No,-0.0364045357469829,1.0
P01394,Meditation_Practice_No,-0.0364045357469829,1.0
P02444,Meditation_Practice_No,0.0569404277068194,0.0
P06338,Meditation_Practice_No,0.0569404277068194,0.0
P08045,Meditation_Practice_No,0.0569404277068194,0.0
P05136,Meditation_Practice_No,-0.0364045357469829,1.0
P00700,Meditation_Practice_No,-0.0364045357469829,1.0
P08965,Meditation_Practice_No,-0.0364045357469829,1.0
P09277,Meditation_Practice_No,0.0569404277068194,0.0
P05202,Meditation_Practice_No,-0.0364045357469829,1.0
P09172,Meditation_Practice_No,0.0569404277068194,0.0
P02765,Meditation_Practice_No,0.0569404277068194,0.0
P01636,Meditation_Practice_No,0.0569404277068194,0.0
P07964,Meditation_Practice_No,-0.0364045357469829,1.0
P00234,Meditation_Practice_No,0.0569404277068194,0.0
P03142,Meditation_Practice_No,-0.0364045357469829,1.0
P08422,Meditation_Practice_No,-0.0364045357469829,1.0
P00331,Meditation_Practice_No,-0.0364045357469829,1.0
P02089,Meditation_Practice_No,-0.0364045357469829,1.0
P08837,Meditation_Practice_No,-0.0364045357469829,1.0
P08908,Meditation_Practice_No,-0.0364045357469829,1.0
P07382,Meditation_Practice_No,-0.0364045357469829,1.0
P05107,Meditation_Practice_No,-0.0364045357469829,1.0
P07541,Meditation_Practice_No,-0.0364045357469829,1.0
P07018,Meditation_Practice_No,-0.0364045357469829,1.0
P07931,Meditation_Practice_No,-0.0364045357469829,1.0
P01596,Meditation_Practice_No,-0.0364045357469829,1.0
P03114,Meditation_Practice_No,-0.0364045357469829,1.0
P06592,Meditation_Practice_No,-0.0364045357469829,1.0
P06059,Meditation_Practice_No,-0.0364045357469829,1.0
P08519,Meditation_Practice_No,-0.0364045357469829,1.0
P04285,Meditation_Practice_No,0.0569404277068194,0.0
P01341,Meditation_Practice_No,-0.0364045357469829,1.0
P00891,Meditation_Practice_No,-0.0364045357469829,1.0
P08710,Meditation_Practice_No,-0.0364045357469829,1.0
P09199,Meditation_Practice_No,-0.0364045357469829,1.0
P01043,Meditation_Practice_No,-0.0364045357469829,1.0
P03080,Meditation_Practice_No,-0.0364045357469829,1.0
P02710,Meditation_Practice_No,0.0569404277068194,0.0
P05231,Meditation_Practice_No,0.0569404277068194,0.0
P05009,Meditation_Practice_No,-0.0364045357469829,1.0
P02827,Meditation_Practice_No,-0.0364045357469829,1.0
P02657,Meditation_Practice_No,0.0569404277068194,0.0
P06431,Meditation_Practice_No,-0.0364045357469829,1.0
P01306,Meditation_Practice_No,-0.0364045357469829,1.0
P09121,Meditation_Practice_No,-0.0364045357469829,1.0
P02049,Meditation_Practice_No,-0.0364045357469829,1.0
P02529,Meditation_Practice_No,-0.0364045357469829,1.0
P05024,Meditation_Practice_No,-0.0364045357469829,1.0
P06400,Meditation_Practice_No,-0.0364045357469829,1.0
P01681,Meditation_Practice_No,0.0569404277068194,0.0
P08182,Meditation_Practice_No,-0.0364045357469829,1.0
P09851,Meditation_Practice_No,-0.0364045357469829,1.0
P07152,Meditation_Practice_No,-0.0364045357469829,1.0
P04811,Meditation_Practice_No,-0.0364045357469829,1.0
P02722,Meditation_Practice_No,-0.0364045357469829,1.0
P03212,Meditation_Practice_No,-0.0364045357469829,1.0
P01005,Meditation_Practice_No,-0.0364045357469829,1.0
P00026,Mood_Score,-0.0117846547519738,0.2602316651235765
P00195,Mood_Score,0.0058043821912707,-0.0605964009865491
P01072,Mood_Score,0.0189961598987041,-0.3012174505691437
P06475,Mood_Score,-0.0117846547519738,0.2602316651235765
P01688,Mood_Score,-0.0117846547519738,0.2602316651235765
P08533,Mood_Score,0.0585714930210045,-1.0230805993169276
P08480,Mood_Score,-0.0469627286384631,0.9018877973438294
P06379,Mood_Score,0.0014071229554595,0.019610615540982
P07044,Mood_Score,-0.0249764324594073,0.5008527147061717
P01557,Mood_Score,0.0805577892000602,-1.4241156819545857
P07797,Mood_Score,-0.1129216171756303,2.104993045256802
P00779,Mood_Score,-0.0381682101668407,0.7414737642887661
P02590,Mood_Score,-0.0337709509310296,0.6612667477612342
P08237,Mood_Score,-0.0293736916952184,0.5810597312337029
P00090,Mood_Score,-0.0733462840533299,1.3831298965090182
P09630,Mood_Score,-0.0821408025249522,1.5435439295640807
P04193,Mood_Score,-0.0425654694026519,0.8216807808162974
P00532,Mood_Score,0.0102016414270818,-0.1408034175140811
P08669,Mood_Score,-0.0205791732235961,0.4206456981786397
P04330,Mood_Score,-0.0381682101668407,0.7414737642887661
P03660,Mood_Score,0.0365851968419487,-0.6220455166792701
P08333,Mood_Score,-0.0029901362803516,0.099817632068514
P07513,Mood_Score,0.0189961598987041,-0.3012174505691437
P06274,Mood_Score,0.0102016414270818,-0.1408034175140811
P00970,Mood_Score,-0.0073873955161627,0.1800246485960452
P01412,Mood_Score,-0.0337709509310296,0.6612667477612342
P04239,Mood_Score,-0.0293736916952184,0.5810597312337029
P08781,Mood_Score,-0.0381682101668407,0.7414737642887661
P04205,Mood_Score,-0.0601545063458965,1.142508846926423
P08698,Mood_Score,-0.0953325802323857,1.784164979146676
P08042,Mood_Score,0.0365851968419487,-0.6220455166792701
P02992,Mood_Score,0.0409824560777599,-0.7022525332068014
P00438,Mood_Score,0.0365851968419487,-0.6220455166792701
P09846,Mood_Score,-0.1173188764114415,2.1852000617843337
P09171,Mood_Score,0.0365851968419487,-0.6220455166792701
P02680,Mood_Score,0.0189961598987041,-0.3012174505691437
P09720,Mood_Score,-0.0777435432891411,1.4633369130365494
P06184,Mood_Score,0.0673660114926268,-1.183494632371991
P05874,Mood_Score,0.0365851968419487,-0.6220455166792701
P08675,Mood_Score,-0.0073873955161627,0.1800246485960452
P08254,Mood_Score,-0.0557572471100853,1.0623018303988918
P01162,Mood_Score,-0.0381682101668407,0.7414737642887661
P04781,Mood_Score,0.0058043821912707,-0.0605964009865491
P03229,Mood_Score,-0.0513599878742742,0.9820948138713608
P06069,Mood_Score,-0.0117846547519738,0.2602316651235765
P04740,Mood_Score,-0.0381682101668407,0.7414737642887661
P09669,Mood_Score,-0.0337709509310296,0.6612667477612342
P06442,Mood_Score,-0.0469627286384631,0.9018877973438294
P08425,Mood_Score,-0.0073873955161627,0.1800246485960452
P08510,Mood_Score,-0.0337709509310296,0.6612667477612342
P05673,Mood_Score,-0.0293736916952184,0.5810597312337029
P04014,Mood_Score,0.0937495669074937,-1.66473673153718
P07115,Mood_Score,0.0761605299642491,-1.3439086654270542
P04433,Mood_Score,0.0102016414270818,-0.1408034175140811
P08705,Mood_Score,-0.0645517655817077,1.222715863453956
P09567,Mood_Score,0.0541742337851933,-0.9428735827893964
P06573,Mood_Score,0.0014071229554595,0.019610615540982
P04212,Mood_Score,-0.0381682101668407,0.7414737642887661
P04309,Mood_Score,0.0014071229554595,0.019610615540982
P06441,Mood_Score,0.0277906783703264,-0.4616314836242068
P00548,Mood_Score,-0.0777435432891411,1.4633369130365494
P03427,Mood_Score,-0.0557572471100853,1.0623018303988918
P00281,Mood_Score,0.0629687522568156,-1.103287615844459
P06449,Mood_Score,-0.0865380617607634,1.6237509460916135
P06191,Mood_Score,0.0102016414270818,-0.1408034175140811
P03532,Mood_Score,-0.0425654694026519,0.8216807808162974
P01369,Mood_Score,-0.0381682101668407,0.7414737642887661
P09966,Mood_Score,0.0409824560777599,-0.7022525332068014
P06639,Mood_Score,0.0321879376061376,-0.5418385001517388
P07226,Mood_Score,-0.0117846547519738,0.2602316651235765
P08619,Mood_Score,0.0629687522568156,-1.103287615844459
P09430,Mood_Score,0.0102016414270818,-0.1408034175140811
P09574,Mood_Score,0.0321879376061376,-0.5418385001517388
P03283,Mood_Score,-0.0513599878742742,0.9820948138713608
P03417,Mood_Score,0.0014071229554595,0.019610615540982
P07254,Mood_Score,0.014598900662893,-0.2210104340416123
P07389,Mood_Score,0.0409824560777599,-0.7022525332068014
P09596,Mood_Score,-0.0381682101668407,0.7414737642887661
P07978,Mood_Score,0.0893523076716825,-1.584529715009649
P00643,Mood_Score,-0.0689490248175188,1.302922879981487
P02832,Mood_Score,0.0497769745493822,-0.8626665662618646
P01299,Mood_Score,0.045379715313571,-0.7824595497343333
P08126,Mood_Score,-0.0953325802323857,1.784164979146676
P04534,Mood_Score,0.0014071229554595,0.019610615540982
P03376,Mood_Score,0.0541742337851933,-0.9428735827893964
P05469,Mood_Score,0.0058043821912707,-0.0605964009865491
P00314,Mood_Score,-0.0249764324594073,0.5008527147061717
P07269,Mood_Score,0.014598900662893,-0.2210104340416123
P05133,Mood_Score,-0.0029901362803516,0.099817632068514
P05161,Mood_Score,0.045379715313571,-0.7824595497343333
P09795,Mood_Score,-0.0249764324594073,0.5008527147061717
P01129,Mood_Score,-0.016181913987785,0.3404386816511084
P00199,Mood_Score,0.0409824560777599,-0.7022525332068014
P07839,Mood_Score,0.0761605299642491,-1.3439086654270542
P05297,Mood_Score,-0.0689490248175188,1.302922879981487
P08544,Mood_Score,-0.104127098704008,1.9445790122017383
P03097,Mood_Score,0.0893523076716825,-1.584529715009649
P02205,Mood_Score,-0.0249764324594073,0.5008527147061717
P05477,Mood_Score,0.0409824560777599,-0.7022525332068014
P09622,Mood_Score,-0.0645517655817077,1.222715863453956
P04181,Mood_Score,0.0893523076716825,-1.584529715009649
P09864,Mood_Score,0.0277906783703264,-0.4616314836242068
P05844,Mood_Score,0.0893523076716825,-1.584529715009649
P05696,Mood_Score,-0.0557572471100853,1.0623018303988918
P04280,Mood_Score,-0.0381682101668407,0.7414737642887661
P05513,Mood_Score,-0.0953325802323857,1.784164979146676
P02010,Mood_Score,0.0058043821912707,-0.0605964009865491
P04614,Mood_Score,-0.0381682101668407,0.7414737642887661
P09494,Mood_Score,-0.0073873955161627,0.1800246485960452
P02641,Mood_Score,-0.0821408025249522,1.5435439295640807
P02954,Mood_Score,0.0585714930210045,-1.0230805993169276
P06101,Mood_Score,0.0761605299642491,-1.3439086654270542
P06377,Mood_Score,-0.0117846547519738,0.2602316651235765
P06618,Mood_Score,-0.0381682101668407,0.7414737642887661
P06858,Mood_Score,0.0321879376061376,-0.5418385001517388
P05102,Mood_Score,-0.0117846547519738,0.2602316651235765
P08957,Mood_Score,0.0629687522568156,-1.103287615844459
P02173,Mood_Score,-0.0777435432891411,1.4633369130365494
P04660,Mood_Score,0.0673660114926268,-1.183494632371991
P05596,Mood_Score,-0.0029901362803516,0.099817632068514
P06803,Mood_Score,-0.0381682101668407,0.7414737642887661
P09499,Mood_Score,0.0277906783703264,-0.4616314836242068
P08241,Mood_Score,-0.0249764324594073,0.5008527147061717
P08608,Mood_Score,-0.0117846547519738,0.2602316651235765
P05033,Mood_Score,-0.0909353209965746,1.7039579626191448
P02145,Mood_Score,-0.0777435432891411,1.4633369130365494
P02464,Mood_Score,0.0409824560777599,-0.7022525332068014
P04788,Mood_Score,-0.0513599878742742,0.9820948138713608
P03396,Mood_Score,0.0629687522568156,-1.103287615844459
P04687,Mood_Score,0.0277906783703264,-0.4616314836242068
P08661,Mood_Score,0.0497769745493822,-0.8626665662618646
P03906,Mood_Score,-0.0997298394681968,1.8643719956742075
P00087,Mood_Score,0.045379715313571,-0.7824595497343333
P02158,Mood_Score,0.0233934191345153,-0.3814244670966756
P07132,Mood_Score,-0.0645517655817077,1.222715863453956
P03648,Mood_Score,-0.0909353209965746,1.7039579626191448
P00386,Mood_Score,0.0541742337851933,-0.9428735827893964
P06172,Mood_Score,-0.0601545063458965,1.142508846926423
P09875,Mood_Score,0.0849550484358714,-1.5043226984821167
P05815,Mood_Score,0.1069413446149271,-1.9053577811197744
P00340,Mood_Score,0.0014071229554595,0.019610615540982
P03004,Mood_Score,-0.0469627286384631,0.9018877973438294
P09181,Mood_Score,-0.0293736916952184,0.5810597312337029
P01394,Mood_Score,0.0409824560777599,-0.7022525332068014
P02444,Mood_Score,-0.0381682101668407,0.7414737642887661
P06338,Mood_Score,0.014598900662893,-0.2210104340416123
P08045,Mood_Score,0.0629687522568156,-1.103287615844459
P05136,Mood_Score,0.0102016414270818,-0.1408034175140811
P00700,Mood_Score,-0.0469627286384631,0.9018877973438294
P08965,Mood_Score,0.0014071229554595,0.019610615540982
P09277,Mood_Score,0.0365851968419487,-0.6220455166792701
P05202,Mood_Score,0.0058043821912707,-0.0605964009865491
P09172,Mood_Score,0.0409824560777599,-0.7022525332068014
P02765,Mood_Score,-0.0469627286384631,0.9018877973438294
P01636,Mood_Score,-0.0557572471100853,1.0623018303988918
P07964,Mood_Score,-0.0205791732235961,0.4206456981786397
P00234,Mood_Score,0.045379715313571,-0.7824595497343333
P03142,Mood_Score,0.014598900662893,-0.2210104340416123
P08422,Mood_Score,0.0585714930210045,-1.0230805993169276
P00331,Mood_Score,0.0937495669074937,-1.66473673153718
P02089,Mood_Score,-0.0205791732235961,0.4206456981786397
P08837,Mood_Score,0.0365851968419487,-0.6220455166792701
P08908,Mood_Score,0.0233934191345153,-0.3814244670966756
P07382,Mood_Score,0.0189961598987041,-0.3012174505691437
P05107,Mood_Score,-0.016181913987785,0.3404386816511084
P07541,Mood_Score,-0.0117846547519738,0.2602316651235765
P07018,Mood_Score,0.0321879376061376,-0.5418385001517388
P07931,Mood_Score,-0.0249764324594073,0.5008527147061717
P01596,Mood_Score,0.0014071229554595,0.019610615540982
P03114,Mood_Score,-0.0953325802323857,1.784164979146676
P06592,Mood_Score,0.045379715313571,-0.7824595497343333
P06059,Mood_Score,0.0189961598987041,-0.3012174505691437
P08519,Mood_Score,-0.0821408025249522,1.5435439295640807
P04285,Mood_Score,-0.0601545063458965,1.142508846926423
P01341,Mood_Score,0.0409824560777599,-0.7022525332068014
P00891,Mood_Score,-0.016181913987785,0.3404386816511084
P08710,Mood_Score,0.0409824560777599,-0.7022525332068014
P09199,Mood_Score,0.1597084554446609,-2.867841979450153
P01043,Mood_Score,0.0102016414270818,-0.1408034175140811
P03080,Mood_Score,0.045379715313571,-0.7824595497343333
P02710,Mood_Score,-0.0117846547519738,0.2602316651235765
P05231,Mood_Score,-0.0293736916952184,0.5810597312337029
P05009,Mood_Score,0.0233934191345153,-0.3814244670966756
P02827,Mood_Score,-0.0337709509310296,0.6612667477612342
P02657,Mood_Score,-0.1173188764114415,2.1852000617843337
P06431,Mood_Score,-0.0029901362803516,0.099817632068514
P01306,Mood_Score,0.0058043821912707,-0.0605964009865491
P09121,Mood_Score,0.0277906783703264,-0.4616314836242068
P02049,Mood_Score,0.014598900662893,-0.2210104340416123
P02529,Mood_Score,0.0541742337851933,-0.9428735827893964
P05024,Mood_Score,-0.0469627286384631,0.9018877973438294
P06400,Mood_Score,0.0673660114926268,-1.183494632371991
P01681,Mood_Score,0.014598900662893,-0.2210104340416123
P08182,Mood_Score,0.0014071229554595,0.019610615540982
P09851,Mood_Score,0.0585714930210045,-1.0230805993169276
P07152,Mood_Score,0.0541742337851933,-0.9428735827893964
P04811,Mood_Score,0.0365851968419487,-0.6220455166792701
P02722,Mood_Score,0.014598900662893,-0.2210104340416123
P03212,Mood_Score,-0.0645517655817077,1.222715863453956
P01005,Mood_Score,0.0277906783703264,-0.4616314836242068
P00026,Sleep_Disorder_Risk_Low,0.0596973235126572,0.0
P00195,Sleep_Disorder_Risk_Low,-0.0280928581236033,1.0
P01072,Sleep_Disorder_Risk_Low,-0.0280928581236033,1.0
P06475,Sleep_Disorder_Risk_Low,-0.0280928581236033,1.0
P01688,Sleep_Disorder_Risk_Low,-0.0280928581236033,1.0
P08533,Sleep_Disorder_Risk_Low,0.0596973235126572,0.0
P08480,Sleep_Disorder_Risk_Low,-0.0280928581236033,1.0
P06379,Sleep_Disorder_Risk_Low,-0.0280928581236033,1.0
P07044,Sleep_Disorder_Risk_Low,-0.0280928581236033,1.0
P01557,Sleep_Disorder_Risk_Low,0.0596973235126572,0.0
P07797,Sleep_Disorder_Risk_Low,-0.0280928581236033,1.0
P00779,Sleep_Disorder_Risk_Low,0.0596973235126572,0.0
P02590,Sleep_Disorder_Risk_Low,-0.0280928581236033,1.0
P08237,Sleep_Disorder_Risk_Low,-0.0280928581236033,1.0
P00090,Sleep_Disorder_Risk_Low,0.0596973235126572,0.0
P09630,Sleep_Disorder_Risk_Low,-0.0280928581236033,1.0
P04193,Sleep_Disorder_Risk_Low,-0.0280928581236033,1.0
P00532,Sleep_Disorder_Risk_Low,0.0596973235126572,0.0
P08669,Sleep_Disorder_Risk_Low,0.0596973235126572,0.0
P04330,Sleep_Disorder_Risk_Low,-0.0280928581236033,1.0
P03660,Sleep_Disorder_Risk_Low,-0.0280928581236033,1.0
P08333,Sleep_Disorder_Risk_Low,-0.0280928581236033,1.0
P07513,Sleep_Disorder_Risk_Low,0.0596973235126572,0.0
P06274,Sleep_Disorder_Risk_Low,-0.0280928581236033,1.0
P00970,Sleep_Disorder_Risk_Low,0.0596973235126572,0.0
P01412,Sleep_Disorder_Risk_Low,-0.0280928581236033,1.0
P04239,Sleep_Disorder_Risk_Low,-0.0280928581236033,1.0
P08781,Sleep_Disorder_Risk_Low,0.0596973235126572,0.0
P04205,Sleep_Disorder_Risk_Low,-0.0280928581236033,1.0
P08698,Sleep_Disorder_Risk_Low,-0.0280928581236033,1.0
P08042,Sleep_Disorder_Risk_Low,-0.0280928581236033,1.0
P02992,Sleep_Disorder_Risk_Low,0.0596973235126572,0.0
P00438,Sleep_Disorder_Risk_Low,0.0596973235126572,0.0
P09846,Sleep_Disorder_Risk_Low,-0.0280928581236033,1.0
P09171,Sleep_Disorder_Risk_Low,-0.0280928581236033,1.0
P02680,Sleep_Disorder_Risk_Low,0.0596973235126572,0.0
P09720,Sleep_Disorder_Risk_Low,-0.0280928581236033,1.0
P06184,Sleep_Disorder_Risk_Low,0.0596973235126572,0.0
P05874,Sleep_Disorder_Risk_Low,0.0596973235126572,0.0
P08675,Sleep_Disorder_Risk_Low,0.0596973235126572,0.0
P08254,Sleep_Disorder_Risk_Low,-0.0280928581236033,1.0
P01162,Sleep_Disorder_Risk_Low,0.0596973235126572,0.0
P04781,Sleep_Disorder_Risk_Low,-0.0280928581236033,1.0
P03229,Sleep_Disorder_Risk_Low,-0.0280928581236033,1.0
P06069,Sleep_Disorder_Risk_Low,0.0596973235126572,0.0
P04740,Sleep_Disorder_Risk_Low,-0.0280928581236033,1.0
P09669,Sleep_Disorder_Risk_Low,0.0596973235126572,0.0
P06442,Sleep_Disorder_Risk_Low,0.0596973235126572,0.0
P08425,Sleep_Disorder_Risk_Low,-0.0280928581236033,1.0
P08510,Sleep_Disorder_Risk_Low,0.0596973235126572,0.0
P05673,Sleep_Disorder_Risk_Low,-0.0280928581236033,1.0
P04014,Sleep_Disorder_Risk_Low,0.0596973235126572,0.0
P07115,Sleep_Disorder_Risk_Low,-0.0280928581236033,1.0
P04433,Sleep_Disorder_Risk_Low,-0.0280928581236033,1.0
P08705,Sleep_Disorder_Risk_Low,-0.0280928581236033,1.0
P09567,Sleep_Disorder_Risk_Low,0.0596973235126572,0.0
P06573,Sleep_Disorder_Risk_Low,-0.0280928581236033,1.0
P04212,Sleep_Disorder_Risk_Low,-0.0280928581236033,1.0
P04309,Sleep_Disorder_Risk_Low,0.0596973235126572,0.0
P06441,Sleep_Disorder_Risk_Low,0.0596973235126572,0.0
P00548,Sleep_Disorder_Risk_Low,0.0596973235126572,0.0
P03427,Sleep_Disorder_Risk_Low,0.0596973235126572,0.0
P00281,Sleep_Disorder_Risk_Low,0.0596973235126572,0.0
P06449,Sleep_Disorder_Risk_Low,-0.0280928581236033,1.0
P06191,Sleep_Disorder_Risk_Low,-0.0280928581236033,1.0
P03532,Sleep_Disorder_Risk_Low,0.0596973235126572,0.0
P01369,Sleep_Disorder_Risk_Low,-0.0280928581236033,1.0
P09966,Sleep_Disorder_Risk_Low,-0.0280928581236033,1.0
P06639,Sleep_Disorder_Risk_Low,-0.0280928581236033,1.0
P07226,Sleep_Disorder_Risk_Low,0.0596973235126572,0.0
P08619,Sleep_Disorder_Risk_Low,-0.0280928581236033,1.0
P09430,Sleep_Disorder_Risk_Low,0.0596973235126572,0.0
P09574,Sleep_Disorder_Risk_Low,-0.0280928581236033,1.0
P03283,Sleep_Disorder_Risk_Low,-0.0280928581236033,1.0
P03417,Sleep_Disorder_Risk_Low,-0.0280928581236033,1.0
P07254,Sleep_Disorder_Risk_Low,-0.0280928581236033,1.0
P07389,Sleep_Disorder_Risk_Low,-0.0280928581236033,1.0
P09596,Sleep_Disorder_Risk_Low,-0.0280928581236033,1.0
P07978,Sleep_Disorder_Risk_Low,-0.0280928581236033,1.0
P00643,Sleep_Disorder_Risk_Low,-0.0280928581236033,1.0
P02832,Sleep_Disorder_Risk_Low,-0.0280928581236033,1.0
P01299,Sleep_Disorder_Risk_Low,-0.0280928581236033,1.0
P08126,Sleep_Disorder_Risk_Low,-0.0280928581236033,1.0
P04534,Sleep_Disorder_Risk_Low,-0.0280928581236033,1.0
P03376,Sleep_Disorder_Risk_Low,-0.0280928581236033,1.0
P05469,Sleep_Disorder_Risk_Low,0.0596973235126572,0.0
P00314,Sleep_Disorder_Risk_Low,0.0596973235126572,0.0
P07269,Sleep_Disorder_Risk_Low,-0.0280928581236033,1.0
P05133,Sleep_Disorder_Risk_Low,0.0596973235126572,0.0
P05161,Sleep_Disorder_Risk_Low,0.0596973235126572,0.0
P09795,Sleep_Disorder_Risk_Low,-0.0280928581236033,1.0
P01129,Sleep_Disorder_Risk_Low,-0.0280928581236033,1.0
P00199,Sleep_Disorder_Risk_Low,-0.0280928581236033,1.0
P07839,Sleep_Disorder_Risk_Low,-0.0280928581236033,1.0
P05297,Sleep_Disorder_Risk_Low,-0.0280928581236033,1.0
P08544,Sleep_Disorder_Risk_Low,-0.0280928581236033,1.0
P03097,Sleep_Disorder_Risk_Low,0.0596973235126572,0.0
P02205,Sleep_Disorder_Risk_Low,-0.0280928581236033,1.0
P05477,Sleep_Disorder_Risk_Low,0.0596973235126572,0.0
P09622,Sleep_Disorder_Risk_Low,-0.0280928581236033,1.0
P04181,Sleep_Disorder_Risk_Low,0.0596973235126572,0.0
P09864,Sleep_Disorder_Risk_Low,-0.0280928581236033,1.0
P05844,Sleep_Disorder_Risk_Low,0.0596973235126572,0.0
P05696,Sleep_Disorder_Risk_Low,0.0596973235126572,0.0
P04280,Sleep_Disorder_Risk_Low,0.0596973235126572,0.0
P05513,Sleep_Disorder_Risk_Low,-0.0280928581236033,1.0
P02010,Sleep_Disorder_Risk_Low,-0.0280928581236033,1.0
P04614,Sleep_Disorder_Risk_Low,0.0596973235126572,0.0
P09494,Sleep_Disorder_Risk_Low,0.0596973235126572,0.0
P02641,Sleep_Disorder_Risk_Low,0.0596973235126572,0.0
P02954,Sleep_Disorder_Risk_Low,-0.0280928581236033,1.0
P06101,Sleep_Disorder_Risk_Low,0.0596973235126572,0.0
P06377,Sleep_Disorder_Risk_Low,0.0596973235126572,0.0
P06618,Sleep_Disorder_Risk_Low,-0.0280928581236033,1.0
P06858,Sleep_Disorder_Risk_Low,0.0596973235126572,0.0
P05102,Sleep_Disorder_Risk_Low,-0.0280928581236033,1.0
P08957,Sleep_Disorder_Risk_Low,0.0596973235126572,0.0
P02173,Sleep_Disorder_Risk_Low,0.0596973235126572,0.0
P04660,Sleep_Disorder_Risk_Low,0.0596973235126572,0.0
P05596,Sleep_Disorder_Risk_Low,-0.0280928581236033,1.0
P06803,Sleep_Disorder_Risk_Low,-0.0280928581236033,1.0
P09499,Sleep_Disorder_Risk_Low,0.0596973235126572,0.0
P08241,Sleep_Disorder_Risk_Low,-0.0280928581236033,1.0
P08608,Sleep_Disorder_Risk_Low,0.0596973235126572,0.0
P05033,Sleep_Disorder_Risk_Low,0.0596973235126572,0.0
P02145,Sleep_Disorder_Risk_Low,-0.0280928581236033,1.0
P02464,Sleep_Disorder_Risk_Low,0.0596973235126572,0.0
P04788,Sleep_Disorder_Risk_Low,-0.0280928581236033,1.0
P03396,Sleep_Disorder_Risk_Low,0.0596973235126572,0.0
P04687,Sleep_Disorder_Risk_Low,-0.0280928581236033,1.0
P08661,Sleep_Disorder_Risk_Low,0.0596973235126572,0.0
P03906,Sleep_Disorder_Risk_Low,-0.0280928581236033,1.0
P00087,Sleep_Disorder_Risk_Low,-0.0280928581236033,1.0
P02158,Sleep_Disorder_Risk_Low,0.0596973235126572,0.0
P07132,Sleep_Disorder_Risk_Low,-0.0280928581236033,1.0
P03648,Sleep_Disorder_Risk_Low,-0.0280928581236033,1.0
P00386,Sleep_Disorder_Risk_Low,-0.0280928581236033,1.0
P06172,Sleep_Disorder_Risk_Low,0.0596973235126572,0.0
P09875,Sleep_Disorder_Risk_Low,0.0596973235126572,0.0
P05815,Sleep_Disorder_Risk_Low,0.0596973235126572,0.0
P00340,Sleep_Disorder_Risk_Low,0.0596973235126572,0.0
P03004,Sleep_Disorder_Risk_Low,0.0596973235126572,0.0
P09181,Sleep_Disorder_Risk_Low,-0.0280928581236033,1.0
P01394,Sleep_Disorder_Risk_Low,-0.0280928581236033,1.0
P02444,Sleep_Disorder_Risk_Low,-0.0280928581236033,1.0
P06338,Sleep_Disorder_Risk_Low,0.0596973235126572,0.0
P08045,Sleep_Disorder_Risk_Low,-0.0280928581236033,1.0
P05136,Sleep_Disorder_Risk_Low,-0.0280928581236033,1.0
P00700,Sleep_Disorder_Risk_Low,-0.0280928581236033,1.0
P08965,Sleep_Disorder_Risk_Low,0.0596973235126572,0.0
P09277,Sleep_Disorder_Risk_Low,0.0596973235126572,0.0
P05202,Sleep_Disorder_Risk_Low,-0.0280928581236033,1.0
P09172,Sleep_Disorder_Risk_Low,0.0596973235126572,0.0
P02765,Sleep_Disorder_Risk_Low,-0.0280928581236033,1.0
P01636,Sleep_Disorder_Risk_Low,-0.0280928581236033,1.0
P07964,Sleep_Disorder_Risk_Low,-0.0280928581236033,1.0
P00234,Sleep_Disorder_Risk_Low,-0.0280928581236033,1.0
P03142,Sleep_Disorder_Risk_Low,-0.0280928581236033,1.0
P08422,Sleep_Disorder_Risk_Low,0.0596973235126572,0.0
P00331,Sleep_Disorder_Risk_Low,0.0596973235126572,0.0
P02089,Sleep_Disorder_Risk_Low,-0.0280928581236033,1.0
P08837,Sleep_Disorder_Risk_Low,-0.0280928581236033,1.0
P08908,Sleep_Disorder_Risk_Low,0.0596973235126572,0.0
P07382,Sleep_Disorder_Risk_Low,-0.0280928581236033,1.0
P05107,Sleep_Disorder_Risk_Low,-0.0280928581236033,1.0
P07541,Sleep_Disorder_Risk_Low,-0.0280928581236033,1.0
P07018,Sleep_Disorder_Risk_Low,-0.0280928581236033,1.0
P07931,Sleep_Disorder_Risk_Low,-0.0280928581236033,1.0
P01596,Sleep_Disorder_Risk_Low,-0.0280928581236033,1.0
P03114,Sleep_Disorder_Risk_Low,-0.0280928581236033,1.0
P06592,Sleep_Disorder_Risk_Low,-0.0280928581236033,1.0
P06059,Sleep_Disorder_Risk_Low,0.0596973235126572,0.0
P08519,Sleep_Disorder_Risk_Low,0.0596973235126572,0.0
P04285,Sleep_Disorder_Risk_Low,-0.0280928581236033,1.0
P01341,Sleep_Disorder_Risk_Low,-0.0280928581236033,1.0
P00891,Sleep_Disorder_Risk_Low,0.0596973235126572,0.0
P08710,Sleep_Disorder_Risk_Low,-0.0280928581236033,1.0
P09199,Sleep_Disorder_Risk_Low,0.0596973235126572,0.0
P01043,Sleep_Disorder_Risk_Low,0.0596973235126572,0.0
P03080,Sleep_Disorder_Risk_Low,0.0596973235126572,0.0
P02710,Sleep_Disorder_Risk_Low,0.0596973235126572,0.0
P05231,Sleep_Disorder_Risk_Low,-0.0280928581236033,1.0
P05009,Sleep_Disorder_Risk_Low,0.0596973235126572,0.0
P02827,Sleep_Disorder_Risk_Low,-0.0280928581236033,1.0
P02657,Sleep_Disorder_Risk_Low,-0.0280928581236033,1.0
P06431,Sleep_Disorder_Risk_Low,-0.0280928581236033,1.0
P01306,Sleep_Disorder_Risk_Low,-0.0280928581236033,1.0
P09121,Sleep_Disorder_Risk_Low,-0.0280928581236033,1.0
P02049,Sleep_Disorder_Risk_Low,0.0596973235126572,0.0
P02529,Sleep_Disorder_Risk_Low,0.0596973235126572,0.0
P05024,Sleep_Disorder_Risk_Low,-0.0280928581236033,1.0
P06400,Sleep_Disorder_Risk_Low,-0.0280928581236033,1.0
P01681,Sleep_Disorder_Risk_Low,-0.0280928581236033,1.0
P08182,Sleep_Disorder_Risk_Low,-0.0280928581236033,1.0
P09851,Sleep_Disorder_Risk_Low,0.0596973235126572,0.0
P07152,Sleep_Disorder_Risk_Low,0.0596973235126572,0.0
P04811,Sleep_Disorder_Risk_Low,-0.0280928581236033,1.0
P02722,Sleep_Disorder_Risk_Low,-0.0280928581236033,1.0
P03212,Sleep_Disorder_Risk_Low,-0.0280928581236033,1.0
P01005,Sleep_Disorder_Risk_Low,-0.0280928581236033,1.0
P00026,Smoking_Status_Never,-0.0337072765796165,1.0
P00195,Smoking_Status_Never,0.0527216377270925,0.0
P01072,Smoking_Status_Never,-0.0337072765796165,1.0
P06475,Smoking_Status_Never,-0.0337072765796165,1.0
P01688,Smoking_Status_Never,-0.0337072765796165,1.0
P08533,Smoking_Status_Never,-0.0337072765796165,1.0
P08480,Smoking_Status_Never,-0.0337072765796165,1.0
P06379,Smoking_Status_Never,-0.0337072765796165,1.0
P07044,Smoking_Status_Never,0.0527216377270925,0.0
P01557,Smoking_Status_Never,0.0527216377270925,0.0
P07797,Smoking_Status_Never,0.0527216377270925,0.0
P00779,Smoking_Status_Never,0.0527216377270925,0.0
P02590,Smoking_Status_Never,-0.0337072765796165,1.0
P08237,Smoking_Status_Never,0.0527216377270925,0.0
P00090,Smoking_Status_Never,0.0527216377270925,0.0
P09630,Smoking_Status_Never,0.0527216377270925,0.0
P04193,Smoking_Status_Never,-0.0337072765796165,1.0
P00532,Smoking_Status_Never,-0.0337072765796165,1.0
P08669,Smoking_Status_Never,-0.0337072765796165,1.0
P04330,Smoking_Status_Never,-0.0337072765796165,1.0
P03660,Smoking_Status_Never,0.0527216377270925,0.0
P08333,Smoking_Status_Never,-0.0337072765796165,1.0
P07513,Smoking_Status_Never,0.0527216377270925,0.0
P06274,Smoking_Status_Never,-0.0337072765796165,1.0
P00970,Smoking_Status_Never,0.0527216377270925,0.0
P01412,Smoking_Status_Never,0.0527216377270925,0.0
P04239,Smoking_Status_Never,-0.0337072765796165,1.0
P08781,Smoking_Status_Never,0.0527216377270925,0.0
P04205,Smoking_Status_Never,0.0527216377270925,0.0
P08698,Smoking_Status_Never,-0.0337072765796165,1.0
P08042,Smoking_Status_Never,-0.0337072765796165,1.0
P02992,Smoking_Status_Never,-0.0337072765796165,1.0
P00438,Smoking_Status_Never,0.0527216377270925,0.0
P09846,Smoking_Status_Never,-0.0337072765796165,1.0
P09171,Smoking_Status_Never,-0.0337072765796165,1.0
P02680,Smoking_Status_Never,-0.0337072765796165,1.0
P09720,Smoking_Status_Never,-0.0337072765796165,1.0
P06184,Smoking_Status_Never,-0.0337072765796165,1.0
P05874,Smoking_Status_Never,0.0527216377270925,0.0
P08675,Smoking_Status_Never,-0.0337072765796165,1.0
P08254,Smoking_Status_Never,-0.0337072765796165,1.0
P01162,Smoking_Status_Never,-0.0337072765796165,1.0
P04781,Smoking_Status_Never,0.0527216377270925,0.0
P03229,Smoking_Status_Never,0.0527216377270925,0.0
P06069,Smoking_Status_Never,-0.0337072765796165,1.0
P04740,Smoking_Status_Never,-0.0337072765796165,1.0
P09669,Smoking_Status_Never,-0.0337072765796165,1.0
P06442,Smoking_Status_Never,-0.0337072765796165,1.0
P08425,Smoking_Status_Never,-0.0337072765796165,1.0
P08510,Smoking_Status_Never,-0.0337072765796165,1.0
P05673,Smoking_Status_Never,-0.0337072765796165,1.0
P04014,Smoking_Status_Never,-0.0337072765796165,1.0
P07115,Smoking_Status_Never,-0.0337072765796165,1.0
P04433,Smoking_Status_Never,-0.0337072765796165,1.0
P08705,Smoking_Status_Never,-0.0337072765796165,1.0
P09567,Smoking_Status_Never,-0.0337072765796165,1.0
P06573,Smoking_Status_Never,-0.0337072765796165,1.0
P04212,Smoking_Status_Never,-0.0337072765796165,1.0
P04309,Smoking_Status_Never,-0.0337072765796165,1.0
P06441,Smoking_Status_Never,-0.0337072765796165,1.0
P00548,Smoking_Status_Never,-0.0337072765796165,1.0
P03427,Smoking_Status_Never,0.0527216377270925,0.0
P00281,Smoking_Status_Never,-0.0337072765796165,1.0
P06449,Smoking_Status_Never,-0.0337072765796165,1.0
P06191,Smoking_Status_Never,-0.0337072765796165,1.0
P03532,Smoking_Status_Never,-0.0337072765796165,1.0
P01369,Smoking_Status_Never,0.0527216377270925,0.0
P09966,Smoking_Status_Never,0.0527216377270925,0.0
P06639,Smoking_Status_Never,-0.0337072765796165,1.0
P07226,Smoking_Status_Never,0.0527216377270925,0.0
P08619,Smoking_Status_Never,0.0527216377270925,0.0
P09430,Smoking_Status_Never,-0.0337072765796165,1.0
P09574,Smoking_Status_Never,0.0527216377270925,0.0
P03283,Smoking_Status_Never,0.0527216377270925,0.0
P03417,Smoking_Status_Never,-0.0337072765796165,1.0
P07254,Smoking_Status_Never,-0.0337072765796165,1.0
P07389,Smoking_Status_Never,-0.0337072765796165,1.0
P09596,Smoking_Status_Never,0.0527216377270925,0.0
P07978,Smoking_Status_Never,-0.0337072765796165,1.0
P00643,Smoking_Status_Never,-0.0337072765796165,1.0
P02832,Smoking_Status_Never,-0.0337072765796165,1.0
P01299,Smoking_Status_Never,-0.0337072765796165,1.0
P08126,Smoking_Status_Never,0.0527216377270925,0.0
P04534,Smoking_Status_Never,0.0527216377270925,0.0
P03376,Smoking_Status_Never,-0.0337072765796165,1.0
P05469,Smoking_Status_Never,0.0527216377270925,0.0
P00314,Smoking_Status_Never,0.0527216377270925,0.0
P07269,Smoking_Status_Never,-0.0337072765796165,1.0
P05133,Smoking_Status_Never,-0.0337072765796165,1.0
P05161,Smoking_Status_Never,-0.0337072765796165,1.0
P09795,Smoking_Status_Never,-0.0337072765796165,1.0
P01129,Smoking_Status_Never,0.0527216377270925,0.0
P00199,Smoking_Status_Never,-0.0337072765796165,1.0
P07839,Smoking_Status_Never,0.0527216377270925,0.0
P05297,Smoking_Status_Never,-0.0337072765796165,1.0
P08544,Smoking_Status_Never,-0.0337072765796165,1.0
P03097,Smoking_Status_Never,0.0527216377270925,0.0
P02205,Smoking_Status_Never,-0.0337072765796165,1.0
P05477,Smoking_Status_Never,-0.0337072765796165,1.0
P09622,Smoking_Status_Never,0.0527216377270925,0.0
P04181,Smoking_Status_Never,-0.0337072765796165,1.0
P09864,Smoking_Status_Never,-0.0337072765796165,1.0
P05844,Smoking_Status_Never,-0.0337072765796165,1.0
P05696,Smoking_Status_Never,-0.0337072765796165,1.0
P04280,Smoking_Status_Never,0.0527216377270925,0.0
P05513,Smoking_Status_Never,0.0527216377270925,0.0
P02010,Smoking_Status_Never,0.0527216377270925,0.0
P04614,Smoking_Status_Never,0.0527216377270925,0.0
P09494,Smoking_Status_Never,-0.0337072765796165,1.0
P02641,Smoking_Status_Never,-0.0337072765796165,1.0
P02954,Smoking_Status_Never,-0.0337072765796165,1.0
P06101,Smoking_Status_Never,-0.0337072765796165,1.0
P06377,Smoking_Status_Never,-0.0337072765796165,1.0
P06618,Smoking_Status_Never,0.0527216377270925,0.0
P06858,Smoking_Status_Never,-0.0337072765796165,1.0
P05102,Smoking_Status_Never,0.0527216377270925,0.0
P08957,Smoking_Status_Never,-0.0337072765796165,1.0
P02173,Smoking_Status_Never,-0.0337072765796165,1.0
P04660,Smoking_Status_Never,0.0527216377270925,0.0
P05596,Smoking_Status_Never,-0.0337072765796165,1.0
P06803,Smoking_Status_Never,-0.0337072765796165,1.0
P09499,Smoking_Status_Never,0.0527216377270925,0.0
P08241,Smoking_Status_Never,0.0527216377270925,0.0
P08608,Smoking_Status_Never,0.0527216377270925,0.0
P05033,Smoking_Status_Never,-0.0337072765796165,1.0
P02145,Smoking_Status_Never,0.0527216377270925,0.0
P02464,Smoking_Status_Never,-0.0337072765796165,1.0
P04788,Smoking_Status_Never,0.0527216377270925,0.0
P03396,Smoking_Status_Never,0.0527216377270925,0.0
P04687,Smoking_Status_Never,0.0527216377270925,0.0
P08661,Smoking_Status_Never,0.0527216377270925,0.0
P03906,Smoking_Status_Never,-0.0337072765796165,1.0
P00087,Smoking_Status_Never,-0.0337072765796165,1.0
P02158,Smoking_Status_Never,-0.0337072765796165,1.0
P07132,Smoking_Status_Never,0.0527216377270925,0.0
P03648,Smoking_Status_Never,0.0527216377270925,0.0
P00386,Smoking_Status_Never,-0.0337072765796165,1.0
P06172,Smoking_Status_Never,0.0527216377270925,0.0
P09875,Smoking_Status_Never,0.0527216377270925,0.0
P05815,Smoking_Status_Never,0.0527216377270925,0.0
P00340,Smoking_Status_Never,-0.0337072765796165,1.0
P03004,Smoking_Status_Never,-0.0337072765796165,1.0
P09181,Smoking_Status_Never,-0.0337072765796165,1.0
P01394,Smoking_Status_Never,-0.0337072765796165,1.0
P02444,Smoking_Status_Never,-0.0337072765796165,1.0
P06338,Smoking_Status_Never,-0.0337072765796165,1.0
P08045,Smoking_Status_Never,-0.0337072765796165,1.0
P05136,Smoking_Status_Never,-0.0337072765796165,1.0
P00700,Smoking_Status_Never,-0.0337072765796165,1.0
P08965,Smoking_Status_Never,-0.0337072765796165,1.0
P09277,Smoking_Status_Never,-0.0337072765796165,1.0
P05202,Smoking_Status_Never,-0.0337072765796165,1.0
P09172,Smoking_Status_Never,0.0527216377270925,0.0
P02765,Smoking_Status_Never,0.0527216377270925,0.0
P01636,Smoking_Status_Never,-0.0337072765796165,1.0
P07964,Smoking_Status_Never,-0.0337072765796165,1.0
P00234,Smoking_Status_Never,0.0527216377270925,0.0
P03142,Smoking_Status_Never,-0.0337072765796165,1.0
P08422,Smoking_Status_Never,0.0527216377270925,0.0
P00331,Smoking_Status_Never,-0.0337072765796165,1.0
P02089,Smoking_Status_Never,-0.0337072765796165,1.0
P08837,Smoking_Status_Never,-0.0337072765796165,1.0
P08908,Smoking_Status_Never,0.0527216377270925,0.0
P07382,Smoking_Status_Never,-0.0337072765796165,1.0
P05107,Smoking_Status_Never,-0.0337072765796165,1.0
P07541,Smoking_Status_Never,0.0527216377270925,0.0
P07018,Smoking_Status_Never,-0.0337072765796165,1.0
P07931,Smoking_Status_Never,0.0527216377270925,0.0
P01596,Smoking_Status_Never,0.0527216377270925,0.0
P03114,Smoking_Status_Never,0.0527216377270925,0.0
P06592,Smoking_Status_Never,0.0527216377270925,0.0
P06059,Smoking_Status_Never,0.0527216377270925,0.0
P08519,Smoking_Status_Never,-0.0337072765796165,1.0
P04285,Smoking_Status_Never,-0.0337072765796165,1.0
P01341,Smoking_Status_Never,-0.0337072765796165,1.0
P00891,Smoking_Status_Never,-0.0337072765796165,1.0
P08710,Smoking_Status_Never,-0.0337072765796165,1.0
P09199,Smoking_Status_Never,-0.0337072765796165,1.0
P01043,Smoking_Status_Never,0.0527216377270925,0.0
P03080,Smoking_Status_Never,0.0527216377270925,0.0
P02710,Smoking_Status_Never,-0.0337072765796165,1.0
P05231,Smoking_Status_Never,0.0527216377270925,0.0
P05009,Smoking_Status_Never,-0.0337072765796165,1.0
P02827,Smoking_Status_Never,0.0527216377270925,0.0
P02657,Smoking_Status_Never,-0.0337072765796165,1.0
P06431,Smoking_Status_Never,-0.0337072765796165,1.0
P01306,Smoking_Status_Never,-0.0337072765796165,1.0
P09121,Smoking_Status_Never,-0.0337072765796165,1.0
P02049,Smoking_Status_Never,-0.0337072765796165,1.0
P02529,Smoking_Status_Never,-0.0337072765796165,1.0
P05024,Smoking_Status_Never,-0.0337072765796165,1.0
P06400,Smoking_Status_Never,-0.0337072765796165,1.0
P01681,Smoking_Status_Never,0.0527216377270925,0.0
P08182,Smoking_Status_Never,-0.0337072765796165,1.0
P09851,Smoking_Status_Never,-0.0337072765796165,1.0
P07152,Smoking_Status_Never,-0.0337072765796165,1.0
P04811,Smoking_Status_Never,-0.0337072765796165,1.0
P02722,Smoking_Status_Never,-0.0337072765796165,1.0
P03212,Smoking_Status_Never,0.0527216377270925,0.0
P01005,Smoking_Status_Never,0.0527216377270925,0.0
P00026,Workout_Intensity_High,0.025338546725713,0.0
P00195,Workout_Intensity_High,-0.0760156401771392,1.0
P01072,Workout_Intensity_High,0.025338546725713,0.0
P06475,Workout_Intensity_High,-0.0760156401771392,1.0
P01688,Workout_Intensity_High,-0.0760156401771392,1.0
P08533,Workout_Intensity_High,0.025338546725713,0.0
P08480,Workout_Intensity_High,-0.0760156401771392,1.0
P06379,Workout_Intensity_High,0.025338546725713,0.0
P07044,Workout_Intensity_High,0.025338546725713,0.0
P01557,Workout_Intensity_High,-0.0760156401771392,1.0
P07797,Workout_Intensity_High,0.025338546725713,0.0
P00779,Workout_Intensity_High,-0.0760156401771392,1.0
P02590,Workout_Intensity_High,0.025338546725713,0.0
P08237,Workout_Intensity_High,0.025338546725713,0.0
P00090,Workout_Intensity_High,-0.0760156401771392,1.0
P09630,Workout_Intensity_High,-0.0760156401771392,1.0
P04193,Workout_Intensity_High,-0.0760156401771392,1.0
P00532,Workout_Intensity_High,0.025338546725713,0.0
P08669,Workout_Intensity_High,0.025338546725713,0.0
P04330,Workout_Intensity_High,0.025338546725713,0.0
P03660,Workout_Intensity_High,0.025338546725713,0.0
P08333,Workout_Intensity_High,0.025338546725713,0.0
P07513,Workout_Intensity_High,-0.0760156401771392,1.0
P06274,Workout_Intensity_High,-0.0760156401771392,1.0
P00970,Workout_Intensity_High,0.025338546725713,0.0
P01412,Workout_Intensity_High,0.025338546725713,0.0
P04239,Workout_Intensity_High,0.025338546725713,0.0
P08781,Workout_Intensity_High,0.025338546725713,0.0
P04205,Workout_Intensity_High,-0.0760156401771392,1.0
P08698,Workout_Intensity_High,0.025338546725713,0.0
P08042,Workout_Intensity_High,0.025338546725713,0.0
P02992,Workout_Intensity_High,0.025338546725713,0.0
P00438,Workout_Intensity_High,0.025338546725713,0.0
P09846,Workout_Intensity_High,0.025338546725713,0.0
P09171,Workout_Intensity_High,0.025338546725713,0.0
P02680,Workout_Intensity_High,0.025338546725713,0.0
P09720,Workout_Intensity_High,0.025338546725713,0.0
P06184,Workout_Intensity_High,-0.0760156401771392,1.0
P05874,Workout_Intensity_High,0.025338546725713,0.0
P08675,Workout_Intensity_High,0.025338546725713,0.0
P08254,Workout_Intensity_High,0.025338546725713,0.0
P01162,Workout_Intensity_High,-0.0760156401771392,1.0
P04781,Workout_Intensity_High,-0.0760156401771392,1.0
P03229,Workout_Intensity_High,0.025338546725713,0.0
P06069,Workout_Intensity_High,0.025338546725713,0.0
P04740,Workout_Intensity_High,-0.0760156401771392,1.0
P09669,Workout_Intensity_High,0.025338546725713,0.0
P06442,Workout_Intensity_High,0.025338546725713,0.0
P08425,Workout_Intensity_High,0.025338546725713,0.0
P08510,Workout_Intensity_High,0.025338546725713,0.0
P05673,Workout_Intensity_High,-0.0760156401771392,1.0
P04014,Workout_Intensity_High,0.025338546725713,0.0
P07115,Workout_Intensity_High,-0.0760156401771392,1.0
P04433,Workout_Intensity_High,0.025338546725713,0.0
P08705,Workout_Intensity_High,-0.0760156401771392,1.0
P09567,Workout_Intensity_High,0.025338546725713,0.0
P06573,Workout_Intensity_High,0.025338546725713,0.0
P04212,Workout_Intensity_High,0.025338546725713,0.0
P04309,Workout_Intensity_High,0.025338546725713,0.0
P06441,Workout_Intensity_High,0.025338546725713,0.0
P00548,Workout_Intensity_High,-0.0760156401771392,1.0
P03427,Workout_Intensity_High,0.025338546725713,0.0
P00281,Workout_Intensity_High,0.025338546725713,0.0
P06449,Workout_Intensity_High,0.025338546725713,0.0
P06191,Workout_Intensity_High,0.025338546725713,0.0
P03532,Workout_Intensity_High,0.025338546725713,0.0
P01369,Workout_Intensity_High,0.025338546725713,0.0
P09966,Workout_Intensity_High,0.025338546725713,0.0
P06639,Workout_Intensity_High,0.025338546725713,0.0
P07226,Workout_Intensity_High,0.025338546725713,0.0
P08619,Workout_Intensity_High,0.025338546725713,0.0
P09430,Workout_Intensity_High,0.025338546725713,0.0
P09574,Workout_Intensity_High,0.025338546725713,0.0
P03283,Workout_Intensity_High,-0.0760156401771392,1.0
P03417,Workout_Intensity_High,0.025338546725713,0.0
P07254,Workout_Intensity_High,-0.0760156401771392,1.0
P07389,Workout_Intensity_High,-0.0760156401771392,1.0
P09596,Workout_Intensity_High,0.025338546725713,0.0
P07978,Workout_Intensity_High,0.025338546725713,0.0
P00643,Workout_Intensity_High,-0.0760156401771392,1.0
P02832,Workout_Intensity_High,-0.0760156401771392,1.0
P01299,Workout_Intensity_High,0.025338546725713,0.0
P08126,Workout_Intensity_High,0.025338546725713,0.0
P04534,Workout_Intensity_High,0.025338546725713,0.0
P03376,Workout_Intensity_High,0.025338546725713,0.0
P05469,Workout_Intensity_High,0.025338546725713,0.0
P00314,Workout_Intensity_High,0.025338546725713,0.0
P07269,Workout_Intensity_High,0.025338546725713,0.0
P05133,Workout_Intensity_High,0.025338546725713,0.0
P05161,Workout_Intensity_High,0.025338546725713,0.0
P09795,Workout_Intensity_High,0.025338546725713,0.0
P01129,Workout_Intensity_High,0.025338546725713,0.0
P00199,Workout_Intensity_High,0.025338546725713,0.0
P07839,Workout_Intensity_High,0.025338546725713,0.0
P05297,Workout_Intensity_High,-0.0760156401771392,1.0
P08544,Workout_Intensity_High,0.025338546725713,0.0
P03097,Workout_Intensity_High,-0.0760156401771392,1.0
P02205,Workout_Intensity_High,0.025338546725713,0.0
P05477,Workout_Intensity_High,0.025338546725713,0.0
P09622,Workout_Intensity_High,-0.0760156401771392,1.0
P04181,Workout_Intensity_High,0.025338546725713,0.0
P09864,Workout_Intensity_High,0.025338546725713,0.0
P05844,Workout_Intensity_High,0.025338546725713,0.0
P05696,Workout_Intensity_High,0.025338546725713,0.0
P04280,Workout_Intensity_High,0.025338546725713,0.0
P05513,Workout_Intensity_High,0.025338546725713,0.0
P02010,Workout_Intensity_High,0.025338546725713,0.0
P04614,Workout_Intensity_High,0.025338546725713,0.0
P09494,Workout_Intensity_High,0.025338546725713,0.0
P02641,Workout_Intensity_High,-0.0760156401771392,1.0
P02954,Workout_Intensity_High,0.025338546725713,0.0
P06101,Workout_Intensity_High,0.025338546725713,0.0
P06377,Workout_Intensity_High,0.025338546725713,0.0
P06618,Workout_Intensity_High,-0.0760156401771392,1.0
P06858,Workout_Intensity_High,0.025338546725713,0.0
P05102,Workout_Intensity_High,0.025338546725713,0.0
P08957,Workout_Intensity_High,-0.0760156401771392,1.0
P02173,Workout_Intensity_High,0.025338546725713,0.0
P04660,Workout_Intensity_High,0.025338546725713,0.0
P05596,Workout_Intensity_High,0.025338546725713,0.0
P06803,Workout_Intensity_High,0.025338546725713,0.0
P09499,Workout_Intensity_High,0.025338546725713,0.0
P08241,Workout_Intensity_High,0.025338546725713,0.0
P08608,Workout_Intensity_High,0.025338546725713,0.0
P05033,Workout_Intensity_High,-0.0760156401771392,1.0
P02145,Workout_Intensity_High,-0.0760156401771392,1.0
P02464,Workout_Intensity_High,-0.0760156401771392,1.0
P04788,Workout_Intensity_High,-0.0760156401771392,1.0
P03396,Workout_Intensity_High,-0.0760156401771392,1.0
P04687,Workout_Intensity_High,-0.0760156401771392,1.0
P08661,Workout_Intensity_High,-0.0760156401771392,1.0
P03906,Workout_Intensity_High,0.025338546725713,0.0
P00087,Workout_Intensity_High,0.025338546725713,0.0
P02158,Workout_Intensity_High,0.025338546725713,0.0
P07132,Workout_Intensity_High,-0.0760156401771392,1.0
P03648,Workout_Intensity_High,-0.0760156401771392,1.0
P00386,Workout_Intensity_High,-0.0760156401771392,1.0
P06172,Workout_Intensity_High,-0.0760156401771392,1.0
P09875,Workout_Intensity_High,0.025338546725713,0.0
P05815,Workout_Intensity_High,0.025338546725713,0.0
P00340,Workout_Intensity_High,0.025338546725713,0.0
P03004,Workout_Intensity_High,0.025338546725713,0.0
P09181,Workout_Intensity_High,-0.0760156401771392,1.0
P01394,Workout_Intensity_High,-0.0760156401771392,1.0
P02444,Workout_Intensity_High,0.025338546725713,0.0
P06338,Workout_Intensity_High,0.025338546725713,0.0
P08045,Workout_Intensity_High,0.025338546725713,0.0
P05136,Workout_Intensity_High,0.025338546725713,0.0
P00700,Workout_Intensity_High,0.025338546725713,0.0
P08965,Workout_Intensity_High,0.025338546725713,0.0
P09277,Workout_Intensity_High,0.025338546725713,0.0
P05202,Workout_Intensity_High,0.025338546725713,0.0
P09172,Workout_Intensity_High,0.025338546725713,0.0
P02765,Workout_Intensity_High,0.025338546725713,0.0
P01636,Workout_Intensity_High,0.025338546725713,0.0
P07964,Workout_Intensity_High,0.025338546725713,0.0
P00234,Workout_Intensity_High,0.025338546725713,0.0
P03142,Workout_Intensity_High,0.025338546725713,0.0
P08422,Workout_Intensity_High,-0.0760156401771392,1.0
P00331,Workout_Intensity_High,-0.0760156401771392,1.0
P02089,Workout_Intensity_High,0.025338546725713,0.0
P08837,Workout_Intensity_High,-0.0760156401771392,1.0
P08908,Workout_Intensity_High,0.025338546725713,0.0
P07382,Workout_Intensity_High,0.025338546725713,0.0
P05107,Workout_Intensity_High,0.025338546725713,0.0
P07541,Workout_Intensity_High,-0.0760156401771392,1.0
P07018,Workout_Intensity_High,0.025338546725713,0.0
P07931,Workout_Intensity_High,0.025338546725713,0.0
P01596,Workout_Intensity_High,0.025338546725713,0.0
P03114,Workout_Intensity_High,0.025338546725713,0.0
P06592,Workout_Intensity_High,0.025338546725713,0.0
P06059,Workout_Intensity_High,0.025338546725713,0.0
P08519,Workout_Intensity_High,0.025338546725713,0.0
P04285,Workout_Intensity_High,0.025338546725713,0.0
P01341,Workout_Intensity_High,0.025338546725713,0.0
P00891,Workout_Intensity_High,0.025338546725713,0.0
P08710,Workout_Intensity_High,-0.0760156401771392,1.0
P09199,Workout_Intensity_High,0.025338546725713,0.0
P01043,Workout_Intensity_High,0.025338546725713,0.0
P03080,Workout_Intensity_High,0.025338546725713,0.0
P02710,Workout_Intensity_High,0.025338546725713,0.0
P05231,Workout_Intensity_High,0.025338546725713,0.0
P05009,Workout_Intensity_High,0.025338546725713,0.0
P02827,Workout_Intensity_High,0.025338546725713,0.0
P02657,Workout_Intensity_High,0.025338546725713,0.0
P06431,Workout_Intensity_High,0.025338546725713,0.0
P01306,Workout_Intensity_High,-0.0760156401771392,1.0
P09121,Workout_Intensity_High,0.025338546725713,0.0
P02049,Workout_Intensity_High,0.025338546725713,0.0
P02529,Workout_Intensity_High,0.025338546725713,0.0
P05024,Workout_Intensity_High,0.025338546725713,0.0
P06400,Workout_Intensity_High,-0.0760156401771392,1.0
P01681,Workout_Intensity_High,-0.0760156401771392,1.0
P08182,Workout_Intensity_High,0.025338546725713,0.0
P09851,Workout_Intensity_High,-0.0760156401771392,1.0
P07152,Workout_Intensity_High,0.025338546725713,0.0
P04811,Workout_Intensity_High,-0.0760156401771392,1.0
P02722,Workout_Intensity_High,0.025338546725713,0.0
P03212,Workout_Intensity_High,0.025338546725713,0.0
P01005,Workout_Intensity_High,0.025338546725713,0.0
P00026,Daily_Steps,0.0338771420345669,0.7110189992422985
P00195,Daily_Steps,0.0088806039748799,0.1809726037046606
P01072,Daily_Steps,0.0642535578358198,1.35514458440776
P06475,Daily_Steps,0.0051786945321304,0.102474383189052
P01688,Daily_Steps,0.0279091104563026,0.5844681297194715
P08533,Daily_Steps,-0.0700703992807682,-1.4931670151422454
P08480,Daily_Steps,-0.0099057215149609,-0.2173875247063252
P06379,Daily_Steps,0.0297081692509098,0.622616797633599
P07044,Daily_Steps,0.0395856939789937,0.8320676570467418
P01557,Daily_Steps,-0.0231737801251893,-0.498733950573016
P07797,Daily_Steps,-0.0428769336545896,-0.9165352270556248
P00779,Daily_Steps,-0.0228105086378166,-0.4910308541672787
P02590,Daily_Steps,0.0542030466851775,1.1420255838490283
P08237,Daily_Steps,0.0040888800700126,0.0793650939718401
P00090,Daily_Steps,0.0174434318915201,0.3625455904113255
P09630,Daily_Steps,0.0851330190386173,1.7978892206803754
P04193,Daily_Steps,0.031835902248378,0.6677349337243461
P00532,Daily_Steps,0.0268019973519289,0.5609920263877006
P08669,Daily_Steps,0.0737159151497637,1.5557919050714888
P04330,Daily_Steps,-0.0036609116606031,-0.0849676293505555
P03660,Daily_Steps,0.0060090293604107,0.1200814606878801
P08333,Daily_Steps,-0.0331550967068082,-0.7103856946735123
P07513,Daily_Steps,0.0491518431464726,1.0349158623978238
P06274,Daily_Steps,0.0261792462307187,0.5477867182635796
P00970,Daily_Steps,-0.0077606898752369,-0.1719025745010193
P01412,Daily_Steps,0.0403814315227623,0.848941106316452
P04239,Daily_Steps,0.0114235043864882,0.2348942785448217
P08781,Daily_Steps,-0.0331032007800407,-0.7092852523298355
P04205,Daily_Steps,0.0795974535167488,1.6805087040215212
P08698,Daily_Steps,-0.0023116175646477,-0.0563561284149598
P08042,Daily_Steps,-0.0553319560787936,-1.1806413895380463
P02992,Daily_Steps,0.011233219321674,0.2308593232846736
P00438,Daily_Steps,-0.0373586667749771,-0.7995215245113296
P09846,Daily_Steps,-0.063220136947456,-1.3479086257769133
P09171,Daily_Steps,-0.0981806929465062,-2.0892399513004887
P02680,Daily_Steps,0.0170109658351241,0.3533752375473525
P09720,Daily_Steps,0.0453461418501881,0.9542167571948618
P06184,Daily_Steps,0.0092092781777408,0.1879420718812801
P05874,Daily_Steps,-0.0499520783372277,-1.0665621999102226
P08675,Daily_Steps,-0.0443646168885918,-0.9480812409076916
P08254,Daily_Steps,-0.0320306849601787,-0.6865427772271826
P01162,Daily_Steps,0.0092265768199967,0.188308885995839
P04781,Daily_Steps,-0.0575634809297968,-1.227960410316147
P03229,Daily_Steps,-0.0209941512009536,-0.4525153721385923
P06069,Daily_Steps,-0.0007547397616222,-0.0233428581046571
P04740,Daily_Steps,-0.0126216083491276,-0.2749773406920755
P09669,Daily_Steps,0.0275285403266741,0.5763982191991752
P06442,Daily_Steps,0.006614481839365,0.1329199546974423
P08425,Daily_Steps,0.0081367623578788,0.1651995967786271
P08510,Daily_Steps,0.0690452817406872,1.4567520941405807
P05673,Daily_Steps,-0.0432402051419622,-0.924238323461362
P04014,Daily_Steps,0.0276323321802091,0.5785991038865288
P07115,Daily_Steps,0.0714324943719929,1.5073724419497114
P04433,Daily_Steps,0.0178067033788927,0.3702486868170628
P08705,Daily_Steps,0.0100569116482769,0.2059159634946671
P09567,Daily_Steps,-0.0813837113160868,-1.7330634460637782
P06573,Daily_Steps,-0.0451776530746162,-0.965321504291961
P04212,Daily_Steps,0.0060609252871782,0.1211819030315568
P04309,Daily_Steps,-0.0117393775940798,-0.2562698208495707
P06441,Daily_Steps,-0.0874555347478862,-1.8618152002739587
P00548,Daily_Steps,0.0654298655092169,1.3800879441977667
P03427,Daily_Steps,0.0584066167533463,1.2311614136868456
P00281,Daily_Steps,-0.0890297111931675,-1.8951952846988205
P06449,Daily_Steps,0.0012000068132875,0.0181071368405006
P06191,Daily_Steps,0.0827804036918232,1.7480025011003624
P03532,Daily_Steps,0.0017189660809626,0.0291115602772682
P01369,Daily_Steps,0.0062339117097366,0.124850044177146
P09966,Daily_Steps,-0.0450565625788253,-0.9627538054900484
P06639,Daily_Steps,-0.0497444946301576,-1.0621604305355157
P07226,Daily_Steps,0.0412636622778101,0.8676486261589569
P08619,Daily_Steps,0.0600153904831393,1.265275126340825
P09430,Daily_Steps,0.0163882147139139,0.3401699294232315
P09574,Daily_Steps,-0.0168943729863198,-0.3655804269881285
P03283,Daily_Steps,0.0195365676044766,0.4069300982729547
P03417,Daily_Steps,0.0022033280641261,0.0393823554849179
P07254,Daily_Steps,0.050501137242428,1.0635273633334197
P07389,Daily_Steps,0.0241553050867855,0.5048694668601861
P09596,Daily_Steps,-0.0013947895250882,-0.0369149803433371
P07978,Daily_Steps,-0.0164619069299238,-0.3564100741241555
P00643,Daily_Steps,0.0491691417887284,1.0352826765123828
P02832,Daily_Steps,0.0224427395034575,0.4685548695188531
P01299,Daily_Steps,-0.0126043097068718,-0.2746105265775166
P08126,Daily_Steps,-0.0326015401546214,-0.6986476430076269
P04534,Daily_Steps,0.0310055674200977,0.6501278562255179
P03376,Daily_Steps,0.0394646034832029,0.8294999582448294
P05469,Daily_Steps,0.0241207078022739,0.5041358386310683
P00314,Daily_Steps,-0.1040968285980031,-2.214690378479639
P07269,Daily_Steps,0.0406236125143441,0.8540765039202769
P05133,Daily_Steps,0.0374233636970139,0.7862158927268769
P05161,Daily_Steps,0.0581125398349971,1.224925573739344
P09795,Daily_Steps,-0.0214785131841171,-0.462786167346242
P01129,Daily_Steps,-0.0172922417582041,-0.3740171516229836
P00199,Daily_Steps,-0.054207544332164,-1.1567984720917166
P07839,Daily_Steps,0.0596348203535109,1.257205215820529
P05297,Daily_Steps,-0.026425924869287,-0.5676950041100929
P08544,Daily_Steps,-0.0243673864408421,-0.5240441244775815
P03097,Daily_Steps,0.0697718247154324,1.4721582869520553
P02205,Daily_Steps,0.0009924231062174,0.0137053674657936
P05477,Daily_Steps,0.0940937157271417,1.9878989320218956
P09622,Daily_Steps,0.0523866892483144,1.1035101018203417
P04181,Daily_Steps,-0.0342276125266702,-0.7331281697761652
P09864,Daily_Steps,-0.0030554591816488,-0.0721291353409933
P05844,Daily_Steps,-0.011289612895428,-0.2467326538710388
P05696,Daily_Steps,0.1108733987153054,2.3437086231440465
P04280,Daily_Steps,-0.0373240694904654,-0.7987878962822118
P05513,Daily_Steps,0.0420939971060904,0.885255703657785
P02010,Daily_Steps,-0.0806225710568298,-1.716923625023186
P04614,Daily_Steps,0.0096763415186485,0.1978460529743709
P09494,Daily_Steps,-0.0023289162069035,-0.0567229425295187
P02641,Daily_Steps,0.0888868244081343,1.877487883539661
P02954,Daily_Steps,-0.0777855937268723,-1.6567661102355231
P06101,Daily_Steps,-0.0189010154879971,-0.4081308642769631
P06377,Daily_Steps,0.0400527573199014,0.8419716381398326
P06618,Daily_Steps,0.1060124802414147,2.24063385695299
P06858,Daily_Steps,-0.0274292461201256,-0.5889702227545102
P05102,Daily_Steps,-0.0225337303617232,-0.4851618283343361
P08957,Daily_Steps,0.0210934454075021,0.4399433685832574
P02173,Daily_Steps,-0.0098538255881934,-0.2162870823626485
P04660,Daily_Steps,-0.117520574988534,-2.49933813137736
P05596,Daily_Steps,-0.0455755218465005,-0.973758228926816
P06803,Daily_Steps,-0.0205097892177901,-0.4422445769309425
P09499,Daily_Steps,-0.0199908299501149,-0.431240153494175
P08241,Daily_Steps,0.0497918929099386,1.0484879846365038
P08608,Daily_Steps,0.0582336303307879,1.2274932725412564
P05033,Daily_Steps,0.0678170781405226,1.4307082920068974
P02145,Daily_Steps,0.063267535227237,1.3342361798779017
P02464,Daily_Steps,0.0124268256373269,0.256169497189239
P04788,Daily_Steps,-0.0064978889905607,-0.1451251441382182
P03396,Daily_Steps,-0.0152683006142709,-0.3310999002195901
P04687,Daily_Steps,0.0609841144494663,1.2858167167561243
P08661,Daily_Steps,0.0241207078022739,0.5041358386310683
P03906,Daily_Steps,0.0784730417701193,1.6566657865751917
P00087,Daily_Steps,0.0114062057442324,0.2345274644302628
P02158,Daily_Steps,-0.0314425311234802,-0.6740710973321793
P07132,Daily_Steps,0.0403295355959948,0.8478406639727752
P03648,Daily_Steps,0.0668310555319398,1.409799887477039
P00386,Daily_Steps,0.0329603139950075,0.6915778511706758
P06172,Daily_Steps,0.0425437618047422,0.8947928706363169
P09875,Daily_Steps,-0.0573558972227267,-1.2235586409414398
P05815,Daily_Steps,-0.066437684407042,-1.4161360510848724
P00340,Daily_Steps,0.0232211784049703,0.4850615046740044
P03004,Daily_Steps,0.0535456982794556,1.1280866474957894
P09181,Daily_Steps,0.0150735179024702,0.3122920567167536
P01394,Daily_Steps,-0.0549686845914209,-1.1729382931323091
P02444,Daily_Steps,-0.0778547882958956,-1.6582333666937588
P06338,Daily_Steps,-0.0509553995880663,-1.0878374185546398
P08045,Daily_Steps,0.0100396130060211,0.2055491493801082
P05136,Daily_Steps,0.0289297303493971,0.6061101624784477
P00700,Daily_Steps,-0.0209768525586977,-0.4521485580240333
P08965,Daily_Steps,0.0577319697053686,1.2168556632190477
P09277,Daily_Steps,-0.0861062406519307,-1.8332036993383631
P05202,Daily_Steps,6.4004976346597375e-06,-0.0072030370640647
P09172,Daily_Steps,-0.0061692147876997,-0.1381556759615987
P02765,Daily_Steps,-0.0528755488784645,-1.12855378527068
P01636,Daily_Steps,0.0626620827482827,1.3213976858683396
P07964,Daily_Steps,0.0286529520733036,0.600241136645505
P00234,Daily_Steps,-0.0505748294584379,-1.0797675080343436
P03142,Daily_Steps,-0.0320306849601787,-0.6865427772271826
P08422,Daily_Steps,0.0021860294218703,0.039015541370359
P00331,Daily_Steps,0.0852022136076406,1.799356477138611
P02089,Daily_Steps,0.0271652688393015,0.5686951227934379
P08837,Daily_Steps,-0.0347984677211129,-0.7452330355566096
P08908,Daily_Steps,0.0094341605270667,0.192710655370546
P07382,Daily_Steps,-0.0812107248935284,-1.7293953049181892
P05107,Daily_Steps,0.0511238883636382,1.0767326714575407
P07541,Daily_Steps,-0.0517165398473232,-1.1039772395952323
P07018,Daily_Steps,-0.0230699882716542,-0.4965330658856626
P07931,Daily_Steps,-0.0406454088035864,-0.8692162062775242
P01596,Daily_Steps,0.0794244670941904,1.676840562875932
P03114,Daily_Steps,0.0328911194259841,0.6901105947124402
P06592,Daily_Steps,-0.066766358609903,-1.423105519261492
P06059,Daily_Steps,0.0381499066717591,0.8016220855383515
P08519,Daily_Steps,-0.0610578066654762,-1.3020568614570485
P04285,Daily_Steps,-0.0460944811141756,-0.9847626523635836
P01341,Daily_Steps,-0.0560930963380505,-1.1967812105786388
P00891,Daily_Steps,0.0362989519503844,0.7623729752805471
P08710,Daily_Steps,-0.0694649468018138,-1.480328521132683
P09199,Daily_Steps,0.0185332463536379,0.3856548796285374
P01043,Daily_Steps,-0.0248344497817498,-0.5339481055706723
P03080,Daily_Steps,0.0049711108250603,0.098072613814345
P02710,Daily_Steps,0.0649973994528209,1.3709175913337937
P05231,Daily_Steps,0.0093649659580434,0.1912433989123104
P05009,Daily_Steps,0.0288778344226295,0.605009720134771
P02827,Daily_Steps,0.018204572150777,0.378685411451918
P02657,Daily_Steps,0.0451558567853738,0.9501818019347136
P06431,Daily_Steps,0.0135512373839564,0.2800124146355688
P01306,Daily_Steps,0.0018400565767535,0.0316792590791806
P09121,Daily_Steps,-0.0766784806224986,-1.6332900069037524
P02049,Daily_Steps,-0.0463020648212457,-0.9891644217382908
P02529,Daily_Steps,-0.0018791515082517,-0.0471857755509868
P05024,Daily_Steps,0.021854585666759,0.4560831896238498
P06400,Daily_Steps,0.0392916170606445,0.8258318170992401
P01681,Daily_Steps,0.0811716299620302,1.713888788446383
P08182,Daily_Steps,-0.0550205805181885,-1.1740387354759858
P09851,Daily_Steps,0.0185851422804055,0.3867553219722142
P07152,Daily_Steps,-0.0060135270073972,-0.1348543489305685
P04811,Daily_Steps,-0.0502634538978328,-1.0731648539722831
P02722,Daily_Steps,-0.1058093941813311,-2.251004975820972
P03212,Daily_Steps,-0.0062211107144673,-0.1392561183052755
P01005,Daily_Steps,-0.0032803415309747,-0.0768977188302593
P00026,Alcohol_Consumption_Missing,-0.0206826875970763,-0.6562127433391887
P00195,Alcohol_Consumption_Missing,-0.0206826875970763,-0.6562127433391887
P01072,Alcohol_Consumption_Missing,-0.0206826875970763,-0.6562127433391887
P06475,Alcohol_Consumption_Missing,0.0778063009604301,1.5238960385185811
P01688,Alcohol_Consumption_Missing,-0.0206826875970763,-0.6562127433391887
P08533,Alcohol_Consumption_Missing,0.0778063009604301,1.5238960385185811
P08480,Alcohol_Consumption_Missing,0.0778063009604301,1.5238960385185811
P06379,Alcohol_Consumption_Missing,0.0778063009604301,1.5238960385185811
P07044,Alcohol_Consumption_Missing,-0.0206826875970763,-0.6562127433391887
P01557,Alcohol_Consumption_Missing,-0.0206826875970763,-0.6562127433391887
P07797,Alcohol_Consumption_Missing,-0.0206826875970763,-0.6562127433391887
P00779,Alcohol_Consumption_Missing,-0.0206826875970763,-0.6562127433391887
P02590,Alcohol_Consumption_Missing,0.0778063009604301,1.5238960385185811
P08237,Alcohol_Consumption_Missing,-0.0206826875970763,-0.6562127433391887
P00090,Alcohol_Consumption_Missing,-0.0206826875970763,-0.6562127433391887
P09630,Alcohol_Consumption_Missing,-0.0206826875970763,-0.6562127433391887
P04193,Alcohol_Consumption_Missing,0.0778063009604301,1.5238960385185811
P00532,Alcohol_Consumption_Missing,-0.0206826875970763,-0.6562127433391887
P08669,Alcohol_Consumption_Missing,-0.0206826875970763,-0.6562127433391887
P04330,Alcohol_Consumption_Missing,-0.0206826875970763,-0.6562127433391887
P03660,Alcohol_Consumption_Missing,-0.0206826875970763,-0.6562127433391887
P08333,Alcohol_Consumption_Missing,-0.0206826875970763,-0.6562127433391887
P07513,Alcohol_Consumption_Missing,-0.0206826875970763,-0.6562127433391887
P06274,Alcohol_Consumption_Missing,0.0778063009604301,1.5238960385185811
P00970,Alcohol_Consumption_Missing,-0.0206826875970763,-0.6562127433391887
P01412,Alcohol_Consumption_Missing,0.0778063009604301,1.5238960385185811
P04239,Alcohol_Consumption_Missing,0.0778063009604301,1.5238960385185811
P08781,Alcohol_Consumption_Missing,-0.0206826875970763,-0.6562127433391887
P04205,Alcohol_Consumption_Missing,-0.0206826875970763,-0.6562127433391887
P08698,Alcohol_Consumption_Missing,-0.0206826875970763,-0.6562127433391887
P08042,Alcohol_Consumption_Missing,-0.0206826875970763,-0.6562127433391887
P02992,Alcohol_Consumption_Missing,-0.0206826875970763,-0.6562127433391887
P00438,Alcohol_Consumption_Missing,-0.0206826875970763,-0.6562127433391887
P09846,Alcohol_Consumption_Missing,-0.0206826875970763,-0.6562127433391887
P09171,Alcohol_Consumption_Missing,-0.0206826875970763,-0.6562127433391887
P02680,Alcohol_Consumption_Missing,-0.0206826875970763,-0.6562127433391887
P09720,Alcohol_Consumption_Missing,0.0778063009604301,1.5238960385185811
P06184,Alcohol_Consumption_Missing,-0.0206826875970763,-0.6562127433391887
P05874,Alcohol_Consumption_Missing,-0.0206826875970763,-0.6562127433391887
P08675,Alcohol_Consumption_Missing,-0.0206826875970763,-0.6562127433391887
P08254,Alcohol_Consumption_Missing,0.0778063009604301,1.5238960385185811
P01162,Alcohol_Consumption_Missing,-0.0206826875970763,-0.6562127433391887
P04781,Alcohol_Consumption_Missing,-0.0206826875970763,-0.6562127433391887
P03229,Alcohol_Consumption_Missing,0.0778063009604301,1.5238960385185811
P06069,Alcohol_Consumption_Missing,-0.0206826875970763,-0.6562127433391887
P04740,Alcohol_Consumption_Missing,-0.0206826875970763,-0.6562127433391887
P09669,Alcohol_Consumption_Missing,0.0778063009604301,1.5238960385185811
P06442,Alcohol_Consumption_Missing,-0.0206826875970763,-0.6562127433391887
P08425,Alcohol_Consumption_Missing,-0.0206826875970763,-0.6562127433391887
P08510,Alcohol_Consumption_Missing,-0.0206826875970763,-0.6562127433391887
P05673,Alcohol_Consumption_Missing,-0.0206826875970763,-0.6562127433391887
P04014,Alcohol_Consumption_Missing,-0.0206826875970763,-0.6562127433391887
P07115,Alcohol_Consumption_Missing,-0.0206826875970763,-0.6562127433391887
P04433,Alcohol_Consumption_Missing,-0.0206826875970763,-0.6562127433391887
P08705,Alcohol_Consumption_Missing,0.0778063009604301,1.5238960385185811
P09567,Alcohol_Consumption_Missing,-0.0206826875970763,-0.6562127433391887
P06573,Alcohol_Consumption_Missing,-0.0206826875970763,-0.6562127433391887
P04212,Alcohol_Consumption_Missing,-0.0206826875970763,-0.6562127433391887
P04309,Alcohol_Consumption_Missing,0.0778063009604301,1.5238960385185811
P06441,Alcohol_Consumption_Missing,0.0778063009604301,1.5238960385185811
P00548,Alcohol_Consumption_Missing,-0.0206826875970763,-0.6562127433391887
P03427,Alcohol_Consumption_Missing,-0.0206826875970763,-0.6562127433391887
P00281,Alcohol_Consumption_Missing,0.0778063009604301,1.5238960385185811
P06449,Alcohol_Consumption_Missing,0.0778063009604301,1.5238960385185811
P06191,Alcohol_Consumption_Missing,-0.0206826875970763,-0.6562127433391887
P03532,Alcohol_Consumption_Missing,-0.0206826875970763,-0.6562127433391887
P01369,Alcohol_Consumption_Missing,-0.0206826875970763,-0.6562127433391887
P09966,Alcohol_Consumption_Missing,0.0778063009604301,1.5238960385185811
P06639,Alcohol_Consumption_Missing,-0.0206826875970763,-0.6562127433391887
P07226,Alcohol_Consumption_Missing,-0.0206826875970763,-0.6562127433391887
P08619,Alcohol_Consumption_Missing,-0.0206826875970763,-0.6562127433391887
P09430,Alcohol_Consumption_Missing,-0.0206826875970763,-0.6562127433391887
P09574,Alcohol_Consumption_Missing,-0.0206826875970763,-0.6562127433391887
P03283,Alcohol_Consumption_Missing,-0.0206826875970763,-0.6562127433391887
P03417,Alcohol_Consumption_Missing,-0.0206826875970763,-0.6562127433391887
P07254,Alcohol_Consumption_Missing,0.0778063009604301,1.5238960385185811
P07389,Alcohol_Consumption_Missing,-0.0206826875970763,-0.6562127433391887
P09596,Alcohol_Consumption_Missing,-0.0206826875970763,-0.6562127433391887
P07978,Alcohol_Consumption_Missing,-0.0206826875970763,-0.6562127433391887
P00643,Alcohol_Consumption_Missing,-0.0206826875970763,-0.6562127433391887
P02832,Alcohol_Consumption_Missing,-0.0206826875970763,-0.6562127433391887
P01299,Alcohol_Consumption_Missing,-0.0206826875970763,-0.6562127433391887
P08126,Alcohol_Consumption_Missing,-0.0206826875970763,-0.6562127433391887
P04534,Alcohol_Consumption_Missing,-0.0206826875970763,-0.6562127433391887
P03376,Alcohol_Consumption_Missing,-0.0206826875970763,-0.6562127433391887
P05469,Alcohol_Consumption_Missing,0.0778063009604301,1.5238960385185811
P00314,Alcohol_Consumption_Missing,-0.0206826875970763,-0.6562127433391887
P07269,Alcohol_Consumption_Missing,-0.0206826875970763,-0.6562127433391887
P05133,Alcohol_Consumption_Missing,-0.0206826875970763,-0.6562127433391887
P05161,Alcohol_Consumption_Missing,-0.0206826875970763,-0.6562127433391887
P09795,Alcohol_Consumption_Missing,-0.0206826875970763,-0.6562127433391887
P01129,Alcohol_Consumption_Missing,-0.0206826875970763,-0.6562127433391887
P00199,Alcohol_Consumption_Missing,-0.0206826875970763,-0.6562127433391887
P07839,Alcohol_Consumption_Missing,0.0778063009604301,1.5238960385185811
P05297,Alcohol_Consumption_Missing,-0.0206826875970763,-0.6562127433391887
P08544,Alcohol_Consumption_Missing,-0.0206826875970763,-0.6562127433391887
P03097,Alcohol_Consumption_Missing,-0.0206826875970763,-0.6562127433391887
P02205,Alcohol_Consumption_Missing,0.0778063009604301,1.5238960385185811
P05477,Alcohol_Consumption_Missing,-0.0206826875970763,-0.6562127433391887
P09622,Alcohol_Consumption_Missing,0.0778063009604301,1.5238960385185811
P04181,Alcohol_Consumption_Missing,-0.0206826875970763,-0.6562127433391887
P09864,Alcohol_Consumption_Missing,0.0778063009604301,1.5238960385185811
P05844,Alcohol_Consumption_Missing,-0.0206826875970763,-0.6562127433391887
P05696,Alcohol_Consumption_Missing,-0.0206826875970763,-0.6562127433391887
P04280,Alcohol_Consumption_Missing,-0.0206826875970763,-0.6562127433391887
P05513,Alcohol_Consumption_Missing,-0.0206826875970763,-0.6562127433391887
P02010,Alcohol_Consumption_Missing,-0.0206826875970763,-0.6562127433391887
P04614,Alcohol_Consumption_Missing,-0.0206826875970763,-0.6562127433391887
P09494,Alcohol_Consumption_Missing,0.0778063009604301,1.5238960385185811
P02641,Alcohol_Consumption_Missing,-0.0206826875970763,-0.6562127433391887
P02954,Alcohol_Consumption_Missing,-0.0206826875970763,-0.6562127433391887
P06101,Alcohol_Consumption_Missing,0.0778063009604301,1.5238960385185811
P06377,Alcohol_Consumption_Missing,0.0778063009604301,1.5238960385185811
P06618,Alcohol_Consumption_Missing,-0.0206826875970763,-0.6562127433391887
P06858,Alcohol_Consumption_Missing,-0.0206826875970763,-0.6562127433391887
P05102,Alcohol_Consumption_Missing,-0.0206826875970763,-0.6562127433391887
P08957,Alcohol_Consumption_Missing,-0.0206826875970763,-0.6562127433391887
P02173,Alcohol_Consumption_Missing,-0.0206826875970763,-0.6562127433391887
P04660,Alcohol_Consumption_Missing,-0.0206826875970763,-0.6562127433391887
P05596,Alcohol_Consumption_Missing,0.0778063009604301,1.5238960385185811
P06803,Alcohol_Consumption_Missing,0.0778063009604301,1.5238960385185811
P09499,Alcohol_Consumption_Missing,0.0778063009604301,1.5238960385185811
P08241,Alcohol_Consumption_Missing,0.0778063009604301,1.5238960385185811
P08608,Alcohol_Consumption_Missing,-0.0206826875970763,-0.6562127433391887
P05033,Alcohol_Consumption_Missing,0.0778063009604301,1.5238960385185811
P02145,Alcohol_Consumption_Missing,-0.0206826875970763,-0.6562127433391887
P02464,Alcohol_Consumption_Missing,-0.0206826875970763,-0.6562127433391887
P04788,Alcohol_Consumption_Missing,-0.0206826875970763,-0.6562127433391887
P03396,Alcohol_Consumption_Missing,-0.0206826875970763,-0.6562127433391887
P04687,Alcohol_Consumption_Missing,-0.0206826875970763,-0.6562127433391887
P08661,Alcohol_Consumption_Missing,-0.0206826875970763,-0.6562127433391887
P03906,Alcohol_Consumption_Missing,-0.0206826875970763,-0.6562127433391887
P00087,Alcohol_Consumption_Missing,-0.0206826875970763,-0.6562127433391887
P02158,Alcohol_Consumption_Missing,-0.0206826875970763,-0.6562127433391887
P07132,Alcohol_Consumption_Missing,-0.0206826875970763,-0.6562127433391887
P03648,Alcohol_Consumption_Missing,-0.0206826875970763,-0.6562127433391887
P00386,Alcohol_Consumption_Missing,-0.0206826875970763,-0.6562127433391887
P06172,Alcohol_Consumption_Missing,-0.0206826875970763,-0.6562127433391887
P09875,Alcohol_Consumption_Missing,0.0778063009604301,1.5238960385185811
P05815,Alcohol_Consumption_Missing,-0.0206826875970763,-0.6562127433391887
P00340,Alcohol_Consumption_Missing,-0.0206826875970763,-0.6562127433391887
P03004,Alcohol_Consumption_Missing,0.0778063009604301,1.5238960385185811
P09181,Alcohol_Consumption_Missing,-0.0206826875970763,-0.6562127433391887
P01394,Alcohol_Consumption_Missing,-0.0206826875970763,-0.6562127433391887
P02444,Alcohol_Consumption_Missing,0.0778063009604301,1.5238960385185811
P06338,Alcohol_Consumption_Missing,-0.0206826875970763,-0.6562127433391887
P08045,Alcohol_Consumption_Missing,-0.0206826875970763,-0.6562127433391887
P05136,Alcohol_Consumption_Missing,-0.0206826875970763,-0.6562127433391887
P00700,Alcohol_Consumption_Missing,0.0778063009604301,1.5238960385185811
P08965,Alcohol_Consumption_Missing,0.0778063009604301,1.5238960385185811
P09277,Alcohol_Consumption_Missing,-0.0206826875970763,-0.6562127433391887
P05202,Alcohol_Consumption_Missing,-0.0206826875970763,-0.6562127433391887
P09172,Alcohol_Consumption_Missing,-0.0206826875970763,-0.6562127433391887
P02765,Alcohol_Consumption_Missing,0.0778063009604301,1.5238960385185811
P01636,Alcohol_Consumption_Missing,-0.0206826875970763,-0.6562127433391887
P07964,Alcohol_Consumption_Missing,-0.0206826875970763,-0.6562127433391887
P00234,Alcohol_Consumption_Missing,-0.0206826875970763,-0.6562127433391887
P03142,Alcohol_Consumption_Missing,-0.0206826875970763,-0.6562127433391887
P08422,Alcohol_Consumption_Missing,-0.0206826875970763,-0.6562127433391887
P00331,Alcohol_Consumption_Missing,0.0778063009604301,1.5238960385185811
P02089,Alcohol_Consumption_Missing,-0.0206826875970763,-0.6562127433391887
P08837,Alcohol_Consumption_Missing,0.0778063009604301,1.5238960385185811
P08908,Alcohol_Consumption_Missing,-0.0206826875970763,-0.6562127433391887
P07382,Alcohol_Consumption_Missing,-0.0206826875970763,-0.6562127433391887
P05107,Alcohol_Consumption_Missing,0.0778063009604301,1.5238960385185811
P07541,Alcohol_Consumption_Missing,-0.0206826875970763,-0.6562127433391887
P07018,Alcohol_Consumption_Missing,0.0778063009604301,1.5238960385185811
P07931,Alcohol_Consumption_Missing,-0.0206826875970763,-0.6562127433391887
P01596,Alcohol_Consumption_Missing,-0.0206826875970763,-0.6562127433391887
P03114,Alcohol_Consumption_Missing,0.0778063009604301,1.5238960385185811
P06592,Alcohol_Consumption_Missing,-0.0206826875970763,-0.6562127433391887
P06059,Alcohol_Consumption_Missing,-0.0206826875970763,-0.6562127433391887
P08519,Alcohol_Consumption_Missing,0.0778063009604301,1.5238960385185811
P04285,Alcohol_Consumption_Missing,0.0778063009604301,1.5238960385185811
P01341,Alcohol_Consumption_Missing,-0.0206826875970763,-0.6562127433391887
P00891,Alcohol_Consumption_Missing,0.0778063009604301,1.5238960385185811
P08710,Alcohol_Consumption_Missing,0.0778063009604301,1.5238960385185811
P09199,Alcohol_Consumption_Missing,-0.0206826875970763,-0.6562127433391887
P01043,Alcohol_Consumption_Missing,-0.0206826875970763,-0.6562127433391887
P03080,Alcohol_Consumption_Missing,0.0778063009604301,1.5238960385185811
P02710,Alcohol_Consumption_Missing,0.0778063009604301,1.5238960385185811
P05231,Alcohol_Consumption_Missing,-0.0206826875970763,-0.6562127433391887
P05009,Alcohol_Consumption_Missing,0.0778063009604301,1.5238960385185811
P02827,Alcohol_Consumption_Missing,0.0778063009604301,1.5238960385185811
P02657,Alcohol_Consumption_Missing,0.0778063009604301,1.5238960385185811
P06431,Alcohol_Consumption_Missing,0.0778063009604301,1.5238960385185811
P01306,Alcohol_Consumption_Missing,0.0778063009604301,1.5238960385185811
P09121,Alcohol_Consumption_Missing,-0.0206826875970763,-0.6562127433391887
P02049,Alcohol_Consumption_Missing,-0.0206826875970763,-0.6562127433391887
P02529,Alcohol_Consumption_Missing,-0.0206826875970763,-0.6562127433391887
P05024,Alcohol_Consumption_Missing,0.0778063009604301,1.5238960385185811
P06400,Alcohol_Consumption_Missing,0.0778063009604301,1.5238960385185811
P01681,Alcohol_Consumption_Missing,-0.0206826875970763,-0.6562127433391887
P08182,Alcohol_Consumption_Missing,-0.0206826875970763,-0.6562127433391887
P09851,Alcohol_Consumption_Missing,0.0778063009604301,1.5238960385185811
P07152,Alcohol_Consumption_Missing,0.0778063009604301,1.5238960385185811
P04811,Alcohol_Consumption_Missing,-0.0206826875970763,-0.6562127433391887
P02722,Alcohol_Consumption_Missing,-0.0206826875970763,-0.6562127433391887
P03212,Alcohol_Consumption_Missing,0.0778063009604301,1.5238960385185811
P01005,Alcohol_Consumption_Missing,0.0778063009604301,1.5238960385185811
