Person_ID,feature,shap_value,feature_value_encoded
P06458,Wake_Up_Minutes,-0.1152427319868671,495.0
P06475,Wake_Up_Minutes,0.2267748046741513,328.0
P06155,Wake_Up_Minutes,-0.1090825373377698,457.0
P04064,Wake_Up_Minutes,-0.12947049917182,392.0
P02103,Wake_Up_Minutes,-0.1174586133688076,464.0
P01590,Wake_Up_Minutes,-0.2146738552610645,442.0
P05262,Wake_Up_Minutes,-0.0956280003772027,393.0
P08143,Wake_Up_Minutes,-0.0988637238245563,470.0
P06500,Wake_Up_Minutes,-0.1207263276985293,425.0
P09463,Wake_Up_Minutes,0.2102640752137641,352.0
P06849,Wake_Up_Minutes,0.1656321928793136,336.0
P01998,Wake_Up_Minutes,-0.126081029463294,468.0
P09520,Wake_Up_Minutes,0.2180829951212902,278.0
P02992,Wake_Up_Minutes,-0.1309838827244817,484.0
P04894,Wake_Up_Minutes,0.1954226455136594,272.0
P01842,Wake_Up_Minutes,-0.091912117152292,523.0
P03719,Wake_Up_Minutes,-0.1022093246448554,464.0
P03903,Wake_Up_Minutes,-0.1096271786543322,524.0
P05536,Wake_Up_Minutes,0.2032807006219188,376.0
P01807,Wake_Up_Minutes,-0.1960967580374324,395.0
P03286,Wake_Up_Minutes,-0.175788546538215,413.0
P03708,Wake_Up_Minutes,-0.1026874478278926,501.0
P02899,Wake_Up_Minutes,-0.1401545546661008,403.0
P06486,Wake_Up_Minutes,-0.1116668834183053,453.0
P00567,Wake_Up_Minutes,0.2189546719103967,288.0
P02039,Wake_Up_Minutes,0.1533252699308789,339.0
P06180,Wake_Up_Minutes,-0.1274515131380098,440.0
P04977,Wake_Up_Minutes,-0.1389191797496562,437.0
P03427,Wake_Up_Minutes,-0.0987187965964133,529.0
P04197,Wake_Up_Minutes,-0.1888009555379606,464.0
P02766,Wake_Up_Minutes,-0.1289987484664591,566.0
P03535,Wake_Up_Minutes,0.1843900196894112,294.0
P05035,Wake_Up_Minutes,-0.1074077177240361,479.0
P01230,Wake_Up_Minutes,-0.1557306316417629,504.0
P01419,Wake_Up_Minutes,-0.1036571532856235,479.0
P06113,Wake_Up_Minutes,0.1936325163390859,371.0
P05455,Wake_Up_Minutes,-0.1270676272910804,530.0
P02832,Wake_Up_Minutes,0.1628532453368264,380.0
P00481,Wake_Up_Minutes,-0.2201347566127205,463.0
P02819,Wake_Up_Minutes,-0.1085338087292442,449.0
P02913,Wake_Up_Minutes,0.2362653357085191,384.0
P08674,Wake_Up_Minutes,-0.2008862543560799,434.0
P00468,Wake_Up_Minutes,-0.0939503152476469,474.0
P09743,Wake_Up_Minutes,0.1853197710806408,275.0
P04448,Wake_Up_Minutes,0.1971854073900636,382.0
P02876,Wake_Up_Minutes,-0.0988006540495688,495.0
P09112,Wake_Up_Minutes,-0.1034958602514143,515.0
P02016,Wake_Up_Minutes,-0.1207632712698214,497.0
P03998,Wake_Up_Minutes,-0.0955256258812948,581.0
P02069,Wake_Up_Minutes,-0.1135138545683033,500.0
P03097,Wake_Up_Minutes,-0.1216609982654603,392.0
P08389,Wake_Up_Minutes,-0.170181947930926,440.0
P07082,Wake_Up_Minutes,0.1981060190070006,256.0
P05513,Wake_Up_Minutes,0.205632023721524,240.0
P04608,Wake_Up_Minutes,0.2412039194822711,325.0
P07139,Wake_Up_Minutes,0.1926147926397775,312.0
P08076,Wake_Up_Minutes,0.1795155331486626,296.0
P03710,Wake_Up_Minutes,-0.1722718527408368,483.0
P04895,Wake_Up_Minutes,0.1486714662759989,331.0
P03700,Wake_Up_Minutes,-0.1677062093499808,455.0
P05596,Wake_Up_Minutes,-0.1102203158123111,462.0
P05451,Wake_Up_Minutes,0.1757719145668287,268.0
P04532,Wake_Up_Minutes,-0.1390403711981259,425.0
P02532,Wake_Up_Minutes,0.2278592527293784,384.0
P08661,Wake_Up_Minutes,-0.1066301076090195,406.0
P07529,Wake_Up_Minutes,0.1679821260077049,337.0
P08327,Wake_Up_Minutes,-0.102499271293951,464.0
P07490,Wake_Up_Minutes,-0.2187477132955843,424.0
P05374,Wake_Up_Minutes,0.1816866184910383,270.0
P02320,Wake_Up_Minutes,-0.1377510677021386,496.0
P08953,Wake_Up_Minutes,-0.1110427955613864,463.0
P00690,Wake_Up_Minutes,-0.1344657958695029,449.0
P07103,Wake_Up_Minutes,0.2096680685149226,348.0
P02895,Wake_Up_Minutes,0.1691362834346377,358.0
P01663,Wake_Up_Minutes,0.1680541911403347,352.0
P01124,Wake_Up_Minutes,-0.1708760871043632,420.0
P02444,Wake_Up_Minutes,0.2220690517321079,380.0
P01343,Wake_Up_Minutes,0.2650733341395512,268.0
P07941,Wake_Up_Minutes,0.1631971329583332,352.0
P04387,Wake_Up_Minutes,-0.1559563982175802,435.0
P07196,Wake_Up_Minutes,-0.1527880189574014,416.0
P09241,Wake_Up_Minutes,0.1708045264710541,261.0
P03572,Wake_Up_Minutes,-0.1194195400079227,405.0
P02572,Wake_Up_Minutes,-0.1295413482545723,443.0
P08191,Wake_Up_Minutes,0.2469464096182312,315.0
P05326,Wake_Up_Minutes,-0.1447392766218822,448.0
P01649,Wake_Up_Minutes,0.226694638715429,313.0
P09780,Wake_Up_Minutes,-0.0998810778188153,431.0
P00746,Wake_Up_Minutes,-0.1332781467155972,416.0
P03114,Wake_Up_Minutes,0.1322580449015536,359.0
P04110,Wake_Up_Minutes,0.2317737997595768,383.0
P09008,Wake_Up_Minutes,-0.1210475141982108,536.0
P00407,Wake_Up_Minutes,-0.1139447777511242,489.0
P09006,Wake_Up_Minutes,0.2290607318640842,346.0
P06431,Wake_Up_Minutes,0.2423100831109776,309.0
P06072,Wake_Up_Minutes,-0.168670173541736,478.0
P02639,Wake_Up_Minutes,-0.1485227893787711,423.0
P05412,Wake_Up_Minutes,-0.1271384812443729,520.0
P01543,Wake_Up_Minutes,-0.167275079962623,412.0
P02264,Wake_Up_Minutes,0.2138966546756948,352.0
P06458,Wake_Up_Cos,-0.0878735138796895,-0.5555702330196023
P06475,Wake_Up_Cos,0.2305993937379554,0.1391731009600657
P06155,Wake_Up_Cos,-0.1114406555428416,-0.4107188526134773
P04064,Wake_Up_Cos,-0.1270444205858214,-0.1391731009600653
P02103,Wake_Up_Cos,-0.1013189208394225,-0.4383711467890775
P01590,Wake_Up_Cos,-0.152171970281541,-0.3502073812594675
P05262,Wake_Up_Cos,-0.0976955836589177,-0.1434926219911791
P08143,Wake_Up_Cos,-0.0804950553791867,-0.4617486132350337
P06500,Wake_Up_Cos,-0.0847105405225314,-0.2798290140309919
P09463,Wake_Up_Cos,0.1520132806888506,0.034899496702501
P06849,Wake_Up_Cos,0.1331655650594281,0.1045284632676534
P01998,Wake_Up_Cos,-0.0951513996946874,-0.4539904997395467
P09520,Wake_Up_Cos,0.216621423678549,0.3502073812594674
P02992,Wake_Up_Cos,-0.094801498697118,-0.5150380749100543
P04894,Wake_Up_Cos,0.1833411019894161,0.3746065934159119
P01842,Wake_Up_Cos,-0.0964553649339183,-0.6527597524627226
P03719,Wake_Up_Cos,-0.091980433404838,-0.4383711467890775
P03903,Wake_Up_Cos,-0.0917786009711614,-0.6560590289905075
P05536,Wake_Up_Cos,0.1871301192821119,-0.0697564737441253
P01807,Wake_Up_Cos,-0.1509814813069033,-0.1521233861899167
P03286,Wake_Up_Cos,-0.1497031865121687,-0.2292003909224141
P03708,Wake_Up_Cos,-0.0899912895603243,-0.5771451900372335
P02899,Wake_Up_Cos,-0.1180669139385839,-0.1865240360087344
P06486,Wake_Up_Cos,-0.0939908995340507,-0.3947438563842672
P00567,Wake_Up_Cos,0.1771808330762278,0.3090169943749474
P02039,Wake_Up_Cos,0.1335417996930031,0.0915016186634025
P06180,Wake_Up_Cos,-0.1122922325508429,-0.3420201433256687
P04977,Wake_Up_Cos,-0.1117462455108962,-0.3296906452627872
P03427,Wake_Up_Cos,-0.0913741957673604,-0.6723668074346679
P04197,Wake_Up_Cos,-0.1803643488351767,-0.4383711467890775
P02766,Wake_Up_Cos,-0.0863849294700965,-0.7826081568524139
P03535,Wake_Up_Cos,0.1434943588235496,0.2840153447039225
P05035,Wake_Up_Cos,-0.0944484952365806,-0.4962165036752082
P01230,Wake_Up_Cos,-0.141840227188626,-0.587785252292473
P01419,Wake_Up_Cos,-0.0892418247870535,-0.4962165036752082
P06113,Wake_Up_Cos,0.1698274815408046,-0.047978128521344
P05455,Wake_Up_Cos,-0.0890795646928164,-0.6755902076156602
P02832,Wake_Up_Cos,0.128806901729241,-0.0871557427476582
P00481,Wake_Up_Cos,-0.1699708517498489,-0.434445257404417
P02819,Wake_Up_Cos,-0.1046317406710729,-0.3786486173524329
P02913,Wake_Up_Cos,0.2072560385169171,-0.1045284632676533
P08674,Wake_Up_Cos,-0.1575387570454558,-0.317304656405092
P00468,Wake_Up_Cos,-0.0992060992260485,-0.4771587602596084
P09743,Wake_Up_Cos,0.1412958163135246,0.3624380382837017
P04448,Wake_Up_Cos,0.1786711078677392,-0.0958457525202239
P02876,Wake_Up_Cos,-0.1090440134026755,-0.5555702330196023
P09112,Wake_Up_Cos,-0.088720342711053,-0.6259234721840591
P02016,Wake_Up_Cos,-0.1170487925101646,-0.5628049276950686
P03998,Wake_Up_Cos,-0.103562878385827,-0.8216469379421636
P02069,Wake_Up_Cos,-0.1065675600692624,-0.5735764363510458
P03097,Wake_Up_Cos,-0.1007590126761422,-0.1391731009600653
P08389,Wake_Up_Cos,-0.1489239042886659,-0.3420201433256687
P07082,Wake_Up_Cos,0.195735876624875,0.4383711467890774
P05513,Wake_Up_Cos,0.1872804403688895,0.5000000000000001
P04608,Wake_Up_Cos,0.1933719386602528,0.1521233861899168
P07139,Wake_Up_Cos,0.1841228880471716,0.2079116908177594
P08076,Wake_Up_Cos,0.155670428468859,0.2756373558169991
P03710,Wake_Up_Cos,-0.1315379169202045,-0.5112930860770519
P04895,Wake_Up_Cos,0.1137570571246546,0.1261989691358297
P03700,Wake_Up_Cos,-0.1482490964091728,-0.4027466898587371
P05596,Wake_Up_Cos,-0.1114970021088362,-0.4305110968082953
P05451,Wake_Up_Cos,0.1592945322100939,0.3907311284892739
P04532,Wake_Up_Cos,-0.1297549193275936,-0.2798290140309919
P02532,Wake_Up_Cos,0.2207330235939908,-0.1045284632676533
P08661,Wake_Up_Cos,-0.106810345405556,-0.199367934417197
P07529,Wake_Up_Cos,0.1553815471452966,0.1001880616120765
P08327,Wake_Up_Cos,-0.1115433256360597,-0.4383711467890775
P07490,Wake_Up_Cos,-0.1540057337221504,-0.275637355816999
P05374,Wake_Up_Cos,0.1516334156748894,0.3826834323650898
P02320,Wake_Up_Cos,-0.1165318218132502,-0.5591929034707467
P08953,Wake_Up_Cos,-0.097823167441205,-0.434445257404417
P00690,Wake_Up_Cos,-0.1301990854061515,-0.3786486173524329
P07103,Wake_Up_Cos,0.2043720769254149,0.0523359562429439
P02895,Wake_Up_Cos,0.1335791013276839,0.0087265354983738
P01663,Wake_Up_Cos,0.1255689086228806,0.034899496702501
P01124,Wake_Up_Cos,-0.1357119985449778,-0.2588190451025208
P02444,Wake_Up_Cos,0.1503158125652697,-0.0871557427476582
P01343,Wake_Up_Cos,0.2260523924631896,0.3907311284892739
P07941,Wake_Up_Cos,0.1275991104902109,0.034899496702501
P04387,Wake_Up_Cos,-0.1383466460359179,-0.3214394653031616
P07196,Wake_Up_Cos,-0.1305177499712927,-0.2419218955996677
P09241,Wake_Up_Cos,0.1533352767623353,0.4186597375374281
P03572,Wake_Up_Cos,-0.093891511949831,-0.1950903220161279
P02572,Wake_Up_Cos,-0.1165375160287199,-0.3542910379977156
P08191,Wake_Up_Cos,0.2070380957550611,0.1950903220161283
P05326,Wake_Up_Cos,-0.1000200007602388,-0.374606593415912
P01649,Wake_Up_Cos,0.1859242839551254,0.2036417511401776
P09780,Wake_Up_Cos,-0.0958101895694169,-0.3048642990280107
P00746,Wake_Up_Cos,-0.1048791067257598,-0.2419218955996677
P03114,Wake_Up_Cos,0.1135242084411538,0.0043633092847468
P04110,Wake_Up_Cos,0.1936553296561866,-0.1001880616120759
P09008,Wake_Up_Cos,-0.0899267806053737,-0.694658370458997
P00407,Wake_Up_Cos,-0.085423084906044,-0.5336145159156115
P09006,Wake_Up_Cos,0.2208115757874204,0.0610485395348569
P06431,Wake_Up_Cos,0.2281018111263368,0.220697435021501
P06072,Wake_Up_Cos,-0.1227907712058815,-0.492423560103467
P02639,Wake_Up_Cos,-0.1175855986427217,-0.2714404498650742
P05412,Wake_Up_Cos,-0.1069497753310921,-0.6427876096865394
P01543,Wake_Up_Cos,-0.1322069708435286,-0.2249510543438648
P02264,Wake_Up_Cos,0.1909952985977643,0.034899496702501
P06458,Wake_Up_Sin,-0.0510916000300596,0.8314696123025451
P06475,Wake_Up_Sin,-0.0257651895109595,0.9902680687415704
P06155,Wake_Up_Sin,-0.0439673430777972,0.9117620435770886
P04064,Wake_Up_Sin,-0.0391923443180234,0.9902680687415704
P02103,Wake_Up_Sin,-0.0364486602997464,0.8987940462991669
P01590,Wake_Up_Sin,-0.0457067827276108,0.9366721892483976
P05262,Wake_Up_Sin,-0.0322313421462162,0.9896513868196702
P08143,Wake_Up_Sin,-0.0429722935019515,0.8870108331782218
P06500,Wake_Up_Sin,-0.0423194648278032,0.9600498543859288
P09463,Wake_Up_Sin,0.1957667430843268,0.9993908270190958
P06849,Wake_Up_Sin,0.1298039605728025,0.9945218953682732
P01998,Wake_Up_Sin,-0.0314729717139159,0.8910065241883679
P09520,Wake_Up_Sin,-0.0440562074612754,0.9366721892483976
P02992,Wake_Up_Sin,-0.0565950212655039,0.8571673007021123
P04894,Wake_Up_Sin,-0.0319782151053813,0.9271838545667874
P01842,Wake_Up_Sin,-0.0422070442014494,0.7575649843840495
P03719,Wake_Up_Sin,-0.0375917596283277,0.8987940462991669
P03903,Wake_Up_Sin,-0.0374874396132527,0.7547095802227718
P05536,Wake_Up_Sin,0.1878002848607994,0.9975640502598242
P01807,Wake_Up_Sin,-0.0544567212111132,0.9883615104677608
P03286,Wake_Up_Sin,-0.0501551201393331,0.9733792584604484
P03708,Wake_Up_Sin,-0.042834880410323,0.816641555161679
P02899,Wake_Up_Sin,-0.0432887339936847,0.9824503977255098
P06486,Wake_Up_Sin,-0.0400237504888743,0.9187912101488984
P00567,Wake_Up_Sin,-0.02898108686024,0.9510565162951536
P02039,Wake_Up_Sin,0.0935663056367943,0.9958049275746618
P06180,Wake_Up_Sin,-0.0432479128983802,0.9396926207859084
P04977,Wake_Up_Sin,-0.0458820298203013,0.9440890203927844
P03427,Wake_Up_Sin,-0.0400739138768721,0.7402181274868322
P04197,Wake_Up_Sin,-0.0465861773386062,0.8987940462991669
P02766,Wake_Up_Sin,-0.0488352988264539,0.6225146366376196
P03535,Wake_Up_Sin,-0.0302604485958529,0.958819734868193
P05035,Wake_Up_Sin,-0.044285285286502,0.8681988144891423
P01230,Wake_Up_Sin,-0.0538294492809559,0.8090169943749475
P01419,Wake_Up_Sin,-0.0430630156880466,0.8681988144891423
P06113,Wake_Up_Sin,0.1603910360268186,0.9988483864849508
P05455,Wake_Up_Sin,-0.0418306215440372,0.7372773368101241
P02832,Wake_Up_Sin,0.1099551423819415,0.9961946980917455
P00481,Wake_Up_Sin,-0.0513793205222308,0.9006982393225879
P02819,Wake_Up_Sin,-0.0410035097303531,0.9255405040175664
P02913,Wake_Up_Sin,0.1986526431002303,0.9945218953682734
P08674,Wake_Up_Sin,-0.0515091749562943,0.9483236552061994
P00468,Wake_Up_Sin,-0.0339381231934531,0.8788171126619654
P09743,Wake_Up_Sin,-0.028733649107565,0.9320078692827984
P04448,Wake_Up_Sin,0.1509171199708753,0.9953961983671789
P02876,Wake_Up_Sin,-0.0455548661325474,0.8314696123025451
P09112,Wake_Up_Sin,-0.0432919662064742,0.7798844830928818
P02016,Wake_Up_Sin,-0.0435541189227983,0.8265897491271886
P03998,Wake_Up_Sin,-0.0463153602384351,0.5699967625963032
P02069,Wake_Up_Sin,-0.0361282474686548,0.819152044288992
P03097,Wake_Up_Sin,-0.0302065316291307,0.9902680687415704
P08389,Wake_Up_Sin,-0.0474475028300965,0.9396926207859084
P07082,Wake_Up_Sin,-0.0234750431961069,0.898794046299167
P05513,Wake_Up_Sin,-0.0423562173177144,0.8660254037844386
P04608,Wake_Up_Sin,-0.0372781855541649,0.9883615104677608
P07139,Wake_Up_Sin,-0.0348959070625313,0.9781476007338056
P08076,Wake_Up_Sin,-0.0314461080944132,0.9612616959383188
P03710,Wake_Up_Sin,-0.0629606854999414,0.8594064115014528
P04895,Wake_Up_Sin,0.0936267886845594,0.992004949679715
P03700,Wake_Up_Sin,-0.0593813096669775,0.9153114791194472
P05596,Wake_Up_Sin,-0.0446368938077512,0.9025852843498604
P05451,Wake_Up_Sin,-0.0280029736662203,0.9205048534524404
P04532,Wake_Up_Sin,-0.0490374742239353,0.9600498543859288
P02532,Wake_Up_Sin,0.2226179176924293,0.9945218953682734
P08661,Wake_Up_Sin,-0.0382726117231552,0.9799247046208296
P07529,Wake_Up_Sin,0.1350561226372398,0.9949685182509116
P08327,Wake_Up_Sin,-0.0434973654824168,0.8987940462991669
P07490,Wake_Up_Sin,-0.0434088992514759,0.9612616959383188
P05374,Wake_Up_Sin,-0.0336948589574824,0.9238795325112868
P02320,Wake_Up_Sin,-0.0495790390623303,0.8290375725550417
P08953,Wake_Up_Sin,-0.0361865102415552,0.9006982393225879
P00690,Wake_Up_Sin,-0.0480454562985184,0.9255405040175664
P07103,Wake_Up_Sin,0.1736649970112217,0.9986295347545738
P02895,Wake_Up_Sin,0.1586169237212704,0.9999619230641712
P01663,Wake_Up_Sin,0.1468034313453399,0.9993908270190958
P01124,Wake_Up_Sin,-0.0535294613253755,0.9659258262890684
P02444,Wake_Up_Sin,0.1367660240208136,0.9961946980917455
P01343,Wake_Up_Sin,-0.046833809595435,0.9205048534524404
P07941,Wake_Up_Sin,0.1105634962354517,0.9993908270190958
P04387,Wake_Up_Sin,-0.0423785937388568,0.9469301294951056
P07196,Wake_Up_Sin,-0.0512056321725512,0.9702957262759964
P09241,Wake_Up_Sin,-0.0255827095505901,0.9081431738250813
P03572,Wake_Up_Sin,-0.0466885147448763,0.9807852804032304
P02572,Wake_Up_Sin,-0.0467717384332531,0.9351352096860116
P08191,Wake_Up_Sin,-0.0510385840018085,0.9807852804032304
P05326,Wake_Up_Sin,-0.0429600736507236,0.9271838545667874
P01649,Wake_Up_Sin,-0.0514543191447763,0.9790454724845838
P09780,Wake_Up_Sin,-0.0420392928517143,0.9523957996432784
P00746,Wake_Up_Sin,-0.046833720228258,0.9702957262759964
P03114,Wake_Up_Sin,0.0981067853326656,0.9999904807207344
P04110,Wake_Up_Sin,0.1626687806366998,0.9949685182509116
P09008,Wake_Up_Sin,-0.050950539789702,0.7193398003386514
P00407,Wake_Up_Sin,-0.0452059320923672,0.8457278217039732
P09006,Wake_Up_Sin,0.194300421544236,0.9981347984218668
P06431,Wake_Up_Sin,-0.0583047518302894,0.9753423205085128
P06072,Wake_Up_Sin,-0.0524449676533096,0.8703556959398997
P02639,Wake_Up_Sin,-0.0424514890905466,0.9624552364536472
P05412,Wake_Up_Sin,-0.0550355987213313,0.766044443118978
P01543,Wake_Up_Sin,-0.0509808928281043,0.9743700647852352
P02264,Wake_Up_Sin,0.188379351565712,0.9993908270190958
P06458,Sleep_Time_Sin,-0.0579264811301462,0.5519369853120581
P06475,Sleep_Time_Sin,0.0690521237216333,-0.4226182617407
P06155,Sleep_Time_Sin,-0.0590059233001426,0.3420201433256687
P04064,Sleep_Time_Sin,-0.0415155400284383,-0.0828082075122038
P02103,Sleep_Time_Sin,-0.0706569436379641,0.4962165036752082
P01590,Sleep_Time_Sin,0.0590619726540247,-0.378648617352433
P05262,Sleep_Time_Sin,-0.051193817087477,0.1993679344171971
P08143,Sleep_Time_Sin,-0.044917557346593,0.1088668748519645
P06500,Sleep_Time_Sin,-0.0401804461585003,0.0174524064372835
P09463,Sleep_Time_Sin,0.0556456813836565,-0.3173046564050918
P06849,Sleep_Time_Sin,0.0568464581645225,-0.3542910379977158
P01998,Sleep_Time_Sin,-0.0539643033938735,0.569996762596303
P09520,Sleep_Time_Sin,0.0854873123513882,-0.4226182617407
P02992,Sleep_Time_Sin,-0.0569872595642481,0.2292003909224141
P04894,Sleep_Time_Sin,0.0745311419590786,-0.7632324697825291
P01842,Sleep_Time_Sin,-0.0476516960523387,0.246153293028993
P03719,Sleep_Time_Sin,-0.0562411285504616,0.3907311284892737
P03903,Sleep_Time_Sin,-0.0447463236809826,0.1564344650402308
P05536,Sleep_Time_Sin,-0.0401366865482174,-0.0218148850345609
P01807,Sleep_Time_Sin,0.0476861153470472,-0.3296906452627871
P03286,Sleep_Time_Sin,0.0061651239952439,-0.2079116908177598
P03708,Sleep_Time_Sin,-0.0530122247365171,0.4500984410374349
P02899,Sleep_Time_Sin,-0.0460412922192961,-0.0130895955713447
P06486,Sleep_Time_Sin,-0.0520325159694423,0.1564344650402308
P00567,Sleep_Time_Sin,0.0818807706935863,-0.6527597524627228
P02039,Sleep_Time_Sin,0.062280473325985,-0.7040147244559687
P06180,Sleep_Time_Sin,-0.0580789436617774,0.2965415749755709
P04977,Sleep_Time_Sin,-0.0432664765764046,0.0174524064372835
P03427,Sleep_Time_Sin,-0.0625523626329578,0.5409744713679939
P04197,Sleep_Time_Sin,-0.0548994087524848,-0.0479781285213438
P02766,Sleep_Time_Sin,-0.0558206419120557,0.3255681544571566
P03535,Sleep_Time_Sin,0.0880573881855952,-0.6723668074346678
P05035,Sleep_Time_Sin,-0.0530794433037979,0.1175373974578376
P01230,Sleep_Time_Sin,-0.0390378567634874,-0.1305261922200516
P01419,Sleep_Time_Sin,-0.042491366398623,0.1045284632676534
P06113,Sleep_Time_Sin,0.0524530670097149,-0.2965415749755711
P05455,Sleep_Time_Sin,-0.0523586834627098,0.5591929034707469
P02832,Sleep_Time_Sin,0.0586945652926345,-0.5000000000000004
P00481,Sleep_Time_Sin,0.0737303347344815,-0.4146932426562401
P02819,Sleep_Time_Sin,-0.0441823935750665,0.043619387365336
P02913,Sleep_Time_Sin,-0.0432841122308785,0.1865240360087346
P08674,Sleep_Time_Sin,0.0462326472747409,-0.2923717047227362
P00468,Sleep_Time_Sin,-0.0623132330008189,0.4694715627858908
P09743,Sleep_Time_Sin,0.0732107834492264,-0.8338858220671683
P04448,Sleep_Time_Sin,-0.0265715137685048,-0.1434926219911794
P02876,Sleep_Time_Sin,-0.0575795750035433,0.6087614290087207
P09112,Sleep_Time_Sin,-0.0417060072962589,0.0261769483078731
P02016,Sleep_Time_Sin,-0.0544890149003162,0.8090169943749475
P03998,Sleep_Time_Sin,-0.0639859593759812,0.8216469379421637
P02069,Sleep_Time_Sin,-0.0545371726456239,0.1218693434051474
P03097,Sleep_Time_Sin,-0.0542655220746937,0.2036417511401775
P08389,Sleep_Time_Sin,0.066967506428614,-0.3987490689252466
P07082,Sleep_Time_Sin,0.0951571427423475,-0.9238795325112866
P05513,Sleep_Time_Sin,0.065835337586668,-0.4186597375374281
P04608,Sleep_Time_Sin,0.0914622398403007,-0.6977904598416802
P07139,Sleep_Time_Sin,0.0715044072664641,-0.4962165036752088
P08076,Sleep_Time_Sin,0.0809360282796071,-0.7906895737438435
P03710,Sleep_Time_Sin,-0.041432699666463,-0.0479781285213438
P04895,Sleep_Time_Sin,0.052778644106747,-0.5336145159156114
P03700,Sleep_Time_Sin,0.0330972068891458,-0.2503800040544419
P05596,Sleep_Time_Sin,-0.0596455362529604,0.4107188526134772
P05451,Sleep_Time_Sin,0.0802030578112683,-0.7688418320734595
P04532,Sleep_Time_Sin,-0.0675412749633055,0.1950903220161282
P02532,Sleep_Time_Sin,-0.0509067809979635,0.1822355254921474
P08661,Sleep_Time_Sin,-0.0467959734445504,0.2756373558169991
P07529,Sleep_Time_Sin,0.0183890255450779,-0.2206974350215017
P08327,Sleep_Time_Sin,-0.0513548055153799,0.4265687399014583
P07490,Sleep_Time_Sin,0.0789043188447581,-0.4500984410374347
P05374,Sleep_Time_Sin,0.0853722418161059,-0.8808907382053859
P02320,Sleep_Time_Sin,-0.0739087248710786,0.8265897491271886
P08953,Sleep_Time_Sin,-0.0684621418956721,0.5150380749100542
P00690,Sleep_Time_Sin,-0.0522278518654235,-0.0479781285213438
P07103,Sleep_Time_Sin,-0.0319509421536812,0.0174524064372835
P02895,Sleep_Time_Sin,0.0725468519543257,-0.438371146789077
P01663,Sleep_Time_Sin,0.0780425538908663,-0.5372996083468242
P01124,Sleep_Time_Sin,-0.0252387192387935,-0.1521233861899163
P02444,Sleep_Time_Sin,0.0425200060701066,-0.267238376078258
P01343,Sleep_Time_Sin,0.0447090564258855,-0.2756373558169998
P07941,Sleep_Time_Sin,0.0527171844344975,-0.4578739151169575
P04387,Sleep_Time_Sin,-0.0108834861437372,-0.1865240360087356
P07196,Sleep_Time_Sin,-0.0578524627385073,-0.0741084901953993
P09241,Sleep_Time_Sin,0.0851431635013076,-0.945518575599317
P03572,Sleep_Time_Sin,-0.0514135011969648,0.1607425656038261
P02572,Sleep_Time_Sin,-0.0671701964894594,0.3338068592337709
P08191,Sleep_Time_Sin,0.0159394952701328,-0.2292003909224142
P05326,Sleep_Time_Sin,-0.0580976247681968,0.2840153447039226
P01649,Sleep_Time_Sin,0.0053543272769346,-0.2164396139381028
P09780,Sleep_Time_Sin,-0.0513442926126576,0.1305261922200515
P00746,Sleep_Time_Sin,-0.0517561733714454,-0.0784590957278456
P03114,Sleep_Time_Sin,0.0599088647966717,-0.5299192642332058
P04110,Sleep_Time_Sin,-0.0455151408313972,0.1822355254921474
P09008,Sleep_Time_Sin,-0.0688452704470218,0.7193398003386511
P00407,Sleep_Time_Sin,-0.0491770115929893,0.434445257404417
P09006,Sleep_Time_Sin,-0.0375105757773115,0.0610485395348568
P06431,Sleep_Time_Sin,-0.0194125558620217,-0.1693495038490249
P06072,Sleep_Time_Sin,0.0588239401431365,-0.3131638064837503
P02639,Sleep_Time_Sin,-0.0471392850103437,-0.0348994967025008
P05412,Sleep_Time_Sin,-0.0679969097520687,0.2036417511401775
P01543,Sleep_Time_Sin,0.0526391723915532,-0.2756373558169998
P02264,Sleep_Time_Sin,-0.0427794611698483,-0.0218148850345609
P06458,Sleep_Time_Minutes,-0.0705651385864827,134.0
P06475,Sleep_Time_Minutes,0.0433388428668169,1340.0
P06155,Sleep_Time_Minutes,-0.0708646241042267,80.0
P04064,Sleep_Time_Minutes,0.0400145353007623,1421.0
P02103,Sleep_Time_Minutes,-0.0645759739692127,119.0
P01590,Sleep_Time_Minutes,0.0350030533278492,1351.0
P05262,Sleep_Time_Minutes,-0.0622865285241871,46.0
P08143,Sleep_Time_Minutes,-0.0565292372410611,25.0
P06500,Sleep_Time_Minutes,-0.0511524000677078,4.0
P09463,Sleep_Time_Minutes,0.0331542702115194,1366.0
P06849,Sleep_Time_Minutes,0.0341631155069803,1357.0
P01998,Sleep_Time_Minutes,-0.0786076879553008,139.0
P09520,Sleep_Time_Minutes,0.0508553919510075,1340.0
P02992,Sleep_Time_Minutes,-0.0653358413262937,53.0
P04894,Sleep_Time_Minutes,0.063826478330565,1241.0
P01842,Sleep_Time_Minutes,-0.0534181972251213,57.0
P03719,Sleep_Time_Minutes,-0.0679934641563261,92.0
P03903,Sleep_Time_Minutes,-0.0564380213543798,36.0
P05536,Sleep_Time_Minutes,0.0373380207554904,1435.0
P01807,Sleep_Time_Minutes,0.0438701061226632,1363.0
P03286,Sleep_Time_Minutes,0.0300628929878414,1392.0
P03708,Sleep_Time_Minutes,-0.0538670253661265,107.0
P02899,Sleep_Time_Minutes,0.0409859721249676,1437.0
P06486,Sleep_Time_Minutes,-0.0704872495819118,36.0
P00567,Sleep_Time_Minutes,0.0645179596229437,1277.0
P02039,Sleep_Time_Minutes,0.0415518296606604,1261.0
P06180,Sleep_Time_Minutes,-0.0727485417567543,69.0
P04977,Sleep_Time_Minutes,-0.0668259867906383,4.0
P03427,Sleep_Time_Minutes,-0.0716600582488208,131.0
P04197,Sleep_Time_Minutes,0.047126951553507,1429.0
P02766,Sleep_Time_Minutes,-0.0775379528400517,76.0
P03535,Sleep_Time_Minutes,0.0638767942248771,1271.0
P05035,Sleep_Time_Minutes,-0.0529509624555354,27.0
P01230,Sleep_Time_Minutes,0.0367154291700281,1410.0
P01419,Sleep_Time_Minutes,-0.0563947163430167,24.0
P06113,Sleep_Time_Minutes,0.0394799152338702,1371.0
P05455,Sleep_Time_Minutes,-0.0707285427042043,136.0
P02832,Sleep_Time_Minutes,0.0453585087599437,1320.0
P00481,Sleep_Time_Minutes,0.0285224092103222,1342.0
P02819,Sleep_Time_Minutes,-0.0500537522030137,10.0
P02913,Sleep_Time_Minutes,-0.0566658375768848,43.0
P08674,Sleep_Time_Minutes,0.0312833286272081,1372.0
P00468,Sleep_Time_Minutes,-0.0654709672186065,112.0
P09743,Sleep_Time_Minutes,0.0620656161583318,1214.0
P04448,Sleep_Time_Minutes,0.0357263856331249,1407.0
P02876,Sleep_Time_Minutes,-0.0634775860331006,150.0
P09112,Sleep_Time_Minutes,-0.0549872230815307,6.0
P02016,Sleep_Time_Minutes,-0.0673665639528414,216.0
P03998,Sleep_Time_Minutes,-0.0624852086848238,221.0
P02069,Sleep_Time_Minutes,-0.0549706699707003,28.0
P03097,Sleep_Time_Minutes,-0.0588016478015241,47.0
P08389,Sleep_Time_Minutes,0.0378053945995289,1346.0
P07082,Sleep_Time_Minutes,0.0740983937823347,1170.0
P05513,Sleep_Time_Minutes,0.0477318905039725,1341.0
P04608,Sleep_Time_Minutes,0.0711600908298099,1263.0
P07139,Sleep_Time_Minutes,0.0523798626535042,1321.0
P08076,Sleep_Time_Minutes,0.0642860980371108,1231.0
P03710,Sleep_Time_Minutes,0.0411979882558581,1429.0
P04895,Sleep_Time_Minutes,0.046913740222484,1311.0
P03700,Sleep_Time_Minutes,0.0261389863517075,1382.0
P05596,Sleep_Time_Minutes,-0.0540820797141871,97.0
P05451,Sleep_Time_Minutes,0.0662370059391782,1239.0
P04532,Sleep_Time_Minutes,-0.0717243490814332,45.0
P02532,Sleep_Time_Minutes,-0.0545197251642885,42.0
P08661,Sleep_Time_Minutes,-0.0597747384711249,64.0
P07529,Sleep_Time_Minutes,0.0313980317922359,1389.0
P08327,Sleep_Time_Minutes,-0.0704786648107499,101.0
P07490,Sleep_Time_Minutes,0.0485799596343602,1333.0
P05374,Sleep_Time_Minutes,0.0691792043150606,1193.0
P02320,Sleep_Time_Minutes,-0.074851580999705,223.0
P08953,Sleep_Time_Minutes,-0.0713180285819985,124.0
P00690,Sleep_Time_Minutes,0.0404682623533009,1429.0
P07103,Sleep_Time_Minutes,-0.0517007999202247,4.0
P02895,Sleep_Time_Minutes,0.0372153413738253,1336.0
P01663,Sleep_Time_Minutes,0.0545989433382267,1310.0
P01124,Sleep_Time_Minutes,0.0375885964897848,1405.0
P02444,Sleep_Time_Minutes,0.0333285296723895,1378.0
P01343,Sleep_Time_Minutes,0.0435553272882899,1376.0
P07941,Sleep_Time_Minutes,0.0435792437268764,1331.0
P04387,Sleep_Time_Minutes,0.0309661820572475,1397.0
P07196,Sleep_Time_Minutes,0.0450671220796775,1423.0
P09241,Sleep_Time_Minutes,0.0632766209299894,1156.0
P03572,Sleep_Time_Minutes,-0.0520944041235237,37.0
P02572,Sleep_Time_Minutes,-0.069967650796959,78.0
P08191,Sleep_Time_Minutes,0.0406181130461547,1387.0
P05326,Sleep_Time_Minutes,-0.060072905668502,66.0
P01649,Sleep_Time_Minutes,0.0458670209981313,1390.0
P09780,Sleep_Time_Minutes,-0.0513848049649049,30.0
P00746,Sleep_Time_Minutes,0.0396630110818544,1422.0
P03114,Sleep_Time_Minutes,0.05179343540097,1312.0
P04110,Sleep_Time_Minutes,-0.059891262948703,42.0
P09008,Sleep_Time_Minutes,-0.0851934902129501,184.0
P00407,Sleep_Time_Minutes,-0.064642056999329,103.0
P09006,Sleep_Time_Minutes,-0.0432224704513088,14.0
P06431,Sleep_Time_Minutes,0.0500566499640382,1401.0
P06072,Sleep_Time_Minutes,0.0340535598245011,1367.0
P02639,Sleep_Time_Minutes,0.0337177488549674,1432.0
P05412,Sleep_Time_Minutes,-0.0711700151192204,47.0
P01543,Sleep_Time_Minutes,0.0362307496331916,1376.0
P02264,Sleep_Time_Minutes,0.0398135279051253,1435.0
P06458,Productivity_Score,-0.032514220040667,5.8
P06475,Productivity_Score,-0.0141929584001722,7.1
P06155,Productivity_Score,-0.0009149451004514,7.2
P04064,Productivity_Score,-0.0377205168332339,4.1
P02103,Productivity_Score,-0.037933474317172,5.1
P01590,Productivity_Score,-0.0307193743065702,6.8
P05262,Productivity_Score,-0.0352175547912443,5.0
P08143,Productivity_Score,-0.0310170360362951,5.5
P06500,Productivity_Score,-0.02287144577509,7.0
P09463,Productivity_Score,-0.0359590337692609,5.5
P06849,Productivity_Score,0.0416502173547553,7.9
P01998,Productivity_Score,-0.0248398306763243,6.8
P09520,Productivity_Score,-0.0410623335292464,5.8
P02992,Productivity_Score,0.0290150536120053,7.5
P04894,Productivity_Score,0.0445584775903021,7.6
P01842,Productivity_Score,-0.0279588566985929,5.6
P03719,Productivity_Score,-0.0266395022373239,6.3
P03903,Productivity_Score,-0.0255004979273656,6.7
P05536,Productivity_Score,-0.0189102654917933,7.2
P01807,Productivity_Score,-0.0479658923811456,5.6
P03286,Productivity_Score,0.025793929760944,7.5
P03708,Productivity_Score,-0.0274728372187954,4.6
P02899,Productivity_Score,-0.0318069076477638,4.8
P06486,Productivity_Score,-0.0324523156113589,5.9
P00567,Productivity_Score,-0.0027558985460868,7.2
P02039,Productivity_Score,0.0481741540113574,9.3
P06180,Productivity_Score,0.0501166307199461,8.0
P04977,Productivity_Score,0.0198444537429016,7.3
P03427,Productivity_Score,-0.0315490600072111,5.8
P04197,Productivity_Score,0.0304270251558119,7.6
P02766,Productivity_Score,0.0071718734179584,7.3
P03535,Productivity_Score,0.0550450542459542,9.1
P05035,Productivity_Score,-0.0318587492828188,5.9
P01230,Productivity_Score,-0.0358269008826746,6.5
P01419,Productivity_Score,-0.0310312836309168,5.8
P06113,Productivity_Score,-0.0211442069421833,6.9
P05455,Productivity_Score,-0.0253656509838492,6.3
P02832,Productivity_Score,0.0402215979685804,8.3
P00481,Productivity_Score,0.0163800031534066,7.3
P02819,Productivity_Score,-0.0231919115097354,6.3
P02913,Productivity_Score,-0.0194708985158816,7.0
P08674,Productivity_Score,0.0204997637715821,7.5
P00468,Productivity_Score,-0.0337106177332139,5.3
P09743,Productivity_Score,0.0514405239123873,8.8
P04448,Productivity_Score,0.0444050786855424,8.3
P02876,Productivity_Score,-0.0269948415069461,5.3
P09112,Productivity_Score,-0.0305218747690309,5.3
P02016,Productivity_Score,-0.0279319157654143,6.7
P03998,Productivity_Score,-0.0279968616341556,5.3
P02069,Productivity_Score,-0.0257754738031231,6.8
P03097,Productivity_Score,-0.0297435290235939,6.6
P08389,Productivity_Score,-0.0445857034581997,5.5
P07082,Productivity_Score,-0.0341665769170254,6.4
P05513,Productivity_Score,0.0424274201552922,8.2
P04608,Productivity_Score,-0.0394105683255436,6.2
P07139,Productivity_Score,0.049450202865535,9.2
P08076,Productivity_Score,0.0454688712239516,8.1
P03710,Productivity_Score,0.0230893182776714,7.5
P04895,Productivity_Score,0.0410510442133916,9.3
P03700,Productivity_Score,-0.0296031951998205,7.0
P05596,Productivity_Score,-0.0313103893916262,5.5
P05451,Productivity_Score,0.0489051299298546,8.1
P04532,Productivity_Score,0.0415156995056984,8.2
P02532,Productivity_Score,-0.0245791613446796,6.8
P08661,Productivity_Score,-0.0301221959305365,6.1
P07529,Productivity_Score,0.0494521503283382,8.4
P08327,Productivity_Score,-0.0306160311507298,5.3
P07490,Productivity_Score,-0.0482886969017945,4.6
P05374,Productivity_Score,0.0508162058065452,8.7
P02320,Productivity_Score,0.0328341815316171,8.0
P08953,Productivity_Score,-0.0281870772523515,6.7
P00690,Productivity_Score,-0.036281507584036,6.4
P07103,Productivity_Score,0.0436040389466444,8.1
P02895,Productivity_Score,-0.0213613820657897,7.0
P01663,Productivity_Score,-0.0437972699625342,6.3
P01124,Productivity_Score,0.009834082022951,7.3
P02444,Productivity_Score,-0.0281640911184709,7.0
P01343,Productivity_Score,-0.0219134614713787,7.1
P07941,Productivity_Score,0.0480978273514606,9.2
P04387,Productivity_Score,-0.0366398711077231,6.3
P07196,Productivity_Score,-0.0342736786375146,7.1
P09241,Productivity_Score,0.0431604610337586,8.4
P03572,Productivity_Score,-0.0205895213146149,7.1
P02572,Productivity_Score,0.0510578825278862,7.9
P08191,Productivity_Score,0.050816088504356,8.3
P05326,Productivity_Score,0.0477374763187464,8.1
P01649,Productivity_Score,0.0500563127356724,8.2
P09780,Productivity_Score,-0.0350991709351974,4.2
P00746,Productivity_Score,-0.0280784053462713,6.7
P03114,Productivity_Score,0.0490545683646643,8.6
P04110,Productivity_Score,0.0354729181681005,8.0
P09008,Productivity_Score,-0.0262086458520478,7.1
P00407,Productivity_Score,-0.0308716262637616,6.0
P09006,Productivity_Score,-0.0194365116784975,6.9
P06431,Productivity_Score,0.0395642992983697,8.0
P06072,Productivity_Score,-0.0414431854026995,5.4
P02639,Productivity_Score,-0.0235593708087299,7.1
P05412,Productivity_Score,0.0374836246483349,7.8
P01543,Productivity_Score,-0.0357071014233075,6.4
P02264,Productivity_Score,-0.0218398706037428,6.9
P06458,Sleep_Time_Cos,0.0138152345995197,0.8338858220671682
P06475,Sleep_Time_Cos,0.0022484882233788,0.9063077870366496
P06155,Sleep_Time_Cos,-0.0164143524033464,0.9396926207859084
P04064,Sleep_Time_Cos,-0.0232705009782862,0.9965655024977614
P02103,Sleep_Time_Cos,0.0058558189610389,0.8681988144891423
P01590,Sleep_Time_Cos,-0.007327931718517,0.9255405040175664
P05262,Sleep_Time_Cos,-0.0114430059215113,0.9799247046208296
P08143,Sleep_Time_Cos,-0.0103012622815217,0.9940563382223196
P06500,Sleep_Time_Cos,-0.0108949828035508,0.9998476951563912
P09463,Sleep_Time_Cos,-0.0165244138299359,0.9483236552061994
P06849,Sleep_Time_Cos,-0.012141139230613,0.9351352096860116
P01998,Sleep_Time_Cos,0.0164578846064646,0.8216469379421637
P09520,Sleep_Time_Cos,0.0012074296092977,0.9063077870366496
P02992,Sleep_Time_Cos,-0.0160555104354627,0.9733792584604484
P04894,Sleep_Time_Cos,0.0555249914116206,0.6461239796429635
P01842,Sleep_Time_Cos,-0.0141901451808906,0.9692309097067544
P03719,Sleep_Time_Cos,-0.0083989264282045,0.9205048534524404
P03903,Sleep_Time_Cos,-0.0097548272728545,0.9876883405951378
P05536,Sleep_Time_Cos,-0.0155173315861202,0.9997620270799092
P01807,Sleep_Time_Cos,-0.0217973973344132,0.9440890203927844
P03286,Sleep_Time_Cos,-0.021544086557437,0.9781476007338056
P03708,Sleep_Time_Cos,-0.0009442212661535,0.892978943411137
P02899,Sleep_Time_Cos,-0.0262650238619571,0.999914327574007
P06486,Sleep_Time_Cos,-0.0095822737948517,0.9876883405951378
P00567,Sleep_Time_Cos,0.039768730945651,0.7575649843840493
P02039,Sleep_Time_Cos,0.0408401136553686,0.7101853756232851
P06180,Sleep_Time_Cos,-0.0219833731538444,0.9550199444571866
P04977,Sleep_Time_Cos,-0.0096215512153226,0.9998476951563912
P03427,Sleep_Time_Cos,0.0139075495380869,0.8410390129643924
P04197,Sleep_Time_Cos,-0.0285274282293922,0.9988483864849508
P02766,Sleep_Time_Cos,-0.0233363477263462,0.9455185755993168
P03535,Sleep_Time_Cos,0.0498135513190773,0.7402181274868324
P05035,Sleep_Time_Cos,-0.013676558011058,0.9930684569549264
P01230,Sleep_Time_Cos,-0.0248280178627738,0.9914448613738104
P01419,Sleep_Time_Cos,-0.0082352523520021,0.9945218953682732
P06113,Sleep_Time_Cos,-0.0172967222981039,0.9550199444571866
P05455,Sleep_Time_Cos,0.0134765267251599,0.8290375725550416
P02832,Sleep_Time_Cos,0.0189949240709583,0.8660254037844384
P00481,Sleep_Time_Cos,-0.0114690620846791,0.9099612708765428
P02819,Sleep_Time_Cos,-0.0076132910924753,0.9990482215818578
P02913,Sleep_Time_Cos,-0.0036640020157033,0.9824503977255098
P08674,Sleep_Time_Cos,-0.0303613694814422,0.9563047559630355
P00468,Sleep_Time_Cos,-0.0016884349309927,0.882947592858927
P09743,Sleep_Time_Cos,0.0469558916321982,0.551936985312058
P04448,Sleep_Time_Cos,-0.0194224125229332,0.9896513868196702
P02876,Sleep_Time_Cos,0.0182274907705897,0.7933533402912352
P09112,Sleep_Time_Cos,-0.0094377975899099,0.9996573249755571
P02016,Sleep_Time_Cos,0.0240556165120439,0.5877852522924731
P03998,Sleep_Time_Cos,0.0315491204938972,0.569996762596303
P02069,Sleep_Time_Cos,-0.0082201993601433,0.992546151641322
P03097,Sleep_Time_Cos,-0.0134258772227993,0.9790454724845838
P08389,Sleep_Time_Cos,-0.002792672335881,0.9170600743851238
P07082,Sleep_Time_Cos,0.0527477666616491,0.38268343236509
P05513,Sleep_Time_Cos,0.0060953537563668,0.9081431738250813
P04608,Sleep_Time_Cos,0.0429038678158972,0.7163019434246541
P07139,Sleep_Time_Cos,0.0213824175426232,0.8681988144891419
P08076,Sleep_Time_Cos,0.056730172765985,0.612217280034449
P03710,Sleep_Time_Cos,-0.0325049905729267,0.9988483864849508
P04895,Sleep_Time_Cos,0.027145080212228,0.8457278217039733
P03700,Sleep_Time_Cos,-0.0259928098484211,0.9681476403781076
P05596,Sleep_Time_Cos,-0.0073734459714343,0.9117620435770886
P05451,Sleep_Time_Cos,0.0730587160230745,0.6394390019805849
P04532,Sleep_Time_Cos,-0.0127454164172839,0.9807852804032304
P02532,Sleep_Time_Cos,-0.0087954980599491,0.9832549075639546
P08661,Sleep_Time_Cos,-0.0153210068493933,0.9612616959383188
P07529,Sleep_Time_Cos,-0.0181319618996875,0.9753423205085126
P08327,Sleep_Time_Cos,-0.0056413574371181,0.904455145454368
P07490,Sleep_Time_Cos,0.006473427889043,0.8929789434111371
P05374,Sleep_Time_Cos,0.0552283069714762,0.4733196671848428
P02320,Sleep_Time_Cos,0.0165168748761861,0.5628049276950686
P08953,Sleep_Time_Cos,0.0055356616013288,0.8571673007021123
P00690,Sleep_Time_Cos,-0.0232028248593002,0.9988483864849508
P07103,Sleep_Time_Cos,-0.0043160719362076,0.9998476951563912
P02895,Sleep_Time_Cos,0.0151063189149297,0.8987940462991671
P01663,Sleep_Time_Cos,0.0276692435891816,0.8433914458128855
P01124,Sleep_Time_Cos,-0.0336227315272596,0.9883615104677608
P02444,Sleep_Time_Cos,-0.0151379932030578,0.9636304532086228
P01343,Sleep_Time_Cos,-0.021482008065473,0.9612616959383188
P07941,Sleep_Time_Cos,0.0154521382088984,0.8890171414857361
P04387,Sleep_Time_Cos,-0.0210072542916552,0.9824503977255096
P07196,Sleep_Time_Cos,-0.0234001246554092,0.9972501850994856
P09241,Sleep_Time_Cos,0.0562892186326022,0.3255681544571563
P03572,Sleep_Time_Cos,-0.0114275365817307,0.986996366560232
P02572,Sleep_Time_Cos,-0.0200409804075122,0.9426414910921784
P08191,Sleep_Time_Cos,-0.030189592435821,0.9733792584604484
P05326,Sleep_Time_Cos,-0.025542583851479,0.958819734868193
P01649,Sleep_Time_Cos,-0.0240769937556842,0.9762960071199334
P09780,Sleep_Time_Cos,-0.0080028683126472,0.9914448613738104
P00746,Sleep_Time_Cos,-0.0236548961626461,0.996917333733128
P03114,Sleep_Time_Cos,0.0307356727375545,0.8480480961564254
P04110,Sleep_Time_Cos,-0.0078404110236076,0.9832549075639546
P09008,Sleep_Time_Cos,0.0242048368030664,0.6946583704589974
P00407,Sleep_Time_Cos,-0.0012767516493612,0.9006982393225879
P09006,Sleep_Time_Cos,-0.0076256270189951,0.9981347984218668
P06431,Sleep_Time_Cos,-0.0295540860819944,0.9855560590580776
P06072,Sleep_Time_Cos,-0.0263551220581566,0.9496991262018768
P02639,Sleep_Time_Cos,-0.0228484342047728,0.9993908270190958
P05412,Sleep_Time_Cos,-0.0153893698431155,0.9790454724845838
P01543,Sleep_Time_Cos,-0.0266292018654179,0.9612616959383188
P02264,Sleep_Time_Cos,-0.0175201226251878,0.9997620270799092
P06458,Sleep_Duration_Hours,-0.0029053391418497,6.02
P06475,Sleep_Duration_Hours,0.0213531240956587,7.14
P06155,Sleep_Duration_Hours,0.0043465341491428,6.29
P04064,Sleep_Duration_Hours,0.0007723374004061,6.85
P02103,Sleep_Duration_Hours,-0.0051659890679811,5.76
P01590,Sleep_Duration_Hours,-0.0265666568007334,8.84
P05262,Sleep_Duration_Hours,0.0278869385186301,5.79
P08143,Sleep_Duration_Hours,-0.009214393198718,7.42
P06500,Sleep_Duration_Hours,-0.012419303874177,7.02
P09463,Sleep_Duration_Hours,0.0103138654764628,7.1
P06849,Sleep_Duration_Hours,0.0084636550455878,6.99
P01998,Sleep_Duration_Hours,-0.0030590630434395,5.48
P09520,Sleep_Duration_Hours,0.0397971720432266,6.31
P02992,Sleep_Duration_Hours,-0.0120744857649117,7.19
P04894,Sleep_Duration_Hours,0.0093587227808957,7.85
P01842,Sleep_Duration_Hours,-0.006380662134714,7.76
P03719,Sleep_Duration_Hours,0.0013409776111619,6.21
P03903,Sleep_Duration_Hours,-0.0096894489086,8.14
P05536,Sleep_Duration_Hours,0.0228732553000012,6.35
P01807,Sleep_Duration_Hours,-0.0129862347698448,7.86
P03286,Sleep_Duration_Hours,-0.0153746834727702,7.68
P03708,Sleep_Duration_Hours,-0.0081925386852657,6.58
P02899,Sleep_Duration_Hours,0.0116594914269474,6.77
P06486,Sleep_Duration_Hours,-0.0109864803005029,6.96
P00567,Sleep_Duration_Hours,0.0105330646533337,7.52
P02039,Sleep_Duration_Hours,-0.0036568413674426,8.62
P06180,Sleep_Duration_Hours,0.0047068873406043,6.19
P04977,Sleep_Duration_Hours,-0.0058777450590704,7.22
P03427,Sleep_Duration_Hours,-0.0042104013752376,6.63
P04197,Sleep_Duration_Hours,-0.0153089060011192,7.92
P02766,Sleep_Duration_Hours,-0.0056458156920681,8.16
P03535,Sleep_Duration_Hours,0.0096762294543993,7.71
P05035,Sleep_Duration_Hours,-0.0104244413821425,7.52
P01230,Sleep_Duration_Hours,-0.0139980238561528,8.9
P01419,Sleep_Duration_Hours,-0.0100744428938167,7.58
P06113,Sleep_Duration_Hours,0.0066671932571942,7.32
P05455,Sleep_Duration_Hours,-0.0027437431765772,6.57
P02832,Sleep_Duration_Hours,-0.0026921932292029,8.34
P00481,Sleep_Duration_Hours,-0.0348673293976367,9.35
P02819,Sleep_Duration_Hours,-0.0100398624656093,7.31
P02913,Sleep_Duration_Hours,0.024888108100869,5.67
P08674,Sleep_Duration_Hours,-0.0219945759530394,8.37
P00468,Sleep_Duration_Hours,-0.0028327757529349,6.04
P09743,Sleep_Duration_Hours,-0.0022679058762465,8.35
P04448,Sleep_Duration_Hours,-0.0005471042579092,6.92
P02876,Sleep_Duration_Hours,-0.0018400281167764,5.74
P09112,Sleep_Duration_Hours,-0.009181758226903,8.49
P02016,Sleep_Duration_Hours,-0.0033129089818165,4.69
P03998,Sleep_Duration_Hours,-0.0094420766157524,5.99
P02069,Sleep_Duration_Hours,-0.0155675791469958,7.87
P03097,Sleep_Duration_Hours,0.0121760796964106,5.74
P08389,Sleep_Duration_Hours,-0.0216957937246728,8.89
P07082,Sleep_Duration_Hours,-0.001178884249258,8.77
P05513,Sleep_Duration_Hours,0.0315643794294891,5.65
P04608,Sleep_Duration_Hours,0.0024186248678671,8.37
P07139,Sleep_Duration_Hours,0.0231107616419551,7.18
P08076,Sleep_Duration_Hours,-0.0063982233277511,8.41
P03710,Sleep_Duration_Hours,-0.0166110125245798,8.23
P04895,Sleep_Duration_Hours,0.0065314028180617,7.67
P03700,Sleep_Duration_Hours,-0.0300687681701591,8.55
P05596,Sleep_Duration_Hours,0.0054552983639392,6.07
P05451,Sleep_Duration_Hours,0.0048258318846589,7.81
P04532,Sleep_Duration_Hours,-0.0004449798661884,6.32
P02532,Sleep_Duration_Hours,0.0209932486964351,5.69
P08661,Sleep_Duration_Hours,0.0151843491058676,5.7
P07529,Sleep_Duration_Hours,0.0198905328700391,6.46
P08327,Sleep_Duration_Hours,0.0021601664072935,6.05
P07490,Sleep_Duration_Hours,-0.0216688989947536,8.84
P05374,Sleep_Duration_Hours,-6.669906592511078e-06,8.61
P02320,Sleep_Duration_Hours,0.0211735729134073,4.56
P08953,Sleep_Duration_Hours,0.0036335863442505,5.66
P00690,Sleep_Duration_Hours,-0.0221611109053682,7.67
P07103,Sleep_Duration_Hours,0.019166041945663,5.73
P02895,Sleep_Duration_Hours,0.0099987463822745,7.69
P01663,Sleep_Duration_Hours,0.0044563110063154,8.03
P01124,Sleep_Duration_Hours,-0.0153245398508147,7.59
P02444,Sleep_Duration_Hours,0.0057323749256157,7.36
P01343,Sleep_Duration_Hours,0.0418217812804638,5.54
P07941,Sleep_Duration_Hours,0.0117631750771229,7.68
P04387,Sleep_Duration_Hours,-0.0104203813405671,7.96
P07196,Sleep_Duration_Hours,-0.0105649908049982,7.21
P09241,Sleep_Duration_Hours,-0.0118216673220678,9.08
P03572,Sleep_Duration_Hours,0.010439201167875,6.13
P02572,Sleep_Duration_Hours,0.0108796053228139,6.09
P08191,Sleep_Duration_Hours,0.0543817226237001,6.12
P05326,Sleep_Duration_Hours,0.0028465601541051,6.36
P01649,Sleep_Duration_Hours,0.0530752259427753,6.06
P09780,Sleep_Duration_Hours,-0.0066084864015935,6.69
P00746,Sleep_Duration_Hours,-0.0113171575066064,7.23
P03114,Sleep_Duration_Hours,0.0025475556371788,8.11
P04110,Sleep_Duration_Hours,0.0226618666524417,5.68
P09008,Sleep_Duration_Hours,-0.006170742104848,5.87
P00407,Sleep_Duration_Hours,-0.0048150587913015,6.42
P09006,Sleep_Duration_Hours,0.0261062340423011,5.54
P06431,Sleep_Duration_Hours,0.0689947223924295,5.81
P06072,Sleep_Duration_Hours,-0.0202617224831806,9.19
P02639,Sleep_Duration_Hours,-0.007043815026041,7.19
P05412,Sleep_Duration_Hours,-0.0145267502664762,7.88
P01543,Sleep_Duration_Hours,-0.0144882334411705,7.92
P02264,Sleep_Duration_Hours,0.0338171134927894,5.94
P06458,Breakfast_Regularity_Score,-0.0088504790225094,6.7
P06475,Breakfast_Regularity_Score,0.0298560454246046,10.0
P06155,Breakfast_Regularity_Score,0.0024317438860935,7.9
P04064,Breakfast_Regularity_Score,-0.0144851835564578,5.8
P02103,Breakfast_Regularity_Score,0.0204032273742429,9.9
P01590,Breakfast_Regularity_Score,0.0031062178137279,7.9
P05262,Breakfast_Regularity_Score,-0.0120385470366348,6.3
P08143,Breakfast_Regularity_Score,-0.0113131046244592,5.4
P06500,Breakfast_Regularity_Score,-0.0106850414182047,5.3
P09463,Breakfast_Regularity_Score,-0.0134998386493996,5.4
P06849,Breakfast_Regularity_Score,0.0072162319679741,8.0
P01998,Breakfast_Regularity_Score,0.00294958938634,7.8
P09520,Breakfast_Regularity_Score,0.0110949856437358,8.2
P02992,Breakfast_Regularity_Score,-0.0154098536768711,5.6
P04894,Breakfast_Regularity_Score,-0.0093081911923192,7.2
P01842,Breakfast_Regularity_Score,-0.0080891073655661,6.7
P03719,Breakfast_Regularity_Score,-0.0094624000501241,7.1
P03903,Breakfast_Regularity_Score,-0.0113155709389599,5.4
P05536,Breakfast_Regularity_Score,-0.0123027179940556,5.9
P01807,Breakfast_Regularity_Score,0.0219303260734453,9.5
P03286,Breakfast_Regularity_Score,-0.0197585410222457,5.0
P03708,Breakfast_Regularity_Score,0.0044047874004941,7.9
P02899,Breakfast_Regularity_Score,-0.0163975788140323,5.4
P06486,Breakfast_Regularity_Score,-0.000353768587221,7.8
P00567,Breakfast_Regularity_Score,0.0234480612461834,10.0
P02039,Breakfast_Regularity_Score,0.0109411180895856,8.5
P06180,Breakfast_Regularity_Score,-0.0054616214234623,7.6
P04977,Breakfast_Regularity_Score,0.0201554468879045,9.5
P03427,Breakfast_Regularity_Score,0.0036813340119701,7.9
P04197,Breakfast_Regularity_Score,0.0237899202083968,9.3
P02766,Breakfast_Regularity_Score,-0.0064864331136829,7.4
P03535,Breakfast_Regularity_Score,-0.0079835118429145,7.5
P05035,Breakfast_Regularity_Score,-0.0137600937711966,2.5
P01230,Breakfast_Regularity_Score,0.0267080496325684,9.9
P01419,Breakfast_Regularity_Score,-0.0115317224666628,5.4
P06113,Breakfast_Regularity_Score,0.016928918232728,8.6
P05455,Breakfast_Regularity_Score,-0.0092923639633141,6.3
P02832,Breakfast_Regularity_Score,0.0194433375312368,10.0
P00481,Breakfast_Regularity_Score,-0.0011255788106065,7.8
P02819,Breakfast_Regularity_Score,0.0092339495627975,8.0
P02913,Breakfast_Regularity_Score,0.0175624563252031,9.7
P08674,Breakfast_Regularity_Score,-0.0163188578587548,5.3
P00468,Breakfast_Regularity_Score,0.0232020325641724,10.0
P09743,Breakfast_Regularity_Score,0.0112736097571578,8.4
P04448,Breakfast_Regularity_Score,0.0067426593099241,8.2
P02876,Breakfast_Regularity_Score,0.0073410857268908,8.0
P09112,Breakfast_Regularity_Score,-0.0090874186610569,6.5
P02016,Breakfast_Regularity_Score,0.0176133036334418,10.0
P03998,Breakfast_Regularity_Score,0.0136447416262596,8.5
P02069,Breakfast_Regularity_Score,0.0091599166693911,8.2
P03097,Breakfast_Regularity_Score,0.023833446186608,10.0
P08389,Breakfast_Regularity_Score,-0.0223216166034093,4.8
P07082,Breakfast_Regularity_Score,0.0227954417107607,10.0
P05513,Breakfast_Regularity_Score,-0.0077639562603529,6.7
P04608,Breakfast_Regularity_Score,0.0213021329223712,8.8
P07139,Breakfast_Regularity_Score,0.0174859367354107,9.7
P08076,Breakfast_Regularity_Score,0.0208284797869472,9.3
P03710,Breakfast_Regularity_Score,-0.0177012763511768,5.3
P04895,Breakfast_Regularity_Score,0.0134199690239238,8.6
P03700,Breakfast_Regularity_Score,-0.0135180734412665,6.9
P05596,Breakfast_Regularity_Score,0.0083753905404178,8.1
P05451,Breakfast_Regularity_Score,-0.0149451270882298,6.4
P04532,Breakfast_Regularity_Score,0.0176327688531687,8.9
P02532,Breakfast_Regularity_Score,-0.011115150627406,5.5
P08661,Breakfast_Regularity_Score,0.0154099240321978,9.4
P07529,Breakfast_Regularity_Score,-0.0020920017312197,7.7
P08327,Breakfast_Regularity_Score,0.0224867335664635,10.0
P07490,Breakfast_Regularity_Score,-0.0143199654588274,6.6
P05374,Breakfast_Regularity_Score,-0.0109787844288754,6.1
P02320,Breakfast_Regularity_Score,-0.0164817990488662,5.1
P08953,Breakfast_Regularity_Score,-0.0074784643778584,7.4
P00690,Breakfast_Regularity_Score,-0.0112425483819521,7.2
P07103,Breakfast_Regularity_Score,-0.0009391886047558,7.6
P02895,Breakfast_Regularity_Score,-0.0113682017011912,6.4
P01663,Breakfast_Regularity_Score,-0.0250873908741081,4.7
P01124,Breakfast_Regularity_Score,0.0080040784385209,8.1
P02444,Breakfast_Regularity_Score,0.021097252448655,10.0
P01343,Breakfast_Regularity_Score,0.0273165123348244,10.0
P07941,Breakfast_Regularity_Score,0.0186326917152885,9.6
P04387,Breakfast_Regularity_Score,0.0085580057790585,8.0
P07196,Breakfast_Regularity_Score,0.0171001986744363,8.6
P09241,Breakfast_Regularity_Score,0.0101285646132509,8.4
P03572,Breakfast_Regularity_Score,-0.0075940048089631,7.4
P02572,Breakfast_Regularity_Score,-0.0115662954261525,6.3
P08191,Breakfast_Regularity_Score,-0.0114722650725742,6.7
P05326,Breakfast_Regularity_Score,-0.0103588822644993,6.4
P01649,Breakfast_Regularity_Score,0.0243000346632292,10.0
P09780,Breakfast_Regularity_Score,0.0018151522289796,7.8
P00746,Breakfast_Regularity_Score,-0.0114998468110674,7.2
P03114,Breakfast_Regularity_Score,0.0143764238091353,10.0
P04110,Breakfast_Regularity_Score,0.0133858635329225,9.0
P09008,Breakfast_Regularity_Score,-0.0094789007136406,6.6
P00407,Breakfast_Regularity_Score,-0.0112096629743162,5.3
P09006,Breakfast_Regularity_Score,0.0010516261205273,7.7
P06431,Breakfast_Regularity_Score,-0.0064154983157209,7.5
P06072,Breakfast_Regularity_Score,-0.0146348263113483,6.0
P02639,Breakfast_Regularity_Score,-0.016230467724637,5.7
P05412,Breakfast_Regularity_Score,-0.00808179017247,7.2
P01543,Breakfast_Regularity_Score,-0.0107654356884733,7.4
P02264,Breakfast_Regularity_Score,-0.011337199647694,6.1
P06458,Morning_Workout_Yes,0.0071208882598719,1.0
P06475,Morning_Workout_Yes,-0.0083387682198455,0.0
P06155,Morning_Workout_Yes,0.008215338444425,1.0
P04064,Morning_Workout_Yes,-0.0098818400554004,0.0
P02103,Morning_Workout_Yes,0.006948280585202,1.0
P01590,Morning_Workout_Yes,-0.0084738702468615,0.0
P05262,Morning_Workout_Yes,-0.0069852821178849,0.0
P08143,Morning_Workout_Yes,-0.0062351500472677,0.0
P06500,Morning_Workout_Yes,-0.0082322043192441,0.0
P09463,Morning_Workout_Yes,-0.0081081391525608,0.0
P06849,Morning_Workout_Yes,0.0090450682843128,1.0
P01998,Morning_Workout_Yes,-0.0067940244910047,0.0
P09520,Morning_Workout_Yes,0.0097197342948634,1.0
P02992,Morning_Workout_Yes,0.0084321791684095,1.0
P04894,Morning_Workout_Yes,-0.0099962707047867,0.0
P01842,Morning_Workout_Yes,-0.0068741354416583,0.0
P03719,Morning_Workout_Yes,-0.0063731570990632,0.0
P03903,Morning_Workout_Yes,-0.0069157670493959,0.0
P05536,Morning_Workout_Yes,-0.0095722700153863,0.0
P01807,Morning_Workout_Yes,-0.0089083824019185,0.0
P03286,Morning_Workout_Yes,-0.0104745183290027,0.0
P03708,Morning_Workout_Yes,-0.0065953383447506,0.0
P02899,Morning_Workout_Yes,-0.008338184091481,0.0
P06486,Morning_Workout_Yes,0.0092547581358558,1.0
P00567,Morning_Workout_Yes,-0.0089743446250679,0.0
P02039,Morning_Workout_Yes,-0.0092994832721335,0.0
P06180,Morning_Workout_Yes,-0.006935641120162,0.0
P04977,Morning_Workout_Yes,-0.0072610517734585,0.0
P03427,Morning_Workout_Yes,-0.007184617694564,0.0
P04197,Morning_Workout_Yes,0.0089224469075145,1.0
P02766,Morning_Workout_Yes,0.008015649640971,1.0
P03535,Morning_Workout_Yes,0.0091717400629726,1.0
P05035,Morning_Workout_Yes,0.0071924784174618,1.0
P01230,Morning_Workout_Yes,0.0096529795948705,1.0
P01419,Morning_Workout_Yes,-0.007780819156137,0.0
P06113,Morning_Workout_Yes,-0.0078734050201603,0.0
P05455,Morning_Workout_Yes,-0.0079509670054174,0.0
P02832,Morning_Workout_Yes,-0.0088103125225967,0.0
P00481,Morning_Workout_Yes,-0.0100440334582239,0.0
P02819,Morning_Workout_Yes,-0.0078595422286832,0.0
P02913,Morning_Workout_Yes,0.0078752708166793,1.0
P08674,Morning_Workout_Yes,-0.0103432793022044,0.0
P00468,Morning_Workout_Yes,-0.0065275784929693,0.0
P09743,Morning_Workout_Yes,0.0093293708269038,1.0
P04448,Morning_Workout_Yes,-0.0148298448407947,0.0
P02876,Morning_Workout_Yes,-0.0077247503170278,0.0
P09112,Morning_Workout_Yes,-0.0075076947082143,0.0
P02016,Morning_Workout_Yes,-0.0080021814130945,0.0
P03998,Morning_Workout_Yes,-0.0057982946535612,0.0
P02069,Morning_Workout_Yes,-0.008172169591395,0.0
P03097,Morning_Workout_Yes,0.0080202693893929,1.0
P08389,Morning_Workout_Yes,-0.0082203357562184,0.0
P07082,Morning_Workout_Yes,-0.0069340173737068,0.0
P05513,Morning_Workout_Yes,0.0082891863479241,1.0
P04608,Morning_Workout_Yes,-0.0078889552837387,0.0
P07139,Morning_Workout_Yes,-0.0105007359500713,0.0
P08076,Morning_Workout_Yes,0.0081348677724957,1.0
P03710,Morning_Workout_Yes,0.0088478605346603,1.0
P04895,Morning_Workout_Yes,0.0077002113984755,1.0
P03700,Morning_Workout_Yes,0.0079553530764421,1.0
P05596,Morning_Workout_Yes,-0.007723756775584,0.0
P05451,Morning_Workout_Yes,-0.0110437032529991,0.0
P04532,Morning_Workout_Yes,0.0076254412179546,1.0
P02532,Morning_Workout_Yes,0.0080789445841566,1.0
P08661,Morning_Workout_Yes,-0.0065608214356442,0.0
P07529,Morning_Workout_Yes,-0.0098212636939011,0.0
P08327,Morning_Workout_Yes,-0.0078263784543994,0.0
P07490,Morning_Workout_Yes,-0.0097814062692978,0.0
P05374,Morning_Workout_Yes,0.0099813388554364,1.0
P02320,Morning_Workout_Yes,0.0071368596216542,1.0
P08953,Morning_Workout_Yes,0.0081843938794623,1.0
P00690,Morning_Workout_Yes,0.0098913830083692,1.0
P07103,Morning_Workout_Yes,-0.0067109752325558,0.0
P02895,Morning_Workout_Yes,0.0076459889759529,1.0
P01663,Morning_Workout_Yes,0.0075565173222695,1.0
P01124,Morning_Workout_Yes,-0.0108559829527814,0.0
P02444,Morning_Workout_Yes,-0.0086101158515262,0.0
P01343,Morning_Workout_Yes,-0.0092561715535493,0.0
P07941,Morning_Workout_Yes,-0.0082436941598808,0.0
P04387,Morning_Workout_Yes,-0.0111505333211086,0.0
P07196,Morning_Workout_Yes,-0.0098639157935847,0.0
P09241,Morning_Workout_Yes,0.010086240426193,1.0
P03572,Morning_Workout_Yes,-0.0080288897066437,0.0
P02572,Morning_Workout_Yes,0.0070593457882192,1.0
P08191,Morning_Workout_Yes,0.0104875682261676,1.0
P05326,Morning_Workout_Yes,-0.0058519672369315,0.0
P01649,Morning_Workout_Yes,0.0105646471264246,1.0
P09780,Morning_Workout_Yes,-0.0083036892578377,0.0
P00746,Morning_Workout_Yes,-0.0092185883582196,0.0
P03114,Morning_Workout_Yes,0.0088015850695297,1.0
P04110,Morning_Workout_Yes,-0.0079795357587042,0.0
P09008,Morning_Workout_Yes,0.0077315181373138,1.0
P00407,Morning_Workout_Yes,-0.0075872075761418,0.0
P09006,Morning_Workout_Yes,0.0083449365504762,1.0
P06431,Morning_Workout_Yes,0.0110467514197476,1.0
P06072,Morning_Workout_Yes,-0.0094911588108461,0.0
P02639,Morning_Workout_Yes,-0.0108656966894064,0.0
P05412,Morning_Workout_Yes,0.0085915865624541,1.0
P01543,Morning_Workout_Yes,-0.0087483108603474,0.0
P02264,Morning_Workout_Yes,-0.0079526917444232,0.0
P06458,Morning_Workout_No,0.0062624935704203,0.0
P06475,Morning_Workout_No,-0.0083992068372399,1.0
P06155,Morning_Workout_No,0.0078003029061414,0.0
P04064,Morning_Workout_No,-0.0061730233827703,1.0
P02103,Morning_Workout_No,0.0072454055612805,0.0
P01590,Morning_Workout_No,-0.0083580414516315,1.0
P05262,Morning_Workout_No,-0.0060950401031921,1.0
P08143,Morning_Workout_No,-0.0063719272931304,1.0
P06500,Morning_Workout_No,-0.0066701053624214,1.0
P09463,Morning_Workout_No,-0.0070712350239663,1.0
P06849,Morning_Workout_No,0.0088103250833653,0.0
P01998,Morning_Workout_No,-0.0046651684028168,1.0
P09520,Morning_Workout_No,0.0098163660612003,0.0
P02992,Morning_Workout_No,0.0077439960349577,0.0
P04894,Morning_Workout_No,-0.0068074023649869,1.0
P01842,Morning_Workout_No,-0.0064481489370556,1.0
P03719,Morning_Workout_No,-0.0053802411730706,1.0
P03903,Morning_Workout_No,-0.0054253686994315,1.0
P05536,Morning_Workout_No,-0.0049519882631464,1.0
P01807,Morning_Workout_No,-0.0072215432615449,1.0
P03286,Morning_Workout_No,-0.0084786786072826,1.0
P03708,Morning_Workout_No,-0.0068476843399536,1.0
P02899,Morning_Workout_No,-0.0068533072742639,1.0
P06486,Morning_Workout_No,0.006815647208203,0.0
P00567,Morning_Workout_No,-0.0068862536555323,1.0
P02039,Morning_Workout_No,-0.0070740458596646,1.0
P06180,Morning_Workout_No,-0.0066954571940753,1.0
P04977,Morning_Workout_No,-0.0064148021468924,1.0
P03427,Morning_Workout_No,-0.0066671900960576,1.0
P04197,Morning_Workout_No,0.0077964046309599,0.0
P02766,Morning_Workout_No,0.0056142415733864,0.0
P03535,Morning_Workout_No,0.0078399219553908,0.0
P05035,Morning_Workout_No,0.0073185983440021,0.0
P01230,Morning_Workout_No,0.0077978250838294,0.0
P01419,Morning_Workout_No,-0.0056035740987699,1.0
P06113,Morning_Workout_No,-0.0089657725123448,1.0
P05455,Morning_Workout_No,-0.0055411515561669,1.0
P02832,Morning_Workout_No,-0.0075640130097547,1.0
P00481,Morning_Workout_No,-0.007821385774524,1.0
P02819,Morning_Workout_No,-0.0073020070611821,1.0
P02913,Morning_Workout_No,0.0070330413541193,0.0
P08674,Morning_Workout_No,-0.008730347457428,1.0
P00468,Morning_Workout_No,-0.0068328554915963,1.0
P09743,Morning_Workout_No,0.0071766083997883,0.0
P04448,Morning_Workout_No,-0.0076906378284199,1.0
P02876,Morning_Workout_No,-0.0061357937085565,1.0
P09112,Morning_Workout_No,-0.0049514190018204,1.0
P02016,Morning_Workout_No,-0.0063453784375572,1.0
P03998,Morning_Workout_No,-0.006052728344401,1.0
P02069,Morning_Workout_No,-0.0056958641242335,1.0
P03097,Morning_Workout_No,0.0079426948292158,0.0
P08389,Morning_Workout_No,-0.0085536776096505,1.0
P07082,Morning_Workout_No,-0.0073199206930521,1.0
P05513,Morning_Workout_No,0.0069376642360094,0.0
P04608,Morning_Workout_No,-0.007089609835298,1.0
P07139,Morning_Workout_No,-0.0088683167720743,1.0
P08076,Morning_Workout_No,0.0081633484340433,0.0
P03710,Morning_Workout_No,0.0065609869972616,0.0
P04895,Morning_Workout_No,0.0059970755382284,0.0
P03700,Morning_Workout_No,0.009304377144064,0.0
P05596,Morning_Workout_No,-0.0066437628147143,1.0
P05451,Morning_Workout_No,-0.007971384487246,1.0
P04532,Morning_Workout_No,0.00734313965123,0.0
P02532,Morning_Workout_No,0.0071524649516078,0.0
P08661,Morning_Workout_No,-0.0069901993463424,1.0
P07529,Morning_Workout_No,-0.0080036977173051,1.0
P08327,Morning_Workout_No,-0.0067708659069649,1.0
P07490,Morning_Workout_No,-0.0077259132009032,1.0
P05374,Morning_Workout_No,0.0074839597473412,0.0
P02320,Morning_Workout_No,0.0062269418421495,0.0
P08953,Morning_Workout_No,0.0064037472010904,0.0
P00690,Morning_Workout_No,0.0088099729325501,0.0
P07103,Morning_Workout_No,-0.0072910616364172,1.0
P02895,Morning_Workout_No,0.0077044712708522,0.0
P01663,Morning_Workout_No,0.0059220027257922,0.0
P01124,Morning_Workout_No,-0.0082580215993565,1.0
P02444,Morning_Workout_No,-0.0081869311106891,1.0
P01343,Morning_Workout_No,-0.0074471021560678,1.0
P07941,Morning_Workout_No,-0.0075595513853321,1.0
P04387,Morning_Workout_No,-0.0086336163987151,1.0
P07196,Morning_Workout_No,-0.0068447903776305,1.0
P09241,Morning_Workout_No,0.0073676074883847,0.0
P03572,Morning_Workout_No,-0.00589691423547,1.0
P02572,Morning_Workout_No,0.0072055458265299,0.0
P08191,Morning_Workout_No,0.0076686799177468,0.0
P05326,Morning_Workout_No,-0.0067456324201565,1.0
P01649,Morning_Workout_No,0.0075321614529781,0.0
P09780,Morning_Workout_No,-0.006491173240924,1.0
P00746,Morning_Workout_No,-0.006196253835,1.0
P03114,Morning_Workout_No,0.006198510122313,0.0
P04110,Morning_Workout_No,-0.0070871795831147,1.0
P09008,Morning_Workout_No,0.0047835520756209,0.0
P00407,Morning_Workout_No,-0.0056235001360522,1.0
P09006,Morning_Workout_No,0.0063716620013014,0.0
P06431,Morning_Workout_No,0.008791766432422,0.0
P06072,Morning_Workout_No,-0.0085495646931171,1.0
P02639,Morning_Workout_No,-0.0068921842913258,1.0
P05412,Morning_Workout_No,0.0062452712570128,0.0
P01543,Morning_Workout_No,-0.009739256639249,1.0
P02264,Morning_Workout_No,-0.0057741455662915,1.0
P06458,Sleep_Quality_Score,-0.0044290135543009,5.3
P06475,Sleep_Quality_Score,-0.0018859007402412,5.6
P06155,Sleep_Quality_Score,-0.0046210007454794,4.3
P04064,Sleep_Quality_Score,-0.0019928781525314,6.0
P02103,Sleep_Quality_Score,-0.0069556333426853,1.9
P01590,Sleep_Quality_Score,-0.0002147419955858,6.4
P05262,Sleep_Quality_Score,-0.0040208052369859,4.7
P08143,Sleep_Quality_Score,-0.0054410708261824,3.8
P06500,Sleep_Quality_Score,0.0030619220996337,6.9
P09463,Sleep_Quality_Score,-0.0039550056857182,4.2
P06849,Sleep_Quality_Score,-0.0018842752834889,5.9
P01998,Sleep_Quality_Score,-0.0024346792614911,6.4
P09520,Sleep_Quality_Score,-0.0078347777263183,1.0
P02992,Sleep_Quality_Score,-0.0034230958312669,4.1
P04894,Sleep_Quality_Score,-0.0019827861109495,5.8
P01842,Sleep_Quality_Score,-0.0033288784539557,4.7
P03719,Sleep_Quality_Score,4.03694593433634e-05,6.3
P03903,Sleep_Quality_Score,-0.001395857445476,6.4
P05536,Sleep_Quality_Score,0.0103747539417888,8.8
P01807,Sleep_Quality_Score,-0.0012303261792022,6.1
P03286,Sleep_Quality_Score,0.0147166390037912,8.4
P03708,Sleep_Quality_Score,-0.0071858419966806,4.3
P02899,Sleep_Quality_Score,-0.0048723691646469,4.3
P06486,Sleep_Quality_Score,-0.004167808005984,5.3
P00567,Sleep_Quality_Score,-0.0006075006887717,6.3
P02039,Sleep_Quality_Score,0.0092952411543339,8.8
P06180,Sleep_Quality_Score,-0.0032578540589449,5.7
P04977,Sleep_Quality_Score,-0.0053513669158214,4.3
P03427,Sleep_Quality_Score,-0.0081734453585324,4.2
P04197,Sleep_Quality_Score,-0.0010684492703101,6.3
P02766,Sleep_Quality_Score,-0.0040945585843359,6.0
P03535,Sleep_Quality_Score,-0.0008778584512149,5.9
P05035,Sleep_Quality_Score,-0.0046393963421187,4.6
P01230,Sleep_Quality_Score,-0.0009721394888454,6.4
P01419,Sleep_Quality_Score,-0.0009915027407202,6.4
P06113,Sleep_Quality_Score,-0.0030151591612285,4.5
P05455,Sleep_Quality_Score,0.0044587241844805,6.9
P02832,Sleep_Quality_Score,0.004518750489214,6.9
P00481,Sleep_Quality_Score,-0.0046587185367685,5.4
P02819,Sleep_Quality_Score,-0.0046110270522772,4.3
P02913,Sleep_Quality_Score,-0.0037380622022225,4.6
P08674,Sleep_Quality_Score,0.0098259415055979,8.4
P00468,Sleep_Quality_Score,-0.0058575172999073,4.8
P09743,Sleep_Quality_Score,0.008202487530105,7.7
P04448,Sleep_Quality_Score,0.0102738570105304,8.5
P02876,Sleep_Quality_Score,-0.0056869213557617,5.2
P09112,Sleep_Quality_Score,-0.0007508585729381,6.3
P02016,Sleep_Quality_Score,0.0061642188577031,7.6
P03998,Sleep_Quality_Score,-0.0068230878225314,2.8
P02069,Sleep_Quality_Score,0.0040063731273077,7.1
P03097,Sleep_Quality_Score,-0.0028330011980514,2.8
P08389,Sleep_Quality_Score,-0.0075238991348015,3.9
P07082,Sleep_Quality_Score,-0.0053521803696784,4.5
P05513,Sleep_Quality_Score,-0.0064443782175743,5.1
P04608,Sleep_Quality_Score,0.0001732989834245,6.2
P07139,Sleep_Quality_Score,0.0099496426595328,8.2
P08076,Sleep_Quality_Score,-0.0009067826874474,6.0
P03710,Sleep_Quality_Score,-0.003897770488257,5.6
P04895,Sleep_Quality_Score,0.0101728005699424,8.8
P03700,Sleep_Quality_Score,-0.0055701112135315,4.7
P05596,Sleep_Quality_Score,0.0059822879535728,7.4
P05451,Sleep_Quality_Score,0.0064915549275136,7.6
P04532,Sleep_Quality_Score,-0.0043368852565058,4.6
P02532,Sleep_Quality_Score,-0.0023656505911232,5.5
P08661,Sleep_Quality_Score,-0.0051799025243905,4.6
P07529,Sleep_Quality_Score,0.0089907189429637,9.2
P08327,Sleep_Quality_Score,-0.0035379092676145,5.9
P07490,Sleep_Quality_Score,-0.0058248319546072,4.2
P05374,Sleep_Quality_Score,0.0010047577605715,6.6
P02320,Sleep_Quality_Score,0.0058706798657243,7.0
P08953,Sleep_Quality_Score,-0.0062605744278577,5.0
P00690,Sleep_Quality_Score,-0.0020495503667244,5.9
P07103,Sleep_Quality_Score,-0.0031923280831669,4.7
P02895,Sleep_Quality_Score,-0.0067687301541003,5.0
P01663,Sleep_Quality_Score,-0.0015150589577066,6.3
P01124,Sleep_Quality_Score,-0.0027075519721299,5.5
P02444,Sleep_Quality_Score,0.004257523891512,7.4
P01343,Sleep_Quality_Score,0.0031712031601408,6.9
P07941,Sleep_Quality_Score,-0.0005628287153139,6.2
P04387,Sleep_Quality_Score,0.0097065050345128,7.9
P07196,Sleep_Quality_Score,0.0109196185560362,8.0
P09241,Sleep_Quality_Score,0.0061829845763666,7.3
P03572,Sleep_Quality_Score,-0.0030182826758501,5.4
P02572,Sleep_Quality_Score,-0.004044281257816,4.0
P08191,Sleep_Quality_Score,-0.0004391127728872,6.5
P05326,Sleep_Quality_Score,-0.001885886927436,5.9
P01649,Sleep_Quality_Score,0.0041561623646537,7.2
P09780,Sleep_Quality_Score,-0.0039243973617835,5.1
P00746,Sleep_Quality_Score,-0.0029745811738452,5.3
P03114,Sleep_Quality_Score,-0.0009034821905473,6.8
P04110,Sleep_Quality_Score,0.0027729317103352,6.9
P09008,Sleep_Quality_Score,-0.0028517008037804,6.3
P00407,Sleep_Quality_Score,0.0044358346857367,7.1
P09006,Sleep_Quality_Score,-0.0038267043951163,4.3
P06431,Sleep_Quality_Score,0.004820822464941,7.4
P06072,Sleep_Quality_Score,-0.0043170660142537,3.1
P02639,Sleep_Quality_Score,0.0031589672269615,7.0
P05412,Sleep_Quality_Score,-0.0048728292224179,5.7
P01543,Sleep_Quality_Score,-0.003925702319068,4.9
P02264,Sleep_Quality_Score,-0.0027126510830366,5.5
P06458,Energy_Level_Score,-0.0037719128882028,7.2
P06475,Energy_Level_Score,-0.0047899634420386,6.9
P06155,Energy_Level_Score,-0.0034003259723728,6.3
P04064,Energy_Level_Score,-0.0034098520547929,5.6
P02103,Energy_Level_Score,-0.0036926676850255,6.1
P01590,Energy_Level_Score,-0.00216311345789,7.1
P05262,Energy_Level_Score,-0.0039305676528137,6.5
P08143,Energy_Level_Score,-0.0031798227599611,6.9
P06500,Energy_Level_Score,-0.0037993890609566,6.9
P09463,Energy_Level_Score,-0.0017302007161743,6.9
P06849,Energy_Level_Score,-0.0008170234968611,7.8
P01998,Energy_Level_Score,-0.0033041405660888,7.5
P09520,Energy_Level_Score,-0.0028620682905026,6.5
P02992,Energy_Level_Score,-0.0018572732184243,6.7
P04894,Energy_Level_Score,-0.0028721175153054,5.6
P01842,Energy_Level_Score,-0.0035066772983528,5.4
P03719,Energy_Level_Score,-0.0031023040045726,6.2
P03903,Energy_Level_Score,-0.0034331498355757,7.6
P05536,Energy_Level_Score,-0.002898123623908,7.7
P01807,Energy_Level_Score,-0.0035025585990703,6.8
P03286,Energy_Level_Score,-0.0032917217818464,6.3
P03708,Energy_Level_Score,-0.0031581460961418,5.7
P02899,Energy_Level_Score,-0.0056358254147725,4.7
P06486,Energy_Level_Score,0.0014183545887051,8.2
P00567,Energy_Level_Score,-0.0050504862876288,7.2
P02039,Energy_Level_Score,0.0026514068801357,8.5
P06180,Energy_Level_Score,-0.0023221347259687,7.1
P04977,Energy_Level_Score,0.0068339264662298,9.0
P03427,Energy_Level_Score,-0.0020191225196276,8.0
P04197,Energy_Level_Score,0.0047308347137665,9.0
P02766,Energy_Level_Score,0.0053326649469528,9.3
P03535,Energy_Level_Score,0.0026528620684299,8.3
P05035,Energy_Level_Score,-0.0024438620171552,7.5
P01230,Energy_Level_Score,-0.0028517373906273,7.1
P01419,Energy_Level_Score,-0.0031359678010448,7.9
P06113,Energy_Level_Score,-0.0025258291729322,4.8
P05455,Energy_Level_Score,-0.0032747256605405,7.3
P02832,Energy_Level_Score,0.0017115009055902,8.3
P00481,Energy_Level_Score,-0.0025748942026971,6.3
P02819,Energy_Level_Score,-0.0012744896823539,7.2
P02913,Energy_Level_Score,-0.0025686996231476,7.6
P08674,Energy_Level_Score,-0.0020295959151911,7.7
P00468,Energy_Level_Score,-0.00339632360679,5.6
P09743,Energy_Level_Score,0.0079882046587123,9.8
P04448,Energy_Level_Score,0.0019843350906009,8.4
P02876,Energy_Level_Score,-0.0036818152390482,6.4
P09112,Energy_Level_Score,-0.0036299731330029,5.4
P02016,Energy_Level_Score,-0.0021872975932205,7.1
P03998,Energy_Level_Score,-0.0035605483769411,5.3
P02069,Energy_Level_Score,-0.0027762194645202,7.2
P03097,Energy_Level_Score,-0.0028278614757391,7.6
P08389,Energy_Level_Score,-0.0029601235917611,5.4
P07082,Energy_Level_Score,-0.0035059975976016,6.7
P05513,Energy_Level_Score,0.0075390228487436,10.0
P04608,Energy_Level_Score,-0.0044165176226785,7.6
P07139,Energy_Level_Score,0.0049714705101968,8.5
P08076,Energy_Level_Score,0.0031024383011288,8.1
P03710,Energy_Level_Score,-0.0014600391833566,7.7
P04895,Energy_Level_Score,0.0045407104373615,9.0
P03700,Energy_Level_Score,0.0052433743215106,9.1
P05596,Energy_Level_Score,-0.0030717594328639,7.2
P05451,Energy_Level_Score,-0.0039089778962681,7.9
P04532,Energy_Level_Score,0.0003885063380855,7.3
P02532,Energy_Level_Score,-0.0024461166322354,6.5
P08661,Energy_Level_Score,-0.0038169744850905,6.5
P07529,Energy_Level_Score,0.0004896668186523,8.3
P08327,Energy_Level_Score,0.0006863251860481,5.7
P07490,Energy_Level_Score,-0.001641342115634,6.9
P05374,Energy_Level_Score,0.00861346675307,8.9
P02320,Energy_Level_Score,0.0048753849904917,10.0
P08953,Energy_Level_Score,-0.0032161111423586,7.8
P00690,Energy_Level_Score,-9.191347874404404e-05,6.7
P07103,Energy_Level_Score,-0.0025704124829538,6.0
P02895,Energy_Level_Score,0.0041325942705219,8.9
P01663,Energy_Level_Score,0.0028553217533272,8.6
P01124,Energy_Level_Score,-0.0026765545535435,7.8
P02444,Energy_Level_Score,-0.0001883877849227,8.1
P01343,Energy_Level_Score,-0.0017731826790557,6.7
P07941,Energy_Level_Score,0.0045891641258912,8.9
P04387,Energy_Level_Score,-0.0047639602335159,5.5
P07196,Energy_Level_Score,0.0073359036608839,10.0
P09241,Energy_Level_Score,-0.0020235333477225,7.8
P03572,Energy_Level_Score,-0.0014491939375094,7.0
P02572,Energy_Level_Score,0.0028397702982344,8.2
P08191,Energy_Level_Score,0.0030290671550626,8.4
P05326,Energy_Level_Score,-0.0014646510015521,7.6
P01649,Energy_Level_Score,-0.0008886685894217,7.8
P09780,Energy_Level_Score,-0.0029096982109888,6.5
P00746,Energy_Level_Score,-0.00275365983502,7.4
P03114,Energy_Level_Score,0.0058294853911588,9.9
P04110,Energy_Level_Score,0.0005121086485919,7.5
P09008,Energy_Level_Score,0.0052845750323449,8.9
P00407,Energy_Level_Score,-0.0026502593008015,5.8
P09006,Energy_Level_Score,-0.0011421249234496,6.7
P06431,Energy_Level_Score,0.0045699711984407,8.9
P06072,Energy_Level_Score,-0.0035223242118318,5.9
P02639,Energy_Level_Score,-0.0024851102672817,6.9
P05412,Energy_Level_Score,0.0066093084750648,10.0
P01543,Energy_Level_Score,-0.0045486812463766,6.2
P02264,Energy_Level_Score,-0.0037402057094356,6.5
P06458,Fatigue_Level_Score,0.0008257143605108,2.7
P06475,Fatigue_Level_Score,-0.0025083545245659,3.4
P06155,Fatigue_Level_Score,-0.0052630319294651,6.8
P04064,Fatigue_Level_Score,-0.0021254725787569,5.1
P02103,Fatigue_Level_Score,-0.0039012608803016,5.6
P01590,Fatigue_Level_Score,0.0007757292765352,2.8
P05262,Fatigue_Level_Score,-0.0004095039781105,7.3
P08143,Fatigue_Level_Score,-0.0017369438806122,4.3
P06500,Fatigue_Level_Score,-0.0016251294469153,4.0
P09463,Fatigue_Level_Score,-0.0019092387420997,5.3
P06849,Fatigue_Level_Score,-0.001162120898673,3.9
P01998,Fatigue_Level_Score,-0.0015228479592686,4.2
P09520,Fatigue_Level_Score,-0.0086850425105601,8.0
P02992,Fatigue_Level_Score,-0.0020669898394996,5.2
P04894,Fatigue_Level_Score,-0.0067227943609286,5.6
P01842,Fatigue_Level_Score,-0.0026557746612906,6.1
P03719,Fatigue_Level_Score,-0.0040550167944332,4.1
P03903,Fatigue_Level_Score,0.0001482228911204,3.0
P05536,Fatigue_Level_Score,-0.002360106138138,3.7
P01807,Fatigue_Level_Score,-0.0006648900461065,2.9
P03286,Fatigue_Level_Score,-0.0009418919054527,4.8
P03708,Fatigue_Level_Score,-0.0025046392042894,5.4
P02899,Fatigue_Level_Score,-0.0022747574086051,5.3
P06486,Fatigue_Level_Score,0.0010132333967239,2.1
P00567,Fatigue_Level_Score,-0.000108061210301,1.0
P02039,Fatigue_Level_Score,0.0032120403063558,2.5
P06180,Fatigue_Level_Score,0.0010667522581841,2.9
P04977,Fatigue_Level_Score,-5.273015169145748e-05,3.3
P03427,Fatigue_Level_Score,-0.0013785833341111,3.2
P04197,Fatigue_Level_Score,0.0020244859957461,1.0
P02766,Fatigue_Level_Score,0.0015864051003838,1.0
P03535,Fatigue_Level_Score,0.0008204990839085,2.8
P05035,Fatigue_Level_Score,-0.000630178340951,3.4
P01230,Fatigue_Level_Score,-0.0033985611472843,3.9
P01419,Fatigue_Level_Score,0.0006330004932365,1.8
P06113,Fatigue_Level_Score,-0.0023224005399781,7.3
P05455,Fatigue_Level_Score,0.0016110075741326,1.7
P02832,Fatigue_Level_Score,0.0019698769059168,1.4
P00481,Fatigue_Level_Score,-0.0015431331344035,5.3
P02819,Fatigue_Level_Score,-0.0002566009207729,5.9
P02913,Fatigue_Level_Score,-0.0017235005946984,4.5
P08674,Fatigue_Level_Score,0.0010731720632685,3.0
P00468,Fatigue_Level_Score,-0.0036728890942028,7.8
P09743,Fatigue_Level_Score,0.0017338980596014,1.0
P04448,Fatigue_Level_Score,0.0013725012379705,1.3
P02876,Fatigue_Level_Score,-0.0024819209304891,4.3
P09112,Fatigue_Level_Score,-0.0019401102095417,4.7
P02016,Fatigue_Level_Score,0.0025685572317608,2.7
P03998,Fatigue_Level_Score,-0.0018055216992773,6.8
P02069,Fatigue_Level_Score,-0.0005801104418445,3.3
P03097,Fatigue_Level_Score,-2.770788843319775e-05,5.4
P08389,Fatigue_Level_Score,-0.0040908573373443,6.9
P07082,Fatigue_Level_Score,-0.0044655747360099,6.3
P05513,Fatigue_Level_Score,0.0019917614655701,1.0
P04608,Fatigue_Level_Score,0.0014147846754817,2.7
P07139,Fatigue_Level_Score,0.0024333139342894,1.6
P08076,Fatigue_Level_Score,0.0032342399240994,2.0
P03710,Fatigue_Level_Score,0.0016917338563414,1.2
P04895,Fatigue_Level_Score,0.0025565554759345,1.8
P03700,Fatigue_Level_Score,0.0006349412586412,1.5
P05596,Fatigue_Level_Score,-0.0031905510437727,3.7
P05451,Fatigue_Level_Score,0.0001888667327333,2.6
P04532,Fatigue_Level_Score,0.0009707292112947,5.5
P02532,Fatigue_Level_Score,-0.0004554961134407,3.2
P08661,Fatigue_Level_Score,-0.0018690120391497,5.8
P07529,Fatigue_Level_Score,0.0015521724939943,1.7
P08327,Fatigue_Level_Score,-0.0022199912067832,4.2
P07490,Fatigue_Level_Score,-0.0028993122644294,5.0
P05374,Fatigue_Level_Score,0.0013521828092802,2.5
P02320,Fatigue_Level_Score,0.0043155946709452,1.0
P08953,Fatigue_Level_Score,-0.0005275326096946,3.7
P00690,Fatigue_Level_Score,-0.0012218946926984,3.4
P07103,Fatigue_Level_Score,-0.0003896928131695,7.3
P02895,Fatigue_Level_Score,0.0018739301985057,1.7
P01663,Fatigue_Level_Score,0.0014768386908056,1.9
P01124,Fatigue_Level_Score,-0.0006973874334832,3.2
P02444,Fatigue_Level_Score,-0.0001907820006311,3.1
P01343,Fatigue_Level_Score,0.0010119848423503,3.5
P07941,Fatigue_Level_Score,0.0018578086461844,1.0
P04387,Fatigue_Level_Score,0.0009770403081792,2.7
P07196,Fatigue_Level_Score,0.0007961813922429,1.0
P09241,Fatigue_Level_Score,-0.0002824117582414,3.4
P03572,Fatigue_Level_Score,0.0012406784659092,3.6
P02572,Fatigue_Level_Score,0.0018498096504542,4.5
P08191,Fatigue_Level_Score,0.0023390732835542,1.0
P05326,Fatigue_Level_Score,-0.0006037097570362,3.3
P01649,Fatigue_Level_Score,0.0023274779802076,1.7
P09780,Fatigue_Level_Score,0.0004161215971848,1.8
P00746,Fatigue_Level_Score,-0.0002804251134763,3.5
P03114,Fatigue_Level_Score,0.0025082730063567,1.0
P04110,Fatigue_Level_Score,0.0011398266526444,3.1
P09008,Fatigue_Level_Score,0.0025523618855522,1.0
P00407,Fatigue_Level_Score,0.0011533461723008,5.6
P09006,Fatigue_Level_Score,-0.0030423313646947,4.8
P06431,Fatigue_Level_Score,0.0018321705181352,1.6
P06072,Fatigue_Level_Score,-0.0037061859036339,6.1
P02639,Fatigue_Level_Score,-0.0006865140129906,2.2
P05412,Fatigue_Level_Score,0.0016408242598991,1.0
P01543,Fatigue_Level_Score,-0.0014386190341461,5.3
P02264,Fatigue_Level_Score,-0.0001698353188636,6.1
P06458,Anxiety_Score,-1.308043133214658e-06,6.9
P06475,Anxiety_Score,-0.0027344228994874,4.7
P06155,Anxiety_Score,-0.0025597587635196,3.9
P04064,Anxiety_Score,1.2784164543863945e-06,7.0
P02103,Anxiety_Score,0.0007541419227946,9.8
P01590,Anxiety_Score,-0.0012022331294334,4.9
P05262,Anxiety_Score,0.0038605138844866,7.7
P08143,Anxiety_Score,-0.0014665682021759,3.9
P06500,Anxiety_Score,7.231564798294583e-05,5.8
P09463,Anxiety_Score,0.0001818722989523,6.6
P06849,Anxiety_Score,-0.001060955346767,5.1
P01998,Anxiety_Score,-0.001383779040585,4.3
P09520,Anxiety_Score,-0.0016775425401051,7.7
P02992,Anxiety_Score,-5.741022611860803e-05,5.8
P04894,Anxiety_Score,0.0002510725399247,7.2
P01842,Anxiety_Score,1.412330033575941e-06,7.2
P03719,Anxiety_Score,-0.0019439429832592,4.9
P03903,Anxiety_Score,-0.0006605530674922,4.2
P05536,Anxiety_Score,-0.002750995429964,4.8
P01807,Anxiety_Score,-0.0013799607880632,4.5
P03286,Anxiety_Score,0.0002000437180187,6.2
P03708,Anxiety_Score,1.3251184703602076e-05,4.9
P02899,Anxiety_Score,-0.0022193657438842,4.5
P06486,Anxiety_Score,-0.0010459078382226,4.9
P00567,Anxiety_Score,0.0003612720011323,5.0
P02039,Anxiety_Score,-0.0010652143919325,4.3
P06180,Anxiety_Score,0.0005279307017812,3.1
P04977,Anxiety_Score,0.0001778285117711,6.0
P03427,Anxiety_Score,0.0012310698101875,3.4
P04197,Anxiety_Score,0.0019570725513816,3.2
P02766,Anxiety_Score,0.0005453274196722,1.7
P03535,Anxiety_Score,-0.000293424481132,4.9
P05035,Anxiety_Score,9.101233874436358e-06,8.3
P01230,Anxiety_Score,0.0002615484891427,6.5
P01419,Anxiety_Score,-0.0001645958116789,5.4
P06113,Anxiety_Score,0.0003995628617239,5.8
P05455,Anxiety_Score,0.0002559397939739,6.2
P02832,Anxiety_Score,-0.0001605033601628,4.1
P00481,Anxiety_Score,-0.0001692683864416,5.2
P02819,Anxiety_Score,-0.0004928673027115,5.9
P02913,Anxiety_Score,-0.0047122758891036,5.3
P08674,Anxiety_Score,0.0019147777626688,2.5
P00468,Anxiety_Score,0.0025877237876767,9.4
P09743,Anxiety_Score,0.0022817742847096,4.9
P04448,Anxiety_Score,-0.0005751157628735,3.9
P02876,Anxiety_Score,-0.0005194856491179,7.6
P09112,Anxiety_Score,-0.0003933009863256,5.6
P02016,Anxiety_Score,0.000674949082645,5.4
P03998,Anxiety_Score,-0.000254725846427,8.7
P02069,Anxiety_Score,-0.0007517040940525,5.5
P03097,Anxiety_Score,0.0012213130281144,6.1
P08389,Anxiety_Score,0.0007639454964004,7.6
P07082,Anxiety_Score,0.0001077721461689,6.2
P05513,Anxiety_Score,0.0032248391495639,2.6
P04608,Anxiety_Score,-0.0011127355359749,5.4
P07139,Anxiety_Score,-0.0006389299991611,4.5
P08076,Anxiety_Score,0.0010936271316315,5.7
P03710,Anxiety_Score,-0.0019286865498975,4.4
P04895,Anxiety_Score,0.0013442730080221,3.4
P03700,Anxiety_Score,-0.0011494804452592,5.5
P05596,Anxiety_Score,0.0024029003231798,6.3
P05451,Anxiety_Score,0.0030971821034347,2.0
P04532,Anxiety_Score,-0.0012446798088624,5.2
P02532,Anxiety_Score,0.0021353514636582,6.5
P08661,Anxiety_Score,-0.0002728489875346,5.7
P07529,Anxiety_Score,-0.0010980654982019,3.7
P08327,Anxiety_Score,-0.0010688835245258,4.9
P07490,Anxiety_Score,0.0006831701780101,6.4
P05374,Anxiety_Score,0.0024156771126371,4.3
P02320,Anxiety_Score,-0.0007490792991934,5.8
P08953,Anxiety_Score,-0.0011311626122807,4.4
P00690,Anxiety_Score,0.0023989178379414,6.5
P07103,Anxiety_Score,0.0021545842636015,6.4
P02895,Anxiety_Score,-0.0026631371229117,4.1
P01663,Anxiety_Score,0.0016142956653336,2.8
P01124,Anxiety_Score,0.0001612976639413,4.7
P02444,Anxiety_Score,0.0004821188813591,2.4
P01343,Anxiety_Score,0.0002461867694725,4.6
P07941,Anxiety_Score,0.0017448067768588,2.6
P04387,Anxiety_Score,0.0018550482940283,6.6
P07196,Anxiety_Score,0.0072763670501409,2.5
P09241,Anxiety_Score,-0.0002407610285797,4.3
P03572,Anxiety_Score,-0.001594143302627,3.9
P02572,Anxiety_Score,-0.0035788140249709,4.2
P08191,Anxiety_Score,0.0045395349455288,6.7
P05326,Anxiety_Score,0.0031520192268412,7.1
P01649,Anxiety_Score,-0.0015893467361249,4.3
P09780,Anxiety_Score,0.0009125241419739,7.4
P00746,Anxiety_Score,-0.0002352125653332,4.8
P03114,Anxiety_Score,0.0018907829810498,3.4
P04110,Anxiety_Score,-0.0004410973730523,4.1
P09008,Anxiety_Score,0.0020293697404516,3.4
P00407,Anxiety_Score,-0.0003404406467476,5.2
P09006,Anxiety_Score,0.0028151589616136,6.7
P06431,Anxiety_Score,-0.0017997279147448,5.8
P06072,Anxiety_Score,0.0035649626986472,7.3
P02639,Anxiety_Score,-0.0001733662552951,5.6
P05412,Anxiety_Score,-0.0011950977443179,5.0
P01543,Anxiety_Score,0.0016794522545198,7.0
P02264,Anxiety_Score,-0.0019657316084192,4.6
P06458,Sleep_Disorder_Risk_Low,0.0012248002974745,1.0
P06475,Sleep_Disorder_Risk_Low,0.0012134603439309,1.0
P06155,Sleep_Disorder_Risk_Low,-0.0014510324370092,0.0
P04064,Sleep_Disorder_Risk_Low,0.0009755218871379,1.0
P02103,Sleep_Disorder_Risk_Low,-0.0017911431090465,0.0
P01590,Sleep_Disorder_Risk_Low,0.0009755218871379,1.0
P05262,Sleep_Disorder_Risk_Low,-0.0014090527566185,0.0
P08143,Sleep_Disorder_Risk_Low,-0.001374672385226,0.0
P06500,Sleep_Disorder_Risk_Low,-0.0012672373969263,0.0
P09463,Sleep_Disorder_Risk_Low,-0.001374672385226,0.0
P06849,Sleep_Disorder_Risk_Low,0.0011264972195434,1.0
P01998,Sleep_Disorder_Risk_Low,0.0020535600519996,1.0
P09520,Sleep_Disorder_Risk_Low,-0.0017911431090465,0.0
P02992,Sleep_Disorder_Risk_Low,-0.001416886042605,0.0
P04894,Sleep_Disorder_Risk_Low,0.0022513765098977,1.0
P01842,Sleep_Disorder_Risk_Low,-0.0015284901045197,0.0
P03719,Sleep_Disorder_Risk_Low,0.0012483271367608,1.0
P03903,Sleep_Disorder_Risk_Low,0.0007155507389998,1.0
P05536,Sleep_Disorder_Risk_Low,0.0008885587627504,1.0
P01807,Sleep_Disorder_Risk_Low,0.0008033107217789,1.0
P03286,Sleep_Disorder_Risk_Low,0.0018048432288136,0.0
P03708,Sleep_Disorder_Risk_Low,-0.0016717057611453,0.0
P02899,Sleep_Disorder_Risk_Low,-0.0012552350373249,0.0
P06486,Sleep_Disorder_Risk_Low,0.0006695720243263,1.0
P00567,Sleep_Disorder_Risk_Low,0.0012934531788374,1.0
P02039,Sleep_Disorder_Risk_Low,0.0012934531788374,1.0
P06180,Sleep_Disorder_Risk_Low,0.0027672109864464,1.0
P04977,Sleep_Disorder_Risk_Low,-0.0015284901045197,0.0
P03427,Sleep_Disorder_Risk_Low,-0.0013445271426919,0.0
P04197,Sleep_Disorder_Risk_Low,0.0006942816541467,1.0
P02766,Sleep_Disorder_Risk_Low,0.0007358034176144,1.0
P03535,Sleep_Disorder_Risk_Low,-0.0022179796895218,0.0
P05035,Sleep_Disorder_Risk_Low,-0.001374672385226,0.0
P01230,Sleep_Disorder_Risk_Low,0.0010412491785719,1.0
P01419,Sleep_Disorder_Risk_Low,0.0009299623565065,1.0
P06113,Sleep_Disorder_Risk_Low,-0.0015284901045197,0.0
P05455,Sleep_Disorder_Risk_Low,0.0011021832346992,1.0
P02832,Sleep_Disorder_Risk_Low,0.0009755218871379,1.0
P00481,Sleep_Disorder_Risk_Low,0.0009755218871379,1.0
P02819,Sleep_Disorder_Risk_Low,-0.0013315950891081,0.0
P02913,Sleep_Disorder_Risk_Low,-0.0015284901045197,0.0
P08674,Sleep_Disorder_Risk_Low,-0.0011658458705572,0.0
P00468,Sleep_Disorder_Risk_Low,-0.0017911431090465,0.0
P09743,Sleep_Disorder_Risk_Low,0.0012064900544499,1.0
P04448,Sleep_Disorder_Risk_Low,0.0008885587627504,1.0
P02876,Sleep_Disorder_Risk_Low,0.0022627164634413,1.0
P09112,Sleep_Disorder_Risk_Low,0.0010313435863283,1.0
P02016,Sleep_Disorder_Risk_Low,-0.0021542063114425,0.0
P03998,Sleep_Disorder_Risk_Low,-0.0028559324352845,0.0
P02069,Sleep_Disorder_Risk_Low,0.0009891431341806,1.0
P03097,Sleep_Disorder_Risk_Low,-0.001416886042605,0.0
P08389,Sleep_Disorder_Risk_Low,-0.0027080057185593,0.0
P07082,Sleep_Disorder_Risk_Low,-0.0022668530481515,0.0
P05513,Sleep_Disorder_Risk_Low,0.00298648740398,1.0
P04608,Sleep_Disorder_Risk_Low,0.0018966891338936,1.0
P07139,Sleep_Disorder_Risk_Low,-0.0013016177683187,0.0
P08076,Sleep_Disorder_Risk_Low,-0.0018915533069157,0.0
P03710,Sleep_Disorder_Risk_Low,0.0009755218871379,1.0
P04895,Sleep_Disorder_Risk_Low,-0.0011658458705572,0.0
P03700,Sleep_Disorder_Risk_Low,-0.0018390188211086,0.0
P05596,Sleep_Disorder_Risk_Low,0.0012905275889085,1.0
P05451,Sleep_Disorder_Risk_Low,9.560176969813948e-05,1.0
P04532,Sleep_Disorder_Risk_Low,-0.0013315950891081,0.0
P02532,Sleep_Disorder_Risk_Low,0.0012134603439309,1.0
P08661,Sleep_Disorder_Risk_Low,-0.0012630683233114,0.0
P07529,Sleep_Disorder_Risk_Low,0.0008885587627504,1.0
P08327,Sleep_Disorder_Risk_Low,0.0012905275889085,1.0
P07490,Sleep_Disorder_Risk_Low,-0.0014210551162199,0.0
P05374,Sleep_Disorder_Risk_Low,0.0012064900544499,1.0
P02320,Sleep_Disorder_Risk_Low,-0.0021542063114425,0.0
P08953,Sleep_Disorder_Risk_Low,0.0011825998453268,1.0
P00690,Sleep_Disorder_Risk_Low,0.0010412491785719,1.0
P07103,Sleep_Disorder_Risk_Low,-0.0015284901045197,0.0
P02895,Sleep_Disorder_Risk_Low,-0.0008084553751564,0.0
P01663,Sleep_Disorder_Risk_Low,0.0004691060603736,1.0
P01124,Sleep_Disorder_Risk_Low,0.0011264972195434,1.0
P02444,Sleep_Disorder_Risk_Low,0.0007879094620058,1.0
P01343,Sleep_Disorder_Risk_Low,0.0009755218871379,1.0
P07941,Sleep_Disorder_Risk_Low,0.0008748725863933,1.0
P04387,Sleep_Disorder_Risk_Low,0.0009755218871379,1.0
P07196,Sleep_Disorder_Risk_Low,0.0007879094620058,1.0
P09241,Sleep_Disorder_Risk_Low,0.0012064900544499,1.0
P03572,Sleep_Disorder_Risk_Low,0.001121922098626,1.0
P02572,Sleep_Disorder_Risk_Low,-0.0014510324370092,0.0
P08191,Sleep_Disorder_Risk_Low,0.0009755218871379,1.0
P05326,Sleep_Disorder_Risk_Low,-0.0015284901045197,0.0
P01649,Sleep_Disorder_Risk_Low,0.0009755218871379,1.0
P09780,Sleep_Disorder_Risk_Low,0.0009656162948942,1.0
P00746,Sleep_Disorder_Risk_Low,0.0010412491785719,1.0
P03114,Sleep_Disorder_Risk_Low,0.0007879094620058,1.0
P04110,Sleep_Disorder_Risk_Low,-0.0013016177683187,0.0
P09008,Sleep_Disorder_Risk_Low,0.0009949874201946,1.0
P00407,Sleep_Disorder_Risk_Low,0.0014627387542675,1.0
P09006,Sleep_Disorder_Risk_Low,-0.0014090527566185,0.0
P06431,Sleep_Disorder_Risk_Low,0.0009755218871379,1.0
P06072,Sleep_Disorder_Risk_Low,-0.001374672385226,0.0
P02639,Sleep_Disorder_Risk_Low,0.0009755218871379,1.0
P05412,Sleep_Disorder_Risk_Low,0.0008417831896853,1.0
P01543,Sleep_Disorder_Risk_Low,-0.001374672385226,0.0
P02264,Sleep_Disorder_Risk_Low,-0.000374672385226,0.0
P06458,Mood_Score,-0.0011844992486363,6.8
P06475,Mood_Score,-0.0010653277531888,7.1
P06155,Mood_Score,-0.0005929405431284,5.1
P04064,Mood_Score,-0.0011425990916686,5.7
P02103,Mood_Score,-0.0024316036802422,5.0
P01590,Mood_Score,-0.001904562135551,6.6
P05262,Mood_Score,-0.0015339241953057,6.1
P08143,Mood_Score,-0.0019286671459618,5.1
P06500,Mood_Score,0.0012515253303015,7.6
P09463,Mood_Score,-0.0004923013890099,7.3
P06849,Mood_Score,0.0016963191189542,8.0
P01998,Mood_Score,0.0045846706896035,9.1
P09520,Mood_Score,0.0006330456183729,4.2
P02992,Mood_Score,0.0001524766082708,5.9
P04894,Mood_Score,0.0008310360745975,6.4
P01842,Mood_Score,-0.0008305665370497,6.3
P03719,Mood_Score,-0.0006330877386925,6.4
P03903,Mood_Score,0.0002705413648529,7.5
P05536,Mood_Score,0.0039535186776648,8.4
P01807,Mood_Score,-0.0013126373149317,7.5
P03286,Mood_Score,-0.0005559244899385,6.9
P03708,Mood_Score,0.0001454381367067,7.5
P02899,Mood_Score,-0.0018417268887443,4.9
P06486,Mood_Score,-0.0016157063931612,7.4
P00567,Mood_Score,-0.0029225533911858,7.3
P02039,Mood_Score,-0.001004838757339,7.2
P06180,Mood_Score,-0.0008107445231217,7.4
P04977,Mood_Score,-0.0002963193693696,6.4
P03427,Mood_Score,0.0020137437451524,8.1
P04197,Mood_Score,-0.0010901955824586,5.6
P02766,Mood_Score,0.0018630540955171,7.9
P03535,Mood_Score,-0.0005263025354607,7.2
P05035,Mood_Score,-0.0014139855099836,4.9
P01230,Mood_Score,-7.276038178781051e-05,5.9
P01419,Mood_Score,-0.0010415723520005,6.4
P06113,Mood_Score,4.654451988359205e-05,6.3
P05455,Mood_Score,0.0009308269628219,7.6
P02832,Mood_Score,0.0009604446534849,5.7
P00481,Mood_Score,0.0014687742938621,6.1
P02819,Mood_Score,-0.0024147094966217,6.6
P02913,Mood_Score,0.001101266176231,5.9
P08674,Mood_Score,0.0022657279060267,8.4
P00468,Mood_Score,-0.0009564099560692,4.0
P09743,Mood_Score,0.0028567441685958,7.6
P04448,Mood_Score,0.0013138167147743,7.6
P02876,Mood_Score,-0.0018605967030723,5.6
P09112,Mood_Score,-0.000736492206608,5.8
P02016,Mood_Score,-0.0015442005904991,7.1
P03998,Mood_Score,0.0026343199595308,2.8
P02069,Mood_Score,-0.0008085181093465,6.0
P03097,Mood_Score,-0.0023788669722423,4.8
P08389,Mood_Score,-0.005228461585901,4.6
P07082,Mood_Score,0.0005705513110945,5.8
P05513,Mood_Score,0.0018069264703923,9.0
P04608,Mood_Score,0.0006184066577013,5.3
P07139,Mood_Score,0.0002663156551653,8.6
P08076,Mood_Score,-0.0004081525282207,7.2
P03710,Mood_Score,-0.0002386778243625,7.5
P04895,Mood_Score,0.0012494444806674,8.7
P03700,Mood_Score,0.0018468453804421,5.4
P05596,Mood_Score,-0.0007613542911295,6.9
P05451,Mood_Score,0.0037755067257746,8.2
P04532,Mood_Score,0.0010065450882674,6.5
P02532,Mood_Score,-0.0010224434529822,6.7
P08661,Mood_Score,-0.0005400481051578,5.7
P07529,Mood_Score,0.0005489725273281,8.2
P08327,Mood_Score,-0.0010813072372453,6.6
P07490,Mood_Score,0.0010157270640623,7.9
P05374,Mood_Score,0.0023339344197553,7.8
P02320,Mood_Score,-0.000181864032334,6.3
P08953,Mood_Score,-0.0009100243700387,6.4
P00690,Mood_Score,-0.0001172264512764,6.6
P07103,Mood_Score,-0.0012806329533495,4.4
P02895,Mood_Score,0.0004814043094138,8.4
P01663,Mood_Score,-6.755145489480174e-05,6.0
P01124,Mood_Score,0.0005225237197552,7.7
P02444,Mood_Score,0.0007871162858294,7.7
P01343,Mood_Score,-0.0005988423858134,7.5
P07941,Mood_Score,-0.0004355868747504,7.2
P04387,Mood_Score,0.0005991035696677,5.9
P07196,Mood_Score,0.0008876018880081,7.9
P09241,Mood_Score,0.0020771064737413,7.8
P03572,Mood_Score,-0.0002546271933581,7.4
P02572,Mood_Score,0.0004856120868098,6.3
P08191,Mood_Score,0.0010192971184472,6.4
P05326,Mood_Score,-0.0004300492079095,6.6
P01649,Mood_Score,0.0005556640594332,6.0
P09780,Mood_Score,-0.002325902072568,5.0
P00746,Mood_Score,-0.0012613938083371,7.2
P03114,Mood_Score,0.0023871075685122,9.0
P04110,Mood_Score,0.001564960868512,8.0
P09008,Mood_Score,0.0031058414960755,9.0
P00407,Mood_Score,-0.0001548568433454,6.5
P09006,Mood_Score,-0.0012540451752599,6.9
P06431,Mood_Score,-0.0016786228602382,6.9
P06072,Mood_Score,-0.0020709295621298,4.6
P02639,Mood_Score,0.0025830824175174,6.3
P05412,Mood_Score,-0.0007463472282568,7.2
P01543,Mood_Score,-0.0001375687177697,6.6
P02264,Mood_Score,-0.0029846947095294,7.3
P06458,Exercise_Duration_Minutes,-0.0010015005682802,60.0
P06475,Exercise_Duration_Minutes,-0.0012924852263722,73.0
P06155,Exercise_Duration_Minutes,0.0011629638629808,46.0
P04064,Exercise_Duration_Minutes,-0.0012192875740561,81.0
P02103,Exercise_Duration_Minutes,0.0025917913268702,35.0
P01590,Exercise_Duration_Minutes,0.0013520890207458,41.0
P05262,Exercise_Duration_Minutes,-0.0011960433859947,60.0
P08143,Exercise_Duration_Minutes,-0.0014729734004396,61.0
P06500,Exercise_Duration_Minutes,0.0008031922724576,37.0
P09463,Exercise_Duration_Minutes,0.0010909926973831,25.0
P06849,Exercise_Duration_Minutes,-0.0020745809411465,80.0
P01998,Exercise_Duration_Minutes,0.001093146246345,42.0
P09520,Exercise_Duration_Minutes,0.0003608978356134,60.0
P02992,Exercise_Duration_Minutes,-0.0009117660810506,81.0
P04894,Exercise_Duration_Minutes,0.0012256337210517,37.0
P01842,Exercise_Duration_Minutes,-0.0005374674688215,92.0
P03719,Exercise_Duration_Minutes,0.0008707360435597,35.0
P03903,Exercise_Duration_Minutes,-0.0006014050091405,58.0
P05536,Exercise_Duration_Minutes,-0.0012727119316078,53.0
P01807,Exercise_Duration_Minutes,-0.0030110216373779,68.0
P03286,Exercise_Duration_Minutes,0.0019601596800546,31.0
P03708,Exercise_Duration_Minutes,-0.0016523802939688,75.0
P02899,Exercise_Duration_Minutes,0.0016670218733973,27.0
P06486,Exercise_Duration_Minutes,-0.0005611713935364,57.0
P00567,Exercise_Duration_Minutes,0.001596342880223,40.0
P02039,Exercise_Duration_Minutes,-0.0001049503817065,54.0
P06180,Exercise_Duration_Minutes,-0.0014390650798241,77.0
P04977,Exercise_Duration_Minutes,-0.000283556027761,56.0
P03427,Exercise_Duration_Minutes,-0.0006990985794437,72.0
P04197,Exercise_Duration_Minutes,0.001243832849047,32.0
P02766,Exercise_Duration_Minutes,-0.0008427412297703,65.0
P03535,Exercise_Duration_Minutes,-0.0045414738776658,94.0
P05035,Exercise_Duration_Minutes,-0.0007531107362831,72.0
P01230,Exercise_Duration_Minutes,0.0024932501143951,31.0
P01419,Exercise_Duration_Minutes,-0.0007953334343784,70.0
P06113,Exercise_Duration_Minutes,-0.0008953019414008,70.0
P05455,Exercise_Duration_Minutes,0.0014742000601676,43.0
P02832,Exercise_Duration_Minutes,0.0001239558253897,25.0
P00481,Exercise_Duration_Minutes,-0.0001788666342029,81.0
P02819,Exercise_Duration_Minutes,-0.0009294340132046,73.0
P02913,Exercise_Duration_Minutes,0.0032392322346531,14.0
P08674,Exercise_Duration_Minutes,-0.0026736596957751,99.0
P00468,Exercise_Duration_Minutes,-0.0020965942531844,57.0
P09743,Exercise_Duration_Minutes,0.0002604582920638,105.0
P04448,Exercise_Duration_Minutes,0.0010158682434606,52.0
P02876,Exercise_Duration_Minutes,-0.0012264416765811,55.0
P09112,Exercise_Duration_Minutes,-0.0010166829756196,64.0
P02016,Exercise_Duration_Minutes,0.0010609176648397,30.0
P03998,Exercise_Duration_Minutes,0.0002024157919883,49.0
P02069,Exercise_Duration_Minutes,0.0023303651344517,24.0
P03097,Exercise_Duration_Minutes,-0.0015593547146517,55.0
P08389,Exercise_Duration_Minutes,0.0003293328590956,71.0
P07082,Exercise_Duration_Minutes,0.0027342885303868,13.0
P05513,Exercise_Duration_Minutes,0.0003147293936739,55.0
P04608,Exercise_Duration_Minutes,-0.0014083742433361,72.0
P07139,Exercise_Duration_Minutes,-0.0031230041920429,93.0
P08076,Exercise_Duration_Minutes,-0.0047993764887813,61.0
P03710,Exercise_Duration_Minutes,-0.0007514465859222,59.0
P04895,Exercise_Duration_Minutes,0.0011122147053611,43.0
P03700,Exercise_Duration_Minutes,-0.0007323028606397,54.0
P05596,Exercise_Duration_Minutes,0.0001763086580878,45.0
P05451,Exercise_Duration_Minutes,0.000655790545342,67.0
P04532,Exercise_Duration_Minutes,0.0024812365151747,98.0
P02532,Exercise_Duration_Minutes,-0.0006470735684959,74.0
P08661,Exercise_Duration_Minutes,-0.0009486508104549,72.0
P07529,Exercise_Duration_Minutes,0.0010063877380821,27.0
P08327,Exercise_Duration_Minutes,-0.0010156063748278,79.0
P07490,Exercise_Duration_Minutes,0.0002509721709147,80.0
P05374,Exercise_Duration_Minutes,-0.0002993160360555,84.0
P02320,Exercise_Duration_Minutes,0.0004814931523523,45.0
P08953,Exercise_Duration_Minutes,-0.0009498658763112,65.0
P00690,Exercise_Duration_Minutes,-0.000189334436502,74.0
P07103,Exercise_Duration_Minutes,-0.0018525224502284,74.0
P02895,Exercise_Duration_Minutes,-0.0020116305417489,81.0
P01663,Exercise_Duration_Minutes,-0.0006969198446222,62.0
P01124,Exercise_Duration_Minutes,0.0038627706607517,25.0
P02444,Exercise_Duration_Minutes,0.0011474916010644,37.0
P01343,Exercise_Duration_Minutes,0.0005995371120118,25.0
P07941,Exercise_Duration_Minutes,0.0020174310276888,43.0
P04387,Exercise_Duration_Minutes,-0.0013804548928484,64.0
P07196,Exercise_Duration_Minutes,-0.0017120911942306,38.0
P09241,Exercise_Duration_Minutes,0.0006932030146006,48.0
P03572,Exercise_Duration_Minutes,0.0006304120674335,28.0
P02572,Exercise_Duration_Minutes,-0.0004888276155768,57.0
P08191,Exercise_Duration_Minutes,0.0003696709833749,65.0
P05326,Exercise_Duration_Minutes,-0.0009716691663089,78.0
P01649,Exercise_Duration_Minutes,0.0023481250513939,39.0
P09780,Exercise_Duration_Minutes,-0.0014601521108909,83.0
P00746,Exercise_Duration_Minutes,-4.094987732618509e-05,46.0
P03114,Exercise_Duration_Minutes,-0.0009772189921695,79.0
P04110,Exercise_Duration_Minutes,-0.0004968475442057,51.0
P09008,Exercise_Duration_Minutes,0.0021707992225896,35.0
P00407,Exercise_Duration_Minutes,0.0030094545341338,21.0
P09006,Exercise_Duration_Minutes,0.0018456719744581,35.0
P06431,Exercise_Duration_Minutes,-0.0015694116053543,58.0
P06072,Exercise_Duration_Minutes,0.0015935842328089,30.0
P02639,Exercise_Duration_Minutes,-9.845463082794628e-05,47.0
P05412,Exercise_Duration_Minutes,0.0012988831670804,42.0
P01543,Exercise_Duration_Minutes,-0.0010120648479803,69.0
P02264,Exercise_Duration_Minutes,0.00110116142757,36.0
P06458,Sleep_Disorder_Risk_Medium,0.0012852492098685,0.0
P06475,Sleep_Disorder_Risk_Medium,0.0013120879276576,0.0
P06155,Sleep_Disorder_Risk_Medium,-0.0012061246655674,1.0
P04064,Sleep_Disorder_Risk_Medium,0.0010667728768053,0.0
P02103,Sleep_Disorder_Risk_Medium,-0.0016253945966059,1.0
P01590,Sleep_Disorder_Risk_Medium,0.0009609495175338,0.0
P05262,Sleep_Disorder_Risk_Medium,-0.0015517136328137,1.0
P08143,Sleep_Disorder_Risk_Medium,-0.0017420586832894,1.0
P06500,Sleep_Disorder_Risk_Medium,-0.0012255918805909,1.0
P09463,Sleep_Disorder_Risk_Medium,-0.0012725003617442,1.0
P06849,Sleep_Disorder_Risk_Medium,0.0009628845816263,0.0
P01998,Sleep_Disorder_Risk_Medium,0.0014374765844282,0.0
P09520,Sleep_Disorder_Risk_Medium,-0.0016754677418514,1.0
P02992,Sleep_Disorder_Risk_Medium,-0.0015354110818825,1.0
P04894,Sleep_Disorder_Risk_Medium,0.0012381547744147,0.0
P01842,Sleep_Disorder_Risk_Medium,-0.0014210964463701,1.0
P03719,Sleep_Disorder_Risk_Medium,0.0007682099623293,0.0
P03903,Sleep_Disorder_Risk_Medium,0.0008000811928609,0.0
P05536,Sleep_Disorder_Risk_Medium,0.000845842748288,0.0
P01807,Sleep_Disorder_Risk_Medium,0.0008248100420175,0.0
P03286,Sleep_Disorder_Risk_Medium,-0.0010459955881592,1.0
P03708,Sleep_Disorder_Risk_Medium,-0.0019788834844891,1.0
P02899,Sleep_Disorder_Risk_Medium,-0.0020355165090661,1.0
P06486,Sleep_Disorder_Risk_Medium,0.0008285547619418,0.0
P00567,Sleep_Disorder_Risk_Medium,0.0017597525038134,0.0
P02039,Sleep_Disorder_Risk_Medium,0.0010075792474832,0.0
P06180,Sleep_Disorder_Risk_Medium,0.000553973576444,0.0
P04977,Sleep_Disorder_Risk_Medium,-0.0008342173257785,1.0
P03427,Sleep_Disorder_Risk_Medium,-0.0022363188085153,1.0
P04197,Sleep_Disorder_Risk_Medium,0.0006062276726313,0.0
P02766,Sleep_Disorder_Risk_Medium,0.0005189464669387,0.0
P03535,Sleep_Disorder_Risk_Medium,-0.0020640681641897,1.0
P05035,Sleep_Disorder_Risk_Medium,-0.001387362909125,1.0
P01230,Sleep_Disorder_Risk_Medium,-0.0004912509852999,0.0
P01419,Sleep_Disorder_Risk_Medium,0.0010509069480246,0.0
P06113,Sleep_Disorder_Risk_Medium,-0.0014205485345017,1.0
P05455,Sleep_Disorder_Risk_Medium,0.0017090563228526,0.0
P02832,Sleep_Disorder_Risk_Medium,0.0012351236508174,0.0
P00481,Sleep_Disorder_Risk_Medium,0.0013120879276576,0.0
P02819,Sleep_Disorder_Risk_Medium,-0.0011418831753006,1.0
P02913,Sleep_Disorder_Risk_Medium,-0.0014042459835704,1.0
P08674,Sleep_Disorder_Risk_Medium,-0.0032423358444972,1.0
P00468,Sleep_Disorder_Risk_Medium,-0.0020597601922944,1.0
P09743,Sleep_Disorder_Risk_Medium,0.0014754073354309,0.0
P04448,Sleep_Disorder_Risk_Medium,0.000743367144253,0.0
P02876,Sleep_Disorder_Risk_Medium,0.0016409549663883,0.0
P09112,Sleep_Disorder_Risk_Medium,0.0010667728768053,0.0
P02016,Sleep_Disorder_Risk_Medium,-0.0017810948330933,1.0
P03998,Sleep_Disorder_Risk_Medium,-0.0020597601922944,1.0
P02069,Sleep_Disorder_Risk_Medium,0.0008839852406936,0.0
P03097,Sleep_Disorder_Risk_Medium,-0.0012561978108129,1.0
P08389,Sleep_Disorder_Risk_Medium,-0.0018229353910947,1.0
P07082,Sleep_Disorder_Risk_Medium,-0.0015599462200579,1.0
P05513,Sleep_Disorder_Risk_Medium,0.0009379436772516,0.0
P04608,Sleep_Disorder_Risk_Medium,0.0027024136092557,0.0
P07139,Sleep_Disorder_Risk_Medium,-0.0019250650690984,1.0
P08076,Sleep_Disorder_Risk_Medium,-0.0020809512386351,1.0
P03710,Sleep_Disorder_Risk_Medium,0.0005460680005195,0.0
P04895,Sleep_Disorder_Risk_Medium,-0.0013003544229342,1.0
P03700,Sleep_Disorder_Risk_Medium,-0.0012092893296596,1.0
P05596,Sleep_Disorder_Risk_Medium,0.0013258762784609,0.0
P05451,Sleep_Disorder_Risk_Medium,0.0027174730663996,0.0
P04532,Sleep_Disorder_Risk_Medium,-0.001258713613319,1.0
P02532,Sleep_Disorder_Risk_Medium,0.0007214921696585,0.0
P08661,Sleep_Disorder_Risk_Medium,-0.0012725003617442,1.0
P07529,Sleep_Disorder_Risk_Medium,0.0008736027210419,0.0
P08327,Sleep_Disorder_Risk_Medium,0.0013967687721926,0.0
P07490,Sleep_Disorder_Risk_Medium,-0.0015175022624362,1.0
P05374,Sleep_Disorder_Risk_Medium,0.0011821298714473,0.0
P02320,Sleep_Disorder_Risk_Medium,-0.0017493210389121,1.0
P08953,Sleep_Disorder_Risk_Medium,0.0009889406222876,0.0
P00690,Sleep_Disorder_Risk_Medium,0.0008173534988768,0.0
P07103,Sleep_Disorder_Risk_Medium,-0.0008881048640398,1.0
P02895,Sleep_Disorder_Risk_Medium,-0.001226172404105,1.0
P01663,Sleep_Disorder_Risk_Medium,0.0009656783638542,0.0
P01124,Sleep_Disorder_Risk_Medium,0.000911736348911,0.0
P02444,Sleep_Disorder_Risk_Medium,0.000911736348911,0.0
P01343,Sleep_Disorder_Risk_Medium,0.0008347720720707,0.0
P07941,Sleep_Disorder_Risk_Medium,0.0015354722616651,0.0
P04387,Sleep_Disorder_Risk_Medium,0.0007097121373082,0.0
P07196,Sleep_Disorder_Risk_Medium,0.0007374632455255,0.0
P09241,Sleep_Disorder_Risk_Medium,0.0007551560411398,0.0
P03572,Sleep_Disorder_Risk_Medium,0.0010667728768053,0.0
P02572,Sleep_Disorder_Risk_Medium,-0.0010751315863534,1.0
P08191,Sleep_Disorder_Risk_Medium,0.0009379436772516,0.0
P05326,Sleep_Disorder_Risk_Medium,-0.0012581330898048,1.0
P01649,Sleep_Disorder_Risk_Medium,0.0009349125536542,0.0
P09780,Sleep_Disorder_Risk_Medium,0.0008780813419662,0.0
P00746,Sleep_Disorder_Risk_Medium,0.0009303167696498,0.0
P03114,Sleep_Disorder_Risk_Medium,0.0010862685422291,0.0
P04110,Sleep_Disorder_Risk_Medium,-0.0014205485345017,1.0
P09008,Sleep_Disorder_Risk_Medium,0.001006178846396,0.0
P00407,Sleep_Disorder_Risk_Medium,0.0014985340001382,0.0
P09006,Sleep_Disorder_Risk_Medium,-0.0017609597155749,1.0
P06431,Sleep_Disorder_Risk_Medium,0.0010307738828725,0.0
P06072,Sleep_Disorder_Risk_Medium,-0.0014036654600563,1.0
P02639,Sleep_Disorder_Risk_Medium,0.0009461826984305,0.0
P05412,Sleep_Disorder_Risk_Medium,0.0007866420653144,0.0
P01543,Sleep_Disorder_Risk_Medium,-0.0015517136328137,1.0
P02264,Sleep_Disorder_Risk_Medium,-0.0009208177263451,1.0
P06458,Daily_Steps,-0.0005081971975601,6305.0
P06475,Daily_Steps,-0.0009202873525074,8357.0
P06155,Daily_Steps,-0.0003390484085295,9169.0
P04064,Daily_Steps,-0.0020714863167459,8212.0
P02103,Daily_Steps,-0.0009872772428194,8693.0
P01590,Daily_Steps,0.0011124007741712,5622.0
P05262,Daily_Steps,-0.0005721864258667,4737.0
P08143,Daily_Steps,-0.0008769871158757,7052.0
P06500,Daily_Steps,-0.0010185706141945,9124.0
P09463,Daily_Steps,-0.001071381909414,8949.0
P06849,Daily_Steps,0.0007855033878155,5197.0
P01998,Daily_Steps,-0.0003216950478681,5966.0
P09520,Daily_Steps,-0.0001654111783554,9571.0
P02992,Daily_Steps,0.0006129005603065,8707.0
P04894,Daily_Steps,-0.0031654649641163,8486.0
P01842,Daily_Steps,-0.0003738913674917,6322.0
P03719,Daily_Steps,0.0021518201052656,2953.0
P03903,Daily_Steps,0.0005790553352036,4523.0
P05536,Daily_Steps,-0.0001083751051495,7204.0
P01807,Daily_Steps,0.0025488467224917,4711.0
P03286,Daily_Steps,0.0034727041414631,3694.0
P03708,Daily_Steps,-0.0007347675540712,7326.0
P02899,Daily_Steps,0.0006610509682426,5485.0
P06486,Daily_Steps,-0.0007598881235929,9038.0
P00567,Daily_Steps,0.0015909321740591,7522.0
P02039,Daily_Steps,0.0004952594205677,6591.0
P06180,Daily_Steps,0.0004830528793492,6079.0
P04977,Daily_Steps,0.0002885347344048,10180.0
P03427,Daily_Steps,-0.000395136255786,11434.0
P04197,Daily_Steps,0.0003279464902626,8091.0
P02766,Daily_Steps,0.0032336180258346,14609.0
P03535,Daily_Steps,0.0012712864449266,12996.0
P05035,Daily_Steps,-0.0004683044895778,6834.0
P01230,Daily_Steps,-0.001275598479908,7181.0
P01419,Daily_Steps,-0.0006290744280212,7794.0
P06113,Daily_Steps,-0.0001649660531806,7424.0
P05455,Daily_Steps,0.0011396926505003,5563.0
P02832,Daily_Steps,-0.0010461083355026,9355.0
P00481,Daily_Steps,-0.0014663402746889,7568.0
P02819,Daily_Steps,-0.0009146437443011,7221.0
P02913,Daily_Steps,-0.0034191237925932,10475.0
P08674,Daily_Steps,-0.0019955230964129,6598.0
P00468,Daily_Steps,0.0006816866483455,4778.0
P09743,Daily_Steps,-0.0017775530077489,10872.0
P04448,Daily_Steps,-0.0018187839358189,10230.0
P02876,Daily_Steps,-0.0006442416660186,9033.0
P09112,Daily_Steps,0.0001688409276642,5384.0
P02016,Daily_Steps,0.0018858955681328,5202.0
P03998,Daily_Steps,0.0010638458756077,4399.0
P02069,Daily_Steps,2.877274504606563e-05,4794.0
P03097,Daily_Steps,0.0012590139519977,12091.0
P08389,Daily_Steps,-0.0005258796295843,9575.0
P07082,Daily_Steps,-0.000238164242346,5184.0
P05513,Daily_Steps,-0.000724610601137,10491.0
P04608,Daily_Steps,0.0004716008366137,6553.0
P07139,Daily_Steps,0.0013798391411729,11579.0
P08076,Daily_Steps,-0.0013706067172464,9055.0
P03710,Daily_Steps,-0.000572666229028,9201.0
P04895,Daily_Steps,0.0002222148750031,6647.0
P03700,Daily_Steps,-0.0004888769425305,10545.0
P05596,Daily_Steps,0.0011896940749708,5423.0
P05451,Daily_Steps,-0.0036807675366335,10303.0
P04532,Daily_Steps,-0.0002110128121416,6059.0
P02532,Daily_Steps,0.0011247409423415,5943.0
P08661,Daily_Steps,-0.0004898208800303,9452.0
P07529,Daily_Steps,0.0028128792917664,5501.0
P08327,Daily_Steps,-0.0004969689406798,7740.0
P07490,Daily_Steps,0.001317219291537,4309.0
P05374,Daily_Steps,0.0004980050922273,9997.0
P02320,Daily_Steps,-5.1343351428390646e-05,12272.0
P08953,Daily_Steps,-0.0009810179517019,8388.0
P00690,Daily_Steps,-0.0008582216050074,12399.0
P07103,Daily_Steps,0.0019774130194041,4157.0
P02895,Daily_Steps,0.0002917928592254,9995.0
P01663,Daily_Steps,7.91053773227632e-05,11216.0
P01124,Daily_Steps,-0.0010222798222809,8130.0
P02444,Daily_Steps,0.0049569258605842,3557.0
P01343,Daily_Steps,-0.0013758321767458,9487.0
P07941,Daily_Steps,-0.0001525988807547,11165.0
P04387,Daily_Steps,-0.0010602934546612,6127.0
P07196,Daily_Steps,-0.0024734081807621,8947.0
P09241,Daily_Steps,0.0010519190375547,7121.0
P03572,Daily_Steps,-0.0006118304713732,9419.0
P02572,Daily_Steps,-0.0009350216791669,9115.0
P08191,Daily_Steps,-0.0002726693785703,10647.0
P05326,Daily_Steps,0.0001514253997704,10931.0
P01649,Daily_Steps,-0.0021168422619081,8563.0
P09780,Daily_Steps,-0.0003226202673113,6563.0
P00746,Daily_Steps,-0.0026869794712847,13501.0
P03114,Daily_Steps,-0.0010656727011793,9959.0
P04110,Daily_Steps,0.0004121246482248,7550.0
P09008,Daily_Steps,-0.0002430274681464,11207.0
P00407,Daily_Steps,0.001385086146473,4208.0
P09006,Daily_Steps,-0.0002055477427403,8081.0
P06431,Daily_Steps,-0.0012687166163613,8841.0
P06072,Daily_Steps,-0.0013433984720205,8833.0
P02639,Daily_Steps,-0.0010386397449108,9245.0
P05412,Daily_Steps,-0.0011030362179466,9193.0
P01543,Daily_Steps,-0.0020212274561682,7936.0
P02264,Daily_Steps,0.0027281001021965,1857.0
