Person_ID,Feature_Set,Actual_Early_Waker,Predicted_Early_Waker,Probability_Yes,Correct,Model
P00536,FULL,Yes,Yes,0.992,True,Random_Forest
P02348,FULL,No,No,0.004,True,Random_Forest
P00600,FULL,Yes,Yes,0.992,True,Random_Forest
P00026,FULL,No,No,0.036,True,Random_Forest
P04102,FULL,No,No,0.008,True,Random_Forest
P05042,FULL,Yes,Yes,0.988,True,Random_Forest
P05980,FULL,No,No,0.032,True,Random_Forest
P00195,FULL,Yes,Yes,0.976,True,Random_Forest
P06458,FULL,No,No,0.0,True,Random_Forest
P02863,FULL,Yes,Yes,0.984,True,Random_Forest
P09028,FULL,No,No,0.008,True,Random_Forest
P02426,FULL,No,No,0.008,True,Random_Forest
P02739,FULL,Yes,Yes,0.992,True,Random_Forest
P08561,FULL,Yes,Yes,0.984,True,Random_Forest
P02894,FULL,No,No,0.112,True,Random_Forest
P05835,FULL,No,No,0.016,True,Random_Forest
P09106,FULL,No,No,0.0,True,Random_Forest
P03571,FULL,Yes,Yes,0.992,True,Random_Forest
P00871,FULL,No,No,0.008,True,Random_Forest
P07615,FULL,No,No,0.004,True,Random_Forest
P05235,FULL,Yes,Yes,0.98,True,Random_Forest
P00100,FULL,No,No,0.0,True,Random_Forest
P05332,FULL,No,No,0.012,True,Random_Forest
P01072,FULL,Yes,Yes,0.992,True,Random_Forest
P03788,FULL,No,No,0.02,True,Random_Forest
P06475,FULL,Yes,Yes,0.968,True,Random_Forest
P04336,FULL,No,No,0.012,True,Random_Forest
P06951,FULL,Yes,Yes,0.992,True,Random_Forest
P03013,FULL,Yes,Yes,0.972,True,Random_Forest
P04481,FULL,Yes,Yes,0.976,True,Random_Forest
P01094,FULL,Yes,Yes,1.0,True,Random_Forest
P09309,FULL,Yes,Yes,0.904,True,Random_Forest
P04475,FULL,No,No,0.0,True,Random_Forest
P03561,FULL,No,No,0.004,True,Random_Forest
P04853,FULL,No,No,0.004,True,Random_Forest
P04426,FULL,No,No,0.0,True,Random_Forest
P05411,FULL,No,No,0.016,True,Random_Forest
P06507,FULL,No,No,0.008,True,Random_Forest
P06673,FULL,Yes,Yes,0.984,True,Random_Forest
P08255,FULL,Yes,Yes,0.984,True,Random_Forest
P04203,FULL,Yes,Yes,0.98,True,Random_Forest
P05571,FULL,No,No,0.052,True,Random_Forest
P09907,FULL,No,No,0.016,True,Random_Forest
P06315,FULL,Yes,Yes,0.98,True,Random_Forest
P04719,FULL,No,No,0.0,True,Random_Forest
P08100,FULL,Yes,Yes,0.992,True,Random_Forest
P01688,FULL,Yes,Yes,0.972,True,Random_Forest
P08533,FULL,Yes,Yes,0.984,True,Random_Forest
P08657,FULL,Yes,Yes,0.968,True,Random_Forest
P00960,FULL,Yes,Yes,0.988,True,Random_Forest
P06155,FULL,No,No,0.012,True,Random_Forest
P07065,FULL,No,No,0.016,True,Random_Forest
P04490,FULL,No,No,0.008,True,Random_Forest
P04536,FULL,No,No,0.004,True,Random_Forest
P04941,FULL,No,No,0.004,True,Random_Forest
P01350,FULL,Yes,Yes,0.988,True,Random_Forest
P09588,FULL,No,No,0.008,True,Random_Forest
P08484,FULL,No,No,0.0,True,Random_Forest
P03473,FULL,Yes,Yes,0.964,True,Random_Forest
P08734,FULL,No,No,0.072,True,Random_Forest
P05836,FULL,No,No,0.02,True,Random_Forest
P09155,FULL,No,No,0.012,True,Random_Forest
P04863,FULL,No,No,0.02,True,Random_Forest
P04623,FULL,No,No,0.0,True,Random_Forest
P08480,FULL,No,No,0.004,True,Random_Forest
P06379,FULL,No,No,0.0,True,Random_Forest
P08453,FULL,No,No,0.0,True,Random_Forest
P07823,FULL,Yes,Yes,0.972,True,Random_Forest
P07149,FULL,Yes,Yes,0.972,True,Random_Forest
P00956,FULL,Yes,Yes,0.964,True,Random_Forest
P08787,FULL,No,No,0.004,True,Random_Forest
P09369,FULL,No,No,0.004,True,Random_Forest
P08927,FULL,Yes,Yes,0.98,True,Random_Forest
P07044,FULL,Yes,Yes,0.988,True,Random_Forest
P01557,FULL,Yes,Yes,0.96,True,Random_Forest
P09919,FULL,No,No,0.096,True,Random_Forest
P03369,FULL,Yes,Yes,0.988,True,Random_Forest
P05092,FULL,Yes,Yes,0.908,True,Random_Forest
P06884,FULL,No,No,0.028,True,Random_Forest
P08986,FULL,No,No,0.044,True,Random_Forest
P03150,FULL,No,No,0.008,True,Random_Forest
P05440,FULL,No,No,0.048,True,Random_Forest
P02879,FULL,Yes,Yes,0.976,True,Random_Forest
P08726,FULL,No,No,0.008,True,Random_Forest
P08638,FULL,Yes,Yes,0.988,True,Random_Forest
P01861,FULL,No,No,0.008,True,Random_Forest
P01228,FULL,Yes,Yes,0.992,True,Random_Forest
P02104,FULL,Yes,Yes,0.984,True,Random_Forest
P03668,FULL,No,No,0.044,True,Random_Forest
P02552,FULL,No,No,0.04,True,Random_Forest
P04809,FULL,No,No,0.008,True,Random_Forest
P07802,FULL,No,No,0.036,True,Random_Forest
P03902,FULL,Yes,Yes,0.98,True,Random_Forest
P06505,FULL,No,No,0.008,True,Random_Forest
P06299,FULL,Yes,Yes,0.972,True,Random_Forest
P03374,FULL,No,No,0.016,True,Random_Forest
P06022,FULL,No,No,0.052,True,Random_Forest
P06039,FULL,No,No,0.008,True,Random_Forest
P04071,FULL,No,No,0.004,True,Random_Forest
P07982,FULL,Yes,Yes,0.98,True,Random_Forest
P05771,FULL,No,No,0.024,True,Random_Forest
P09619,FULL,No,No,0.044,True,Random_Forest
P09013,FULL,No,No,0.004,True,Random_Forest
P08793,FULL,No,No,0.012,True,Random_Forest
P09599,FULL,No,No,0.068,True,Random_Forest
P03888,FULL,Yes,Yes,0.988,True,Random_Forest
P07129,FULL,Yes,Yes,0.984,True,Random_Forest
P07484,FULL,No,No,0.008,True,Random_Forest
P00940,FULL,No,No,0.0,True,Random_Forest
P00947,FULL,No,No,0.004,True,Random_Forest
P03418,FULL,No,No,0.016,True,Random_Forest
P09237,FULL,Yes,Yes,0.98,True,Random_Forest
P07629,FULL,No,No,0.136,True,Random_Forest
P07797,FULL,Yes,Yes,0.948,True,Random_Forest
P05746,FULL,No,No,0.0,True,Random_Forest
P01275,FULL,No,No,0.048,True,Random_Forest
P01217,FULL,Yes,Yes,0.968,True,Random_Forest
P00779,FULL,Yes,Yes,0.964,True,Random_Forest
P09849,FULL,Yes,Yes,0.976,True,Random_Forest
P08483,FULL,Yes,Yes,0.98,True,Random_Forest
P01673,FULL,No,No,0.008,True,Random_Forest
P04176,FULL,Yes,Yes,0.984,True,Random_Forest
P00541,FULL,Yes,Yes,0.988,True,Random_Forest
P07742,FULL,No,No,0.0,True,Random_Forest
P06366,FULL,No,No,0.02,True,Random_Forest
P00105,FULL,No,No,0.0,True,Random_Forest
P01431,FULL,Yes,Yes,0.984,True,Random_Forest
P01425,FULL,No,No,0.028,True,Random_Forest
P07285,FULL,No,No,0.004,True,Random_Forest
P07403,FULL,Yes,Yes,0.968,True,Random_Forest
P03593,FULL,Yes,Yes,0.98,True,Random_Forest
P08169,FULL,No,No,0.008,True,Random_Forest
P00228,FULL,Yes,Yes,0.968,True,Random_Forest
P00471,FULL,Yes,Yes,0.976,True,Random_Forest
P01335,FULL,No,No,0.072,True,Random_Forest
P09345,FULL,No,No,0.008,True,Random_Forest
P08826,FULL,Yes,Yes,0.964,True,Random_Forest
P06060,FULL,No,No,0.08,True,Random_Forest
P02590,FULL,No,No,0.028,True,Random_Forest
P03964,FULL,Yes,Yes,0.984,True,Random_Forest
P09094,FULL,No,No,0.004,True,Random_Forest
P02837,FULL,Yes,Yes,0.992,True,Random_Forest
P05760,FULL,Yes,Yes,0.984,True,Random_Forest
P06125,FULL,Yes,Yes,0.972,True,Random_Forest
P08237,FULL,Yes,Yes,0.996,True,Random_Forest
P05245,FULL,No,No,0.004,True,Random_Forest
P03139,FULL,Yes,Yes,0.984,True,Random_Forest
P00090,FULL,No,No,0.076,True,Random_Forest
P06131,FULL,No,No,0.004,True,Random_Forest
P02126,FULL,Yes,Yes,0.996,True,Random_Forest
P00369,FULL,No,No,0.008,True,Random_Forest
P05979,FULL,No,No,0.076,True,Random_Forest
P04064,FULL,No,No,0.02,True,Random_Forest
P08249,FULL,No,No,0.012,True,Random_Forest
P09630,FULL,Yes,Yes,0.988,True,Random_Forest
P02103,FULL,No,No,0.004,True,Random_Forest
P01869,FULL,No,No,0.036,True,Random_Forest
P03531,FULL,No,No,0.028,True,Random_Forest
P01701,FULL,No,No,0.0,True,Random_Forest
P08800,FULL,No,No,0.036,True,Random_Forest
P03175,FULL,Yes,Yes,0.984,True,Random_Forest
P09291,FULL,No,No,0.076,True,Random_Forest
P09556,FULL,No,No,0.036,True,Random_Forest
P02731,FULL,No,No,0.004,True,Random_Forest
P03609,FULL,Yes,Yes,1.0,True,Random_Forest
P01742,FULL,Yes,Yes,0.992,True,Random_Forest
P03945,FULL,Yes,Yes,0.956,True,Random_Forest
P09117,FULL,No,No,0.008,True,Random_Forest
P04193,FULL,Yes,Yes,0.984,True,Random_Forest
P00532,FULL,Yes,Yes,0.992,True,Random_Forest
P06215,FULL,No,No,0.02,True,Random_Forest
P09820,FULL,No,No,0.012,True,Random_Forest
P07624,FULL,No,No,0.0,True,Random_Forest
P04447,FULL,Yes,Yes,0.976,True,Random_Forest
P00531,FULL,Yes,Yes,0.988,True,Random_Forest
P00823,FULL,Yes,Yes,0.984,True,Random_Forest
P00389,FULL,Yes,Yes,0.968,True,Random_Forest
P01590,FULL,No,No,0.016,True,Random_Forest
P02542,FULL,No,No,0.02,True,Random_Forest
P08669,FULL,No,No,0.016,True,Random_Forest
P04330,FULL,No,No,0.008,True,Random_Forest
P00820,FULL,Yes,Yes,0.988,True,Random_Forest
P03660,FULL,No,No,0.004,True,Random_Forest
P02271,FULL,No,No,0.056,True,Random_Forest
P04486,FULL,No,No,0.0,True,Random_Forest
P00418,FULL,No,No,0.016,True,Random_Forest
P09585,FULL,No,No,0.004,True,Random_Forest
P09784,FULL,Yes,Yes,0.976,True,Random_Forest
P05262,FULL,No,No,0.044,True,Random_Forest
P01315,FULL,No,No,0.008,True,Random_Forest
P06065,FULL,No,No,0.008,True,Random_Forest
P08852,FULL,No,No,0.036,True,Random_Forest
P01195,FULL,Yes,Yes,0.98,True,Random_Forest
P01699,FULL,No,No,0.0,True,Random_Forest
P02828,FULL,No,No,0.044,True,Random_Forest
P06344,FULL,Yes,Yes,0.952,True,Random_Forest
P01123,FULL,Yes,Yes,0.984,True,Random_Forest
P00410,FULL,No,No,0.008,True,Random_Forest
P06157,FULL,Yes,Yes,0.968,True,Random_Forest
P08333,FULL,Yes,Yes,0.968,True,Random_Forest
P07513,FULL,No,No,0.008,True,Random_Forest
P06540,FULL,Yes,Yes,0.984,True,Random_Forest
P08942,FULL,Yes,Yes,0.964,True,Random_Forest
P00617,FULL,No,No,0.04,True,Random_Forest
P08111,FULL,No,No,0.02,True,Random_Forest
P06274,FULL,Yes,Yes,0.98,True,Random_Forest
P08079,FULL,No,No,0.036,True,Random_Forest
P05664,FULL,Yes,Yes,0.972,True,Random_Forest
P04323,FULL,Yes,Yes,0.98,True,Random_Forest
P04905,FULL,No,No,0.008,True,Random_Forest
P08143,FULL,No,No,0.008,True,Random_Forest
P08151,FULL,No,No,0.004,True,Random_Forest
P06121,FULL,Yes,Yes,0.972,True,Random_Forest
P07385,FULL,No,No,0.004,True,Random_Forest
P05582,FULL,Yes,Yes,0.964,True,Random_Forest
P00970,FULL,Yes,Yes,0.956,True,Random_Forest
P06702,FULL,No,No,0.0,True,Random_Forest
P05219,FULL,Yes,Yes,0.984,True,Random_Forest
P01057,FULL,Yes,Yes,0.928,True,Random_Forest
P05371,FULL,No,No,0.024,True,Random_Forest
P00652,FULL,No,No,0.008,True,Random_Forest
P00575,FULL,No,No,0.008,True,Random_Forest
P07992,FULL,Yes,Yes,0.964,True,Random_Forest
P07147,FULL,No,No,0.008,True,Random_Forest
P02889,FULL,Yes,Yes,0.968,True,Random_Forest
P04691,FULL,No,No,0.004,True,Random_Forest
P09562,FULL,No,No,0.004,True,Random_Forest
P06500,FULL,No,No,0.0,True,Random_Forest
P03657,FULL,Yes,Yes,0.964,True,Random_Forest
P09167,FULL,Yes,Yes,0.96,True,Random_Forest
P07786,FULL,Yes,Yes,0.944,True,Random_Forest
P07160,FULL,Yes,Yes,0.996,True,Random_Forest
P04114,FULL,Yes,Yes,0.968,True,Random_Forest
P04877,FULL,Yes,Yes,1.0,True,Random_Forest
P00209,FULL,Yes,Yes,0.992,True,Random_Forest
P07352,FULL,Yes,Yes,0.988,True,Random_Forest
P04730,FULL,Yes,Yes,0.996,True,Random_Forest
P01150,FULL,Yes,Yes,0.984,True,Random_Forest
P00071,FULL,Yes,Yes,0.908,True,Random_Forest
P07287,FULL,No,No,0.004,True,Random_Forest
P07475,FULL,Yes,Yes,0.968,True,Random_Forest
P02868,FULL,No,No,0.02,True,Random_Forest
P00006,FULL,No,No,0.008,True,Random_Forest
P06980,FULL,Yes,Yes,0.948,True,Random_Forest
P04993,FULL,Yes,Yes,0.992,True,Random_Forest
P02513,FULL,No,No,0.004,True,Random_Forest
P07703,FULL,No,No,0.004,True,Random_Forest
P09764,FULL,No,No,0.0,True,Random_Forest
P08240,FULL,Yes,Yes,0.992,True,Random_Forest
P09629,FULL,No,No,0.024,True,Random_Forest
P05964,FULL,No,No,0.012,True,Random_Forest
P09967,FULL,No,No,0.16,True,Random_Forest
P03393,FULL,No,No,0.032,True,Random_Forest
P04658,FULL,No,No,0.008,True,Random_Forest
P08439,FULL,Yes,Yes,0.996,True,Random_Forest
P01407,FULL,No,No,0.008,True,Random_Forest
P01250,FULL,No,No,0.0,True,Random_Forest
P01540,FULL,No,No,0.008,True,Random_Forest
P07855,FULL,Yes,Yes,0.892,True,Random_Forest
P05495,FULL,No,No,0.004,True,Random_Forest
P02228,FULL,Yes,Yes,0.988,True,Random_Forest
P01149,FULL,Yes,Yes,0.98,True,Random_Forest
P08108,FULL,No,No,0.004,True,Random_Forest
P06541,FULL,No,No,0.004,True,Random_Forest
P09586,FULL,Yes,Yes,0.992,True,Random_Forest
P00201,FULL,No,No,0.044,True,Random_Forest
P00385,FULL,Yes,Yes,0.984,True,Random_Forest
P00377,FULL,Yes,Yes,1.0,True,Random_Forest
P01412,FULL,Yes,Yes,0.972,True,Random_Forest
P02003,FULL,No,No,0.008,True,Random_Forest
P09803,FULL,No,No,0.0,True,Random_Forest
P09464,FULL,Yes,Yes,0.952,True,Random_Forest
P02137,FULL,Yes,Yes,0.972,True,Random_Forest
P06325,FULL,Yes,Yes,0.988,True,Random_Forest
P02621,FULL,Yes,Yes,0.96,True,Random_Forest
P09781,FULL,Yes,Yes,0.952,True,Random_Forest
P08756,FULL,No,No,0.008,True,Random_Forest
P01577,FULL,Yes,Yes,0.98,True,Random_Forest
P01900,FULL,Yes,Yes,0.936,True,Random_Forest
P02764,FULL,No,No,0.008,True,Random_Forest
P08655,FULL,No,No,0.076,True,Random_Forest
P09672,FULL,Yes,Yes,0.992,True,Random_Forest
P07230,FULL,Yes,Yes,0.964,True,Random_Forest
P09463,FULL,Yes,Yes,0.98,True,Random_Forest
P08978,FULL,Yes,Yes,0.984,True,Random_Forest
P06933,FULL,Yes,Yes,0.992,True,Random_Forest
P00917,FULL,Yes,Yes,0.984,True,Random_Forest
P08570,FULL,Yes,Yes,0.984,True,Random_Forest
P04239,FULL,No,No,0.0,True,Random_Forest
P03318,FULL,No,No,0.024,True,Random_Forest
P08563,FULL,Yes,Yes,0.976,True,Random_Forest
P03672,FULL,No,No,0.004,True,Random_Forest
P07434,FULL,Yes,Yes,0.98,True,Random_Forest
P07949,FULL,No,No,0.004,True,Random_Forest
P08781,FULL,No,No,0.052,True,Random_Forest
P04213,FULL,Yes,Yes,0.984,True,Random_Forest
P09579,FULL,Yes,Yes,0.972,True,Random_Forest
P04236,FULL,Yes,Yes,0.96,True,Random_Forest
P04459,FULL,Yes,Yes,0.972,True,Random_Forest
P00658,FULL,No,No,0.032,True,Random_Forest
P04445,FULL,Yes,Yes,0.952,True,Random_Forest
P04205,FULL,No,No,0.024,True,Random_Forest
P06270,FULL,Yes,Yes,0.952,True,Random_Forest
P03246,FULL,Yes,Yes,0.956,True,Random_Forest
P06849,FULL,Yes,Yes,0.996,True,Random_Forest
P07085,FULL,No,No,0.0,True,Random_Forest
P08698,FULL,No,No,0.02,True,Random_Forest
P03242,FULL,Yes,Yes,0.992,True,Random_Forest
P08542,FULL,No,No,0.016,True,Random_Forest
P01998,FULL,No,No,0.012,True,Random_Forest
P05614,FULL,Yes,Yes,0.976,True,Random_Forest
P00428,FULL,No,No,0.032,True,Random_Forest
P05559,FULL,No,No,0.0,True,Random_Forest
P08042,FULL,No,No,0.008,True,Random_Forest
P00647,FULL,No,No,0.024,True,Random_Forest
P04962,FULL,No,No,0.04,True,Random_Forest
P06168,FULL,Yes,Yes,0.98,True,Random_Forest
P07673,FULL,No,No,0.0,True,Random_Forest
P09520,FULL,Yes,Yes,0.956,True,Random_Forest
P00952,FULL,Yes,Yes,0.968,True,Random_Forest
P03452,FULL,No,No,0.004,True,Random_Forest
P08421,FULL,No,No,0.032,True,Random_Forest
P02992,FULL,No,No,0.004,True,Random_Forest
P02769,FULL,Yes,Yes,0.992,True,Random_Forest
P05433,FULL,Yes,Yes,0.972,True,Random_Forest
P03143,FULL,No,No,0.028,True,Random_Forest
P07968,FULL,No,No,0.032,True,Random_Forest
P08404,FULL,Yes,Yes,0.976,True,Random_Forest
P09491,FULL,No,No,0.004,True,Random_Forest
P07739,FULL,Yes,Yes,0.976,True,Random_Forest
P02318,FULL,Yes,Yes,0.96,True,Random_Forest
P08489,FULL,Yes,Yes,0.972,True,Random_Forest
P07765,FULL,No,No,0.0,True,Random_Forest
P01459,FULL,No,No,0.0,True,Random_Forest
P04805,FULL,No,No,0.012,True,Random_Forest
P09082,FULL,No,No,0.008,True,Random_Forest
P00438,FULL,No,No,0.008,True,Random_Forest
P08211,FULL,No,No,0.028,True,Random_Forest
P08269,FULL,Yes,Yes,0.976,True,Random_Forest
P04894,FULL,Yes,Yes,0.984,True,Random_Forest
P01842,FULL,No,No,0.0,True,Random_Forest
P09846,FULL,Yes,Yes,0.988,True,Random_Forest
P02965,FULL,No,No,0.028,True,Random_Forest
P03250,FULL,Yes,Yes,0.976,True,Random_Forest
P04774,FULL,No,No,0.012,True,Random_Forest
P02761,FULL,Yes,Yes,0.98,True,Random_Forest
P01233,FULL,Yes,Yes,0.992,True,Random_Forest
P05309,FULL,No,No,0.0,True,Random_Forest
P03643,FULL,Yes,Yes,0.956,True,Random_Forest
P08696,FULL,No,No,0.032,True,Random_Forest
P04564,FULL,Yes,Yes,0.976,True,Random_Forest
P09398,FULL,No,No,0.012,True,Random_Forest
P04065,FULL,No,No,0.012,True,Random_Forest
P05799,FULL,No,No,0.012,True,Random_Forest
P08529,FULL,Yes,Yes,0.988,True,Random_Forest
P07600,FULL,No,No,0.036,True,Random_Forest
P00542,FULL,No,No,0.02,True,Random_Forest
P09283,FULL,No,No,0.008,True,Random_Forest
P09171,FULL,No,No,0.024,True,Random_Forest
P06029,FULL,No,No,0.0,True,Random_Forest
P07259,FULL,No,No,0.024,True,Random_Forest
P01578,FULL,No,No,0.008,True,Random_Forest
P02680,FULL,No,No,0.02,True,Random_Forest
P03774,FULL,Yes,Yes,0.996,True,Random_Forest
P06807,FULL,Yes,Yes,0.992,True,Random_Forest
P05511,FULL,Yes,Yes,0.992,True,Random_Forest
P05701,FULL,Yes,Yes,0.992,True,Random_Forest
P06303,FULL,Yes,Yes,0.992,True,Random_Forest
P06556,FULL,Yes,Yes,0.98,True,Random_Forest
P09720,FULL,Yes,Yes,0.98,True,Random_Forest
P03758,FULL,Yes,Yes,0.98,True,Random_Forest
P02829,FULL,Yes,Yes,0.944,True,Random_Forest
P06051,FULL,No,No,0.004,True,Random_Forest
P06184,FULL,Yes,Yes,0.98,True,Random_Forest
P07556,FULL,No,No,0.0,True,Random_Forest
P03606,FULL,No,No,0.0,True,Random_Forest
P09747,FULL,Yes,Yes,0.984,True,Random_Forest
P03719,FULL,No,No,0.008,True,Random_Forest
P02299,FULL,No,No,0.016,True,Random_Forest
P09664,FULL,No,No,0.008,True,Random_Forest
P05023,FULL,Yes,Yes,0.98,True,Random_Forest
P03903,FULL,No,No,0.004,True,Random_Forest
P03040,FULL,No,No,0.02,True,Random_Forest
P06548,FULL,Yes,Yes,0.988,True,Random_Forest
P01185,FULL,Yes,Yes,0.992,True,Random_Forest
P02266,FULL,No,No,0.02,True,Random_Forest
P05874,FULL,No,No,0.024,True,Random_Forest
P07641,FULL,Yes,Yes,0.992,True,Random_Forest
P09479,FULL,No,No,0.0,True,Random_Forest
P08675,FULL,Yes,Yes,0.948,True,Random_Forest
P04002,FULL,No,No,0.024,True,Random_Forest
P08894,FULL,Yes,Yes,0.984,True,Random_Forest
P05974,FULL,Yes,Yes,0.98,True,Random_Forest
P03500,FULL,Yes,Yes,0.98,True,Random_Forest
P03115,FULL,No,No,0.024,True,Random_Forest
P08841,FULL,Yes,Yes,0.996,True,Random_Forest
P05218,FULL,No,No,0.036,True,Random_Forest
P01329,FULL,No,No,0.008,True,Random_Forest
P05682,FULL,No,No,0.012,True,Random_Forest
P08341,FULL,No,No,0.0,True,Random_Forest
P05358,FULL,No,No,0.008,True,Random_Forest
P07517,FULL,No,No,0.008,True,Random_Forest
P09362,FULL,Yes,Yes,0.984,True,Random_Forest
P09050,FULL,No,No,0.012,True,Random_Forest
P03437,FULL,Yes,Yes,0.976,True,Random_Forest
P00554,FULL,Yes,Yes,0.964,True,Random_Forest
P05536,FULL,Yes,Yes,0.964,True,Random_Forest
P08792,FULL,No,No,0.064,True,Random_Forest
P07787,FULL,No,No,0.016,True,Random_Forest
P01703,FULL,No,No,0.004,True,Random_Forest
P01807,FULL,No,No,0.028,True,Random_Forest
P01831,FULL,No,No,0.028,True,Random_Forest
P04527,FULL,No,No,0.012,True,Random_Forest
P01966,FULL,No,No,0.036,True,Random_Forest
P08316,FULL,Yes,Yes,0.976,True,Random_Forest
P08581,FULL,Yes,Yes,0.884,True,Random_Forest
P08254,FULL,No,No,0.004,True,Random_Forest
P01236,FULL,Yes,Yes,0.96,True,Random_Forest
P02712,FULL,No,No,0.008,True,Random_Forest
P07562,FULL,Yes,Yes,0.976,True,Random_Forest
P05527,FULL,No,No,0.088,True,Random_Forest
P07510,FULL,Yes,Yes,0.968,True,Random_Forest
P05189,FULL,No,No,0.0,True,Random_Forest
P03692,FULL,Yes,Yes,0.948,True,Random_Forest
P09070,FULL,No,No,0.0,True,Random_Forest
P05059,FULL,Yes,Yes,0.972,True,Random_Forest
P05342,FULL,Yes,Yes,0.864,True,Random_Forest
P02865,FULL,No,No,0.032,True,Random_Forest
P03421,FULL,Yes,Yes,0.984,True,Random_Forest
P02309,FULL,Yes,Yes,0.976,True,Random_Forest
P01162,FULL,No,No,0.044,True,Random_Forest
P06292,FULL,No,No,0.016,True,Random_Forest
P07939,FULL,Yes,Yes,0.988,True,Random_Forest
P08307,FULL,No,No,0.016,True,Random_Forest
P00265,FULL,No,No,0.004,True,Random_Forest
P05516,FULL,No,No,0.032,True,Random_Forest
P04812,FULL,Yes,Yes,0.976,True,Random_Forest
P09645,FULL,Yes,Yes,0.964,True,Random_Forest
P02763,FULL,Yes,Yes,0.976,True,Random_Forest
P03286,FULL,No,No,0.044,True,Random_Forest
P02818,FULL,Yes,Yes,0.984,True,Random_Forest
P05657,FULL,Yes,Yes,0.984,True,Random_Forest
P03899,FULL,Yes,Yes,0.984,True,Random_Forest
P07963,FULL,Yes,Yes,0.996,True,Random_Forest
P06903,FULL,No,No,0.08,True,Random_Forest
P06003,FULL,No,No,0.04,True,Random_Forest
P06877,FULL,Yes,Yes,0.964,True,Random_Forest
P01390,FULL,No,No,0.048,True,Random_Forest
P05639,FULL,No,No,0.02,True,Random_Forest
P08257,FULL,No,No,0.008,True,Random_Forest
P07206,FULL,No,No,0.028,True,Random_Forest
P06882,FULL,No,No,0.024,True,Random_Forest
P06609,FULL,Yes,Yes,0.992,True,Random_Forest
P03708,FULL,No,No,0.004,True,Random_Forest
P06283,FULL,No,No,0.0,True,Random_Forest
P01088,FULL,Yes,Yes,0.984,True,Random_Forest
P00558,FULL,Yes,Yes,0.984,True,Random_Forest
P08975,FULL,No,No,0.076,True,Random_Forest
P02014,FULL,Yes,Yes,0.976,True,Random_Forest
P04412,FULL,Yes,Yes,0.996,True,Random_Forest
P01840,FULL,No,No,0.004,True,Random_Forest
P03698,FULL,No,No,0.0,True,Random_Forest
P02106,FULL,Yes,Yes,0.932,True,Random_Forest
P08612,FULL,Yes,Yes,0.976,True,Random_Forest
P09018,FULL,Yes,Yes,0.984,True,Random_Forest
P04679,FULL,No,No,0.0,True,Random_Forest
P04781,FULL,No,No,0.012,True,Random_Forest
P08817,FULL,No,No,0.008,True,Random_Forest
P05426,FULL,Yes,Yes,0.988,True,Random_Forest
P06011,FULL,Yes,Yes,0.996,True,Random_Forest
P00809,FULL,No,No,0.008,True,Random_Forest
P04339,FULL,No,No,0.0,True,Random_Forest
P09856,FULL,No,No,0.028,True,Random_Forest
P08395,FULL,No,No,0.044,True,Random_Forest
P03469,FULL,Yes,Yes,0.992,True,Random_Forest
P04822,FULL,No,No,0.016,True,Random_Forest
P04113,FULL,Yes,Yes,0.992,True,Random_Forest
P01598,FULL,No,No,0.0,True,Random_Forest
P03266,FULL,No,No,0.0,True,Random_Forest
P06146,FULL,No,No,0.004,True,Random_Forest
P09755,FULL,No,No,0.012,True,Random_Forest
P00855,FULL,Yes,Yes,0.984,True,Random_Forest
P04238,FULL,No,No,0.028,True,Random_Forest
P05395,FULL,No,No,0.008,True,Random_Forest
P08709,FULL,No,No,0.004,True,Random_Forest
P07127,FULL,Yes,Yes,0.976,True,Random_Forest
P03229,FULL,Yes,Yes,0.992,True,Random_Forest
P08142,FULL,No,No,0.012,True,Random_Forest
P04268,FULL,No,No,0.008,True,Random_Forest
P05573,FULL,Yes,Yes,0.956,True,Random_Forest
P04384,FULL,No,No,0.0,True,Random_Forest
P04987,FULL,No,No,0.0,True,Random_Forest
P06496,FULL,No,No,0.0,True,Random_Forest
P06069,FULL,No,No,0.02,True,Random_Forest
P04721,FULL,Yes,Yes,0.972,True,Random_Forest
P04740,FULL,No,No,0.0,True,Random_Forest
P04044,FULL,No,No,0.024,True,Random_Forest
P00372,FULL,No,No,0.008,True,Random_Forest
P04662,FULL,Yes,Yes,0.948,True,Random_Forest
P09669,FULL,Yes,Yes,0.984,True,Random_Forest
P05447,FULL,No,No,0.028,True,Random_Forest
P08400,FULL,Yes,Yes,0.988,True,Random_Forest
P05114,FULL,No,No,0.008,True,Random_Forest
P09580,FULL,Yes,Yes,0.96,True,Random_Forest
P01472,FULL,No,No,0.032,True,Random_Forest
P06214,FULL,No,No,0.032,True,Random_Forest
P06442,FULL,Yes,Yes,0.992,True,Random_Forest
P05500,FULL,No,No,0.016,True,Random_Forest
P02591,FULL,Yes,Yes,0.992,True,Random_Forest
P01084,FULL,Yes,Yes,0.968,True,Random_Forest
P08425,FULL,Yes,Yes,0.992,True,Random_Forest
P08774,FULL,No,No,0.016,True,Random_Forest
P04087,FULL,No,No,0.008,True,Random_Forest
P09257,FULL,Yes,Yes,0.968,True,Random_Forest
P04474,FULL,Yes,Yes,0.972,True,Random_Forest
P08510,FULL,No,No,0.028,True,Random_Forest
P05131,FULL,No,No,0.0,True,Random_Forest
P00395,FULL,No,No,0.0,True,Random_Forest
P05170,FULL,No,No,0.012,True,Random_Forest
P02899,FULL,No,No,0.032,True,Random_Forest
P01371,FULL,Yes,Yes,0.96,True,Random_Forest
P05201,FULL,No,No,0.016,True,Random_Forest
P04600,FULL,No,No,0.024,True,Random_Forest
P01132,FULL,Yes,Yes,0.98,True,Random_Forest
P01330,FULL,No,No,0.004,True,Random_Forest
P04643,FULL,Yes,Yes,0.976,True,Random_Forest
P06486,FULL,No,No,0.0,True,Random_Forest
P06823,FULL,Yes,Yes,0.968,True,Random_Forest
P03390,FULL,No,No,0.0,True,Random_Forest
P05673,FULL,No,No,0.028,True,Random_Forest
P01990,FULL,Yes,Yes,0.992,True,Random_Forest
P08887,FULL,Yes,Yes,0.96,True,Random_Forest
P07862,FULL,No,No,0.012,True,Random_Forest
P09618,FULL,No,No,0.008,True,Random_Forest
P00793,FULL,Yes,Yes,0.98,True,Random_Forest
P08393,FULL,No,No,0.004,True,Random_Forest
P04815,FULL,No,No,0.012,True,Random_Forest
P02335,FULL,Yes,Yes,0.968,True,Random_Forest
P00567,FULL,Yes,Yes,0.972,True,Random_Forest
P00872,FULL,No,No,0.012,True,Random_Forest
P02991,FULL,No,No,0.012,True,Random_Forest
P06521,FULL,Yes,Yes,0.98,True,Random_Forest
P04014,FULL,Yes,Yes,0.96,True,Random_Forest
P02039,FULL,Yes,Yes,0.988,True,Random_Forest
P07929,FULL,No,No,0.0,True,Random_Forest
P01009,FULL,No,No,0.016,True,Random_Forest
P08394,FULL,No,No,0.0,True,Random_Forest
P09688,FULL,No,No,0.108,True,Random_Forest
P03709,FULL,No,No,0.012,True,Random_Forest
P00644,FULL,No,No,0.016,True,Random_Forest
P00298,FULL,Yes,Yes,0.972,True,Random_Forest
P05962,FULL,No,No,0.02,True,Random_Forest
P07115,FULL,Yes,Yes,0.996,True,Random_Forest
P00999,FULL,No,No,0.008,True,Random_Forest
P00896,FULL,No,No,0.056,True,Random_Forest
P02357,FULL,No,No,0.0,True,Random_Forest
P08212,FULL,Yes,Yes,0.972,True,Random_Forest
P04433,FULL,No,No,0.044,True,Random_Forest
P01725,FULL,Yes,Yes,0.996,True,Random_Forest
P02500,FULL,Yes,Yes,0.992,True,Random_Forest
P05273,FULL,No,No,0.02,True,Random_Forest
P07102,FULL,No,No,0.02,True,Random_Forest
P04437,FULL,No,No,0.04,True,Random_Forest
P08011,FULL,No,No,0.004,True,Random_Forest
P00012,FULL,No,No,0.012,True,Random_Forest
P05145,FULL,No,No,0.016,True,Random_Forest
P02167,FULL,No,No,0.028,True,Random_Forest
P06737,FULL,No,No,0.016,True,Random_Forest
P09048,FULL,No,No,0.02,True,Random_Forest
P01013,FULL,Yes,Yes,0.98,True,Random_Forest
P02932,FULL,No,No,0.012,True,Random_Forest
P01983,FULL,No,No,0.004,True,Random_Forest
P06180,FULL,No,No,0.012,True,Random_Forest
P07408,FULL,Yes,Yes,0.968,True,Random_Forest
P02281,FULL,No,No,0.012,True,Random_Forest
P01154,FULL,No,No,0.024,True,Random_Forest
P07468,FULL,No,No,0.008,True,Random_Forest
P04149,FULL,Yes,Yes,0.984,True,Random_Forest
P05588,FULL,No,No,0.0,True,Random_Forest
P00937,FULL,Yes,Yes,0.996,True,Random_Forest
P01328,FULL,Yes,Yes,0.988,True,Random_Forest
P01844,FULL,Yes,Yes,0.94,True,Random_Forest
P08705,FULL,No,No,0.02,True,Random_Forest
P09567,FULL,No,No,0.008,True,Random_Forest
P06573,FULL,No,No,0.028,True,Random_Forest
P06462,FULL,No,No,0.004,True,Random_Forest
P04789,FULL,Yes,Yes,0.968,True,Random_Forest
P04977,FULL,No,No,0.012,True,Random_Forest
P06135,FULL,Yes,Yes,0.976,True,Random_Forest
P02897,FULL,No,No,0.108,True,Random_Forest
P03490,FULL,Yes,Yes,0.996,True,Random_Forest
P04212,FULL,Yes,Yes,0.996,True,Random_Forest
P06428,FULL,No,No,0.068,True,Random_Forest
P07438,FULL,No,No,0.0,True,Random_Forest
P08112,FULL,No,No,0.0,True,Random_Forest
P03582,FULL,Yes,Yes,0.964,True,Random_Forest
P03732,FULL,No,No,0.036,True,Random_Forest
P07157,FULL,No,No,0.016,True,Random_Forest
P00955,FULL,No,No,0.02,True,Random_Forest
P07729,FULL,Yes,Yes,0.992,True,Random_Forest
P04309,FULL,No,No,0.012,True,Random_Forest
P00663,FULL,Yes,Yes,0.976,True,Random_Forest
P04467,FULL,Yes,Yes,0.96,True,Random_Forest
P05605,FULL,Yes,Yes,0.996,True,Random_Forest
P07740,FULL,No,No,0.024,True,Random_Forest
P06479,FULL,No,No,0.016,True,Random_Forest
P06441,FULL,Yes,Yes,0.972,True,Random_Forest
P01352,FULL,No,No,0.036,True,Random_Forest
P06634,FULL,No,No,0.004,True,Random_Forest
P00548,FULL,Yes,Yes,0.916,True,Random_Forest
P09650,FULL,No,No,0.004,True,Random_Forest
P09838,FULL,No,No,0.012,True,Random_Forest
P08160,FULL,No,No,0.008,True,Random_Forest
P07009,FULL,Yes,Yes,0.996,True,Random_Forest
P07634,FULL,Yes,Yes,0.98,True,Random_Forest
P04840,FULL,No,No,0.088,True,Random_Forest
P05826,FULL,Yes,Yes,0.976,True,Random_Forest
P04478,FULL,Yes,Yes,0.976,True,Random_Forest
P08113,FULL,No,No,0.02,True,Random_Forest
P03611,FULL,No,No,0.008,True,Random_Forest
P08021,FULL,No,No,0.004,True,Random_Forest
P01463,FULL,No,No,0.032,True,Random_Forest
P03427,FULL,No,No,0.004,True,Random_Forest
P04237,FULL,Yes,Yes,0.968,True,Random_Forest
P02259,FULL,No,No,0.028,True,Random_Forest
P05040,FULL,No,No,0.032,True,Random_Forest
P00324,FULL,Yes,Yes,0.996,True,Random_Forest
P02290,FULL,No,No,0.008,True,Random_Forest
P00281,FULL,Yes,Yes,0.972,True,Random_Forest
P09892,FULL,No,No,0.028,True,Random_Forest
P08856,FULL,Yes,Yes,0.96,True,Random_Forest
P01205,FULL,No,No,0.008,True,Random_Forest
P04197,FULL,No,No,0.028,True,Random_Forest
P04893,FULL,Yes,Yes,0.968,True,Random_Forest
P00635,FULL,Yes,Yes,0.988,True,Random_Forest
P03251,FULL,No,No,0.004,True,Random_Forest
P00215,FULL,No,No,0.0,True,Random_Forest
P03817,FULL,No,No,0.032,True,Random_Forest
P07483,FULL,Yes,Yes,0.964,True,Random_Forest
P02766,FULL,No,No,0.008,True,Random_Forest
P04409,FULL,Yes,Yes,0.988,True,Random_Forest
P05584,FULL,Yes,Yes,0.956,True,Random_Forest
P06449,FULL,No,No,0.096,True,Random_Forest
P08170,FULL,Yes,Yes,0.984,True,Random_Forest
P05847,FULL,No,No,0.044,True,Random_Forest
P06191,FULL,Yes,Yes,0.964,True,Random_Forest
P07011,FULL,No,No,0.024,True,Random_Forest
P05725,FULL,Yes,Yes,0.96,True,Random_Forest
P07138,FULL,No,No,0.0,True,Random_Forest
P02386,FULL,Yes,Yes,0.992,True,Random_Forest
P01769,FULL,Yes,Yes,0.996,True,Random_Forest
P09063,FULL,Yes,Yes,0.98,True,Random_Forest
P00932,FULL,Yes,Yes,0.996,True,Random_Forest
P03693,FULL,Yes,Yes,0.904,True,Random_Forest
P01489,FULL,Yes,Yes,0.996,True,Random_Forest
P03535,FULL,Yes,Yes,0.976,True,Random_Forest
P04711,FULL,Yes,Yes,0.944,True,Random_Forest
P08994,FULL,No,No,0.028,True,Random_Forest
P08827,FULL,No,No,0.02,True,Random_Forest
P03532,FULL,Yes,Yes,0.984,True,Random_Forest
P08464,FULL,No,No,0.1,True,Random_Forest
P06940,FULL,No,No,0.008,True,Random_Forest
P04184,FULL,No,No,0.02,True,Random_Forest
P05320,FULL,Yes,Yes,0.972,True,Random_Forest
P09247,FULL,No,No,0.004,True,Random_Forest
P09641,FULL,No,No,0.02,True,Random_Forest
P08961,FULL,No,No,0.004,True,Random_Forest
P03401,FULL,No,No,0.0,True,Random_Forest
P07831,FULL,No,No,0.016,True,Random_Forest
P01369,FULL,No,No,0.004,True,Random_Forest
P02836,FULL,No,No,0.0,True,Random_Forest
P09943,FULL,Yes,Yes,0.976,True,Random_Forest
P05633,FULL,No,No,0.012,True,Random_Forest
P07801,FULL,Yes,Yes,0.992,True,Random_Forest
P00435,FULL,Yes,Yes,0.984,True,Random_Forest
P07861,FULL,No,No,0.032,True,Random_Forest
P09966,FULL,No,No,0.024,True,Random_Forest
P05035,FULL,No,No,0.012,True,Random_Forest
P00230,FULL,No,No,0.016,True,Random_Forest
P01230,FULL,No,No,0.024,True,Random_Forest
P03647,FULL,Yes,Yes,0.928,True,Random_Forest
P03781,FULL,No,No,0.068,True,Random_Forest
P06639,FULL,No,No,0.004,True,Random_Forest
P07226,FULL,No,No,0.036,True,Random_Forest
P05813,FULL,Yes,Yes,0.988,True,Random_Forest
P01587,FULL,No,No,0.016,True,Random_Forest
P02144,FULL,Yes,Yes,1.0,True,Random_Forest
P03603,FULL,Yes,Yes,0.976,True,Random_Forest
P08214,FULL,No,No,0.012,True,Random_Forest
P08825,FULL,Yes,Yes,0.964,True,Random_Forest
P01639,FULL,No,No,0.016,True,Random_Forest
P05359,FULL,Yes,Yes,0.98,True,Random_Forest
P03044,FULL,No,No,0.004,True,Random_Forest
P08619,FULL,No,No,0.004,True,Random_Forest
P01846,FULL,No,No,0.048,True,Random_Forest
P09225,FULL,No,No,0.024,True,Random_Forest
P01419,FULL,No,No,0.0,True,Random_Forest
P03323,FULL,Yes,Yes,0.94,True,Random_Forest
P01411,FULL,Yes,Yes,0.996,True,Random_Forest
P05083,FULL,No,No,0.116,True,Random_Forest
P09166,FULL,Yes,Yes,0.992,True,Random_Forest
P07104,FULL,Yes,Yes,0.988,True,Random_Forest
P04686,FULL,No,No,0.012,True,Random_Forest
P03420,FULL,No,No,0.016,True,Random_Forest
P01997,FULL,No,No,0.036,True,Random_Forest
P06440,FULL,No,No,0.0,True,Random_Forest
P06113,FULL,Yes,Yes,0.984,True,Random_Forest
P02084,FULL,No,No,0.012,True,Random_Forest
P09430,FULL,No,No,0.012,True,Random_Forest
P09574,FULL,No,No,0.044,True,Random_Forest
P09766,FULL,No,No,0.064,True,Random_Forest
P02007,FULL,Yes,Yes,0.968,True,Random_Forest
P05455,FULL,No,No,0.004,True,Random_Forest
P03383,FULL,Yes,Yes,0.976,True,Random_Forest
P07696,FULL,Yes,Yes,0.956,True,Random_Forest
P08680,FULL,Yes,Yes,0.988,True,Random_Forest
P04753,FULL,Yes,Yes,0.972,True,Random_Forest
P05938,FULL,No,No,0.06,True,Random_Forest
P01042,FULL,Yes,Yes,0.976,True,Random_Forest
P04072,FULL,Yes,Yes,0.968,True,Random_Forest
P07522,FULL,Yes,Yes,0.992,True,Random_Forest
P04495,FULL,Yes,Yes,0.992,True,Random_Forest
P01929,FULL,Yes,Yes,0.96,True,Random_Forest
P09949,FULL,Yes,Yes,0.924,True,Random_Forest
P04975,FULL,No,No,0.016,True,Random_Forest
P03573,FULL,Yes,Yes,0.992,True,Random_Forest
P06004,FULL,Yes,Yes,0.984,True,Random_Forest
P09777,FULL,Yes,Yes,0.992,True,Random_Forest
P09272,FULL,No,No,0.008,True,Random_Forest
P01545,FULL,Yes,Yes,0.94,True,Random_Forest
P01301,FULL,Yes,Yes,0.98,True,Random_Forest
P05462,FULL,No,No,0.012,True,Random_Forest
P09055,FULL,No,No,0.032,True,Random_Forest
P04571,FULL,No,No,0.0,True,Random_Forest
P04127,FULL,No,No,0.004,True,Random_Forest
P09367,FULL,No,No,0.024,True,Random_Forest
P09304,FULL,Yes,Yes,0.972,True,Random_Forest
P03283,FULL,No,No,0.028,True,Random_Forest
P07990,FULL,Yes,Yes,0.944,True,Random_Forest
P02785,FULL,Yes,Yes,0.976,True,Random_Forest
P04768,FULL,Yes,Yes,0.984,True,Random_Forest
P01491,FULL,Yes,Yes,0.968,True,Random_Forest
P07798,FULL,No,No,0.028,True,Random_Forest
P03911,FULL,No,No,0.008,True,Random_Forest
P08372,FULL,Yes,Yes,0.988,True,Random_Forest
P00358,FULL,Yes,Yes,0.992,True,Random_Forest
P01776,FULL,No,No,0.0,True,Random_Forest
P01225,FULL,Yes,Yes,0.944,True,Random_Forest
P05984,FULL,No,No,0.044,True,Random_Forest
P04430,FULL,No,No,0.0,True,Random_Forest
P02015,FULL,No,No,0.012,True,Random_Forest
P01093,FULL,No,No,0.02,True,Random_Forest
P09957,FULL,No,No,0.02,True,Random_Forest
P04709,FULL,No,No,0.004,True,Random_Forest
P04535,FULL,Yes,Yes,0.98,True,Random_Forest
P06212,FULL,No,No,0.004,True,Random_Forest
P03792,FULL,No,No,0.004,True,Random_Forest
P05296,FULL,No,No,0.012,True,Random_Forest
P05302,FULL,No,No,0.004,True,Random_Forest
P09411,FULL,No,No,0.012,True,Random_Forest
P06228,FULL,Yes,Yes,0.976,True,Random_Forest
P07830,FULL,No,No,0.048,True,Random_Forest
P08488,FULL,Yes,Yes,0.996,True,Random_Forest
P09980,FULL,No,No,0.008,True,Random_Forest
P01455,FULL,No,No,0.016,True,Random_Forest
P02612,FULL,Yes,Yes,0.968,True,Random_Forest
P01860,FULL,No,No,0.032,True,Random_Forest
P05690,FULL,No,No,0.028,True,Random_Forest
P03417,FULL,No,No,0.016,True,Random_Forest
P05933,FULL,No,No,0.012,True,Random_Forest
P03343,FULL,No,No,0.064,True,Random_Forest
P04713,FULL,No,No,0.052,True,Random_Forest
P08306,FULL,No,No,0.016,True,Random_Forest
P09454,FULL,Yes,Yes,0.968,True,Random_Forest
P06277,FULL,Yes,Yes,0.956,True,Random_Forest
P07254,FULL,No,No,0.0,True,Random_Forest
P00005,FULL,No,No,0.008,True,Random_Forest
P02581,FULL,Yes,Yes,0.964,True,Random_Forest
P07733,FULL,No,No,0.012,True,Random_Forest
P09322,FULL,Yes,Yes,0.992,True,Random_Forest
P02812,FULL,No,No,0.048,True,Random_Forest
P07121,FULL,No,No,0.016,True,Random_Forest
P06979,FULL,Yes,Yes,0.976,True,Random_Forest
P05758,FULL,No,No,0.0,True,Random_Forest
P02564,FULL,Yes,Yes,0.96,True,Random_Forest
P01976,FULL,No,No,0.008,True,Random_Forest
P04871,FULL,No,No,0.008,True,Random_Forest
P07389,FULL,No,No,0.004,True,Random_Forest
P07178,FULL,Yes,Yes,0.984,True,Random_Forest
P06391,FULL,No,No,0.02,True,Random_Forest
P06055,FULL,Yes,Yes,1.0,True,Random_Forest
P06188,FULL,No,No,0.012,True,Random_Forest
P06899,FULL,No,No,0.016,True,Random_Forest
P00682,FULL,Yes,Yes,0.984,True,Random_Forest
P09596,FULL,Yes,Yes,0.964,True,Random_Forest
P03296,FULL,Yes,Yes,0.984,True,Random_Forest
P03185,FULL,No,No,0.004,True,Random_Forest
P07978,FULL,Yes,Yes,0.984,True,Random_Forest
P07086,FULL,No,No,0.004,True,Random_Forest
P01980,FULL,No,No,0.012,True,Random_Forest
P00643,FULL,No,No,0.032,True,Random_Forest
P06758,FULL,No,No,0.0,True,Random_Forest
P06189,FULL,No,No,0.004,True,Random_Forest
P03894,FULL,Yes,Yes,0.98,True,Random_Forest
P07543,FULL,No,No,0.008,True,Random_Forest
P02020,FULL,No,No,0.016,True,Random_Forest
P04892,FULL,Yes,Yes,0.98,True,Random_Forest
P04306,FULL,Yes,Yes,0.988,True,Random_Forest
P02832,FULL,Yes,Yes,0.992,True,Random_Forest
P01299,FULL,No,No,0.012,True,Random_Forest
P01964,FULL,Yes,Yes,0.964,True,Random_Forest
P08126,FULL,No,No,0.012,True,Random_Forest
P09198,FULL,Yes,Yes,0.988,True,Random_Forest
P09135,FULL,No,No,0.008,True,Random_Forest
P02262,FULL,Yes,Yes,0.988,True,Random_Forest
P08535,FULL,No,No,0.008,True,Random_Forest
P00481,FULL,No,No,0.02,True,Random_Forest
P07209,FULL,No,No,0.028,True,Random_Forest
P03034,FULL,Yes,Yes,0.98,True,Random_Forest
P01661,FULL,Yes,Yes,0.976,True,Random_Forest
P03511,FULL,No,No,0.008,True,Random_Forest
P01623,FULL,No,No,0.048,True,Random_Forest
P04534,FULL,Yes,Yes,0.984,True,Random_Forest
P03949,FULL,Yes,Yes,0.984,True,Random_Forest
P03588,FULL,No,No,0.02,True,Random_Forest
P09948,FULL,Yes,Yes,0.968,True,Random_Forest
P05419,FULL,No,No,0.004,True,Random_Forest
P07323,FULL,No,No,0.096,True,Random_Forest
P03376,FULL,No,No,0.008,True,Random_Forest
P02819,FULL,No,No,0.008,True,Random_Forest
P03368,FULL,No,No,0.02,True,Random_Forest
P09716,FULL,No,No,0.016,True,Random_Forest
P09895,FULL,Yes,Yes,0.988,True,Random_Forest
P04302,FULL,Yes,Yes,0.992,True,Random_Forest
P08279,FULL,No,No,0.004,True,Random_Forest
P09396,FULL,Yes,Yes,0.988,True,Random_Forest
P05261,FULL,No,No,0.0,True,Random_Forest
P02913,FULL,Yes,Yes,0.972,True,Random_Forest
P03678,FULL,No,No,0.008,True,Random_Forest
P03796,FULL,No,No,0.016,True,Random_Forest
P02713,FULL,Yes,Yes,0.94,True,Random_Forest
P00246,FULL,No,No,0.008,True,Random_Forest
P07022,FULL,No,No,0.02,True,Random_Forest
P05469,FULL,Yes,Yes,0.968,True,Random_Forest
P00314,FULL,No,No,0.004,True,Random_Forest
P00319,FULL,Yes,Yes,0.996,True,Random_Forest
P07775,FULL,Yes,Yes,0.964,True,Random_Forest
P01603,FULL,No,No,0.012,True,Random_Forest
P00184,FULL,No,No,0.0,True,Random_Forest
P00211,FULL,No,No,0.008,True,Random_Forest
P08674,FULL,No,No,0.012,True,Random_Forest
P09420,FULL,Yes,Yes,0.968,True,Random_Forest
P00468,FULL,No,No,0.016,True,Random_Forest
P03566,FULL,Yes,Yes,0.984,True,Random_Forest
P06772,FULL,Yes,Yes,0.952,True,Random_Forest
P09743,FULL,Yes,Yes,0.988,True,Random_Forest
P07269,FULL,No,No,0.02,True,Random_Forest
P05133,FULL,No,No,0.016,True,Random_Forest
P07997,FULL,Yes,Yes,0.968,True,Random_Forest
P01423,FULL,No,No,0.048,True,Random_Forest
P09144,FULL,No,No,0.008,True,Random_Forest
P05161,FULL,No,No,0.004,True,Random_Forest
P04174,FULL,Yes,Yes,0.992,True,Random_Forest
P03457,FULL,No,No,0.092,True,Random_Forest
P05062,FULL,No,No,0.028,True,Random_Forest
P09460,FULL,No,No,0.012,True,Random_Forest
P09795,FULL,No,No,0.012,True,Random_Forest
P04448,FULL,Yes,Yes,0.98,True,Random_Forest
P02396,FULL,No,No,0.016,True,Random_Forest
P08205,FULL,No,No,0.004,True,Random_Forest
P01415,FULL,No,No,0.016,True,Random_Forest
P05006,FULL,No,No,0.008,True,Random_Forest
P04610,FULL,Yes,Yes,0.98,True,Random_Forest
P02876,FULL,No,No,0.008,True,Random_Forest
P04081,FULL,Yes,Yes,0.98,True,Random_Forest
P09557,FULL,Yes,Yes,0.98,True,Random_Forest
P01488,FULL,No,No,0.02,True,Random_Forest
P05052,FULL,No,No,0.012,True,Random_Forest
P04797,FULL,Yes,Yes,0.98,True,Random_Forest
P02190,FULL,No,No,0.004,True,Random_Forest
P00753,FULL,Yes,Yes,0.972,True,Random_Forest
P03184,FULL,No,No,0.044,True,Random_Forest
P07592,FULL,No,No,0.016,True,Random_Forest
P09343,FULL,No,No,0.0,True,Random_Forest
P01147,FULL,Yes,Yes,0.98,True,Random_Forest
P01129,FULL,No,No,0.016,True,Random_Forest
P06539,FULL,No,No,0.004,True,Random_Forest
P04017,FULL,No,No,0.036,True,Random_Forest
P06706,FULL,Yes,Yes,0.944,True,Random_Forest
P06459,FULL,No,No,0.004,True,Random_Forest
P09112,FULL,No,No,0.0,True,Random_Forest
P07100,FULL,Yes,Yes,0.988,True,Random_Forest
P00570,FULL,No,No,0.032,True,Random_Forest
P09525,FULL,Yes,Yes,0.972,True,Random_Forest
P00199,FULL,No,No,0.036,True,Random_Forest
P03273,FULL,No,No,0.02,True,Random_Forest
P08932,FULL,Yes,Yes,0.992,True,Random_Forest
P07839,FULL,No,No,0.024,True,Random_Forest
P09633,FULL,No,No,0.036,True,Random_Forest
P02163,FULL,No,No,0.004,True,Random_Forest
P03575,FULL,No,No,0.008,True,Random_Forest
P01180,FULL,Yes,Yes,0.968,True,Random_Forest
P00689,FULL,Yes,Yes,0.984,True,Random_Forest
P09276,FULL,No,No,0.004,True,Random_Forest
P04450,FULL,Yes,Yes,0.992,True,Random_Forest
P03206,FULL,No,No,0.0,True,Random_Forest
P07834,FULL,No,No,0.012,True,Random_Forest
P02016,FULL,No,No,0.008,True,Random_Forest
P08203,FULL,No,No,0.0,True,Random_Forest
P09026,FULL,No,No,0.0,True,Random_Forest
P06192,FULL,No,No,0.008,True,Random_Forest
P05418,FULL,Yes,Yes,0.98,True,Random_Forest
P03998,FULL,No,No,0.024,True,Random_Forest
P03110,FULL,No,No,0.008,True,Random_Forest
P03321,FULL,No,No,0.004,True,Random_Forest
P07026,FULL,No,No,0.012,True,Random_Forest
P02180,FULL,Yes,Yes,0.98,True,Random_Forest
P03596,FULL,No,No,0.012,True,Random_Forest
P01932,FULL,Yes,Yes,0.972,True,Random_Forest
P09756,FULL,Yes,Yes,0.984,True,Random_Forest
P05507,FULL,No,No,0.012,True,Random_Forest
P05297,FULL,Yes,Yes,0.98,True,Random_Forest
P05872,FULL,No,No,0.008,True,Random_Forest
P03509,FULL,No,No,0.012,True,Random_Forest
P03201,FULL,Yes,Yes,0.992,True,Random_Forest
P05416,FULL,Yes,Yes,0.992,True,Random_Forest
P07910,FULL,No,No,0.008,True,Random_Forest
P03797,FULL,No,No,0.024,True,Random_Forest
P02751,FULL,No,No,0.0,True,Random_Forest
P08320,FULL,No,No,0.0,True,Random_Forest
P03403,FULL,No,No,0.004,True,Random_Forest
P00490,FULL,Yes,Yes,0.98,True,Random_Forest
P08544,FULL,No,No,0.124,True,Random_Forest
P02069,FULL,No,No,0.012,True,Random_Forest
P05518,FULL,Yes,Yes,0.968,True,Random_Forest
P00095,FULL,Yes,Yes,0.988,True,Random_Forest
P00507,FULL,No,No,0.0,True,Random_Forest
P04808,FULL,Yes,Yes,0.956,True,Random_Forest
P04351,FULL,Yes,Yes,0.98,True,Random_Forest
P06056,FULL,Yes,Yes,0.928,True,Random_Forest
P04469,FULL,Yes,Yes,0.944,True,Random_Forest
P05843,FULL,No,No,0.016,True,Random_Forest
P03097,FULL,No,No,0.06,True,Random_Forest
P01632,FULL,No,No,0.024,True,Random_Forest
P02205,FULL,Yes,Yes,0.98,True,Random_Forest
P06992,FULL,No,No,0.032,True,Random_Forest
P09964,FULL,Yes,Yes,0.952,True,Random_Forest
P01363,FULL,No,No,0.0,True,Random_Forest
P00605,FULL,No,No,0.024,True,Random_Forest
P09841,FULL,No,No,0.02,True,Random_Forest
P03602,FULL,Yes,Yes,0.928,True,Random_Forest
P01498,FULL,Yes,Yes,0.98,True,Random_Forest
P01937,FULL,No,No,0.012,True,Random_Forest
P05093,FULL,No,No,0.036,True,Random_Forest
P08662,FULL,No,No,0.024,True,Random_Forest
P08560,FULL,No,No,0.116,True,Random_Forest
P05043,FULL,Yes,Yes,0.94,True,Random_Forest
P02793,FULL,No,No,0.032,True,Random_Forest
P05477,FULL,Yes,Yes,0.94,True,Random_Forest
P03190,FULL,Yes,Yes,0.964,True,Random_Forest
P03552,FULL,No,No,0.02,True,Random_Forest
P02800,FULL,Yes,Yes,0.976,True,Random_Forest
P09622,FULL,Yes,Yes,0.98,True,Random_Forest
P06819,FULL,No,No,0.012,True,Random_Forest
P05759,FULL,No,No,0.0,True,Random_Forest
P02218,FULL,No,No,0.152,True,Random_Forest
P09909,FULL,No,No,0.032,True,Random_Forest
P08141,FULL,No,No,0.028,True,Random_Forest
P04181,FULL,Yes,Yes,0.936,True,Random_Forest
P03090,FULL,Yes,Yes,0.98,True,Random_Forest
P09864,FULL,No,No,0.008,True,Random_Forest
P01068,FULL,No,No,0.004,True,Random_Forest
P03891,FULL,No,No,0.036,True,Random_Forest
P04868,FULL,No,No,0.036,True,Random_Forest
P04722,FULL,No,No,0.076,True,Random_Forest
P09352,FULL,No,No,0.004,True,Random_Forest
P02225,FULL,Yes,Yes,0.98,True,Random_Forest
P06042,FULL,No,No,0.004,True,Random_Forest
P03234,FULL,Yes,Yes,0.98,True,Random_Forest
P01031,FULL,Yes,Yes,0.98,True,Random_Forest
P04637,FULL,No,No,0.016,True,Random_Forest
P02303,FULL,No,No,0.02,True,Random_Forest
P08389,FULL,No,No,0.036,True,Random_Forest
P00445,FULL,Yes,Yes,0.988,True,Random_Forest
P05415,FULL,No,No,0.008,True,Random_Forest
P04076,FULL,No,No,0.012,True,Random_Forest
P08874,FULL,No,No,0.024,True,Random_Forest
P05844,FULL,No,No,0.0,True,Random_Forest
P02427,FULL,Yes,Yes,0.984,True,Random_Forest
P05522,FULL,Yes,Yes,0.988,True,Random_Forest
P09442,FULL,No,No,0.028,True,Random_Forest
P05478,FULL,Yes,Yes,0.964,True,Random_Forest
P05080,FULL,No,No,0.032,True,Random_Forest
P03492,FULL,No,No,0.008,True,Random_Forest
P07082,FULL,Yes,Yes,0.976,True,Random_Forest
P07591,FULL,Yes,Yes,0.964,True,Random_Forest
P07351,FULL,Yes,Yes,0.964,True,Random_Forest
P04116,FULL,Yes,Yes,0.992,True,Random_Forest
P05696,FULL,No,No,0.012,True,Random_Forest
P02186,FULL,Yes,Yes,0.984,True,Random_Forest
P01500,FULL,No,No,0.032,True,Random_Forest
P02618,FULL,No,No,0.032,True,Random_Forest
P05739,FULL,No,No,0.0,True,Random_Forest
P08461,FULL,No,No,0.084,True,Random_Forest
P03775,FULL,No,No,0.08,True,Random_Forest
P07692,FULL,No,No,0.004,True,Random_Forest
P07460,FULL,No,No,0.016,True,Random_Forest
P01261,FULL,No,No,0.008,True,Random_Forest
P04680,FULL,No,No,0.04,True,Random_Forest
P03956,FULL,No,No,0.076,True,Random_Forest
P02387,FULL,No,No,0.02,True,Random_Forest
P09680,FULL,Yes,Yes,0.988,True,Random_Forest
P00341,FULL,Yes,Yes,0.98,True,Random_Forest
P04280,FULL,No,No,0.1,True,Random_Forest
P02297,FULL,No,No,0.024,True,Random_Forest
P02972,FULL,No,No,0.008,True,Random_Forest
P04972,FULL,No,No,0.02,True,Random_Forest
P02363,FULL,No,No,0.0,True,Random_Forest
P06221,FULL,No,No,0.036,True,Random_Forest
P06650,FULL,No,No,0.0,True,Random_Forest
P03560,FULL,No,No,0.012,True,Random_Forest
P05513,FULL,Yes,Yes,0.976,True,Random_Forest
P03914,FULL,Yes,Yes,0.984,True,Random_Forest
P07181,FULL,No,No,0.012,True,Random_Forest
P06281,FULL,Yes,Yes,0.872,True,Random_Forest
P09197,FULL,Yes,Yes,0.944,True,Random_Forest
P03167,FULL,Yes,Yes,0.98,True,Random_Forest
P06633,FULL,No,No,0.004,True,Random_Forest
P02056,FULL,No,No,0.012,True,Random_Forest
P09724,FULL,No,No,0.012,True,Random_Forest
P00371,FULL,No,No,0.02,True,Random_Forest
P06346,FULL,No,No,0.056,True,Random_Forest
P08921,FULL,No,No,0.004,True,Random_Forest
P01657,FULL,Yes,Yes,0.988,True,Random_Forest
P05361,FULL,No,No,0.036,True,Random_Forest
P09015,FULL,No,No,0.052,True,Random_Forest
P05951,FULL,No,No,0.02,True,Random_Forest
P02241,FULL,No,No,0.016,True,Random_Forest
P02677,FULL,Yes,Yes,0.972,True,Random_Forest
P04608,FULL,Yes,Yes,0.992,True,Random_Forest
P06413,FULL,No,No,0.004,True,Random_Forest
P00436,FULL,No,No,0.004,True,Random_Forest
P02010,FULL,Yes,Yes,0.984,True,Random_Forest
P08782,FULL,No,No,0.004,True,Random_Forest
P03989,FULL,Yes,Yes,0.908,True,Random_Forest
P09138,FULL,No,No,0.004,True,Random_Forest
P04702,FULL,No,No,0.004,True,Random_Forest
P00192,FULL,No,No,0.008,True,Random_Forest
P08109,FULL,Yes,Yes,1.0,True,Random_Forest
P04097,FULL,Yes,Yes,0.952,True,Random_Forest
P02576,FULL,Yes,Yes,0.924,True,Random_Forest
P07884,FULL,Yes,Yes,0.98,True,Random_Forest
P06162,FULL,Yes,Yes,0.984,True,Random_Forest
P06988,FULL,No,No,0.004,True,Random_Forest
P09721,FULL,Yes,Yes,0.972,True,Random_Forest
P04614,FULL,Yes,Yes,0.984,True,Random_Forest
P08936,FULL,Yes,Yes,0.984,True,Random_Forest
P08803,FULL,No,No,0.0,True,Random_Forest
P03838,FULL,Yes,Yes,0.996,True,Random_Forest
P07349,FULL,Yes,Yes,0.976,True,Random_Forest
P03723,FULL,No,No,0.012,True,Random_Forest
P00081,FULL,Yes,Yes,0.924,True,Random_Forest
P03798,FULL,No,No,0.004,True,Random_Forest
P04484,FULL,No,No,0.016,True,Random_Forest
P09020,FULL,No,No,0.04,True,Random_Forest
P09098,FULL,Yes,Yes,0.964,True,Random_Forest
P05248,FULL,Yes,Yes,0.968,True,Random_Forest
P02207,FULL,No,No,0.012,True,Random_Forest
P01677,FULL,Yes,Yes,0.98,True,Random_Forest
P01645,FULL,Yes,Yes,0.98,True,Random_Forest
P09559,FULL,Yes,Yes,0.944,True,Random_Forest
P00514,FULL,Yes,Yes,0.992,True,Random_Forest
P00614,FULL,No,No,0.092,True,Random_Forest
P03136,FULL,No,No,0.024,True,Random_Forest
P09861,FULL,Yes,Yes,0.98,True,Random_Forest
P07139,FULL,Yes,Yes,0.976,True,Random_Forest
P07881,FULL,No,No,0.06,True,Random_Forest
P01505,FULL,No,No,0.088,True,Random_Forest
P07618,FULL,No,No,0.02,True,Random_Forest
P06567,FULL,Yes,Yes,0.98,True,Random_Forest
P01968,FULL,Yes,Yes,0.988,True,Random_Forest
P09469,FULL,No,No,0.0,True,Random_Forest
P00768,FULL,No,No,0.036,True,Random_Forest
P09293,FULL,No,No,0.008,True,Random_Forest
P05692,FULL,No,No,0.02,True,Random_Forest
P07759,FULL,Yes,Yes,0.972,True,Random_Forest
P05072,FULL,No,No,0.016,True,Random_Forest
P03959,FULL,No,No,0.036,True,Random_Forest
P09494,FULL,No,No,0.024,True,Random_Forest
P00773,FULL,No,No,0.06,True,Random_Forest
P08993,FULL,No,No,0.008,True,Random_Forest
P06964,FULL,No,No,0.036,True,Random_Forest
P02927,FULL,Yes,Yes,0.964,True,Random_Forest
P08536,FULL,Yes,Yes,0.96,True,Random_Forest
P03889,FULL,Yes,Yes,0.968,True,Random_Forest
P05795,FULL,No,No,0.048,True,Random_Forest
P08076,FULL,Yes,Yes,0.992,True,Random_Forest
P09057,FULL,No,No,0.012,True,Random_Forest
P02641,FULL,No,No,0.136,True,Random_Forest
P08282,FULL,Yes,Yes,0.992,True,Random_Forest
P08733,FULL,No,No,0.008,True,Random_Forest
P02954,FULL,No,No,0.004,True,Random_Forest
P05421,FULL,No,No,0.008,True,Random_Forest
P06101,FULL,No,No,0.004,True,Random_Forest
P06377,FULL,Yes,Yes,0.98,True,Random_Forest
P04732,FULL,No,No,0.124,True,Random_Forest
P00847,FULL,No,No,0.04,True,Random_Forest
P09347,FULL,Yes,Yes,0.94,True,Random_Forest
P08722,FULL,No,No,0.02,True,Random_Forest
P02813,FULL,No,No,0.016,True,Random_Forest
P05325,FULL,No,No,0.004,True,Random_Forest
P07153,FULL,No,No,0.0,True,Random_Forest
P03710,FULL,No,No,0.012,True,Random_Forest
P08566,FULL,Yes,Yes,0.988,True,Random_Forest
P07628,FULL,No,No,0.008,True,Random_Forest
P06618,FULL,No,No,0.012,True,Random_Forest
P03777,FULL,No,No,0.02,True,Random_Forest
P00852,FULL,No,No,0.072,True,Random_Forest
P08754,FULL,No,No,0.024,True,Random_Forest
P07867,FULL,No,No,0.004,True,Random_Forest
P05535,FULL,Yes,Yes,0.988,True,Random_Forest
P04424,FULL,No,No,0.008,True,Random_Forest
P05953,FULL,No,No,0.012,True,Random_Forest
P07378,FULL,Yes,Yes,0.988,True,Random_Forest
P06357,FULL,Yes,Yes,0.98,True,Random_Forest
P08791,FULL,Yes,Yes,0.988,True,Random_Forest
P09251,FULL,Yes,Yes,0.98,True,Random_Forest
P05956,FULL,No,No,0.0,True,Random_Forest
P02634,FULL,No,No,0.032,True,Random_Forest
P03861,FULL,Yes,Yes,0.968,True,Random_Forest
P02575,FULL,No,No,0.004,True,Random_Forest
P07405,FULL,No,No,0.012,True,Random_Forest
P06858,FULL,Yes,Yes,0.964,True,Random_Forest
P05102,FULL,Yes,Yes,0.98,True,Random_Forest
P05744,FULL,Yes,Yes,0.996,True,Random_Forest
P09222,FULL,Yes,Yes,0.956,True,Random_Forest
P09893,FULL,No,No,0.0,True,Random_Forest
P06670,FULL,Yes,Yes,0.98,True,Random_Forest
P08948,FULL,Yes,Yes,0.996,True,Random_Forest
P05310,FULL,No,No,0.044,True,Random_Forest
P06530,FULL,No,No,0.012,True,Random_Forest
P04546,FULL,Yes,Yes,0.952,True,Random_Forest
P02545,FULL,No,No,0.0,True,Random_Forest
P04862,FULL,Yes,Yes,0.9,True,Random_Forest
P06972,FULL,Yes,Yes,0.976,True,Random_Forest
P05576,FULL,Yes,Yes,0.98,True,Random_Forest
P01253,FULL,Yes,Yes,0.996,True,Random_Forest
P04421,FULL,No,No,0.0,True,Random_Forest
P06302,FULL,Yes,Yes,0.972,True,Random_Forest
P01595,FULL,Yes,Yes,0.964,True,Random_Forest
P01551,FULL,No,No,0.004,True,Random_Forest
P05017,FULL,No,No,0.04,True,Random_Forest
P01218,FULL,No,No,0.0,True,Random_Forest
P06789,FULL,Yes,Yes,0.98,True,Random_Forest
P08957,FULL,No,No,0.048,True,Random_Forest
P00924,FULL,Yes,Yes,0.976,True,Random_Forest
P04895,FULL,Yes,Yes,0.996,True,Random_Forest
P03716,FULL,No,No,0.008,True,Random_Forest
P01684,FULL,No,No,0.012,True,Random_Forest
P02173,FULL,No,No,0.012,True,Random_Forest
P01507,FULL,Yes,Yes,0.996,True,Random_Forest
P04660,FULL,No,No,0.016,True,Random_Forest
P01266,FULL,No,No,0.024,True,Random_Forest
P03700,FULL,No,No,0.012,True,Random_Forest
P05596,FULL,No,No,0.02,True,Random_Forest
P05124,FULL,No,No,0.008,True,Random_Forest
P06340,FULL,Yes,Yes,0.972,True,Random_Forest
P07228,FULL,No,No,0.0,True,Random_Forest
P01549,FULL,No,No,0.012,True,Random_Forest
P00188,FULL,No,No,0.004,True,Random_Forest
P00815,FULL,No,No,0.024,True,Random_Forest
P02380,FULL,Yes,Yes,0.972,True,Random_Forest
P09126,FULL,No,No,0.016,True,Random_Forest
P02324,FULL,Yes,Yes,0.98,True,Random_Forest
P08207,FULL,No,No,0.016,True,Random_Forest
P05451,FULL,Yes,Yes,0.964,True,Random_Forest
P08693,FULL,Yes,Yes,0.988,True,Random_Forest
P00975,FULL,Yes,Yes,0.96,True,Random_Forest
P06803,FULL,No,No,0.012,True,Random_Forest
P08133,FULL,Yes,Yes,0.984,True,Random_Forest
P09499,FULL,Yes,Yes,0.972,True,Random_Forest
P08280,FULL,No,No,0.02,True,Random_Forest
P08241,FULL,Yes,Yes,0.964,True,Random_Forest
P00426,FULL,Yes,Yes,0.972,True,Random_Forest
P06267,FULL,No,No,0.008,True,Random_Forest
P09636,FULL,Yes,Yes,0.98,True,Random_Forest
P08608,FULL,No,No,0.004,True,Random_Forest
P05033,FULL,No,No,0.016,True,Random_Forest
P02145,FULL,Yes,Yes,0.992,True,Random_Forest
P07677,FULL,Yes,Yes,0.98,True,Random_Forest
P09486,FULL,No,No,0.012,True,Random_Forest
P02464,FULL,Yes,Yes,0.948,True,Random_Forest
P08178,FULL,No,No,0.0,True,Random_Forest
P08018,FULL,No,No,0.012,True,Random_Forest
P04532,FULL,No,No,0.028,True,Random_Forest
P04912,FULL,Yes,Yes,0.98,True,Random_Forest
P01032,FULL,No,No,0.0,True,Random_Forest
P09899,FULL,No,No,0.008,True,Random_Forest
P04788,FULL,Yes,Yes,0.976,True,Random_Forest
P03722,FULL,Yes,Yes,0.988,True,Random_Forest
P05108,FULL,Yes,Yes,0.96,True,Random_Forest
P09014,FULL,No,No,0.008,True,Random_Forest
P03396,FULL,No,No,0.012,True,Random_Forest
P02997,FULL,Yes,Yes,0.98,True,Random_Forest
P03046,FULL,No,No,0.012,True,Random_Forest
P01062,FULL,Yes,Yes,0.984,True,Random_Forest
P07261,FULL,No,No,0.008,True,Random_Forest
P07177,FULL,No,No,0.004,True,Random_Forest
P06687,FULL,Yes,Yes,0.976,True,Random_Forest
P04319,FULL,Yes,Yes,0.984,True,Random_Forest
P04595,FULL,Yes,Yes,0.972,True,Random_Forest
P04383,FULL,No,No,0.052,True,Random_Forest
P04687,FULL,No,No,0.012,True,Random_Forest
P00868,FULL,No,No,0.012,True,Random_Forest
P04630,FULL,Yes,Yes,0.976,True,Random_Forest
P08987,FULL,No,No,0.0,True,Random_Forest
P06728,FULL,Yes,Yes,0.996,True,Random_Forest
P06584,FULL,No,No,0.068,True,Random_Forest
P02532,FULL,Yes,Yes,0.972,True,Random_Forest
P01999,FULL,No,No,0.016,True,Random_Forest
P07373,FULL,Yes,Yes,0.996,True,Random_Forest
P01941,FULL,No,No,0.036,True,Random_Forest
P09626,FULL,Yes,Yes,0.984,True,Random_Forest
P03367,FULL,Yes,Yes,0.992,True,Random_Forest
P08661,FULL,No,No,0.016,True,Random_Forest
P00828,FULL,No,No,0.008,True,Random_Forest
P07164,FULL,No,No,0.008,True,Random_Forest
P02495,FULL,Yes,Yes,0.984,True,Random_Forest
P07529,FULL,Yes,Yes,0.984,True,Random_Forest
P04762,FULL,No,No,0.028,True,Random_Forest
P06085,FULL,Yes,Yes,0.984,True,Random_Forest
P07785,FULL,Yes,Yes,0.988,True,Random_Forest
P03280,FULL,Yes,Yes,0.976,True,Random_Forest
P03906,FULL,Yes,Yes,0.96,True,Random_Forest
P02480,FULL,Yes,Yes,0.964,True,Random_Forest
P06448,FULL,No,No,0.008,True,Random_Forest
P03871,FULL,No,No,0.02,True,Random_Forest
P03453,FULL,No,No,0.008,True,Random_Forest
P04827,FULL,No,No,0.024,True,Random_Forest
P00835,FULL,No,No,0.028,True,Random_Forest
P02944,FULL,No,No,0.004,True,Random_Forest
P05020,FULL,No,No,0.0,True,Random_Forest
P05392,FULL,Yes,Yes,0.988,True,Random_Forest
P06186,FULL,No,No,0.032,True,Random_Forest
P08327,FULL,No,No,0.016,True,Random_Forest
P02698,FULL,Yes,Yes,0.96,True,Random_Forest
P03740,FULL,Yes,Yes,0.964,True,Random_Forest
P03910,FULL,Yes,Yes,0.96,True,Random_Forest
P03564,FULL,Yes,Yes,0.976,True,Random_Forest
P04669,FULL,No,No,0.008,True,Random_Forest
P07490,FULL,No,No,0.024,True,Random_Forest
P00149,FULL,No,No,0.008,True,Random_Forest
P05374,FULL,Yes,Yes,0.976,True,Random_Forest
P05492,FULL,No,No,0.032,True,Random_Forest
P04599,FULL,Yes,Yes,0.98,True,Random_Forest
P09188,FULL,Yes,Yes,0.96,True,Random_Forest
P01477,FULL,No,No,0.008,True,Random_Forest
P06171,FULL,No,No,0.016,True,Random_Forest
P08605,FULL,Yes,Yes,0.98,True,Random_Forest
P08368,FULL,Yes,Yes,0.984,True,Random_Forest
P05129,FULL,Yes,Yes,0.972,True,Random_Forest
P08118,FULL,No,No,0.012,True,Random_Forest
P02407,FULL,No,No,0.068,True,Random_Forest
P09625,FULL,No,No,0.004,True,Random_Forest
P02909,FULL,No,No,0.004,True,Random_Forest
P02804,FULL,No,No,0.0,True,Random_Forest
P02433,FULL,Yes,Yes,0.976,True,Random_Forest
P07594,FULL,Yes,Yes,0.96,True,Random_Forest
P02320,FULL,No,No,0.04,True,Random_Forest
P00546,FULL,Yes,Yes,0.964,True,Random_Forest
P09814,FULL,No,No,0.008,True,Random_Forest
P00087,FULL,No,No,0.012,True,Random_Forest
P02904,FULL,No,No,0.0,True,Random_Forest
P00179,FULL,Yes,Yes,0.968,True,Random_Forest
P09079,FULL,Yes,Yes,0.944,True,Random_Forest
P03235,FULL,Yes,Yes,0.988,True,Random_Forest
P00473,FULL,Yes,Yes,0.968,True,Random_Forest
P02158,FULL,Yes,Yes,0.976,True,Random_Forest
P09450,FULL,No,No,0.004,True,Random_Forest
P03528,FULL,No,No,0.016,True,Random_Forest
P03231,FULL,Yes,Yes,0.968,True,Random_Forest
P08883,FULL,No,No,0.0,True,Random_Forest
P03422,FULL,Yes,Yes,0.992,True,Random_Forest
P07689,FULL,No,No,0.008,True,Random_Forest
P05456,FULL,No,No,0.004,True,Random_Forest
P05917,FULL,No,No,0.016,True,Random_Forest
P02019,FULL,Yes,Yes,0.976,True,Random_Forest
P02808,FULL,No,No,0.016,True,Random_Forest
P00631,FULL,No,No,0.004,True,Random_Forest
P07554,FULL,Yes,Yes,0.98,True,Random_Forest
P08953,FULL,No,No,0.004,True,Random_Forest
P07132,FULL,No,No,0.016,True,Random_Forest
P01711,FULL,No,No,0.048,True,Random_Forest
P04393,FULL,Yes,Yes,0.968,True,Random_Forest
P07899,FULL,No,No,0.024,True,Random_Forest
P08944,FULL,No,No,0.016,True,Random_Forest
P04358,FULL,No,No,0.024,True,Random_Forest
P00391,FULL,Yes,Yes,0.964,True,Random_Forest
P08888,FULL,No,No,0.0,True,Random_Forest
P00690,FULL,No,No,0.02,True,Random_Forest
P05344,FULL,No,No,0.004,True,Random_Forest
P07481,FULL,Yes,Yes,0.948,True,Random_Forest
P03523,FULL,Yes,Yes,0.98,True,Random_Forest
P05038,FULL,Yes,Yes,0.988,True,Random_Forest
P06284,FULL,No,No,0.084,True,Random_Forest
P07249,FULL,No,No,0.004,True,Random_Forest
P05127,FULL,No,No,0.016,True,Random_Forest
P01192,FULL,Yes,Yes,0.968,True,Random_Forest
P03648,FULL,No,No,0.028,True,Random_Forest
P00386,FULL,No,No,0.004,True,Random_Forest
P04400,FULL,Yes,Yes,0.988,True,Random_Forest
P03727,FULL,Yes,Yes,0.988,True,Random_Forest
P05334,FULL,No,No,0.024,True,Random_Forest
P06172,FULL,Yes,Yes,0.968,True,Random_Forest
P00423,FULL,Yes,Yes,0.964,True,Random_Forest
P09128,FULL,Yes,Yes,0.924,True,Random_Forest
P01324,FULL,No,No,0.056,True,Random_Forest
P09483,FULL,Yes,Yes,0.972,True,Random_Forest
P05109,FULL,No,No,0.012,True,Random_Forest
P09875,FULL,No,No,0.024,True,Random_Forest
P08895,FULL,Yes,Yes,0.992,True,Random_Forest
P06451,FULL,Yes,Yes,0.992,True,Random_Forest
P06006,FULL,No,No,0.024,True,Random_Forest
P05815,FULL,No,No,0.0,True,Random_Forest
P09695,FULL,No,No,0.0,True,Random_Forest
P08525,FULL,No,No,0.0,True,Random_Forest
P01631,FULL,Yes,Yes,0.968,True,Random_Forest
P00340,FULL,No,No,0.016,True,Random_Forest
P08017,FULL,No,No,0.008,True,Random_Forest
P03020,FULL,Yes,Yes,0.948,True,Random_Forest
P07555,FULL,Yes,Yes,0.984,True,Random_Forest
P06629,FULL,Yes,Yes,0.98,True,Random_Forest
P03304,FULL,No,No,0.0,True,Random_Forest
P01049,FULL,Yes,Yes,0.98,True,Random_Forest
P04743,FULL,No,No,0.004,True,Random_Forest
P05915,FULL,No,No,0.004,True,Random_Forest
P05472,FULL,No,No,0.004,True,Random_Forest
P05306,FULL,No,No,0.024,True,Random_Forest
P02886,FULL,No,No,0.008,True,Random_Forest
P04245,FULL,Yes,Yes,0.976,True,Random_Forest
P06969,FULL,Yes,Yes,0.988,True,Random_Forest
P04831,FULL,Yes,Yes,0.984,True,Random_Forest
P09109,FULL,Yes,Yes,0.992,True,Random_Forest
P01334,FULL,No,No,0.012,True,Random_Forest
P02110,FULL,No,No,0.0,True,Random_Forest
P01629,FULL,No,No,0.024,True,Random_Forest
P09635,FULL,No,No,0.068,True,Random_Forest
P07103,FULL,Yes,Yes,0.96,True,Random_Forest
P05971,FULL,No,No,0.012,True,Random_Forest
P04520,FULL,No,No,0.024,True,Random_Forest
P09481,FULL,No,No,0.008,True,Random_Forest
P01839,FULL,No,No,0.088,True,Random_Forest
P09059,FULL,No,No,0.088,True,Random_Forest
P04422,FULL,No,No,0.008,True,Random_Forest
P07564,FULL,Yes,Yes,0.98,True,Random_Forest
P02339,FULL,No,No,0.016,True,Random_Forest
P02490,FULL,No,No,0.004,True,Random_Forest
P03004,FULL,Yes,Yes,0.992,True,Random_Forest
P04219,FULL,No,No,0.04,True,Random_Forest
P04891,FULL,No,No,0.024,True,Random_Forest
P02458,FULL,Yes,Yes,0.984,True,Random_Forest
P07605,FULL,Yes,Yes,0.964,True,Random_Forest
P02723,FULL,Yes,Yes,0.98,True,Random_Forest
P08915,FULL,No,No,0.004,True,Random_Forest
P02637,FULL,No,No,0.02,True,Random_Forest
P01849,FULL,No,No,0.008,True,Random_Forest
P04519,FULL,Yes,Yes,0.964,True,Random_Forest
P06291,FULL,Yes,Yes,1.0,True,Random_Forest
P00172,FULL,Yes,Yes,0.976,True,Random_Forest
P05731,FULL,No,No,0.048,True,Random_Forest
P02413,FULL,Yes,Yes,0.972,True,Random_Forest
P06098,FULL,No,No,0.024,True,Random_Forest
P02108,FULL,No,No,0.032,True,Random_Forest
P07665,FULL,No,No,0.012,True,Random_Forest
P08884,FULL,No,No,0.016,True,Random_Forest
P09181,FULL,No,No,0.004,True,Random_Forest
P01102,FULL,Yes,Yes,0.968,True,Random_Forest
P03686,FULL,Yes,Yes,0.988,True,Random_Forest
P01249,FULL,No,No,0.032,True,Random_Forest
P02895,FULL,Yes,Yes,0.996,True,Random_Forest
P00051,FULL,Yes,Yes,0.988,True,Random_Forest
P01663,FULL,Yes,Yes,0.972,True,Random_Forest
P04218,FULL,No,No,0.02,True,Random_Forest
P06698,FULL,Yes,Yes,0.984,True,Random_Forest
P01637,FULL,Yes,Yes,0.956,True,Random_Forest
P03823,FULL,Yes,Yes,0.984,True,Random_Forest
P09916,FULL,Yes,Yes,0.976,True,Random_Forest
P01394,FULL,No,No,0.04,True,Random_Forest
P06223,FULL,No,No,0.024,True,Random_Forest
P09859,FULL,Yes,Yes,0.992,True,Random_Forest
P07985,FULL,No,No,0.024,True,Random_Forest
P04107,FULL,No,No,0.012,True,Random_Forest
P08222,FULL,Yes,Yes,0.992,True,Random_Forest
P01124,FULL,No,No,0.02,True,Random_Forest
P09979,FULL,No,No,0.004,True,Random_Forest
P02910,FULL,No,No,0.02,True,Random_Forest
P01241,FULL,No,No,0.012,True,Random_Forest
P08979,FULL,No,No,0.016,True,Random_Forest
P05379,FULL,Yes,Yes,0.98,True,Random_Forest
P02444,FULL,Yes,Yes,0.98,True,Random_Forest
P03771,FULL,No,No,0.0,True,Random_Forest
P03310,FULL,Yes,Yes,0.98,True,Random_Forest
P03443,FULL,No,No,0.004,True,Random_Forest
P04857,FULL,No,No,0.04,True,Random_Forest
P01143,FULL,No,No,0.012,True,Random_Forest
P00508,FULL,No,No,0.012,True,Random_Forest
P07406,FULL,No,No,0.004,True,Random_Forest
P07374,FULL,No,No,0.024,True,Random_Forest
P09335,FULL,No,No,0.028,True,Random_Forest
P01179,FULL,No,No,0.008,True,Random_Forest
P08036,FULL,No,No,0.008,True,Random_Forest
P03580,FULL,No,No,0.012,True,Random_Forest
P09384,FULL,No,No,0.008,True,Random_Forest
P04326,FULL,No,No,0.012,True,Random_Forest
P06338,FULL,Yes,Yes,0.96,True,Random_Forest
P03450,FULL,No,No,0.004,True,Random_Forest
P06105,FULL,Yes,Yes,0.996,True,Random_Forest
P04049,FULL,Yes,Yes,0.972,True,Random_Forest
P08045,FULL,Yes,Yes,0.988,True,Random_Forest
P07601,FULL,Yes,Yes,0.972,True,Random_Forest
P02654,FULL,No,No,0.016,True,Random_Forest
P08878,FULL,No,No,0.012,True,Random_Forest
P08626,FULL,No,No,0.008,True,Random_Forest
P06717,FULL,No,No,0.056,True,Random_Forest
P03191,FULL,No,No,0.016,True,Random_Forest
P05883,FULL,No,No,0.012,True,Random_Forest
P09397,FULL,Yes,Yes,0.952,True,Random_Forest
P05160,FULL,No,No,0.016,True,Random_Forest
P05136,FULL,Yes,Yes,0.984,True,Random_Forest
P06945,FULL,Yes,Yes,0.988,True,Random_Forest
P02595,FULL,Yes,Yes,0.968,True,Random_Forest
P00335,FULL,No,No,0.048,True,Random_Forest
P00700,FULL,Yes,Yes,0.968,True,Random_Forest
P02615,FULL,Yes,Yes,0.976,True,Random_Forest
P08955,FULL,No,No,0.008,True,Random_Forest
P05864,FULL,Yes,Yes,0.992,True,Random_Forest
P09903,FULL,Yes,Yes,0.964,True,Random_Forest
P01014,FULL,No,No,0.016,True,Random_Forest
P07745,FULL,No,No,0.04,True,Random_Forest
P05763,FULL,No,No,0.004,True,Random_Forest
P06754,FULL,No,No,0.004,True,Random_Forest
P07728,FULL,No,No,0.032,True,Random_Forest
P08166,FULL,Yes,Yes,0.952,True,Random_Forest
P03872,FULL,Yes,Yes,0.952,True,Random_Forest
P08972,FULL,No,No,0.012,True,Random_Forest
P05305,FULL,No,No,0.012,True,Random_Forest
P01904,FULL,Yes,Yes,0.992,True,Random_Forest
P08965,FULL,Yes,Yes,0.984,True,Random_Forest
P09561,FULL,Yes,Yes,0.992,True,Random_Forest
P01307,FULL,Yes,Yes,0.988,True,Random_Forest
P01076,FULL,No,No,0.008,True,Random_Forest
P01343,FULL,Yes,Yes,0.952,True,Random_Forest
P08325,FULL,No,No,0.024,True,Random_Forest
P07773,FULL,Yes,Yes,0.948,True,Random_Forest
P04737,FULL,No,No,0.004,True,Random_Forest
P07538,FULL,Yes,Yes,0.984,True,Random_Forest
P05446,FULL,No,No,0.008,True,Random_Forest
P04250,FULL,Yes,Yes,0.992,True,Random_Forest
P03033,FULL,No,No,0.008,True,Random_Forest
P03268,FULL,Yes,Yes,0.996,True,Random_Forest
P05336,FULL,Yes,Yes,0.992,True,Random_Forest
P07941,FULL,Yes,Yes,0.996,True,Random_Forest
P08684,FULL,No,No,0.028,True,Random_Forest
P07643,FULL,Yes,Yes,0.98,True,Random_Forest
P08688,FULL,Yes,Yes,0.968,True,Random_Forest
P09268,FULL,No,No,0.036,True,Random_Forest
P04295,FULL,No,No,0.068,True,Random_Forest
P08424,FULL,Yes,Yes,0.952,True,Random_Forest
P00154,FULL,No,No,0.008,True,Random_Forest
P07777,FULL,Yes,Yes,0.98,True,Random_Forest
P06285,FULL,Yes,Yes,0.976,True,Random_Forest
P09977,FULL,No,No,0.032,True,Random_Forest
P03328,FULL,Yes,Yes,0.992,True,Random_Forest
P05162,FULL,Yes,Yes,0.988,True,Random_Forest
P00963,FULL,Yes,Yes,0.976,True,Random_Forest
P04021,FULL,No,No,0.044,True,Random_Forest
P09566,FULL,No,No,0.048,True,Random_Forest
P01448,FULL,No,No,0.004,True,Random_Forest
P07224,FULL,No,No,0.024,True,Random_Forest
P07112,FULL,Yes,Yes,0.992,True,Random_Forest
P07693,FULL,No,No,0.016,True,Random_Forest
P01933,FULL,No,No,0.004,True,Random_Forest
P06861,FULL,No,No,0.016,True,Random_Forest
P00673,FULL,No,No,0.036,True,Random_Forest
P06968,FULL,No,No,0.0,True,Random_Forest
P09328,FULL,No,No,0.0,True,Random_Forest
P06627,FULL,No,No,0.028,True,Random_Forest
P00360,FULL,Yes,Yes,0.952,True,Random_Forest
P09277,FULL,No,No,0.004,True,Random_Forest
P06606,FULL,Yes,Yes,0.964,True,Random_Forest
P02134,FULL,Yes,Yes,0.976,True,Random_Forest
P08694,FULL,No,No,0.004,True,Random_Forest
P06931,FULL,No,No,0.036,True,Random_Forest
P04858,FULL,Yes,Yes,0.972,True,Random_Forest
P08724,FULL,No,No,0.016,True,Random_Forest
P04004,FULL,No,No,0.024,True,Random_Forest
P05081,FULL,Yes,Yes,0.976,True,Random_Forest
P00425,FULL,No,No,0.0,True,Random_Forest
P01830,FULL,Yes,Yes,0.98,True,Random_Forest
P04816,FULL,No,No,0.004,True,Random_Forest
P00825,FULL,No,No,0.024,True,Random_Forest
P01379,FULL,No,No,0.004,True,Random_Forest
P03565,FULL,Yes,Yes,0.98,True,Random_Forest
P06675,FULL,No,No,0.024,True,Random_Forest
P09539,FULL,Yes,Yes,0.988,True,Random_Forest
P05202,FULL,Yes,Yes,1.0,True,Random_Forest
P09172,FULL,No,No,0.008,True,Random_Forest
P04514,FULL,No,No,0.004,True,Random_Forest
P02846,FULL,Yes,Yes,0.984,True,Random_Forest
P02908,FULL,No,No,0.016,True,Random_Forest
P03675,FULL,Yes,Yes,0.988,True,Random_Forest
P04387,FULL,No,No,0.028,True,Random_Forest
P04148,FULL,Yes,Yes,0.928,True,Random_Forest
P02765,FULL,No,No,0.004,True,Random_Forest
P06935,FULL,Yes,Yes,0.988,True,Random_Forest
P07957,FULL,No,No,0.016,True,Random_Forest
P02155,FULL,No,No,0.008,True,Random_Forest
P07116,FULL,No,No,0.088,True,Random_Forest
P07604,FULL,No,No,0.0,True,Random_Forest
P05382,FULL,No,No,0.008,True,Random_Forest
P05549,FULL,No,No,0.02,True,Random_Forest
P02459,FULL,Yes,Yes,0.968,True,Random_Forest
P06293,FULL,No,No,0.04,True,Random_Forest
P04406,FULL,Yes,Yes,0.948,True,Random_Forest
P01636,FULL,No,No,0.02,True,Random_Forest
P00767,FULL,No,No,0.008,True,Random_Forest
P07964,FULL,Yes,Yes,0.992,True,Random_Forest
P06958,FULL,No,No,0.036,True,Random_Forest
P00234,FULL,No,No,0.02,True,Random_Forest
P07301,FULL,No,No,0.0,True,Random_Forest
P01536,FULL,Yes,Yes,0.92,True,Random_Forest
P08527,FULL,No,No,0.024,True,Random_Forest
P05728,FULL,No,No,0.004,True,Random_Forest
P03142,FULL,No,No,0.04,True,Random_Forest
P08422,FULL,No,No,0.016,True,Random_Forest
P00057,FULL,No,No,0.008,True,Random_Forest
P07189,FULL,Yes,Yes,0.992,True,Random_Forest
P06870,FULL,No,No,0.008,True,Random_Forest
P01092,FULL,No,No,0.016,True,Random_Forest
P00993,FULL,No,No,0.032,True,Random_Forest
P03898,FULL,Yes,Yes,1.0,True,Random_Forest
P02293,FULL,Yes,Yes,0.936,True,Random_Forest
P08364,FULL,No,No,0.032,True,Random_Forest
P03456,FULL,Yes,Yes,0.988,True,Random_Forest
P09802,FULL,No,No,0.008,True,Random_Forest
P01726,FULL,Yes,Yes,0.98,True,Random_Forest
P05790,FULL,No,No,0.02,True,Random_Forest
P03433,FULL,No,No,0.008,True,Random_Forest
P04903,FULL,No,No,0.036,True,Random_Forest
P00189,FULL,No,No,0.028,True,Random_Forest
P09238,FULL,No,No,0.008,True,Random_Forest
P08447,FULL,Yes,Yes,0.968,True,Random_Forest
P00881,FULL,Yes,Yes,0.984,True,Random_Forest
P07637,FULL,Yes,Yes,0.992,True,Random_Forest
P01969,FULL,No,No,0.0,True,Random_Forest
P07310,FULL,Yes,Yes,0.992,True,Random_Forest
P07550,FULL,Yes,Yes,0.992,True,Random_Forest
P05601,FULL,No,No,0.008,True,Random_Forest
P03524,FULL,No,No,0.016,True,Random_Forest
P00331,FULL,No,No,0.004,True,Random_Forest
P00583,FULL,No,No,0.008,True,Random_Forest
P03721,FULL,No,No,0.096,True,Random_Forest
P07410,FULL,No,No,0.0,True,Random_Forest
P07927,FULL,No,No,0.004,True,Random_Forest
P09617,FULL,No,No,0.012,True,Random_Forest
P08582,FULL,Yes,Yes,0.98,True,Random_Forest
P02089,FULL,No,No,0.004,True,Random_Forest
P07196,FULL,No,No,0.02,True,Random_Forest
P09241,FULL,Yes,Yes,1.0,True,Random_Forest
P07821,FULL,No,No,0.0,True,Random_Forest
P08837,FULL,No,No,0.024,True,Random_Forest
P08908,FULL,Yes,Yes,0.988,True,Random_Forest
P03439,FULL,Yes,Yes,0.988,True,Random_Forest
P05663,FULL,Yes,Yes,1.0,True,Random_Forest
P00784,FULL,No,No,0.008,True,Random_Forest
P09880,FULL,No,No,0.008,True,Random_Forest
P03940,FULL,No,No,0.024,True,Random_Forest
P09942,FULL,No,No,0.036,True,Random_Forest
P09759,FULL,Yes,Yes,0.956,True,Random_Forest
P01635,FULL,No,No,0.0,True,Random_Forest
P09783,FULL,Yes,Yes,0.976,True,Random_Forest
P07057,FULL,Yes,Yes,0.972,True,Random_Forest
P04308,FULL,No,No,0.024,True,Random_Forest
P02682,FULL,Yes,Yes,0.956,True,Random_Forest
P06934,FULL,Yes,Yes,0.96,True,Random_Forest
P00556,FULL,No,No,0.032,True,Random_Forest
P09342,FULL,No,No,0.008,True,Random_Forest
P07720,FULL,No,No,0.024,True,Random_Forest
P03572,FULL,No,No,0.0,True,Random_Forest
P05468,FULL,Yes,Yes,0.972,True,Random_Forest
P07314,FULL,No,No,0.004,True,Random_Forest
P06913,FULL,No,No,0.0,True,Random_Forest
P03858,FULL,No,No,0.0,True,Random_Forest
P00788,FULL,No,No,0.004,True,Random_Forest
P01656,FULL,No,No,0.024,True,Random_Forest
P02572,FULL,No,No,0.024,True,Random_Forest
P01183,FULL,Yes,Yes,0.992,True,Random_Forest
P05075,FULL,Yes,Yes,0.984,True,Random_Forest
P05263,FULL,Yes,Yes,0.972,True,Random_Forest
P01789,FULL,Yes,Yes,0.964,True,Random_Forest
P03583,FULL,Yes,Yes,0.94,True,Random_Forest
P02161,FULL,Yes,Yes,0.968,True,Random_Forest
P02725,FULL,No,No,0.028,True,Random_Forest
P02109,FULL,Yes,Yes,0.984,True,Random_Forest
P06117,FULL,Yes,Yes,0.976,True,Random_Forest
P01399,FULL,Yes,Yes,0.98,True,Random_Forest
P04654,FULL,No,No,0.016,True,Random_Forest
P00967,FULL,No,No,0.0,True,Random_Forest
P03163,FULL,No,No,0.0,True,Random_Forest
P00892,FULL,No,No,0.016,True,Random_Forest
P03160,FULL,No,No,0.024,True,Random_Forest
P03549,FULL,No,No,0.02,True,Random_Forest
P06099,FULL,No,No,0.02,True,Random_Forest
P02632,FULL,Yes,Yes,0.912,True,Random_Forest
P08353,FULL,No,No,0.016,True,Random_Forest
P03290,FULL,Yes,Yes,0.964,True,Random_Forest
P08191,FULL,Yes,Yes,0.98,True,Random_Forest
P08376,FULL,Yes,Yes,0.972,True,Random_Forest
P00851,FULL,No,No,0.012,True,Random_Forest
P05326,FULL,No,No,0.02,True,Random_Forest
P05140,FULL,No,No,0.004,True,Random_Forest
P01879,FULL,Yes,Yes,0.996,True,Random_Forest
P05997,FULL,No,No,0.032,True,Random_Forest
P08786,FULL,No,No,0.06,True,Random_Forest
P00124,FULL,Yes,Yes,0.988,True,Random_Forest
P06888,FULL,No,No,0.004,True,Random_Forest
P03548,FULL,Yes,Yes,0.976,True,Random_Forest
P00692,FULL,No,No,0.004,True,Random_Forest
P02672,FULL,Yes,Yes,0.988,True,Random_Forest
P05473,FULL,No,No,0.004,True,Random_Forest
P07382,FULL,No,No,0.068,True,Random_Forest
P01796,FULL,Yes,Yes,0.976,True,Random_Forest
P08158,FULL,Yes,Yes,0.988,True,Random_Forest
P05107,FULL,Yes,Yes,0.948,True,Random_Forest
P03445,FULL,Yes,Yes,0.988,True,Random_Forest
P06269,FULL,Yes,Yes,0.976,True,Random_Forest
P07973,FULL,No,No,0.012,True,Random_Forest
P04718,FULL,No,No,0.0,True,Random_Forest
P08336,FULL,No,No,0.028,True,Random_Forest
P08991,FULL,Yes,Yes,0.964,True,Random_Forest
P03791,FULL,Yes,Yes,0.956,True,Random_Forest
P07541,FULL,Yes,Yes,0.964,True,Random_Forest
P04952,FULL,Yes,Yes,0.984,True,Random_Forest
P05649,FULL,Yes,Yes,0.956,True,Random_Forest
P04301,FULL,No,No,0.068,True,Random_Forest
P01649,FULL,Yes,Yes,0.952,True,Random_Forest
P02079,FULL,Yes,Yes,0.992,True,Random_Forest
P01468,FULL,Yes,Yes,0.968,True,Random_Forest
P07344,FULL,No,No,0.012,True,Random_Forest
P06977,FULL,Yes,Yes,0.96,True,Random_Forest
P02331,FULL,No,No,0.008,True,Random_Forest
P08739,FULL,Yes,Yes,0.972,True,Random_Forest
P00761,FULL,Yes,Yes,0.984,True,Random_Forest
P04883,FULL,No,No,0.012,True,Random_Forest
P01690,FULL,No,No,0.02,True,Random_Forest
P08139,FULL,Yes,Yes,0.968,True,Random_Forest
P01797,FULL,Yes,Yes,1.0,True,Random_Forest
P09780,FULL,No,No,0.004,True,Random_Forest
P03187,FULL,No,No,0.0,True,Random_Forest
P09733,FULL,No,No,0.032,True,Random_Forest
P06711,FULL,Yes,Yes,0.936,True,Random_Forest
P09776,FULL,Yes,Yes,0.888,True,Random_Forest
P08236,FULL,No,No,0.036,True,Random_Forest
P01747,FULL,No,No,0.012,True,Random_Forest
P04034,FULL,No,No,0.008,True,Random_Forest
P07981,FULL,Yes,Yes,0.976,True,Random_Forest
P08136,FULL,Yes,Yes,0.968,True,Random_Forest
P05729,FULL,No,No,0.008,True,Random_Forest
P08928,FULL,Yes,Yes,0.988,True,Random_Forest
P08430,FULL,Yes,Yes,0.968,True,Random_Forest
P09323,FULL,No,No,0.008,True,Random_Forest
P04930,FULL,Yes,Yes,0.992,True,Random_Forest
P06349,FULL,No,No,0.036,True,Random_Forest
P01486,FULL,No,No,0.008,True,Random_Forest
P00869,FULL,Yes,Yes,0.992,True,Random_Forest
P05545,FULL,No,No,0.036,True,Random_Forest
P07018,FULL,No,No,0.032,True,Random_Forest
P07931,FULL,No,No,0.02,True,Random_Forest
P09256,FULL,Yes,Yes,0.956,True,Random_Forest
P04982,FULL,Yes,Yes,0.948,True,Random_Forest
P07716,FULL,No,No,0.0,True,Random_Forest
P05338,FULL,Yes,Yes,0.976,True,Random_Forest
P07074,FULL,No,No,0.008,True,Random_Forest
P03177,FULL,No,No,0.012,True,Random_Forest
P05130,FULL,Yes,Yes,0.98,True,Random_Forest
P01157,FULL,No,No,0.024,True,Random_Forest
P05528,FULL,No,No,0.036,True,Random_Forest
P01754,FULL,No,No,0.008,True,Random_Forest
P05659,FULL,Yes,Yes,0.992,True,Random_Forest
P01695,FULL,Yes,Yes,0.944,True,Random_Forest
P04708,FULL,No,No,0.004,True,Random_Forest
P01596,FULL,No,No,0.016,True,Random_Forest
P03258,FULL,Yes,Yes,0.96,True,Random_Forest
P04931,FULL,No,No,0.04,True,Random_Forest
P07107,FULL,No,No,0.048,True,Random_Forest
P02971,FULL,Yes,Yes,0.928,True,Random_Forest
P04529,FULL,Yes,Yes,0.968,True,Random_Forest
P08454,FULL,No,No,0.004,True,Random_Forest
P05388,FULL,Yes,Yes,0.988,True,Random_Forest
P04804,FULL,No,No,0.02,True,Random_Forest
P06975,FULL,Yes,Yes,0.988,True,Random_Forest
P05782,FULL,No,No,0.016,True,Random_Forest
P01644,FULL,No,No,0.012,True,Random_Forest
P05792,FULL,No,No,0.032,True,Random_Forest
P05015,FULL,No,No,0.016,True,Random_Forest
P09165,FULL,Yes,Yes,0.984,True,Random_Forest
P00204,FULL,No,No,0.008,True,Random_Forest
P03276,FULL,No,No,0.016,True,Random_Forest
P01069,FULL,Yes,Yes,0.992,True,Random_Forest
P03601,FULL,No,No,0.012,True,Random_Forest
P02367,FULL,Yes,Yes,0.92,True,Random_Forest
P01327,FULL,No,No,0.004,True,Random_Forest
P09969,FULL,No,No,0.016,True,Random_Forest
P05950,FULL,No,No,0.028,True,Random_Forest
P09141,FULL,No,No,0.024,True,Random_Forest
P05615,FULL,Yes,Yes,0.976,True,Random_Forest
P00684,FULL,No,No,0.0,True,Random_Forest
P00746,FULL,No,No,0.008,True,Random_Forest
P07731,FULL,No,No,0.016,True,Random_Forest
P08702,FULL,Yes,Yes,0.972,True,Random_Forest
P04304,FULL,Yes,Yes,0.964,True,Random_Forest
P02206,FULL,No,No,0.016,True,Random_Forest
P05918,FULL,Yes,Yes,0.98,True,Random_Forest
P03156,FULL,No,No,0.008,True,Random_Forest
P03446,FULL,Yes,Yes,0.976,True,Random_Forest
P01206,FULL,No,No,0.008,True,Random_Forest
P05429,FULL,Yes,Yes,0.976,True,Random_Forest
P06148,FULL,Yes,Yes,0.956,True,Random_Forest
P07141,FULL,No,No,0.04,True,Random_Forest
P05661,FULL,No,No,0.024,True,Random_Forest
P01417,FULL,No,No,0.024,True,Random_Forest
P07315,FULL,No,No,0.016,True,Random_Forest
P03114,FULL,Yes,Yes,0.984,True,Random_Forest
P00939,FULL,No,No,0.032,True,Random_Forest
P02691,FULL,Yes,Yes,0.924,True,Random_Forest
P06488,FULL,No,No,0.016,True,Random_Forest
P08909,FULL,No,No,0.0,True,Random_Forest
P05223,FULL,Yes,Yes,0.98,True,Random_Forest
P05577,FULL,No,No,0.008,True,Random_Forest
P07871,FULL,Yes,Yes,0.976,True,Random_Forest
P08897,FULL,Yes,Yes,0.968,True,Random_Forest
P03402,FULL,Yes,Yes,0.988,True,Random_Forest
P06592,FULL,No,No,0.016,True,Random_Forest
P08539,FULL,Yes,Yes,0.988,True,Random_Forest
P05834,FULL,No,No,0.108,True,Random_Forest
P07479,FULL,Yes,Yes,0.98,True,Random_Forest
P06059,FULL,No,No,0.0,True,Random_Forest
P03195,FULL,Yes,Yes,0.992,True,Random_Forest
P09554,FULL,Yes,Yes,0.996,True,Random_Forest
P09571,FULL,No,No,0.016,True,Random_Forest
P07187,FULL,No,No,0.016,True,Random_Forest
P00328,FULL,No,No,0.004,True,Random_Forest
P03690,FULL,No,No,0.012,True,Random_Forest
P04672,FULL,No,No,0.016,True,Random_Forest
P09040,FULL,Yes,Yes,0.992,True,Random_Forest
P06424,FULL,No,No,0.02,True,Random_Forest
P01753,FULL,No,No,0.084,True,Random_Forest
P02783,FULL,No,No,0.012,True,Random_Forest
P03207,FULL,Yes,Yes,0.98,True,Random_Forest
P02705,FULL,No,No,0.092,True,Random_Forest
P00935,FULL,No,No,0.072,True,Random_Forest
P08519,FULL,No,No,0.0,True,Random_Forest
P01988,FULL,No,No,0.028,True,Random_Forest
P04285,FULL,No,No,0.076,True,Random_Forest
P06922,FULL,No,No,0.008,True,Random_Forest
P01883,FULL,Yes,Yes,0.984,True,Random_Forest
P05209,FULL,No,No,0.016,True,Random_Forest
P00160,FULL,Yes,Yes,0.968,True,Random_Forest
P01620,FULL,No,No,0.004,True,Random_Forest
P04110,FULL,Yes,Yes,0.96,True,Random_Forest
P02355,FULL,No,No,0.016,True,Random_Forest
P03550,FULL,No,No,0.032,True,Random_Forest
P01341,FULL,Yes,Yes,0.992,True,Random_Forest
P04838,FULL,Yes,Yes,0.964,True,Random_Forest
P08097,FULL,No,No,0.016,True,Random_Forest
P03043,FULL,Yes,Yes,0.984,True,Random_Forest
P03966,FULL,No,No,0.008,True,Random_Forest
P09744,FULL,Yes,Yes,0.948,True,Random_Forest
P07699,FULL,Yes,Yes,0.976,True,Random_Forest
P09457,FULL,No,No,0.048,True,Random_Forest
P09100,FULL,No,No,0.028,True,Random_Forest
P09008,FULL,No,No,0.004,True,Random_Forest
P06875,FULL,Yes,Yes,0.968,True,Random_Forest
P04121,FULL,No,No,0.012,True,Random_Forest
P00891,FULL,No,No,0.012,True,Random_Forest
P07536,FULL,Yes,Yes,0.988,True,Random_Forest
P04234,FULL,Yes,Yes,0.976,True,Random_Forest
P08172,FULL,No,No,0.004,True,Random_Forest
P07396,FULL,Yes,Yes,0.968,True,Random_Forest
P03928,FULL,No,No,0.032,True,Random_Forest
P05328,FULL,No,No,0.012,True,Random_Forest
P03759,FULL,No,No,0.036,True,Random_Forest
P01766,FULL,No,No,0.0,True,Random_Forest
P00122,FULL,No,No,0.008,True,Random_Forest
P01748,FULL,Yes,Yes,0.988,True,Random_Forest
P08710,FULL,No,No,0.004,True,Random_Forest
P04294,FULL,Yes,Yes,0.964,True,Random_Forest
P07557,FULL,Yes,Yes,0.936,True,Random_Forest
P09204,FULL,No,No,0.04,True,Random_Forest
P06464,FULL,Yes,Yes,0.944,True,Random_Forest
P04729,FULL,No,No,0.004,True,Random_Forest
P05634,FULL,Yes,Yes,0.996,True,Random_Forest
P02975,FULL,No,No,0.012,True,Random_Forest
P02269,FULL,No,No,0.136,True,Random_Forest
P07816,FULL,No,No,0.008,True,Random_Forest
P03827,FULL,No,No,0.008,True,Random_Forest
P05727,FULL,No,No,0.1,True,Random_Forest
P04911,FULL,Yes,Yes,0.98,True,Random_Forest
P00004,FULL,No,No,0.004,True,Random_Forest
P05685,FULL,No,No,0.012,True,Random_Forest
P05944,FULL,No,No,0.04,True,Random_Forest
P02883,FULL,Yes,Yes,0.992,True,Random_Forest
P06407,FULL,No,No,0.008,True,Random_Forest
P03137,FULL,No,No,0.004,True,Random_Forest
P06492,FULL,No,No,0.004,True,Random_Forest
P09199,FULL,Yes,Yes,0.96,True,Random_Forest
P03485,FULL,Yes,Yes,0.996,True,Random_Forest
P09904,FULL,Yes,Yes,0.952,True,Random_Forest
P05862,FULL,No,No,0.008,True,Random_Forest
P00370,FULL,Yes,Yes,0.96,True,Random_Forest
P01043,FULL,No,No,0.008,True,Random_Forest
P06857,FULL,Yes,Yes,0.976,True,Random_Forest
P07827,FULL,Yes,Yes,0.96,True,Random_Forest
P02924,FULL,No,No,0.012,True,Random_Forest
P02349,FULL,Yes,Yes,0.964,True,Random_Forest
P08340,FULL,No,No,0.012,True,Random_Forest
P03886,FULL,Yes,Yes,0.988,True,Random_Forest
P01044,FULL,Yes,Yes,0.992,True,Random_Forest
P02877,FULL,Yes,Yes,0.956,True,Random_Forest
P06469,FULL,No,No,0.016,True,Random_Forest
P03080,FULL,Yes,Yes,0.992,True,Random_Forest
P03189,FULL,No,No,0.02,True,Random_Forest
P06943,FULL,No,No,0.012,True,Random_Forest
P02710,FULL,No,No,0.016,True,Random_Forest
P01318,FULL,Yes,Yes,0.988,True,Random_Forest
P00407,FULL,No,No,0.008,True,Random_Forest
P09857,FULL,Yes,Yes,0.968,True,Random_Forest
P03529,FULL,No,No,0.012,True,Random_Forest
P09600,FULL,Yes,Yes,0.972,True,Random_Forest
P05389,FULL,No,No,0.044,True,Random_Forest
P09358,FULL,Yes,Yes,0.916,True,Random_Forest
P05231,FULL,Yes,Yes,0.968,True,Random_Forest
P08037,FULL,Yes,Yes,0.976,True,Random_Forest
P05009,FULL,No,No,0.012,True,Random_Forest
P05880,FULL,No,No,0.02,True,Random_Forest
P08055,FULL,No,No,0.012,True,Random_Forest
P07518,FULL,No,No,0.02,True,Random_Forest
P02827,FULL,No,No,0.004,True,Random_Forest
P06622,FULL,No,No,0.032,True,Random_Forest
P06690,FULL,No,No,0.008,True,Random_Forest
P02171,FULL,No,No,0.008,True,Random_Forest
P08937,FULL,Yes,Yes,0.992,True,Random_Forest
P02657,FULL,No,No,0.036,True,Random_Forest
P03366,FULL,Yes,Yes,0.976,True,Random_Forest
P08458,FULL,No,No,0.032,True,Random_Forest
P03729,FULL,Yes,Yes,0.964,True,Random_Forest
P04516,FULL,No,No,0.0,True,Random_Forest
P04717,FULL,Yes,Yes,1.0,True,Random_Forest
P09006,FULL,Yes,Yes,0.988,True,Random_Forest
P01078,FULL,Yes,Yes,0.988,True,Random_Forest
P04622,FULL,No,No,0.024,True,Random_Forest
P01667,FULL,No,No,0.024,True,Random_Forest
P04226,FULL,No,No,0.008,True,Random_Forest
P05916,FULL,No,No,0.048,True,Random_Forest
P09149,FULL,Yes,Yes,0.988,True,Random_Forest
P03904,FULL,No,No,0.0,True,Random_Forest
P07361,FULL,No,No,0.008,True,Random_Forest
P06431,FULL,Yes,Yes,0.956,True,Random_Forest
P00760,FULL,Yes,Yes,0.98,True,Random_Forest
P00258,FULL,No,No,0.048,True,Random_Forest
P07135,FULL,No,No,0.012,True,Random_Forest
P01306,FULL,Yes,Yes,0.992,True,Random_Forest
P09121,FULL,No,No,0.012,True,Random_Forest
P06963,FULL,Yes,Yes,0.964,True,Random_Forest
P02049,FULL,Yes,Yes,0.988,True,Random_Forest
P07276,FULL,No,No,0.02,True,Random_Forest
P09490,FULL,No,No,0.0,True,Random_Forest
P02476,FULL,Yes,Yes,0.98,True,Random_Forest
P04006,FULL,Yes,Yes,1.0,True,Random_Forest
P09558,FULL,Yes,Yes,0.976,True,Random_Forest
P06072,FULL,No,No,0.036,True,Random_Forest
P07030,FULL,No,No,0.0,True,Random_Forest
P07667,FULL,No,No,0.016,True,Random_Forest
P09591,FULL,No,No,0.0,True,Random_Forest
P01138,FULL,Yes,Yes,0.964,True,Random_Forest
P02794,FULL,Yes,Yes,0.988,True,Random_Forest
P09242,FULL,No,No,0.012,True,Random_Forest
P05620,FULL,Yes,Yes,0.96,True,Random_Forest
P02529,FULL,No,No,0.004,True,Random_Forest
P04978,FULL,No,No,0.032,True,Random_Forest
P01736,FULL,Yes,Yes,0.996,True,Random_Forest
P02639,FULL,No,No,0.008,True,Random_Forest
P02704,FULL,No,No,0.02,True,Random_Forest
P04551,FULL,No,No,0.044,True,Random_Forest
P04183,FULL,Yes,Yes,0.972,True,Random_Forest
P05658,FULL,No,No,0.012,True,Random_Forest
P07232,FULL,No,No,0.072,True,Random_Forest
P05709,FULL,No,No,0.0,True,Random_Forest
P03119,FULL,No,No,0.0,True,Random_Forest
P06847,FULL,Yes,Yes,0.976,True,Random_Forest
P08161,FULL,No,No,0.008,True,Random_Forest
P06076,FULL,No,No,0.048,True,Random_Forest
P02128,FULL,Yes,Yes,0.98,True,Random_Forest
P01717,FULL,Yes,Yes,0.976,True,Random_Forest
P07996,FULL,No,No,0.04,True,Random_Forest
P02232,FULL,No,No,0.064,True,Random_Forest
P02701,FULL,No,No,0.044,True,Random_Forest
P07419,FULL,Yes,Yes,0.972,True,Random_Forest
P05811,FULL,No,No,0.016,True,Random_Forest
P05911,FULL,No,No,0.036,True,Random_Forest
P06081,FULL,No,No,0.064,True,Random_Forest
P07198,FULL,No,No,0.008,True,Random_Forest
P05024,FULL,No,No,0.004,True,Random_Forest
P06400,FULL,Yes,Yes,0.956,True,Random_Forest
P01681,FULL,Yes,Yes,0.972,True,Random_Forest
P09418,FULL,No,No,0.008,True,Random_Forest
P05957,FULL,No,No,0.024,True,Random_Forest
P00333,FULL,No,No,0.052,True,Random_Forest
P08350,FULL,No,No,0.016,True,Random_Forest
P08737,FULL,No,No,0.032,True,Random_Forest
P08182,FULL,Yes,Yes,0.976,True,Random_Forest
P02274,FULL,No,No,0.012,True,Random_Forest
P09274,FULL,No,No,0.0,True,Random_Forest
P05398,FULL,No,No,0.016,True,Random_Forest
P03130,FULL,No,No,0.024,True,Random_Forest
P00568,FULL,No,No,0.02,True,Random_Forest
P07203,FULL,No,No,0.028,True,Random_Forest
P09255,FULL,No,No,0.0,True,Random_Forest
P08429,FULL,Yes,Yes,0.968,True,Random_Forest
P01437,FULL,Yes,Yes,0.972,True,Random_Forest
P08622,FULL,Yes,Yes,1.0,True,Random_Forest
P05629,FULL,Yes,Yes,0.976,True,Random_Forest
P05412,FULL,No,No,0.024,True,Random_Forest
P06296,FULL,No,No,0.0,True,Random_Forest
P01543,FULL,No,No,0.028,True,Random_Forest
P04896,FULL,No,No,0.004,True,Random_Forest
P02179,FULL,Yes,Yes,0.972,True,Random_Forest
P05151,FULL,Yes,Yes,0.996,True,Random_Forest
P06382,FULL,No,No,0.02,True,Random_Forest
P08934,FULL,Yes,Yes,0.96,True,Random_Forest
P05650,FULL,No,No,0.044,True,Random_Forest
P02809,FULL,Yes,Yes,0.956,True,Random_Forest
P08317,FULL,No,No,0.012,True,Random_Forest
P09170,FULL,Yes,Yes,0.988,True,Random_Forest
P02264,FULL,Yes,Yes,0.972,True,Random_Forest
P03577,FULL,No,No,0.016,True,Random_Forest
P02841,FULL,Yes,Yes,0.964,True,Random_Forest
P09656,FULL,Yes,Yes,0.992,True,Random_Forest
P03448,FULL,Yes,Yes,0.988,True,Random_Forest
P07042,FULL,No,No,0.004,True,Random_Forest
P03127,FULL,No,No,0.0,True,Random_Forest
P05713,FULL,No,No,0.056,True,Random_Forest
P00315,FULL,No,No,0.004,True,Random_Forest
P06748,FULL,Yes,Yes,0.992,True,Random_Forest
P01239,FULL,No,No,0.036,True,Random_Forest
P08479,FULL,No,No,0.004,True,Random_Forest
P06938,FULL,Yes,Yes,0.988,True,Random_Forest
P00219,FULL,No,No,0.0,True,Random_Forest
P03299,FULL,No,No,0.016,True,Random_Forest
P07376,FULL,No,No,0.032,True,Random_Forest
P09851,FULL,No,No,0.004,True,Random_Forest
P08664,FULL,No,No,0.016,True,Random_Forest
P06144,FULL,Yes,Yes,0.996,True,Random_Forest
P04033,FULL,Yes,Yes,0.992,True,Random_Forest
P07974,FULL,No,No,0.024,True,Random_Forest
P09314,FULL,No,No,0.004,True,Random_Forest
P02311,FULL,Yes,Yes,0.98,True,Random_Forest
P07886,FULL,No,No,0.032,True,Random_Forest
P01141,FULL,No,No,0.016,True,Random_Forest
P08242,FULL,No,No,0.016,True,Random_Forest
P04402,FULL,No,No,0.008,True,Random_Forest
P00751,FULL,Yes,Yes,0.932,True,Random_Forest
P01834,FULL,No,No,0.016,True,Random_Forest
P06352,FULL,No,No,0.004,True,Random_Forest
P07152,FULL,No,No,0.004,True,Random_Forest
P06835,FULL,No,No,0.012,True,Random_Forest
P04811,FULL,No,No,0.012,True,Random_Forest
P02722,FULL,Yes,Yes,0.964,True,Random_Forest
P02247,FULL,No,No,0.012,True,Random_Forest
P04088,FULL,Yes,Yes,0.976,True,Random_Forest
P03212,FULL,No,No,0.072,True,Random_Forest
P00271,FULL,No,No,0.012,True,Random_Forest
P08828,FULL,Yes,Yes,0.996,True,Random_Forest
P05616,FULL,No,No,0.016,True,Random_Forest
P08006,FULL,Yes,Yes,0.936,True,Random_Forest
P04410,FULL,No,No,0.008,True,Random_Forest
P08224,FULL,No,No,0.092,True,Random_Forest
P03099,FULL,No,No,0.02,True,Random_Forest
P01867,FULL,No,No,0.028,True,Random_Forest
P04118,FULL,No,No,0.004,True,Random_Forest
P09900,FULL,No,No,0.02,True,Random_Forest
P07619,FULL,No,No,0.004,True,Random_Forest
P05089,FULL,No,No,0.028,True,Random_Forest
P00638,FULL,No,No,0.028,True,Random_Forest
P02165,FULL,No,No,0.008,True,Random_Forest
P02195,FULL,Yes,Yes,0.988,True,Random_Forest
P07865,FULL,No,No,0.008,True,Random_Forest
P05096,FULL,Yes,Yes,0.992,True,Random_Forest
P01005,FULL,No,No,0.004,True,Random_Forest
P09887,FULL,Yes,Yes,0.984,True,Random_Forest
P00536,STRICT,Yes,Yes,0.9491280542557792,True,Logistic_Regression
P02348,STRICT,No,Yes,0.7350149761290906,False,Logistic_Regression
P00600,STRICT,Yes,Yes,0.9070027281648152,True,Logistic_Regression
P00026,STRICT,No,No,0.171005942811604,True,Logistic_Regression
P04102,STRICT,No,No,0.3537402918418657,True,Logistic_Regression
P05042,STRICT,Yes,Yes,0.7620167543122941,True,Logistic_Regression
P05980,STRICT,No,No,0.2444776076713496,True,Logistic_Regression
P00195,STRICT,Yes,Yes,0.6320184325837596,True,Logistic_Regression
P06458,STRICT,No,No,0.118952536391508,True,Logistic_Regression
P02863,STRICT,Yes,Yes,0.7813417983016173,True,Logistic_Regression
P09028,STRICT,No,Yes,0.6540308346647408,False,Logistic_Regression
P02426,STRICT,No,No,0.0564251861816892,True,Logistic_Regression
P02739,STRICT,Yes,No,0.4636422033784175,False,Logistic_Regression
P08561,STRICT,Yes,No,0.2435254948617553,False,Logistic_Regression
P02894,STRICT,No,No,0.4998066505401248,True,Logistic_Regression
P05835,STRICT,No,No,0.0941488335639148,True,Logistic_Regression
P09106,STRICT,No,No,0.104971578652297,True,Logistic_Regression
P03571,STRICT,Yes,Yes,0.9587139908423904,True,Logistic_Regression
P00871,STRICT,No,No,0.0835482303284441,True,Logistic_Regression
P07615,STRICT,No,No,0.3413591534110713,True,Logistic_Regression
P05235,STRICT,Yes,No,0.4558425498807157,False,Logistic_Regression
P00100,STRICT,No,No,0.1251078510658143,True,Logistic_Regression
P05332,STRICT,No,No,0.1984633322505226,True,Logistic_Regression
P01072,STRICT,Yes,Yes,0.7648255686656329,True,Logistic_Regression
P03788,STRICT,No,No,0.0673886183530497,True,Logistic_Regression
P06475,STRICT,Yes,No,0.4773233414328774,False,Logistic_Regression
P04336,STRICT,No,No,0.420620301723068,True,Logistic_Regression
P06951,STRICT,Yes,Yes,0.7652918757893258,True,Logistic_Regression
P03013,STRICT,Yes,Yes,0.833328277638425,True,Logistic_Regression
P04481,STRICT,Yes,Yes,0.5156021113529754,True,Logistic_Regression
P01094,STRICT,Yes,Yes,0.8467551195663654,True,Logistic_Regression
P09309,STRICT,Yes,No,0.2270566899999553,False,Logistic_Regression
P04475,STRICT,No,No,0.1195114852426972,True,Logistic_Regression
P03561,STRICT,No,No,0.1661373272615586,True,Logistic_Regression
P04853,STRICT,No,No,0.2565695602557613,True,Logistic_Regression
P04426,STRICT,No,No,0.1219618008396655,True,Logistic_Regression
P05411,STRICT,No,No,0.3959016288176146,True,Logistic_Regression
P06507,STRICT,No,Yes,0.622675973963925,False,Logistic_Regression
P06673,STRICT,Yes,Yes,0.5449835231218934,True,Logistic_Regression
P08255,STRICT,Yes,Yes,0.5013977969303322,True,Logistic_Regression
P04203,STRICT,Yes,Yes,0.9427992383838686,True,Logistic_Regression
P05571,STRICT,No,No,0.265877318873663,True,Logistic_Regression
P09907,STRICT,No,Yes,0.7111786814181282,False,Logistic_Regression
P06315,STRICT,Yes,Yes,0.8110195445446131,True,Logistic_Regression
P04719,STRICT,No,No,0.2293118063364448,True,Logistic_Regression
P08100,STRICT,Yes,Yes,0.8024215749691662,True,Logistic_Regression
P01688,STRICT,Yes,Yes,0.8142650705214557,True,Logistic_Regression
P08533,STRICT,Yes,Yes,0.6722691777289731,True,Logistic_Regression
P08657,STRICT,Yes,Yes,0.6491597634720154,True,Logistic_Regression
P00960,STRICT,Yes,Yes,0.8980523293932267,True,Logistic_Regression
P06155,STRICT,No,Yes,0.5130041059657378,False,Logistic_Regression
P07065,STRICT,No,No,0.4344219789154834,True,Logistic_Regression
P04490,STRICT,No,No,0.0311477747513691,True,Logistic_Regression
P04536,STRICT,No,No,0.4246778278810861,True,Logistic_Regression
P04941,STRICT,No,No,0.2636843763732488,True,Logistic_Regression
P01350,STRICT,Yes,No,0.4888848832118824,False,Logistic_Regression
P09588,STRICT,No,Yes,0.5063686368003891,False,Logistic_Regression
P08484,STRICT,No,No,0.0713257973333177,True,Logistic_Regression
P03473,STRICT,Yes,Yes,0.6188845818212217,True,Logistic_Regression
P08734,STRICT,No,No,0.1516245077219337,True,Logistic_Regression
P05836,STRICT,No,No,0.232925548258335,True,Logistic_Regression
P09155,STRICT,No,Yes,0.5870566885456808,False,Logistic_Regression
P04863,STRICT,No,No,0.3822193517506775,True,Logistic_Regression
P04623,STRICT,No,No,0.007536681605998,True,Logistic_Regression
P08480,STRICT,No,No,0.2651645743166358,True,Logistic_Regression
P06379,STRICT,No,No,0.1366276593567665,True,Logistic_Regression
P08453,STRICT,No,No,0.4165338295532835,True,Logistic_Regression
P07823,STRICT,Yes,No,0.49247643407351,False,Logistic_Regression
P07149,STRICT,Yes,Yes,0.7358013665741182,True,Logistic_Regression
P00956,STRICT,Yes,No,0.0472077548377245,False,Logistic_Regression
P08787,STRICT,No,No,0.0584064643283429,True,Logistic_Regression
P09369,STRICT,No,No,0.0246321063757391,True,Logistic_Regression
P08927,STRICT,Yes,Yes,0.6037458486688455,True,Logistic_Regression
P07044,STRICT,Yes,Yes,0.7311146911493137,True,Logistic_Regression
P01557,STRICT,Yes,No,0.1356891321834774,False,Logistic_Regression
P09919,STRICT,No,Yes,0.7260950830535119,False,Logistic_Regression
P03369,STRICT,Yes,Yes,0.975463880467668,True,Logistic_Regression
P05092,STRICT,Yes,No,0.4627468244537224,False,Logistic_Regression
P06884,STRICT,No,No,0.464245046224918,True,Logistic_Regression
P08986,STRICT,No,No,0.1774635245615662,True,Logistic_Regression
P03150,STRICT,No,No,0.0531584554800101,True,Logistic_Regression
P05440,STRICT,No,No,0.0457229089416852,True,Logistic_Regression
P02879,STRICT,Yes,Yes,0.690568375786396,True,Logistic_Regression
P08726,STRICT,No,No,0.1940476229003631,True,Logistic_Regression
P08638,STRICT,Yes,Yes,0.8504435728998948,True,Logistic_Regression
P01861,STRICT,No,No,0.0609647891094931,True,Logistic_Regression
P01228,STRICT,Yes,Yes,0.9602003282855692,True,Logistic_Regression
P02104,STRICT,Yes,No,0.1344789775065915,False,Logistic_Regression
P03668,STRICT,No,No,0.367401680412482,True,Logistic_Regression
P02552,STRICT,No,No,0.1366591215822875,True,Logistic_Regression
P04809,STRICT,No,Yes,0.8052515515190348,False,Logistic_Regression
P07802,STRICT,No,No,0.3010682463802754,True,Logistic_Regression
P03902,STRICT,Yes,Yes,0.753733266032253,True,Logistic_Regression
P06505,STRICT,No,No,0.0633505020696804,True,Logistic_Regression
P06299,STRICT,Yes,No,0.3714970558775258,False,Logistic_Regression
P03374,STRICT,No,Yes,0.5822615216733524,False,Logistic_Regression
P06022,STRICT,No,No,0.1716432628826223,True,Logistic_Regression
P06039,STRICT,No,No,0.0509805955291046,True,Logistic_Regression
P04071,STRICT,No,No,0.0336791890636102,True,Logistic_Regression
P07982,STRICT,Yes,No,0.4466541447120972,False,Logistic_Regression
P05771,STRICT,No,No,0.1301037184216747,True,Logistic_Regression
P09619,STRICT,No,No,0.4656060297788613,True,Logistic_Regression
P09013,STRICT,No,No,0.278017114261548,True,Logistic_Regression
P08793,STRICT,No,No,0.3310417213813162,True,Logistic_Regression
P09599,STRICT,No,Yes,0.6002987199374953,False,Logistic_Regression
P03888,STRICT,Yes,Yes,0.748528655876636,True,Logistic_Regression
P07129,STRICT,Yes,No,0.2760429561320403,False,Logistic_Regression
P07484,STRICT,No,Yes,0.5244042388831509,False,Logistic_Regression
P00940,STRICT,No,No,0.3847154868803832,True,Logistic_Regression
P00947,STRICT,No,No,0.2584972224436878,True,Logistic_Regression
P03418,STRICT,No,Yes,0.5695130537770952,False,Logistic_Regression
P09237,STRICT,Yes,Yes,0.6887163198120254,True,Logistic_Regression
P07629,STRICT,No,No,0.2950736085919577,True,Logistic_Regression
P07797,STRICT,Yes,Yes,0.5545428335332512,True,Logistic_Regression
P05746,STRICT,No,No,0.1956561584797381,True,Logistic_Regression
P01275,STRICT,No,Yes,0.7380185598928276,False,Logistic_Regression
P01217,STRICT,Yes,No,0.1594178084181459,False,Logistic_Regression
P00779,STRICT,Yes,No,0.362733668104166,False,Logistic_Regression
P09849,STRICT,Yes,Yes,0.8254612116965573,True,Logistic_Regression
P08483,STRICT,Yes,No,0.2891827091146526,False,Logistic_Regression
P01673,STRICT,No,No,0.2097084026799057,True,Logistic_Regression
P04176,STRICT,Yes,Yes,0.9023056232375471,True,Logistic_Regression
P00541,STRICT,Yes,Yes,0.5406278109464366,True,Logistic_Regression
P07742,STRICT,No,No,0.1579818430294435,True,Logistic_Regression
P06366,STRICT,No,Yes,0.5333789181661864,False,Logistic_Regression
P00105,STRICT,No,No,0.2001065258673219,True,Logistic_Regression
P01431,STRICT,Yes,Yes,0.6838841105772306,True,Logistic_Regression
P01425,STRICT,No,Yes,0.6562199940108964,False,Logistic_Regression
P07285,STRICT,No,No,0.0676106264662392,True,Logistic_Regression
P07403,STRICT,Yes,Yes,0.7114425021541705,True,Logistic_Regression
P03593,STRICT,Yes,No,0.4275578650329624,False,Logistic_Regression
P08169,STRICT,No,No,0.4674797209617092,True,Logistic_Regression
P00228,STRICT,Yes,No,0.4983683311941867,False,Logistic_Regression
P00471,STRICT,Yes,No,0.4187105469088399,False,Logistic_Regression
P01335,STRICT,No,No,0.1723660394476628,True,Logistic_Regression
P09345,STRICT,No,No,0.1705558359600725,True,Logistic_Regression
P08826,STRICT,Yes,Yes,0.7772456017468486,True,Logistic_Regression
P06060,STRICT,No,No,0.1221621720370203,True,Logistic_Regression
P02590,STRICT,No,Yes,0.5973292854196762,False,Logistic_Regression
P03964,STRICT,Yes,Yes,0.8565673183814768,True,Logistic_Regression
P09094,STRICT,No,No,0.4582986690385722,True,Logistic_Regression
P02837,STRICT,Yes,Yes,0.6321640895761538,True,Logistic_Regression
P05760,STRICT,Yes,Yes,0.6730423215365903,True,Logistic_Regression
P06125,STRICT,Yes,No,0.1847286306330517,False,Logistic_Regression
P08237,STRICT,Yes,Yes,0.9513968465553526,True,Logistic_Regression
P05245,STRICT,No,No,0.2184971107470192,True,Logistic_Regression
P03139,STRICT,Yes,Yes,0.9355814867198596,True,Logistic_Regression
P00090,STRICT,No,No,0.3431795163010318,True,Logistic_Regression
P06131,STRICT,No,No,0.1365785552046303,True,Logistic_Regression
P02126,STRICT,Yes,Yes,0.6089291596919929,True,Logistic_Regression
P00369,STRICT,No,Yes,0.5224883195975547,False,Logistic_Regression
P05979,STRICT,No,No,0.2961485482481777,True,Logistic_Regression
P04064,STRICT,No,No,0.0079668538377193,True,Logistic_Regression
P08249,STRICT,No,No,0.0755519704550465,True,Logistic_Regression
P09630,STRICT,Yes,No,0.2669000622021925,False,Logistic_Regression
P02103,STRICT,No,No,0.2430217123709166,True,Logistic_Regression
P01869,STRICT,No,No,0.2946251000948731,True,Logistic_Regression
P03531,STRICT,No,No,0.2133611777947411,True,Logistic_Regression
P01701,STRICT,No,No,0.3202228500086896,True,Logistic_Regression
P08800,STRICT,No,No,0.0620129515743263,True,Logistic_Regression
P03175,STRICT,Yes,Yes,0.5145436768324071,True,Logistic_Regression
P09291,STRICT,No,No,0.4572181533219278,True,Logistic_Regression
P09556,STRICT,No,No,0.2943460169359609,True,Logistic_Regression
P02731,STRICT,No,No,0.3828204428623537,True,Logistic_Regression
P03609,STRICT,Yes,No,0.3613127392753776,False,Logistic_Regression
P01742,STRICT,Yes,No,0.3241915081157036,False,Logistic_Regression
P03945,STRICT,Yes,Yes,0.9711037552458354,True,Logistic_Regression
P09117,STRICT,No,No,0.0224247337749968,True,Logistic_Regression
P04193,STRICT,Yes,Yes,0.7245366152253278,True,Logistic_Regression
P00532,STRICT,Yes,Yes,0.5167758977978296,True,Logistic_Regression
P06215,STRICT,No,No,0.4503822726001486,True,Logistic_Regression
P09820,STRICT,No,No,0.1272165311800769,True,Logistic_Regression
P07624,STRICT,No,No,0.3804125401905192,True,Logistic_Regression
P04447,STRICT,Yes,Yes,0.8925852539464956,True,Logistic_Regression
P00531,STRICT,Yes,Yes,0.9046608615625336,True,Logistic_Regression
P00823,STRICT,Yes,No,0.4815899085924062,False,Logistic_Regression
P00389,STRICT,Yes,No,0.3047363090561972,False,Logistic_Regression
P01590,STRICT,No,No,0.4572177384229482,True,Logistic_Regression
P02542,STRICT,No,No,0.3374847816201748,True,Logistic_Regression
P08669,STRICT,No,No,0.2386171088128474,True,Logistic_Regression
P04330,STRICT,No,No,0.1443185381619575,True,Logistic_Regression
P00820,STRICT,Yes,Yes,0.7952213240257059,True,Logistic_Regression
P03660,STRICT,No,No,0.0930466288987424,True,Logistic_Regression
P02271,STRICT,No,Yes,0.5982214530142033,False,Logistic_Regression
P04486,STRICT,No,No,0.1650745534237693,True,Logistic_Regression
P00418,STRICT,No,No,0.2322587961578175,True,Logistic_Regression
P09585,STRICT,No,No,0.4053766819431335,True,Logistic_Regression
P09784,STRICT,Yes,Yes,0.883243470537266,True,Logistic_Regression
P05262,STRICT,No,No,0.1111488429393126,True,Logistic_Regression
P01315,STRICT,No,No,0.2020384196670265,True,Logistic_Regression
P06065,STRICT,No,No,0.2826075870801278,True,Logistic_Regression
P08852,STRICT,No,No,0.297086437419285,True,Logistic_Regression
P01195,STRICT,Yes,Yes,0.6549978212444652,True,Logistic_Regression
P01699,STRICT,No,No,0.1213722722431986,True,Logistic_Regression
P02828,STRICT,No,No,0.0354820430602816,True,Logistic_Regression
P06344,STRICT,Yes,Yes,0.7027951523360874,True,Logistic_Regression
P01123,STRICT,Yes,Yes,0.8764801634600465,True,Logistic_Regression
P00410,STRICT,No,No,0.0107004254595768,True,Logistic_Regression
P06157,STRICT,Yes,No,0.319663675404508,False,Logistic_Regression
P08333,STRICT,Yes,Yes,0.6713222980999549,True,Logistic_Regression
P07513,STRICT,No,No,0.0426040524701265,True,Logistic_Regression
P06540,STRICT,Yes,Yes,0.6308345638293683,True,Logistic_Regression
P08942,STRICT,Yes,Yes,0.8120006669560418,True,Logistic_Regression
P00617,STRICT,No,No,0.105243318653896,True,Logistic_Regression
P08111,STRICT,No,No,0.0992517000190566,True,Logistic_Regression
P06274,STRICT,Yes,Yes,0.8074132469167928,True,Logistic_Regression
P08079,STRICT,No,No,0.0064713706892458,True,Logistic_Regression
P05664,STRICT,Yes,Yes,0.9584944262735232,True,Logistic_Regression
P04323,STRICT,Yes,No,0.2903509059738761,False,Logistic_Regression
P04905,STRICT,No,No,0.2840396764626073,True,Logistic_Regression
P08143,STRICT,No,No,0.0516605604179639,True,Logistic_Regression
P08151,STRICT,No,No,0.3585327111213794,True,Logistic_Regression
P06121,STRICT,Yes,Yes,0.947237983715648,True,Logistic_Regression
P07385,STRICT,No,No,0.1626450810395866,True,Logistic_Regression
P05582,STRICT,Yes,No,0.4977319075546459,False,Logistic_Regression
P00970,STRICT,Yes,Yes,0.8065033596253803,True,Logistic_Regression
P06702,STRICT,No,No,0.0575830233991752,True,Logistic_Regression
P05219,STRICT,Yes,Yes,0.6294448053395789,True,Logistic_Regression
P01057,STRICT,Yes,Yes,0.8295595538226828,True,Logistic_Regression
P05371,STRICT,No,No,0.361623306771236,True,Logistic_Regression
P00652,STRICT,No,No,0.1287436271015264,True,Logistic_Regression
P00575,STRICT,No,No,0.1373597485145204,True,Logistic_Regression
P07992,STRICT,Yes,No,0.4470764550335747,False,Logistic_Regression
P07147,STRICT,No,No,0.3312939319743155,True,Logistic_Regression
P02889,STRICT,Yes,Yes,0.9450619994350362,True,Logistic_Regression
P04691,STRICT,No,No,0.4278165607402538,True,Logistic_Regression
P09562,STRICT,No,No,0.3168096192308505,True,Logistic_Regression
P06500,STRICT,No,No,0.320659883542882,True,Logistic_Regression
P03657,STRICT,Yes,Yes,0.8326320606644865,True,Logistic_Regression
P09167,STRICT,Yes,No,0.3826489608700739,False,Logistic_Regression
P07786,STRICT,Yes,No,0.1040514925922612,False,Logistic_Regression
P07160,STRICT,Yes,Yes,0.5427246546703718,True,Logistic_Regression
P04114,STRICT,Yes,No,0.4614849154759738,False,Logistic_Regression
P04877,STRICT,Yes,Yes,0.7243159445144106,True,Logistic_Regression
P00209,STRICT,Yes,Yes,0.9277585936698995,True,Logistic_Regression
P07352,STRICT,Yes,Yes,0.5161797358122335,True,Logistic_Regression
P04730,STRICT,Yes,No,0.2843206607402451,False,Logistic_Regression
P01150,STRICT,Yes,Yes,0.9227496806718456,True,Logistic_Regression
P00071,STRICT,Yes,Yes,0.5430265087821449,True,Logistic_Regression
P07287,STRICT,No,No,0.0852874354585071,True,Logistic_Regression
P07475,STRICT,Yes,Yes,0.8887204895117977,True,Logistic_Regression
P02868,STRICT,No,No,0.0267979144228782,True,Logistic_Regression
P00006,STRICT,No,Yes,0.7500361222921884,False,Logistic_Regression
P06980,STRICT,Yes,Yes,0.8539189833080549,True,Logistic_Regression
P04993,STRICT,Yes,Yes,0.7247965919151806,True,Logistic_Regression
P02513,STRICT,No,No,0.1304323817119957,True,Logistic_Regression
P07703,STRICT,No,No,0.2925354169652728,True,Logistic_Regression
P09764,STRICT,No,No,0.0771351159351127,True,Logistic_Regression
P08240,STRICT,Yes,Yes,0.5273242983351084,True,Logistic_Regression
P09629,STRICT,No,No,0.3206025651072823,True,Logistic_Regression
P05964,STRICT,No,No,0.1745785115297769,True,Logistic_Regression
P09967,STRICT,No,No,0.1071042996849981,True,Logistic_Regression
P03393,STRICT,No,Yes,0.505469596059771,False,Logistic_Regression
P04658,STRICT,No,No,0.1114428625727759,True,Logistic_Regression
P08439,STRICT,Yes,No,0.2720001742972683,False,Logistic_Regression
P01407,STRICT,No,No,0.1278429417728018,True,Logistic_Regression
P01250,STRICT,No,No,0.1735488749139553,True,Logistic_Regression
P01540,STRICT,No,No,0.0581786086258726,True,Logistic_Regression
P07855,STRICT,Yes,Yes,0.6064449010745699,True,Logistic_Regression
P05495,STRICT,No,No,0.0284273001799636,True,Logistic_Regression
P02228,STRICT,Yes,No,0.1917889785579412,False,Logistic_Regression
P01149,STRICT,Yes,Yes,0.6329485967912033,True,Logistic_Regression
P08108,STRICT,No,No,0.3326800560553846,True,Logistic_Regression
P06541,STRICT,No,No,0.1020002629886822,True,Logistic_Regression
P09586,STRICT,Yes,Yes,0.9106056138869976,True,Logistic_Regression
P00201,STRICT,No,No,0.0408347468094328,True,Logistic_Regression
P00385,STRICT,Yes,Yes,0.8946622813588918,True,Logistic_Regression
P00377,STRICT,Yes,Yes,0.7900730593236956,True,Logistic_Regression
P01412,STRICT,Yes,No,0.2192704906069894,False,Logistic_Regression
P02003,STRICT,No,No,0.0569842752172493,True,Logistic_Regression
P09803,STRICT,No,No,0.2250141422974779,True,Logistic_Regression
P09464,STRICT,Yes,Yes,0.51853018012121,True,Logistic_Regression
P02137,STRICT,Yes,Yes,0.6444292333813317,True,Logistic_Regression
P06325,STRICT,Yes,No,0.3681141712763449,False,Logistic_Regression
P02621,STRICT,Yes,No,0.4595939160803736,False,Logistic_Regression
P09781,STRICT,Yes,No,0.3382868323816977,False,Logistic_Regression
P08756,STRICT,No,No,0.2705324350226556,True,Logistic_Regression
P01577,STRICT,Yes,Yes,0.8410653201426148,True,Logistic_Regression
P01900,STRICT,Yes,Yes,0.7818194309074454,True,Logistic_Regression
P02764,STRICT,No,No,0.0724540224139955,True,Logistic_Regression
P08655,STRICT,No,Yes,0.9333343415935372,False,Logistic_Regression
P09672,STRICT,Yes,Yes,0.7544482190446541,True,Logistic_Regression
P07230,STRICT,Yes,Yes,0.8619325602430133,True,Logistic_Regression
P09463,STRICT,Yes,No,0.0344507106016649,False,Logistic_Regression
P08978,STRICT,Yes,Yes,0.872745961179348,True,Logistic_Regression
P06933,STRICT,Yes,No,0.3180213245815311,False,Logistic_Regression
P00917,STRICT,Yes,Yes,0.9182793755092054,True,Logistic_Regression
P08570,STRICT,Yes,Yes,0.944886633050297,True,Logistic_Regression
P04239,STRICT,No,No,0.4014260739626551,True,Logistic_Regression
P03318,STRICT,No,No,0.2194139379933419,True,Logistic_Regression
P08563,STRICT,Yes,Yes,0.84532157842968,True,Logistic_Regression
P03672,STRICT,No,No,0.3151512938850531,True,Logistic_Regression
P07434,STRICT,Yes,Yes,0.6645169705859071,True,Logistic_Regression
P07949,STRICT,No,No,0.2869955662065366,True,Logistic_Regression
P08781,STRICT,No,No,0.2026716614986889,True,Logistic_Regression
P04213,STRICT,Yes,No,0.292602995627421,False,Logistic_Regression
P09579,STRICT,Yes,No,0.343047344284756,False,Logistic_Regression
P04236,STRICT,Yes,Yes,0.7021197146623791,True,Logistic_Regression
P04459,STRICT,Yes,Yes,0.8071365850377474,True,Logistic_Regression
P00658,STRICT,No,Yes,0.598989864362454,False,Logistic_Regression
P04445,STRICT,Yes,Yes,0.5257789415135448,True,Logistic_Regression
P04205,STRICT,No,No,0.4280922509672407,True,Logistic_Regression
P06270,STRICT,Yes,No,0.2061226682596138,False,Logistic_Regression
P03246,STRICT,Yes,Yes,0.6650101788834862,True,Logistic_Regression
P06849,STRICT,Yes,Yes,0.6991032853722654,True,Logistic_Regression
P07085,STRICT,No,No,0.0440318599345432,True,Logistic_Regression
P08698,STRICT,No,No,0.0888642877532474,True,Logistic_Regression
P03242,STRICT,Yes,Yes,0.852695091600946,True,Logistic_Regression
P08542,STRICT,No,No,0.387044309756398,True,Logistic_Regression
P01998,STRICT,No,No,0.2203534243168405,True,Logistic_Regression
P05614,STRICT,Yes,Yes,0.7874003480981319,True,Logistic_Regression
P00428,STRICT,No,No,0.3596459666941799,True,Logistic_Regression
P05559,STRICT,No,No,0.3009560235801494,True,Logistic_Regression
P08042,STRICT,No,Yes,0.7778267464234142,False,Logistic_Regression
P00647,STRICT,No,No,0.0586100005745663,True,Logistic_Regression
P04962,STRICT,No,Yes,0.6108577612711862,False,Logistic_Regression
P06168,STRICT,Yes,No,0.4108529130926133,False,Logistic_Regression
P07673,STRICT,No,No,0.3735934795420269,True,Logistic_Regression
P09520,STRICT,Yes,No,0.3898129682454603,False,Logistic_Regression
P00952,STRICT,Yes,No,0.4540917596336892,False,Logistic_Regression
P03452,STRICT,No,No,0.0500425242994813,True,Logistic_Regression
P08421,STRICT,No,No,0.4999063818377163,True,Logistic_Regression
P02992,STRICT,No,No,0.4106454711540483,True,Logistic_Regression
P02769,STRICT,Yes,No,0.4452765441797169,False,Logistic_Regression
P05433,STRICT,Yes,No,0.4579918514323879,False,Logistic_Regression
P03143,STRICT,No,No,0.2551407137084553,True,Logistic_Regression
P07968,STRICT,No,Yes,0.5048360830590205,False,Logistic_Regression
P08404,STRICT,Yes,No,0.2985851262057017,False,Logistic_Regression
P09491,STRICT,No,No,0.2770853167438374,True,Logistic_Regression
P07739,STRICT,Yes,No,0.3964566254394238,False,Logistic_Regression
P02318,STRICT,Yes,No,0.2237695756244321,False,Logistic_Regression
P08489,STRICT,Yes,Yes,0.7007583801085336,True,Logistic_Regression
P07765,STRICT,No,No,0.0311607924126875,True,Logistic_Regression
P01459,STRICT,No,No,0.1982105472140645,True,Logistic_Regression
P04805,STRICT,No,No,0.1417764037927837,True,Logistic_Regression
P09082,STRICT,No,No,0.0587856128440739,True,Logistic_Regression
P00438,STRICT,No,No,0.4741769049832817,True,Logistic_Regression
P08211,STRICT,No,Yes,0.5274774921790033,False,Logistic_Regression
P08269,STRICT,Yes,No,0.3401419351006928,False,Logistic_Regression
P04894,STRICT,Yes,Yes,0.7847830246607101,True,Logistic_Regression
P01842,STRICT,No,No,0.2668656032052253,True,Logistic_Regression
P09846,STRICT,Yes,Yes,0.8586678063413511,True,Logistic_Regression
P02965,STRICT,No,No,0.2964435823742177,True,Logistic_Regression
P03250,STRICT,Yes,Yes,0.5139080633536539,True,Logistic_Regression
P04774,STRICT,No,No,0.3084767091257679,True,Logistic_Regression
P02761,STRICT,Yes,No,0.3039357936308081,False,Logistic_Regression
P01233,STRICT,Yes,Yes,0.7183285622402988,True,Logistic_Regression
P05309,STRICT,No,No,0.0246690296874922,True,Logistic_Regression
P03643,STRICT,Yes,Yes,0.9575658384376676,True,Logistic_Regression
P08696,STRICT,No,No,0.0831044814262967,True,Logistic_Regression
P04564,STRICT,Yes,Yes,0.9704958901739564,True,Logistic_Regression
P09398,STRICT,No,No,0.2090534026304505,True,Logistic_Regression
P04065,STRICT,No,Yes,0.7187014917748384,False,Logistic_Regression
P05799,STRICT,No,No,0.0918298545886103,True,Logistic_Regression
P08529,STRICT,Yes,Yes,0.6690641829554466,True,Logistic_Regression
P07600,STRICT,No,Yes,0.6002156929242257,False,Logistic_Regression
P00542,STRICT,No,No,0.2618622621743193,True,Logistic_Regression
P09283,STRICT,No,No,0.106680175795985,True,Logistic_Regression
P09171,STRICT,No,No,0.3373132200430151,True,Logistic_Regression
P06029,STRICT,No,No,0.0862861250720918,True,Logistic_Regression
P07259,STRICT,No,No,0.1803579804257338,True,Logistic_Regression
P01578,STRICT,No,No,0.1749685591925568,True,Logistic_Regression
P02680,STRICT,No,No,0.057948324856755,True,Logistic_Regression
P03774,STRICT,Yes,Yes,0.9790343893474752,True,Logistic_Regression
P06807,STRICT,Yes,Yes,0.6197156252926304,True,Logistic_Regression
P05511,STRICT,Yes,Yes,0.7296429224830607,True,Logistic_Regression
P05701,STRICT,Yes,Yes,0.814951233462687,True,Logistic_Regression
P06303,STRICT,Yes,No,0.2669758188317307,False,Logistic_Regression
P06556,STRICT,Yes,Yes,0.561030556704214,True,Logistic_Regression
P09720,STRICT,Yes,Yes,0.9356443501628884,True,Logistic_Regression
P03758,STRICT,Yes,Yes,0.5376157669487039,True,Logistic_Regression
P02829,STRICT,Yes,No,0.4660496812012125,False,Logistic_Regression
P06051,STRICT,No,No,0.4307205051853706,True,Logistic_Regression
P06184,STRICT,Yes,Yes,0.6414821407968871,True,Logistic_Regression
P07556,STRICT,No,No,0.2159559334385061,True,Logistic_Regression
P03606,STRICT,No,No,0.1135003688293687,True,Logistic_Regression
P09747,STRICT,Yes,Yes,0.8382126395301894,True,Logistic_Regression
P03719,STRICT,No,No,0.2419247198401472,True,Logistic_Regression
P02299,STRICT,No,Yes,0.5266040454919655,False,Logistic_Regression
P09664,STRICT,No,No,0.2297298039616826,True,Logistic_Regression
P05023,STRICT,Yes,No,0.3323857780592533,False,Logistic_Regression
P03903,STRICT,No,No,0.1559710654938937,True,Logistic_Regression
P03040,STRICT,No,No,0.2810772163742141,True,Logistic_Regression
P06548,STRICT,Yes,No,0.468857597981999,False,Logistic_Regression
P01185,STRICT,Yes,No,0.4423958433464791,False,Logistic_Regression
P02266,STRICT,No,No,0.2337247180535367,True,Logistic_Regression
P05874,STRICT,No,No,0.0889639964895876,True,Logistic_Regression
P07641,STRICT,Yes,Yes,0.5328505082889197,True,Logistic_Regression
P09479,STRICT,No,No,0.136642550519088,True,Logistic_Regression
P08675,STRICT,Yes,Yes,0.555165838393098,True,Logistic_Regression
P04002,STRICT,No,No,0.3548469672315006,True,Logistic_Regression
P08894,STRICT,Yes,No,0.0448212906841776,False,Logistic_Regression
P05974,STRICT,Yes,Yes,0.902649101451002,True,Logistic_Regression
P03500,STRICT,Yes,Yes,0.9497410572827064,True,Logistic_Regression
P03115,STRICT,No,Yes,0.8617848554731397,False,Logistic_Regression
P08841,STRICT,Yes,Yes,0.8898093567627788,True,Logistic_Regression
P05218,STRICT,No,No,0.2216053245173791,True,Logistic_Regression
P01329,STRICT,No,No,0.1314538951857364,True,Logistic_Regression
P05682,STRICT,No,No,0.0027691024882165,True,Logistic_Regression
P08341,STRICT,No,No,0.1965180860243502,True,Logistic_Regression
P05358,STRICT,No,Yes,0.68468677722477,False,Logistic_Regression
P07517,STRICT,No,No,0.260299097177712,True,Logistic_Regression
P09362,STRICT,Yes,No,0.1486168740241527,False,Logistic_Regression
P09050,STRICT,No,No,0.2000819336019828,True,Logistic_Regression
P03437,STRICT,Yes,Yes,0.5685687145153824,True,Logistic_Regression
P00554,STRICT,Yes,Yes,0.5277910590008731,True,Logistic_Regression
P05536,STRICT,Yes,No,0.1608771126026106,False,Logistic_Regression
P08792,STRICT,No,No,0.065130040383757,True,Logistic_Regression
P07787,STRICT,No,Yes,0.625708038896935,False,Logistic_Regression
P01703,STRICT,No,No,0.3408279882797074,True,Logistic_Regression
P01807,STRICT,No,No,0.1542424772580807,True,Logistic_Regression
P01831,STRICT,No,No,0.3333357283056754,True,Logistic_Regression
P04527,STRICT,No,No,0.0728221248995705,True,Logistic_Regression
P01966,STRICT,No,No,0.0793527487100062,True,Logistic_Regression
P08316,STRICT,Yes,Yes,0.6784527982547501,True,Logistic_Regression
P08581,STRICT,Yes,Yes,0.7019330626755436,True,Logistic_Regression
P08254,STRICT,No,Yes,0.6803965265324824,False,Logistic_Regression
P01236,STRICT,Yes,Yes,0.7553267980943749,True,Logistic_Regression
P02712,STRICT,No,No,0.0451248183092115,True,Logistic_Regression
P07562,STRICT,Yes,Yes,0.5123491759562775,True,Logistic_Regression
P05527,STRICT,No,No,0.4604671445369351,True,Logistic_Regression
P07510,STRICT,Yes,Yes,0.6443363387046248,True,Logistic_Regression
P05189,STRICT,No,No,0.1682489562484679,True,Logistic_Regression
P03692,STRICT,Yes,No,0.3797946579345191,False,Logistic_Regression
P09070,STRICT,No,No,0.2529781324075473,True,Logistic_Regression
P05059,STRICT,Yes,Yes,0.939873612421571,True,Logistic_Regression
P05342,STRICT,Yes,No,0.2552797573750667,False,Logistic_Regression
P02865,STRICT,No,No,0.143589917045819,True,Logistic_Regression
P03421,STRICT,Yes,No,0.3629792189891436,False,Logistic_Regression
P02309,STRICT,Yes,Yes,0.7912480551300297,True,Logistic_Regression
P01162,STRICT,No,Yes,0.8853786515477696,False,Logistic_Regression
P06292,STRICT,No,No,0.2142407578039284,True,Logistic_Regression
P07939,STRICT,Yes,Yes,0.5467864334095821,True,Logistic_Regression
P08307,STRICT,No,No,0.0176147635993221,True,Logistic_Regression
P00265,STRICT,No,Yes,0.6856471638308789,False,Logistic_Regression
P05516,STRICT,No,No,0.4214561462759622,True,Logistic_Regression
P04812,STRICT,Yes,Yes,0.5272693350743601,True,Logistic_Regression
P09645,STRICT,Yes,Yes,0.5110632703775698,True,Logistic_Regression
P02763,STRICT,Yes,No,0.417579461068283,False,Logistic_Regression
P03286,STRICT,No,No,0.4051446063462081,True,Logistic_Regression
P02818,STRICT,Yes,Yes,0.9460068390222688,True,Logistic_Regression
P05657,STRICT,Yes,Yes,0.6808247991941607,True,Logistic_Regression
P03899,STRICT,Yes,Yes,0.8523581815219737,True,Logistic_Regression
P07963,STRICT,Yes,No,0.0739846614441041,False,Logistic_Regression
P06903,STRICT,No,No,0.2832915328515106,True,Logistic_Regression
P06003,STRICT,No,No,0.0484037183436047,True,Logistic_Regression
P06877,STRICT,Yes,Yes,0.7717673443232328,True,Logistic_Regression
P01390,STRICT,No,No,0.0671125811892886,True,Logistic_Regression
P05639,STRICT,No,No,0.0845942525780105,True,Logistic_Regression
P08257,STRICT,No,No,0.0780955199222466,True,Logistic_Regression
P07206,STRICT,No,No,0.0995617360686043,True,Logistic_Regression
P06882,STRICT,No,No,0.3261233200413032,True,Logistic_Regression
P06609,STRICT,Yes,No,0.3751133723403745,False,Logistic_Regression
P03708,STRICT,No,No,0.0392817826015013,True,Logistic_Regression
P06283,STRICT,No,No,0.1059594251378845,True,Logistic_Regression
P01088,STRICT,Yes,Yes,0.8711299532123108,True,Logistic_Regression
P00558,STRICT,Yes,Yes,0.6318001512580158,True,Logistic_Regression
P08975,STRICT,No,Yes,0.6867279132963721,False,Logistic_Regression
P02014,STRICT,Yes,Yes,0.6125255168421845,True,Logistic_Regression
P04412,STRICT,Yes,No,0.3110036896558284,False,Logistic_Regression
P01840,STRICT,No,No,0.4107947880136479,True,Logistic_Regression
P03698,STRICT,No,No,0.0631194958919818,True,Logistic_Regression
P02106,STRICT,Yes,Yes,0.7863863639934241,True,Logistic_Regression
P08612,STRICT,Yes,No,0.3815783803388725,False,Logistic_Regression
P09018,STRICT,Yes,Yes,0.7828609328291233,True,Logistic_Regression
P04679,STRICT,No,No,0.0340760955807191,True,Logistic_Regression
P04781,STRICT,No,No,0.3644604128166523,True,Logistic_Regression
P08817,STRICT,No,No,0.355845775994236,True,Logistic_Regression
P05426,STRICT,Yes,Yes,0.8295100523787708,True,Logistic_Regression
P06011,STRICT,Yes,No,0.25947062992296,False,Logistic_Regression
P00809,STRICT,No,No,0.0710902447666733,True,Logistic_Regression
P04339,STRICT,No,No,0.159290176809012,True,Logistic_Regression
P09856,STRICT,No,No,0.2348264326304392,True,Logistic_Regression
P08395,STRICT,No,Yes,0.942872619905498,False,Logistic_Regression
P03469,STRICT,Yes,No,0.4664085213986716,False,Logistic_Regression
P04822,STRICT,No,No,0.3455508673813639,True,Logistic_Regression
P04113,STRICT,Yes,Yes,0.8089564689526795,True,Logistic_Regression
P01598,STRICT,No,No,0.4578459333072263,True,Logistic_Regression
P03266,STRICT,No,No,0.0272130434939415,True,Logistic_Regression
P06146,STRICT,No,No,0.239648871983752,True,Logistic_Regression
P09755,STRICT,No,No,0.0406658689740877,True,Logistic_Regression
P00855,STRICT,Yes,Yes,0.9282094974715605,True,Logistic_Regression
P04238,STRICT,No,No,0.4082173920795199,True,Logistic_Regression
P05395,STRICT,No,Yes,0.6306465513326573,False,Logistic_Regression
P08709,STRICT,No,No,0.2492546457786781,True,Logistic_Regression
P07127,STRICT,Yes,No,0.4042625408033103,False,Logistic_Regression
P03229,STRICT,Yes,Yes,0.7778103810792302,True,Logistic_Regression
P08142,STRICT,No,No,0.1489562988140552,True,Logistic_Regression
P04268,STRICT,No,No,0.2157764421571432,True,Logistic_Regression
P05573,STRICT,Yes,Yes,0.9195190212487,True,Logistic_Regression
P04384,STRICT,No,No,0.2028812497417374,True,Logistic_Regression
P04987,STRICT,No,No,0.2321600950118593,True,Logistic_Regression
P06496,STRICT,No,No,0.1553412761348272,True,Logistic_Regression
P06069,STRICT,No,Yes,0.7330545242152908,False,Logistic_Regression
P04721,STRICT,Yes,Yes,0.5076615419617662,True,Logistic_Regression
P04740,STRICT,No,No,0.0581498254849634,True,Logistic_Regression
P04044,STRICT,No,Yes,0.502611705074714,False,Logistic_Regression
P00372,STRICT,No,No,0.2653162471613318,True,Logistic_Regression
P04662,STRICT,Yes,No,0.3049587413470165,False,Logistic_Regression
P09669,STRICT,Yes,Yes,0.6558438138654552,True,Logistic_Regression
P05447,STRICT,No,Yes,0.7378665988006903,False,Logistic_Regression
P08400,STRICT,Yes,Yes,0.6057497870444399,True,Logistic_Regression
P05114,STRICT,No,No,0.0706412662521969,True,Logistic_Regression
P09580,STRICT,Yes,No,0.2801001219465853,False,Logistic_Regression
P01472,STRICT,No,Yes,0.5974376198038214,False,Logistic_Regression
P06214,STRICT,No,No,0.217510064224752,True,Logistic_Regression
P06442,STRICT,Yes,Yes,0.862311083319868,True,Logistic_Regression
P05500,STRICT,No,No,0.4471609446522311,True,Logistic_Regression
P02591,STRICT,Yes,Yes,0.8530527065320133,True,Logistic_Regression
P01084,STRICT,Yes,No,0.4055647570710972,False,Logistic_Regression
P08425,STRICT,Yes,Yes,0.7594388560316561,True,Logistic_Regression
P08774,STRICT,No,No,0.2368665821645951,True,Logistic_Regression
P04087,STRICT,No,No,0.3678331978580493,True,Logistic_Regression
P09257,STRICT,Yes,No,0.4756656446952274,False,Logistic_Regression
P04474,STRICT,Yes,Yes,0.7847753449725933,True,Logistic_Regression
P08510,STRICT,No,No,0.264830921260862,True,Logistic_Regression
P05131,STRICT,No,No,0.1265843577813996,True,Logistic_Regression
P00395,STRICT,No,No,0.2679960077970054,True,Logistic_Regression
P05170,STRICT,No,No,0.0991755572266451,True,Logistic_Regression
P02899,STRICT,No,No,0.0860499035917168,True,Logistic_Regression
P01371,STRICT,Yes,Yes,0.6087538769280638,True,Logistic_Regression
P05201,STRICT,No,No,0.2361959623704734,True,Logistic_Regression
P04600,STRICT,No,No,0.4109199034902271,True,Logistic_Regression
P01132,STRICT,Yes,Yes,0.5425981569631844,True,Logistic_Regression
P01330,STRICT,No,No,0.1050713355000336,True,Logistic_Regression
P04643,STRICT,Yes,No,0.2666925128289674,False,Logistic_Regression
P06486,STRICT,No,No,0.0566790955473476,True,Logistic_Regression
P06823,STRICT,Yes,Yes,0.914275655735592,True,Logistic_Regression
P03390,STRICT,No,No,0.3122726952391596,True,Logistic_Regression
P05673,STRICT,No,No,0.2569907414624882,True,Logistic_Regression
P01990,STRICT,Yes,Yes,0.7217192201931435,True,Logistic_Regression
P08887,STRICT,Yes,Yes,0.8534237406285824,True,Logistic_Regression
P07862,STRICT,No,No,0.3889040396614054,True,Logistic_Regression
P09618,STRICT,No,No,0.1605019035537818,True,Logistic_Regression
P00793,STRICT,Yes,Yes,0.596999218777567,True,Logistic_Regression
P08393,STRICT,No,No,0.3428246474479317,True,Logistic_Regression
P04815,STRICT,No,Yes,0.5313574388979015,False,Logistic_Regression
P02335,STRICT,Yes,Yes,0.7779961414375787,True,Logistic_Regression
P00567,STRICT,Yes,Yes,0.5595608498098602,True,Logistic_Regression
P00872,STRICT,No,No,0.2911920430374238,True,Logistic_Regression
P02991,STRICT,No,No,0.4788438387122967,True,Logistic_Regression
P06521,STRICT,Yes,Yes,0.874058029995528,True,Logistic_Regression
P04014,STRICT,Yes,Yes,0.7069271287615834,True,Logistic_Regression
P02039,STRICT,Yes,Yes,0.9356858571445844,True,Logistic_Regression
P07929,STRICT,No,No,0.0185955306936418,True,Logistic_Regression
P01009,STRICT,No,No,0.4320268700129513,True,Logistic_Regression
P08394,STRICT,No,No,0.4529269439960806,True,Logistic_Regression
P09688,STRICT,No,No,0.3912008604029101,True,Logistic_Regression
P03709,STRICT,No,Yes,0.5274822265138103,False,Logistic_Regression
P00644,STRICT,No,Yes,0.5450338954004398,False,Logistic_Regression
P00298,STRICT,Yes,Yes,0.9072711827418326,True,Logistic_Regression
P05962,STRICT,No,Yes,0.8841840199649724,False,Logistic_Regression
P07115,STRICT,Yes,Yes,0.6901513152394873,True,Logistic_Regression
P00999,STRICT,No,No,0.145385658818187,True,Logistic_Regression
P00896,STRICT,No,Yes,0.5683311488685815,False,Logistic_Regression
P02357,STRICT,No,No,0.2698364288161041,True,Logistic_Regression
P08212,STRICT,Yes,Yes,0.5080216431773845,True,Logistic_Regression
P04433,STRICT,No,No,0.4793564542766252,True,Logistic_Regression
P01725,STRICT,Yes,Yes,0.8442083247542971,True,Logistic_Regression
P02500,STRICT,Yes,Yes,0.840767418068866,True,Logistic_Regression
P05273,STRICT,No,No,0.2216056176327672,True,Logistic_Regression
P07102,STRICT,No,No,0.4586797753124998,True,Logistic_Regression
P04437,STRICT,No,Yes,0.5722715650835303,False,Logistic_Regression
P08011,STRICT,No,No,0.4661803427549817,True,Logistic_Regression
P00012,STRICT,No,No,0.1428457745131151,True,Logistic_Regression
P05145,STRICT,No,No,0.1864470323411588,True,Logistic_Regression
P02167,STRICT,No,No,0.1070336553760653,True,Logistic_Regression
P06737,STRICT,No,No,0.2043473447156241,True,Logistic_Regression
P09048,STRICT,No,Yes,0.8440558773577703,False,Logistic_Regression
P01013,STRICT,Yes,Yes,0.624829172376359,True,Logistic_Regression
P02932,STRICT,No,No,0.2819093220321015,True,Logistic_Regression
P01983,STRICT,No,No,0.1331721458726247,True,Logistic_Regression
P06180,STRICT,No,Yes,0.6146999108352372,False,Logistic_Regression
P07408,STRICT,Yes,Yes,0.7314939059016743,True,Logistic_Regression
P02281,STRICT,No,No,0.4088114090814295,True,Logistic_Regression
P01154,STRICT,No,Yes,0.5158233644841782,False,Logistic_Regression
P07468,STRICT,No,No,0.0377874184421357,True,Logistic_Regression
P04149,STRICT,Yes,No,0.4908274247915835,False,Logistic_Regression
P05588,STRICT,No,No,0.3426951794886228,True,Logistic_Regression
P00937,STRICT,Yes,No,0.4189864358542602,False,Logistic_Regression
P01328,STRICT,Yes,Yes,0.8507332742682383,True,Logistic_Regression
P01844,STRICT,Yes,Yes,0.7915038421410351,True,Logistic_Regression
P08705,STRICT,No,No,0.3178934903504264,True,Logistic_Regression
P09567,STRICT,No,No,0.0242447487932871,True,Logistic_Regression
P06573,STRICT,No,Yes,0.898745990737939,False,Logistic_Regression
P06462,STRICT,No,No,0.2223714768538505,True,Logistic_Regression
P04789,STRICT,Yes,Yes,0.5882243265622323,True,Logistic_Regression
P04977,STRICT,No,Yes,0.6353195491328713,False,Logistic_Regression
P06135,STRICT,Yes,Yes,0.5393818792061653,True,Logistic_Regression
P02897,STRICT,No,No,0.0750085867147554,True,Logistic_Regression
P03490,STRICT,Yes,Yes,0.6190116942122793,True,Logistic_Regression
P04212,STRICT,Yes,Yes,0.9220072520239416,True,Logistic_Regression
P06428,STRICT,No,No,0.3078013100302371,True,Logistic_Regression
P07438,STRICT,No,No,0.2042865265935748,True,Logistic_Regression
P08112,STRICT,No,No,0.3514084239288575,True,Logistic_Regression
P03582,STRICT,Yes,Yes,0.7043192060077117,True,Logistic_Regression
P03732,STRICT,No,No,0.4355098756733873,True,Logistic_Regression
P07157,STRICT,No,No,0.374669618956182,True,Logistic_Regression
P00955,STRICT,No,No,0.2262620408929939,True,Logistic_Regression
P07729,STRICT,Yes,Yes,0.8694470020349524,True,Logistic_Regression
P04309,STRICT,No,No,0.3116515026040443,True,Logistic_Regression
P00663,STRICT,Yes,Yes,0.659417807115898,True,Logistic_Regression
P04467,STRICT,Yes,Yes,0.8055050026761156,True,Logistic_Regression
P05605,STRICT,Yes,Yes,0.5145295298108679,True,Logistic_Regression
P07740,STRICT,No,No,0.4241539676507184,True,Logistic_Regression
P06479,STRICT,No,No,0.4494055606529166,True,Logistic_Regression
P06441,STRICT,Yes,Yes,0.6559278526070363,True,Logistic_Regression
P01352,STRICT,No,Yes,0.7855646272340888,False,Logistic_Regression
P06634,STRICT,No,No,0.1848467137171041,True,Logistic_Regression
P00548,STRICT,Yes,Yes,0.6002384779414,True,Logistic_Regression
P09650,STRICT,No,No,0.3867092092221544,True,Logistic_Regression
P09838,STRICT,No,Yes,0.5044501030350361,False,Logistic_Regression
P08160,STRICT,No,No,0.0761970731446716,True,Logistic_Regression
P07009,STRICT,Yes,Yes,0.7788839915779945,True,Logistic_Regression
P07634,STRICT,Yes,No,0.1510510027750821,False,Logistic_Regression
P04840,STRICT,No,No,0.3502943453666892,True,Logistic_Regression
P05826,STRICT,Yes,Yes,0.595974831331731,True,Logistic_Regression
P04478,STRICT,Yes,No,0.3830496307630252,False,Logistic_Regression
P08113,STRICT,No,Yes,0.6181884726797136,False,Logistic_Regression
P03611,STRICT,No,Yes,0.645058907557346,False,Logistic_Regression
P08021,STRICT,No,No,0.2799538618637878,True,Logistic_Regression
P01463,STRICT,No,No,0.3940395091570998,True,Logistic_Regression
P03427,STRICT,No,No,0.0298324400190546,True,Logistic_Regression
P04237,STRICT,Yes,No,0.4177409409924069,False,Logistic_Regression
P02259,STRICT,No,No,0.3334291313621467,True,Logistic_Regression
P05040,STRICT,No,No,0.1662793023145119,True,Logistic_Regression
P00324,STRICT,Yes,No,0.1521236114211707,False,Logistic_Regression
P02290,STRICT,No,Yes,0.5552674219483678,False,Logistic_Regression
P00281,STRICT,Yes,No,0.323262990392859,False,Logistic_Regression
P09892,STRICT,No,No,0.2069870313434597,True,Logistic_Regression
P08856,STRICT,Yes,Yes,0.6401299922561894,True,Logistic_Regression
P01205,STRICT,No,Yes,0.6538719373781723,False,Logistic_Regression
P04197,STRICT,No,Yes,0.7130204943551197,False,Logistic_Regression
P04893,STRICT,Yes,No,0.4397112663504273,False,Logistic_Regression
P00635,STRICT,Yes,Yes,0.5914211263771071,True,Logistic_Regression
P03251,STRICT,No,No,0.2108252914634212,True,Logistic_Regression
P00215,STRICT,No,No,0.1626850105419038,True,Logistic_Regression
P03817,STRICT,No,Yes,0.868228283356152,False,Logistic_Regression
P07483,STRICT,Yes,No,0.1041798466816926,False,Logistic_Regression
P02766,STRICT,No,No,0.2072513381865001,True,Logistic_Regression
P04409,STRICT,Yes,Yes,0.7409794283257317,True,Logistic_Regression
P05584,STRICT,Yes,Yes,0.5407731549548246,True,Logistic_Regression
P06449,STRICT,No,Yes,0.7465205166254248,False,Logistic_Regression
P08170,STRICT,Yes,Yes,0.718874077678711,True,Logistic_Regression
P05847,STRICT,No,Yes,0.6635990267968594,False,Logistic_Regression
P06191,STRICT,Yes,No,0.3822724202481329,False,Logistic_Regression
P07011,STRICT,No,No,0.1485352742905313,True,Logistic_Regression
P05725,STRICT,Yes,Yes,0.6395548560147009,True,Logistic_Regression
P07138,STRICT,No,No,0.0368613640124599,True,Logistic_Regression
P02386,STRICT,Yes,Yes,0.8940309906352886,True,Logistic_Regression
P01769,STRICT,Yes,Yes,0.7244073317048751,True,Logistic_Regression
P09063,STRICT,Yes,Yes,0.9474973526028396,True,Logistic_Regression
P00932,STRICT,Yes,Yes,0.6774990646106324,True,Logistic_Regression
P03693,STRICT,Yes,Yes,0.863955217457001,True,Logistic_Regression
P01489,STRICT,Yes,Yes,0.8796342239217044,True,Logistic_Regression
P03535,STRICT,Yes,Yes,0.8691911426308881,True,Logistic_Regression
P04711,STRICT,Yes,No,0.4290316680874773,False,Logistic_Regression
P08994,STRICT,No,No,0.4818360402994564,True,Logistic_Regression
P08827,STRICT,No,Yes,0.714481740885004,False,Logistic_Regression
P03532,STRICT,Yes,Yes,0.7329868429775425,True,Logistic_Regression
P08464,STRICT,No,Yes,0.7107086772753306,False,Logistic_Regression
P06940,STRICT,No,No,0.1218831146582209,True,Logistic_Regression
P04184,STRICT,No,No,0.0907741105050061,True,Logistic_Regression
P05320,STRICT,Yes,Yes,0.8113927707701543,True,Logistic_Regression
P09247,STRICT,No,No,0.0277603665955885,True,Logistic_Regression
P09641,STRICT,No,No,0.2269982072390468,True,Logistic_Regression
P08961,STRICT,No,No,0.1371865921059636,True,Logistic_Regression
P03401,STRICT,No,No,0.3514189465124108,True,Logistic_Regression
P07831,STRICT,No,Yes,0.560668319514942,False,Logistic_Regression
P01369,STRICT,No,Yes,0.5544294948766012,False,Logistic_Regression
P02836,STRICT,No,No,0.1836996639623468,True,Logistic_Regression
P09943,STRICT,Yes,Yes,0.5625888304587489,True,Logistic_Regression
P05633,STRICT,No,No,0.0335536290670438,True,Logistic_Regression
P07801,STRICT,Yes,Yes,0.7975628956843441,True,Logistic_Regression
P00435,STRICT,Yes,Yes,0.6837121549929606,True,Logistic_Regression
P07861,STRICT,No,Yes,0.5803630265720785,False,Logistic_Regression
P09966,STRICT,No,No,0.294110115934409,True,Logistic_Regression
P05035,STRICT,No,No,0.0761129747083673,True,Logistic_Regression
P00230,STRICT,No,No,0.1346874785838711,True,Logistic_Regression
P01230,STRICT,No,No,0.3688163635405472,True,Logistic_Regression
P03647,STRICT,Yes,No,0.2288036742745363,False,Logistic_Regression
P03781,STRICT,No,Yes,0.5167857981207294,False,Logistic_Regression
P06639,STRICT,No,No,0.2033327655145239,True,Logistic_Regression
P07226,STRICT,No,Yes,0.7647086674450837,False,Logistic_Regression
P05813,STRICT,Yes,Yes,0.8641249200663852,True,Logistic_Regression
P01587,STRICT,No,No,0.4524409733322226,True,Logistic_Regression
P02144,STRICT,Yes,Yes,0.804497741596607,True,Logistic_Regression
P03603,STRICT,Yes,Yes,0.6115095672429585,True,Logistic_Regression
P08214,STRICT,No,Yes,0.631874010866277,False,Logistic_Regression
P08825,STRICT,Yes,No,0.0561524920895042,False,Logistic_Regression
P01639,STRICT,No,No,0.1064203158696324,True,Logistic_Regression
P05359,STRICT,Yes,No,0.3709978005133441,False,Logistic_Regression
P03044,STRICT,No,No,0.241761955911883,True,Logistic_Regression
P08619,STRICT,No,No,0.2888892951712268,True,Logistic_Regression
P01846,STRICT,No,Yes,0.5316922455345029,False,Logistic_Regression
P09225,STRICT,No,No,0.2844863266680312,True,Logistic_Regression
P01419,STRICT,No,No,0.0530860280853072,True,Logistic_Regression
P03323,STRICT,Yes,Yes,0.9411030262307212,True,Logistic_Regression
P01411,STRICT,Yes,Yes,0.8939741017711427,True,Logistic_Regression
P05083,STRICT,No,No,0.4128030621229034,True,Logistic_Regression
P09166,STRICT,Yes,Yes,0.8717637016365817,True,Logistic_Regression
P07104,STRICT,Yes,Yes,0.7299510606074024,True,Logistic_Regression
P04686,STRICT,No,No,0.188098694946366,True,Logistic_Regression
P03420,STRICT,No,No,0.2305427787655537,True,Logistic_Regression
P01997,STRICT,No,Yes,0.6309161211109929,False,Logistic_Regression
P06440,STRICT,No,No,0.1385892534326414,True,Logistic_Regression
P06113,STRICT,Yes,Yes,0.5067246704751702,True,Logistic_Regression
P02084,STRICT,No,No,0.0279856930611612,True,Logistic_Regression
P09430,STRICT,No,No,0.1678075680551185,True,Logistic_Regression
P09574,STRICT,No,Yes,0.8492752736242031,False,Logistic_Regression
P09766,STRICT,No,No,0.3646135584581162,True,Logistic_Regression
P02007,STRICT,Yes,Yes,0.5075780851880368,True,Logistic_Regression
P05455,STRICT,No,No,0.1353792616013837,True,Logistic_Regression
P03383,STRICT,Yes,Yes,0.87481123284463,True,Logistic_Regression
P07696,STRICT,Yes,No,0.4564554080905553,False,Logistic_Regression
P08680,STRICT,Yes,Yes,0.7567862797471993,True,Logistic_Regression
P04753,STRICT,Yes,Yes,0.8500123537578734,True,Logistic_Regression
P05938,STRICT,No,Yes,0.7992225370571866,False,Logistic_Regression
P01042,STRICT,Yes,No,0.2167266816162412,False,Logistic_Regression
P04072,STRICT,Yes,Yes,0.6023164361895242,True,Logistic_Regression
P07522,STRICT,Yes,Yes,0.761581498968025,True,Logistic_Regression
P04495,STRICT,Yes,Yes,0.8053438432564206,True,Logistic_Regression
P01929,STRICT,Yes,Yes,0.8306904642217584,True,Logistic_Regression
P09949,STRICT,Yes,Yes,0.6092005301981136,True,Logistic_Regression
P04975,STRICT,No,No,0.141613294864009,True,Logistic_Regression
P03573,STRICT,Yes,No,0.3474002233622827,False,Logistic_Regression
P06004,STRICT,Yes,No,0.1340812668530331,False,Logistic_Regression
P09777,STRICT,Yes,No,0.4775722429957331,False,Logistic_Regression
P09272,STRICT,No,Yes,0.5550202406052157,False,Logistic_Regression
P01545,STRICT,Yes,Yes,0.8370603392639854,True,Logistic_Regression
P01301,STRICT,Yes,No,0.316364570418028,False,Logistic_Regression
P05462,STRICT,No,No,0.0950589125732228,True,Logistic_Regression
P09055,STRICT,No,Yes,0.9001188093161056,False,Logistic_Regression
P04571,STRICT,No,No,0.116093930293648,True,Logistic_Regression
P04127,STRICT,No,Yes,0.5074545121086841,False,Logistic_Regression
P09367,STRICT,No,No,0.1198305864723998,True,Logistic_Regression
P09304,STRICT,Yes,No,0.3493178467760356,False,Logistic_Regression
P03283,STRICT,No,No,0.1060222502227951,True,Logistic_Regression
P07990,STRICT,Yes,No,0.304453601866278,False,Logistic_Regression
P02785,STRICT,Yes,Yes,0.5887900544134467,True,Logistic_Regression
P04768,STRICT,Yes,Yes,0.5116678646584182,True,Logistic_Regression
P01491,STRICT,Yes,Yes,0.6378106886740664,True,Logistic_Regression
P07798,STRICT,No,No,0.3356122583819568,True,Logistic_Regression
P03911,STRICT,No,No,0.3313781453401166,True,Logistic_Regression
P08372,STRICT,Yes,No,0.4340193940676902,False,Logistic_Regression
P00358,STRICT,Yes,Yes,0.7915277208947703,True,Logistic_Regression
P01776,STRICT,No,No,0.0740844669683105,True,Logistic_Regression
P01225,STRICT,Yes,No,0.2278290107654373,False,Logistic_Regression
P05984,STRICT,No,No,0.0159475128850849,True,Logistic_Regression
P04430,STRICT,No,No,0.0259380612354837,True,Logistic_Regression
P02015,STRICT,No,No,0.0807785895750229,True,Logistic_Regression
P01093,STRICT,No,Yes,0.5771816919042758,False,Logistic_Regression
P09957,STRICT,No,Yes,0.8554853668764671,False,Logistic_Regression
P04709,STRICT,No,No,0.1781930886573469,True,Logistic_Regression
P04535,STRICT,Yes,No,0.4996885540159025,False,Logistic_Regression
P06212,STRICT,No,No,0.054417915634231,True,Logistic_Regression
P03792,STRICT,No,No,0.189504513122047,True,Logistic_Regression
P05296,STRICT,No,No,0.1229659527224737,True,Logistic_Regression
P05302,STRICT,No,No,0.1889157173107959,True,Logistic_Regression
P09411,STRICT,No,Yes,0.7365619135835579,False,Logistic_Regression
P06228,STRICT,Yes,No,0.2829725967674463,False,Logistic_Regression
P07830,STRICT,No,No,0.1091707843376159,True,Logistic_Regression
P08488,STRICT,Yes,Yes,0.8735335934472532,True,Logistic_Regression
P09980,STRICT,No,No,0.2317003688030535,True,Logistic_Regression
P01455,STRICT,No,No,0.0421519755553645,True,Logistic_Regression
P02612,STRICT,Yes,Yes,0.9175408770786933,True,Logistic_Regression
P01860,STRICT,No,Yes,0.7532503755964037,False,Logistic_Regression
P05690,STRICT,No,Yes,0.6161777981502661,False,Logistic_Regression
P03417,STRICT,No,No,0.3092462226808618,True,Logistic_Regression
P05933,STRICT,No,No,0.0777418523685307,True,Logistic_Regression
P03343,STRICT,No,No,0.3691349728892997,True,Logistic_Regression
P04713,STRICT,No,Yes,0.6930072871121497,False,Logistic_Regression
P08306,STRICT,No,No,0.1223574200376975,True,Logistic_Regression
P09454,STRICT,Yes,No,0.4686582590708031,False,Logistic_Regression
P06277,STRICT,Yes,No,0.2398737086381269,False,Logistic_Regression
P07254,STRICT,No,Yes,0.643925696491359,False,Logistic_Regression
P00005,STRICT,No,No,0.0413426946197394,True,Logistic_Regression
P02581,STRICT,Yes,Yes,0.5923453738325757,True,Logistic_Regression
P07733,STRICT,No,No,0.3884470813471942,True,Logistic_Regression
P09322,STRICT,Yes,Yes,0.7077380394646089,True,Logistic_Regression
P02812,STRICT,No,Yes,0.874944069656973,False,Logistic_Regression
P07121,STRICT,No,No,0.0355796245873912,True,Logistic_Regression
P06979,STRICT,Yes,No,0.2423260668647354,False,Logistic_Regression
P05758,STRICT,No,No,0.2154038555259372,True,Logistic_Regression
P02564,STRICT,Yes,No,0.3091026156387809,False,Logistic_Regression
P01976,STRICT,No,Yes,0.656818154622682,False,Logistic_Regression
P04871,STRICT,No,No,0.1171515175988068,True,Logistic_Regression
P07389,STRICT,No,No,0.1738807226598372,True,Logistic_Regression
P07178,STRICT,Yes,No,0.3853006226941001,False,Logistic_Regression
P06391,STRICT,No,No,0.36622238528769,True,Logistic_Regression
P06055,STRICT,Yes,No,0.3622923173389752,False,Logistic_Regression
P06188,STRICT,No,No,0.1175646105389823,True,Logistic_Regression
P06899,STRICT,No,No,0.1456485338540477,True,Logistic_Regression
P00682,STRICT,Yes,Yes,0.7890891047139041,True,Logistic_Regression
P09596,STRICT,Yes,Yes,0.5182292755315082,True,Logistic_Regression
P03296,STRICT,Yes,Yes,0.6577066241439543,True,Logistic_Regression
P03185,STRICT,No,No,0.0275615638331527,True,Logistic_Regression
P07978,STRICT,Yes,Yes,0.5797675122296863,True,Logistic_Regression
P07086,STRICT,No,No,0.0663407110784644,True,Logistic_Regression
P01980,STRICT,No,No,0.3218867256121482,True,Logistic_Regression
P00643,STRICT,No,No,0.1080881671850735,True,Logistic_Regression
P06758,STRICT,No,No,0.3867488614225023,True,Logistic_Regression
P06189,STRICT,No,No,0.1479791757040127,True,Logistic_Regression
P03894,STRICT,Yes,Yes,0.6949378084465764,True,Logistic_Regression
P07543,STRICT,No,No,0.241283738774376,True,Logistic_Regression
P02020,STRICT,No,No,0.2064925014165984,True,Logistic_Regression
P04892,STRICT,Yes,No,0.3002001576172602,False,Logistic_Regression
P04306,STRICT,Yes,Yes,0.6004740994381493,True,Logistic_Regression
P02832,STRICT,Yes,Yes,0.796758163937959,True,Logistic_Regression
P01299,STRICT,No,No,0.1898563770766111,True,Logistic_Regression
P01964,STRICT,Yes,Yes,0.8077274758722607,True,Logistic_Regression
P08126,STRICT,No,No,0.3523545638111635,True,Logistic_Regression
P09198,STRICT,Yes,Yes,0.8819346401129496,True,Logistic_Regression
P09135,STRICT,No,No,0.0689898032868867,True,Logistic_Regression
P02262,STRICT,Yes,Yes,0.8437526684680824,True,Logistic_Regression
P08535,STRICT,No,No,0.2348427165032837,True,Logistic_Regression
P00481,STRICT,No,No,0.4484252521257442,True,Logistic_Regression
P07209,STRICT,No,Yes,0.5734156540241762,False,Logistic_Regression
P03034,STRICT,Yes,No,0.1883542190187365,False,Logistic_Regression
P01661,STRICT,Yes,Yes,0.9261248051630188,True,Logistic_Regression
P03511,STRICT,No,No,0.0976736885393256,True,Logistic_Regression
P01623,STRICT,No,No,0.2826331228049927,True,Logistic_Regression
P04534,STRICT,Yes,Yes,0.5708927971789116,True,Logistic_Regression
P03949,STRICT,Yes,Yes,0.8897056814924743,True,Logistic_Regression
P03588,STRICT,No,No,0.0938361617767118,True,Logistic_Regression
P09948,STRICT,Yes,Yes,0.588774553600192,True,Logistic_Regression
P05419,STRICT,No,No,0.1305732063049976,True,Logistic_Regression
P07323,STRICT,No,No,0.3028534751648484,True,Logistic_Regression
P03376,STRICT,No,No,0.0161027363343877,True,Logistic_Regression
P02819,STRICT,No,No,0.166450644536914,True,Logistic_Regression
P03368,STRICT,No,No,0.3047963951874813,True,Logistic_Regression
P09716,STRICT,No,No,0.3435927336087128,True,Logistic_Regression
P09895,STRICT,Yes,Yes,0.8036402793019098,True,Logistic_Regression
P04302,STRICT,Yes,Yes,0.8455151784980517,True,Logistic_Regression
P08279,STRICT,No,No,0.2219526891069557,True,Logistic_Regression
P09396,STRICT,Yes,Yes,0.8063166181406478,True,Logistic_Regression
P05261,STRICT,No,No,0.1268341462865257,True,Logistic_Regression
P02913,STRICT,Yes,Yes,0.6111327046804849,True,Logistic_Regression
P03678,STRICT,No,No,0.3861462969642928,True,Logistic_Regression
P03796,STRICT,No,No,0.291279148017629,True,Logistic_Regression
P02713,STRICT,Yes,No,0.0819119938049442,False,Logistic_Regression
P00246,STRICT,No,No,0.1744722393384696,True,Logistic_Regression
P07022,STRICT,No,Yes,0.7755371115924246,False,Logistic_Regression
P05469,STRICT,Yes,Yes,0.6366781633849932,True,Logistic_Regression
P00314,STRICT,No,No,0.3496684695011339,True,Logistic_Regression
P00319,STRICT,Yes,Yes,0.8730247963616597,True,Logistic_Regression
P07775,STRICT,Yes,Yes,0.5421791403426226,True,Logistic_Regression
P01603,STRICT,No,No,0.221099134249628,True,Logistic_Regression
P00184,STRICT,No,No,0.2794554060490979,True,Logistic_Regression
P00211,STRICT,No,No,0.1207108184738385,True,Logistic_Regression
P08674,STRICT,No,No,0.245082940226992,True,Logistic_Regression
P09420,STRICT,Yes,Yes,0.9011667770176754,True,Logistic_Regression
P00468,STRICT,No,No,0.3511660567131633,True,Logistic_Regression
P03566,STRICT,Yes,Yes,0.832561311213899,True,Logistic_Regression
P06772,STRICT,Yes,Yes,0.8870551691178136,True,Logistic_Regression
P09743,STRICT,Yes,Yes,0.8103176345721496,True,Logistic_Regression
P07269,STRICT,No,Yes,0.7845136534378294,False,Logistic_Regression
P05133,STRICT,No,No,0.3310167793165489,True,Logistic_Regression
P07997,STRICT,Yes,Yes,0.7917612544719744,True,Logistic_Regression
P01423,STRICT,No,Yes,0.7493040559554685,False,Logistic_Regression
P09144,STRICT,No,No,0.3014301190446623,True,Logistic_Regression
P05161,STRICT,No,No,0.2625940185262556,True,Logistic_Regression
P04174,STRICT,Yes,No,0.3870444077325741,False,Logistic_Regression
P03457,STRICT,No,No,0.4075946071349382,True,Logistic_Regression
P05062,STRICT,No,No,0.1089409111001585,True,Logistic_Regression
P09460,STRICT,No,No,0.0953575938072866,True,Logistic_Regression
P09795,STRICT,No,No,0.4141982958679673,True,Logistic_Regression
P04448,STRICT,Yes,Yes,0.5953161923396775,True,Logistic_Regression
P02396,STRICT,No,No,0.0940437952654803,True,Logistic_Regression
P08205,STRICT,No,No,0.1707383049208751,True,Logistic_Regression
P01415,STRICT,No,No,0.2191776334859647,True,Logistic_Regression
P05006,STRICT,No,No,0.1809015906560258,True,Logistic_Regression
P04610,STRICT,Yes,No,0.2545526444255198,False,Logistic_Regression
P02876,STRICT,No,No,0.0713472305242683,True,Logistic_Regression
P04081,STRICT,Yes,No,0.4319143525027039,False,Logistic_Regression
P09557,STRICT,Yes,No,0.3612806881668989,False,Logistic_Regression
P01488,STRICT,No,No,0.321941180999532,True,Logistic_Regression
P05052,STRICT,No,No,0.2548312550512854,True,Logistic_Regression
P04797,STRICT,Yes,Yes,0.6647228020380922,True,Logistic_Regression
P02190,STRICT,No,No,0.0192304740157824,True,Logistic_Regression
P00753,STRICT,Yes,Yes,0.6164327210146331,True,Logistic_Regression
P03184,STRICT,No,No,0.2969789682480142,True,Logistic_Regression
P07592,STRICT,No,No,0.1265273732056877,True,Logistic_Regression
P09343,STRICT,No,No,0.0167607781083609,True,Logistic_Regression
P01147,STRICT,Yes,Yes,0.7816567141013249,True,Logistic_Regression
P01129,STRICT,No,Yes,0.7151177308857772,False,Logistic_Regression
P06539,STRICT,No,No,0.4679967673777003,True,Logistic_Regression
P04017,STRICT,No,No,0.2920475496829683,True,Logistic_Regression
P06706,STRICT,Yes,No,0.4745799455288704,False,Logistic_Regression
P06459,STRICT,No,Yes,0.8132966145716325,False,Logistic_Regression
P09112,STRICT,No,No,0.1089616955561366,True,Logistic_Regression
P07100,STRICT,Yes,No,0.3061653214555099,False,Logistic_Regression
P00570,STRICT,No,No,0.1888332744413002,True,Logistic_Regression
P09525,STRICT,Yes,No,0.1155418404303984,False,Logistic_Regression
P00199,STRICT,No,Yes,0.7025673095203415,False,Logistic_Regression
P03273,STRICT,No,No,0.2015223847927897,True,Logistic_Regression
P08932,STRICT,Yes,Yes,0.7831522947473545,True,Logistic_Regression
P07839,STRICT,No,No,0.3368021056287843,True,Logistic_Regression
P09633,STRICT,No,Yes,0.6544208009078528,False,Logistic_Regression
P02163,STRICT,No,No,0.2981524587319336,True,Logistic_Regression
P03575,STRICT,No,No,0.4679116701326909,True,Logistic_Regression
P01180,STRICT,Yes,Yes,0.6690262802579948,True,Logistic_Regression
P00689,STRICT,Yes,No,0.3543124375091532,False,Logistic_Regression
P09276,STRICT,No,No,0.2326401499071373,True,Logistic_Regression
P04450,STRICT,Yes,Yes,0.6415812268046532,True,Logistic_Regression
P03206,STRICT,No,No,0.0200839356226155,True,Logistic_Regression
P07834,STRICT,No,No,0.4401160614060135,True,Logistic_Regression
P02016,STRICT,No,Yes,0.5775461137102921,False,Logistic_Regression
P08203,STRICT,No,No,0.1615436774663967,True,Logistic_Regression
P09026,STRICT,No,No,0.0550809978826357,True,Logistic_Regression
P06192,STRICT,No,Yes,0.6837084505235134,False,Logistic_Regression
P05418,STRICT,Yes,Yes,0.7717627496018962,True,Logistic_Regression
P03998,STRICT,No,No,0.3300309892811424,True,Logistic_Regression
P03110,STRICT,No,No,0.1578479904099614,True,Logistic_Regression
P03321,STRICT,No,No,0.3629362238652777,True,Logistic_Regression
P07026,STRICT,No,No,0.1036299550365809,True,Logistic_Regression
P02180,STRICT,Yes,Yes,0.7138661090803612,True,Logistic_Regression
P03596,STRICT,No,No,0.026517951349603,True,Logistic_Regression
P01932,STRICT,Yes,No,0.4799767596452821,False,Logistic_Regression
P09756,STRICT,Yes,No,0.3412853667852057,False,Logistic_Regression
P05507,STRICT,No,Yes,0.6121878404690955,False,Logistic_Regression
P05297,STRICT,Yes,Yes,0.618391784706803,True,Logistic_Regression
P05872,STRICT,No,No,0.1964543621591022,True,Logistic_Regression
P03509,STRICT,No,No,0.4570742569911326,True,Logistic_Regression
P03201,STRICT,Yes,Yes,0.6140232348733057,True,Logistic_Regression
P05416,STRICT,Yes,No,0.3819304286380641,False,Logistic_Regression
P07910,STRICT,No,No,0.0151817916069013,True,Logistic_Regression
P03797,STRICT,No,No,0.1450931568586127,True,Logistic_Regression
P02751,STRICT,No,No,0.0329644438710439,True,Logistic_Regression
P08320,STRICT,No,No,0.3084385663439762,True,Logistic_Regression
P03403,STRICT,No,No,0.1139128435153452,True,Logistic_Regression
P00490,STRICT,Yes,No,0.3238221401377097,False,Logistic_Regression
P08544,STRICT,No,Yes,0.5553358149592557,False,Logistic_Regression
P02069,STRICT,No,Yes,0.5567231534874727,False,Logistic_Regression
P05518,STRICT,Yes,Yes,0.8957526541648381,True,Logistic_Regression
P00095,STRICT,Yes,Yes,0.5904688266787063,True,Logistic_Regression
P00507,STRICT,No,No,0.2134925731772864,True,Logistic_Regression
P04808,STRICT,Yes,Yes,0.9262713901774132,True,Logistic_Regression
P04351,STRICT,Yes,Yes,0.9086637285550792,True,Logistic_Regression
P06056,STRICT,Yes,Yes,0.5863063576451747,True,Logistic_Regression
P04469,STRICT,Yes,Yes,0.7406532914224249,True,Logistic_Regression
P05843,STRICT,No,Yes,0.7934350797228082,False,Logistic_Regression
P03097,STRICT,No,No,0.3474362404424596,True,Logistic_Regression
P01632,STRICT,No,No,0.1598771972995474,True,Logistic_Regression
P02205,STRICT,Yes,Yes,0.931480466136816,True,Logistic_Regression
P06992,STRICT,No,No,0.1197529566991126,True,Logistic_Regression
P09964,STRICT,Yes,Yes,0.7773384600340141,True,Logistic_Regression
P01363,STRICT,No,No,0.2294223955859413,True,Logistic_Regression
P00605,STRICT,No,No,0.2957946044834373,True,Logistic_Regression
P09841,STRICT,No,No,0.2330616529402899,True,Logistic_Regression
P03602,STRICT,Yes,Yes,0.5667281761240599,True,Logistic_Regression
P01498,STRICT,Yes,No,0.2783009215182138,False,Logistic_Regression
P01937,STRICT,No,No,0.241938605019636,True,Logistic_Regression
P05093,STRICT,No,No,0.205287189369451,True,Logistic_Regression
P08662,STRICT,No,No,0.177506555915776,True,Logistic_Regression
P08560,STRICT,No,No,0.237689208957536,True,Logistic_Regression
P05043,STRICT,Yes,No,0.4061280407280342,False,Logistic_Regression
P02793,STRICT,No,No,0.2119740823319464,True,Logistic_Regression
P05477,STRICT,Yes,No,0.2013085091289437,False,Logistic_Regression
P03190,STRICT,Yes,No,0.4805309368332826,False,Logistic_Regression
P03552,STRICT,No,No,0.1373679375960879,True,Logistic_Regression
P02800,STRICT,Yes,Yes,0.8468932969166376,True,Logistic_Regression
P09622,STRICT,Yes,Yes,0.5215256498114872,True,Logistic_Regression
P06819,STRICT,No,No,0.4649843328146464,True,Logistic_Regression
P05759,STRICT,No,No,0.1821678699534806,True,Logistic_Regression
P02218,STRICT,No,No,0.3013436590332862,True,Logistic_Regression
P09909,STRICT,No,Yes,0.5026991157643317,False,Logistic_Regression
P08141,STRICT,No,No,0.0421101899514139,True,Logistic_Regression
P04181,STRICT,Yes,No,0.280397556871847,False,Logistic_Regression
P03090,STRICT,Yes,Yes,0.7694515283238095,True,Logistic_Regression
P09864,STRICT,No,No,0.1351152024590643,True,Logistic_Regression
P01068,STRICT,No,No,0.2591301238207323,True,Logistic_Regression
P03891,STRICT,No,No,0.2104279855506539,True,Logistic_Regression
P04868,STRICT,No,No,0.2424809633251022,True,Logistic_Regression
P04722,STRICT,No,No,0.1071239244417961,True,Logistic_Regression
P09352,STRICT,No,No,0.4777157713721771,True,Logistic_Regression
P02225,STRICT,Yes,Yes,0.5546622188210023,True,Logistic_Regression
P06042,STRICT,No,No,0.0647811267284834,True,Logistic_Regression
P03234,STRICT,Yes,Yes,0.7187994253748233,True,Logistic_Regression
P01031,STRICT,Yes,Yes,0.9212109547501864,True,Logistic_Regression
P04637,STRICT,No,No,0.1000512716480714,True,Logistic_Regression
P02303,STRICT,No,No,0.1552859712861193,True,Logistic_Regression
P08389,STRICT,No,No,0.0665028913804982,True,Logistic_Regression
P00445,STRICT,Yes,Yes,0.8179120781774791,True,Logistic_Regression
P05415,STRICT,No,Yes,0.5682255736488282,False,Logistic_Regression
P04076,STRICT,No,No,0.2889384112799102,True,Logistic_Regression
P08874,STRICT,No,No,0.3685067794224856,True,Logistic_Regression
P05844,STRICT,No,No,0.3282014354735658,True,Logistic_Regression
P02427,STRICT,Yes,Yes,0.8152131906864278,True,Logistic_Regression
P05522,STRICT,Yes,Yes,0.5564249696343996,True,Logistic_Regression
P09442,STRICT,No,Yes,0.7464540695699842,False,Logistic_Regression
P05478,STRICT,Yes,Yes,0.5414827620369411,True,Logistic_Regression
P05080,STRICT,No,No,0.2450269900385391,True,Logistic_Regression
P03492,STRICT,No,No,0.0366740342997568,True,Logistic_Regression
P07082,STRICT,Yes,Yes,0.7369114232265687,True,Logistic_Regression
P07591,STRICT,Yes,No,0.040281028000591,False,Logistic_Regression
P07351,STRICT,Yes,No,0.3784523996744536,False,Logistic_Regression
P04116,STRICT,Yes,No,0.2550470080608207,False,Logistic_Regression
P05696,STRICT,No,No,0.4551908107668058,True,Logistic_Regression
P02186,STRICT,Yes,Yes,0.5294967292696732,True,Logistic_Regression
P01500,STRICT,No,No,0.0392325940475219,True,Logistic_Regression
P02618,STRICT,No,No,0.2801921486378199,True,Logistic_Regression
P05739,STRICT,No,No,0.0744162981042625,True,Logistic_Regression
P08461,STRICT,No,Yes,0.8407779678344555,False,Logistic_Regression
P03775,STRICT,No,No,0.2670128449689786,True,Logistic_Regression
P07692,STRICT,No,No,0.098266143617813,True,Logistic_Regression
P07460,STRICT,No,Yes,0.5941535322632189,False,Logistic_Regression
P01261,STRICT,No,No,0.4868774722646674,True,Logistic_Regression
P04680,STRICT,No,No,0.2655041614576369,True,Logistic_Regression
P03956,STRICT,No,No,0.1307529680806528,True,Logistic_Regression
P02387,STRICT,No,No,0.2527086213627447,True,Logistic_Regression
P09680,STRICT,Yes,Yes,0.5555038236313772,True,Logistic_Regression
P00341,STRICT,Yes,Yes,0.9135545133257305,True,Logistic_Regression
P04280,STRICT,No,No,0.110629975857163,True,Logistic_Regression
P02297,STRICT,No,No,0.0412192164587502,True,Logistic_Regression
P02972,STRICT,No,Yes,0.578634137945789,False,Logistic_Regression
P04972,STRICT,No,No,0.0509485431315627,True,Logistic_Regression
P02363,STRICT,No,No,0.4806785695821631,True,Logistic_Regression
P06221,STRICT,No,No,0.3520323258228781,True,Logistic_Regression
P06650,STRICT,No,No,0.043378397781914,True,Logistic_Regression
P03560,STRICT,No,No,0.2771059626196133,True,Logistic_Regression
P05513,STRICT,Yes,No,0.3534731739447991,False,Logistic_Regression
P03914,STRICT,Yes,Yes,0.910655182206808,True,Logistic_Regression
P07181,STRICT,No,Yes,0.5419060189123065,False,Logistic_Regression
P06281,STRICT,Yes,No,0.3621863532985203,False,Logistic_Regression
P09197,STRICT,Yes,No,0.4141341603241619,False,Logistic_Regression
P03167,STRICT,Yes,Yes,0.8376611477106675,True,Logistic_Regression
P06633,STRICT,No,No,0.1041376054025836,True,Logistic_Regression
P02056,STRICT,No,No,0.2467400754161335,True,Logistic_Regression
P09724,STRICT,No,No,0.0787815654357686,True,Logistic_Regression
P00371,STRICT,No,Yes,0.5224208695516125,False,Logistic_Regression
P06346,STRICT,No,Yes,0.6501185673564667,False,Logistic_Regression
P08921,STRICT,No,No,0.23304333709885,True,Logistic_Regression
P01657,STRICT,Yes,Yes,0.7763103154110259,True,Logistic_Regression
P05361,STRICT,No,No,0.318283251986372,True,Logistic_Regression
P09015,STRICT,No,Yes,0.7439606452422981,False,Logistic_Regression
P05951,STRICT,No,No,0.2127054034600522,True,Logistic_Regression
P02241,STRICT,No,Yes,0.8288981485530129,False,Logistic_Regression
P02677,STRICT,Yes,Yes,0.5116178506549443,True,Logistic_Regression
P04608,STRICT,Yes,No,0.1780902581725648,False,Logistic_Regression
P06413,STRICT,No,No,0.1809027789864993,True,Logistic_Regression
P00436,STRICT,No,No,0.2783007074597525,True,Logistic_Regression
P02010,STRICT,Yes,Yes,0.5780400408816789,True,Logistic_Regression
P08782,STRICT,No,No,0.316020049841589,True,Logistic_Regression
P03989,STRICT,Yes,No,0.0775912098987542,False,Logistic_Regression
P09138,STRICT,No,No,0.0438787813655898,True,Logistic_Regression
P04702,STRICT,No,No,0.3856573888960877,True,Logistic_Regression
P00192,STRICT,No,No,0.1982268244869363,True,Logistic_Regression
P08109,STRICT,Yes,Yes,0.6493681151691503,True,Logistic_Regression
P04097,STRICT,Yes,No,0.2933057595105605,False,Logistic_Regression
P02576,STRICT,Yes,No,0.2645300396044658,False,Logistic_Regression
P07884,STRICT,Yes,Yes,0.6881827642086162,True,Logistic_Regression
P06162,STRICT,Yes,Yes,0.8702905834153511,True,Logistic_Regression
P06988,STRICT,No,No,0.2428801775820345,True,Logistic_Regression
P09721,STRICT,Yes,Yes,0.848249781561493,True,Logistic_Regression
P04614,STRICT,Yes,Yes,0.7738733987654275,True,Logistic_Regression
P08936,STRICT,Yes,Yes,0.5297424971874805,True,Logistic_Regression
P08803,STRICT,No,No,0.0249289476839028,True,Logistic_Regression
P03838,STRICT,Yes,Yes,0.884071912923227,True,Logistic_Regression
P07349,STRICT,Yes,Yes,0.8392333152938428,True,Logistic_Regression
P03723,STRICT,No,No,0.3606692081727856,True,Logistic_Regression
P00081,STRICT,Yes,No,0.125294950947364,False,Logistic_Regression
P03798,STRICT,No,No,0.2876422473360623,True,Logistic_Regression
P04484,STRICT,No,No,0.1330541103165082,True,Logistic_Regression
P09020,STRICT,No,No,0.2052694816304875,True,Logistic_Regression
P09098,STRICT,Yes,No,0.4588409628473734,False,Logistic_Regression
P05248,STRICT,Yes,Yes,0.7405145335881528,True,Logistic_Regression
P02207,STRICT,No,No,0.1674809766681914,True,Logistic_Regression
P01677,STRICT,Yes,Yes,0.8024611115029257,True,Logistic_Regression
P01645,STRICT,Yes,Yes,0.7516691698546706,True,Logistic_Regression
P09559,STRICT,Yes,No,0.4523914594051365,False,Logistic_Regression
P00514,STRICT,Yes,Yes,0.6840029764614491,True,Logistic_Regression
P00614,STRICT,No,No,0.0678966145361633,True,Logistic_Regression
P03136,STRICT,No,No,0.3062499914961358,True,Logistic_Regression
P09861,STRICT,Yes,Yes,0.9354746597471556,True,Logistic_Regression
P07139,STRICT,Yes,Yes,0.8719970832549021,True,Logistic_Regression
P07881,STRICT,No,No,0.1899729576036327,True,Logistic_Regression
P01505,STRICT,No,No,0.1804506516096462,True,Logistic_Regression
P07618,STRICT,No,No,0.1309101400628397,True,Logistic_Regression
P06567,STRICT,Yes,Yes,0.7672151037017999,True,Logistic_Regression
P01968,STRICT,Yes,Yes,0.8753806083886467,True,Logistic_Regression
P09469,STRICT,No,No,0.0881857679680301,True,Logistic_Regression
P00768,STRICT,No,No,0.1069576134827482,True,Logistic_Regression
P09293,STRICT,No,No,0.0856271459265212,True,Logistic_Regression
P05692,STRICT,No,No,0.1253555598017895,True,Logistic_Regression
P07759,STRICT,Yes,Yes,0.6028356005114861,True,Logistic_Regression
P05072,STRICT,No,No,0.2905576908458925,True,Logistic_Regression
P03959,STRICT,No,No,0.3137596370272176,True,Logistic_Regression
P09494,STRICT,No,No,0.1513752072637518,True,Logistic_Regression
P00773,STRICT,No,No,0.3160668062849863,True,Logistic_Regression
P08993,STRICT,No,No,0.3252563086085595,True,Logistic_Regression
P06964,STRICT,No,Yes,0.9381801004369764,False,Logistic_Regression
P02927,STRICT,Yes,No,0.2003007993864979,False,Logistic_Regression
P08536,STRICT,Yes,Yes,0.7720111357551376,True,Logistic_Regression
P03889,STRICT,Yes,Yes,0.567752922551555,True,Logistic_Regression
P05795,STRICT,No,No,0.3606938576508709,True,Logistic_Regression
P08076,STRICT,Yes,Yes,0.7509719726735873,True,Logistic_Regression
P09057,STRICT,No,No,0.0629377578576155,True,Logistic_Regression
P02641,STRICT,No,No,0.4326564856923618,True,Logistic_Regression
P08282,STRICT,Yes,Yes,0.6392829829677997,True,Logistic_Regression
P08733,STRICT,No,No,0.0156119890057856,True,Logistic_Regression
P02954,STRICT,No,No,0.2415943435631529,True,Logistic_Regression
P05421,STRICT,No,No,0.1211183073503771,True,Logistic_Regression
P06101,STRICT,No,No,0.0253557159460047,True,Logistic_Regression
P06377,STRICT,Yes,No,0.3355233337386276,False,Logistic_Regression
P04732,STRICT,No,Yes,0.7345154104436837,False,Logistic_Regression
P00847,STRICT,No,No,0.0960345989707314,True,Logistic_Regression
P09347,STRICT,Yes,No,0.1866871584920725,False,Logistic_Regression
P08722,STRICT,No,No,0.4764636105823991,True,Logistic_Regression
P02813,STRICT,No,No,0.3886027316364805,True,Logistic_Regression
P05325,STRICT,No,Yes,0.6159897826307426,False,Logistic_Regression
P07153,STRICT,No,No,0.1683756407884299,True,Logistic_Regression
P03710,STRICT,No,No,0.1972935135747272,True,Logistic_Regression
P08566,STRICT,Yes,Yes,0.942637117868146,True,Logistic_Regression
P07628,STRICT,No,No,0.4726791734491801,True,Logistic_Regression
P06618,STRICT,No,No,0.4523358355803213,True,Logistic_Regression
P03777,STRICT,No,No,0.2068991372429486,True,Logistic_Regression
P00852,STRICT,No,No,0.2394417473626983,True,Logistic_Regression
P08754,STRICT,No,No,0.4219098308792406,True,Logistic_Regression
P07867,STRICT,No,No,0.2199849620350117,True,Logistic_Regression
P05535,STRICT,Yes,Yes,0.6295063231444548,True,Logistic_Regression
P04424,STRICT,No,No,0.3562524614655503,True,Logistic_Regression
P05953,STRICT,No,No,0.0978017965394904,True,Logistic_Regression
P07378,STRICT,Yes,Yes,0.5890679373582919,True,Logistic_Regression
P06357,STRICT,Yes,Yes,0.8507833465425888,True,Logistic_Regression
P08791,STRICT,Yes,Yes,0.7118714126209618,True,Logistic_Regression
P09251,STRICT,Yes,Yes,0.6361350503351757,True,Logistic_Regression
P05956,STRICT,No,No,0.1502740625851643,True,Logistic_Regression
P02634,STRICT,No,Yes,0.801779321678685,False,Logistic_Regression
P03861,STRICT,Yes,No,0.0898192206634763,False,Logistic_Regression
P02575,STRICT,No,No,0.1588957028216456,True,Logistic_Regression
P07405,STRICT,No,No,0.0963833265401834,True,Logistic_Regression
P06858,STRICT,Yes,Yes,0.7367962358245285,True,Logistic_Regression
P05102,STRICT,Yes,Yes,0.8446698103624701,True,Logistic_Regression
P05744,STRICT,Yes,Yes,0.8000556359004799,True,Logistic_Regression
P09222,STRICT,Yes,No,0.4337580307594592,False,Logistic_Regression
P09893,STRICT,No,No,0.2211964861739815,True,Logistic_Regression
P06670,STRICT,Yes,Yes,0.7371683597557954,True,Logistic_Regression
P08948,STRICT,Yes,Yes,0.8836988933247706,True,Logistic_Regression
P05310,STRICT,No,No,0.254983571362842,True,Logistic_Regression
P06530,STRICT,No,No,0.3228920053653898,True,Logistic_Regression
P04546,STRICT,Yes,Yes,0.5617203411438358,True,Logistic_Regression
P02545,STRICT,No,No,0.2998723241747871,True,Logistic_Regression
P04862,STRICT,Yes,No,0.0487440445819256,False,Logistic_Regression
P06972,STRICT,Yes,Yes,0.7123507441411658,True,Logistic_Regression
P05576,STRICT,Yes,No,0.2090623983165819,False,Logistic_Regression
P01253,STRICT,Yes,Yes,0.974927253834501,True,Logistic_Regression
P04421,STRICT,No,No,0.0846319907801678,True,Logistic_Regression
P06302,STRICT,Yes,Yes,0.6487945700111427,True,Logistic_Regression
P01595,STRICT,Yes,No,0.2267159213328264,False,Logistic_Regression
P01551,STRICT,No,No,0.0874703560181252,True,Logistic_Regression
P05017,STRICT,No,No,0.2218763255204089,True,Logistic_Regression
P01218,STRICT,No,No,0.3548348531135852,True,Logistic_Regression
P06789,STRICT,Yes,No,0.2017175102996873,False,Logistic_Regression
P08957,STRICT,No,Yes,0.6522572397973585,False,Logistic_Regression
P00924,STRICT,Yes,Yes,0.8955139209893564,True,Logistic_Regression
P04895,STRICT,Yes,Yes,0.8899800293060925,True,Logistic_Regression
P03716,STRICT,No,Yes,0.6362188902547165,False,Logistic_Regression
P01684,STRICT,No,No,0.1495658871498235,True,Logistic_Regression
P02173,STRICT,No,No,0.2687235377184959,True,Logistic_Regression
P01507,STRICT,Yes,Yes,0.9046638432620636,True,Logistic_Regression
P04660,STRICT,No,Yes,0.7355224363021627,False,Logistic_Regression
P01266,STRICT,No,No,0.1336106304133135,True,Logistic_Regression
P03700,STRICT,No,No,0.2976021039716234,True,Logistic_Regression
P05596,STRICT,No,No,0.1925302458699014,True,Logistic_Regression
P05124,STRICT,No,No,0.4243100278375187,True,Logistic_Regression
P06340,STRICT,Yes,Yes,0.6408835470035615,True,Logistic_Regression
P07228,STRICT,No,No,0.0442903177785777,True,Logistic_Regression
P01549,STRICT,No,No,0.4986643514511102,True,Logistic_Regression
P00188,STRICT,No,No,0.3020539349971316,True,Logistic_Regression
P00815,STRICT,No,No,0.4189082876940269,True,Logistic_Regression
P02380,STRICT,Yes,Yes,0.9111282217805045,True,Logistic_Regression
P09126,STRICT,No,No,0.3433165229975604,True,Logistic_Regression
P02324,STRICT,Yes,No,0.1960162599136881,False,Logistic_Regression
P08207,STRICT,No,No,0.2610171831969663,True,Logistic_Regression
P05451,STRICT,Yes,Yes,0.522001896131134,True,Logistic_Regression
P08693,STRICT,Yes,Yes,0.5107860651485724,True,Logistic_Regression
P00975,STRICT,Yes,Yes,0.5977482334762885,True,Logistic_Regression
P06803,STRICT,No,Yes,0.5182460989612244,False,Logistic_Regression
P08133,STRICT,Yes,No,0.2529465614963812,False,Logistic_Regression
P09499,STRICT,Yes,Yes,0.7768068822390843,True,Logistic_Regression
P08280,STRICT,No,Yes,0.7755904701320817,False,Logistic_Regression
P08241,STRICT,Yes,Yes,0.71757390288372,True,Logistic_Regression
P00426,STRICT,Yes,No,0.4917629400094341,False,Logistic_Regression
P06267,STRICT,No,No,0.1019696201284562,True,Logistic_Regression
P09636,STRICT,Yes,Yes,0.5446261544121843,True,Logistic_Regression
P08608,STRICT,No,No,0.037224952106138,True,Logistic_Regression
P05033,STRICT,No,No,0.1898414383130852,True,Logistic_Regression
P02145,STRICT,Yes,No,0.4702555913347375,False,Logistic_Regression
P07677,STRICT,Yes,Yes,0.7591683258344928,True,Logistic_Regression
P09486,STRICT,No,No,0.2089201037646658,True,Logistic_Regression
P02464,STRICT,Yes,Yes,0.747578947882343,True,Logistic_Regression
P08178,STRICT,No,No,0.0955928208736366,True,Logistic_Regression
P08018,STRICT,No,No,0.3138645102399853,True,Logistic_Regression
P04532,STRICT,No,Yes,0.7973505624827737,False,Logistic_Regression
P04912,STRICT,Yes,Yes,0.9010872424654092,True,Logistic_Regression
P01032,STRICT,No,No,0.3776160314040724,True,Logistic_Regression
P09899,STRICT,No,No,0.2525565956270448,True,Logistic_Regression
P04788,STRICT,Yes,No,0.2094269164126156,False,Logistic_Regression
P03722,STRICT,Yes,No,0.123832131519305,False,Logistic_Regression
P05108,STRICT,Yes,Yes,0.9508551393457496,True,Logistic_Regression
P09014,STRICT,No,No,0.2416776658084407,True,Logistic_Regression
P03396,STRICT,No,No,0.0422649903803037,True,Logistic_Regression
P02997,STRICT,Yes,Yes,0.5222235035809982,True,Logistic_Regression
P03046,STRICT,No,No,0.1481345442028929,True,Logistic_Regression
P01062,STRICT,Yes,Yes,0.6703514666902062,True,Logistic_Regression
P07261,STRICT,No,No,0.0906399905676524,True,Logistic_Regression
P07177,STRICT,No,No,0.1422232072711655,True,Logistic_Regression
P06687,STRICT,Yes,No,0.08432330741723,False,Logistic_Regression
P04319,STRICT,Yes,Yes,0.9634605419454004,True,Logistic_Regression
P04595,STRICT,Yes,Yes,0.7191901982492332,True,Logistic_Regression
P04383,STRICT,No,No,0.2670254255509331,True,Logistic_Regression
P04687,STRICT,No,No,0.1306097815420613,True,Logistic_Regression
P00868,STRICT,No,No,0.1287810116396484,True,Logistic_Regression
P04630,STRICT,Yes,No,0.3619913426575743,False,Logistic_Regression
P08987,STRICT,No,No,0.1976602828418006,True,Logistic_Regression
P06728,STRICT,Yes,Yes,0.6851834924020166,True,Logistic_Regression
P06584,STRICT,No,No,0.4521699052568225,True,Logistic_Regression
P02532,STRICT,Yes,No,0.491585631302978,False,Logistic_Regression
P01999,STRICT,No,No,0.4383245126640249,True,Logistic_Regression
P07373,STRICT,Yes,Yes,0.5321000087817425,True,Logistic_Regression
P01941,STRICT,No,No,0.1808206659877754,True,Logistic_Regression
P09626,STRICT,Yes,Yes,0.9509819931991992,True,Logistic_Regression
P03367,STRICT,Yes,Yes,0.7081375126333391,True,Logistic_Regression
P08661,STRICT,No,No,0.3186358871402939,True,Logistic_Regression
P00828,STRICT,No,No,0.0471496770742018,True,Logistic_Regression
P07164,STRICT,No,No,0.0391140015370987,True,Logistic_Regression
P02495,STRICT,Yes,No,0.2562489329907799,False,Logistic_Regression
P07529,STRICT,Yes,Yes,0.8218466521424233,True,Logistic_Regression
P04762,STRICT,No,No,0.1739925109642249,True,Logistic_Regression
P06085,STRICT,Yes,Yes,0.720195675713425,True,Logistic_Regression
P07785,STRICT,Yes,Yes,0.8647666204827489,True,Logistic_Regression
P03280,STRICT,Yes,Yes,0.656008483999157,True,Logistic_Regression
P03906,STRICT,Yes,No,0.330969684832637,False,Logistic_Regression
P02480,STRICT,Yes,No,0.2328205223690599,False,Logistic_Regression
P06448,STRICT,No,No,0.1179576094111908,True,Logistic_Regression
P03871,STRICT,No,No,0.101547603946874,True,Logistic_Regression
P03453,STRICT,No,No,0.0158572949667494,True,Logistic_Regression
P04827,STRICT,No,Yes,0.5056031849268796,False,Logistic_Regression
P00835,STRICT,No,Yes,0.6772653941824502,False,Logistic_Regression
P02944,STRICT,No,No,0.3822578879007217,True,Logistic_Regression
P05020,STRICT,No,No,0.017206444850343,True,Logistic_Regression
P05392,STRICT,Yes,No,0.3767552358494711,False,Logistic_Regression
P06186,STRICT,No,No,0.0987880995811017,True,Logistic_Regression
P08327,STRICT,No,No,0.1996461142777785,True,Logistic_Regression
P02698,STRICT,Yes,Yes,0.8106994642022344,True,Logistic_Regression
P03740,STRICT,Yes,No,0.3834751553678909,False,Logistic_Regression
P03910,STRICT,Yes,Yes,0.5629954787491468,True,Logistic_Regression
P03564,STRICT,Yes,No,0.026298387447204,False,Logistic_Regression
P04669,STRICT,No,Yes,0.56247048889472,False,Logistic_Regression
P07490,STRICT,No,No,0.0302550566986849,True,Logistic_Regression
P00149,STRICT,No,No,0.1462669392650656,True,Logistic_Regression
P05374,STRICT,Yes,Yes,0.7374307964306709,True,Logistic_Regression
P05492,STRICT,No,Yes,0.8722276331956413,False,Logistic_Regression
P04599,STRICT,Yes,No,0.2409487394094338,False,Logistic_Regression
P09188,STRICT,Yes,Yes,0.741746333076271,True,Logistic_Regression
P01477,STRICT,No,No,0.2530150896797877,True,Logistic_Regression
P06171,STRICT,No,No,0.4858882703236577,True,Logistic_Regression
P08605,STRICT,Yes,Yes,0.5259832895926547,True,Logistic_Regression
P08368,STRICT,Yes,No,0.4145266279063275,False,Logistic_Regression
P05129,STRICT,Yes,Yes,0.6933846339324999,True,Logistic_Regression
P08118,STRICT,No,Yes,0.5564620223654323,False,Logistic_Regression
P02407,STRICT,No,No,0.1065629335309719,True,Logistic_Regression
P09625,STRICT,No,No,0.0527512906458894,True,Logistic_Regression
P02909,STRICT,No,No,0.2299239053518001,True,Logistic_Regression
P02804,STRICT,No,No,0.0571119654867944,True,Logistic_Regression
P02433,STRICT,Yes,Yes,0.7908641188626758,True,Logistic_Regression
P07594,STRICT,Yes,Yes,0.8025442465317898,True,Logistic_Regression
P02320,STRICT,No,No,0.412664865957344,True,Logistic_Regression
P00546,STRICT,Yes,Yes,0.8556772320202751,True,Logistic_Regression
P09814,STRICT,No,No,0.272325841449012,True,Logistic_Regression
P00087,STRICT,No,No,0.0222835190679514,True,Logistic_Regression
P02904,STRICT,No,No,0.160553575246512,True,Logistic_Regression
P00179,STRICT,Yes,Yes,0.8267506501271356,True,Logistic_Regression
P09079,STRICT,Yes,Yes,0.8871724214936592,True,Logistic_Regression
P03235,STRICT,Yes,Yes,0.8116871641076886,True,Logistic_Regression
P00473,STRICT,Yes,No,0.1921918009485306,False,Logistic_Regression
P02158,STRICT,Yes,Yes,0.5634752532467172,True,Logistic_Regression
P09450,STRICT,No,No,0.0407808521926261,True,Logistic_Regression
P03528,STRICT,No,No,0.3198010023852424,True,Logistic_Regression
P03231,STRICT,Yes,Yes,0.64514617222459,True,Logistic_Regression
P08883,STRICT,No,No,0.1412981143756459,True,Logistic_Regression
P03422,STRICT,Yes,Yes,0.7904806537790674,True,Logistic_Regression
P07689,STRICT,No,No,0.0565497767934906,True,Logistic_Regression
P05456,STRICT,No,No,0.259615706399467,True,Logistic_Regression
P05917,STRICT,No,No,0.401807139398829,True,Logistic_Regression
P02019,STRICT,Yes,Yes,0.8676861126957803,True,Logistic_Regression
P02808,STRICT,No,No,0.1846252816457886,True,Logistic_Regression
P00631,STRICT,No,No,0.3143824237113651,True,Logistic_Regression
P07554,STRICT,Yes,Yes,0.5839506841890161,True,Logistic_Regression
P08953,STRICT,No,No,0.1573982535093307,True,Logistic_Regression
P07132,STRICT,No,No,0.0338204182106946,True,Logistic_Regression
P01711,STRICT,No,No,0.2854065680199625,True,Logistic_Regression
P04393,STRICT,Yes,Yes,0.5504738309161646,True,Logistic_Regression
P07899,STRICT,No,No,0.0401748262439618,True,Logistic_Regression
P08944,STRICT,No,Yes,0.7466431172760789,False,Logistic_Regression
P04358,STRICT,No,Yes,0.522326710371878,False,Logistic_Regression
P00391,STRICT,Yes,No,0.3444207350161595,False,Logistic_Regression
P08888,STRICT,No,No,0.3058330444397608,True,Logistic_Regression
P00690,STRICT,No,No,0.2569819732957903,True,Logistic_Regression
P05344,STRICT,No,No,0.086805973035709,True,Logistic_Regression
P07481,STRICT,Yes,Yes,0.6536963357251172,True,Logistic_Regression
P03523,STRICT,Yes,Yes,0.6307877542761242,True,Logistic_Regression
P05038,STRICT,Yes,Yes,0.9240200736701738,True,Logistic_Regression
P06284,STRICT,No,No,0.0988421769411262,True,Logistic_Regression
P07249,STRICT,No,No,0.170565851998789,True,Logistic_Regression
P05127,STRICT,No,No,0.0679301803546855,True,Logistic_Regression
P01192,STRICT,Yes,Yes,0.5745735540387525,True,Logistic_Regression
P03648,STRICT,No,No,0.1668176703109415,True,Logistic_Regression
P00386,STRICT,No,No,0.139574585919133,True,Logistic_Regression
P04400,STRICT,Yes,Yes,0.9234979176019216,True,Logistic_Regression
P03727,STRICT,Yes,Yes,0.9630008992874084,True,Logistic_Regression
P05334,STRICT,No,No,0.1417644412702636,True,Logistic_Regression
P06172,STRICT,Yes,Yes,0.5542106986371,True,Logistic_Regression
P00423,STRICT,Yes,Yes,0.8815514522830026,True,Logistic_Regression
P09128,STRICT,Yes,No,0.0560051509685268,False,Logistic_Regression
P01324,STRICT,No,No,0.1852009574658307,True,Logistic_Regression
P09483,STRICT,Yes,Yes,0.5636397413898054,True,Logistic_Regression
P05109,STRICT,No,Yes,0.5533811857902091,False,Logistic_Regression
P09875,STRICT,No,No,0.0823445240478973,True,Logistic_Regression
P08895,STRICT,Yes,Yes,0.6870155857368473,True,Logistic_Regression
P06451,STRICT,Yes,Yes,0.6632773661270704,True,Logistic_Regression
P06006,STRICT,No,Yes,0.6381520129325666,False,Logistic_Regression
P05815,STRICT,No,No,0.1450654861060777,True,Logistic_Regression
P09695,STRICT,No,No,0.0379236590370281,True,Logistic_Regression
P08525,STRICT,No,No,0.1191715372765346,True,Logistic_Regression
P01631,STRICT,Yes,Yes,0.6142791875876442,True,Logistic_Regression
P00340,STRICT,No,Yes,0.5706508765134122,False,Logistic_Regression
P08017,STRICT,No,No,0.3833848723406324,True,Logistic_Regression
P03020,STRICT,Yes,No,0.3852654501893467,False,Logistic_Regression
P07555,STRICT,Yes,Yes,0.700482251873805,True,Logistic_Regression
P06629,STRICT,Yes,Yes,0.6579667680400846,True,Logistic_Regression
P03304,STRICT,No,No,0.0844776626973181,True,Logistic_Regression
P01049,STRICT,Yes,No,0.422243290954298,False,Logistic_Regression
P04743,STRICT,No,No,0.0447409664274075,True,Logistic_Regression
P05915,STRICT,No,Yes,0.7040588298265259,False,Logistic_Regression
P05472,STRICT,No,Yes,0.5983086623977791,False,Logistic_Regression
P05306,STRICT,No,No,0.0379033702756403,True,Logistic_Regression
P02886,STRICT,No,No,0.1335343414544735,True,Logistic_Regression
P04245,STRICT,Yes,Yes,0.7428036096367585,True,Logistic_Regression
P06969,STRICT,Yes,Yes,0.7829476602207779,True,Logistic_Regression
P04831,STRICT,Yes,Yes,0.6158038445865593,True,Logistic_Regression
P09109,STRICT,Yes,Yes,0.6916263136018267,True,Logistic_Regression
P01334,STRICT,No,Yes,0.5167103981125943,False,Logistic_Regression
P02110,STRICT,No,No,0.0399982899598654,True,Logistic_Regression
P01629,STRICT,No,No,0.09008905023209,True,Logistic_Regression
P09635,STRICT,No,No,0.328556059293297,True,Logistic_Regression
P07103,STRICT,Yes,Yes,0.8920201637903915,True,Logistic_Regression
P05971,STRICT,No,No,0.0305022355926778,True,Logistic_Regression
P04520,STRICT,No,Yes,0.5583022232807037,False,Logistic_Regression
P09481,STRICT,No,No,0.1688333898440852,True,Logistic_Regression
P01839,STRICT,No,No,0.098012289323845,True,Logistic_Regression
P09059,STRICT,No,No,0.1793925076857211,True,Logistic_Regression
P04422,STRICT,No,No,0.440754956967198,True,Logistic_Regression
P07564,STRICT,Yes,Yes,0.720970118712509,True,Logistic_Regression
P02339,STRICT,No,No,0.0318338461806635,True,Logistic_Regression
P02490,STRICT,No,No,0.2016334133404523,True,Logistic_Regression
P03004,STRICT,Yes,Yes,0.9682984691977724,True,Logistic_Regression
P04219,STRICT,No,Yes,0.560581473659978,False,Logistic_Regression
P04891,STRICT,No,No,0.020267512324141,True,Logistic_Regression
P02458,STRICT,Yes,No,0.2855014786468802,False,Logistic_Regression
P07605,STRICT,Yes,No,0.0533150045501252,False,Logistic_Regression
P02723,STRICT,Yes,Yes,0.5669267756025984,True,Logistic_Regression
P08915,STRICT,No,No,0.1455982517899195,True,Logistic_Regression
P02637,STRICT,No,No,0.308298137646603,True,Logistic_Regression
P01849,STRICT,No,No,0.2405073286349886,True,Logistic_Regression
P04519,STRICT,Yes,No,0.1197418365116341,False,Logistic_Regression
P06291,STRICT,Yes,Yes,0.8805126709613466,True,Logistic_Regression
P00172,STRICT,Yes,No,0.357799533144421,False,Logistic_Regression
P05731,STRICT,No,No,0.4737634476204779,True,Logistic_Regression
P02413,STRICT,Yes,Yes,0.799505478475451,True,Logistic_Regression
P06098,STRICT,No,No,0.1262640202342091,True,Logistic_Regression
P02108,STRICT,No,No,0.2394465052340242,True,Logistic_Regression
P07665,STRICT,No,Yes,0.6104214394457272,False,Logistic_Regression
P08884,STRICT,No,No,0.0499920193351521,True,Logistic_Regression
P09181,STRICT,No,No,0.2365963634819264,True,Logistic_Regression
P01102,STRICT,Yes,Yes,0.6364273068884435,True,Logistic_Regression
P03686,STRICT,Yes,No,0.1427731893784471,False,Logistic_Regression
P01249,STRICT,No,No,0.004452818656268,True,Logistic_Regression
P02895,STRICT,Yes,No,0.1909129218171269,False,Logistic_Regression
P00051,STRICT,Yes,Yes,0.6554501627622554,True,Logistic_Regression
P01663,STRICT,Yes,No,0.028348077698972,False,Logistic_Regression
P04218,STRICT,No,No,0.2413186451832493,True,Logistic_Regression
P06698,STRICT,Yes,Yes,0.889548477683235,True,Logistic_Regression
P01637,STRICT,Yes,Yes,0.5207905916981169,True,Logistic_Regression
P03823,STRICT,Yes,Yes,0.7629633626629648,True,Logistic_Regression
P09916,STRICT,Yes,Yes,0.6278987067236682,True,Logistic_Regression
P01394,STRICT,No,No,0.1793954293206506,True,Logistic_Regression
P06223,STRICT,No,Yes,0.544074714769733,False,Logistic_Regression
P09859,STRICT,Yes,Yes,0.6404261078475921,True,Logistic_Regression
P07985,STRICT,No,No,0.1600365099589337,True,Logistic_Regression
P04107,STRICT,No,No,0.2634805092525222,True,Logistic_Regression
P08222,STRICT,Yes,No,0.4259010443373636,False,Logistic_Regression
P01124,STRICT,No,No,0.3062755192912779,True,Logistic_Regression
P09979,STRICT,No,No,0.2388953062217667,True,Logistic_Regression
P02910,STRICT,No,Yes,0.5707739631730285,False,Logistic_Regression
P01241,STRICT,No,No,0.386956546153057,True,Logistic_Regression
P08979,STRICT,No,No,0.1851668763680481,True,Logistic_Regression
P05379,STRICT,Yes,Yes,0.7992912082861278,True,Logistic_Regression
P02444,STRICT,Yes,Yes,0.5877191716149763,True,Logistic_Regression
P03771,STRICT,No,No,0.1393763913880047,True,Logistic_Regression
P03310,STRICT,Yes,Yes,0.7884615111244865,True,Logistic_Regression
P03443,STRICT,No,No,0.1336026013127683,True,Logistic_Regression
P04857,STRICT,No,No,0.442412203827801,True,Logistic_Regression
P01143,STRICT,No,Yes,0.5368290905825015,False,Logistic_Regression
P00508,STRICT,No,No,0.3088932660420471,True,Logistic_Regression
P07406,STRICT,No,No,0.1062151827030166,True,Logistic_Regression
P07374,STRICT,No,No,0.0167092424910019,True,Logistic_Regression
P09335,STRICT,No,No,0.1454208466288906,True,Logistic_Regression
P01179,STRICT,No,No,0.1604105989650689,True,Logistic_Regression
P08036,STRICT,No,No,0.1741784545657852,True,Logistic_Regression
P03580,STRICT,No,No,0.1708443760132018,True,Logistic_Regression
P09384,STRICT,No,No,0.298745767666531,True,Logistic_Regression
P04326,STRICT,No,No,0.3605381247251512,True,Logistic_Regression
P06338,STRICT,Yes,Yes,0.7234182058129931,True,Logistic_Regression
P03450,STRICT,No,No,0.261671405946218,True,Logistic_Regression
P06105,STRICT,Yes,Yes,0.7353450264610178,True,Logistic_Regression
P04049,STRICT,Yes,No,0.3489692412748093,False,Logistic_Regression
P08045,STRICT,Yes,Yes,0.921392947628838,True,Logistic_Regression
P07601,STRICT,Yes,No,0.3351189546216471,False,Logistic_Regression
P02654,STRICT,No,No,0.2308402588754346,True,Logistic_Regression
P08878,STRICT,No,No,0.4522756827838736,True,Logistic_Regression
P08626,STRICT,No,No,0.4138801144696232,True,Logistic_Regression
P06717,STRICT,No,No,0.1885539900737657,True,Logistic_Regression
P03191,STRICT,No,No,0.4789662878313083,True,Logistic_Regression
P05883,STRICT,No,No,0.3977444264174933,True,Logistic_Regression
P09397,STRICT,Yes,Yes,0.6397398084749408,True,Logistic_Regression
P05160,STRICT,No,No,0.0652017545147023,True,Logistic_Regression
P05136,STRICT,Yes,No,0.4772911344703462,False,Logistic_Regression
P06945,STRICT,Yes,Yes,0.8782824660189891,True,Logistic_Regression
P02595,STRICT,Yes,No,0.1410500664934073,False,Logistic_Regression
P00335,STRICT,No,No,0.404995025253165,True,Logistic_Regression
P00700,STRICT,Yes,No,0.2871510878553047,False,Logistic_Regression
P02615,STRICT,Yes,Yes,0.8198979077845107,True,Logistic_Regression
P08955,STRICT,No,No,0.1571778990215102,True,Logistic_Regression
P05864,STRICT,Yes,Yes,0.8678960140883345,True,Logistic_Regression
P09903,STRICT,Yes,Yes,0.8851403049870223,True,Logistic_Regression
P01014,STRICT,No,No,0.2441113853167746,True,Logistic_Regression
P07745,STRICT,No,No,0.0594469141300019,True,Logistic_Regression
P05763,STRICT,No,No,0.1779692647217448,True,Logistic_Regression
P06754,STRICT,No,No,0.0987394783345909,True,Logistic_Regression
P07728,STRICT,No,No,0.0691822186681578,True,Logistic_Regression
P08166,STRICT,Yes,Yes,0.8254069110798039,True,Logistic_Regression
P03872,STRICT,Yes,No,0.1086834001739192,False,Logistic_Regression
P08972,STRICT,No,No,0.0195797535990408,True,Logistic_Regression
P05305,STRICT,No,No,0.1970269824899681,True,Logistic_Regression
P01904,STRICT,Yes,Yes,0.7469470318032633,True,Logistic_Regression
P08965,STRICT,Yes,No,0.4855132692501692,False,Logistic_Regression
P09561,STRICT,Yes,Yes,0.9177984187292264,True,Logistic_Regression
P01307,STRICT,Yes,Yes,0.8798205896591708,True,Logistic_Regression
P01076,STRICT,No,No,0.0373894102996071,True,Logistic_Regression
P01343,STRICT,Yes,No,0.3285392285986518,False,Logistic_Regression
P08325,STRICT,No,No,0.1756990402709833,True,Logistic_Regression
P07773,STRICT,Yes,No,0.1560043411610003,False,Logistic_Regression
P04737,STRICT,No,No,0.0808013031935827,True,Logistic_Regression
P07538,STRICT,Yes,No,0.3522305578848793,False,Logistic_Regression
P05446,STRICT,No,No,0.3189230166237935,True,Logistic_Regression
P04250,STRICT,Yes,No,0.4558175077710653,False,Logistic_Regression
P03033,STRICT,No,No,0.1798357227840668,True,Logistic_Regression
P03268,STRICT,Yes,Yes,0.9041123531414024,True,Logistic_Regression
P05336,STRICT,Yes,No,0.3884939362374536,False,Logistic_Regression
P07941,STRICT,Yes,Yes,0.914995940891382,True,Logistic_Regression
P08684,STRICT,No,No,0.0531763938748675,True,Logistic_Regression
P07643,STRICT,Yes,Yes,0.522383524659234,True,Logistic_Regression
P08688,STRICT,Yes,Yes,0.8304830381871815,True,Logistic_Regression
P09268,STRICT,No,No,0.1646102501450199,True,Logistic_Regression
P04295,STRICT,No,Yes,0.7384864875110245,False,Logistic_Regression
P08424,STRICT,Yes,No,0.0706263097735402,False,Logistic_Regression
P00154,STRICT,No,No,0.127474172245,True,Logistic_Regression
P07777,STRICT,Yes,Yes,0.6924093526566414,True,Logistic_Regression
P06285,STRICT,Yes,No,0.2863284336925682,False,Logistic_Regression
P09977,STRICT,No,No,0.1698922759778451,True,Logistic_Regression
P03328,STRICT,Yes,Yes,0.8134127283605223,True,Logistic_Regression
P05162,STRICT,Yes,No,0.3367953861458123,False,Logistic_Regression
P00963,STRICT,Yes,Yes,0.9026354537891348,True,Logistic_Regression
P04021,STRICT,No,Yes,0.5466362238914502,False,Logistic_Regression
P09566,STRICT,No,No,0.2388081802076369,True,Logistic_Regression
P01448,STRICT,No,No,0.058523893658825,True,Logistic_Regression
P07224,STRICT,No,No,0.1936906962325826,True,Logistic_Regression
P07112,STRICT,Yes,Yes,0.8302830940014563,True,Logistic_Regression
P07693,STRICT,No,Yes,0.5039528005519796,False,Logistic_Regression
P01933,STRICT,No,No,0.3275041832636043,True,Logistic_Regression
P06861,STRICT,No,No,0.3885659423508729,True,Logistic_Regression
P00673,STRICT,No,No,0.2617931247210011,True,Logistic_Regression
P06968,STRICT,No,No,0.2918094815703483,True,Logistic_Regression
P09328,STRICT,No,No,0.0138017114492982,True,Logistic_Regression
P06627,STRICT,No,No,0.3273211872426557,True,Logistic_Regression
P00360,STRICT,Yes,Yes,0.5565801834925207,True,Logistic_Regression
P09277,STRICT,No,No,0.0848389173410211,True,Logistic_Regression
P06606,STRICT,Yes,Yes,0.8977859990509232,True,Logistic_Regression
P02134,STRICT,Yes,No,0.4033193217966532,False,Logistic_Regression
P08694,STRICT,No,No,0.1691212704527338,True,Logistic_Regression
P06931,STRICT,No,No,0.2493963732310586,True,Logistic_Regression
P04858,STRICT,Yes,Yes,0.8154886379750654,True,Logistic_Regression
P08724,STRICT,No,No,0.1643486522746612,True,Logistic_Regression
P04004,STRICT,No,No,0.0989319426274543,True,Logistic_Regression
P05081,STRICT,Yes,No,0.3646247711099541,False,Logistic_Regression
P00425,STRICT,No,No,0.0934154147299502,True,Logistic_Regression
P01830,STRICT,Yes,Yes,0.6619802510401681,True,Logistic_Regression
P04816,STRICT,No,No,0.3775525000510385,True,Logistic_Regression
P00825,STRICT,No,Yes,0.649447270568622,False,Logistic_Regression
P01379,STRICT,No,No,0.0142515609773573,True,Logistic_Regression
P03565,STRICT,Yes,Yes,0.9200848575520836,True,Logistic_Regression
P06675,STRICT,No,No,0.0111751594340032,True,Logistic_Regression
P09539,STRICT,Yes,Yes,0.5382280913197506,True,Logistic_Regression
P05202,STRICT,Yes,Yes,0.7061263017218234,True,Logistic_Regression
P09172,STRICT,No,Yes,0.665294295232731,False,Logistic_Regression
P04514,STRICT,No,No,0.3400007675111319,True,Logistic_Regression
P02846,STRICT,Yes,No,0.2270938028564823,False,Logistic_Regression
P02908,STRICT,No,No,0.2461903822502493,True,Logistic_Regression
P03675,STRICT,Yes,Yes,0.6911628004695936,True,Logistic_Regression
P04387,STRICT,No,No,0.3343116851145416,True,Logistic_Regression
P04148,STRICT,Yes,Yes,0.8607577483638511,True,Logistic_Regression
P02765,STRICT,No,No,0.1504703113186016,True,Logistic_Regression
P06935,STRICT,Yes,Yes,0.9455398161439292,True,Logistic_Regression
P07957,STRICT,No,No,0.3114754416319459,True,Logistic_Regression
P02155,STRICT,No,No,0.0591270294960415,True,Logistic_Regression
P07116,STRICT,No,No,0.2412896044261882,True,Logistic_Regression
P07604,STRICT,No,Yes,0.5580089839679463,False,Logistic_Regression
P05382,STRICT,No,No,0.1967382301241935,True,Logistic_Regression
P05549,STRICT,No,No,0.2158635570869256,True,Logistic_Regression
P02459,STRICT,Yes,Yes,0.6465463285417814,True,Logistic_Regression
P06293,STRICT,No,No,0.4942288616209312,True,Logistic_Regression
P04406,STRICT,Yes,Yes,0.6667901981617493,True,Logistic_Regression
P01636,STRICT,No,Yes,0.6987863076400634,False,Logistic_Regression
P00767,STRICT,No,No,0.1995154109075364,True,Logistic_Regression
P07964,STRICT,Yes,Yes,0.9628831969086132,True,Logistic_Regression
P06958,STRICT,No,No,0.192487729792067,True,Logistic_Regression
P00234,STRICT,No,No,0.3687910817145901,True,Logistic_Regression
P07301,STRICT,No,No,0.2805782422812283,True,Logistic_Regression
P01536,STRICT,Yes,Yes,0.698503065238372,True,Logistic_Regression
P08527,STRICT,No,No,0.3435467590329004,True,Logistic_Regression
P05728,STRICT,No,No,0.2914822735692161,True,Logistic_Regression
P03142,STRICT,No,No,0.4550385320203567,True,Logistic_Regression
P08422,STRICT,No,No,0.383377885952509,True,Logistic_Regression
P00057,STRICT,No,No,0.1821282779713165,True,Logistic_Regression
P07189,STRICT,Yes,Yes,0.719339370904493,True,Logistic_Regression
P06870,STRICT,No,No,0.3332837171201833,True,Logistic_Regression
P01092,STRICT,No,Yes,0.5690414643852043,False,Logistic_Regression
P00993,STRICT,No,No,0.1782162846783102,True,Logistic_Regression
P03898,STRICT,Yes,Yes,0.8820758487167553,True,Logistic_Regression
P02293,STRICT,Yes,Yes,0.5534519819015886,True,Logistic_Regression
P08364,STRICT,No,No,0.1529679047268685,True,Logistic_Regression
P03456,STRICT,Yes,Yes,0.96868403011811,True,Logistic_Regression
P09802,STRICT,No,No,0.0586246088711657,True,Logistic_Regression
P01726,STRICT,Yes,Yes,0.9356729062812568,True,Logistic_Regression
P05790,STRICT,No,Yes,0.7541292215033208,False,Logistic_Regression
P03433,STRICT,No,Yes,0.5477458375947843,False,Logistic_Regression
P04903,STRICT,No,Yes,0.5754621396334852,False,Logistic_Regression
P00189,STRICT,No,No,0.2337683151711941,True,Logistic_Regression
P09238,STRICT,No,No,0.0122181011393084,True,Logistic_Regression
P08447,STRICT,Yes,Yes,0.8995035409277836,True,Logistic_Regression
P00881,STRICT,Yes,Yes,0.7014815559600701,True,Logistic_Regression
P07637,STRICT,Yes,Yes,0.936152836138572,True,Logistic_Regression
P01969,STRICT,No,No,0.1031693305150366,True,Logistic_Regression
P07310,STRICT,Yes,Yes,0.8827511388106448,True,Logistic_Regression
P07550,STRICT,Yes,Yes,0.6939553985614221,True,Logistic_Regression
P05601,STRICT,No,No,0.4995460912310308,True,Logistic_Regression
P03524,STRICT,No,No,0.0509507411177575,True,Logistic_Regression
P00331,STRICT,No,No,0.0589242897143369,True,Logistic_Regression
P00583,STRICT,No,No,0.0150381669770387,True,Logistic_Regression
P03721,STRICT,No,No,0.1066492141600982,True,Logistic_Regression
P07410,STRICT,No,No,0.0630309251835312,True,Logistic_Regression
P07927,STRICT,No,Yes,0.552178059556941,False,Logistic_Regression
P09617,STRICT,No,No,0.336467226255373,True,Logistic_Regression
P08582,STRICT,Yes,Yes,0.935951138902379,True,Logistic_Regression
P02089,STRICT,No,No,0.1161345255050834,True,Logistic_Regression
P07196,STRICT,No,No,0.2625289060238887,True,Logistic_Regression
P09241,STRICT,Yes,Yes,0.8963267565268955,True,Logistic_Regression
P07821,STRICT,No,No,0.4358145941314796,True,Logistic_Regression
P08837,STRICT,No,Yes,0.6863212558223232,False,Logistic_Regression
P08908,STRICT,Yes,Yes,0.7438910805371919,True,Logistic_Regression
P03439,STRICT,Yes,Yes,0.6139808014196311,True,Logistic_Regression
P05663,STRICT,Yes,No,0.4171376354318792,False,Logistic_Regression
P00784,STRICT,No,No,0.1590188587319787,True,Logistic_Regression
P09880,STRICT,No,Yes,0.7323231102636615,False,Logistic_Regression
P03940,STRICT,No,Yes,0.5415043773061364,False,Logistic_Regression
P09942,STRICT,No,No,0.2308745707622251,True,Logistic_Regression
P09759,STRICT,Yes,No,0.3963526501020732,False,Logistic_Regression
P01635,STRICT,No,No,0.1655335086803122,True,Logistic_Regression
P09783,STRICT,Yes,Yes,0.9166831018005548,True,Logistic_Regression
P07057,STRICT,Yes,Yes,0.5756264305293365,True,Logistic_Regression
P04308,STRICT,No,No,0.2199619460037401,True,Logistic_Regression
P02682,STRICT,Yes,Yes,0.5162881743992138,True,Logistic_Regression
P06934,STRICT,Yes,No,0.177788137874533,False,Logistic_Regression
P00556,STRICT,No,No,0.3959896179767871,True,Logistic_Regression
P09342,STRICT,No,No,0.0485141910979725,True,Logistic_Regression
P07720,STRICT,No,No,0.4743469267456898,True,Logistic_Regression
P03572,STRICT,No,No,0.3070746621287826,True,Logistic_Regression
P05468,STRICT,Yes,Yes,0.8764866490438056,True,Logistic_Regression
P07314,STRICT,No,Yes,0.6529595274452671,False,Logistic_Regression
P06913,STRICT,No,No,0.1467734755480208,True,Logistic_Regression
P03858,STRICT,No,No,0.1065898566249259,True,Logistic_Regression
P00788,STRICT,No,No,0.3888218944596877,True,Logistic_Regression
P01656,STRICT,No,Yes,0.6874492512121544,False,Logistic_Regression
P02572,STRICT,No,Yes,0.6652417283935309,False,Logistic_Regression
P01183,STRICT,Yes,No,0.4061050054944304,False,Logistic_Regression
P05075,STRICT,Yes,Yes,0.6206578655469149,True,Logistic_Regression
P05263,STRICT,Yes,Yes,0.5399832593930106,True,Logistic_Regression
P01789,STRICT,Yes,No,0.1290689700741317,False,Logistic_Regression
P03583,STRICT,Yes,Yes,0.9057145609135624,True,Logistic_Regression
P02161,STRICT,Yes,Yes,0.6977741556715352,True,Logistic_Regression
P02725,STRICT,No,No,0.2745196084543728,True,Logistic_Regression
P02109,STRICT,Yes,No,0.3413435113504079,False,Logistic_Regression
P06117,STRICT,Yes,Yes,0.6749287225774832,True,Logistic_Regression
P01399,STRICT,Yes,Yes,0.8801069448659595,True,Logistic_Regression
P04654,STRICT,No,No,0.1699320387098537,True,Logistic_Regression
P00967,STRICT,No,No,0.1963882471745177,True,Logistic_Regression
P03163,STRICT,No,No,0.2238158725607912,True,Logistic_Regression
P00892,STRICT,No,No,0.1781987602344813,True,Logistic_Regression
P03160,STRICT,No,No,0.3625890330256742,True,Logistic_Regression
P03549,STRICT,No,No,0.3650471046954396,True,Logistic_Regression
P06099,STRICT,No,No,0.0808854605032208,True,Logistic_Regression
P02632,STRICT,Yes,Yes,0.8730135621414311,True,Logistic_Regression
P08353,STRICT,No,No,0.0906853779361441,True,Logistic_Regression
P03290,STRICT,Yes,Yes,0.5740829101114565,True,Logistic_Regression
P08191,STRICT,Yes,Yes,0.7489286085853875,True,Logistic_Regression
P08376,STRICT,Yes,No,0.3769244701267818,False,Logistic_Regression
P00851,STRICT,No,No,0.2525812431494069,True,Logistic_Regression
P05326,STRICT,No,Yes,0.7180792966572423,False,Logistic_Regression
P05140,STRICT,No,No,0.0760867385266865,True,Logistic_Regression
P01879,STRICT,Yes,Yes,0.9597798395146552,True,Logistic_Regression
P05997,STRICT,No,No,0.0327993153518555,True,Logistic_Regression
P08786,STRICT,No,No,0.2128482639978486,True,Logistic_Regression
P00124,STRICT,Yes,Yes,0.6116544339542451,True,Logistic_Regression
P06888,STRICT,No,No,0.1498702557189305,True,Logistic_Regression
P03548,STRICT,Yes,Yes,0.6987257344020767,True,Logistic_Regression
P00692,STRICT,No,No,0.1768011189002069,True,Logistic_Regression
P02672,STRICT,Yes,Yes,0.8902303552091229,True,Logistic_Regression
P05473,STRICT,No,No,0.1071672774085024,True,Logistic_Regression
P07382,STRICT,No,Yes,0.5329707387352581,False,Logistic_Regression
P01796,STRICT,Yes,No,0.3940010662988822,False,Logistic_Regression
P08158,STRICT,Yes,Yes,0.5938262176798289,True,Logistic_Regression
P05107,STRICT,Yes,No,0.28266801093878,False,Logistic_Regression
P03445,STRICT,Yes,Yes,0.9245097552115062,True,Logistic_Regression
P06269,STRICT,Yes,No,0.3246747835388474,False,Logistic_Regression
P07973,STRICT,No,Yes,0.5212539999413748,False,Logistic_Regression
P04718,STRICT,No,No,0.4198848812087598,True,Logistic_Regression
P08336,STRICT,No,No,0.24522140248988,True,Logistic_Regression
P08991,STRICT,Yes,No,0.3237301855669032,False,Logistic_Regression
P03791,STRICT,Yes,Yes,0.9166472948307548,True,Logistic_Regression
P07541,STRICT,Yes,Yes,0.8204440521725859,True,Logistic_Regression
P04952,STRICT,Yes,Yes,0.9615693681765132,True,Logistic_Regression
P05649,STRICT,Yes,Yes,0.8752112134994532,True,Logistic_Regression
P04301,STRICT,No,No,0.2844440466713049,True,Logistic_Regression
P01649,STRICT,Yes,Yes,0.8611684678545217,True,Logistic_Regression
P02079,STRICT,Yes,Yes,0.6973925028710645,True,Logistic_Regression
P01468,STRICT,Yes,Yes,0.8737713446300441,True,Logistic_Regression
P07344,STRICT,No,No,0.1271439543076135,True,Logistic_Regression
P06977,STRICT,Yes,No,0.2284254383882392,False,Logistic_Regression
P02331,STRICT,No,No,0.0756825405076235,True,Logistic_Regression
P08739,STRICT,Yes,No,0.1351702110257115,False,Logistic_Regression
P00761,STRICT,Yes,No,0.1845503510073007,False,Logistic_Regression
P04883,STRICT,No,No,0.1025913593816082,True,Logistic_Regression
P01690,STRICT,No,No,0.1979319617439253,True,Logistic_Regression
P08139,STRICT,Yes,Yes,0.5444380642069403,True,Logistic_Regression
P01797,STRICT,Yes,Yes,0.7483932662795064,True,Logistic_Regression
P09780,STRICT,No,No,0.0302420505538174,True,Logistic_Regression
P03187,STRICT,No,Yes,0.5813217391293722,False,Logistic_Regression
P09733,STRICT,No,No,0.0938112064275227,True,Logistic_Regression
P06711,STRICT,Yes,No,0.0988156530101312,False,Logistic_Regression
P09776,STRICT,Yes,Yes,0.5360337026280986,True,Logistic_Regression
P08236,STRICT,No,No,0.1144301773319841,True,Logistic_Regression
P01747,STRICT,No,No,0.0642881878311436,True,Logistic_Regression
P04034,STRICT,No,No,0.4674218155936834,True,Logistic_Regression
P07981,STRICT,Yes,Yes,0.5748419116561597,True,Logistic_Regression
P08136,STRICT,Yes,Yes,0.6730557674667367,True,Logistic_Regression
P05729,STRICT,No,No,0.4593070356582112,True,Logistic_Regression
P08928,STRICT,Yes,Yes,0.8752210340495531,True,Logistic_Regression
P08430,STRICT,Yes,No,0.3260691951627092,False,Logistic_Regression
P09323,STRICT,No,Yes,0.7603868450835216,False,Logistic_Regression
P04930,STRICT,Yes,Yes,0.5183042295223761,True,Logistic_Regression
P06349,STRICT,No,Yes,0.7729183489109173,False,Logistic_Regression
P01486,STRICT,No,No,0.2774579686837708,True,Logistic_Regression
P00869,STRICT,Yes,Yes,0.5076365639203142,True,Logistic_Regression
P05545,STRICT,No,No,0.0631595233265146,True,Logistic_Regression
P07018,STRICT,No,Yes,0.6354686344137954,False,Logistic_Regression
P07931,STRICT,No,No,0.2088737517336512,True,Logistic_Regression
P09256,STRICT,Yes,Yes,0.6944208981488657,True,Logistic_Regression
P04982,STRICT,Yes,No,0.4222354511965053,False,Logistic_Regression
P07716,STRICT,No,No,0.0250869285319141,True,Logistic_Regression
P05338,STRICT,Yes,No,0.2198316680317895,False,Logistic_Regression
P07074,STRICT,No,No,0.1266345290918613,True,Logistic_Regression
P03177,STRICT,No,No,0.2127592970011385,True,Logistic_Regression
P05130,STRICT,Yes,No,0.3440356596043318,False,Logistic_Regression
P01157,STRICT,No,Yes,0.7602023709452527,False,Logistic_Regression
P05528,STRICT,No,No,0.2108279541686258,True,Logistic_Regression
P01754,STRICT,No,No,0.3515608406098072,True,Logistic_Regression
P05659,STRICT,Yes,Yes,0.9501697501430408,True,Logistic_Regression
P01695,STRICT,Yes,Yes,0.5711217632688003,True,Logistic_Regression
P04708,STRICT,No,No,0.4187228648403203,True,Logistic_Regression
P01596,STRICT,No,No,0.0673551836603417,True,Logistic_Regression
P03258,STRICT,Yes,No,0.4802207537303837,False,Logistic_Regression
P04931,STRICT,No,No,0.2512511195490132,True,Logistic_Regression
P07107,STRICT,No,No,0.2358249444160269,True,Logistic_Regression
P02971,STRICT,Yes,Yes,0.593702001327967,True,Logistic_Regression
P04529,STRICT,Yes,Yes,0.632070891159741,True,Logistic_Regression
P08454,STRICT,No,No,0.2793617084214282,True,Logistic_Regression
P05388,STRICT,Yes,Yes,0.7861400317532473,True,Logistic_Regression
P04804,STRICT,No,No,0.078943479984777,True,Logistic_Regression
P06975,STRICT,Yes,Yes,0.6234249932737682,True,Logistic_Regression
P05782,STRICT,No,No,0.4601789037709374,True,Logistic_Regression
P01644,STRICT,No,No,0.1150337731797833,True,Logistic_Regression
P05792,STRICT,No,No,0.0265281818669518,True,Logistic_Regression
P05015,STRICT,No,No,0.4893318721197646,True,Logistic_Regression
P09165,STRICT,Yes,No,0.421425971247785,False,Logistic_Regression
P00204,STRICT,No,No,0.1488040271256665,True,Logistic_Regression
P03276,STRICT,No,No,0.2165975298977724,True,Logistic_Regression
P01069,STRICT,Yes,Yes,0.8491787134256372,True,Logistic_Regression
P03601,STRICT,No,Yes,0.5344600302610979,False,Logistic_Regression
P02367,STRICT,Yes,Yes,0.7001209083216878,True,Logistic_Regression
P01327,STRICT,No,No,0.0069552838035876,True,Logistic_Regression
P09969,STRICT,No,No,0.4799752701360469,True,Logistic_Regression
P05950,STRICT,No,No,0.1966552360055251,True,Logistic_Regression
P09141,STRICT,No,Yes,0.7411166524359343,False,Logistic_Regression
P05615,STRICT,Yes,Yes,0.9003564929594958,True,Logistic_Regression
P00684,STRICT,No,Yes,0.6917895457183902,False,Logistic_Regression
P00746,STRICT,No,No,0.05620963062686,True,Logistic_Regression
P07731,STRICT,No,No,0.0628335817104926,True,Logistic_Regression
P08702,STRICT,Yes,No,0.3729628601904353,False,Logistic_Regression
P04304,STRICT,Yes,Yes,0.7794878619509547,True,Logistic_Regression
P02206,STRICT,No,No,0.3124381324958933,True,Logistic_Regression
P05918,STRICT,Yes,Yes,0.9360256181583074,True,Logistic_Regression
P03156,STRICT,No,No,0.1298431243728098,True,Logistic_Regression
P03446,STRICT,Yes,Yes,0.7445524973475905,True,Logistic_Regression
P01206,STRICT,No,No,0.2563211923459954,True,Logistic_Regression
P05429,STRICT,Yes,No,0.4621858574534057,False,Logistic_Regression
P06148,STRICT,Yes,Yes,0.5757282206595233,True,Logistic_Regression
P07141,STRICT,No,No,0.2252021734541825,True,Logistic_Regression
P05661,STRICT,No,No,0.1831114448237336,True,Logistic_Regression
P01417,STRICT,No,No,0.1069472864837732,True,Logistic_Regression
P07315,STRICT,No,No,0.1361067440913866,True,Logistic_Regression
P03114,STRICT,Yes,Yes,0.7420631547279836,True,Logistic_Regression
P00939,STRICT,No,No,0.2409083462878851,True,Logistic_Regression
P02691,STRICT,Yes,No,0.3115972883262777,False,Logistic_Regression
P06488,STRICT,No,No,0.2229563289697079,True,Logistic_Regression
P08909,STRICT,No,No,0.4226071251276637,True,Logistic_Regression
P05223,STRICT,Yes,Yes,0.7206450248311359,True,Logistic_Regression
P05577,STRICT,No,No,0.2102812962705704,True,Logistic_Regression
P07871,STRICT,Yes,No,0.3877697929033504,False,Logistic_Regression
P08897,STRICT,Yes,Yes,0.5830650487833303,True,Logistic_Regression
P03402,STRICT,Yes,Yes,0.6820305530967794,True,Logistic_Regression
P06592,STRICT,No,No,0.3076161389006145,True,Logistic_Regression
P08539,STRICT,Yes,No,0.4275095170522661,False,Logistic_Regression
P05834,STRICT,No,Yes,0.5758550079232175,False,Logistic_Regression
P07479,STRICT,Yes,Yes,0.7398582197574445,True,Logistic_Regression
P06059,STRICT,No,No,0.0258333462261032,True,Logistic_Regression
P03195,STRICT,Yes,Yes,0.8662494819041081,True,Logistic_Regression
P09554,STRICT,Yes,Yes,0.7890019028332311,True,Logistic_Regression
P09571,STRICT,No,No,0.3215768062541753,True,Logistic_Regression
P07187,STRICT,No,Yes,0.608691369803948,False,Logistic_Regression
P00328,STRICT,No,No,0.4231973670352282,True,Logistic_Regression
P03690,STRICT,No,No,0.1277678707215474,True,Logistic_Regression
P04672,STRICT,No,No,0.0803733030129079,True,Logistic_Regression
P09040,STRICT,Yes,Yes,0.5409735927854813,True,Logistic_Regression
P06424,STRICT,No,Yes,0.7548576309656159,False,Logistic_Regression
P01753,STRICT,No,Yes,0.6351477825405858,False,Logistic_Regression
P02783,STRICT,No,No,0.1524702670339661,True,Logistic_Regression
P03207,STRICT,Yes,No,0.3279781267565939,False,Logistic_Regression
P02705,STRICT,No,Yes,0.5778764455171062,False,Logistic_Regression
P00935,STRICT,No,Yes,0.596323142220566,False,Logistic_Regression
P08519,STRICT,No,No,0.0230190577203171,True,Logistic_Regression
P01988,STRICT,No,No,0.134552548383736,True,Logistic_Regression
P04285,STRICT,No,No,0.0944954522436986,True,Logistic_Regression
P06922,STRICT,No,No,0.2573572114747961,True,Logistic_Regression
P01883,STRICT,Yes,No,0.2634747451522394,False,Logistic_Regression
P05209,STRICT,No,No,0.0699816443732979,True,Logistic_Regression
P00160,STRICT,Yes,No,0.3735270954231209,False,Logistic_Regression
P01620,STRICT,No,No,0.2768486463438775,True,Logistic_Regression
P04110,STRICT,Yes,Yes,0.798060129206294,True,Logistic_Regression
P02355,STRICT,No,No,0.3565043558705782,True,Logistic_Regression
P03550,STRICT,No,No,0.2627096723816083,True,Logistic_Regression
P01341,STRICT,Yes,Yes,0.7514149192643467,True,Logistic_Regression
P04838,STRICT,Yes,No,0.4846613395065099,False,Logistic_Regression
P08097,STRICT,No,No,0.4317232161899723,True,Logistic_Regression
P03043,STRICT,Yes,No,0.2519943924499066,False,Logistic_Regression
P03966,STRICT,No,No,0.0777281891116297,True,Logistic_Regression
P09744,STRICT,Yes,No,0.1786502773053125,False,Logistic_Regression
P07699,STRICT,Yes,Yes,0.5302890487116012,True,Logistic_Regression
P09457,STRICT,No,Yes,0.6118956699913844,False,Logistic_Regression
P09100,STRICT,No,No,0.4306198402867241,True,Logistic_Regression
P09008,STRICT,No,No,0.1405200143844783,True,Logistic_Regression
P06875,STRICT,Yes,No,0.3531199783031247,False,Logistic_Regression
P04121,STRICT,No,No,0.3171690006115468,True,Logistic_Regression
P00891,STRICT,No,No,0.4258042510828865,True,Logistic_Regression
P07536,STRICT,Yes,Yes,0.9042315738885076,True,Logistic_Regression
P04234,STRICT,Yes,Yes,0.6961207891185828,True,Logistic_Regression
P08172,STRICT,No,No,0.3732107072736851,True,Logistic_Regression
P07396,STRICT,Yes,Yes,0.5063787723086528,True,Logistic_Regression
P03928,STRICT,No,No,0.3763475771926415,True,Logistic_Regression
P05328,STRICT,No,No,0.26489384334146,True,Logistic_Regression
P03759,STRICT,No,No,0.1159649457043297,True,Logistic_Regression
P01766,STRICT,No,No,0.0826182036723014,True,Logistic_Regression
P00122,STRICT,No,No,0.3423556984977934,True,Logistic_Regression
P01748,STRICT,Yes,No,0.457117705613096,False,Logistic_Regression
P08710,STRICT,No,No,0.415122316070306,True,Logistic_Regression
P04294,STRICT,Yes,No,0.2143524732642537,False,Logistic_Regression
P07557,STRICT,Yes,No,0.1803008926041278,False,Logistic_Regression
P09204,STRICT,No,No,0.0869623749865008,True,Logistic_Regression
P06464,STRICT,Yes,No,0.3158782352999884,False,Logistic_Regression
P04729,STRICT,No,No,0.3173948634703403,True,Logistic_Regression
P05634,STRICT,Yes,Yes,0.5470535009475403,True,Logistic_Regression
P02975,STRICT,No,No,0.0934098163562864,True,Logistic_Regression
P02269,STRICT,No,No,0.1738471188938138,True,Logistic_Regression
P07816,STRICT,No,No,0.138545842057499,True,Logistic_Regression
P03827,STRICT,No,No,0.3636288243982591,True,Logistic_Regression
P05727,STRICT,No,No,0.3602066044553727,True,Logistic_Regression
P04911,STRICT,Yes,Yes,0.8062919927823916,True,Logistic_Regression
P00004,STRICT,No,Yes,0.5110953603320907,False,Logistic_Regression
P05685,STRICT,No,No,0.3843212843882153,True,Logistic_Regression
P05944,STRICT,No,Yes,0.5952373882688954,False,Logistic_Regression
P02883,STRICT,Yes,Yes,0.7246210917679103,True,Logistic_Regression
P06407,STRICT,No,No,0.0703510923778204,True,Logistic_Regression
P03137,STRICT,No,No,0.1115565274511525,True,Logistic_Regression
P06492,STRICT,No,No,0.1092432206956992,True,Logistic_Regression
P09199,STRICT,Yes,No,0.2136539484564844,False,Logistic_Regression
P03485,STRICT,Yes,Yes,0.6496228816213351,True,Logistic_Regression
P09904,STRICT,Yes,No,0.0242274705874451,False,Logistic_Regression
P05862,STRICT,No,No,0.0532721429595386,True,Logistic_Regression
P00370,STRICT,Yes,Yes,0.8581130167688802,True,Logistic_Regression
P01043,STRICT,No,No,0.1325036768170045,True,Logistic_Regression
P06857,STRICT,Yes,Yes,0.5923518019682049,True,Logistic_Regression
P07827,STRICT,Yes,No,0.0541629169545154,False,Logistic_Regression
P02924,STRICT,No,No,0.3685501017503218,True,Logistic_Regression
P02349,STRICT,Yes,Yes,0.8368018480603957,True,Logistic_Regression
P08340,STRICT,No,No,0.3702760222363357,True,Logistic_Regression
P03886,STRICT,Yes,Yes,0.8595955010641838,True,Logistic_Regression
P01044,STRICT,Yes,No,0.4387268918646506,False,Logistic_Regression
P02877,STRICT,Yes,Yes,0.6671775544173124,True,Logistic_Regression
P06469,STRICT,No,Yes,0.7369950044817963,False,Logistic_Regression
P03080,STRICT,Yes,Yes,0.518435062159462,True,Logistic_Regression
P03189,STRICT,No,No,0.1163942672765287,True,Logistic_Regression
P06943,STRICT,No,No,0.1225718507371882,True,Logistic_Regression
P02710,STRICT,No,No,0.044569992203675,True,Logistic_Regression
P01318,STRICT,Yes,No,0.2671266432031173,False,Logistic_Regression
P00407,STRICT,No,No,0.2039955292456583,True,Logistic_Regression
P09857,STRICT,Yes,Yes,0.557426367829667,True,Logistic_Regression
P03529,STRICT,No,No,0.1240869919869204,True,Logistic_Regression
P09600,STRICT,Yes,Yes,0.7838177626801378,True,Logistic_Regression
P05389,STRICT,No,Yes,0.7247008280956676,False,Logistic_Regression
P09358,STRICT,Yes,Yes,0.5629245961869553,True,Logistic_Regression
P05231,STRICT,Yes,Yes,0.588792197744231,True,Logistic_Regression
P08037,STRICT,Yes,Yes,0.8968201387425987,True,Logistic_Regression
P05009,STRICT,No,No,0.4545937926351909,True,Logistic_Regression
P05880,STRICT,No,Yes,0.8216766230032968,False,Logistic_Regression
P08055,STRICT,No,No,0.1105654577830265,True,Logistic_Regression
P07518,STRICT,No,No,0.038464471544,True,Logistic_Regression
P02827,STRICT,No,No,0.1189150640011027,True,Logistic_Regression
P06622,STRICT,No,No,0.0191500802667055,True,Logistic_Regression
P06690,STRICT,No,No,0.0466998576329434,True,Logistic_Regression
P02171,STRICT,No,No,0.3646125128308339,True,Logistic_Regression
P08937,STRICT,Yes,Yes,0.8378722133116928,True,Logistic_Regression
P02657,STRICT,No,No,0.0797288522863847,True,Logistic_Regression
P03366,STRICT,Yes,Yes,0.6843322457679901,True,Logistic_Regression
P08458,STRICT,No,No,0.2345793837033748,True,Logistic_Regression
P03729,STRICT,Yes,Yes,0.6044872893418762,True,Logistic_Regression
P04516,STRICT,No,No,0.086408051571428,True,Logistic_Regression
P04717,STRICT,Yes,Yes,0.8885626686064089,True,Logistic_Regression
P09006,STRICT,Yes,No,0.3767888358564662,False,Logistic_Regression
P01078,STRICT,Yes,No,0.2549070575954272,False,Logistic_Regression
P04622,STRICT,No,No,0.1758250178237907,True,Logistic_Regression
P01667,STRICT,No,No,0.2583259256872366,True,Logistic_Regression
P04226,STRICT,No,No,0.1141002173405843,True,Logistic_Regression
P05916,STRICT,No,Yes,0.5429861324861364,False,Logistic_Regression
P09149,STRICT,Yes,No,0.2488198118181481,False,Logistic_Regression
P03904,STRICT,No,No,0.1795424894038448,True,Logistic_Regression
P07361,STRICT,No,No,0.294728373269936,True,Logistic_Regression
P06431,STRICT,Yes,Yes,0.7621259272071313,True,Logistic_Regression
P00760,STRICT,Yes,No,0.4004950536668739,False,Logistic_Regression
P00258,STRICT,No,No,0.1500794218716542,True,Logistic_Regression
P07135,STRICT,No,No,0.2972154655852533,True,Logistic_Regression
P01306,STRICT,Yes,Yes,0.723807690581889,True,Logistic_Regression
P09121,STRICT,No,No,0.2198214295371535,True,Logistic_Regression
P06963,STRICT,Yes,Yes,0.5524536803295607,True,Logistic_Regression
P02049,STRICT,Yes,Yes,0.8656037021531605,True,Logistic_Regression
P07276,STRICT,No,No,0.2468005504176848,True,Logistic_Regression
P09490,STRICT,No,No,0.1141907329587812,True,Logistic_Regression
P02476,STRICT,Yes,Yes,0.7403573131151404,True,Logistic_Regression
P04006,STRICT,Yes,Yes,0.9078141714449396,True,Logistic_Regression
P09558,STRICT,Yes,Yes,0.7486550748833032,True,Logistic_Regression
P06072,STRICT,No,No,0.0977220408735238,True,Logistic_Regression
P07030,STRICT,No,No,0.2332962380417333,True,Logistic_Regression
P07667,STRICT,No,No,0.1857915021857288,True,Logistic_Regression
P09591,STRICT,No,Yes,0.5810414311132056,False,Logistic_Regression
P01138,STRICT,Yes,No,0.3072960973485816,False,Logistic_Regression
P02794,STRICT,Yes,Yes,0.8921428799756035,True,Logistic_Regression
P09242,STRICT,No,Yes,0.6138750525540713,False,Logistic_Regression
P05620,STRICT,Yes,No,0.2305758448309297,False,Logistic_Regression
P02529,STRICT,No,No,0.0849631451375527,True,Logistic_Regression
P04978,STRICT,No,Yes,0.5377185177488287,False,Logistic_Regression
P01736,STRICT,Yes,Yes,0.8592871890287946,True,Logistic_Regression
P02639,STRICT,No,No,0.3693709033810133,True,Logistic_Regression
P02704,STRICT,No,No,0.1351547075398765,True,Logistic_Regression
P04551,STRICT,No,Yes,0.5551177392699559,False,Logistic_Regression
P04183,STRICT,Yes,Yes,0.7112986770564921,True,Logistic_Regression
P05658,STRICT,No,No,0.0648492349199501,True,Logistic_Regression
P07232,STRICT,No,No,0.4222997816773205,True,Logistic_Regression
P05709,STRICT,No,No,0.3175770852882033,True,Logistic_Regression
P03119,STRICT,No,No,0.084000992671362,True,Logistic_Regression
P06847,STRICT,Yes,No,0.2097063141709569,False,Logistic_Regression
P08161,STRICT,No,No,0.0145507573950193,True,Logistic_Regression
P06076,STRICT,No,Yes,0.5696567828669069,False,Logistic_Regression
P02128,STRICT,Yes,Yes,0.7411411371861732,True,Logistic_Regression
P01717,STRICT,Yes,Yes,0.5858628373734259,True,Logistic_Regression
P07996,STRICT,No,No,0.0927750986284616,True,Logistic_Regression
P02232,STRICT,No,Yes,0.6115541330926293,False,Logistic_Regression
P02701,STRICT,No,No,0.4089787196412187,True,Logistic_Regression
P07419,STRICT,Yes,Yes,0.501937286931488,True,Logistic_Regression
P05811,STRICT,No,No,0.4663105893216441,True,Logistic_Regression
P05911,STRICT,No,Yes,0.7511884826366855,False,Logistic_Regression
P06081,STRICT,No,No,0.1476272895987126,True,Logistic_Regression
P07198,STRICT,No,No,0.2446667698967696,True,Logistic_Regression
P05024,STRICT,No,No,0.0931974651865069,True,Logistic_Regression
P06400,STRICT,Yes,No,0.3560136386893981,False,Logistic_Regression
P01681,STRICT,Yes,Yes,0.6913160905194186,True,Logistic_Regression
P09418,STRICT,No,No,0.3208521210108994,True,Logistic_Regression
P05957,STRICT,No,No,0.2612517409217494,True,Logistic_Regression
P00333,STRICT,No,No,0.318330759426343,True,Logistic_Regression
P08350,STRICT,No,No,0.4089045739177249,True,Logistic_Regression
P08737,STRICT,No,No,0.267050247728253,True,Logistic_Regression
P08182,STRICT,Yes,No,0.4765837487673779,False,Logistic_Regression
P02274,STRICT,No,No,0.3401437733268346,True,Logistic_Regression
P09274,STRICT,No,No,0.0565279544346082,True,Logistic_Regression
P05398,STRICT,No,No,0.0965477470290765,True,Logistic_Regression
P03130,STRICT,No,No,0.188518515469051,True,Logistic_Regression
P00568,STRICT,No,Yes,0.581521282042698,False,Logistic_Regression
P07203,STRICT,No,No,0.1299021224683199,True,Logistic_Regression
P09255,STRICT,No,No,0.016733369129986,True,Logistic_Regression
P08429,STRICT,Yes,Yes,0.8421059083695733,True,Logistic_Regression
P01437,STRICT,Yes,No,0.4968982272284181,False,Logistic_Regression
P08622,STRICT,Yes,Yes,0.7009432482552781,True,Logistic_Regression
P05629,STRICT,Yes,Yes,0.883765062099021,True,Logistic_Regression
P05412,STRICT,No,Yes,0.600981742988556,False,Logistic_Regression
P06296,STRICT,No,No,0.0820106164113705,True,Logistic_Regression
P01543,STRICT,No,No,0.2787384713529346,True,Logistic_Regression
P04896,STRICT,No,No,0.2949367547035197,True,Logistic_Regression
P02179,STRICT,Yes,Yes,0.8943701024539258,True,Logistic_Regression
P05151,STRICT,Yes,No,0.3960032389868881,False,Logistic_Regression
P06382,STRICT,No,Yes,0.5463629996799589,False,Logistic_Regression
P08934,STRICT,Yes,No,0.1743100224307243,False,Logistic_Regression
P05650,STRICT,No,Yes,0.6217661280706345,False,Logistic_Regression
P02809,STRICT,Yes,Yes,0.5803991045410705,True,Logistic_Regression
P08317,STRICT,No,No,0.2830661120105394,True,Logistic_Regression
P09170,STRICT,Yes,Yes,0.8926597446920496,True,Logistic_Regression
P02264,STRICT,Yes,No,0.4079616259600829,False,Logistic_Regression
P03577,STRICT,No,Yes,0.7119430832244987,False,Logistic_Regression
P02841,STRICT,Yes,No,0.196948805834074,False,Logistic_Regression
P09656,STRICT,Yes,Yes,0.6518175295411536,True,Logistic_Regression
P03448,STRICT,Yes,No,0.4614468746404253,False,Logistic_Regression
P07042,STRICT,No,No,0.034453812247438,True,Logistic_Regression
P03127,STRICT,No,No,0.1317369791029728,True,Logistic_Regression
P05713,STRICT,No,No,0.0552537994750475,True,Logistic_Regression
P00315,STRICT,No,No,0.126108749217418,True,Logistic_Regression
P06748,STRICT,Yes,No,0.4293735340466035,False,Logistic_Regression
P01239,STRICT,No,No,0.3414430099915116,True,Logistic_Regression
P08479,STRICT,No,No,0.1171090241602395,True,Logistic_Regression
P06938,STRICT,Yes,Yes,0.6007690900721211,True,Logistic_Regression
P00219,STRICT,No,No,0.0948950923633565,True,Logistic_Regression
P03299,STRICT,No,No,0.4579649397384284,True,Logistic_Regression
P07376,STRICT,No,No,0.2939785198155577,True,Logistic_Regression
P09851,STRICT,No,No,0.2539880696377505,True,Logistic_Regression
P08664,STRICT,No,No,0.3877847224801641,True,Logistic_Regression
P06144,STRICT,Yes,Yes,0.5285561189073334,True,Logistic_Regression
P04033,STRICT,Yes,No,0.4249603349188936,False,Logistic_Regression
P07974,STRICT,No,No,0.2098598453123141,True,Logistic_Regression
P09314,STRICT,No,No,0.1353053159372455,True,Logistic_Regression
P02311,STRICT,Yes,No,0.1227002434614243,False,Logistic_Regression
P07886,STRICT,No,No,0.3067396146315856,True,Logistic_Regression
P01141,STRICT,No,No,0.1393712894410231,True,Logistic_Regression
P08242,STRICT,No,No,0.0400944766342291,True,Logistic_Regression
P04402,STRICT,No,No,0.2045714945200618,True,Logistic_Regression
P00751,STRICT,Yes,No,0.4118713747074958,False,Logistic_Regression
P01834,STRICT,No,No,0.063851507621193,True,Logistic_Regression
P06352,STRICT,No,No,0.1339334205529412,True,Logistic_Regression
P07152,STRICT,No,Yes,0.5110642503968843,False,Logistic_Regression
P06835,STRICT,No,No,0.2746600572936348,True,Logistic_Regression
P04811,STRICT,No,No,0.45538086343323,True,Logistic_Regression
P02722,STRICT,Yes,No,0.4850125572413415,False,Logistic_Regression
P02247,STRICT,No,No,0.1330069405069432,True,Logistic_Regression
P04088,STRICT,Yes,No,0.3361502258886495,False,Logistic_Regression
P03212,STRICT,No,No,0.3851069027123431,True,Logistic_Regression
P00271,STRICT,No,No,0.0097490413851855,True,Logistic_Regression
P08828,STRICT,Yes,Yes,0.9249862691614484,True,Logistic_Regression
P05616,STRICT,No,No,0.0494482558142571,True,Logistic_Regression
P08006,STRICT,Yes,No,0.3461352978579218,False,Logistic_Regression
P04410,STRICT,No,No,0.0375878009937693,True,Logistic_Regression
P08224,STRICT,No,No,0.4593977890524275,True,Logistic_Regression
P03099,STRICT,No,No,0.421085331693066,True,Logistic_Regression
P01867,STRICT,No,No,0.4447942491336182,True,Logistic_Regression
P04118,STRICT,No,No,0.3361534391780806,True,Logistic_Regression
P09900,STRICT,No,No,0.1067628999066018,True,Logistic_Regression
P07619,STRICT,No,No,0.3731953009505173,True,Logistic_Regression
P05089,STRICT,No,No,0.3223478527111958,True,Logistic_Regression
P00638,STRICT,No,No,0.0611082905515469,True,Logistic_Regression
P02165,STRICT,No,No,0.1321942589300503,True,Logistic_Regression
P02195,STRICT,Yes,Yes,0.6292714448345046,True,Logistic_Regression
P07865,STRICT,No,No,0.01819761890097,True,Logistic_Regression
P05096,STRICT,Yes,No,0.3946199568007141,False,Logistic_Regression
P01005,STRICT,No,No,0.4852164239950457,True,Logistic_Regression
P09887,STRICT,Yes,Yes,0.7586540310047166,True,Logistic_Regression
