Person_ID,true_label,prob_Average,prob_Good,prob_Excellent
P07358,Excellent,7.127812033768484e-26,8.965051592150106e-15,0.9999999999999911
P00604,Average,0.9999999999999694,3.066166521036773e-14,4.387896828945516e-28
P06337,Good,6.6083425734961e-05,0.9999339165261235,4.8141525693694596e-11
P03694,Excellent,4.994259065768787e-12,0.999380458600741,0.0006195413942646804
P06255,Good,2.3825507903243046e-10,0.9999999750933277,2.4668417310225172e-08
P01943,Average,0.9999998713737154,1.2862628451975382e-07,1.6365756576742615e-25
P00258,Good,8.456368430096977e-14,0.9999963889604749,3.6110394405460205e-06
P01577,Good,2.2517824904902718e-10,0.5522129850275553,0.44778701474726634
P05641,Good,4.666111220724281e-06,0.9999953338774026,1.1376742390309806e-11
P00055,Good,3.538486345109247e-10,0.99999997407171,2.5574441211239488e-08
P01814,Excellent,3.9528233379468436e-19,1.913929584844896e-07,0.9999998086070416
P05065,Good,2.2952079124049205e-09,0.9999999669347617,3.077003043483335e-08
P05263,Good,6.251148595077988e-09,0.999999993576645,1.722062247241109e-10
P03404,Good,5.897511515154438e-13,0.6592989957558292,0.34070100424358113
P03988,Good,3.7110722434532327e-10,0.9999999982404126,1.3884802429007175e-09
P07556,Excellent,1.2988362266639852e-21,6.730269945214084e-08,0.9999999326973005
P02936,Excellent,3.6788772123720025e-19,7.893412326082852e-08,0.9999999210658768
P08240,Excellent,1.1528022174177588e-22,3.955345289151196e-12,0.9999999999960447
P02451,Good,2.1751291235361175e-08,0.9999999766775965,1.5711121607958949e-09
P07287,Excellent,3.24475224254225e-21,2.8811052322903132e-09,0.9999999971188949
P01295,Excellent,3.499734985090296e-22,7.203395017527998e-10,0.9999999992796604
P00628,Excellent,2.0172458979266583e-21,6.753983244146999e-09,0.9999999932460166
P05867,Good,0.0496020611005393,0.9503979388994565,4.219091338617525e-15
P09431,Excellent,6.013700795640486e-28,3.5485171175902662e-15,0.9999999999999964
P01787,Average,0.9999554496128644,4.4550387135643135e-05,5.382114449477955e-18
P05284,Excellent,3.2200815004488293e-12,0.9926865971728873,0.0073134028238925255
P07815,Excellent,3.2773521272644632e-21,2.3506312023390735e-10,0.9999999997649369
P02776,Excellent,1.1372313332419809e-20,2.6727581355771783e-09,0.9999999973272418
P02302,Good,8.427954863178757e-07,0.9999991571937585,1.0755158705712364e-11
P04436,Excellent,9.656334271892683e-21,1.5423943420295327e-09,0.9999999984576056
P02349,Good,1.0038126374096877e-10,0.9999999997448668,1.547518782000644e-10
P04196,Good,0.00012668541079656172,0.999873314389415,1.997884593646432e-10
P06714,Average,0.9999999999999947,5.239902400558309e-15,2.1223206658356404e-27
P09860,Average,1.0,8.230774758649998e-20,1.5465369744715246e-36
P07526,Average,0.9997020855863804,0.00029791441361960453,1.1596625320256486e-17
P06000,Good,7.741751320504451e-05,0.9999225824628013,2.399367701582178e-11
P03047,Good,2.8385568740680187e-06,0.9999971614387363,4.389737688092763e-12
P09712,Good,2.2227006666323394e-09,0.9999999977769511,3.482049843764875e-13
P06287,Excellent,1.2660578073489735e-26,1.5147340073225252e-15,0.9999999999999984
P09050,Good,3.333428871535987e-08,0.9999999633531651,3.3125461867720715e-09
P04163,Excellent,1.3863226260932796e-29,5.245357064978174e-19,1.0
P08238,Good,3.217664299654444e-10,0.9999999906640767,9.014156782463878e-09
P01968,Excellent,2.6332399283092157e-27,4.3869522269952277e-16,0.9999999999999996
P07365,Good,6.930451150573498e-12,0.9999939920324911,6.007960578494919e-06
P09874,Excellent,3.341216468662028e-28,5.589605086698277e-15,0.9999999999999944
P05566,Average,0.9999999993790989,6.209010064237482e-10,2.1288638283958776e-21
P00764,Good,5.17797913752298e-11,0.9755692299486275,0.024430769999592695
P06338,Good,1.2229086054312873e-11,0.99906771532429,0.0009322846634809686
P04373,Good,8.803483278837931e-08,0.999999911826478,1.386891589169725e-10
P01384,Good,8.343134215999302e-11,0.9999999999165516,1.7080521700753475e-14
P09923,Excellent,9.043261130534408e-30,1.805581694064319e-16,0.9999999999999998
P06702,Excellent,3.736378086395042e-23,2.750889342651722e-11,0.9999999999724911
P04566,Average,0.0010685643832988939,0.9989314356155544,1.146578456281071e-12
P06582,Good,3.4126680071446287e-14,0.8933472998009547,0.10665270019901117
P08147,Good,0.0015985746973585736,0.998401425301375,1.266513074392786e-12
P04449,Good,3.1607931865117937e-10,0.9999999859516009,1.373231984995276e-08
P06297,Good,0.49933749516839315,0.5006625048316061,7.615731470863163e-16
P05112,Excellent,2.124572682691744e-20,5.0749783873420414e-08,0.9999999492502162
P08063,Good,2.5529917291985145e-09,0.9999990128647561,9.845822521295802e-07
P02283,Good,1.6196245145844175e-06,0.9999983803199525,5.5532957984889565e-11
P07995,Good,4.546820142245862e-12,0.9999999994130888,5.823644599691066e-10
P03241,Good,2.1700803345933103e-08,0.9999999776814312,6.177652832980028e-10
P07922,Good,1.4668008267362868e-13,0.0018220414283110274,0.9981779585715422
P06785,Good,4.558771417573377e-12,0.9999999987195285,1.275912716033485e-09
P07964,Excellent,1.1834917840936065e-12,0.0010146109592664347,0.9989853890395501
P02149,Good,2.6483505776997967e-06,0.9999973516462198,3.202493573106353e-12
P08656,Good,7.828497437598493e-11,0.9999996223087299,3.776129851239107e-07
P05774,Good,2.6300179201635085e-10,0.9997923317462009,0.00020766799079745399
P07567,Excellent,1.296270232355812e-16,1.9741615743622725e-05,0.9999802583842563
P05982,Good,1.265341599711808e-10,0.9836869204174592,0.01631307945600649
P08984,Good,0.07201291687194133,0.9279870831108088,1.7249877838020054e-11
P08343,Excellent,3.802210329080174e-19,3.3366752221715856e-07,0.9999996663324778
P04697,Excellent,5.312198706049055e-28,2.868023450143293e-18,1.0
P05953,Good,2.268539286213955e-06,0.9999977312970434,1.6367034728235763e-10
P08503,Good,2.4616761425150058e-11,0.999719779377355,0.00028022059802830485
P02319,Good,9.871599344123538e-08,0.9999999012835648,4.4185593549235114e-13
P01799,Good,0.2166176945069489,0.7833823054914588,1.59223518744211e-12
P06914,Good,0.0005057779636601521,0.9994942220363253,1.4466977276249713e-14
P08490,Good,3.58591236170573e-11,0.999998264951863,1.7350122778513537e-06
P08520,Good,8.871610683356575e-13,0.1757679230416555,0.8242320769574575
P04471,Average,0.9999698216636455,3.017833635453276e-05,6.39553480963081e-20
P00105,Excellent,7.824553064784176e-28,3.900290055088558e-14,0.9999999999999609
P07826,Good,1.4139873222416923e-11,0.9999999962546295,3.731230600962505e-09
P08172,Good,1.0608730025410242e-13,0.9984468354625456,0.001553164537348283
P03190,Good,1.1924011449375186e-06,0.9999988075907132,8.141881172130953e-12
P07529,Good,0.034180903380264936,0.96581909661972,1.5039006041199157e-14
P05895,Good,1.5924821999953543e-10,0.9961865615712646,0.0038134382694872135
P03114,Excellent,1.9176364287298292e-29,4.1515308520945853e-16,0.9999999999999996
P04238,Excellent,1.1209276141144281e-28,3.028049197459345e-17,1.0
P07533,Average,0.9999999999999993,7.323191896384878e-16,1.7117612962861535e-27
P04583,Good,1.7499465412745906e-05,0.9999825005214243,1.3162899084146044e-11
P00405,Excellent,4.645369366029864e-27,4.280178014356635e-17,1.0
P03225,Good,2.7905981473282844e-10,0.9999999991556228,5.653174744107716e-10
P02852,Average,0.9999999999998275,1.7246882957424638e-13,6.366648652428333e-29
P05506,Good,2.13007672808287e-09,0.9999999604891736,3.7380749638297697e-08
P06252,Good,3.95198239304206e-09,0.9999999958666967,1.8132082062987607e-10
P02925,Average,0.9993799532389376,0.0006200467610554761,6.777227790908642e-15
P09570,Excellent,9.799855742849923e-26,8.29556412715756e-14,0.999999999999917
P03587,Good,6.636614877731836e-10,0.9999999992532209,8.311762047303439e-11
P03799,Average,0.9969430487681665,0.003056951231830749,2.674462670856016e-15
P07448,Good,1.4421021073952501e-11,0.9999940209502362,5.979035342813235e-06
P02702,Average,0.9999154732178209,8.452678217884495e-05,1.630255802788409e-16
P01904,Good,0.2498646371474303,0.7501353628153731,3.7196578099983744e-11
P02898,Excellent,1.9171955431503105e-19,7.94804820385355e-08,0.9999999205195179
P03563,Good,0.00014797088123437134,0.9998520291155889,3.1768580421625695e-12
P08532,Average,0.9997477605352977,0.00025223946469049,1.1819619374874341e-14
P00584,Average,0.986752794423885,0.013247205576067959,4.700468273324705e-14
P02088,Good,4.7994065618933164e-12,0.006933048875503691,0.9930669511196969
P05640,Average,0.9999999999997244,2.7545741136152563e-13,2.5477737831447435e-28
P00214,Excellent,3.32555339381188e-29,1.947421693726774e-17,1.0
P00377,Good,1.0827895983652775e-09,0.9999890776941435,1.092122306696291e-05
P08453,Average,0.42872945963160425,0.5712705403679151,4.80537436430792e-13
P02360,Excellent,2.642149252647058e-24,9.258194746071628e-12,0.9999999999907419
P06661,Excellent,3.45702891876712e-19,9.137739090302029e-09,0.9999999908622609
P05408,Average,0.9999925437809124,7.456219087574101e-06,1.2578959401572625e-19
P04464,Excellent,2.1289147831901504e-27,7.220031267480406e-17,1.0
P06124,Good,7.859770061738964e-06,0.9999921402272159,2.7223237167317908e-12
P07122,Excellent,1.1386038669022144e-24,7.1319775174251e-13,0.9999999999992868
P08921,Average,0.9999998468857353,1.5311426459460883e-07,6.004697430956101e-22
P03725,Excellent,7.414292509562429e-13,0.12371919348868456,0.876280806510574
P07404,Excellent,3.8548736032196897e-23,1.2463485209415406e-08,0.9999999875365148
P06174,Average,0.9999168982657386,8.31017342545377e-05,6.9890008666365854e-15
P07016,Average,0.99999999999998,2.0007513680313747e-14,4.020645929313468e-27
P09721,Good,0.0012400139460917046,0.9987599860538573,5.092953246680828e-14
P04456,Excellent,1.1343150286852652e-28,2.0765280923469663e-14,0.9999999999999791
P04105,Good,0.9847085842245006,0.015291415775496961,2.48977330567516e-15
P05152,Good,8.831101353775654e-09,0.9999999892462853,1.9226132901452134e-09
P09515,Good,2.3908846110018244e-11,0.9570792883529443,0.04292071162314694
P05231,Excellent,1.0791714989789635e-11,0.9261646102920417,0.0738353896971667
P08742,Excellent,2.1598423662462193e-13,0.9713018859702682,0.028698114029515685
P08455,Good,1.901414271274929e-08,0.9999999809856684,1.8891012703667507e-13
P07244,Excellent,5.768022596562248e-22,1.7563250738873275e-09,0.9999999982436749
P07500,Good,1.1247998132146476e-12,0.5698938306936814,0.43010616930519374
P05354,Excellent,2.0109440393569412e-32,4.198866405340222e-19,1.0
P04314,Good,5.915467588638005e-07,0.9999994084524113,8.298212514105096e-13
P08266,Good,1.8567624531763694e-10,0.9999999997382745,7.604937099211564e-11
P06200,Excellent,1.1341172916698804e-14,0.0011010677494681627,0.9988989322505205
P03072,Good,0.09578420719341751,0.9042157928065825,2.0336969921387023e-17
P08514,Excellent,3.706757855773624e-19,5.8817973885282896e-08,0.9999999411820261
P06341,Good,4.181856596697396e-11,0.997432250765503,0.002567749192678486
P00350,Good,2.2098317732399722e-08,0.9564512439204857,0.04354873398119664
P08325,Excellent,2.060061718364865e-24,5.902796985351235e-13,0.9999999999994098
P08612,Excellent,3.320747061881937e-24,1.969228272093187e-11,0.9999999999803078
P01953,Excellent,3.277971978457466e-13,0.9834705092290237,0.01652949077064841
P04249,Average,0.9999999994632018,5.367982525359572e-10,3.795230472841347e-21
P02657,Excellent,4.9879593063686985e-31,1.3278514417713935e-18,1.0
P03701,Good,9.068827990243698e-11,0.9999969659151777,3.0339941341473344e-06
P01412,Good,1.2284815135633295e-12,0.9991451451686617,0.0008548548301097901
P03640,Good,1.013359424541801e-11,0.9999665966516191,3.340333824737635e-05
P05047,Excellent,1.6076577629709099e-19,5.418500879795466e-09,0.999999994581499
P00206,Average,0.9999999327452705,6.725472959075276e-08,1.4836507639654496e-25
P09502,Excellent,2.1021561624313986e-33,4.481826492262714e-17,1.0
P06320,Average,0.9999999993455981,6.544017580604224e-10,5.595206456922054e-26
P08572,Good,1.6061964896270316e-06,0.9999983932041457,5.993647620951537e-10
P01907,Good,8.705443812394398e-09,0.9999999725314886,1.876306760512732e-08
P07532,Excellent,2.9202833989407218e-21,5.163867667484049e-09,0.9999999948361322
P03400,Good,0.8434549053638756,0.15654509462592975,1.019474209787686e-11
P02145,Excellent,1.0659233716745857e-09,0.39372249444890434,0.6062775044851723
P08426,Good,2.322518759626749e-09,0.999999975545112,2.2132369179822667e-08
P03869,Average,0.3595391872589715,0.6404608127410257,2.7805389652488527e-15
P06874,Good,1.268015417403608e-10,0.9900945672454781,0.009905432627720461
P03009,Good,1.591523014180549e-13,0.9995341293713254,0.0004658706285155622
P06046,Good,1.4135642182821301e-09,0.9999998791029359,1.1948349999977678e-07
P05597,Average,0.9999999932933781,6.706621795631722e-09,1.3967030419010781e-24
P01109,Good,2.3429515564971594e-08,0.9999999765547217,1.5762707249570373e-11
P07765,Good,1.733699826939889e-10,0.9997359144719812,0.0002640853546488106
P03074,Excellent,9.411786817061808e-18,4.563010400230214e-10,0.999999999543699
P00683,Good,0.0014175481639357582,0.998582451835717,3.47221074823815e-13
P07543,Average,0.9999999928207381,7.1792617093016146e-09,5.607286788539576e-24
P05907,Excellent,2.6354527761187242e-23,2.8850230981748686e-11,0.9999999999711497
P05986,Good,4.2186962326563284e-12,0.999999999670032,3.2574946366668575e-10
P08000,Good,1.237147406020685e-10,0.999999999541614,3.346713075378725e-10
P08715,Excellent,6.412553747923382e-30,1.4471238483551346e-14,0.9999999999999856
P05441,Good,0.003920493846866596,0.9960795061525108,6.226782278703861e-13
P03611,Good,4.3773965576886e-06,0.999995622602763,6.793515089388762e-13
P07008,Average,0.9987943384746559,0.0012056615253441664,6.617970421439545e-19
P01498,Excellent,3.1820457314623377e-12,0.7440381564914669,0.25596184350535106
P04949,Excellent,1.1397217990085296e-16,1.5066502855250616e-06,0.9999984933497141
P09210,Good,2.9811310710455096e-09,0.999999997008217,1.0651873603440909e-11
P00232,Good,0.015671230983956622,0.9843287690145398,1.5035871567000832e-12
P03584,Excellent,1.876923120595881e-30,3.707505767256241e-17,1.0
P02447,Excellent,1.0600330228079638e-24,3.555590856084148e-14,0.9999999999999645
P05924,Good,0.04408368771612278,0.955916311702224,5.816532891008536e-10
P08729,Average,0.9999757440151026,2.4255984897269403e-05,6.169534910504145e-21
P02948,Good,1.18096370754715e-10,0.9998524758487135,0.0001475240331900562
P09277,Average,0.9999999996867845,3.1321545124200386e-10,5.774677168735785e-23
P00977,Good,3.028398973376056e-11,0.9999983173607911,1.6826089248534932e-06
P00629,Good,1.3751842155350428e-10,0.9999999503093373,4.955314421779808e-08
P00332,Good,2.8476738108896094e-08,0.9999999712814592,2.4180268771123924e-10
P00624,Excellent,7.218117005698795e-18,9.685883627176737e-08,0.9999999031411638
P03196,Excellent,5.434222143413791e-17,4.92086980672382e-06,0.9999950791301933
P01410,Excellent,2.4350877910365875e-12,0.027074877215019715,0.9729251227825453
P06528,Good,4.303165043095824e-10,0.9909824381214666,0.009017561448216882
P02965,Average,0.9999999999999813,1.8558199995817523e-14,2.2497820876431524e-31
P00840,Good,2.1590573101189584e-16,0.0007198814660035908,0.9992801185339961
P04839,Average,0.9999969532667112,3.046733288670203e-06,6.422541877936276e-18
P08533,Average,0.9999999999999913,8.627219132215435e-15,1.4782862658592891e-25
P08933,Excellent,8.083407647178785e-20,8.95225742035085e-11,0.9999999999104774
P01175,Good,3.229560061813351e-13,0.9995556215963833,0.0004443784032936837
P05076,Good,1.215736215676621e-11,0.9999999693769779,3.0610864800656337e-08
P05627,Average,0.6178358402839692,0.38216415971590173,1.2911314941758644e-13
P09399,Good,3.827009698586536e-05,0.9999617299025936,4.206321838753166e-13
P08516,Good,2.4737173890446986e-13,0.9999090842524365,9.091574731607313e-05
P04347,Good,5.969506793953628e-10,0.9952358616576327,0.004764137745416693
P05111,Excellent,3.1916578113974926e-32,1.7680185231612257e-17,1.0
P04159,Excellent,5.702546522004798e-20,6.800049894955577e-12,0.9999999999931999
P00641,Excellent,5.373220439429248e-18,2.6904604992678386e-07,0.9999997309539501
P03703,Excellent,1.4824238557319488e-20,1.2357220413391359e-09,0.999999998764278
P09330,Excellent,6.948851331806551e-19,5.360629155159101e-09,0.9999999946393707
P04617,Good,0.00018084076853616286,0.9998191592288495,2.6143779254235464e-12
P01223,Good,2.258914245476626e-09,0.9999999977390022,2.083525544317329e-12
P08377,Excellent,1.6977718924985797e-29,2.1563237191722712e-16,0.9999999999999998
P01630,Average,0.9999999973683729,2.6316272097003324e-09,2.657238256393684e-23
P03065,Excellent,1.240900477119167e-21,2.932988482436651e-10,0.9999999997067011
P06763,Excellent,1.0323182836614904e-28,5.754932300853604e-16,0.9999999999999993
P06561,Average,0.9999382203194027,6.177968059730183e-05,4.678080396685446e-18
P03825,Good,0.0034229438204935133,0.9965770542611829,1.9183234467701967e-09
P07785,Excellent,3.475970424690175e-29,2.91186472601212e-16,0.9999999999999998
P05845,Good,2.211964444827499e-08,0.9999999774790839,4.0127163394945234e-10
P08569,Excellent,3.1031793746991893e-26,7.845524972385535e-16,0.9999999999999991
P07975,Good,0.015752356486654406,0.9842476435109195,2.426188285534329e-12
P01772,Excellent,1.2708887375399505e-22,5.7095043780261484e-11,0.999999999942905
P04527,Good,5.1613110148169125e-05,0.9999483868892688,5.828806407357661e-13
P09722,Good,8.444188977023061e-13,0.9991999616670201,0.0008000383321355284
P04990,Excellent,7.288714898096141e-20,2.9212762529792503e-09,0.9999999970787237
P08863,Good,4.848259041852307e-11,0.9999965979018426,3.4020496748771024e-06
P09981,Excellent,2.1010184323684918e-29,2.051621651278965e-18,1.0
P00199,Average,0.03795487337428339,0.9620451266256957,2.0855226672211062e-14
P02291,Good,3.003463892630212e-13,0.26634658355973706,0.7336534164399626
P09992,Excellent,7.51852575765753e-17,0.00626195315896552,0.9937380468410345
P05311,Good,4.640239348152332e-08,0.9999999515719459,2.025660548199477e-09
P05693,Average,0.9994511644105939,0.0005488355894062297,2.9534591781988765e-17
P09824,Good,4.081409059092971e-09,0.9999999959185419,4.9077347682305255e-14
P08460,Good,1.2369127872460286e-10,0.9999989977123946,1.0021639139609294e-06
P09790,Excellent,1.7239838633143622e-29,3.067494987380958e-16,0.9999999999999998
P06506,Excellent,4.9943869567204695e-24,6.74238263612153e-10,0.9999999993257618
P06196,Average,0.9999999999998217,1.7819765209609768e-13,1.0121833463466648e-24
P06104,Excellent,2.7848602142419477e-15,0.977202938419739,0.022797061580258227
P09145,Good,3.687284418605508e-05,0.9999631269465681,2.0924572592454017e-10
P04970,Excellent,8.648250298133854e-37,9.782730466534612e-23,1.0
P03168,Good,0.9998778194100769,0.00012218058991973673,3.2779427900543597e-15
P02339,Good,3.3896421831267086e-15,1.1529611998400046e-05,0.9999884703879982
P07909,Good,1.8585193016673763e-06,0.9999981414791739,1.5244434140288807e-12
P08320,Good,1.7536695887849727e-08,0.999999982356165,1.0713908390594892e-10
P03367,Excellent,1.2935291251155384e-18,1.2259989309027143e-07,0.9999998774001068
P03631,Good,4.559629767009592e-09,0.9999994321719914,5.632683788498835e-07
P04177,Excellent,1.3872038162045836e-26,1.8047913439597225e-15,0.9999999999999982
P02724,Good,0.004273570177281583,0.9957264298146041,8.114210656208379e-12
P00707,Excellent,9.275363384840616e-26,4.636360864595354e-13,0.9999999999995364
P07253,Excellent,2.227100250420088e-13,0.7970430781115498,0.20295692188822742
P02720,Average,0.3661400121209957,0.6338599878788539,1.50391785920107e-13
P08831,Excellent,1.4149428263122677e-15,0.002511071982021743,0.9974889280179768
P03244,Good,8.426417485011606e-09,0.9015137707017556,0.0984862208718269
P02227,Good,4.606000700061273e-12,0.9999996054671421,3.9452825192349163e-07
P09857,Average,0.3940758101112405,0.6059241898887496,9.788885047643697e-15
P08366,Good,7.135346344125852e-11,0.8869810797257346,0.11301892020291208
P02210,Good,0.9999998376356921,1.6236430777884345e-07,3.746146875317908e-19
P00472,Average,0.999999121548108,8.784518920077359e-07,2.2449746520381926e-22
P02309,Excellent,2.1290292589053227e-14,0.9971968250150217,0.002803174984957087
P01917,Good,2.498704671014201e-05,0.9999750129519863,1.303483688810983e-12
P08483,Good,3.1419892234239554e-11,0.9999963094771238,3.690491456213596e-06
P06754,Average,0.9880095363515904,0.011990463648408467,1.0994019313274266e-15
P01992,Excellent,9.248865740925333e-18,7.858500741432475e-08,0.9999999214149926
P03597,Excellent,5.030683022321462e-16,0.00017226616410647943,0.9998277338358932
P03589,Good,8.087652815598287e-09,0.9999999914667194,4.456277656871209e-10
P02375,Good,0.998645495022407,0.0013545049775930515,6.18282683118739e-19
P04846,Average,0.003939355688027007,0.9960606443117994,1.7362121634020163e-13
P00688,Good,1.2684693326416805e-11,0.9999384440184285,6.155596888697497e-05
P09281,Good,0.002340661305828371,0.9976593386912548,2.9167358399236836e-12
P03406,Excellent,1.0206829862553898e-17,3.039830324293341e-10,0.9999999996960169
P00248,Good,2.1692029388172248e-06,0.9999978307951362,1.924941013737754e-12
P05006,Good,0.007028531230353935,0.992971468769418,2.279919171428851e-13
P09094,Good,1.4306554843299293e-10,0.9999999911604288,8.696505652803951e-09
P05979,Good,0.0006394090492051373,0.9993605909002935,5.050148605693688e-11
P06853,Good,3.429341613864543e-10,0.9765229921999856,0.023477007457080243
P02599,Good,0.9722741412225503,0.027725858776484678,9.650481676481209e-13
P08678,Excellent,5.18889706978371e-29,3.7529670221782044e-17,1.0
P00728,Good,1.5682254365752e-07,0.9999998410855676,2.0918886300801296e-09
P07818,Excellent,4.6625323595995064e-24,1.906759377006909e-13,0.9999999999998093
P04777,Good,6.583022817587717e-09,0.9999999934147086,2.268647102528273e-12
P01763,Average,1.0,1.3352609324675532e-19,1.878895398476289e-39
P06913,Good,3.088575926435698e-07,0.9999996910436806,9.872669856684593e-11
P02540,Good,6.74154771082132e-08,0.9999999323285723,2.5595045643147843e-10
P05279,Excellent,3.334070990819677e-20,2.0466816601062704e-10,0.9999999997953319
P03419,Average,0.9999999999969931,3.006818634920197e-12,5.288621793631915e-25
P07294,Good,1.1121857903256115e-09,0.9999999736425871,2.5245227105215658e-08
P00772,Average,0.9999999999999858,1.4261415187086834e-14,2.2269380756883253e-37
P02304,Good,0.002639113759906984,0.9973608862398218,2.711658910646317e-13
P02368,Excellent,1.277160524221303e-11,0.9999959529236933,4.047063535123124e-06
P01759,Excellent,7.552197220242362e-29,1.9936204229156754e-17,1.0
P07088,Good,6.815018346412457e-12,0.9999923107796865,7.689213498437298e-06
P04404,Good,4.6166403280641905e-08,0.99999995383342,1.7662015737085906e-13
P09479,Good,3.046613209489114e-10,0.9999999996810687,1.4270052128240144e-11
P03541,Good,5.427894575783929e-13,0.9999999968670983,3.132358993305524e-09
P00209,Excellent,1.8600567590546943e-18,6.830310657219212e-08,0.9999999316968935
P05850,Average,0.999999999883425,1.1657492033009135e-10,5.070218747885541e-22
P09451,Excellent,9.076580049998699e-21,8.001367921021104e-10,0.9999999991998632
P08711,Good,4.6402127470282805e-09,0.9999999953549306,4.856605535689885e-12
P07467,Excellent,2.12624280442234e-17,1.2037529918290304e-06,0.9999987962470083
P02116,Excellent,1.2295647496746109e-23,4.3677540545244847e-14,0.9999999999999563
P05831,Excellent,9.374235476410063e-25,1.2743186465142179e-12,0.9999999999987257
P01492,Excellent,1.6218693320723762e-21,5.8136503108292856e-12,0.9999999999941864
P05610,Good,0.004423387583725728,0.9955766124161467,1.2767007105787242e-13
P08615,Average,0.9999999889779868,1.1022013111146196e-08,7.794692120276364e-20
P07211,Excellent,9.16037710542191e-27,1.1676541057768746e-13,0.9999999999998832
P05155,Good,0.0014385378828511673,0.9985614621167265,4.223640137342916e-13
P01151,Excellent,6.382434969772336e-25,9.494605945703203e-11,0.999999999905054
P00736,Average,0.9508070624135119,0.04919293758645431,3.369230803359562e-14
P00469,Excellent,8.933294308020787e-24,3.598098484077575e-12,0.999999999996402
P07195,Average,1.0,3.619770568121422e-21,7.469742857642442e-38
P02352,Excellent,5.039749689775739e-16,0.0049423497460594264,0.9950576502539401
P05681,Excellent,3.5853924740676264e-23,5.178588895537154e-13,0.9999999999994822
P04922,Excellent,1.9145707589722857e-21,5.872776485193792e-10,0.9999999994127224
P02545,Excellent,1.0276491688332175e-13,0.028422916810069646,0.9715770831898276
P09965,Average,0.999999999908473,9.152702497054131e-11,2.5384623577970336e-26
P04746,Average,0.9999999944383524,5.5616474669096485e-09,1.0162936923295476e-21
P00364,Average,0.9999999999986298,1.37030647766398e-12,1.0444621581497745e-28
P00295,Excellent,1.9384790920716352e-33,1.4850175401734187e-18,1.0
P08815,Good,2.0067948057734793e-06,0.9999979931975485,7.645685560529734e-12
P05896,Good,7.307752803260556e-13,0.6278291694362849,0.37217083056298433
P06588,Average,0.9999999999125377,8.746223541166934e-11,4.997977452593695e-23
P07879,Average,0.9999999998893461,1.1065388496848072e-10,2.6597914115917565e-20
P07530,Good,0.21860578469434772,0.7813942153056316,2.080058737868326e-14
P05334,Good,3.033587913933355e-07,0.9999996966411934,1.5327063987672626e-14
P07689,Good,0.6393042588702625,0.3606957411285436,1.1940210437821314e-12
P05027,Average,0.745172862625225,0.25482713737477397,9.357311401709141e-16
P05761,Average,1.0,1.9618847274716734e-27,4.912911970773015e-44
P08738,Good,6.105647789705498e-10,0.999999985646242,1.3743193168906125e-08
P06284,Good,1.0475616740981346e-08,0.9999999614999594,2.8024423859092786e-08
P05804,Average,0.01788190235024457,0.9821180976497511,4.367986578395542e-15
P09952,Excellent,6.923072637998315e-13,0.6076511668484688,0.39234883315083896
P05387,Average,0.0001496970866089918,0.9998503029130792,3.1189007606927477e-13
P04121,Good,2.650650722813905e-09,0.9999999056299296,9.171941963059448e-08
P03393,Average,0.9999999987262742,1.2737256940564016e-09,9.061174819473161e-24
P02384,Good,6.443356283858872e-10,0.9999360247939847,6.397456167964258e-05
P01516,Average,0.9999999998869122,1.1308784583884517e-10,2.2339682626127246e-21
P02644,Average,0.462972481326643,0.5370275186732593,9.778731753586385e-14
P02453,Excellent,5.960482506256829e-23,2.3718886603548476e-11,0.9999999999762812
P05475,Average,0.9999999997441811,2.558188177545372e-10,1.5348046293268673e-23
P01148,Good,2.097355998727804e-12,0.9113194910281617,0.08868050896974096
P09930,Excellent,1.6060543159738316e-18,1.2137724898379706e-05,0.9999878622751017
P07165,Excellent,1.5902748819264334e-20,1.3759062874232504e-09,0.9999999986240937
P04635,Average,0.9996366164756427,0.0003633835243572191,3.3101069587310686e-20
P06015,Excellent,6.064277335214127e-19,7.125483556513513e-07,0.9999992874516442
P06181,Average,0.9999988352334228,1.1647665771978818e-06,2.7984480713407742e-22
P01540,Good,2.48608973123865e-10,0.9991665777173325,0.0008334220340584269
P02890,Good,7.145101121830995e-09,0.9999999928548968,2.056991771248025e-15
P02798,Average,1.0135493198204599e-05,0.9999898645067703,3.1477964751365055e-14
P05679,Excellent,1.1490086092086312e-26,1.9231486853014687e-15,0.999999999999998
P08347,Average,0.9842704690397681,0.015729530960221266,1.0658649739131176e-14
P06259,Good,6.300577499950895e-08,0.9999999369911163,3.108740450249094e-12
P04127,Excellent,1.6008215855298498e-17,7.896987742897014e-08,0.9999999210301225
P05913,Excellent,6.513156928886428e-20,2.131010456220918e-10,0.9999999997868989
P08781,Excellent,2.7367998287224767e-18,7.590521696856728e-09,0.9999999924094783
P03499,Average,0.9749858823566113,0.02501411764338826,4.314631916985274e-16
P04164,Excellent,4.2176055586144927e-14,0.01631453510991239,0.9836854648900455
P01836,Good,0.000509690544526443,0.9994903094516708,3.8028222915164274e-12
P03628,Good,8.917610197709971e-10,0.9999999991031119,5.127025927753409e-12
P02217,Average,0.9999999999999998,1.610816716103252e-16,3.8557574360733195e-29
P00380,Average,0.9999999999999987,1.4064126245782641e-15,2.2645480631126404e-29
P06238,Good,2.425319120560783e-13,0.9418901591750055,0.058109840824752006
P03832,Good,4.3580241192323696e-11,0.99725259577425,0.002747404182169737
P02397,Excellent,2.4706403361564236e-22,4.484239849769594e-12,0.9999999999955158
P00692,Average,1.0,5.6430862727558875e-18,4.9021617827000165e-32
P09984,Good,5.711842659542076e-06,0.9999942881502275,7.113089671606277e-12
P07939,Excellent,1.771521222549676e-20,9.309155496500789e-11,0.9999999999069085
P04695,Good,1.0275031290626825e-07,0.9999998972277669,2.1920057390261487e-11
P06359,Good,1.944121803029564e-07,0.9999998055583325,2.94873830237134e-11
P08048,Good,4.179245993508911e-06,0.9999958207213817,3.262479392305847e-11
P01877,Excellent,4.4653469415326155e-19,3.5691725094886607e-09,0.9999999964308275
P06136,Excellent,8.658564471384661e-25,2.2438377702478218e-14,0.9999999999999776
P04197,Good,3.4176763560857682e-15,0.45819693129815664,0.54180306870184
P02206,Average,0.9999999999994817,5.1835571654097e-13,1.0907333201238043e-25
P07872,Good,3.293871414094371e-10,0.9999999995099227,1.6069008909800605e-10
P09957,Average,0.6155515788821802,0.38444842110610833,1.1711539099078048e-11
P04606,Good,8.874055417979603e-09,0.9999999381374618,5.298848279279407e-08
P00535,Good,3.633234226614537e-08,0.9999999435785528,2.0089104921861508e-08
P01214,Average,0.9966977978466138,0.0033022021533861074,2.1327651831958908e-16
P00369,Excellent,8.965545729026606e-21,1.6649751583614716e-11,0.9999999999833502
P03070,Excellent,4.5080002070392144e-34,6.432631443871896e-22,1.0
P09768,Excellent,8.029531385971877e-34,2.8566261100009875e-19,1.0
P09161,Average,0.9999999999671891,3.281082093228948e-11,8.287297420072582e-26
P05022,Good,5.368593524980947e-13,0.4680043086065979,0.5319956913928652
P03527,Average,0.9999999999999978,2.164058768933793e-15,8.111512763035623e-33
P07946,Excellent,2.0102664774774733e-36,1.3378360889897302e-19,1.0
P03853,Good,1.2062717571995224e-08,0.9999999879372409,4.156838403853067e-14
P01710,Good,0.36467838010615344,0.6353216198934396,4.0702056980268355e-13
P08045,Good,3.8886324457891513e-11,0.9999999999010722,6.004138241927237e-11
P08419,Average,0.9999999999999998,2.8745961238814087e-16,2.467039926900536e-29
P06409,Average,0.12509452648163347,0.8749054735080639,1.0302536707706286e-11
P05315,Good,9.456200581112403e-10,0.9999999122835109,8.677086889240117e-08
P05966,Good,5.066485925122782e-07,0.9999994933513756,3.1778736558126946e-14
P01503,Good,6.877761694886249e-07,0.9999993120114458,2.123847786014679e-10
P01393,Excellent,2.8629336465246804e-17,3.5493651322318924e-07,0.9999996450634868
P02257,Excellent,6.121385704695257e-13,0.9973892279476914,0.0026107720516963524
P05180,Good,3.6931762283859202e-09,0.999999995898214,4.086097728703203e-10
P09986,Average,0.9999651011419128,3.489885808719507e-05,6.103573124632216e-17
P06711,Good,7.10672858608612e-11,0.9999945710139567,5.428914976076577e-06
P03575,Good,6.254437539133842e-07,0.9999993729754945,1.5807515204747069e-09
P02482,Good,0.00026845968791675185,0.9997315402970552,1.5028062812542842e-11
P07175,Good,2.0474247690043806e-11,0.6210453976901997,0.378954602289326
P04775,Excellent,2.661512472800367e-16,7.39562218141468e-05,0.9999260437781857
P09123,Good,1.193312762463757e-06,0.9999986989492552,1.0773798245188576e-07
P06060,Average,0.999996904316539,3.09568346106567e-06,9.724303708469113e-21
P04674,Excellent,8.905894183901353e-17,0.010825192481404374,0.9891748075185957
P03904,Good,5.517816300740758e-05,0.9999448218365672,4.254600889304236e-13
P08777,Average,0.9999982118394001,1.7881605999896053e-06,1.7169375125070956e-19
P08337,Excellent,5.160654818343959e-19,1.7217372975942328e-07,0.9999998278262702
P04808,Good,2.2710441424444497e-09,0.9999999977249676,3.988157891737591e-12
P08279,Average,0.9999999999999685,3.152886520306048e-14,5.642069988265365e-28
P01406,Average,0.9999999999891216,1.0878338398550343e-11,7.552139901906001e-27
P04454,Excellent,3.1167325165580583e-15,0.001064128699381398,0.9989358713006156
P01458,Excellent,8.711157946350755e-12,0.3515770278273189,0.6484229721639699
P00036,Good,0.00021085743348330245,0.9997891425419422,2.4574452417360576e-11
P08844,Good,5.106183065841617e-10,0.999999435578759,5.639106226954148e-07
P03528,Excellent,2.5355928233452587e-24,2.9736668388397474e-12,0.9999999999970264
P02369,Excellent,6.674405199294677e-27,6.921435777583066e-14,0.9999999999999307
P08276,Average,0.01726967849007844,0.9827303215099072,1.4420249990777578e-14
P09863,Excellent,3.071191638670249e-14,0.2530585912313725,0.7469414087685968
P03502,Good,3.400804239340729e-14,0.9701846710783768,0.02981532892158926
P01131,Good,6.581648029700775e-10,0.9996766656237881,0.00032333371804708206
P09928,Good,4.644238476794738e-09,0.9999999947597875,5.959739164568716e-10
P02499,Average,0.9998233437616014,0.00017665623839806808,3.652368658177987e-16
P07109,Average,1.0,6.697360867609596e-19,3.0337296610375316e-32
P05412,Good,6.657797569224337e-12,0.9999999978823373,2.111004834044751e-09
P09580,Average,0.9999999996851276,3.1487236306445083e-10,2.0544351462651508e-27
P03576,Excellent,8.534974033649152e-32,5.656734181762026e-20,1.0
P00285,Excellent,3.0072362849736927e-32,8.544686336199711e-20,1.0
P09485,Excellent,1.584708494471776e-17,2.2627522747606135e-07,0.9999997737247724
P00503,Good,2.7873559182184943e-13,0.4600158333242822,0.539984166675439
P03712,Average,0.9999999998825375,1.174625637472563e-10,1.223323602713758e-24
P01425,Excellent,1.9837335217799787e-27,3.070919667716229e-13,0.9999999999996929
P09288,Excellent,1.734549814243274e-14,0.026982498002901922,0.9730175019970808
P02918,Good,1.8378858240102935e-10,0.9999998511173316,1.486988797785428e-07
P08799,Good,1.2352595409222445e-14,0.01012286811392129,0.9898771318860663
P05281,Average,0.9999999999999802,1.9718146324040466e-14,1.0697187710603576e-30
P06848,Good,4.417924001903274e-08,0.9999995920818509,3.637389090983217e-07
P02361,Good,5.833254059734205e-10,0.9999999993552156,6.145912913849001e-11
P01896,Good,7.852283434185121e-05,0.9999214771655496,1.084403654687216e-13
P05081,Average,0.9999999999957818,4.218097658168402e-12,2.2098089911740153e-25
P02764,Good,6.813977279433302e-07,0.9999993186022238,4.819780827117374e-14
P00592,Average,1.0,1.1518503786304535e-21,7.21656127616443e-35
P00923,Average,0.9999999968125379,3.1874620682156734e-09,4.399228763922717e-21
P07584,Excellent,1.273481387169699e-10,0.9991815671339797,0.0008184327386720945
P08363,Excellent,3.997984612153193e-19,6.392763364091736e-09,0.9999999936072366
P06019,Average,1.0,7.527316701101972e-17,4.550120786501421e-33
P06298,Good,8.273413813045318e-06,0.9999917264697615,1.1642538669909686e-10
P01911,Good,3.3161240612109915e-06,0.9999966838759333,5.534491252906276e-15
P06056,Good,7.160030012216437e-09,0.9999999925036412,3.363288833937667e-10
P07274,Good,5.959890972982955e-09,0.9999999940064912,3.36178803177576e-11
P04982,Excellent,3.598012519901428e-16,0.0005333821894100981,0.9994666178105894
P07229,Excellent,1.0143372339876702e-17,2.5506997113034526e-07,0.9999997449300289
P03763,Average,0.9999999999996911,3.0880586947390386e-13,5.233260944573932e-31
P09783,Good,1.898706786926078e-08,0.9999979580626639,2.0229502682526182e-06
P01721,Good,0.011718311100737525,0.988281688890644,8.618432200715986e-12
P02497,Excellent,7.17255449222335e-18,2.0285324268182836e-06,0.9999979714675731
P08941,Excellent,3.61716229588789e-15,0.0034057564730714876,0.9965942435269249
P03915,Average,1.0,8.109493033803625e-18,2.4362660152504137e-35
P04822,Good,2.3021649793726002e-10,0.9999999997657258,4.057763402470435e-12
P01141,Good,3.9674352810960137e-10,0.999999999598381,4.875356890967956e-12
P09867,Good,1.037525239943019e-11,0.9999999993550999,6.345248590643835e-10
P04474,Good,1.5598339764312048e-05,0.999984401659844,3.9170223075458865e-13
P05098,Good,4.150575220434194e-12,0.9999997519130557,2.4808279378293527e-07
P06240,Good,0.0002603052232875705,0.9997396947730319,3.680504874662577e-12
P04628,Average,0.9787653785190198,0.021234621480979522,6.689780144374969e-16
P01330,Good,2.573219435163696e-12,0.9999939205209353,6.0794764915104826e-06
P01548,Average,0.999999999999359,6.410100510578306e-13,3.151883009504752e-25
P01238,Good,2.0310285061940908e-11,0.9999964745119466,3.525467743149664e-06
P00385,Excellent,1.489110601490999e-17,2.534768255845535e-05,0.9999746523174414
P06741,Average,0.9999999999627418,3.725824694535336e-11,1.1748306538427585e-23
P02334,Excellent,1.5864156602521105e-17,2.5321572030818418e-05,0.999974678427969
P06468,Excellent,6.883741860036688e-20,3.816799081869481e-09,0.9999999961832009
P01308,Average,0.9986098016662581,0.0013901983337419959,1.9536490877693175e-17
P01978,Excellent,8.625154418854976e-19,1.655086187984654e-07,0.9999998344913813
P09287,Excellent,3.832647493618464e-23,2.341176802772699e-10,0.9999999997658824
P02450,Average,0.9999999585607487,4.143925120891467e-08,8.97240289465853e-24
P02444,Good,1.0819453879474712e-10,0.9999666778580939,3.3322033711567e-05
P08006,Average,0.9999999999999989,1.0609393673611656e-15,8.607577690319065e-27
P06269,Good,2.6311006191191842e-08,0.999999972911983,7.770109585916254e-10
P04272,Average,0.9999881090621331,1.1890937867029694e-05,7.032668839142063e-19
P07679,Good,3.4511963910033716e-10,0.9999999996297995,2.5080860175615043e-11
P01301,Average,0.9992354435621571,0.0007645564375349066,3.079526878324107e-13
P06746,Excellent,2.850770992674993e-12,0.776725920539207,0.22327407945794234
P05545,Average,0.9664465547320598,0.03355344526793961,5.524502600136387e-16
P06093,Excellent,6.558776868841156e-15,0.006501961038179338,0.993498038961814
P04797,Average,0.9997583563045674,0.00024164369543262795,1.0216367588906517e-18
P00819,Average,0.9999999990429209,9.570791160382451e-10,5.875796139995122e-20
P06957,Good,1.179498530163054e-11,0.9893004476324213,0.010699552355783555
P09229,Good,0.8284733648433527,0.17152663515641545,2.320518960694647e-13
P09336,Good,5.288917054510048e-13,0.0017262148353447604,0.9982737851641262
P01932,Good,1.2383217442692543e-09,0.9999999946057596,4.1559185338250214e-09
P08525,Good,3.562959549403686e-10,0.9999999995182551,1.254488370197851e-10
P06579,Good,1.747387755373173e-05,0.9999825261148447,7.601475142902618e-12
P03893,Good,1.16524106301167e-09,0.9896986395108898,0.010301359323869108
P00327,Excellent,9.007955519450795e-14,0.9357534939724023,0.06424650602750759
P09815,Good,0.0026912217276561555,0.9973087782676354,4.708542671948549e-12
P05660,Average,0.9894057068875123,0.010594293112364024,1.2378842705503362e-13
P02757,Excellent,1.514743279356454e-18,1.3434077561143534e-07,0.9999998656592245
P03263,Good,2.3700895625164403e-13,0.9999999913292784,8.670484588924495e-09
P03524,Good,1.394745036794375e-10,0.9999999989465276,9.139979259887458e-10
P06674,Average,0.05258355670154131,0.9474164432984583,4.140736019092135e-16
P06854,Good,2.893275873842414e-08,0.9294799496176697,0.07052002144957155
P01324,Average,1.0,1.163209586691998e-22,9.724903326299953e-40
P04482,Average,0.9999996159494283,3.840505716314558e-07,2.5770633668547865e-18
P05876,Excellent,1.084351352518067e-19,3.001275792445558e-11,0.9999999999699873
P03249,Excellent,2.9263124737342584e-25,8.546544854444387e-16,0.9999999999999991
P04149,Good,3.5310153867293453e-10,0.99919429589758,0.0008057037493184495
P02572,Excellent,1.0596339380570767e-11,0.7219879147415819,0.27801208524782184
P04394,Good,5.240884940648071e-11,0.9999696260418944,3.0373905696661537e-05
P01434,Average,1.0,2.883999090513671e-22,3.581711008806395e-36
P07086,Good,1.2147465811067196e-08,0.9999999856762645,2.1762697520232555e-09
P05987,Average,0.9999999999997105,2.89639293020353e-13,7.2070194208164e-27
P09864,Excellent,2.7254957124604775e-22,4.011807013749345e-10,0.9999999995988194
P04594,Good,1.1324387846036696e-09,0.99955815314085,0.00044184572671119617
P02004,Excellent,1.2611960630924455e-14,0.0005037530939666098,0.9994962469060207
P00939,Average,0.999999525021896,4.7497810401545574e-07,4.248307359804718e-21
P00179,Good,1.1737262983223573e-09,0.9999999155623516,8.326392214231582e-08
P08085,Average,0.9999921803314012,7.819668598807267e-06,1.60100371005224e-19
P04440,Average,0.9999999999996299,3.7019429228453617e-13,6.448571692176233e-29
P09303,Average,0.9999999999829337,1.706627222487402e-11,2.584533366329623e-22
P05611,Excellent,5.18957535145233e-16,5.754669180543933e-06,0.999994245330819
P01650,Good,4.402777519302028e-05,0.9999559722242991,5.07803901285016e-13
P01416,Good,1.2989288405368548e-10,0.9999996875765634,3.1229354362905414e-07
P08250,Excellent,7.78212051806396e-22,5.0200116178378094e-11,0.9999999999497999
P06732,Good,3.3563533787925373e-12,0.5068186193814805,0.4931813806151631
P06672,Average,0.9999999999999514,4.856063269932022e-14,1.4277278484539723e-26
P04599,Good,3.502373502333633e-11,0.9997374781249816,0.0002625218399947162
P00656,Excellent,3.638799512038889e-12,0.05545910887686104,0.9445408911195
P01438,Average,0.9999999604523848,3.954761518146241e-08,2.6284494479212506e-22
P00276,Excellent,2.658597343973454e-29,2.2598569863672555e-15,0.9999999999999978
P03546,Good,1.036318815064736e-06,0.9999989636644164,1.6768589583878047e-11
P09382,Good,0.9994839283555862,0.0005160716439703433,4.434408597498746e-13
P04604,Excellent,1.5503314842636874e-26,3.996763843571988e-14,0.99999999999996
P00113,Average,0.9999999999999998,2.116540482520886e-16,7.856114022843252e-30
P06962,Good,2.0067535697257044e-06,0.9999979931209403,1.2548987593352973e-10
P05119,Excellent,3.0243164998741936e-16,8.114408608286016e-06,0.9999918855913915
P02731,Excellent,7.718399487364621e-25,3.1388344150273007e-15,0.9999999999999969
P07178,Good,3.0284154431170855e-09,0.99999999697084,7.446498637244343e-13
P08424,Good,2.298903009391336e-12,0.9999991993384376,8.006592635400515e-07
P06395,Good,0.9431521415831257,0.056847858416754236,1.2011932475837247e-13
P03301,Good,1.3325074784680847e-12,0.04536065852576303,0.9546393414729046
P08963,Excellent,5.376930152215149e-24,3.61907364231973e-15,0.9999999999999964
P08440,Good,2.858617301618791e-11,0.9999999994358315,5.355822942754825e-10
P04716,Good,6.571906651596835e-11,0.04026655344903052,0.9597334464852505
P00378,Good,1.1163493882790657e-08,0.9767452677240404,0.023254721112465862
P05426,Excellent,5.501446065115463e-23,2.1510672301900866e-12,0.9999999999978488
P08438,Average,1.0,1.8950006124529284e-22,6.2428051621287e-37
P04225,Average,0.9999999999975226,2.4772577877958546e-12,7.888623177325992e-26
P02999,Good,0.009244924700696128,0.990755075297236,2.0678959511415074e-12
P02295,Good,4.6538528305983476e-10,0.9999999994818813,5.2733314944780637e-11
P00304,Good,0.00022505188606950614,0.9997749480431077,7.082274076837872e-11
P03959,Good,2.760369646520944e-07,0.9999997239630332,2.2410909813160268e-15
P00872,Good,4.305007622728699e-12,0.9999999999810107,1.4684266290453937e-11
P05353,Good,9.566237809610974e-05,0.9999043376218757,2.828579722449346e-14
P07522,Excellent,2.6290403985607434e-12,0.9999997417701919,2.5822717901467113e-07
P07755,Excellent,3.792197426266965e-13,0.018860374481873637,0.9811396255177471
P08664,Excellent,2.961730476239493e-27,1.7601697533835083e-14,0.9999999999999825
P05126,Good,4.133870280572863e-12,0.9999992619318966,7.380639695085801e-07
P00301,Excellent,6.741761017787194e-23,2.612413714643042e-14,0.9999999999999738
P05197,Good,1.079630571421157e-09,0.999999998884838,3.553144030576305e-11
P09343,Good,3.5482450130371504e-05,0.9999645175491753,6.943667455189238e-13
P06602,Average,0.9999400799234253,5.992007657476283e-05,4.237770400915765e-22
P03165,Excellent,4.441418108946919e-13,0.012615843219412573,0.9873841567801431
P07154,Average,0.9999862770474011,1.3722952598979062e-05,6.165402511151637e-20
P06500,Good,1.8042953244871373e-09,0.9999999854596351,1.2736069541391085e-08
P03729,Excellent,2.5730117881529685e-18,1.7117948336886938e-09,0.9999999982882051
P05173,Average,0.9909165925138718,0.009083407486127886,3.570459320008667e-16
P02382,Good,2.727577913738834e-05,0.9999727242172067,3.6558676527395375e-12
P00119,Good,2.6829844511633588e-05,0.9999731701551776,3.107079200800012e-13
P06762,Average,0.9999999999999949,5.20335053555062e-15,2.1089814383991338e-32
P07070,Good,2.2763628720784395e-10,0.99999999972714,4.522367652062443e-11
P01496,Excellent,8.547328868566757e-30,1.7346043284130196e-16,0.9999999999999998
P06334,Good,6.38585939829738e-11,0.9871705145112624,0.012829485424878955
P05904,Good,3.89975940573921e-15,0.0031600932762089152,0.9968399067237871
P06054,Good,1.662332496760813e-10,0.9959834525531142,0.004016547280652589
P09819,Good,0.0011427839622684922,0.9988572158957321,1.419994423230166e-10
P03101,Good,2.9595538474229467e-10,0.9999999996829649,2.107969495126023e-11
P01273,Good,1.5371789634715342e-11,0.9999773656404561,2.2634344172024614e-05
P02483,Excellent,7.557953266960315e-19,5.188070021506862e-08,0.9999999481192998
P07148,Excellent,5.932535998291166e-26,9.828719393570617e-15,0.9999999999999902
P02950,Excellent,3.1793233464860286e-27,2.062604830814791e-17,1.0
P04156,Good,2.0492037310283896e-09,0.9997099887385872,0.00029000921220914835
P03508,Excellent,4.891411834964996e-23,3.256373793749549e-11,0.9999999999674363
P03808,Good,0.8303350615181064,0.1696649384818676,2.5992742999397395e-14
P03021,Good,8.455925925606903e-10,0.9999999991389628,1.544464460365369e-11
P06606,Excellent,3.53471735590018e-24,9.994586195301134e-13,0.9999999999990006
P08159,Good,2.213750967098017e-09,0.9999914992463764,8.498539872592956e-06
P04998,Average,1.0,1.735344916313521e-18,3.492151572965047e-32
P00818,Good,5.544082398805787e-11,0.8830607806536959,0.1169392192908634
P03713,Average,0.9998719280746627,0.00012807192533678113,4.1859872712429466e-16
P09524,Good,4.562162979234216e-05,0.9999543783468091,2.3398537073492778e-11
P02605,Good,3.819381851955575e-12,0.744075335002032,0.2559246649941486
P01991,Excellent,2.59481078142485e-13,2.8847995073349867e-05,0.9999711520046671
P00770,Excellent,2.0845345072890933e-18,2.737002835524733e-05,0.9999726299716447
P04120,Average,0.9999998076163951,1.9238360481925694e-07,1.1084601436395748e-20
P05340,Excellent,6.324793865271999e-25,8.856698254750482e-13,0.9999999999991143
P09719,Good,0.00033155979136277895,0.9996684401975178,1.1119415848399307e-11
P06637,Excellent,1.0800888778877176e-11,0.8241700773016027,0.17582992268759645
P02299,Excellent,1.487926585991653e-20,3.523613336902473e-10,0.9999999996476387
P07463,Average,0.6059130576982189,0.3940869423013534,4.277082214619064e-13
P01590,Good,6.570262691318968e-15,1.0210083800365798e-05,0.9999897899161929
P08097,Excellent,1.0687993984948395e-11,0.07269673354784285,0.9273032664414692
P02132,Average,0.999999999999807,1.929886469478646e-13,1.897323826228948e-24
P08417,Good,0.8763421187847039,0.12365788121509767,1.9843003193312256e-13
P06896,Good,2.6939033412214794e-09,0.9999999967373254,5.687712148559028e-10
P08877,Average,0.9999999999183353,8.166461491086794e-11,6.534663566880824e-24
P00129,Average,0.9999989951903527,1.0048096473274674e-06,4.0115829734062916e-20
P09852,Good,5.417861343047977e-11,0.9371273078367485,0.0628726921090728
P04840,Average,0.9999999984666166,1.533383401993839e-09,1.71387980014525e-23
P08425,Good,1.4702003838599516e-10,0.9999969105944247,3.0892585551753997e-06
P00499,Good,0.019014506714351335,0.9809854931157979,1.6985078576706624e-10
P09838,Excellent,3.567013818163889e-21,7.506628820162871e-09,0.9999999924933712
P01048,Good,5.433592170465488e-11,0.9999999841438969,1.580176716183446e-08
P04723,Good,1.1505380285479109e-10,0.9936895713306616,0.006310428554284701
P07997,Average,0.9999989879107394,1.0120892606628175e-06,1.041478547958523e-21
P06655,Good,3.375083325328896e-16,0.09688655705017503,0.9031134429498245
P05943,Excellent,1.2036541573757288e-26,2.516113146839102e-16,0.9999999999999998
P06294,Good,5.651566231214694e-10,0.999995439061294,4.56037354944652e-06
P05580,Good,3.2211688716761506e-10,0.9999997017067138,2.9797116918253424e-07
P06327,Good,5.366166583676276e-13,0.9999262342352944,7.376576416906891e-05
P07386,Good,1.250251009665933e-06,0.9999987493534743,3.955159648071548e-10
P09369,Excellent,4.866854192892555e-28,1.1442625627854747e-12,0.9999999999988558
P07792,Average,0.9999984607026666,1.539297333483074e-06,4.435942879265776e-20
P05481,Average,0.999999999999974,2.59943620051248e-14,2.2710021681624072e-29
P09280,Average,0.9999999999592011,4.079891054532377e-11,2.310805128112657e-28
P07903,Average,0.9999999873239488,1.2676051231828823e-08,8.125780960427306e-22
P06648,Excellent,1.2787936994764613e-12,0.04336839201520175,0.9566316079835195
P07337,Average,1.0,1.5470102677787864e-19,8.254562927287592e-36
P07719,Average,0.996563341624542,0.0034366583754494415,8.555294070198348e-15
P02909,Good,2.318302197055439e-09,0.9999999976174987,6.419907994461875e-11
P02317,Average,0.898926178847099,0.10107382115290045,4.543190553927301e-16
P03172,Average,0.9999833819542614,1.6618045737810822e-05,7.500618949645111e-16
P05148,Excellent,1.7279582890928089e-25,1.8736451623255793e-13,0.9999999999998126
P05960,Excellent,4.042147083582319e-24,1.7357999076527382e-14,0.9999999999999827
P09055,Average,0.999999079158459,9.208415410992455e-07,1.3595008067559715e-21
P09548,Excellent,1.8503436445634952e-12,0.13776982410430685,0.8622301758938429
P02141,Good,8.007794051625887e-06,0.9999919922048358,1.1125955705371122e-12
P01317,Excellent,3.9283049044621465e-27,6.839137470992472e-15,0.9999999999999931
P03413,Excellent,5.881918580787593e-11,0.9946885668533852,0.005311433087795679
P02019,Good,1.1544636385552565e-09,0.8583039357142733,0.141696063131263
P02693,Good,3.428729075107819e-11,0.9999999925181301,7.447582746229089e-09
P09685,Excellent,1.7396016678685428e-28,4.391124637679248e-16,0.9999999999999996
P05480,Average,0.6857971914106078,0.31420280858939165,4.44721549936434e-16
P05858,Good,5.420848085799062e-10,0.9998878313496729,0.00011216810824226281
P07656,Excellent,2.3018208084872196e-28,6.029993837183324e-14,0.9999999999999396
P08807,Average,0.9974166160958114,0.0025833839041885685,4.495573059386982e-17
P09442,Good,0.993711565515925,0.00628843448407298,2.019266469519952e-15
P06411,Good,4.572981826786407e-10,0.7937021079650592,0.20629789157764258
P08115,Excellent,1.4715310069992214e-22,2.0007085571375277e-12,0.9999999999979994
P01855,Excellent,5.9301689480854244e-15,3.85494963917611e-05,0.9999614505036023
P07840,Excellent,5.0138238705238484e-14,2.287520797307208e-05,0.9999771247919768
P08493,Good,4.786464444444953e-10,0.9999999871848694,1.2336484161062712e-08
P06587,Excellent,5.1410871986247754e-15,0.0038904505243265684,0.9961095494756683
P08194,Excellent,4.821535166278405e-16,5.044168418838651e-05,0.9999495583158112
P03973,Good,1.1756248360410511e-09,0.9999543447090697,4.565411530542793e-05
P07950,Excellent,8.661536908932825e-13,0.40562382821733084,0.5943761717818029
P05390,Excellent,2.6153872027302336e-09,0.999999894068189,1.0331642388072295e-07
P08264,Good,2.2165187088642404e-09,0.9999999688715401,2.8911941351587106e-08
P03495,Excellent,3.822270579181149e-30,2.757457062263066e-18,1.0
P06376,Good,5.306338738813427e-06,0.9999946936538409,7.420296562959458e-12
P02187,Good,5.4712522836582574e-14,0.1343548869852874,0.8656451130146579
P02343,Good,1.8273133995356585e-10,0.9999999845521692,1.526509939169715e-08
P04498,Good,2.98073703215638e-07,0.9999997018870554,3.9241326752822143e-11
P02143,Good,0.9952646104949353,0.004735389498696988,6.367587655618725e-12
P05294,Good,0.8556830285509264,0.14431697144907346,1.4819228284347384e-16
P07113,Good,4.235032494185581e-07,0.999999565014835,1.1481915489485763e-08
P00197,Average,0.9975593949145302,0.0024406050854611917,8.58785181575597e-15
P01788,Average,1.0,9.875252594223326e-26,4.849164190322963e-44
P00497,Excellent,2.8433753749052384e-25,4.833309824020495e-16,0.9999999999999996
P01717,Good,2.0145584087933707e-07,0.9999997985439368,2.2242491764822048e-13
P02915,Good,2.1139767380447626e-12,0.9999999990899304,9.079556083688895e-10
P06223,Good,2.138175259817062e-12,0.9997927104969192,0.00020728950094263537
P01360,Good,5.3321782458659785e-15,0.00035636749228420414,0.9996436325077105
P08527,Excellent,3.190771502291771e-11,0.9901119071603321,0.009888092807760117
P03464,Average,0.00015553862213639328,0.9998444613777032,1.602704717186759e-13
P07106,Average,0.9999999999999964,3.464658839345424e-15,3.988391006136081e-27
P04683,Good,2.0935903967824e-05,0.9999790640957166,3.1568360808514097e-13
P00157,Good,6.684599830442833e-05,0.9999331540014776,2.178621315493462e-13
P07363,Excellent,2.796982993371814e-28,1.08811292045741e-15,0.9999999999999989
P01024,Excellent,1.3255639672065112e-23,1.2192715312529431e-11,0.9999999999878073
P06072,Average,1.0,6.170792540449354e-20,5.06967907373937e-35
P01653,Excellent,9.180463388825539e-20,1.7155259645902724e-08,0.9999999828447405
P05226,Good,8.063844689015793e-11,0.9999915309423293,8.468977032156432e-06
P05730,Good,6.624999838630707e-05,0.9999337500016137,3.29007080056457e-17
P04655,Excellent,3.620684423802922e-21,4.323229636835407e-10,0.9999999995676769
P04691,Average,0.9999999984082308,1.5917691084119153e-09,1.5381601360989773e-19
P01207,Excellent,5.943272110256279e-28,2.2095557022385336e-17,1.0
P03355,Excellent,1.0703733578324468e-24,4.344538584219284e-12,0.9999999999956555
P01126,Average,0.9363340330549282,0.0636659669442858,7.857918524060354e-13
P03536,Good,0.6437931040582682,0.35620689593810945,3.6223211876769812e-12
P00109,Excellent,1.2999828073637052e-27,2.0726840463657295e-13,0.9999999999997928
P03493,Average,0.5574096507399208,0.44259034926003116,4.798334088503303e-14
P01634,Average,1.0,2.7582775780743144e-17,2.3764067967732793e-31
P06623,Good,1.2345469429239962e-12,0.9999999909989431,8.999822451972169e-09
P08803,Average,0.9999999990064854,9.935146377655343e-10,1.4924404632966774e-22
P01397,Good,8.36736943595961e-05,0.9999163263055834,5.706414660410946e-14
P00536,Excellent,1.790246557429361e-23,7.400444198041522e-12,0.9999999999925995
P06073,Good,0.6599485159901461,0.34005148400982227,3.162580695008156e-14
P05172,Excellent,2.337519258027545e-18,1.0371036769533991e-10,0.9999999998962896
P02290,Excellent,7.280896302773147e-25,1.6329876605921363e-11,0.9999999999836702
P03829,Good,4.9625579563911015e-06,0.9999950374420433,3.6855030449135845e-16
P01903,Average,0.9999999999998888,1.1122213193130787e-13,4.188395729840277e-25
P06673,Good,7.005428600732245e-08,0.9999999297660291,1.7968481009338685e-10
P06222,Excellent,4.8475186639841296e-24,1.1134074540159009e-11,0.999999999988866
P09078,Good,1.1003877339004e-08,0.9999999889769903,1.9132370521690648e-11
P04062,Average,0.9999999999999933,6.576133694003076e-15,1.3999659525821542e-28
P08879,Good,3.58494273222687e-07,0.9999996414323018,7.342496107954088e-11
P01481,Good,5.757514058445677e-09,0.9999921448145497,7.849427936218832e-06
P06865,Good,0.3381067565867896,0.6618932434111058,2.104707048941749e-12
P00916,Good,1.8740611913837002e-07,0.9999998121757976,4.180832393132803e-10
P06901,Good,9.838883266452832e-09,0.9999999901529365,8.180330738217387e-12
P08622,Average,0.47609627556610407,0.5239037244325289,1.3670358781781826e-12
P04529,Good,3.639890763710349e-11,0.16993092433385,0.830069075629751
P09272,Excellent,6.049286356087652e-27,2.7228889116791083e-15,0.9999999999999973
P04374,Good,1.721856881082772e-05,0.9999827814278178,3.3712930552659538e-12
P06195,Good,1.9526893202494517e-05,0.9999804731067223,7.509613142204657e-14
P04597,Excellent,1.597872868494021e-19,9.994367486740726e-08,0.9999999000563251
P03127,Average,1.0,4.426033310785066e-17,4.47331115569625e-34
P07329,Average,0.1440072529382389,0.8559927470304435,3.13175328542008e-11
P02722,Good,2.1055909903543105e-08,0.9999999786472795,2.9681058078419693e-10
P01138,Good,6.40451315747414e-10,0.9999995737600238,4.2559952489117323e-07
P08973,Good,2.3448939648296164e-12,0.9992764686639406,0.0007235313337143938
P03726,Good,0.5402701402729079,0.4597298597183748,8.717366722089374e-12
P00634,Good,2.0425648566122907e-14,0.01898458734363745,0.9810154126563421
P08109,Excellent,4.436641061558775e-19,1.564094034496469e-08,0.9999999843590597
P09176,Average,0.9998140096415622,0.00018599035843783066,4.419883842675348e-19
P07941,Good,4.497057011133871e-14,0.00012917220988964675,0.9998708277900653
P04952,Good,1.3061335700696245e-09,0.9999999036520164,9.504185011908649e-08
P08702,Good,1.65843841686339e-11,0.04700607060961128,0.9529939293738043
P01976,Good,2.2462720541770632e-12,0.00041497542232445984,0.9995850245754292
P08081,Good,2.8364194894740034e-05,0.9999716357955171,9.58809126395709e-12
P00176,Excellent,1.6023803785316965e-21,6.490461496058692e-12,0.9999999999935096
P02086,Excellent,2.752206477513344e-26,5.910670283718403e-14,0.9999999999999409
P00861,Excellent,1.8066293678965574e-20,8.331697413455596e-09,0.9999999916683026
P05368,Average,0.9997914594029863,0.00020854059701374417,1.724117233475633e-17
P05070,Excellent,1.5313506979260528e-23,3.26282750091953e-12,0.9999999999967373
P07437,Average,0.9999999999998039,1.9614241400685826e-13,3.6078645233196554e-30
P07485,Excellent,9.972819361904898e-17,5.963926841648066e-07,0.9999994036073159
P01389,Excellent,1.6492121290562087e-29,3.824506950375973e-16,0.9999999999999996
P08399,Good,6.537949703899444e-11,0.9999999992602939,6.743266817375526e-10
P07307,Excellent,2.2418190117306486e-13,0.999929319823924,7.06801758518157e-05
P06069,Good,1.8556417672153444e-13,0.9999998606703583,1.393294560978641e-07
P01681,Average,0.9998189123104798,0.0001810876895201951,9.713708027668331e-17
P01830,Excellent,1.164856797632322e-13,0.031233434070919434,0.9687665659289639
P04813,Good,1.2709739924997446e-10,0.9999999902473821,9.625520503624006e-09
P09839,Good,6.792959256089679e-12,0.07425333266985334,0.9257466673233535
P07335,Excellent,5.223662285898392e-10,0.9917352196299152,0.008264779847718636
P08724,Good,9.974749900877773e-06,0.999990025233846,1.6253082906621013e-11
P06987,Excellent,6.148811221028287e-27,5.6817308037910165e-14,0.9999999999999432
P09803,Average,0.17254053030163452,0.8274594696857593,1.2606150712541278e-11
P07228,Excellent,1.686962203547089e-33,1.9293925689375123e-18,1.0
P00886,Excellent,7.291865510651417e-17,0.003981962944801632,0.9960180370551983
P05307,Average,0.9999916728787647,8.327121235267708e-06,7.90673597139494e-18
P01997,Good,1.1055650902430807e-07,0.99999987512567,1.4317820877992691e-08
P00438,Average,0.9999794359765368,2.0564023463064396e-05,3.240227970303256e-20
P09905,Good,2.022985348418453e-08,0.9999999578872598,2.1882886812316053e-08
P07760,Excellent,2.8037910696702293e-30,3.7702243268225584e-17,1.0
P00643,Excellent,1.9625630205470026e-26,3.4621806933128846e-14,0.9999999999999654
P00298,Excellent,1.9457278095689997e-11,0.2548600276459535,0.7451399723345893
P00178,Excellent,2.9051185277812624e-26,7.094252511193595e-15,0.9999999999999929
P00832,Average,0.9999999999528215,4.717853504100737e-11,1.0962113118229305e-26
P01149,Excellent,6.0857535206634465e-33,3.4187357999421384e-18,1.0
P01578,Average,1.0,4.090284156246457e-23,2.7399257802709293e-38
P00572,Good,3.2272652804559517e-09,0.999999996771602,1.132752552111609e-12
P05059,Excellent,4.1187095076262414e-18,8.026808687276125e-08,0.9999999197319132
P08857,Good,1.1137103860593903e-05,0.9999888628189052,7.723429165459489e-11
P07655,Good,0.003003383771581992,0.9969966162235635,4.854400437192846e-12
P05402,Good,1.0368376188730128e-11,0.999999719160652,2.808289795651535e-07
P07303,Average,0.9999999999775571,2.24429665135348e-11,9.175805577409938e-24
P03987,Average,0.9999999999911424,8.85756962124165e-12,1.1645362779864598e-29
P03117,Good,2.3185063056825385e-08,0.999999971111875,5.703061920230694e-09
P07791,Average,0.9986290431227565,0.0013709568772434669,2.282310639324534e-16
P02156,Excellent,2.6055095897388596e-35,2.6762491052788307e-21,1.0
P06458,Average,0.9660527050619255,0.033947294938057926,1.6615975730332732e-14
P01598,Good,1.1934213635010483e-10,0.99990713666832,9.286321233784052e-05
P01387,Excellent,3.925887250289851e-15,0.004853888956001275,0.9951461110439946
P00600,Excellent,1.1503118844075576e-14,1.0556678651472528e-05,0.999989443321337
P00485,Good,0.0016418251179283858,0.9983581748788923,3.179340676682237e-12
P04027,Average,0.9999988205097757,1.1794902243718335e-06,1.8610870169504112e-22
P07588,Good,2.24480171261666e-08,0.9999999772726517,2.793313588579056e-10
P01930,Good,4.790126035335275e-10,0.9999999994376745,8.331286489888896e-11
P07417,Good,2.253614095371104e-11,0.9999999999404832,3.698060199194985e-11
P00072,Good,1.0234370786638179e-06,0.9999989765596942,3.227063222469309e-12
P02848,Excellent,2.7841455146649815e-14,0.004138103590042379,0.9958618964099296
P00117,Excellent,5.568618500275061e-24,2.375793642757689e-11,0.9999999999762421
P07188,Good,2.6751559332432214e-07,0.9999997323043647,1.800420456678094e-10
P08273,Good,1.0266633737156246e-09,0.9968449698937808,0.003155029079555907
P04928,Good,0.016787683436407748,0.9832123165633514,2.40948034614258e-13
P00574,Average,0.025054974780916277,0.974945025214766,4.317719612639999e-12
P05190,Excellent,8.502555544410052e-12,0.9973147308548926,0.0026852691366048274
P03079,Average,0.9999999999989411,1.0589484646152327e-12,1.0862017556385557e-25
P06844,Excellent,2.72953240613252e-29,6.385398601133767e-17,1.0
P06442,Good,3.3580649615336493e-07,0.999999664141777,5.172689219846099e-11
P07209,Excellent,1.2864278832968813e-29,8.178766082629099e-15,0.9999999999999918
P08583,Average,0.999999999995768,4.231880482979087e-12,3.8178223116031025e-23
P03098,Good,0.8311735387213618,0.16882646127758325,1.0550168907935106e-12
P07060,Excellent,3.580216027653168e-22,7.766503068160687e-10,0.9999999992233497
P07885,Excellent,5.780559542874464e-18,1.0913516615072915e-09,0.9999999989086483
P09509,Good,1.8227826714111194e-11,0.9999999994531783,5.285938405598271e-10
P00415,Good,0.9783654573494951,0.02163454265049619,8.588744544792453e-15
P07214,Excellent,1.5153986931474312e-16,2.1798978999527628e-06,0.9999978201020998
P09516,Excellent,9.283102440036191e-32,1.3120047119411807e-17,1.0
P03350,Excellent,7.019031524647714e-27,1.179165075838373e-13,0.9999999999998821
P04958,Excellent,1.3898946108149302e-12,5.992194163483571e-05,0.9999400780569753
P07621,Average,0.9999914397600292,8.560239970705375e-06,2.6153985645459404e-17
P00816,Average,1.0,6.808566523769149e-20,6.140648639653107e-35
P00106,Average,0.9999999972083236,2.791676364375889e-09,6.278384543756284e-20
P05239,Good,5.1203264134337655e-06,0.9999948714838196,8.189767059943087e-09
P01477,Excellent,5.586790861138882e-10,0.0029365975189006785,0.9970634019224204
P04872,Good,3.8086777245941736e-11,0.9999999940286826,5.933230617717345e-09
P07639,Good,3.1724985775602516e-07,0.9999996824399529,3.1018932118558537e-10
P04622,Good,8.53647749180632e-12,0.9996068164045929,0.00039318358687067957
P07767,Good,0.9996360410596649,0.00036395894033507955,8.247225071868172e-17
P00510,Average,0.999999998104923,1.895077015771517e-09,2.3229343228386417e-20
P08245,Average,0.07500988151186144,0.924990118488091,4.742064318656107e-14
P04656,Average,0.5267529824374675,0.47324701756205456,4.779609805364249e-13
P07029,Good,1.704187342248659e-10,0.9964895933284769,0.0035104065011044247
P09457,Good,4.900949548523392e-11,0.772674591633739,0.2273254083172515
P04129,Good,3.688819572106734e-08,0.7685650771932445,0.23143488591855974
P05300,Good,3.179142197775612e-14,0.9975469582161706,0.002453041783797716
P03194,Good,0.9987917328468805,0.0012082671531193688,4.048303592312701e-19
P05890,Average,0.9904002862092948,0.00959971379070519,7.751910787795147e-17
P03256,Excellent,1.169326466369844e-21,1.0738874659027484e-08,0.9999999892611254
P08994,Good,0.00021944620195486818,0.9997805537980348,1.0437493228688113e-14
P09649,Good,8.991660385790493e-08,0.9999999092000169,8.833791580446689e-10
P00495,Good,6.821107081808843e-10,0.9999750243336316,2.4974984257675683e-05
P04925,Average,0.999999723051121,2.769488789877425e-07,7.029664256329067e-24
P03436,Excellent,7.954697071284079e-36,6.114459518121639e-22,1.0
P02435,Excellent,3.2137790079295862e-28,1.2245231379020817e-15,0.9999999999999987
P01649,Excellent,3.0636692921347002e-24,3.4205839051366266e-14,0.9999999999999658
P03776,Good,3.1508489088795515e-12,0.999997129627927,2.870368922188317e-06
P08289,Good,3.889436966900721e-07,0.9999996110545671,1.7361088777034196e-12
P09337,Excellent,2.7651193009427077e-18,2.0242364630530224e-06,0.999997975763537
P01199,Good,4.933235234401742e-08,0.999999950625249,4.239867662026747e-11
P08492,Average,0.9999993759787934,6.240212065333681e-07,9.56865592594695e-20
P00458,Good,4.358001961685514e-06,0.9999956419979478,9.058941976151639e-14
P05204,Average,1.0,2.4870516111862527e-21,1.3040063348639981e-37
P09911,Excellent,2.5088963114104606e-28,3.2983914793887386e-18,1.0
P08288,Excellent,4.668122320137922e-28,2.8512361126274816e-15,0.9999999999999971
P00889,Good,0.00044689128372088336,0.9995531086908156,2.5463522225210817e-11
P01202,Good,2.964153856223433e-08,0.9999999703561806,2.2808678927060556e-12
P06777,Excellent,6.599924281675506e-21,2.7080932762501196e-11,0.999999999972919
P03214,Good,5.4421723729879775e-12,0.9999244697735878,7.553022096995421e-05
P09807,Excellent,2.0500782371037835e-14,0.013205162890808357,0.9867948371091712
P05977,Excellent,8.707243386848975e-14,0.12868654296946488,0.871313457030448
P01934,Excellent,1.3199460130966223e-14,0.0015793548362401683,0.9984206451637465
P09048,Excellent,3.0858193554950187e-23,7.484885855464776e-10,0.9999999992515114
P03721,Good,1.458824471758771e-11,0.9999999992317237,7.536880306370861e-10
P05829,Excellent,4.058119882466201e-22,2.9261912473817417e-10,0.999999999707381
P01973,Average,0.9999999999709828,2.9017225971663948e-11,4.1403732145736635e-26
P08406,Excellent,1.07533079592109e-19,7.538374540177447e-08,0.9999999246162546
P07083,Good,0.00259745063757263,0.9974025493000116,6.241577389268794e-11
P07926,Good,0.8369070066636053,0.1630929933363945,1.6973925071091468e-16
P06380,Excellent,1.1174330850123605e-29,1.952493067801254e-17,1.0
P06573,Average,0.9944074306903951,0.005592569309604923,1.6928501261163214e-17
P04514,Good,0.009132180604891476,0.9908678181929632,1.2021453606522212e-09
P05959,Good,9.658920005147589e-08,0.9999998997744117,3.636388158708735e-09
P05888,Good,4.445996963719951e-12,0.9999995799381546,4.200573994878946e-07
P09463,Good,0.12447727180480737,0.8755227281802731,1.4919529714903997e-11
P05964,Average,0.9999999999898899,1.0110060617545463e-11,3.565695153825994e-25
P04841,Excellent,1.3787912720189949e-18,9.417757646749925e-07,0.9999990582242354
P07604,Good,4.981898449740108e-11,0.9999983461623718,1.653787809138703e-06
P02614,Excellent,6.068456343379428e-23,8.111668802719756e-12,0.9999999999918883
P04973,Excellent,1.804794560967114e-14,0.25329766750739097,0.746702332492591
P07179,Good,1.522519872156752e-10,0.9999999998287581,1.8989936605008103e-11
P07432,Good,2.517341819890597e-07,0.9999996497963187,9.846949929382372e-08
P06091,Excellent,2.42350386531078e-11,0.9999478798673798,5.2120108385096765e-05
P03139,Excellent,4.60031015923059e-15,0.0004723651428518454,0.9995276348571435
P05348,Excellent,1.5116684731034142e-23,4.3317063653309354e-12,0.9999999999956684
P06086,Excellent,1.7669228638203829e-19,2.7751974718188614e-10,0.9999999997224802
P09716,Excellent,5.9514452047545775e-25,1.303022370572396e-14,0.9999999999999869
P08812,Excellent,1.398829217159649e-10,0.9999996712599802,3.286001367304714e-07
P06532,Excellent,6.417389597613195e-22,2.957272096208691e-11,0.9999999999704272
P01951,Average,0.9999999999957114,4.288557811976196e-12,3.1677473116302643e-23
P00196,Good,7.70291217947942e-13,0.9999999989723745,1.0268553509894708e-09
P04194,Average,0.9999999999971332,2.8669258615048046e-12,4.6839755699589404e-30
P09228,Average,1.0,2.322671261965181e-20,2.0669653047104778e-35
P03892,Excellent,4.0935698476724616e-19,4.24538045280602e-08,0.9999999575461955
P03245,Excellent,1.8136597891328822e-23,3.2428331501531417e-13,0.9999999999996758
P04994,Good,3.756525064313783e-07,0.9999996240942616,2.5323205833474996e-10
P06816,Good,9.973712250537111e-06,0.9999900232166835,3.0710659619524416e-09
P03171,Excellent,7.44388949597394e-30,1.9881343807182342e-16,0.9999999999999998
P01879,Excellent,2.1071584249825005e-19,4.884555899365002e-08,0.999999951154441
P05458,Good,8.460902612775754e-08,0.999999834174409,8.121656503917745e-08
P06499,Excellent,1.824796874400323e-26,3.277795505879095e-15,0.9999999999999967
P08995,Good,4.22833284156349e-09,0.9999999957715526,1.1447194864134038e-13
P02278,Average,0.9999956546366549,4.345363345141778e-06,7.869678367609105e-24
P00457,Excellent,2.6105351759978228e-15,0.0008323158929733457,0.9991676841070241
P00006,Average,0.9999999874015776,1.2598422305513035e-08,7.160596476742075e-24
P00724,Good,2.894416037607087e-10,0.9999999683343898,3.137616866025023e-08
P01883,Good,0.0003540902968583707,0.9996459096995821,3.5594259514837068e-12
P06650,Excellent,1.5635439285482947e-21,2.382488564434918e-10,0.9999999997617512
P01589,Good,2.853427409086905e-08,0.9999999676251655,3.840560416534322e-09
P01005,Good,1.7227494803970867e-11,0.9999996663149066,3.3366786589084894e-07
P04040,Good,1.236995901733524e-08,0.9999998743934468,1.1323659402829894e-07
P05604,Good,1.1781055658401067e-07,0.9999998753783037,6.811139801028222e-09
P07548,Excellent,6.885614039234615e-26,3.2841137429703423e-15,0.9999999999999967
P08171,Average,0.9999999983207397,1.6792601809035294e-09,1.72571971077958e-23
P02750,Good,3.4399111160220094e-07,0.9999996560088884,7.161363034393835e-18
P05691,Average,1.0,7.571690718732614e-18,2.685318500092387e-32
P02020,Excellent,3.551823184176169e-18,2.2111189508993976e-06,0.9999977888810491
P08450,Excellent,2.5528063830615546e-26,7.607721210031686e-13,0.9999999999992393
P00743,Excellent,1.4237135823041453e-32,3.672465390886604e-18,1.0
P05084,Excellent,4.57379598874228e-15,0.0003773196421918633,0.9996226803578036
P04342,Good,2.2614349473665866e-09,0.9999999957437737,1.994791299692862e-09
P03662,Average,0.999980294545287,1.9705454712802634e-05,1.9044430570648e-16
P09319,Excellent,1.2622845517181507e-26,7.376506382288462e-13,0.9999999999992624
P06618,Excellent,3.4884076836964775e-19,3.354893734143024e-11,0.9999999999664511
P00892,Good,5.21583296259248e-15,0.00044786024726994786,0.9995521397527247
P04512,Average,0.9999041424696965,9.58575303034881e-05,1.2002331537544872e-19
P04401,Good,4.3378038698152725e-12,0.9995866911816447,0.00041330881401760043
P07150,Average,0.9336260218453571,0.06637397815464248,4.661626213398122e-16
P07452,Excellent,6.684414532041965e-26,6.182564636203628e-11,0.9999999999381743
P04981,Excellent,2.2708885565281435e-15,0.0012521256167620592,0.9987478743832358
P04022,Excellent,4.426448028033727e-25,3.2257261839179596e-13,0.9999999999996774
P06670,Good,0.9994769261974583,0.0005230738025417336,1.2175469920803807e-17
P03488,Average,0.8817586639658123,0.11824133603327369,9.139551836947427e-13
P06782,Good,7.388492053985249e-06,0.9999926114115629,9.638301742422226e-11
P09897,Excellent,4.0545645115181843e-22,2.871954364024569e-12,0.9999999999971281
P06507,Average,0.010948517287565856,0.989051482712135,2.9910388718044346e-13
P08636,Excellent,1.5678140761765e-16,0.0005778164706162302,0.9994221835293835
P01919,Good,0.010284360168903814,0.9897156398306218,4.742888700026557e-13
P03810,Good,3.8570249922576784e-12,0.9999999999723514,2.3791431226790404e-11
P07859,Average,0.9996983402985421,0.00030165970141983386,3.8089018100137484e-14
P08632,Good,0.00022109963667186263,0.9997789003599614,3.3666903808547285e-12
P05012,Good,0.9961910987500255,0.0038089012499676208,6.950725016240012e-15
P00858,Good,2.3304812297398413e-09,0.9999999976695131,5.698353333302737e-15
P01912,Good,2.477803668798835e-10,0.7309219466692806,0.2690780530829391
P00543,Excellent,9.776591323360277e-16,1.4219842407184537e-05,0.9999857801575919
P05718,Good,4.480262219828347e-06,0.9999955191247565,6.130237007883492e-10
P08350,Good,1.9127296894173534e-06,0.9999980859667086,1.303601989275408e-09
P03984,Excellent,4.303843033647714e-30,9.757020776993289e-15,0.9999999999999902
P03707,Good,4.157261353710704e-09,0.9999999958103207,3.241789806427847e-11
P05647,Good,1.917276369980803e-09,0.9999999979366476,1.460760644368227e-10
P09996,Good,0.8251561235039174,0.17484387649598712,9.544154746024805e-14
P00406,Good,3.657554776076083e-09,0.9999999963423785,6.672582387825776e-14
P06034,Average,0.9999693276677998,3.067233219825824e-05,2.1046189799272884e-15
P00793,Good,4.8864372113127686e-11,0.9999805624387904,1.943751234513292e-05
P06601,Good,2.5693823672525686e-15,0.04582234360102862,0.9541776563989689
P08317,Good,0.005002107479846406,0.9949978925192324,9.212075008734107e-13
P00601,Excellent,7.092435517946518e-17,8.69902519682005e-06,0.9999913009748032
P07590,Average,0.999971440285702,2.855971429779254e-05,1.4335257363875598e-16
P02960,Average,0.9999999999998421,1.5776976494938096e-13,3.4610895285525126e-27
P04355,Good,9.0741216046405e-12,0.9987761110715756,0.001223888919350224
P06879,Good,5.318163811827289e-09,0.9999999946684592,1.3376819414963031e-11
P04348,Good,0.08084380448289959,0.9191561955160633,1.0371393276707566e-12
P06603,Good,7.845182575627553e-11,0.9999996570429747,3.428785735371191e-07
P04212,Good,3.96872496706214e-10,0.9999999996030213,1.0610177570895819e-13
P08549,Average,1.0,1.2285074208486811e-17,1.5441289199171221e-31
P06825,Good,7.480776145580223e-11,0.9999996263751686,3.7355002369768916e-07
P06391,Excellent,1.3472140703567336e-19,1.369404428301674e-08,0.9999999863059557
P01053,Good,5.5662046150569155e-12,0.9999999798191392,2.0175294493312255e-08
P01297,Excellent,1.2383798011660864e-37,3.446464689785607e-20,1.0
P03574,Excellent,2.4187054008004504e-19,9.369150841381039e-10,0.999999999063085
P02054,Excellent,1.0962251225156155e-15,1.9751523935225962e-05,0.9999802484760636
P08947,Good,4.547824715674379e-14,0.0001445397720895438,0.999855460227865
P07462,Excellent,8.637936037060943e-20,8.588542637725728e-06,0.9999914114573623
P08191,Good,0.03008301131274555,0.9699169880714791,6.157752966126517e-10
P04339,Excellent,3.394163714734228e-16,0.0008468383210040767,0.9991531616789955
P08882,Excellent,1.2354923463311542e-17,8.835344206446588e-08,0.9999999116465579
P08990,Good,7.535150335729303e-09,0.9999999924382453,2.6604341767475652e-11
P05606,Excellent,7.484692727180948e-13,0.2256875332862512,0.7743124667130004
P09564,Excellent,2.513508413237267e-17,9.420566976784546e-07,0.9999990579433025
P04781,Average,0.9999999999999987,1.2459052751388001e-15,1.2199575302431072e-28
P06090,Excellent,9.948478445960097e-21,1.0676525986960145e-10,0.9999999998932347
P07092,Good,6.993700315750581e-08,0.9999999300624904,5.064530413927462e-13
P03181,Good,7.484937077754775e-21,7.647458709307978e-09,0.9999999923525414
P04051,Excellent,9.882076063748768e-26,6.72626212919545e-14,0.9999999999999327
P02744,Average,0.9260207779334673,0.07397922206607327,4.593247956491394e-13
P07261,Good,0.01931454466534204,0.9806854553345703,8.764643028417924e-14
P02033,Good,5.588748994092085e-12,0.9960355734401899,0.00396442655422136
P06082,Average,0.9999999906311173,9.368882629235099e-09,3.7830906345952267e-22
P07813,Excellent,9.782985849583331e-17,0.003058155576980475,0.9969418444230196
P01974,Good,3.3639134494741076e-07,0.9999996636085365,1.184374266502046e-13
P00907,Good,5.5494256399513655e-12,0.999999999551709,4.427416390323544e-10
P06933,Good,2.7224601770396487e-11,0.9999999855283612,1.4444414263633013e-08
P00784,Excellent,2.977177758526142e-18,2.0668920837788243e-05,0.9999793310791623
P02581,Average,0.9999999998679665,1.3203338569991566e-10,2.061197464938306e-21
P00061,Excellent,3.98151560504647e-25,2.941899494281083e-09,0.9999999970581004
P01338,Good,0.9998403620589521,0.00015963794104749196,3.6493562646529224e-16
P01604,Good,9.491152400664947e-15,0.30874633157319936,0.6912536684267911
P01842,Average,1.0,4.120223326632248e-17,1.1040561019054937e-30
P03794,Average,0.9999999583913823,4.160861778180764e-08,5.660756310352449e-19
P05244,Excellent,2.2176146089063657e-25,8.6019436658473e-14,0.9999999999999141
P03929,Average,0.999967489111286,3.25108887139563e-05,7.065611483932112e-17
P04582,Good,3.237796828408457e-10,0.9996168424855998,0.000383157190620558
P07242,Good,7.833760243554358e-12,0.055556403184138424,0.9444435968080279
P06490,Average,0.9999999999981701,1.8299262233325896e-12,1.9722068359524645e-28
P02900,Average,0.9999999806144099,1.9385590085905427e-08,3.93072786675551e-20
P07444,Excellent,9.84118315915373e-25,4.724936520042367e-13,0.9999999999995275
P02749,Average,0.9999999999999998,2.2858372631307005e-16,2.802421100707789e-31
P02018,Good,2.5765564662480207e-09,0.9999999964237267,9.997168447940248e-10
P09765,Average,0.9999589986141364,4.100138586366485e-05,1.0769904163892941e-19
P00191,Average,0.9999999999998088,1.910756175498533e-13,3.5737802960095203e-28
P04359,Excellent,7.7666106623798365e-25,2.2290777761683275e-13,0.9999999999997771
P06373,Average,0.9999999551798031,4.482019685667598e-08,1.9653947943084633e-19
P02785,Excellent,2.894812395700585e-31,4.934595503636479e-15,0.9999999999999951
P08049,Good,0.0001365936790773589,0.9998634063204888,4.3390704550524987e-13
P06660,Excellent,1.2880398075989173e-14,0.0014387626740623627,0.9985612373259247
P00508,Average,0.9999802628114297,1.9737188570268627e-05,5.044507009885233e-27
P01665,Average,0.9999991470172979,8.529827020029359e-07,3.353567489950893e-20
P03783,Average,0.9999999999737417,2.6258309760556692e-11,5.596956977435767e-28
P07166,Excellent,3.40436085034515e-17,7.156478954793656e-07,0.9999992843521045
P08364,Average,1.0,1.3272558821316456e-18,6.082573017332344e-40
P07102,Excellent,1.0029878427569101e-19,2.6960777331284803e-09,0.9999999973039222
P09932,Good,0.42820552451327504,0.5717944754752432,1.148176931228706e-11
P04826,Good,2.71017475610132e-13,0.49001297404866695,0.5099870259510622
P09512,Good,1.2525509796736854e-10,0.99988569314386,0.00011430673088480224
P08927,Good,0.04442910918179849,0.9555708908176059,5.954958012109405e-13
P05052,Excellent,4.526126525333721e-33,6.1154192634240415e-18,1.0
P00019,Excellent,1.6778766669404936e-23,4.418603381263841e-12,0.9999999999955813
P00313,Excellent,9.624190448630596e-12,0.987414947587777,0.01258505240259883
P03032,Good,2.445334022230707e-09,0.9999997371927452,2.60361920923129e-07
P01786,Average,0.9999999388929748,6.110702517629044e-08,1.2013305554217045e-18
P03691,Good,0.01103413668999185,0.9889658633098911,1.1711836710747457e-13
P06817,Excellent,6.798195449151637e-15,0.000309164413805155,0.999690835586188
P05278,Average,0.9999999953671708,4.632829265538835e-09,1.7447969853098322e-23
P08582,Excellent,9.462446981764201e-31,3.3808964361605763e-16,0.9999999999999996
P09635,Excellent,7.096025518074571e-31,3.480830760864574e-19,1.0
P00089,Excellent,6.948860059244107e-24,3.7067328163329643e-13,0.9999999999996294
P07906,Excellent,4.202689442150402e-18,4.530311439024517e-06,0.9999954696885609
P03795,Average,0.9967284085713172,0.0032715914286628356,1.9912926958001005e-14
P01213,Excellent,1.084204025401098e-25,1.2851337338177674e-11,0.9999999999871487
P03855,Average,0.9999998344854472,1.6551455293916525e-07,1.43790440406017e-19
P03909,Good,0.006257000350945253,0.9937429996480425,1.0122418273892155e-12
P08974,Good,1.0131888819656464e-11,0.9999999999085258,8.134231581299069e-11
P06260,Good,1.3154508303952138e-08,0.9999999859848667,8.606248878035914e-10
P01379,Average,0.34399557591479263,0.6560044240843957,8.116144355725056e-13
P04718,Average,0.9999999999024778,9.752226549693435e-11,3.61169078401282e-26
P06649,Average,0.999999999716757,2.832430433713463e-10,1.4948651634139332e-22
P05026,Good,2.405677344561073e-11,0.9985637780669305,0.0014362219090128263
P06813,Good,1.2395809590270926e-11,0.9999999973100706,2.6775334671379707e-09
P02468,Excellent,8.1970099546057e-19,9.548359991318722e-09,0.99999999045164
P03375,Good,7.901397957261863e-09,0.9999999870862906,5.012311510793227e-09
P02938,Excellent,1.1151435146470756e-25,7.118938451989489e-13,0.9999999999992881
P07393,Average,0.9999990525515704,9.474484296062158e-07,1.4786944115902235e-18
P05840,Excellent,1.8001193340355364e-17,1.7532641195845668e-08,0.9999999824673588
P03258,Excellent,1.924717467340357e-17,2.482021486806526e-06,0.9999975179785132
P04091,Good,5.461805162804356e-07,0.999999453761748,5.773577074188178e-11
P02985,Excellent,8.88283898067781e-28,4.1252476159489204e-16,0.9999999999999996
P03394,Good,0.0005663085336708899,0.9994336907165745,7.497546640974354e-10
P07019,Average,0.04719030771746698,0.9528096922824059,1.2702080218560882e-13
P05633,Average,0.9999997882437892,2.11756210753195e-07,1.4193342324380623e-21
P08058,Average,0.9999927038375577,7.296162442440334e-06,1.339659828707489e-18
P00547,Excellent,1.3843109740639168e-17,2.8121967496835902e-08,0.9999999718780325
P07537,Excellent,7.454470442693818e-20,1.38913560917185e-07,0.9999998610864391
P00414,Good,6.685249020860767e-08,0.9999999220734562,1.1074053625424327e-08
P03348,Good,3.2674187377910984e-05,0.9999673257844447,2.81773755682212e-11
P08340,Good,7.108187877541373e-15,0.999999999997371,2.6218706925723895e-12
P02818,Good,1.240173933748451e-10,0.9999991013886281,8.984873544048192e-07
P06158,Good,4.87276945296802e-10,0.9999995417868043,4.577259188058846e-07
P01042,Average,0.9984154931363384,0.001584506863661617,1.2337317851420688e-19
P07554,Good,6.021339148947913e-13,0.9999987450747311,1.2549246667053207e-06
P08140,Good,2.1894879016735865e-14,0.9999752548716275,2.4745128350628653e-05
P07842,Average,0.0005551990923866783,0.9994448009057535,1.8599027826368745e-12
P05944,Good,1.1951854305684045e-10,0.9999999998751516,5.329745671343356e-12
P09518,Excellent,4.823291791108116e-24,1.4075176154383812e-13,0.9999999999998592
P00035,Good,8.812016413339717e-05,0.9999118460866808,3.374918567457466e-08
P08227,Excellent,2.6246563083692684e-25,2.448338906253846e-12,0.9999999999975517
P07776,Good,9.232353791445014e-12,0.9977697389673247,0.00223026102344303
P05082,Good,6.368129907744602e-13,0.9999893832030882,1.0616796275100364e-05
P05996,Average,0.9999976941642654,2.3058357345015513e-06,1.551698916996517e-24
P04248,Average,0.9999999991035124,8.964874396163196e-10,1.0139408862219986e-20
P04852,Excellent,6.910765447469371e-27,9.324044437621105e-16,0.9999999999999991
P04258,Good,6.815542550754196e-11,0.999999999108943,8.229016822309634e-10
P04950,Excellent,1.9779935368850314e-23,4.4276859532821616e-11,0.9999999999557232
P05789,Average,0.9879134812992754,0.012086518700723877,5.596796838543279e-16
P06523,Average,0.999999895701777,1.0429822285786679e-07,8.517603303391944e-22
P02914,Excellent,7.13134168985348e-29,1.8350224509584356e-15,0.9999999999999982
P09234,Excellent,1.3259516746189977e-21,3.687771173228755e-08,0.9999999631222882
P07308,Good,6.197694788123515e-07,0.9999993516727395,2.8557781688075164e-08
P03847,Excellent,2.5273154935112903e-20,3.3712971526395652e-09,0.9999999966287028
P01033,Good,1.8186214936606946e-12,0.9999999989481465,1.0500348456373279e-09
P03717,Good,9.016284161831952e-06,0.9999909836732398,4.2598368786396584e-11
P05037,Excellent,7.096611196924526e-21,1.664912959328162e-10,0.9999999998335087
P09893,Good,0.0016882395639576558,0.9983117604359999,4.258516691335288e-14
P07520,Good,0.9969367246836274,0.0030632753163725643,2.7213254156801852e-17
P09621,Average,0.9999884768717744,1.1523128225511799e-05,1.972908937480045e-17
P09196,Average,1.0,1.5981974764981105e-18,2.6081641038584307e-35
P09077,Good,4.029646205435843e-12,0.14222851781095439,0.8577714821850161
P09136,Excellent,3.565849564664128e-23,5.06933834766296e-11,0.9999999999493066
P03671,Good,6.602137037369148e-11,0.9999999997591005,1.7487825353157003e-10
P02838,Good,9.495687355781457e-16,0.00013675798135128728,0.9998632420186477
P01603,Good,2.0197712453900462e-11,0.9991027330025926,0.0008972669772096001
P02479,Good,1.2711164360426863e-07,0.9999998728883561,4.2184154500902007e-16
P03134,Excellent,5.901828207988853e-13,0.028042798500303844,0.9719572014991059
P06766,Average,0.9999999999998861,1.1400423532709555e-13,1.335550854177122e-25
P01876,Good,0.9995036328512682,0.0004963671487315739,2.357311906350715e-16
P06793,Average,0.9999999961772139,3.822786116976192e-09,1.0440065628206153e-22
P05529,Excellent,3.353307336266936e-15,5.179338208345927e-07,0.9999994820661757
P04330,Good,5.878303147527368e-10,0.9999999993888598,2.330992428782211e-11
P06783,Good,3.6202142862057065e-09,0.9999943076384554,5.6887413304071925e-06
P00280,Excellent,2.112475174750515e-14,0.9999987004872383,1.2995127407289661e-06
P00786,Average,0.9999999999989191,1.0809937779690963e-12,1.2469010203781478e-26
P02700,Excellent,4.2636755342293764e-23,6.387761414841466e-12,0.9999999999936122
P09574,Good,2.5210944282829036e-12,0.9999999744606498,2.5536829164186743e-08
P07200,Excellent,1.5669746641613957e-17,3.654664165874873e-06,0.9999963453358343
P04344,Good,0.0046765627807338,0.9953234372124173,6.848884987384362e-12
P02089,Excellent,1.6732058835467814e-29,1.59959470630528e-17,1.0
P08262,Excellent,1.9722373411470065e-17,2.599370838975026e-08,0.9999999740062917
P07409,Good,5.2885836372239e-14,0.9997067929626298,0.0002932070373174299
P06137,Good,6.098451534647543e-12,0.99983796595208,0.00016203404182173943
P08005,Good,1.8216115987605179e-10,0.9999999997890758,2.8763093547617558e-11
P08576,Good,7.651212785919216e-07,0.9999992343689299,5.097914444508033e-10
P06703,Good,8.011254488974426e-10,0.9999999967852244,2.4136500206297697e-09
P00520,Good,1.1590192500823725e-09,0.9999999969740998,1.8668810157828273e-09
P08339,Good,1.2034092286755009e-12,0.9999998943863275,1.0561246905515782e-07
P05615,Excellent,1.3083564488969032e-36,3.0983652739893444e-24,1.0
P01487,Average,0.9999999999999918,8.290540310166184e-15,3.959314353853389e-28
P07698,Excellent,3.512809684891159e-13,0.0006564353949124898,0.9993435646047362
P09158,Good,0.0008411643098357943,0.9991588356853689,4.795330986548353e-12
P07249,Good,4.066947010657066e-13,0.9999991713972942,8.286022990668659e-07
P09448,Average,0.9999999999975209,2.479112942769996e-12,9.828622604081254e-24
P00863,Average,0.19465423447092028,0.8053457655274981,1.5816237500036973e-12
P00445,Excellent,8.707149309596408e-20,7.314604965700485e-11,0.9999999999268538
P04154,Good,6.458728372945235e-10,0.9999999953368595,4.017267593175355e-09
P01385,Excellent,4.229105771148991e-17,6.0773198202295465e-06,0.9999939226801797
P03174,Good,3.304341682318464e-12,0.9999999853781649,1.4618530701916928e-08
P00893,Good,6.429075756243654e-09,0.9999999935506376,2.0286550748890773e-11
P03615,Average,0.9999647605167395,3.523948325977244e-05,7.455733397905252e-16
P08694,Good,1.015085373024217e-10,0.9999999814585315,1.8439959944835016e-08
P03078,Average,1.0,1.5001430937187714e-18,8.999251619438198e-32
P07928,Good,7.368772398271838e-07,0.9999992631089779,1.3782240983460323e-11
P09500,Average,0.999999999999936,6.38625923391657e-14,1.9703701740761096e-30
P05225,Good,3.4341576957681674e-06,0.9999965653040832,5.382211809496391e-10
P04467,Excellent,2.428928244975832e-33,2.4546533827995457e-21,1.0
P07470,Average,0.9999999997603188,2.396810589507145e-10,3.219658638101904e-22
P01797,Average,1.0,4.627212926885928e-17,4.4954239229887755e-34
P08515,Excellent,3.559791859594783e-14,0.1668680716352108,0.8331319283647537
P01977,Good,1.7815945514008753e-12,0.9999999999966231,1.5952526572988594e-12
P04131,Average,0.9999999990231008,9.768991758497016e-10,8.889881691702625e-26
P06988,Good,7.609881166036981e-12,0.9999341160510347,6.588394135550932e-05
P08226,Good,0.012887139573965763,0.987112860403455,2.2579269612019496e-11
P07880,Good,3.2455112849342264e-05,0.9999675448791104,8.040250134392683e-12
P00352,Good,0.0009069751601339166,0.9990930248362017,3.6644644777410646e-12
P08916,Good,2.0332299717700595e-06,0.9999979667698942,1.33995102061079e-13
P02521,Good,0.6304463130653933,0.36955368693427953,3.271162243276252e-13
P05822,Good,3.1774938703242035e-09,0.9999999968199094,2.5966922057206793e-12
P05229,Good,0.0001287500110553113,0.9998712499566267,3.2317922304204653e-11
P00030,Excellent,2.1001427614686087e-28,5.386111588764234e-14,0.999999999999946
P03633,Average,0.9999999999989708,1.0292266247233306e-12,1.6458768153376174e-22
P04496,Good,4.901128027706768e-08,0.9999999509638662,2.4853548347289324e-11
P07614,Good,8.189081676221965e-13,0.9999994190789854,5.809201956517043e-07
P07881,Good,8.294709567183886e-11,0.6642945524304233,0.3357054474866297
P07146,Good,0.00016495333927417225,0.9998350466589564,1.7693697804306463e-12
P03430,Excellent,7.901718012825702e-26,2.69471313991245e-11,0.9999999999730529
P02266,Excellent,6.073115343110898e-20,7.5560045102235e-10,0.9999999992443995
P09873,Excellent,1.4858795161003186e-22,4.167698799994293e-11,0.9999999999583231
P08686,Average,0.9999999999866447,1.3355319362630153e-11,9.01895676411715e-23
P00340,Excellent,1.574132420082168e-29,9.167926173884177e-17,1.0
P02461,Excellent,8.065803479325865e-24,6.933574420903694e-11,0.9999999999306644
P04961,Excellent,1.30665730463857e-20,7.743438977659253e-08,0.9999999225656102
P03347,Excellent,6.265153446781718e-31,1.0790793564846769e-16,1.0
P03403,Good,1.4021306501735333e-07,0.9999998597869296,5.3754198146937e-15
P01913,Average,0.5144669216967945,0.4855330783032054,3.18277431825316e-17
P05791,Excellent,1.4305357535109768e-16,5.8674903928414285e-05,0.9999413250960714
P00145,Good,1.7808695707684906e-11,0.9998703240044928,0.00012967597769853202
P04147,Excellent,1.4403299194025779e-21,1.0912890937663374e-12,0.9999999999989087
P01511,Excellent,9.027582660903009e-32,6.072008073507006e-18,1.0
P07606,Good,3.0213360298005454e-09,0.9999999962926276,6.860364137111844e-10
P01098,Good,4.542043155222822e-09,0.9999999954453118,1.264493951255669e-11
P05975,Good,0.9987205009149082,0.0012794990850908804,8.451531365768107e-16
P03558,Average,1.0,5.831909729835559e-20,4.2761218499476207e-41
P03964,Excellent,1.0549574797635192e-09,0.3431849409352058,0.6568150580098367
P03562,Good,1.852618543414262e-12,0.9999999938814257,6.1167215966477025e-09
P01262,Good,6.160164237192716e-08,0.9999999341123184,4.286039355860855e-09
P05956,Good,0.40431613869068905,0.5956838613088598,4.51215528196094e-13
P01189,Good,1.1501893880219588e-09,0.9999999988474704,2.3402775619798286e-12
P04184,Good,1.1178012981030767e-11,0.9999999998644311,1.2439078200302213e-10
P01666,Average,0.0005625932154460291,0.999437406784553,1.0876633074973427e-15
P08952,Good,8.954002307131598e-09,0.9999973773193207,2.6137266770360406e-06
P00236,Good,4.8139907532059055e-12,0.9999999999556672,3.951884537298374e-11
P08925,Excellent,9.113941167839538e-18,3.7427408305931342e-06,0.9999962572591694
P08391,Average,0.9999999999978357,2.1641724355613123e-12,3.180681200795484e-27
P03975,Good,2.304624499816877e-08,0.9999995195195815,4.574341734018395e-07
P00589,Excellent,1.7256379134142625e-29,1.0412035526589612e-16,1.0
P02983,Excellent,3.3005499524064884e-17,1.056268447213824e-06,0.9999989437315527
P08167,Good,1.453928373698541e-11,0.958052319804678,0.0419476801807828
P00312,Good,4.2141847025573537e-07,0.9999995785683882,1.3141575845138919e-11
P08645,Excellent,1.26836360612425e-17,3.8142442402042137e-07,0.999999618575576
P03149,Good,0.0018914194198820008,0.9981085805189788,6.113920348052214e-11
P05505,Good,2.3660861101139387e-10,0.9705691059725702,0.029430893790821304
P03868,Average,0.9999999999999147,8.528338027438493e-14,4.292259904891417e-28
P05670,Good,5.180316101802341e-09,0.9999999913772001,3.4424837877712057e-09
P06454,Excellent,6.103054245729593e-18,5.70983086179394e-05,0.9999429016913821
P05715,Good,2.2585360197021032e-07,0.9999997740685498,7.784835334994609e-11
P08189,Excellent,9.601451744504332e-27,2.0018246602451036e-15,0.999999999999998
P08362,Excellent,1.2226259844551908e-29,2.3201188581275162e-17,1.0
P03388,Good,6.106257317409554e-11,0.9999999965210509,3.4178866145749785e-09
P06335,Average,0.9999999999971361,2.8638617741367353e-12,3.316304946444217e-27
P00034,Excellent,4.654610646957317e-12,0.9995043577516574,0.0004956422436879636
P07974,Good,0.31045495072812795,0.6895450485348674,7.370045884895691e-10
P02495,Average,0.9999999999553584,4.4641531969814046e-11,4.107914030072713e-27
P07728,Average,0.9999971210931214,2.878906878534256e-06,1.3724234208325159e-23
P04071,Good,3.6015572220598898e-12,0.9999999980781658,1.9182327247464397e-09
P00955,Excellent,3.4834180981223126e-29,5.992898720756828e-18,1.0
P08556,Excellent,1.4043156643360536e-13,0.4010063780018402,0.5989936219980193
P09691,Average,0.9999997028844966,2.97115503345969e-07,6.143072535790345e-19
P01674,Good,2.057524217041372e-10,0.9999999965496702,3.2445773772439077e-09
P05313,Average,0.9999999995347846,4.6521548556619584e-10,3.1731869458169957e-23
P06171,Excellent,9.965661617083759e-31,5.316394768659755e-17,1.0
P04507,Excellent,1.7597204923330187e-16,7.201646144586206e-07,0.9999992798353853
P02240,Average,0.9999999999761975,2.3802606442593814e-11,6.327833007691942e-26
P03820,Good,4.5623236153681225e-10,0.9999999995437427,2.496441269732414e-14
P07721,Good,4.543372961031164e-08,0.9999999489420112,5.624259221014932e-09
P05370,Excellent,2.8835789914468285e-32,1.970698140082621e-18,1.0
P00542,Good,4.342307346067468e-12,0.29859069410505057,0.7014093058906071
P04403,Average,1.0,9.379491324731919e-19,2.416956779825499e-31
P08673,Good,0.9671435299374012,0.032856470062598495,1.4076472444890525e-16
P04136,Excellent,6.28627900829349e-20,1.751546731875988e-08,0.9999999824845328
P04796,Average,0.9997818007635576,0.00021819923644226738,1.8812341837894562e-18
P05526,Average,0.9999999997984179,2.0158199321482216e-10,1.361886592801964e-23
P09651,Average,0.9999999999999487,5.134349463262778e-14,3.641237093508398e-26
P04425,Good,1.1767973297651448e-10,0.9999999998721261,1.0194216101702742e-11
P05950,Excellent,3.058699185497015e-29,1.9094396174160028e-17,1.0
P00158,Excellent,1.2773488243831266e-14,0.00023080403709806955,0.999769195962889
P02778,Good,0.9999919790072723,8.020992727804303e-06,9.500540128070627e-20
P02205,Excellent,4.151009738583999e-24,1.0357568035535276e-13,0.9999999999998965
P09892,Excellent,1.695562019195997e-19,1.863598359007367e-05,0.9999813640164099
P06216,Average,0.000841029174890159,0.9991589708250886,2.1175730767545196e-14
P07636,Average,0.999992344742573,7.655257426998255e-06,4.6958042991021524e-18
P00454,Excellent,3.2610954445712055e-32,7.49234832705953e-18,1.0
P02126,Excellent,1.947177970534084e-18,1.050087372800246e-06,0.9999989499126272
P09581,Good,1.7964152839815344e-09,0.9999999960856616,2.117923157438928e-09
P02203,Average,0.999999999973739,2.626095251438899e-11,2.5743625689831922e-24
P08409,Excellent,5.891294405510709e-22,7.208127298181936e-11,0.9999999999279188
P09698,Good,1.087135280441339e-12,0.1069591852587185,0.8930408147401945
P06329,Average,0.9999999999999272,7.287190407042461e-14,6.237153532117372e-29
P07761,Excellent,6.349682937157729e-21,3.075404977741312e-06,0.9999969245950223
P02955,Excellent,9.76991253209716e-14,0.0024131504842656287,0.9975868495156367
P04081,Good,1.9104842635808173e-08,0.9999622301317652,3.7750763392054766e-05
P03578,Average,0.9999999977696017,2.230398316235346e-09,3.932696074946642e-21
P09085,Good,3.5137309588659063e-12,0.1351764819404431,0.8648235180560432
P07011,Excellent,5.9702764436411535e-18,1.7505149760561413e-07,0.9999998249485025
P04033,Good,0.00020260197346441051,0.9997973980102812,1.625430248315282e-11
P04261,Good,2.1966710676506267e-05,0.9999780332892555,6.808503455966347e-14
P06695,Good,1.5749488012112311e-09,0.9999999846587819,1.3766269196013671e-08
P08143,Good,5.763493218336451e-12,0.9999999997898847,2.0435175827460446e-10
P05073,Good,4.030616503775565e-06,0.9999959693750612,8.435053906515046e-12
P09296,Good,9.759953276469319e-08,0.9999999024004662,1.1089405553961114e-15
P09185,Excellent,1.047208746681794e-29,1.0476708755987696e-14,0.9999999999999896
P02293,Excellent,3.349755081755381e-20,9.506490533709919e-08,0.9999999049350946
P09654,Excellent,8.998146668403272e-18,6.328743160508397e-08,0.9999999367125685
P08260,Good,3.159891973053629e-06,0.9999968401072574,7.695354233320343e-13
P04224,Good,0.3138516222256939,0.6861483776481141,1.2619189729886458e-10
P08429,Excellent,8.448770325775483e-11,0.999083009094657,0.000916990820855167
P09496,Average,0.9999999999999998,2.4570369823562576e-16,9.287962716644522e-29
P01285,Average,0.9999999999713043,2.869573073676135e-11,3.4686314430504343e-28
P04584,Excellent,1.11132807679671e-12,0.8918458759494438,0.10815412404944494
P06791,Good,0.000335308534243393,0.9996646914657555,9.875441630000523e-16
P01701,Good,5.74561571908635e-11,0.9999999945843294,5.358214453331279e-09
P06900,Good,2.106229186462213e-06,0.9999978936779571,9.285633728513638e-11
P00953,Excellent,6.832886401954996e-23,7.241942744741374e-11,0.9999999999275806
P02687,Good,3.391576172648535e-11,0.9999998413333268,1.58632757530548e-07
P00531,Good,4.156823986500466e-07,0.9999995841767765,1.408247353636692e-10
P04515,Good,9.525818196425885e-07,0.9999990474181307,4.9577193740342264e-14
P01947,Average,0.9999999863060587,1.3693941350600682e-08,6.976621081928017e-23
P00538,Good,2.5491138661641082e-05,0.9999745088609723,3.6615812118270446e-13
P06887,Excellent,3.4851365147250226e-20,3.230480329427745e-09,0.9999999967695197
P08907,Excellent,2.0701853118265628e-16,0.10810922847148252,0.8918907715285173
P03773,Excellent,4.541288068512854e-30,5.209110243185212e-19,1.0
P01158,Good,4.5299260962518645e-11,0.9999848296511642,1.5170303536477032e-05
P09301,Excellent,2.5222133233459263e-23,3.87764768267318e-11,0.9999999999612235
P04814,Excellent,2.0715220774303844e-17,1.8182335886410334e-06,0.9999981817664114
P06935,Good,1.405944161297651e-10,0.9998662461634413,0.00013375369596422466
P00788,Excellent,1.122583116705721e-13,0.01845492396690804,0.9815450760329797
P02007,Excellent,7.488793733663956e-22,4.760618698447422e-11,0.9999999999523939
P08521,Average,0.9999989236359531,1.076364046852094e-06,9.867569536004658e-18
P05385,Good,0.002388171063902537,0.9976118289358715,2.2605047001925912e-13
P02760,Good,0.999991858791194,8.141208805981393e-06,8.202866016154165e-19
P09276,Good,0.051192303658486135,0.948807696252886,8.862784927616803e-11
P03471,Good,5.493795151414271e-08,0.999999945005048,5.7000399440082996e-11
P07895,Good,1.6161512795238084e-06,0.999998383157666,6.910544542848762e-10
P00212,Good,3.88701862528326e-09,0.9999999959877741,1.2520725419127203e-10
P04653,Good,5.028431968550692e-06,0.9999949715677715,2.59826383003033e-13
P03414,Good,4.102593424486136e-08,0.9999996175673981,3.4140666762423667e-07
P02612,Excellent,8.842441350976135e-25,1.1069271952986093e-14,0.9999999999999889
P00525,Excellent,1.3283648910574045e-17,5.6688564513307206e-08,0.9999999433114356
P06629,Average,0.9999916948203278,8.305179672296637e-06,1.3234428846821235e-18
P03667,Excellent,5.42762830025077e-19,1.9996487796316413e-10,0.9999999998000351
P05004,Good,1.0259320686781728e-06,0.9999989740558398,1.209161981684182e-11
P01030,Excellent,4.785587842435674e-25,1.420146646214744e-12,0.9999999999985798
P05416,Excellent,2.7085416020283437e-14,0.024191126038672572,0.9758088739613004
P00024,Excellent,1.7618852851283046e-25,1.0419553773220728e-13,0.9999999999998959
P05023,Good,2.2152940141743626e-08,0.9998633212823511,0.00013665656470869214
P07119,Excellent,9.081548146736436e-11,0.0016060368304499036,0.9983939630787346
P07290,Good,3.891724283058914e-12,0.9999999912645466,8.731561755754729e-09
P04455,Good,4.341763043197897e-10,0.9999999298181212,6.9747702358848e-08
P06201,Good,1.9564296584490387e-05,0.9999804357020575,1.3580407295949002e-12
P05056,Good,4.01708478680636e-11,0.9999999999598239,5.2688916532380965e-15
P00620,Excellent,8.418452578762709e-27,7.474709908012284e-16,0.9999999999999993
P02533,Good,1.8182747097579283e-09,0.9999992987219808,6.994597445908288e-07
P06347,Excellent,2.123079544775742e-21,3.5158579844093986e-11,0.9999999999648415
P06253,Good,2.217990874078291e-06,0.999997781983452,2.5673943909293005e-11
P03377,Excellent,9.635161917665733e-28,6.213081761340554e-15,0.9999999999999938
P08175,Average,0.9998948847969404,0.00010511520305957474,8.679521529812918e-18
P07999,Good,8.618662018279288e-14,0.0003848796576901178,0.9996151203422239
P07843,Excellent,5.274523386002267e-36,4.858695076514433e-19,1.0
P06943,Excellent,4.033303872843775e-21,2.252506639810196e-09,0.9999999977474934
P04607,Good,0.0004977995388412954,0.9995022004611476,1.1120163891165363e-14
P06823,Average,0.9976512687606371,0.002348731239339411,2.3529561320951393e-14
P01667,Good,0.010180740456017036,0.9898192595439456,3.75019769688585e-14
P03002,Excellent,2.5172407652394127e-27,5.62479763510535e-16,0.9999999999999993
P08700,Excellent,3.7933682753050636e-13,0.012679368223714498,0.9873206317759062
P01074,Excellent,1.1181762593061745e-12,0.023027015783122114,0.9769729842157596
P00812,Good,1.887547892536614e-11,0.9999999238502297,7.613089475220754e-08
P03485,Average,0.999999930553361,6.944663900172337e-08,3.382716187294424e-19
P04020,Average,0.9999999345899576,6.541004232817865e-08,1.1228371706166677e-20
P03248,Excellent,2.927990703594159e-21,1.4647866930311048e-10,0.9999999998535214
P00413,Good,7.3590643250350495e-09,0.9999999741640684,1.8476867285545736e-08
P02840,Average,0.9999999999999907,9.39011638889005e-15,3.523227113487905e-28
P08931,Good,1.0865078024570894e-10,0.9999999960160078,3.875341432224099e-09
P08014,Excellent,5.511123629016779e-18,1.5362464993087894e-05,0.999984637535007
P07391,Excellent,8.3253275902931e-22,1.6975732725678718e-11,0.9999999999830242
P07781,Good,1.1276150233267692e-08,0.9999999887237901,5.970412636129946e-14
P09197,Good,1.1973890994126412e-08,0.9999999665135286,2.1512580445986895e-08
P05593,Good,9.242566130014292e-13,0.9997563647069039,0.0002436352921718591
P07664,Good,5.714022361268912e-10,0.30749264762956086,0.6925073517990369
P08699,Excellent,3.2433154881083833e-22,9.328535570254615e-11,0.9999999999067146
P07378,Excellent,1.2596351896369768e-12,0.9999999752227364,2.477600395822107e-08
P08230,Excellent,2.891215737585273e-24,4.729681982904126e-14,0.9999999999999527
P02230,Average,0.9999990070363626,9.92963637458082e-07,4.30964909479021e-18
P08944,Good,4.496885217554758e-06,0.9999955015373119,1.577470554726122e-09
P07514,Good,4.448473295495481e-15,0.9971917999674522,0.0028082000325432904
P03920,Good,0.9999620337209377,3.79662790612586e-05,8.820096633050595e-16
P00453,Average,0.6666199374548439,0.33338006254159425,3.5617435286046905e-12
P09638,Good,0.09168842789331129,0.9083115721066859,2.8746908869459964e-15
P00961,Good,0.039553854510534635,0.9604461454220877,6.737761479997724e-11
P05643,Average,1.0,4.224556785593894e-25,6.123709504592924e-39
P03312,Good,1.1853355410108363e-07,0.9978084549555125,0.0021914265109332963
P02863,Good,7.169840583199751e-12,0.999999999744513,2.4831705939875846e-10
P03938,Average,0.9999999533352006,4.666479940124668e-08,5.503021426342142e-22
P06868,Good,2.096141777834404e-06,0.9999979038028313,5.539089133942087e-11
P01706,Good,2.4835064790587304e-16,4.5635980735034395e-05,0.9999543640192647
P03242,Good,7.32278710500021e-09,0.9999999821776341,1.0499578783442325e-08
P05015,Average,0.9999981574841681,1.8425158318677328e-06,3.6852006168376517e-22
P04415,Excellent,5.631920787382525e-19,2.1985630464548863e-06,0.9999978014369535
P05560,Good,1.245459712329709e-10,0.999993847116041,6.1527594128660305e-06
P00747,Good,2.2205781495661607e-12,0.9863802877394995,0.013619712258279962
P03141,Good,5.707335592103964e-12,0.999387933327362,0.0006120666669307474
P00436,Excellent,4.1855514580705117e-19,2.0870557951685965e-08,0.999999979129442
P03156,Average,0.9999972500746911,2.7499253088358733e-06,1.2594552167472894e-17
P07017,Excellent,7.67726197173334e-31,1.173345128039641e-16,0.9999999999999998
P03653,Good,5.002120129711391e-11,0.9999998976591853,1.0229079341996835e-07
P03376,Good,0.04906018463443126,0.9509398150712701,2.9429861450860363e-10
P05434,Excellent,5.184532328236849e-12,0.9936450977529305,0.006354902241884963
P05014,Average,1.0,1.6866996966674216e-19,1.928385027354463e-34
P07170,Average,0.9999964445213636,3.5554786362944567e-06,3.060773365419858e-20
P05733,Excellent,7.142379885775758e-13,0.32701701919444914,0.6729829808048365
P09190,Good,3.9193509655960095e-09,0.9999999960372454,4.3403497965395464e-11
P08178,Good,0.0002889880414751518,0.9997110093693159,2.589208894650132e-09
P00217,Excellent,6.603581055003677e-36,7.26706104533619e-24,1.0
P05352,Good,9.4834946640903e-06,0.9999905151114153,1.3939204942673098e-09
P08351,Average,0.9999999999999996,4.504660063035187e-16,3.1634690277086476e-33
P06271,Good,0.00034942474502086025,0.9996505752449794,9.999751384701866e-12
P07626,Excellent,7.28973083450633e-23,7.771683230004508e-10,0.9999999992228317
P03723,Excellent,1.3837133519371258e-16,0.013580488577906278,0.9864195114220934
P01244,Average,0.9999999971799074,2.8200925930890565e-09,3.8760613496793866e-24
P07569,Average,0.9981102736627006,0.0018897263372961578,3.3549948559861992e-15
P04807,Good,2.6860377186975e-08,0.999999973139019,6.037984720102527e-13
P00795,Good,1.1337913826923135e-07,0.9999998866180038,2.8578983915560564e-12
P09552,Good,1.7408869918622365e-12,0.999999957814381,4.218387821023888e-08
P05344,Average,0.999999306779376,6.932206238993958e-07,4.2476162857673185e-22
P00568,Excellent,2.903286553320456e-23,2.2305336788628333e-11,0.9999999999776947
P02987,Average,0.9999999993600521,6.39947793919142e-10,2.381328316552663e-22
P07058,Good,3.4309258761153937e-09,0.9999834265441377,1.657002493628529e-05
P07558,Average,0.9999972125480437,2.78745195624919e-06,2.476064346321112e-18
P05537,Average,1.0,5.238538520227604e-18,3.752136045826668e-35
P04989,Excellent,3.696202364406805e-21,1.7913164629266804e-10,0.9999999998208684
P08008,Good,0.0006268725426201478,0.9993731274298207,2.755921810196099e-11
P08435,Average,0.9999999999932394,6.7605601889393106e-12,7.692605688756594e-24
P09054,Good,2.2793113653618172e-10,0.9999378607295628,6.213904250606188e-05
P03341,Average,0.9999999997469697,2.5303016904538796e-10,4.3397722393539395e-26
P09354,Average,0.9999978762591887,2.123740811336755e-06,1.6658660478571064e-22
P09464,Excellent,4.714783026723536e-33,1.4250041158810153e-18,1.0
P07525,Average,0.010796973844602894,0.9892030261553901,6.932257365818584e-15
P01078,Excellent,2.0461217595416169e-19,4.670867669969016e-08,0.9999999532913233
P09251,Excellent,1.0199841380927844e-26,3.4822718468277193e-12,0.9999999999965177
P07916,Good,2.6565515781985577e-08,0.9999403824933981,5.9590941086005765e-05
P08026,Excellent,5.58093921957535e-29,1.809933574682697e-13,0.999999999999819
P03670,Average,1.0,3.8262069320533645e-19,2.5212597621943723e-31
P09067,Good,7.036362537123143e-11,0.9999999994966524,4.329839716780618e-10
P02160,Average,0.9999965793575738,3.420642426247184e-06,1.8033079563683816e-18
P05766,Good,1.2889433293242808e-10,0.8477989910696083,0.15220100880149734
P09650,Good,0.9905455872595149,0.009454412740483462,1.429802505112697e-15
P09522,Excellent,3.6748624402326265e-29,1.01614264228609e-17,1.0
P05747,Good,6.3114314805606735e-12,0.9999994673124801,5.326812084024995e-07
P04724,Average,0.9999999835726898,1.642731022205827e-08,2.861874062073453e-19
P01767,Good,0.011101804086675144,0.9888981958162332,9.709175459339841e-11
P05495,Good,0.0001689321587319034,0.9998310678403953,8.72806213939671e-13
P06990,Good,1.6573259392733305e-07,0.9999998340249472,2.4245879869152827e-10
P05608,Excellent,5.90233757238622e-29,2.1759799022438305e-16,0.9999999999999998
P05175,Excellent,3.361384367231678e-23,1.9715990291740892e-11,0.999999999980284
P01334,Excellent,6.035032047228412e-26,3.049530208175785e-13,0.9999999999996951
P09706,Good,1.1255660721452246e-19,1.953351501944443e-06,0.9999980466484981
P07273,Average,0.9215095411031011,0.0784904588968867,1.235129235840252e-14
P08558,Excellent,7.001932491310706e-17,4.726542725782728e-07,0.9999995273457274
P07300,Excellent,6.4146499620485855e-24,2.727516012775096e-12,0.9999999999972724
P02939,Good,3.486725581204891e-06,0.9999965132737588,6.60038714448166e-13
P01780,Good,0.0008035246198834353,0.9991964753763993,3.717225342441526e-12
P06366,Excellent,1.2126893708929628e-32,9.289058759852337e-20,1.0
P09696,Excellent,1.7846862074192898e-20,5.786987474035632e-08,0.9999999421301253
P06539,Excellent,1.1873717767495927e-23,1.4472807732358081e-13,0.9999999999998552
P04634,Excellent,4.325441407440359e-12,0.996843926327154,0.0031560736685206548
P03918,Average,1.0,3.1431732711829256e-19,1.786551723494728e-32
P09359,Average,0.9999999996209152,3.790848507198098e-10,7.083347134184342e-27
P07953,Good,0.0550569014428247,0.9449430985549666,2.208655047445233e-12
P02098,Excellent,9.337944658343516e-26,1.4324279587315657e-13,0.9999999999998568
P04069,Good,1.863072879569408e-08,0.9999999810254393,3.438318174608318e-10
P09938,Excellent,2.600329855144899e-22,7.616777121496341e-12,0.9999999999923832
P09764,Good,3.809433678341316e-10,0.9999999830948275,1.6524229159762014e-08
P09882,Good,5.280019468294737e-10,0.9999714071739025,2.8592298095446632e-05
P04370,Good,8.762998924100933e-12,0.9999797643833903,2.023560784656351e-05
P06978,Good,0.004979771073712961,0.9950202289261322,1.5480228624771256e-13
P08509,Excellent,8.297854870068437e-13,0.8026342230985885,0.19736577690058177
P06053,Good,4.592701773368943e-08,0.9999999540728973,8.491479074346218e-14
P04749,Excellent,8.140969886902592e-33,4.851826831770113e-19,1.0
P09009,Excellent,2.335675225004773e-12,0.41026961103810156,0.5897303889595628
P04229,Good,3.827582824306326e-09,0.9999999961689592,3.4579378317299912e-12
P04469,Good,0.9529402184114403,0.04705978158855401,5.792668144251619e-15
P03803,Good,4.259653722470639e-13,0.9530602307420207,0.04693976925755323
P04567,Excellent,8.434607643817128e-19,1.501439190785378e-07,0.9999998498560808
P02854,Excellent,1.8739713895385002e-21,2.0441283206565626e-09,0.9999999979558716
P00077,Good,1.622125867468594e-10,0.9999999997933944,4.439301271132845e-11
P08959,Good,5.939276340625637e-10,0.999996096579443,3.902826629211853e-06
P04702,Excellent,7.348323981617004e-14,0.0016709483039896765,0.998329051695937
P00493,Good,3.1771178308705365e-06,0.9999968228813478,8.212314994715176e-13
P04755,Good,5.189675972554975e-06,0.9999948103227567,1.270780233987876e-12
P02792,Good,2.2729303464592243e-07,0.9999997727068933,7.197859690368894e-14
P01515,Good,3.4810768999790445e-13,0.9471244353548223,0.052875564644829565
P03833,Excellent,3.810281857761386e-26,1.6531585767975928e-15,0.9999999999999984
P08775,Excellent,6.17568147000237e-19,0.04784494720511076,0.9521550527948893
P04778,Average,0.9999999999902625,9.737533402744777e-12,1.0244683864496724e-26
P08975,Good,1.79219708845737e-05,0.9999820780287088,4.067308457881062e-13
P09662,Good,2.885944908086409e-07,0.9999997114054517,5.734115511217654e-14
P02519,Good,0.0010327689322091455,0.9989672310508758,1.691495434638214e-11
P08471,Good,1.9404904266424373e-09,0.9999892383844187,1.0759675090945199e-05
P08942,Excellent,2.4906737865979357e-19,4.2850963856605064e-08,0.9999999571490362
P03044,Good,1.1148384119945518e-07,0.9999998884719719,4.418701687746663e-11
P08561,Good,1.0224495444599582e-08,0.9999999897375395,3.796504764002875e-11
P03679,Good,6.97207221718165e-10,0.999999998076391,1.2264018574213234e-09
P06932,Good,0.001879547474826314,0.9981204514198007,1.1053729325020213e-09
P02355,Excellent,2.5930135315634376e-18,7.459375873055997e-07,0.9999992540624127
P08256,Excellent,5.315398536183328e-20,4.1273788560147006e-05,0.9999587262114398
P06508,Good,7.96867234201429e-12,0.9999999801178614,1.9874169920788226e-08
P06979,Good,1.3727299648983082e-10,0.9980238036145411,0.0019761962481859587
P05878,Average,0.999999997463169,2.5368308721469756e-09,4.1490440631535985e-23
P04304,Good,1.756822829120807e-06,0.9999982431134358,6.373518895926531e-11
P05683,Average,0.03460111789617642,0.9653988821019919,1.8318143589467986e-12
P09588,Good,1.7996203598422357e-07,0.9999998129132436,7.124720473377817e-09
P05757,Good,2.7674984412222748e-12,0.9999999727133625,2.7283870069285826e-08
P07075,Average,0.9999999999987157,1.2843138946519284e-12,1.475001513815534e-29
P07061,Average,1.0,4.895539299576432e-21,5.01956839369921e-34
P00398,Good,0.029905506397448444,0.9700944936025508,6.540054849582793e-16
P01522,Good,1.1046941454683072e-07,0.9999998895283089,2.2766338881849972e-12
P03195,Average,0.9999999884405154,1.1559484660220628e-08,2.623841226741446e-19
P07534,Good,0.004485043383463887,0.9955149566139031,2.6328905348928297e-12
P02899,Average,1.0,7.308735861324098e-21,6.070210879539439e-40
P06123,Good,8.224132547733203e-12,0.9999960802360797,3.919755696243257e-06
P02344,Good,2.084090130932604e-12,0.9999999999358118,6.210414752427377e-11
P02323,Average,0.9980821525207128,0.0019178474792857058,1.5532575515324778e-15
P06495,Good,8.812219085721379e-09,0.9999999911727392,1.5041778946417198e-11
P03122,Excellent,2.497865763205288e-28,2.8601926776620005e-14,0.9999999999999714
P09517,Average,0.9999999997225815,2.7741862886279065e-10,3.0940349901139564e-22
P09659,Excellent,2.3271336299269146e-25,6.076572006101586e-14,0.9999999999999392
P08663,Excellent,2.6619724975033994e-18,1.3398674280658948e-05,0.9999866013257193
P06475,Good,7.87291850698418e-07,0.9999992119339893,7.741599663714642e-10
P07334,Excellent,1.0988177267704512e-17,3.149414380819411e-06,0.9999968505856193
P04632,Average,1.0,5.3143746960685496e-20,5.758890632444838e-37
P09297,Good,5.226340904134857e-13,8.433272783117233e-05,0.9999156672716463
P07414,Good,2.613404758139333e-12,0.9925968380749977,0.007403161922388946
P08388,Excellent,1.2462685147279296e-21,1.7197794000921854e-12,0.9999999999982803
P08071,Excellent,3.0823080039702695e-12,0.9999890258873584,1.0974109559315091e-05
P04993,Excellent,6.46291955056888e-26,3.132944873661787e-14,0.9999999999999687
P08813,Excellent,1.045465001559527e-13,3.831655138520609e-05,0.9999616834485102
P00745,Excellent,4.868575187548691e-22,3.114662357286781e-13,0.9999999999996885
P02365,Good,7.23515723780099e-10,0.999999862859467,1.3641701723366122e-07
P06690,Average,0.180829251639766,0.8191707483601992,3.4770102945376614e-14
P04090,Excellent,3.9510263792788196e-27,3.6102700576602214e-14,0.9999999999999638
P01572,Good,5.306053327616818e-06,0.9999946939271831,1.9489225611826212e-11
P08421,Excellent,7.389231844090864e-24,5.842740356371277e-12,0.9999999999941573
P03943,Average,0.9999997554376602,2.4456233991948373e-07,2.589347046050983e-20
P06420,Good,6.902909890754557e-11,0.9999992267465925,7.731843785685432e-07
P06491,Average,0.9999999999999931,6.961278960528782e-15,2.151912493624024e-25
P08746,Average,0.9999999999973495,2.6505060876794695e-12,1.397812483886238e-22
P01132,Excellent,2.672848017249364e-17,1.1545936999269584e-06,0.9999988454063001
P07346,Excellent,4.090513899391292e-20,5.362652216251455e-09,0.9999999946373477
P03852,Average,0.9635128427078916,0.036487157292097026,1.1413335146808167e-14
P06234,Average,1.0,1.9272187767513235e-17,1.4467011112692878e-34
P04466,Excellent,1.0613693586846048e-23,6.896582319992211e-13,0.9999999999993103
P05838,Excellent,1.9803180152166723e-17,4.420181784172108e-05,0.9999557981821583
P04801,Average,0.9999999999997207,2.7928736522546667e-13,2.815047288698804e-26
P06114,Good,2.3503652260525042e-08,0.9999999762202728,2.7607483478094214e-10
P03947,Average,0.9175273280338607,0.08247267196599585,1.433531648464619e-13
P07142,Excellent,1.3824886315073868e-17,0.0005214516986740982,0.9994785483013259
P02236,Good,6.023702374998894e-11,0.18868041275698663,0.8113195871827763
P02825,Excellent,2.5450689819720935e-13,0.008319584015533813,0.9916804159842116
P06141,Average,0.9999999999998741,1.2595173283806248e-13,6.864508576096276e-28
P06915,Excellent,8.166423478896894e-16,7.929329673416316e-05,0.9999207067032649
P05485,Good,0.9752470399234934,0.02475296007643827,6.846134370646453e-14
P00571,Good,0.00016620621946761039,0.9998337937475102,3.302212108122976e-11
P04608,Good,3.855809489100553e-10,0.9999999885391991,1.1075219854101049e-08
P04631,Good,2.532704333341028e-09,0.9999999801622323,1.730506329942544e-08
P09250,Excellent,6.876286696706061e-34,6.1137112801088996e-21,1.0
P09624,Average,0.9999970174158649,2.9825841350747153e-06,1.1832995150051863e-20
P07371,Good,1.0063495024613348e-06,0.9999989936491267,1.3708406110845195e-12
P03266,Average,0.9999911871180286,8.812881971328306e-06,1.6498168537382522e-19
P01476,Excellent,1.58244452627432e-29,5.591021297237976e-17,1.0
P02009,Excellent,7.398522263173957e-17,6.177124911191915e-07,0.999999382287509
P01922,Excellent,4.272615643758171e-25,7.442962130820124e-13,0.9999999999992557
P08093,Excellent,1.7430738658931416e-15,0.28166559463275964,0.7183344053672386
P03081,Good,4.122570287963105e-14,0.2720070734962703,0.7279929265036884
P08785,Good,1.4347084018766102e-08,0.9999999840989111,1.5540048749293225e-09
P03901,Good,5.346648419848758e-06,0.9999946533443629,7.217350538476989e-12
P09889,Average,0.14929998585487167,0.8507000141450707,5.766574053885738e-14
P07263,Excellent,4.119147972952501e-23,1.9057699059200524e-11,0.9999999999809424
P06410,Good,4.666940420966946e-05,0.9999533305952539,5.364436067329441e-13
P09269,Average,0.9782368246329692,0.02176317536697431,5.6469700932049745e-14
P06552,Average,0.7678914200698707,0.2321085799285033,1.6260569360084781e-12
P00516,Good,0.23746725441260394,0.762532744808365,7.790310381014919e-10
P03206,Good,2.0715491717708594e-08,0.9999999792736176,1.0890689552748236e-11
P02873,Average,0.9999998576022181,1.4239778193028806e-07,1.4098812226737474e-21
P02460,Good,4.7210396202803687e-07,0.9999995278739839,2.205395597539628e-11
P07310,Excellent,2.1507696188885114e-33,1.288363153638337e-20,1.0
P00290,Average,0.7917495220404587,0.20825047795953774,3.618377592105717e-15
P01483,Good,1.7631354476916615e-05,0.9999823686446683,8.549630690527597e-13
P09871,Excellent,3.177738180014645e-20,3.3793234757293154e-09,0.9999999966206765
P09385,Excellent,2.640536515809227e-16,0.000480582334960975,0.9995194176650388
P03888,Good,1.5083217787784891e-05,0.9999849142825162,2.4996960417902667e-09
P08528,Excellent,5.623044848130916e-19,1.1969828201237122e-07,0.9999998803017179
P04318,Good,5.617276716606025e-09,0.999999994240981,1.4174226834306854e-10
P01720,Excellent,1.5418296112867518e-18,2.9321447752499086e-08,0.9999999706785523
P04988,Excellent,2.5086992889264006e-17,0.001458617477820861,0.9985413825221793
P03108,Excellent,3.1946246459720883e-18,2.331826652293494e-09,0.9999999976681733
P02802,Good,0.0017055285570514666,0.9982944707231336,7.198148981375879e-10
P04151,Average,0.9999999999999996,4.497309162152935e-16,4.37916054976633e-33
P00264,Excellent,2.8135518550989767e-36,2.1178979982746968e-18,1.0
P06452,Good,0.00023735056877390416,0.9997626493142059,1.1702016083817494e-10
P03337,Average,0.0010474273964122395,0.9989525725892772,1.4310612859330127e-11
P05351,Average,0.9998699546546711,0.00013004534532716508,1.7890684277641856e-15
P08714,Average,0.9999877830604648,1.2216939535114294e-05,2.0756143541781632e-18
P02138,Average,1.0,6.569967287225857e-18,1.5608847990552402e-34
P00228,Excellent,1.4580216624299682e-10,0.999997418420297,2.58143390082721e-06
P01081,Excellent,6.031803814836228e-19,3.2369180009762967e-09,0.9999999967630819
P03509,Good,0.0013476744788766463,0.9986523255211218,1.547413612735855e-15
P05161,Average,0.9998704411232121,0.00012955887660357992,1.8434545869931127e-13
P09347,Good,1.9291102435731183e-13,0.9999908332055863,9.166794220753354e-06
P08197,Excellent,1.9791395892428526e-15,0.00032281121762223886,0.9996771887823757
P08619,Good,2.4063397639720898e-08,0.9999999759344546,2.147721828679261e-12
P06772,Average,0.9977962299045315,0.0022037700954684655,5.27792434933609e-20
P05624,Good,1.2403585014776357e-11,0.9999996642445296,3.35743066837659e-07
P03517,Excellent,3.90383915717256e-10,0.9999895087718287,1.0490837787337063e-05
P00567,Good,4.420879930137561e-06,0.9999955154408499,6.367922002031855e-08
P09408,Excellent,3.129971837277943e-25,2.7867662821377116e-13,0.9999999999997213
P01691,Good,0.0009210542089866175,0.9990789457271925,6.382088509933523e-11
P01771,Excellent,3.6688254634088446e-27,3.077160394309133e-16,0.9999999999999998
P03542,Excellent,1.204545056910766e-12,0.878505179256925,0.12149482074187042
P06730,Good,1.6142790244536688e-10,0.999999999835903,2.6690498199139e-12
P03479,Good,8.613154952380845e-10,0.9998810592568987,0.00011893988178569269
P00749,Excellent,1.498599673728391e-22,5.1485674243725926e-08,0.9999999485143258
P01554,Good,2.010206074241236e-06,0.9999979830255056,6.768420206093664e-09
P03333,Excellent,1.0030806603931063e-25,4.146655148470375e-11,0.9999999999585334
P03320,Excellent,1.4674691707553573e-14,0.00011347382315788622,0.9998865261768274
P01637,Average,0.5654929484315256,0.4345070515629995,5.474857611277331e-12
P04664,Excellent,3.147225718473498e-10,0.9418826762116673,0.058117323473610205
P06220,Excellent,8.238870145869835e-12,0.2570440085601219,0.7429559914316393
P04672,Excellent,1.014867887654881e-22,6.683460728425491e-14,0.9999999999999332
P04686,Average,0.9999992680979656,7.319020344549192e-07,5.997741207049736e-20
P02128,Good,0.00011836014834637045,0.9998816398472761,4.377513646277824e-12
P02831,Average,0.9999999999995377,4.623722208342856e-13,2.779382273642689e-29
P08698,Excellent,1.2266490334264612e-21,2.427055617992801e-09,0.9999999975729443
P02085,Excellent,3.981027484044529e-35,7.364877854119168e-22,1.0
P04942,Good,2.5665204945285116e-11,0.9995092533809211,0.0004907465934137178
P00717,Excellent,2.1734898898622942e-20,4.388862873480747e-10,0.9999999995611137
P08305,Good,1.8033472595339092e-10,0.9364817998418814,0.06351819997778385
P09070,Good,2.633370164141513e-07,0.9999997366597314,3.2521251062407544e-12
P06656,Good,1.6231012501101957e-10,0.99594514712834,0.004054852709349723
P05455,Good,0.005796334396883016,0.9942036655994445,3.6724064437586194e-12
P07717,Excellent,5.575534124700152e-12,0.14758632129215757,0.852413678702267
P06444,Average,0.9999999998862559,1.1374409213727662e-10,2.6507801073846873e-21
P01539,Good,1.1037395498240138e-09,0.9999997239730107,2.749232495842137e-07
P06949,Good,6.425458727986629e-06,0.9999935696057523,4.935519881342569e-09
P03567,Average,0.9999999996439586,3.5604134848956816e-10,4.2346783748008177e-19
P07886,Average,0.999999997425931,2.574069037627419e-09,2.358909269326987e-21
P08277,Average,0.8921222683960526,0.10787773160286049,1.0868321586340193e-12
P00068,Excellent,2.1010120616255634e-14,0.9949089639420563,0.00509103605792278
P05893,Good,3.679090508948426e-09,0.9999999963193309,1.5785451784267486e-12
P03944,Excellent,1.9182377608730926e-25,4.5400198922748565e-13,0.9999999999995459
P08617,Average,0.9999999999997025,2.9752343528720295e-13,5.003364298540936e-28
P02921,Average,1.0,1.691396887687394e-18,3.2398430817565537e-32
P06471,Average,0.999987574551689,1.2425448310832126e-05,1.2353615847323538e-16
P02277,Excellent,4.4420970980522946e-17,1.2362916856295057e-07,0.9999998763708315
P08285,Good,4.960661380298597e-09,0.9999995298088885,4.652304500215233e-07
P05767,Excellent,4.161836501863845e-30,1.6089181841254026e-19,1.0
P06937,Good,0.9802591291107375,0.019740870889258008,4.316745794106204e-15
P02830,Good,1.0150994688185227e-09,0.9998748558995272,0.00012514308537332083
P01111,Excellent,7.152668278093106e-17,3.3965907185506903e-09,0.9999999966034092
P03814,Good,0.011277031811188548,0.9887229681887739,3.74721218776194e-14
P06144,Good,3.961296524204486e-09,0.9999999960343733,4.330196153597257e-12
P08360,Good,5.1726612012442736e-11,0.9206073903700516,0.07939260957822183
P09153,Good,1.1816013902699968e-12,0.9997854266323277,0.0002145733664907336
P07790,Good,7.96776615309057e-11,0.8148470430052528,0.18515295691506964
P01069,Average,0.9675924739074874,0.03240752609251059,1.925771667890613e-15
P09950,Excellent,1.7082014371296174e-11,0.409258547566262,0.590741452416656
P00012,Good,6.775753077616346e-10,0.9999982752484486,1.7240739760663387e-06
P02574,Excellent,5.573799295832091e-12,0.9518366519958916,0.048163347998534556
P00687,Average,1.0,8.965611099603595e-18,4.8552513889248943e-32
P04933,Excellent,1.8416800654117918e-25,2.762036639027738e-13,0.9999999999997238
P06542,Good,7.096935253735929e-13,0.9033591058101528,0.09664089418913746
P01491,Excellent,9.016645259721412e-23,1.3289855928262724e-13,0.999999999999867
P08210,Excellent,2.4928337852064824e-22,2.808684663598599e-09,0.9999999971913154
P04914,Excellent,3.7840711610663536e-20,6.038648314187909e-10,0.9999999993961353
P06866,Good,0.05721699452136661,0.9427830054766865,1.9469727161458758e-12
P03094,Good,5.885919591860362e-10,0.9999930986330285,6.9007783795252296e-06
P09491,Good,7.721740114604627e-05,0.9999227825929161,5.937785526654396e-12
P08136,Excellent,3.279854392934969e-14,1.0301579314714655e-05,0.9999896984206526
P02059,Good,3.502364285634319e-08,0.9999942500258416,5.714950515555735e-06
P03332,Excellent,1.191769299273505e-29,3.2851558830272924e-16,0.9999999999999998
P07132,Excellent,4.3804768481815707e-16,1.3673490024678781e-08,0.9999999863265097
P07811,Good,0.9856667066382045,0.014333293355220865,6.574647243053582e-12
P08263,Excellent,4.369867041366072e-24,1.2292143796123273e-11,0.9999999999877078
P01817,Average,1.2576782363247527e-05,0.9999874232016096,1.6027021655898983e-11
P02157,Average,0.7909768335293696,0.20902316647062422,6.1668206044609195e-15
P01733,Good,8.299151185750091e-10,0.6498112151879303,0.3501887839821547
P01190,Average,0.9999997402082992,2.5979170088381313e-07,7.365209756706538e-21
P06820,Good,6.539464742113489e-13,0.9999998272798444,1.7271950175685257e-07
P07732,Good,1.6909561738264682e-05,0.9999830904366556,1.6062594508607654e-12
P07488,Good,0.7867433205846718,0.21325667941532728,8.740123706854638e-16
P01495,Average,0.999999978233848,2.1766151957804425e-08,1.679275017828182e-24
P04301,Excellent,3.3698569649672393e-28,3.318428251202015e-15,0.9999999999999967
P00373,Good,1.440504165188269e-10,0.9999999998317781,2.4171447038471105e-11
P04544,Average,0.9999996656978457,3.3430215430728296e-07,1.58732165566454e-20
P09529,Good,1.3561879415351753e-08,0.9999999228784548,6.355966586774309e-08
P07149,Excellent,2.706700798247801e-25,3.918992940124111e-11,0.99999999996081
P05869,Excellent,1.0202920459584005e-22,1.0391686982184283e-13,0.9999999999998961
P03373,Average,0.9999999981556,1.84439997416305e-09,2.3620311200785968e-20
P07248,Excellent,3.8036502584506434e-21,1.023910138599995e-09,0.9999999989760899
P01513,Good,6.256946247869684e-14,0.024992127068862082,0.9750078729310754
P00952,Excellent,3.906457523032084e-24,2.403670258260101e-14,0.999999999999976
P02194,Excellent,1.1996481196657194e-17,3.7370597961220106e-05,0.9999626294020388
P02866,Good,8.795995585022064e-11,0.9510339705502218,0.04896602936181831
P08589,Average,1.0,1.3854710000896444e-17,2.8020181860696473e-31
P00427,Good,0.0005763131202362716,0.9994236868704091,9.354657279394513e-12
P07114,Good,7.958368416415735e-08,0.9999999204118836,4.432211813300048e-12
P02996,Average,0.9999997249167396,2.7508326049387936e-07,2.6651589303636965e-24
P01286,Good,0.9147341648271814,0.08526583517243828,3.8044848941642455e-13
P07305,Good,8.318564689045846e-09,0.9999999916813761,5.928950319683718e-14
P04372,Good,9.249250945819491e-10,0.938366870110439,0.061633128964635873
P03285,Excellent,4.4568859549252385e-15,8.53192157089149e-05,0.9999146807842867
P05038,Good,1.2905535649446919e-08,0.9999999859611433,1.1333211222860176e-09
P02275,Average,1.0,1.6127494820070908e-17,2.217767616499672e-31
P06211,Average,0.9301853264747723,0.0698146735250931,1.3476199057396445e-13
P08810,Good,7.397770919508714e-11,0.9999999985776351,1.3483871900945557e-09
P08544,Excellent,2.1789978487768496e-22,7.923669494657026e-12,0.9999999999920763
P06289,Average,3.623370655061347e-05,0.9999637662934393,1.013676024847707e-14
P08841,Good,3.747859138843286e-07,0.9999996244366278,7.774582172662922e-10
P07889,Good,1.7378521297657006e-10,0.9996114925806853,0.00038850724552947697
P02849,Average,0.9999800140820685,1.9985917931478843e-05,5.828262799910619e-19
P08039,Excellent,1.14434263510902e-25,2.1402579099223729e-13,0.999999999999786
P02711,Excellent,1.3946673819583963e-11,0.9904885551437285,0.009511444842324874
P08917,Good,5.940615879243062e-12,0.0014542290241814067,0.9985457709698781
P02718,Average,0.9999978091832009,2.190816799022553e-06,2.0777625731540793e-18
P02885,Excellent,4.791166243388989e-20,1.0219041529290676e-08,0.9999999897809585
P04568,Good,9.836625680026082e-12,0.9967803434793054,0.003219656510857828
P02321,Average,0.9999999999999991,7.887739859991688e-16,5.287929681451048e-28
P08208,Average,0.999999775759214,2.2424078607378935e-07,3.242202136100347e-20
P08118,Average,0.9999999278110739,7.218892596794186e-08,1.764620428481828e-23
P00084,Good,3.4785904551605544e-15,3.372972051827458e-06,0.9999966270279447
P08437,Good,0.09803210082718347,0.901967899171291,1.5254881113496514e-12
P03357,Average,0.9999999999999956,4.407254275098786e-15,5.485770807706925e-32
P09339,Good,5.6575284151189925e-11,0.999955702102954,4.4297840470752375e-05
P03068,Excellent,2.7104805956655064e-21,6.153652730032704e-10,0.9999999993846347
P02564,Good,1.1841248670495647e-10,0.9999999998623075,1.927998634429795e-11
P08739,Good,2.8525300981578526e-10,0.9285380310247063,0.07146196869004068
P00260,Excellent,4.5867290478369736e-20,2.421542895762027e-11,0.9999999999757845
P04459,Good,5.995733370260473e-08,0.9999999400374564,5.209856304437832e-12
P04750,Excellent,2.2641964744374663e-13,0.9988355449410555,0.0011644550587181746
P09162,Good,1.0455322187640077e-09,0.9999993750013623,6.239531054401003e-07
P00901,Good,5.445895530588172e-08,0.9999999455388372,2.2074983036800347e-12
P00253,Good,7.315909160343093e-10,0.9999999991123811,1.5602786953101545e-10
P04511,Average,0.9821749231217837,0.0178250768782163,8.677432285931156e-18
P00607,Excellent,2.2074513062016722e-16,6.5115234634839696e-06,0.9999934884765364
P05635,Good,7.477809793990429e-14,0.08853190253608292,0.9114680974638425
P05467,Good,0.6301343700116613,0.3698656299880304,3.0835066227850136e-13
P09511,Excellent,1.900493815612899e-11,0.24092921654540742,0.7590707834355878
P00697,Excellent,4.323027828824354e-11,0.07996038344680796,0.9200396165099618
P08573,Average,0.9999965281327188,3.4718672812199532e-06,1.9310367251694242e-20
P05242,Excellent,1.0226423214048133e-27,1.819060455892577e-16,0.9999999999999998
P06415,Average,1.0,9.735436769250658e-20,1.2134652156834551e-40
P02734,Average,0.9999851612853283,1.4838714671797776e-05,1.8120782571854283e-19
P05849,Average,0.9999961065506795,3.8934493205173415e-06,2.0885282842737252e-20
P08468,Excellent,1.3229003441670215e-20,2.803564028132245e-07,0.9999997196435972
P02859,Average,0.9273208914868014,0.07267910851319866,5.311658110226533e-17
P06135,Good,4.952784735218276e-10,0.9999999990843789,4.203427448078038e-10
P02686,Good,2.2074884638246381e-07,0.9999997789756392,2.7551452109487563e-10
P07208,Average,1.0,7.657974985625694e-23,3.6910718041179686e-37
P06526,Excellent,2.3827818885676537e-17,4.705066767437334e-06,0.9999952949332326
P03049,Excellent,3.533439691394645e-25,2.8226311856920397e-13,0.9999999999997178
P07681,Good,1.1128199013271874e-10,0.999999982243483,1.764523511854923e-08
P00048,Good,2.7027360132045515e-08,0.9999999728848329,8.780709543342823e-11
P03581,Good,0.03725097360557602,0.9627490263930369,1.3870865650724616e-12
P04378,Good,6.992127656254933e-11,0.9999999419292294,5.800084931710656e-08
P08454,Good,1.7611039174593255e-12,0.00609357026949996,0.9939064297287389
P02964,Excellent,2.75173740430494e-32,1.7601951144483065e-21,1.0
P08505,Good,1.2444401777559892e-10,0.5813309198633756,0.41866908001218034
P05398,Average,0.0014205081687624194,0.9985794918312239,1.3755110808202072e-14
P03547,Good,1.8603511435970826e-14,0.0001545476426087882,0.9998454523573727
P07652,Excellent,4.237682571719097e-14,6.857360236115812e-06,0.9999931426397215
P01798,Excellent,8.071526510322919e-21,2.711789922641035e-11,0.9999999999728821
P03972,Good,4.563509399952219e-10,0.9999999994477111,9.593795925370887e-11
P06529,Good,8.66041752043895e-14,0.9999999976014022,2.3985112236477138e-09
P05117,Average,0.1802894767090775,0.8197105232807023,1.0220183762650814e-11
P09068,Average,0.4142320021127274,0.585767997885655,1.617448461531393e-12
P00539,Excellent,6.287364859242821e-15,1.0574446725857804e-05,0.999989425553268
P06364,Good,3.965365502529702e-06,0.9999960346344959,1.4806593256411463e-15
P08446,Good,7.684655297485974e-10,0.9999999992298658,1.6686327919016127e-12
P04521,Average,0.9999999998763685,1.236315877121973e-10,2.6035210728828386e-28
P09655,Average,0.9999982555138308,1.744486168659079e-06,4.956635495767113e-16
P01335,Good,3.2370306736725345e-05,0.9999676296671779,2.608545350942049e-11
P02933,Good,1.8686159772221215e-11,0.9947897242355507,0.005210275745763196
P09192,Excellent,5.818773336970565e-21,5.498128802314158e-10,0.9999999994501871
P07216,Good,4.689453786127598e-06,0.9999953105453188,8.950445189915616e-13
P08855,Excellent,4.0293427539458813e-28,5.069189331133189e-16,0.9999999999999996
P05781,Average,0.9999999994759483,5.240516692006394e-10,1.6404125916180613e-27
P02596,Good,4.1170807586712945e-11,0.9999994049010283,5.950578008590581e-07
P00666,Good,0.0007805135755765178,0.999219486397878,2.6545503841915346e-11
P09617,Excellent,2.328061399728407e-14,0.9987672852276223,0.0012327147723545566
P02887,Excellent,1.7328925647472794e-11,0.877043636800241,0.12295636318243006
P08003,Good,2.7347375041326416e-11,0.9999895146123097,1.048536034296695e-05
P05581,Excellent,2.6376172288721732e-15,0.00015453273942218226,0.9998454672605751
P07167,Excellent,1.1166113609836897e-10,0.9801840246428133,0.019815975245525475
P06925,Average,1.0,1.465123171708848e-21,2.7818267597763374e-35
P00410,Average,0.8434713434115093,0.156528656588055,4.355784038347448e-13
P06314,Good,0.9993693287600709,0.000630671239929085,1.9781950985064535e-19
P09203,Good,3.114996526238302e-12,0.995796109767916,0.004203890228969086
P01568,Good,1.353694549480826e-08,0.999999983487992,2.9750623355030565e-09
P02742,Average,0.9999999997700619,2.2993797633703984e-10,1.5681474511523083e-28
P00095,Excellent,5.246535207831047e-23,5.267845031131336e-13,0.9999999999994733
P05685,Excellent,2.5977057413876376e-12,0.008178757579510488,0.9918212424178919
P06802,Excellent,9.663260169255635e-19,2.1559223267735865e-08,0.9999999784407767
P03993,Excellent,1.4593860695012768e-25,1.6948893879745678e-15,0.9999999999999982
P06156,Excellent,2.0870833063168625e-28,1.5879204195934002e-14,0.999999999999984
P09800,Good,1.5479070129758325e-08,0.9999985412254484,1.4432954814776783e-06
P03962,Good,4.0847663632600036e-13,0.010106455752290364,0.9898935442473012
P06535,Good,9.02470155785639e-13,0.9999999937009383,6.298159202596848e-09
P02224,Average,0.9999742756097711,2.5724390228967097e-05,3.858538085391836e-18
P01645,Good,3.475447285641504e-06,0.9999965226888005,1.863913893061897e-09
P01079,Good,1.3931877370063985e-07,0.9999998606806696,5.567169504678953e-13
P02653,Good,2.510550189579658e-12,0.9999688590539084,3.114094358090078e-05
P03398,Good,5.6697767171811125e-11,0.9996521024231709,0.00034789752013138545
P05712,Excellent,1.3734886397321881e-18,1.2715701743267495e-07,0.9999998728429826
P00288,Good,2.0694633071208224e-14,0.999999999982687,1.729242345282039e-11
P00172,Good,0.010011524564722306,0.9899884754316566,3.6211063239190858e-12
P02935,Good,3.136243005880517e-07,0.9999996143043619,7.207133744821118e-08
P07255,Good,5.951274290282631e-11,0.9999999996888151,2.516722120994242e-10
P00230,Good,0.9692962738220315,0.030703726172168107,5.800430872086253e-12
P09080,Excellent,2.243715742810746e-26,2.540829059390515e-13,0.999999999999746
P05349,Excellent,1.334058572676382e-16,4.7367005845909295e-07,0.9999995263299414
P09308,Average,0.9999980801141752,1.919885824717341e-06,3.285441186398075e-19
P04018,Good,0.8095270104325567,0.19047298956699346,4.4996272535177223e-13
P03845,Good,8.04552076024605e-11,0.9999999998607325,5.881219464489745e-11
P00903,Good,3.8728265506732376e-05,0.9999612717326661,1.8269870491463443e-12
P06895,Good,2.2486424238689788e-10,0.9999999997677389,7.396832465265142e-12
P06691,Good,4.134308242942566e-12,0.9999835236639225,1.6476331943276807e-05
P07496,Good,2.3059251923791468e-12,0.999999999939525,5.816911384088047e-11
P03116,Excellent,4.113061624814627e-24,6.968527312923913e-12,0.9999999999930316
P06045,Good,1.4337737178911288e-08,0.9999999848582368,8.040260124738205e-10
P08382,Good,0.0006132169539294735,0.9993867830158016,3.026883535755067e-11
P08027,Average,0.9999779350427377,2.2064957262313024e-05,4.496486303137048e-18
P03282,Good,8.032672505585682e-09,0.999999991967269,5.859077337976752e-14
P09035,Good,2.9756952134828303e-12,0.9979997580607843,0.002000241936239926
P09218,Average,0.9999999982027561,1.797243913061416e-09,4.114928456071403e-20
P00386,Good,0.11797386157859076,0.8820261381130499,3.0835938347217353e-10
P07720,Average,0.9999999999960492,3.9507870532556434e-12,1.165331971025019e-26
P05440,Excellent,5.011899347834969e-12,0.9998252601351509,0.00017473985983718996
P05302,Average,0.999999999982851,1.7148948974637422e-11,1.9110726478419848e-23
P03110,Average,0.9999999999989868,1.0131281368787816e-12,1.161975205285939e-24
P06547,Good,1.4961667309603628e-09,0.9959779898449889,0.0040220086588443555
P03874,Excellent,2.0810002044267544e-30,1.1280180254077507e-15,0.9999999999999989
P02536,Excellent,3.0968629315785097e-10,0.7939189329599647,0.20608106673034896
P00128,Good,6.691716668208364e-08,0.999999922643521,1.0439312236826657e-08
P02695,Average,0.9999991936494652,8.063505347784873e-07,5.79114556506456e-19
P00227,Good,1.6515744958039846e-10,0.3441931707199572,0.6558068291148854
P07724,Average,0.9998842583427769,0.0001157416572229388,2.853156115077802e-17
P04089,Excellent,1.1285662487806636e-24,4.3730438204792704e-13,0.9999999999995628
P07662,Average,0.9999999999999505,4.9423054269766384e-14,6.453540887948641e-27
P01333,Excellent,5.090362082687096e-22,5.350655868458803e-13,0.9999999999994649
P09239,Average,0.9999999999999893,1.0561288326257077e-14,1.461582899162173e-30
P09392,Good,1.6653848973179955e-14,0.009169300602389342,0.9908306993975939
P07176,Good,4.2130751312207554e-13,0.8586795998663745,0.14132040013320415
P06323,Average,0.9999999999989637,1.0363172567883787e-12,1.9071224013791145e-24
P06575,Good,1.8210393446229145e-10,0.9999999782432674,2.1574628783627975e-08
P04395,Good,2.3275761568056623e-11,0.9999999995723803,4.043440064082477e-10
P07194,Excellent,4.4035139300199906e-11,0.9997782190062019,0.00022178094976302038
P00704,Average,0.9910702436935951,0.008929756306404904,6.526929121445586e-19
P04780,Good,4.090166548098023e-06,0.9999959098201477,1.3304166199207763e-11
P06400,Excellent,5.06893665554381e-10,0.9996351899468406,0.00036480954626561966
P04351,Average,0.3812739619633147,0.6187260377587298,2.7795549024678955e-10
P00054,Excellent,1.1305957704573736e-26,2.2826142074295664e-14,0.9999999999999771
P02109,Average,0.9999901673119638,9.832688036243737e-06,5.9365487869769005e-21
P04331,Average,0.9999999999946048,5.3952219540123704e-12,5.293829615141189e-28
P08763,Excellent,1.260626404117852e-17,1.5941802595204712e-06,0.9999984058197405
P05727,Average,0.1438128499246108,0.8561871500753554,3.3851433348181806e-14
P02689,Good,0.00011912911462601088,0.9998808708080323,7.734157364620496e-11
P02532,Average,0.9999999999999989,1.1251679882583465e-15,8.714979053041108e-29
P02786,Excellent,2.3629796892006417e-33,5.180166781201348e-19,1.0
P06001,Excellent,8.102692993348953e-26,2.8896992383040073e-13,0.9999999999997111
P01510,Excellent,4.575271159027392e-17,0.0005354218828329571,0.999464578117167
P07138,Good,5.000905344771831e-11,0.9999981213864684,1.8785635225097314e-06
P02811,Good,3.24333153565062e-11,0.994247458863614,0.005752541103952764
P04232,Excellent,2.3013435372280087e-19,1.912929564662121e-09,0.9999999980870704
P05447,Excellent,1.2297500140371064e-24,3.308245445538005e-11,0.9999999999669176
P04578,Average,0.9999990178647418,9.821352583121557e-07,9.334679246829801e-20
P05864,Good,1.2542438605381368e-18,5.7465838745449505e-08,0.9999999425341612
P03197,Good,1.6364267307845319e-15,7.851442805997366e-06,0.9999921485571924
P09010,Average,1.0,7.13087964531385e-19,8.740970219609416e-36
P09989,Excellent,9.993122069764584e-26,2.6247078084357397e-14,0.9999999999999738
P05690,Average,0.810119538352823,0.18988046164717542,1.539632194487377e-15
P06333,Excellent,1.44782380133852e-33,1.8593139353706563e-18,1.0
P00323,Average,0.9998509812483866,0.0001490187516135529,5.598326898486462e-18
P03043,Good,1.063115595571806e-08,0.9999999889410208,4.278231265925013e-10
P08472,Excellent,1.1719437310933993e-23,3.0327688578340813e-12,0.9999999999969673
P03304,Good,2.1953382942776632e-08,0.9999999779222266,1.2439033822942588e-10
P08329,Average,0.9999918484631228,8.151536877033446e-06,1.5691767806859309e-18
P05399,Good,4.89565637718877e-05,0.9999510434287532,7.474905358880266e-12
P06497,Excellent,3.8854942470845595e-23,6.576030747026901e-11,0.9999999999342397
P06804,Good,3.6631378638720424e-06,0.9999963368453836,1.6752535566572414e-11
P07123,Excellent,2.0987299453801046e-34,3.4055134821626847e-20,1.0
P09836,Good,7.050230629155499e-12,0.9355908693786491,0.06440913061430072
P00509,Average,0.9999999999999913,8.765094962901261e-15,1.141935994036579e-25
P05373,Excellent,2.6517112814541483e-13,0.34839583754158887,0.651604162458146
P06715,Good,1.8902716584009847e-08,0.9999999810829706,1.4312808785188303e-11
P04286,Good,2.493215803411298e-11,0.9999999934745973,6.5004703565016434e-09
P00964,Excellent,4.885090042763308e-25,3.0275151333103377e-15,0.9999999999999969
P04610,Excellent,5.0665662475116915e-17,6.752214994688872e-06,0.9999932477850054
P01494,Excellent,6.678279194157278e-10,0.9995394208225026,0.000460578509669512
P09652,Excellent,7.44629419083884e-20,4.026699756522086e-08,0.9999999597330024
P08890,Excellent,4.470345138784761e-29,1.5463732508552033e-14,0.9999999999999845
P03025,Good,0.0009923230120436777,0.9990076762974874,6.904687866076262e-10
P06905,Good,1.9922205878083663e-11,0.9999999997846516,1.9542631059682443e-10
P01363,Average,0.9999974741677774,2.5258322226280154e-06,8.28855396492937e-17
P08033,Good,6.096853937415754e-08,0.9999999382776299,7.538306779360969e-10
P01108,Average,0.9512419103857819,0.048758089614218125,3.912422188126845e-17
P05170,Average,0.9999999996867572,3.132427727011598e-10,8.948619013871887e-28
P04011,Good,3.7732596745912917e-06,0.999996226727193,1.3132374559956372e-11
P06370,Average,0.9999440572726912,5.594272730875548e-05,2.566924230383932e-19
P00851,Good,8.033961745622538e-10,0.9999944113208417,5.587875762057657e-06
P06592,Average,0.9999999999996028,3.971771019757307e-13,1.2920748897316605e-25
P06077,Good,5.363019322460382e-10,0.9930538033706431,0.006946196093055064
P09562,Average,0.9982336402909542,0.0017663597090458456,1.6896981959261298e-17
P00753,Excellent,1.622406184908612e-24,4.135195567306686e-12,0.9999999999958649
P04545,Good,3.1878500528639205e-09,0.9999999967763722,3.577780216471664e-11
P01566,Average,1.0,1.2425735848851501e-17,1.700513426275458e-34
P06541,Good,0.0008865387051915548,0.9991134611299447,1.6486379544584382e-10
P06805,Good,4.2360794172801565e-09,0.9999989476544874,1.0481094331732193e-06
P07563,Good,0.0021076005123689457,0.997892399487631,1.6915996823562838e-16
P05464,Excellent,2.009330345178695e-12,0.7550117853844539,0.24498821461353684
P08233,Good,4.688163897529549e-09,0.9999999951346523,1.7718370667168855e-10
P06396,Good,9.498720994966268e-11,0.9999804035781461,1.959632686661256e-05
P07323,Good,0.027233998380398642,0.9727660015732835,4.631774744235215e-11
P09299,Excellent,6.185859816999922e-16,7.758865513632385e-08,0.9999999224113443
P03153,Average,1.0,4.814543167358293e-18,3.148694404274687e-34
P08667,Average,0.9999999999586038,4.139613019887076e-11,2.6241418113651344e-24
P08535,Good,9.015609021910573e-11,0.9999999996036073,3.062365464779166e-10
P08126,Good,9.006671848538458e-13,0.012223142850304089,0.9877768571487953
P02480,Excellent,1.2418817513075383e-18,1.0330320389587067e-06,0.999998966967961
P00492,Good,0.773014427264079,0.2269855727359124,8.611112866163084e-15
P06993,Average,0.9999999999999978,2.161786802631589e-15,2.4203278294306337e-28
P00896,Average,0.9999979948469858,2.0051530141332725e-06,1.1222271278541742e-22
P03706,Good,0.001999689240279435,0.9980003107432911,1.642950579108341e-11
P06568,Excellent,1.774274288394828e-21,1.249780895306203e-11,0.9999999999875022
P02715,Good,0.9643192669252758,0.03568073307376164,9.624553933042331e-13
P03802,Good,1.5181667154864506e-07,0.9999998481604282,2.2900257564444223e-11
P01873,Good,8.611389636190796e-12,0.9999995573878925,4.426034960843056e-07
P02931,Good,0.9985723433799139,0.00142765662004839,3.759735002571002e-14
P05137,Average,0.9999999459990392,5.400096072606509e-08,3.6619762128654215e-22
P07628,Average,0.9999920420381733,7.957961826735689e-06,3.5279592802342636e-17
P02466,Excellent,1.0496502947705564e-17,1.879445784617028e-05,0.999981205542154
P08018,Average,0.9999999999999969,3.0717208389024448e-15,2.122148218453651e-28
P03663,Average,0.9220348396661986,0.07796516033379922,2.155286570712535e-15
P05431,Good,1.7488100860878061e-09,0.9999999100622691,8.818892089552459e-08
P03426,Good,2.0957237762826772e-07,0.9999997903870415,4.05808582402188e-11
P01712,Excellent,1.537090185718359e-35,1.6414810580083004e-20,1.0
P02714,Excellent,1.0370709595389425e-23,8.373761758545325e-10,0.9999999991626238
P02667,Excellent,3.1806788782023403e-09,0.9998583303970513,0.00014166642226974747
P08398,Excellent,1.0749902924770248e-26,3.109078172710356e-14,0.9999999999999689
P05885,Average,0.9989912316475201,0.0010087683524800108,6.490841180367885e-19
P08607,Good,1.8903280785726265e-10,0.9999999967811848,3.029782441946618e-09
P02884,Good,7.362105098930793e-09,0.999999989841618,2.7962768842421713e-09
P05645,Excellent,2.911700925117419e-14,0.9239150345859116,0.07608496541405933
P06927,Excellent,1.6656662251025105e-21,2.676147153715446e-11,0.9999999999732385
P08236,Good,4.916540979810227e-13,0.24303086126241696,0.7569691387370914
P06229,Good,2.0684249290776e-09,0.9999999967495763,1.1819986872029043e-09
P02492,Good,6.5179694217238e-14,0.0002833720525734084,0.9997166279473613
P09101,Average,0.9839017517541031,0.016098248245896805,1.9183796760974569e-16
P08223,Excellent,4.089565411181745e-14,0.008218628854535222,0.9917813711454239
P04614,Excellent,1.909566904752608e-18,2.95223756303335e-08,0.9999999704776243
P01564,Average,0.9999999505719699,4.9428030191124184e-08,3.924531407127211e-21
P03871,Excellent,1.9906919829338358e-27,1.6952901897182054e-12,0.9999999999983047
P06456,Excellent,1.4595247195001044e-13,0.033239530525248986,0.9667604694746049
P00529,Good,3.2968341804400035e-11,0.9593973419012833,0.040602658065748365
P08193,Good,9.218391329180445e-09,0.9999988394259003,1.1513557083784056e-06
P05525,Good,1.4724405246810875e-05,0.9999852755933615,1.391792760309015e-12
P04451,Average,0.9999999999999993,6.325036242036734e-16,1.2047617771547608e-33
P03407,Excellent,6.601492291766816e-15,0.004448444326979877,0.9955515556730135
P08949,Excellent,1.917996705668737e-13,0.9764832349445575,0.02351676505525069
P08647,Average,0.9999954103248964,4.58967510374008e-06,1.074116665170167e-19
P00986,Excellent,9.959706045730645e-19,2.0262872349962046e-07,0.9999997973712764
P06944,Good,3.7454116798926756e-05,0.9999625452900436,5.931574684369811e-10
P01373,Excellent,3.971031060732093e-15,0.0008986949702806311,0.9991013050297153
P05883,Average,0.9994159706304588,0.0005840293695412726,2.721100062976756e-18
P01755,Average,0.9999999981474548,1.8525453150270146e-09,2.6580104980800625e-22
P03812,Excellent,7.321674959799025e-34,7.826051329659561e-19,1.0
P08519,Good,6.552808091779243e-09,0.999999993386371,6.082094464526836e-11
P08091,Good,6.316662505716538e-12,0.16775688723597376,0.8322431127577096
P02747,Average,0.9999877007031506,1.2299296849329486e-05,2.668251624416504e-19
P04327,Good,7.221534760794791e-10,0.9999992612205462,7.380573003137471e-07
P09314,Good,3.965584160261674e-11,0.03894135294677952,0.9610586470135646
P05261,Good,2.9912256087942584e-05,0.9999700865507407,1.1931713605350975e-09
P05711,Good,7.323806393037547e-07,0.9999992676026825,1.6678127747876402e-11
P04659,Good,0.0006436275181382928,0.9993563724816452,2.1644602020879938e-13
P05312,Good,3.571985003601642e-10,0.014971981492755422,0.9850280181500463
P07338,Good,7.980366847408404e-05,0.9999201963154638,1.6062109269448285e-11
P08854,Good,2.2654064498318454e-09,0.9999971788694206,2.818865172853227e-06
P07898,Average,0.9951498602904135,0.004850139709586477,2.608162130670539e-17
P07349,Excellent,1.4749601703260516e-26,1.0672644374159496e-16,1.0
P09813,Good,6.784933588944126e-10,0.9999999641177648,3.5203741829992447e-08
P08075,Good,5.877233789996352e-11,0.9999999958061008,4.1351268608617055e-09
P05824,Excellent,2.8479974593898895e-12,0.005366153030295527,0.9946338469668566
P07703,Average,0.9901541238127965,0.009845876187201315,2.2905761178463535e-15
P06723,Average,0.999999997115002,2.8849980462080197e-09,2.768402327451061e-22
P06317,Excellent,1.1425664428448063e-12,0.7211683173876234,0.27883168261123403
P00557,Good,7.146948800390024e-14,0.989053970140168,0.01094602985976049
P02809,Excellent,3.4200602841828624e-21,4.123680814352684e-08,0.9999999587631919
P04983,Excellent,3.444146253315863e-19,2.5802398485626096e-09,0.9999999974197602
P02740,Good,0.0005929541244273856,0.9994070458754603,1.1243733922031192e-13
P02301,Excellent,2.657357151009431e-21,2.091327008383802e-08,0.99999997908673
P08100,Average,0.9940607635962146,0.005939236403785279,4.01580293332241e-19
P01091,Good,5.088681331350726e-10,0.9997741614116039,0.0002258380795279044
P02508,Good,8.498365488535483e-05,0.9999150162904652,5.4649348270380306e-11
P01176,Excellent,1.7137529253983177e-13,0.3379815833180256,0.6620184166818031
P02140,Good,4.841970725911799e-10,0.9999986353192424,1.3641965605364279e-06
P04488,Average,0.9932448203612937,0.006755179638706346,7.110486125450916e-17
P01594,Average,0.9999999999980762,1.923890086419747e-12,5.161648459865542e-28
P07921,Average,0.9999999999999984,1.626462692802726e-15,4.382499523236635e-32
P09401,Good,2.7816763236801215e-10,0.9999987528026554,1.2469191769855798e-06
P03349,Excellent,2.6642563696792094e-17,5.558021779620325e-05,0.9999444197822038
P03162,Good,1.750300427935711e-21,1.5962807736213284e-08,0.9999999840371923
P06751,Excellent,2.133525081225957e-30,6.4154315722417056e-21,1.0
P06765,Excellent,1.7014638187828438e-23,5.436724526835925e-09,0.9999999945632754
P09705,Good,2.8769531027703266e-11,0.9996296045667548,0.00037039540447568085
P02159,Excellent,1.0396206937889826e-27,4.071015612886141e-14,0.9999999999999594
P08162,Good,7.024338822497189e-05,0.9999297566111883,5.866448581204442e-13
P07094,Excellent,2.1128532683247441e-16,7.280780087930115e-07,0.9999992719219911
P02608,Excellent,6.855094630576052e-25,4.774987159411612e-10,0.9999999995225013
P02068,Average,0.9999991247465181,8.752534818970406e-07,1.3624165998403588e-19
P06050,Good,6.840152625589912e-10,0.9999999993143323,1.6525869116640445e-12
P00341,Excellent,5.688776230694923e-18,4.308996702274595e-09,0.9999999956910033
P02820,Good,1.4838478426215895e-07,0.999999851482874,1.3234182719246472e-10
P01820,Excellent,9.390653649254937e-26,1.2002935105731812e-13,0.9999999999998799
P05488,Excellent,6.57543014755534e-19,5.668362020331567e-07,0.999999433163798
P09087,Good,0.0019504176448407026,0.9980495823545352,6.242332637882156e-13
P09674,Excellent,3.087890768745722e-32,1.0483261948513024e-18,1.0
P00844,Average,0.9999999956789927,4.321007243163545e-09,5.128154171384246e-25
P09993,Excellent,3.4172887446750404e-17,1.2118556301868232e-05,0.9999878814436982
P00884,Good,1.0985286988167735e-12,0.9986674020157198,0.0013325979831816529
P02324,Average,0.9892289886637943,0.01077101133619972,5.984154141398275e-15
P01293,Good,5.787094620107579e-12,0.9999625201005623,3.747989365063646e-05
P03020,Excellent,2.605564897855039e-16,2.660808572643147e-06,0.9999973391914272
P09424,Good,6.173173536669289e-08,0.9999999378845058,3.8375891487800663e-10
P03024,Good,7.584665407877479e-15,3.5275853454402524e-05,0.999964724146538
P03608,Good,8.422454905241025e-09,0.999981597229251,1.839434829423193e-05
P04275,Average,0.9999996599201075,3.400798924311373e-07,2.0194704813702813e-23
P06788,Good,1.8295000083698479e-09,0.9999999981701515,3.484385112185411e-13
P09770,Excellent,1.7331004958840527e-20,1.8413782347219307e-07,0.9999998158621765
P02077,Average,0.9999877494038772,1.225059612277659e-05,2.3456604126312776e-22
P07936,Excellent,3.74326486775866e-13,0.29162554910033395,0.7083744508992916
P00391,Excellent,4.775559187351691e-20,1.1241470420825545e-09,0.999999998875853
P00320,Average,0.9999999999998723,1.2757179158521465e-13,6.023250614161168e-26
P02400,Excellent,9.112683090004973e-21,9.16458411811721e-12,0.9999999999908353
P05673,Good,2.5956950677696883e-08,0.9999999740429144,1.3491984341243761e-13
P04692,Excellent,1.0094356698324456e-25,3.321837783093308e-13,0.9999999999996678
P07032,Good,1.5708190400624598e-05,0.9999842918095988,5.34409418932009e-16
P09386,Average,0.0005273889956763478,0.9994726110042956,2.805714300693738e-14
P01302,Excellent,2.588571954422467e-19,1.1845109976191576e-05,0.9999881548900239
P03759,Excellent,3.6994980649529306e-20,7.523033610680263e-08,0.9999999247696639
P09692,Good,1.1413108994661281e-07,0.9999998733465967,1.2522313276207182e-08
P06742,Good,4.332257519384429e-07,0.9999984008797479,1.1658945002507686e-06
P09221,Good,1.4871062563645534e-10,0.999999987706926,1.2144363446063734e-08
P03023,Average,0.9999998748657645,1.251342355818183e-07,2.8407399027007286e-20
P04739,Good,9.571187310178192e-06,0.9999904288126891,6.890895696813108e-16
P03057,Excellent,1.2579257886432991e-20,2.746612087338371e-09,0.999999997253388
P03128,Average,0.9999999999996687,3.313637761082318e-13,7.1247267267389e-30
P05736,Excellent,5.323879620462943e-25,6.977933050412171e-14,0.9999999999999303
P05144,Average,0.9999999874557625,1.2544237597489404e-08,1.3307619077663129e-20
P08152,Excellent,4.3738347162983077e-17,5.2798902187645945e-05,0.9999472010978123
P08034,Excellent,4.846141089139974e-21,2.2439635502375622e-08,0.9999999775603646
P07937,Good,1.6444937835216491e-06,0.999998353134237,2.371979523985669e-09
P01506,Good,0.0005173552531862535,0.9994826447401673,6.646327521817534e-12
P08908,Good,2.2554973231177444e-10,0.9999999993237361,4.507143029113097e-10
P06254,Good,3.12544047592925e-07,0.9999996864461784,1.0097739582643166e-09
P04761,Average,6.590234693141664e-05,0.9999340976459312,7.137401553948028e-12
P05214,Excellent,5.817934631559716e-27,2.5329504473950154e-15,0.9999999999999976
P02544,Average,0.4078774428264191,0.5921225571731124,4.686146511043593e-13
P06647,Average,0.9999977683810414,2.2316189585694944e-06,3.537787108307883e-18
P09166,Good,2.7977445957147413e-11,0.9999999291383918,7.083363081902238e-08
P04876,Average,1.0,2.781684775472211e-23,3.7567959671368423e-44
P03734,Excellent,1.019016377222082e-18,5.722700662455369e-08,0.9999999427729934
P02286,Excellent,3.341563049690946e-27,3.6103704775156543e-13,0.999999999999639
P02011,Excellent,4.284252337216737e-09,0.8061471307444247,0.19385286497132295
P03246,Average,0.999999991588498,8.411502195719467e-09,2.1035110622098125e-21
P03322,Excellent,1.5513873755129783e-20,4.145082438935306e-10,0.9999999995854918
P06245,Average,0.9999999843252649,1.567473495580401e-08,1.1699696399346788e-19
P08474,Excellent,1.1468330861089976e-15,2.0743224337574937e-06,0.9999979256775651
P01408,Average,0.9999273000943012,7.269990569887205e-05,1.534805910733623e-18
P04768,Average,0.999987171330356,1.282866964394897e-05,1.544362093603474e-18
P07669,Average,0.9999999910910936,8.908906520478731e-09,2.90588319590499e-19
P09140,Average,1.0,2.1898382511897214e-21,8.406648998991522e-39
P04744,Good,7.2194147564190725e-06,0.9999927805831308,2.1128100579733726e-12
P09028,Average,0.9999974611413948,2.5388586053707565e-06,5.64455830385822e-17
P08868,Good,0.7841367250055353,0.2158632749939183,5.463369958416079e-13
P07508,Good,5.820155576271187e-13,0.007994544498056212,0.9920054555013619
P01796,Excellent,2.2956193068442995e-25,4.764796676228254e-16,0.9999999999999996
P01582,Good,1.0366738923740603e-10,0.9999999998724354,2.3897223095431002e-11
P06738,Good,8.389424297633751e-12,0.9989343399593457,0.0010656600322650406
P04585,Excellent,1.843086453524453e-24,1.262981517673139e-13,0.9999999999998737
P04390,Average,0.031256667349635815,0.9687433326503471,1.7057106470510495e-14
P00540,Excellent,1.454380246576942e-22,2.5104081813436813e-13,0.9999999999997489
P03354,Average,0.99999989735529,1.0264470992569594e-07,1.7489822134187577e-19
P07473,Excellent,2.1040640844582495e-14,0.0369804656796466,0.9630195343203325
P07062,Average,0.9999845792534436,1.5420746555136854e-05,1.3046214544131995e-15
P03267,Average,0.999999953966232,4.60337680708874e-08,1.7021097200159556e-24
P05579,Good,3.0981413687104105e-06,0.9999969010196751,8.389562245926177e-10
P08676,Excellent,3.012201654203591e-19,1.1908861368497486e-08,0.9999999880911387
P05167,Excellent,3.5703403740994863e-26,2.5941096902706494e-16,0.9999999999999998
P05442,Excellent,1.9283043253932764e-16,5.399938043864936e-07,0.9999994600061954
P05043,Average,0.999999999999815,1.850373655527466e-13,3.4756986125518416e-31
P03643,Good,7.745279975820256e-14,0.9999999940258204,5.974102185385628e-09
P05418,Excellent,2.5589652187070645e-17,7.198427527419494e-08,0.9999999280157247
P08651,Excellent,2.135056033925781e-09,0.7969647162141146,0.20303528165082946
P02120,Average,0.9999999996865401,3.1345984850599883e-10,2.599716765784428e-23
P03478,Excellent,5.4314352562679205e-12,0.9578167989526766,0.04218320104189209
P08219,Good,9.779032130935148e-09,0.9999999883616021,1.8593658119063948e-09
P07810,Good,7.466609723675808e-08,0.9999999253338672,3.5524466424098186e-14
P07725,Good,3.5367733834449654e-09,0.999999996422779,4.044765086266652e-11
P08776,Excellent,2.745219669442376e-16,5.687289981967659e-07,0.9999994312710015
P05013,Average,0.9999999999949782,5.021836526976713e-12,7.917156602024802e-24
P06028,Excellent,7.672449698189585e-27,1.1320346590240895e-15,0.9999999999999989
P02404,Excellent,2.8216042654215494e-17,2.2047320726359075e-07,0.9999997795267928
P03029,Good,1.693738755285016e-08,0.9999999830599006,2.7119136903368317e-12
P08390,Good,4.524277465831987e-12,0.9999442197333782,5.578026209753609e-05
P04313,Average,0.9999999999999976,2.4180527255339944e-15,1.557426508733576e-35
P08758,Excellent,7.377001586533856e-23,2.894470419492556e-09,0.9999999971055296
P08806,Excellent,1.9491718523567326e-20,6.41248930470953e-08,0.9999999358751069
P04811,Excellent,9.416214262830846e-12,0.9999998170301587,1.8296042519810383e-07
P08239,Excellent,5.538295776403785e-25,1.7932550477352814e-14,0.999999999999982
P00336,Excellent,3.014740048923657e-34,1.2890929621095427e-17,1.0
P05697,Good,1.1415041039833764e-07,0.9999998849428168,9.067727832483954e-10
P00530,Excellent,4.236387843841571e-12,0.5250420412392937,0.47495795875646996
P02735,Average,0.9534525577156477,0.046547442284349864,2.5339514009907003e-15
P09412,Excellent,5.6441682208524355e-16,0.0001904928622141268,0.9998095071377853
P01884,Average,1.0,2.9051575482731147e-17,6.5202752716506e-38
P05980,Average,0.9999999604530041,3.954699589020941e-08,6.220726187068123e-20
P09047,Good,1.0263307124597671e-09,0.9998350902589758,0.00016490871469338486
P07616,Average,0.9999789329177248,2.106708227529865e-05,8.985126686303899e-20
P00255,Good,0.820197737008786,0.17980226299121335,7.567930668799008e-16
P01086,Good,6.070718058075896e-08,0.999999939168133,1.2468626032835405e-10
P04849,Excellent,2.0898920868636235e-27,6.420139487213363e-14,0.9999999999999358
P00868,Good,7.71283311168479e-12,0.9999988328526457,1.1671396415961366e-06
P05901,Good,0.000919363668533565,0.9990806363303095,1.1569096364616544e-12
P04173,Good,8.523689179754241e-15,6.619713785108732e-05,0.9999338028621405
P03103,Excellent,9.846295210157026e-18,1.400164294377353e-07,0.9999998599835705
P00171,Excellent,1.768581213989138e-21,1.612650258188369e-09,0.9999999983873498
P06737,Good,0.01791621764990581,0.9820837823500942,3.190808571764229e-17
P08901,Good,9.73216354584165e-09,0.9999999902678077,2.869389372648952e-14
P09690,Excellent,1.4576031845869106e-23,1.0263040611705503e-11,0.9999999999897369
P01480,Average,0.9999999999974676,2.5324123538879773e-12,6.260589067636749e-27
P03483,Average,0.9995530378862638,0.00044696211373600924,2.489005711248286e-16
P04787,Excellent,2.884561119387137e-40,6.436766155763523e-24,1.0
P04696,Excellent,1.3058254928890587e-35,7.095591611666304e-23,1.0
P06581,Good,8.161705415187412e-12,0.0091775927517058,0.9908224072401325
P06919,Excellent,7.789737247814162e-24,6.563664314989519e-14,0.9999999999999343
P06419,Excellent,1.2122329275480878e-10,0.48338422583985763,0.5166157740389191
P01394,Average,0.597979509846876,0.40202049015019026,2.9338994410433464e-12
P06402,Good,0.0009589266110569622,0.9990410733883827,5.603227013765154e-13
P00551,Average,1.0,2.0847585804435042e-23,3.573004197992434e-42
P03637,Excellent,8.853577394042736e-17,6.521584577306333e-06,0.9999934784154227
P07440,Good,1.0493687321875002e-10,0.9999999447412964,5.515376681313715e-08
P06924,Excellent,4.67437571698086e-16,3.1759916311039453e-06,0.9999968240083684
P02490,Good,1.7088730769871717e-12,0.999999999123788,8.745030804679793e-10
P01939,Good,0.6381088428680618,0.3618911571133127,1.8625408452873808e-11
P05066,Good,1.0185636100145342e-12,0.9999980122608665,1.9877381148006427e-06
P00873,Excellent,3.8926351210421025e-19,2.1542758368299425e-07,0.9999997845724162
P05830,Good,5.272008163516817e-11,0.9999999998194,1.2787998699405761e-10
P04673,Average,0.9999928034932208,7.1965067791009195e-06,1.2032158500671929e-20
P00242,Good,5.5368065868831916e-05,0.9999446319340117,1.195278801981579e-13
P07311,Good,3.702366583674565e-11,0.9995735953788464,0.000426404584129892
P07631,Average,0.999999999999986,1.4065686673593724e-14,8.294136770348407e-27
P09609,Excellent,1.1032837877308996e-12,0.34502706874907557,0.6549729312498211
P02115,Excellent,5.38650571617485e-29,1.789832934878923e-14,0.999999999999982
P02371,Good,1.0151436975168807e-09,0.9999999989525759,3.228054940762432e-11
P01843,Good,1.2007357335157555e-14,0.2867526442904298,0.7132473557095581
P09881,Average,0.999999691084801,3.0891519894583245e-07,8.5264860695639e-20
P02737,Good,0.0013866726238987007,0.9986133273744479,1.653475132354022e-12
P02481,Good,3.135795834936758e-07,0.9999996044434486,8.197696776695317e-08
P01351,Good,1.677034374768082e-05,0.9999832296526028,3.64942449869129e-12
P05773,Excellent,8.508882987541369e-18,3.879988197021019e-06,0.999996120011803
P06414,Average,0.9999999999983016,1.6983328301631886e-12,3.6386528570391226e-24
P00765,Good,1.412591720211321e-12,0.999996812364414,3.1876341734098093e-06
P06112,Good,0.0011721639596569326,0.9988278360387011,1.6420064345614455e-12
P04616,Good,0.9929866400336442,0.007013359966355771,1.5089105283761232e-19
P03685,Excellent,2.4337104655839103e-22,9.583710325737398e-11,0.9999999999041629
P07942,Good,5.208353259157405e-09,0.9999999259575979,6.883404872816504e-08
P03467,Good,5.077211270904478e-13,0.9999999449613576,5.503813463162807e-08
P00460,Good,1.6183902679492545e-13,0.9993160450506737,0.0006839549491645517
P04747,Average,1.0,3.704724648505438e-17,1.1595830507238052e-28
P07536,Good,0.00020482730528414435,0.9997951724768319,2.1788396328005212e-10
P02264,Good,0.703369752255733,0.2966302477442465,2.0608967459476972e-14
P01062,Excellent,3.1517374419884425e-21,4.100413959701355e-10,0.9999999995899587
P02398,Excellent,2.521155989508233e-20,5.144960864965335e-12,0.999999999994855
P00224,Excellent,3.734037541069348e-15,1.3045273119967272e-06,0.9999986954726843
P03683,Excellent,5.391543630642112e-20,7.08374793123478e-07,0.999999291625207
P02779,Excellent,2.1181155552870262e-20,1.614528175774302e-10,0.9999999998385471
P05706,Excellent,7.001443028114027e-21,6.782203137052372e-11,0.999999999932178
P09830,Good,1.7015051702684956e-09,0.9999946577795055,5.3405189893838416e-06
P00496,Excellent,2.197285983817329e-23,4.877652631048585e-09,0.9999999951223473
P06632,Excellent,1.446014720701792e-14,0.00010414355382622708,0.9998958564461592
P09826,Excellent,8.438788515515237e-26,1.2166020321783191e-13,0.9999999999998783
P07285,Excellent,2.0953527082248393e-14,0.002119709397255289,0.9978802906027237
P02853,Good,0.005988429313892182,0.9940115706831247,2.9829252651558845e-12
P03342,Excellent,3.0394931904517874e-21,8.069013475577272e-10,0.9999999991930986
P04574,Excellent,4.232245663550139e-18,1.9118432382626442e-07,0.9999998088156762
P00737,Excellent,1.4363378471222186e-14,0.06857410766542785,0.931425892334558
P01885,Good,3.5272838530213308e-09,0.9999999963314938,1.4122228661698967e-10
P07562,Excellent,5.047890121048919e-35,6.289039341966682e-20,1.0
P03664,Excellent,2.1934410785605e-13,1.0518973375656674e-05,0.999989481026405
P07210,Average,0.9999999999999991,8.512604129047826e-16,2.4980061170073394e-28
P07069,Excellent,2.8825891725963743e-20,4.817036175782976e-10,0.9999999995182964
P09578,Excellent,3.34330753290939e-24,2.7981384863109915e-14,0.999999999999972
P08270,Good,2.0487292434978876e-11,0.9999132314657139,8.676851379881032e-05
P02243,Good,1.8682757371747536e-07,0.9999998032002676,9.972158693942809e-09
P01695,Good,6.805331728041029e-09,0.9990790962440987,0.0009208969505696277
P03287,Good,1.9685530065167052e-13,0.0011359204545275596,0.9988640795452755
P08988,Good,1.9297634817668225e-08,0.9999990571417497,9.235606153262526e-07
P01243,Excellent,1.297636536161268e-25,9.620271222012262e-13,0.9999999999990379
P03210,Excellent,5.840433541896123e-22,5.932035513271238e-11,0.9999999999406797
P03013,Good,0.020110563653759152,0.9798894362050529,1.4118798955066662e-10
P08213,Excellent,6.5865963352490405e-21,1.2232630180383353e-10,0.9999999998776736
P03306,Good,0.9118410050443955,0.08815899495550443,1.0024958048594767e-13
P04294,Good,4.053764571700447e-09,0.9999999937402102,2.2060251959854665e-09
P01234,Average,0.9999999235965936,7.640340631836569e-08,1.8224542781180605e-20
P02351,Excellent,5.191740479700335e-29,2.5320966471003267e-16,0.9999999999999998
P07182,Average,0.9999999997244247,2.7557523733638577e-10,1.4480745674027777e-24
P03121,Excellent,1.7056689895832033e-19,2.9015161136448194e-08,0.9999999709848388
P03745,Good,2.9553844861212174e-08,0.9991818471650368,0.000818123281118333
P08623,Excellent,2.5286548999127285e-23,2.016381181946229e-13,0.9999999999997984
P02039,Good,1.939896158780851e-08,0.9999999803891179,2.119204428980356e-10
P08443,Average,4.7005911249232364e-05,0.9999529940887495,1.3676652999574866e-15
P08030,Excellent,8.654866307405326e-30,4.935957980710285e-16,0.9999999999999996
P09311,Excellent,3.766469453551069e-18,9.035481665139191e-07,0.9999990964518334
P04231,Average,0.9999999999756628,2.433716732897159e-11,2.0551423753544052e-24
P06857,Excellent,8.104447061789769e-38,7.601970530779888e-22,1.0
P00046,Excellent,1.056731928797032e-17,2.1532433803284334e-08,0.9999999784675662
P01602,Good,3.581392647705021e-11,0.9999999805298522,1.943433394266085e-08
P06958,Good,5.356803911737283e-07,0.9999994641404351,1.791736333024677e-10
P02561,Excellent,4.68744676780109e-14,0.0011948201780937733,0.9988051798218593
P04804,Excellent,1.5013165983237362e-21,6.922429180311809e-11,0.9999999999307758
P08668,Good,8.763694775291124e-09,0.9999999912354077,8.974572449209703e-13
P03102,Good,3.034388898627167e-10,0.9999999892548642,1.0441696938191236e-08
P04873,Excellent,5.305849437103933e-21,1.3504969465188086e-10,0.9999999998649503
P03724,Excellent,4.866181258483134e-30,7.607313022052586e-17,1.0
P09435,Good,1.6432216692607418e-11,0.9999999971588656,2.8247021511307967e-09
P00476,Excellent,1.755619579867433e-19,9.925901879013393e-07,0.9999990074098122
P09452,Good,5.889822213359017e-13,0.9993197707937453,0.0006802292056656155
P06622,Good,8.044808250030008e-12,0.9999730235785462,2.697641340909291e-05
P00792,Average,0.9999999999963678,3.632316294914387e-12,9.536108767369517e-29
P00383,Good,0.0001431685598682057,0.9998567937410899,3.769904185945219e-08
P02789,Average,0.9999999847858829,1.521411710086013e-08,9.115201713756542e-19
P01556,Good,2.177294010340573e-06,0.9999978226481836,5.780609399360517e-11
P04715,Excellent,1.1025095925258678e-14,0.00018435060983996638,0.9998156493901489
P05710,Good,1.5935737961915454e-08,0.999999984064259,3.059729386408542e-15
P04278,Excellent,7.476102152662174e-20,2.2167952496064272e-09,0.9999999977832048
P04639,Good,2.072847834552087e-09,0.9999995069715913,4.909555606674441e-07
P06127,Good,1.876787371267544e-05,0.9999812321222168,4.0704183903827146e-12
P04023,Good,1.2123110963092407e-09,0.9999999987332888,5.440018237317735e-11
P05800,Good,0.02740374892124091,0.9725962510787488,1.0365272297645646e-14
P06386,Excellent,8.927156906771907e-17,0.00028392795934243666,0.9997160720406576
P04830,Average,0.9999677166388533,3.2283361146765456e-05,2.9674561491946292e-18
P07734,Good,1.233076770032284e-09,0.9999999972198648,1.5470585184122806e-09
P04947,Excellent,4.719777207015148e-31,3.253105394320543e-16,0.9999999999999998
P05682,Average,0.9997439515829889,0.0002560484170110238,3.752265487497115e-19
P05241,Good,3.527173714018542e-10,0.9999999933441801,6.3031024307577125e-09
P07262,Excellent,1.834348310420934e-10,0.7577434420266923,0.24225655778987287
P04539,Good,1.9173862739774094e-08,0.9999999747838806,6.042256640968735e-09
P09286,Good,1.7353536470592962e-08,0.9999999826460028,4.607447829164196e-13
P06457,Good,1.733362375908242e-09,0.9999999982635013,3.1364542442476387e-12
P02517,Excellent,1.7169117670565994e-17,4.881903724613966e-08,0.9999999511809626
P01690,Excellent,9.593775248156369e-32,2.398560944412781e-18,1.0
P06275,Excellent,4.8145492336804804e-27,6.434190652034143e-15,0.9999999999999936
P00630,Good,4.1529806324245137e-10,0.9999944574536862,5.542131015728606e-06
P07741,Excellent,2.3521843667122886e-24,3.9782622085872185e-12,0.9999999999960216
P07996,Good,9.71376684449361e-12,0.9999999995960427,3.942436280726109e-10
P02105,Good,4.2314189725858035e-12,0.4187105860865872,0.5812894139091814
P06631,Good,1.7469688981371767e-09,0.9999999982500476,2.9835960443254752e-12
P08392,Good,3.352043445121071e-11,0.9998863245374651,0.00011367542901450895
P07405,Good,1.7970419799204804e-09,0.9999671125128007,3.288569015723697e-05
P03774,Good,0.1242304542582698,0.8757695457403538,1.3763630402945004e-12
P03629,Average,0.9999989029193194,1.097080680532641e-06,1.484590536841744e-17
P01942,Excellent,6.807960503027262e-15,0.27082693139354486,0.7291730686064484
P04896,Average,0.9999877646872481,1.2235312751768308e-05,3.7173431230278547e-19
P05466,Average,0.1854162171244022,0.8145837828755154,8.241369137388676e-14
P07370,Good,5.2526062995175636e-05,0.9999474719396539,1.9973507975287985e-09
P03428,Good,6.283925175715856e-13,0.9999999990785717,9.207998028893232e-10
P02478,Average,0.999999999997663,2.3369513236318364e-12,6.326367255179417e-25
P04481,Good,3.208883201873171e-11,0.9999462624744269,5.373749348422306e-05
P07595,Excellent,6.085170913049393e-14,0.004961797611925201,0.9950382023880141
P04019,Good,6.752656056917668e-07,0.9999993232576393,1.4767549053858205e-09
P01944,Good,2.0373540532730625e-08,0.9999999796155772,1.0882208083388797e-11
P02546,Good,1.902463565418165e-09,0.9999999980361789,6.135754234763984e-11
P08465,Average,0.999999391965259,6.08034740921264e-07,5.38528328760829e-22
P04829,Good,0.12109769151032762,0.8789023084842618,5.4105716025132996e-12
P07981,Good,3.088536782285546e-05,0.9999691146320075,1.696318712336634e-13
P06118,Excellent,1.0332370939854129e-28,2.1450338567552173e-15,0.9999999999999978
P01310,Average,0.9998444379042987,0.0001555620957008123,6.591124071444762e-16
P02049,Good,1.1500841897814346e-07,0.999999884355788,6.357929827876255e-10
P00662,Excellent,1.484371787447328e-22,4.5978815248331136e-11,0.9999999999540212
P07097,Excellent,6.128798915034899e-11,0.9999730738187468,2.692611996516851e-05
P04866,Average,1.0,4.088773461109236e-17,2.4280746930343242e-30
P07573,Average,0.8607686873774603,0.13923131261538726,7.152382484628604e-12
P07344,Good,2.274006668967565e-08,0.9999999421636534,3.509628000530199e-08
P04533,Excellent,5.907689134519011e-19,4.582109746289048e-08,0.9999999541789025
P07798,Average,0.9985632682000177,0.0014367317999823298,4.473611003711802e-20
P00960,Average,2.1033254758344828e-08,0.9999999789667129,3.229753791111203e-14
P01561,Good,2.691487902790431e-10,0.9999999971979583,2.532892881048842e-09
P05622,Good,5.37030076216468e-11,0.9849235988978292,0.015076401048467858
P05705,Excellent,1.1978451588891191e-17,2.29637942594588e-07,0.9999997703620574
P05815,Average,0.9999999999999998,3.121728362152869e-16,4.033717843668423e-30
P01004,Good,0.9982283130012165,0.0017716869987500518,3.337713736374463e-14
P06443,Good,9.73208896898808e-15,0.9999999245544243,7.544556583767408e-08
P05809,Good,2.571859316369892e-11,0.9999999979635152,2.010766162081322e-09
P00922,Good,1.7254359110252505e-12,0.0037149095610437264,0.9962850904372308
P00891,Excellent,3.144196349273499e-21,1.4504955082686268e-07,0.9999998549504492
P05223,Good,1.25930204243588e-10,0.9999999998010338,7.303593166270636e-11
P01222,Good,5.874651841274872e-10,0.9999995805426097,4.18869925005301e-07
P01886,Good,6.541625343626507e-05,0.9999345837442981,2.2655862540763797e-12
P03085,Excellent,3.7394850664074324e-19,1.0531037103347152e-08,0.999999989468963
P09559,Average,0.9999999996422604,3.5773951129433943e-10,7.08140990143575e-24
P01026,Good,1.2705234161344746e-09,0.9999830490166804,1.694971279619901e-05
P08689,Good,2.8930370786687147e-12,0.9972178714808736,0.0027821285162333335
P00775,Good,0.004575261738610638,0.9954247382608922,4.971914624011536e-13
P05863,Excellent,5.450895926625475e-24,2.789902260368815e-12,0.99999999999721
P03512,Average,0.6952604192260992,0.30473958077389424,6.712724798866977e-15
P04110,Excellent,3.1699602773977414e-17,1.0482106771845502e-05,0.9999895178932281
P09331,Good,4.888173567362582e-11,0.9999966355807854,3.364370332865894e-06
P06860,Excellent,1.6137070680452708e-15,1.9227837812544307e-05,0.999980772162186
P00409,Good,0.8327226610071339,0.16727733899276676,9.950591147458477e-14
P02961,Average,0.37882891007843156,0.6211710899215666,1.918607002981891e-15
P04189,Excellent,7.669757809892316e-20,1.7376297782438788e-07,0.9999998262370222
P07932,Excellent,1.3776309296053554e-19,2.706232517373661e-09,0.9999999972937674
P06899,Good,0.0019787536548881513,0.9980211586170086,8.772810328861967e-08
P02817,Excellent,1.9085480253287395e-28,9.217962356152717e-16,0.9999999999999991
P01751,Excellent,2.8815346653669686e-10,0.02064204530289769,0.9793579544089489
P05563,Excellent,3.1136266408501005e-29,2.092153707603057e-14,0.9999999999999791
P02061,Average,0.999999728216093,2.7178390704746905e-07,2.5291248995481403e-22
P02113,Average,0.9999999999989224,1.0775013241320656e-12,2.9592987180283703e-27
P04428,Average,0.6322476709522382,0.3677523290477258,3.5975861698284e-14
P05728,Excellent,7.940168285977518e-16,0.001057144749462647,0.9989428552505365
P01642,Excellent,2.945930297749706e-20,2.7420939079223096e-08,0.999999972579061
P00293,Average,0.9999940962228244,5.903777175602529e-06,5.0875282050532256e-17
P01084,Good,0.03190526372576952,0.9680947362742239,6.64524986235478e-15
P09079,Excellent,2.007178919387433e-15,0.0004012045941822443,0.9995987954058156
P07240,Good,2.5513605481224843e-11,0.9999999086977541,9.12767322682676e-08
P04679,Good,3.195345441147455e-10,0.9999999971134192,2.5670462416336655e-09
P06835,Average,0.9999983045344265,1.6954655734900243e-06,3.967399573168773e-21
P02032,Excellent,9.608792329749797e-20,1.4740681165919854e-10,0.9999999998525932
P02903,Excellent,1.3591247189617345e-30,2.701215886138757e-16,0.9999999999999998
P08104,Average,0.9999945384315413,5.461568458838575e-06,3.888323910802741e-18
P03513,Good,1.6082773334375027e-08,0.9999999839148139,2.4127546603767026e-12
P08538,Good,1.5398749219346356e-09,0.9999999983350398,1.250852538303182e-10
P02263,Good,2.379706928522309e-05,0.9999762029303457,3.6910902248224207e-13
P00085,Good,1.3574266696723664e-07,0.9999998642549139,2.4191717351680222e-12
P03201,Excellent,8.154079329881257e-22,4.962575783773245e-09,0.9999999950374241
P07897,Good,7.99455859693869e-07,0.9999992005290924,1.5047837985269802e-11
P08652,Good,0.11828596855040867,0.8817140314495896,1.7759359801211662e-15
P08674,Excellent,5.020893860638517e-24,4.6096738560769865e-12,0.9999999999953904
P04422,Good,2.8406365810551314e-14,0.9977105892438106,0.002289410756160944
P04078,Excellent,1.4071507804691452e-27,4.949342955247131e-16,0.9999999999999996
P05384,Good,1.3123415621452691e-11,0.999999995084649,4.902227540302954e-09
P03138,Good,4.35891046686548e-09,0.9999999956408858,2.0370087133678868e-13
P08660,Good,1.4526267829358913e-10,0.9999999507519826,4.9102754778704315e-08
P01452,Average,0.9999999999964986,3.5014795682161863e-12,6.8636864773913e-26
P02878,Good,1.009468084624386e-12,0.9770025042850545,0.022997495713936042
P00644,Excellent,6.235075532095432e-14,0.0008259432204129651,0.9991740567795246
P03963,Good,5.96059170792483e-10,0.9999999525715437,4.683239696559586e-08
P02214,Average,0.9974444376297495,0.0025555623702505663,3.5050616996116524e-17
P01369,Good,1.2699553088474516e-12,0.9795994318298983,0.020400568168831765
P04506,Average,0.9999999999889178,1.1082313483361742e-11,1.4943431160996218e-26
P08545,Average,0.99999999999998,2.0014635649326295e-14,1.5809787374822015e-32
P03175,Average,0.02868994919456895,0.9713100508028896,2.5415670538024325e-12
P05877,Good,1.4548468674858965e-09,0.9993583058555877,0.0006416926895655305
P07864,Average,0.9999919217733031,8.078226696836184e-06,2.03123465456967e-20
P01687,Excellent,1.4882879798488738e-30,1.0675587233271063e-20,1.0
P07830,Average,0.9981365722547737,0.0018634277452228135,3.5663276768082445e-15
P00949,Good,7.26501077320201e-11,0.9859849602303926,0.014015039696957238
P06916,Excellent,9.913795877378912e-18,8.007567795517047e-05,0.9999199243220448
P00918,Good,9.85795651348239e-07,0.9999990137712708,4.33078018345412e-10
P00647,Excellent,2.31926599118018e-23,1.8317968647635407e-11,0.999999999981682
P06089,Good,2.378025015831725e-09,0.9999999974455209,1.7645405770785888e-10
P08353,Good,8.428868629240082e-11,0.8463833232704013,0.15361667664531012
P02041,Good,0.030797880624813038,0.9692021174711911,1.9039958601005415e-09
P07714,Excellent,3.2985889664696596e-26,3.123612922596122e-13,0.9999999999996876
P08138,Good,0.013567053046371548,0.9864329467412079,2.1242049312397633e-10
P09265,Excellent,2.4971709505241314e-11,0.9934792831164795,0.006520716858548894
P07943,Excellent,1.212629529270067e-26,6.194254949807138e-16,0.9999999999999993
P02674,Excellent,1.6665676875197277e-20,1.4285742656675236e-09,0.9999999985714256
P00932,Excellent,5.154251910797867e-22,8.756769109527401e-11,0.9999999999124323
P02092,Excellent,1.6010133182415332e-18,5.576077501746014e-06,0.9999944239224982
P00431,Good,6.244707712465674e-08,0.9999999375344436,1.8479302831693388e-11
P07376,Excellent,2.2824391929288216e-17,5.286766693293054e-08,0.999999947132333
P06885,Good,4.5162614967786695e-05,0.9999548373850322,2.933651247463518e-17
P02573,Average,0.9999999999999207,7.928969138593413e-14,2.522862144909314e-29
P01718,Good,5.067384054980646e-05,0.9999493261202107,3.923950747349202e-11
P08640,Good,1.6499984452656213e-07,0.9999998349423237,5.7831766860030547e-11
P03980,Good,1.2540030541399987e-13,0.3542503248417976,0.6457496751580769
P05839,Average,0.9999998607340942,1.3926590576683944e-07,2.827261384545733e-21
P08842,Good,0.012878394353650376,0.9871216056461757,1.73895986113043e-13
P04613,Average,0.3470255604322047,0.6529744395656837,2.1116521154465646e-12
P00523,Excellent,1.1011846310342508e-20,3.76105241609117e-10,0.9999999996238949
P00070,Average,0.9999999938831199,6.116879993264118e-09,2.926773890119834e-19
P09776,Average,0.9999999999939102,6.089688215376457e-12,1.7859345185633134e-27
P04082,Good,8.919726214129374e-10,0.999999734962642,2.6414538546118957e-07
P09507,Average,0.8404215826505783,0.1595784173493596,6.220107730453507e-14
P03835,Average,0.999999998355461,1.644538893919477e-09,4.1520004046929406e-21
P05227,Average,0.9999215040927644,7.849590723564907e-05,7.179777697188122e-19
P02857,Average,1.0,1.6770839727029906e-20,5.382087430085504e-42
P03654,Excellent,3.9669338289716383e-19,1.8071473530952524e-05,0.999981928526469
P03462,Average,0.9837718383109489,0.01622816168904395,7.156730065781225e-15
P02723,Excellent,3.146290983042693e-11,0.009964902927807134,0.9900350970407298
P09350,Excellent,1.106784185439737e-14,2.1365178764762957e-07,0.9999997863482012
P07258,Excellent,1.1060951419970433e-09,0.2611718364873957,0.7388281624065091
P05393,Average,0.9999999927032632,7.296736712851039e-09,3.86054240714794e-22
P02276,Good,6.007082113298883e-08,0.9999999397760776,1.5310123295193988e-10
P02147,Good,8.325628256969967e-11,0.9999999688357658,3.10809779876925e-08
P03522,Good,3.5452929704050847e-13,0.9999736037567492,2.639624289636789e-05
P00354,Good,4.778505243300577e-13,0.999999997475344,2.524178110422404e-09
P03570,Good,0.038258396424486384,0.9617416035749106,6.029840785282254e-13
P03882,Average,0.998122786112493,0.0018772138874709032,3.5990498057133445e-14
P05487,Excellent,7.930473520722612e-19,2.259101239352184e-09,0.9999999977408986
P08211,Good,9.815780738697883e-12,0.9999999999896267,5.574352782649849e-13
P06178,Average,0.9999999998654248,1.3457520488645458e-10,5.061143698857088e-22
P03093,Average,0.9999999999999043,9.573694478142168e-14,7.774164318194894e-30
P01021,Average,0.999944419755116,5.558024488389841e-05,6.499624750242876e-17
P07369,Excellent,1.564780273594165e-32,1.3860231590327092e-18,1.0
P05085,Excellent,1.7384241534185272e-23,5.055605733774636e-13,0.9999999999994944
P00990,Excellent,6.49737640048914e-20,2.88983853009877e-09,0.9999999971101614
P06031,Average,0.999867852075081,0.00013214792491891218,1.8170802611661426e-17
P02661,Good,2.796292040349284e-06,0.9999972032737343,4.3422547796446034e-10
P02308,Average,0.9999999146909229,8.530907709895717e-08,1.923489195928827e-18
P08144,Average,0.99999999994806,5.194009630357168e-11,3.8622876590261626e-26
P00040,Average,0.999925922311602,7.407768839796934e-05,2.726621094072571e-17
P09947,Excellent,3.9587201921529377e-19,2.5044220353970235e-06,0.9999974955779645
P07967,Excellent,3.270201165326415e-17,1.1537488704989016e-09,0.9999999988462511
P01326,Excellent,1.6365774996942086e-12,0.18097752057465377,0.8190224794237096
P05001,Good,8.317436907836138e-13,0.6736828702008935,0.32631712979827476
P08846,Average,0.9997546098665602,0.0002453901334348561,4.950287854270871e-15
P00826,Average,0.9999999788707747,2.112922519204345e-08,4.243486149390923e-22
P02045,Good,0.020003202236922476,0.979996797763028,4.947621365523095e-14
P03007,Good,4.09034168302024e-16,1.1130448901918779e-05,0.9999888695510977
P09194,Good,0.12480125632056788,0.875198743679326,1.0600941395981227e-13
P09482,Excellent,4.777198587387943e-11,0.9996319831524776,0.0003680167997505457
P04727,Good,2.0156335817285703e-10,0.9999999997234756,7.496102158214233e-11
P01455,Excellent,1.9947732398101232e-25,4.422298985020242e-13,0.9999999999995577
P05372,Excellent,1.890740321138793e-15,0.016740307281067995,0.9832596927189301
P08284,Good,6.357292654617908e-05,0.9999364270723623,1.0915150956366126e-12
P02087,Good,5.766441536781731e-11,0.99999698982371,3.010118625640364e-06
P04134,Excellent,3.5730647029451867e-28,6.302011023549688e-15,0.9999999999999938
P08462,Excellent,3.1103973212070558e-21,3.558587159103287e-10,0.9999999996441413
P09693,Excellent,2.562066777552398e-22,1.0847800065421697e-11,0.9999999999891522
P07410,Average,2.9533278698843456e-05,0.9999704667202408,1.0603846853224208e-12
P04647,Average,0.9999999998633291,1.366708536372545e-10,1.911708474514024e-23
P01080,Good,2.1504393981748372e-12,0.9999999999976263,2.2317149234309826e-13
P07659,Good,8.122034533130742e-06,0.9999918779653897,7.722149497424248e-14
P07979,Good,3.2398186764937935e-08,0.9999999676013681,4.4514166811611567e-13
P08114,Excellent,2.5449316638474075e-31,3.7495846221530646e-18,1.0
P03167,Excellent,9.515668654785307e-14,0.004518149591578645,0.9954818504083263
P04240,Excellent,3.87277123680781e-17,2.9257499848878564e-05,0.9999707425001512
P05779,Average,0.9999999956825576,4.317442467978124e-09,2.3501761928222964e-24
P08066,Excellent,1.6811540233748966e-25,1.0824670771855188e-14,0.9999999999999891
P00684,Average,0.9999999999999969,3.0085118024233493e-15,7.72505275013027e-30
P02994,Excellent,6.247652419821106e-25,2.638834225475405e-13,0.9999999999997362
P06781,Good,4.6483785755225066e-10,0.9999012762538416,9.872328132057282e-05
P09631,Excellent,1.0644472396669646e-18,3.467213821201854e-07,0.9999996532786178
P04032,Average,0.9999999999995559,4.441107742717706e-13,1.0373953050783922e-26
P05549,Good,0.003456670171516365,0.996543329828213,2.705650187908153e-13
P08820,Excellent,7.311373369075461e-23,1.8461021233828096e-11,0.999999999981539
P00541,Excellent,4.596261254956935e-20,9.695594435868323e-09,0.9999999903044056
P04666,Good,2.3390226691010163e-10,0.9999999997400391,2.6058611199784925e-11
P07169,Good,0.001926684296753443,0.9980733157010558,2.190724261080343e-12
P09490,Average,0.9999999973238478,2.6761522664768625e-09,1.3457737851419438e-24
P03280,Average,0.9999666370828668,3.336291713309522e-05,1.940736744378792e-18
P05785,Good,3.868273204417042e-07,0.9999996131726594,2.0158405545989265e-14
P09159,Excellent,1.609522123313202e-20,3.1649909729669235e-10,0.999999999683501
P07670,Good,4.889523493517182e-12,0.9998452061089953,0.00015479388611526357
P07395,Excellent,9.541954559935277e-24,3.255277611472673e-11,0.9999999999674472
P08784,Excellent,2.6149947726115164e-27,3.240174784084761e-14,0.9999999999999676
P03941,Good,1.9942829478194912e-10,0.9999999997807032,1.9868610591152105e-11
P09200,Excellent,2.289938775808768e-28,2.8242321791495916e-17,1.0
P05500,Good,3.3430971347712004e-10,0.979789839583174,0.020210160082516245
P01044,Good,3.588481615146576e-12,0.4014927377908511,0.5985072622055605
P05976,Excellent,1.6992170667409e-18,3.5296246791426267e-09,0.9999999964703754
P00581,Good,5.514093294585345e-11,0.9999943817972444,5.618147614601901e-06
P07196,Excellent,3.2282785952895104e-24,3.970286655213215e-12,0.9999999999960296
P03026,Excellent,1.3246945967513823e-11,0.029638442024015513,0.9703615579627377
P03994,Excellent,1.1772429609532972e-23,3.54332230258193e-11,0.9999999999645668
P05262,Average,0.999999988141831,1.1858168932438718e-08,2.8201060373774485e-22
P08043,Good,8.434911026624604e-09,0.9999999915650776,1.1402634307579337e-14
P04836,Excellent,1.4140831688446832e-18,1.940559227839085e-07,0.9999998059440772
P05677,Good,1.3605687206348266e-07,0.9999998581619246,5.781203326133661e-09
P07362,Good,3.939438224084111e-06,0.9999960605468741,1.4901824140149865e-11
P04200,Average,0.999999999804249,1.9575094220396566e-10,5.1120435318243044e-21
P07001,Average,2.319999310854346e-08,0.999999976797726,2.280831752584088e-12
P00140,Good,4.767366867171058e-08,0.9999999520849033,2.4142792904802957e-10
P04055,Average,0.9999998659025093,1.3409749065705216e-07,2.693542988891907e-24
P02377,Good,6.20340629953212e-14,0.00013099667321703475,0.999869003326721
P05899,Excellent,1.5957710540139894e-28,1.74353099826011e-17,1.0
P07994,Good,4.166061218832789e-11,0.9999999999565246,1.814913602358316e-12
P04817,Good,6.047973602653818e-12,0.8290181689916033,0.17098183100234873
P09447,Good,1.1495503518633882e-07,0.99999988504496,4.8106437235572915e-15
P00447,Good,8.245135923656195e-12,0.9984987535601895,0.001501246431565464
P08981,Average,0.9999999999949469,5.053050964816881e-12,5.271779866788903e-23
P09784,Good,5.577667564105428e-08,0.9999999430515912,1.1717330309228253e-09
P04593,Excellent,1.1364154639258087e-21,2.4165988381493796e-10,0.9999999997583402
P03521,Excellent,1.3206170660302918e-27,1.4964089008304626e-16,0.9999999999999998
P04489,Excellent,4.149139060450958e-16,4.968036368462075e-06,0.9999950319636312
P03605,Good,7.840543364924391e-11,0.9999045314124307,9.546850916394557e-05
P09142,Good,2.0240224537754352e-11,0.9999990757512263,9.242285333972023e-07
P09805,Excellent,2.4991196758416726e-16,3.3855837814088986e-06,0.9999966144162182
P02888,Good,5.346276493554466e-08,0.9999999457716737,7.655612096053479e-10
P04202,Excellent,6.335901520621876e-29,3.8479101018433865e-16,0.9999999999999996
P06717,Excellent,5.934126633811329e-13,0.3412610988490654,0.6587389011503413
P06643,Good,2.7576238912624567e-09,0.9999880123432222,1.198489915394721e-05
P03112,Good,0.00020030529856006996,0.9997996946413529,6.008711710415458e-11
P04161,Good,1.4392651592198672e-09,0.9999999985268024,3.393235417122387e-11
P03223,Excellent,2.6587822918611577e-22,1.0386576552869746e-09,0.9999999989613424
P02016,Good,2.9516535472646344e-11,0.9999999037561095,9.621437394298597e-08
P08552,Good,2.591573100442964e-08,0.9999999739464913,1.3777770788701024e-10
P01059,Average,0.9983889258461595,0.0016110741525148236,1.3256335923231717e-12
P07003,Excellent,1.2971235687425095e-17,3.3655892617989785e-07,0.9999996634410737
P00011,Good,5.046359729326986e-09,0.999999994948344,5.296170232974728e-12
P07535,Average,0.6245387349482321,0.37546126500990973,4.1858232935456175e-11
P05025,Good,7.243374726368386e-10,0.9999999992745907,1.0717680650302785e-12
P03612,Average,0.12287303841385466,0.8771269615850891,1.056275129368228e-12
P01401,Average,0.9999999999999112,8.884504907442385e-14,1.765744135223108e-26
P02337,Excellent,2.6413181608177938e-12,0.061548202769722164,0.9384517972276364
P02541,Average,0.9999984025586705,1.5974413296651994e-06,1.354800602295852e-20
P01996,Average,0.9999999999302116,6.978838524868031e-11,4.512444510991547e-24
P03014,Average,0.999721870515332,0.00027812948466794944,8.409258166653014e-17
P07794,Excellent,4.6996463935708255e-25,4.42981078010473e-13,0.999999999999557
P09551,Good,1.506077064529229e-10,0.9999921800722515,7.819777140661723e-06
P06982,Excellent,1.2917639555525623e-16,4.4732838517728896e-05,0.999955267161482
P01426,Good,7.813515223121117e-12,0.9999347587114973,6.52412806893012e-05
P02248,Excellent,2.2174227145813006e-26,4.600335286329331e-12,0.9999999999953997
P02073,Average,0.9999993873089409,6.12691059049616e-07,1.3724789392776614e-22
P04637,Good,4.424113209614119e-08,0.9999999556062447,1.5262327408104183e-10
P01022,Average,0.9999990426779218,9.57322078116347e-07,4.669381827979321e-20
P01029,Excellent,3.7101953859623186e-20,1.2278576963789234e-07,0.9999998772142304
P02487,Good,0.002109471745190335,0.9978905282547456,6.40853571880586e-14
P00515,Excellent,2.202794655250954e-16,7.2886268845746954e-06,0.9999927113731152
P00338,Good,7.950696284167885e-11,0.9999999998473412,7.315178448275758e-11
P08513,Good,2.2426174456492082e-11,0.999999999977532,4.189160471995553e-14
P02333,Excellent,1.308475821922242e-13,0.05905192432571119,0.9409480756741581
P08874,Excellent,5.374866523491484e-20,1.2912292835549873e-06,0.9999987087707164
P04480,Excellent,9.517957584548683e-14,0.8249202877124566,0.17507971228744823
P06977,Good,8.594446662824932e-12,0.9999999504747785,4.951662710980965e-08
P02335,Good,3.3157319106161752e-09,0.9999999855571902,1.112707787739426e-08
P03096,Good,8.930349338767097e-11,0.9987123126990626,0.001287687211633876
P04285,Good,2.1772386170228783e-12,0.9994887886283047,0.0005112113695181119
P07374,Average,1.0,2.894430440100789e-23,1.0985385139960809e-42
P09497,Excellent,1.3877434433120505e-13,0.09623140556394424,0.903768594435917
P07834,Good,5.1348865148025916e-11,0.24009008412506763,0.7599099158235835
P03792,Good,1.0094090645004227e-12,0.9553278473838767,0.04467215261511393
P01254,Average,0.9999999999819913,1.8008647093547353e-11,1.6342954597704062e-25
P02891,Good,2.95131394291329e-08,0.9999999703001416,1.8671900858248533e-10
P00173,Excellent,1.72411058945056e-21,2.0226622658102128e-08,0.9999999797733774
P07608,Excellent,3.2536603494632707e-25,1.4300807373372268e-13,0.999999999999857
P06002,Excellent,2.749970626029886e-13,0.9671443292512221,0.032855670748502985
P03614,Excellent,2.3742776919869865e-28,4.868698858707991e-17,1.0
P08672,Excellent,8.452801801216618e-17,3.0401880600016073e-06,0.9999969598119399
P03875,Good,0.001195651615025378,0.9988043481053462,2.796282635369923e-10
P08275,Average,0.9999999999656233,3.437671251254959e-11,1.6907918861026347e-22
P05801,Good,3.346147587942419e-11,0.9999999487524525,5.121408610604984e-08
P09762,Good,0.047992976021795974,0.9520070239781585,4.5487406223856464e-14
P03345,Average,1.0,5.125288243077077e-18,1.952271558696951e-33
P03559,Average,1.0,2.500958478907574e-19,1.2556811228766318e-32
P02800,Good,5.41096129221848e-08,0.9999999458903333,5.3703073798991315e-14
P01762,Excellent,1.8484209142195453e-22,2.9021617254546236e-13,0.9999999999997098
P02139,Good,1.1713071903185188e-07,0.9999998828689485,3.324336492282919e-13
P08434,Average,1.0,1.1135010615877313e-21,1.928075754888108e-41
P02055,Excellent,1.193276305332028e-19,8.922323411874513e-10,0.9999999991077677
P01418,Good,2.0278160268231157e-09,0.9999999941327617,3.839422296594525e-09
P02338,Excellent,2.965255628391173e-18,1.0514861548573143e-08,0.9999999894851385
P05613,Excellent,8.363450053379049e-23,1.1481667527342014e-11,0.9999999999885183
P02697,Good,3.98939412597314e-07,0.9999996010592134,1.3741552860141083e-12
P09898,Good,3.226472582945622e-08,0.99999993627796,3.1457314282907584e-08
P03571,Good,9.818739484613302e-10,0.9999999987651864,2.529395824051593e-10
P09137,Good,6.282105449810099e-12,0.9915987887586414,0.008401211235076492
P07366,Average,0.9999999998187201,1.8127981694621024e-10,1.1510605460616821e-28
P00610,Good,0.013114862153344458,0.9868851377778508,6.880475709846927e-11
P00702,Good,1.6781323412797376e-15,8.094594424896127e-07,0.9999991905405559
P03711,Excellent,1.9782309213584352e-13,0.995707032039356,0.004292967960446239
P02692,Good,3.792183051628129e-15,0.9952551506295044,0.00474484937049175
P04565,Excellent,2.5804193914973056e-23,2.1517146637398175e-13,0.9999999999997848
P07920,Good,2.948925046376256e-07,0.9999997051071402,3.5510684201515157e-13
P06076,Excellent,6.715964626245008e-18,7.259867294415886e-08,0.999999927401327
P06232,Good,4.863535436972976e-07,0.9999058597517151,9.365389474123483e-05
P00691,Good,2.165281159261989e-06,0.9999978347182543,5.86328025224894e-13
P06484,Good,4.718226953055498e-08,0.9999999528175856,1.449616803475491e-13
P00842,Excellent,2.8952680632686686e-13,0.2702761133096497,0.7297238866900607
P07201,Excellent,1.1084131757023662e-20,5.880328919960936e-06,0.9999941196710801
P06064,Good,0.0007713765065916261,0.9992286208219823,2.671426021698029e-09
P04325,Excellent,4.564964202615628e-19,4.1444156285398534e-08,0.9999999585558436
P00522,Good,8.87051344494749e-14,0.025163679673473313,0.9748363203264379
P05933,Good,8.105621280308806e-06,0.999991894285042,9.367758663525558e-11
P03480,Good,0.052421557256769016,0.9475784426268705,1.1636043172158967e-10
P01708,Good,2.7455097231597526e-10,0.999998907483259,1.0922421899920498e-06
P03837,Average,0.9999998730706462,1.2692935376626883e-07,1.6694462601835954e-22
P02772,Average,0.9999999806865639,1.9313435971955976e-08,8.860232913425674e-23
P05726,Good,0.15673829767884745,0.843261702317616,3.536539383135947e-12
P07787,Good,4.197138180903401e-10,0.9999999992614461,3.188400805869825e-10
P09995,Excellent,5.903898077396771e-23,3.869661406021749e-12,0.9999999999961304
P02463,Average,0.9999999117432854,8.8256714505107e-08,8.76458602320423e-22
P07630,Excellent,8.017116797015371e-24,3.4869236351025775e-10,0.9999999996513076
P10000,Excellent,1.824795837746303e-23,2.082755771393028e-12,0.9999999999979172
P04633,Good,8.522934058514333e-14,0.9998861811338995,0.00011381886601531788
P03416,Good,3.5523489368105993e-05,0.9999644765075458,3.0859577229449714e-12
P09577,Excellent,1.0016971234811913e-16,7.262683878524001e-08,0.9999999273731612
P02142,Good,3.266754750630307e-10,0.9999999989986481,6.746764029492131e-10
P07422,Good,4.8515464556328553e-14,0.004908297738352029,0.9950917022615993
P04383,Average,0.9999994709084447,5.290915553338569e-07,1.530062962168721e-26
P05575,Excellent,6.053295870326857e-14,0.0022448607920341184,0.9977551392079055
P00382,Average,0.9999999999982672,1.7329292015783367e-12,1.157862981973056e-25
P07459,Excellent,1.0655700608486213e-22,2.002292811091496e-08,0.999999979977072
P06812,Excellent,1.331096320551158e-15,0.004922906008275159,0.9950770939917234
P08630,Good,6.111430138959803e-10,0.9855026545638699,0.014497344824987199
P07715,Excellent,1.5359847377271734e-31,6.666119327210233e-19,1.0
P03566,Excellent,1.7908418299641612e-16,0.00020733306893348699,0.9997926669310664
P00859,Average,0.9999999943896816,5.610318344191916e-09,4.7145934331408644e-21
P00221,Average,1.0,1.9521876727676308e-23,7.19073283146458e-39
P02562,Good,0.00482649051790428,0.9951735094707301,1.1365627992894825e-11
P06952,Good,1.2720710012727228e-10,0.9999999997181526,1.5464041047679516e-10
P01283,Good,5.0202525378992856e-09,0.9999999947672797,2.1246770784103965e-10
P01895,Average,0.9503730568941663,0.0496269431058336,1.3233368017599398e-16
P00748,Good,2.0568949275951363e-09,0.998050627018054,0.0019493709250510912
P05255,Excellent,4.598756095912593e-14,0.8423930662042219,0.15760693379573204
P01168,Average,1.0,6.381708467471773e-17,6.1960737098173815e-31
P00739,Excellent,2.0152453286212832e-25,5.5625931270057954e-14,0.9999999999999443
P08853,Good,8.20215015090876e-10,0.9999999974027254,1.7770596514043057e-09
P07270,Good,5.818853384048341e-05,0.9999418114615749,4.5845483382855576e-12
P09878,Good,0.01702516489109325,0.9829748351085608,3.459483385131751e-13
P04005,Good,1.1872303668565403e-06,0.9999988120983252,6.713079444942858e-10
P03422,Good,1.3447380219474333e-11,0.9466923927153024,0.053307607271250126
P01714,Average,0.9999987860022473,1.2139977525930923e-06,7.95956108386437e-23
P08301,Good,2.029062936139329e-06,0.9999979709370495,1.440998270998057e-14
P00292,Good,3.095129244143995e-09,0.9999999922907329,4.6141379703056455e-09
P00071,Average,0.9999999999758387,2.4161366494106465e-11,6.178625235519863e-22
P03616,Excellent,2.2641668634713638e-24,8.704527223399269e-15,0.9999999999999913
P08098,Excellent,7.08815482318683e-28,2.3238151327335504e-17,1.0
P00713,Good,6.720489938118718e-10,0.9999999993279103,4.065335594551537e-14
P03340,Average,0.0029998880062951628,0.9970001119937033,1.5641715267909876e-15
P00434,Average,0.061774990053077315,0.9382250099466467,2.7600202812578573e-13
P03183,Excellent,9.799115704821308e-21,1.819716134291724e-10,0.9999999998180285
P09763,Average,0.9999998232976909,1.767023091010146e-07,3.2084709934235265e-18
P08923,Good,4.5940919855028494e-10,0.9999813900332407,1.860950735011444e-05
P01269,Good,3.893636829179421e-12,0.9999999843417502,1.565435623152125e-08
P09380,Good,1.665207031370043e-05,0.9999833479289727,7.13494014180304e-13
P05881,Excellent,9.570872159401022e-20,2.9150160539400593e-07,0.9999997084983946
P01017,Good,1.1990985433911144e-11,0.9998750561496792,0.00012494383832986855
P08834,Good,0.0003706825552236418,0.9996293174447333,4.31444575282707e-14
P06828,Good,0.00010646278752551458,0.9998935372107298,1.744534025953458e-12
P06560,Excellent,1.6262863636809703e-32,1.3636514008164705e-17,1.0
P06871,Good,3.099467458675312e-10,0.9999999952668057,4.423247583180882e-09
P05930,Excellent,2.796661183639136e-22,1.4005964394718459e-11,0.9999999999859941
P09704,Excellent,6.905938662464966e-14,0.49595757168608123,0.5040424283138498
P04260,Excellent,1.809040584441483e-31,6.8743870193834e-21,1.0
P09179,Good,1.1391779069602065e-13,0.3119571535163801,0.688042846483506
P01208,Excellent,1.7282329630630934e-27,3.7130607671393616e-14,0.9999999999999629
P09415,Excellent,3.041114091124742e-23,8.030820060220049e-11,0.9999999999196918
P04505,Excellent,7.632029434120026e-19,2.4703280308730856e-09,0.9999999975296721
P02805,Good,3.908201970620983e-12,0.9999988204819273,1.1795141645219644e-06
P05846,Excellent,2.235682169957683e-22,9.160739909916294e-13,0.9999999999990838
P02973,Average,0.9999997634368598,2.3656314018715013e-07,6.249140714614304e-18
P01443,Good,7.76311871843753e-06,0.9999922367608595,1.20422099597457e-10
P00590,Excellent,1.4064606466274236e-30,2.396783113626955e-18,1.0
P07547,Average,0.6455238754853069,0.35447612451468785,5.329858942333377e-15
P00303,Average,0.6753721875859472,0.32462781241360317,4.4974179333429195e-13
P03863,Good,6.892953666125206e-10,0.9999999991501707,1.6053387503438955e-10
P01592,Excellent,1.7795197744172707e-20,3.691263980364227e-08,0.9999999630873602
P00546,Excellent,2.2425769247812234e-25,7.28940005251213e-14,0.9999999999999272
P04268,Excellent,5.863946975634191e-10,0.9409140710374088,0.05908592837619667
P05147,Good,1.299566433969066e-15,0.00035973640310199047,0.9996402635968967
P04092,Good,2.829073919447251e-09,0.9999999971698588,1.0672968629424678e-12
P00616,Excellent,1.522418877318176e-17,2.294174429562151e-09,0.9999999977058256
P08511,Good,0.9834448005880454,0.01655519941195452,1.843113483405594e-17
P01888,Excellent,3.097979754229043e-13,0.9996905737428403,0.0003094262568499403
P03198,Average,0.4205807384106293,0.5794192615893493,2.147802408070716e-14
P04854,Average,0.9999999999982301,1.7699258551203564e-12,1.076451079202807e-24
P00979,Average,1.0,1.8441216172084354e-17,2.709398274728514e-35
P04623,Good,4.144951378439754e-10,0.9999999993604038,2.2510107092766425e-10
P05187,Excellent,1.2074414120362122e-23,3.4296704414565644e-14,0.9999999999999658
P05347,Average,0.9999999999995983,4.0172992314736963e-13,7.935442577411081e-26
P03981,Excellent,8.19869110840822e-14,0.9999502994020297,4.970059788829146e-05
P00980,Good,1.216453122515631e-10,0.20847500515047498,0.7915249947278797
P00969,Average,0.9999999990503261,9.496738572314984e-10,2.019907051541252e-20
P02677,Average,0.9999999999998423,1.5760103727311838e-13,2.2435288221932256e-27
P01532,Good,0.03726469466030484,0.9627353053048898,3.4805479192508395e-11
P04067,Good,1.4278548145071222e-09,0.9997645290356916,0.00023546953645372896
P09750,Excellent,5.82665705047637e-24,5.654066879905719e-14,0.9999999999999434
P00723,Excellent,3.967253505843543e-26,7.208201482178717e-16,0.9999999999999993
P04492,Average,0.9999999999959026,4.097320232593851e-12,2.5466170699610592e-25
P09231,Good,0.9664191682326815,0.033580831767274166,4.452288483280616e-14
P07038,Good,4.5581313572308997e-10,0.9996653797430016,0.00033461980118530574
P03076,Good,8.043696477328537e-08,0.9999999195596336,3.4014722015625184e-12
P02917,Good,7.782220353903994e-11,0.9999853048811125,1.4695041065250691e-05
P09568,Excellent,2.485379972805051e-19,5.763070650435243e-09,0.9999999942369293
P04319,Average,0.9999999999999731,2.6855516372003066e-14,2.1556594069045465e-27
P06461,Good,6.625314002627936e-06,0.9999933746859926,4.855882205392134e-15
P03942,Good,9.363925640069398e-12,0.9999999940257018,5.9649341138316606e-09
P09766,Average,1.0,7.618135016482792e-17,1.012616263675567e-30
P02259,Good,2.9254497920911634e-10,0.9920254530069663,0.007974546700488708
P04882,Good,7.276451848790528e-15,0.999900288995298,9.971100469463384e-05
P08613,Excellent,2.6604862349304397e-11,0.9878588483443398,0.012141151629055243
P04915,Good,1.1704316045546336e-09,0.9999999893410362,9.48853216029633e-09
P03743,Excellent,8.152950137975287e-24,8.661395722419131e-13,0.9999999999991338
P03873,Good,1.1057560748526691e-13,0.9130131643546942,0.08698683564519537
P01248,Excellent,9.387173919098268e-13,0.7537279456747102,0.2462720543243511
P01113,Good,6.49028926239632e-07,0.9999993509709892,8.453399763794592e-14
P01528,Excellent,3.2925375971335634e-26,3.2402514118611934e-14,0.9999999999999676
P00047,Good,0.00579099278501834,0.9942090072118671,3.1147056716989303e-12
P03015,Excellent,2.4786974195517606e-21,5.392427175485655e-12,0.9999999999946076
P00934,Excellent,7.132469529248806e-27,2.8322305520755786e-17,1.0
P04553,Excellent,5.1095425476590125e-23,1.0585531857800475e-09,0.9999999989414468
P01355,Good,2.055196645270282e-11,0.9999999984910559,1.4883920864842298e-09
P07117,Average,0.07827565771025966,0.9217243422894166,3.237286801514979e-13
P02641,Excellent,7.087535987774578e-32,3.515574317220224e-18,1.0
P02510,Average,0.9999978690159631,2.1309840370392668e-06,6.143275773764239e-21
P05607,Good,0.2981032427401589,0.7018967572597322,1.088133378944042e-13
P04688,Good,6.934560281004989e-08,0.999999303923607,6.267307902370729e-07
P02251,Average,0.9999999837197158,1.6280284098150143e-08,1.2838854970740634e-22
P03177,Average,0.9999999999155242,8.447581316011171e-11,9.226461078499693e-24
P01927,Excellent,1.4884603546328645e-20,1.131708273434363e-09,0.9999999988682917
P02511,Excellent,4.857905308850524e-19,1.5163254790450797e-06,0.999998483674521
P01339,Good,5.517224103619009e-07,0.9999994473923376,8.852519905379988e-10
P04630,Good,1.7455755331843938e-05,0.9999825442326202,1.2047913395140479e-11
P09745,Average,0.9999891518145402,1.084818545975394e-05,6.458778662761131e-20
P03395,Excellent,3.020791745026501e-19,9.39049991837709e-09,0.9999999906095002
P03374,Good,4.659839514370835e-12,0.37249697763923106,0.6275030223561091
P06904,Good,5.539664003988183e-10,0.9999754697737621,2.4529672271496055e-05
P05836,Good,0.005952856586583827,0.9940471434122525,1.16371513055067e-12
P08732,Good,2.7162573292165545e-11,0.999998544041343,1.4559314944284106e-06
P02307,Average,0.9875913959533883,0.012408604046610941,6.143567406184298e-16
P08895,Excellent,2.8315854835106077e-21,8.8154955443154e-09,0.9999999911845044
P05582,Good,7.881018632749747e-10,0.999999999211814,8.403681419957987e-14
P04338,Average,0.9999718805228939,2.8119477106191576e-05,3.6119434349370173e-17
P00270,Average,0.9999999999999989,1.1189789736696122e-15,3.595025488872903e-31
P00614,Average,0.9983828034584492,0.00161719654155013,5.879313556757429e-16
P05095,Good,1.116403903967618e-08,0.9999999888359331,2.7822083315505126e-14
P06044,Excellent,2.4497022757328232e-14,1.7685997707797466e-05,0.9999823140022677
P05737,Excellent,6.578392167508064e-27,3.2319758716450253e-16,0.9999999999999998
P03606,Good,3.5981679312412638e-09,0.9999999593329473,3.7068884837237146e-08
P02503,Excellent,2.076413092609782e-18,3.362611713653307e-05,0.9999663738828636
P06161,Good,0.00011492366070077574,0.9998850763388065,4.92616371077797e-13
P03208,Average,0.9999999999816587,1.8341292610263345e-11,7.716833116623456e-25
P07838,Excellent,1.0147652629198312e-27,4.132350848232645e-15,0.9999999999999958
P07671,Average,0.9999999999991358,8.641785263783732e-13,4.417007195575448e-25
P03151,Good,4.076416222515476e-14,0.9996221828760692,0.000377817123890047
P02312,Good,0.9987891158759682,0.0012108841240312431,6.699221869705964e-16
P00995,Excellent,2.8916933119842693e-17,4.159335820332522e-08,0.9999999584066419
P03709,Good,2.436050004796853e-09,0.3076300330348315,0.6923699645291185
P07619,Average,0.999953861133788,4.6138866211757004e-05,1.2149179203116527e-16
P07695,Excellent,1.2721188570207824e-26,2.107263545721582e-12,0.9999999999978928
P04736,Excellent,5.555890064404181e-32,3.6471524334852152e-19,1.0
P09914,Good,2.9125893588326513e-07,0.9999997087003871,4.0676867567163996e-11
P04640,Average,0.9999999965776523,3.4223477542417817e-09,4.3218905516037944e-24
P05708,Good,0.9999984236524786,1.5763475215171938e-06,2.817046298728366e-17
P02978,Average,0.005307845956367976,0.9946921540436314,6.2620987078908415e-16
P05287,Excellent,1.3467754897198575e-20,7.735465235606771e-09,0.9999999922645347
P00632,Excellent,3.4760606260788346e-30,4.651960412408092e-16,0.9999999999999996
P03045,Excellent,1.885863799425211e-15,0.0016021722002567647,0.9983978277997413
P06377,Good,4.639841706906728e-09,0.9999999949930596,3.670985811829293e-10
P01785,Good,9.92747484856759e-10,0.9999999990071684,8.411551558414013e-14
P07722,Good,6.276808284487889e-12,0.3838566584922723,0.6161433415014509
P09960,Average,0.9999999999881022,1.1897788754454888e-11,3.73641566763589e-26
P04221,Average,1.0,3.670788770348914e-20,1.5124364243257649e-31
P01197,Excellent,4.627268976101104e-13,0.0013503849142621274,0.9986496150852752
P08794,Good,8.317037609050792e-11,0.8580571446424251,0.14194285527440448
P06062,Excellent,3.999012072044598e-21,2.3429361020160483e-07,0.9999997657063897
P08103,Average,0.9999958060560947,4.193943905217099e-06,7.333060867628937e-19
P07807,Good,5.50357461561797e-08,0.9999999449624267,1.8271333686808685e-12
P07081,Excellent,1.3726817225425752e-15,0.0007599632478801785,0.9992400367521186
P08783,Good,2.549160916073525e-06,0.999997448811708,2.0273758136697167e-09
P00588,Good,0.000978554728467828,0.9990214452608959,1.0636186193344988e-11
P03039,Good,8.910774188738712e-06,0.9999910891860201,3.9791046302757696e-11
P02192,Excellent,1.6969168281405287e-14,0.0009123065751672792,0.999087693424816
P07162,Good,0.8464338118470812,0.15356618814754652,5.372242398787077e-12
P05828,Average,0.999999927106668,7.28933319420953e-08,4.8896857084336335e-23
P07779,Excellent,1.1665417557744593e-28,1.1225788379325178e-15,0.9999999999999989
P02002,Excellent,3.223751373568759e-21,5.089837236998385e-06,0.999994910162763
P08621,Good,9.946785099863338e-17,0.0023471124686597253,0.9976528875313403
P07598,Good,1.5483939039782474e-05,0.9999845160575449,3.415314187371839e-12
P01624,Average,3.363343364793349e-05,0.9999663665663424,9.570385520536019e-15
P03805,Excellent,4.36637023159561e-24,1.145127072462656e-11,0.9999999999885487
P01228,Average,0.9999999389145708,6.108542923596672e-08,1.1572446058855034e-21
P03292,Good,2.279972675051001e-07,0.9999997718721382,1.3059426962527204e-10
P05106,Average,0.9895454361133079,0.010454563886662415,2.9748481424695494e-14
P03274,Excellent,3.5216004695100406e-21,4.717125694047762e-09,0.9999999952828742
P01226,Excellent,6.907480024815185e-26,1.495889433409482e-13,0.9999999999998503
P02688,Excellent,2.580139911684142e-28,5.951358692677199e-16,0.9999999999999993
P05125,Excellent,2.2332352123014013e-13,0.1920559934174362,0.8079440065823404
P09549,Good,8.924143480232758e-15,0.00238073322339804,0.9976192667765932
P03368,Good,0.5790586674963096,0.4209413325011469,2.5435047245887415e-12
P01813,Good,0.0071897852009192445,0.9928102147632003,3.588050203876735e-11
P00278,Good,8.350597792903693e-14,0.9916565944802157,0.008343405519700928
P02972,Good,2.951073490458417e-11,0.00667794674807634,0.993322053222413
P07708,Good,0.9733850883950833,0.026614911604147917,7.688848807139784e-13
P04181,Average,0.9999999999999996,4.966621167098726e-16,1.1023595977211585e-29
P09264,Good,4.6403953481441215e-11,0.9999999809468373,1.9006758737232e-08
P03737,Excellent,5.188045517844581e-24,8.460344644222377e-13,0.999999999999154
P00848,Good,4.523126255836146e-17,0.00032966322250324164,0.9996703367774968
P08282,Excellent,9.104686037326815e-33,2.3956745819435914e-18,1.0
P02880,Good,0.0002935252497309845,0.9997064747026144,4.7654578715631453e-11
P05192,Good,1.545515087510544e-11,0.9999858932150656,1.4106769479215717e-05
P06574,Excellent,2.939536201103249e-35,1.0735979560049593e-19,1.0
P02280,Excellent,9.941731565304975e-35,2.022676370389184e-18,1.0
P00268,Good,4.659240840740658e-08,0.999999953389473,1.8118636473574496e-11
P08718,Good,3.421490504320332e-11,0.9999946023376438,5.397628141273348e-06
P01386,Excellent,4.73565323599212e-09,0.8872493163855872,0.11275067887875949
P05589,Average,0.48881141436872017,0.511188585631258,2.1824501175123422e-14
P04357,Good,1.274161392082144e-07,0.9999998699836359,2.600224860380807e-09
P01887,Good,0.13738630408506627,0.8626136959141381,7.956174918350544e-13
P00465,Average,0.9999998285859902,1.714140097705038e-07,4.004141505882641e-17
P01982,Average,0.9999999999610514,3.894862826729867e-11,4.20185196979685e-26
P01655,Excellent,2.5083704748387596e-12,0.9993914507240902,0.0006085492734013506
P01988,Good,5.771406923439336e-13,0.9999671797171981,3.2820282224735146e-05
P06117,Average,0.9999999999999998,1.8361937688570186e-16,4.105093543397524e-36
P03273,Excellent,1.1364727947369684e-25,2.6133016222608676e-12,0.9999999999973868
P01224,Good,8.52785665497164e-12,0.9999995433871136,4.5660435860568984e-07
P00353,Excellent,1.2261241608021912e-13,0.9918320050191192,0.008167994980758193
P02213,Excellent,1.0428251958852621e-21,4.170719637417687e-12,0.9999999999958293
P09032,Good,3.2828029470866695e-09,0.9999999967140658,3.1311934322955202e-12
P09033,Good,2.6836187269960672e-11,0.9999999957187264,4.254437354239627e-09
P09536,Excellent,1.1250347043592267e-20,1.6896162745721102e-10,0.9999999998310383
P03212,Excellent,2.83297704438142e-24,3.3872403832091074e-12,0.9999999999966127
P01153,Excellent,3.0377450655236814e-21,3.679697166145366e-08,0.9999999632030283
P04684,Excellent,8.532577588560521e-22,5.4589084760817716e-09,0.9999999945410916
P01381,Good,7.448250921115907e-08,0.9999999254987009,1.8789989253175155e-11
P02637,Excellent,3.659861835344469e-24,3.657684656024997e-12,0.9999999999963423
P08086,Excellent,2.0712479792214503e-19,1.2258271050673418e-06,0.999998774172895
P05035,Average,0.9999949536452155,5.046354784186531e-06,1.7544379359293208e-16
P08504,Good,2.5406663424363276e-11,0.9999999935449324,6.429660800948071e-09
P00180,Average,0.9999999999703311,2.966896336131954e-11,2.227360636436628e-27
P02980,Good,2.478793796872232e-11,0.9999773895909914,2.2610384220631187e-05
P01955,Good,1.0152595077242032e-11,0.9997731577263581,0.00022684226348924436
P04473,Average,0.9938995700551103,0.006100429944889768,4.2533324472188474e-18
P08574,Good,2.6767120112487594e-12,0.966213996739073,0.03378600325825008
P00972,Good,2.792270535817683e-08,0.9999999720771645,1.301488584367596e-13
P08466,Average,0.9999999999999483,5.1758988026946445e-14,1.2422408963226967e-28
P07185,Good,0.8785805241704838,0.12141947582946949,4.6678284157609274e-14
P03125,Average,0.9999999999968507,3.1493591221079323e-12,2.1645501542002738e-23
P09247,Good,1.3092101807737442e-07,0.999999863846121,5.232860815283271e-09
P03283,Excellent,8.352029430852098e-22,3.981122263606432e-10,0.9999999996018878
P02775,Average,0.9999979258183535,2.0741816465287943e-06,3.493079599784306e-20
P09372,Average,0.9999999999989482,1.0517183157553248e-12,2.9607199382952687e-25
P06712,Average,0.9874659049904518,0.012534095009547927,2.9806923168304684e-16
P07775,Excellent,1.8224032440545374e-12,0.6850759007090247,0.31492409928915294
P02539,Good,7.046219646165508e-13,0.01263993515989642,0.987360064839399
P04206,Good,0.004828852802819526,0.9951711471351662,6.201415160429013e-11
P03369,Excellent,4.593893830029626e-22,2.0018115480799577e-11,0.9999999999799818
P02476,Average,0.9999999999999012,9.880396360880525e-14,6.005925563795994e-28
P06942,Average,0.9999999973506284,2.64937155223156e-09,4.3126002294752564e-23
P07064,Good,2.3860472036801014e-10,0.999999968253437,3.150795833123676e-08
P05802,Good,5.740351859808465e-10,0.9999242198188752,7.577960708942171e-05
P00343,Good,2.689765242864431e-11,0.9999999990145882,9.585141809899944e-10
P00124,Average,0.9999991418671276,8.581328724177951e-07,1.826846131119852e-24
P01854,Excellent,3.3476561204770716e-08,0.9828503888732011,0.01714957765023767
P03371,Excellent,1.7869889494807564e-28,7.808007521167832e-17,1.0
P02869,Average,0.2565049428670873,0.7434950571164686,1.6444105502894578e-11
P02892,Good,1.4056035890293835e-10,0.999999999831612,2.7827608329963834e-11
P06239,Average,0.999999999045037,9.549630411961816e-10,9.408315576128603e-24
P05667,Average,1.0,2.220060069955731e-21,1.4249599272877165e-39
P08860,Good,1.0068185820659157e-10,0.9944510046624506,0.005548995236867621
P00185,Good,4.0268578120525304e-12,0.9999999890193171,1.0976656029489597e-08
P03781,Excellent,9.498261526281422e-27,1.2430038771719438e-16,0.9999999999999998
P05290,Excellent,3.02581465608981e-20,5.593550084106777e-10,0.999999999440645
P01570,Good,1.020989396226133e-10,0.9999999996228526,2.75048407586301e-10
P05156,Good,5.0323684079342526e-11,0.9965594838367411,0.0034405161129353007
P03158,Excellent,2.272104013841831e-19,5.159760036395081e-09,0.99999999484024
P06567,Good,1.2809096671148167e-08,0.9999999871907489,1.543278534900519e-13
P06708,Excellent,1.150941508649944e-11,0.9999876620178586,1.2337970631946878e-05
P04321,Good,1.2431250286243695e-11,0.9999999999455644,4.2004361557267644e-11
P00576,Good,1.042461991529155e-11,0.9459084247489228,0.054091575240652535
P09925,Good,5.2093832008483845e-08,0.9999999411533135,6.752854401228907e-09
P00612,Good,3.29004619442729e-08,0.9999999640560553,3.0434827231496023e-09
P04729,Good,1.4045909468411359e-14,0.11506440384711017,0.8849355961528759
P07966,Good,1.4218006820399924e-15,0.20312334541702023,0.7968766545829784
P06313,Excellent,6.614394461246466e-12,0.9999950189225748,4.9810708107675315e-06
P06726,Good,0.00017863820535712823,0.999821361787203,7.439690727049026e-12
P05521,Average,0.9999999999534452,4.655473627925102e-11,2.5766876989654135e-26
P07672,Good,0.9818235030818936,0.018176496918106234,2.946253410810436e-16
P07528,Average,0.9999974531201201,2.5468798794601554e-06,4.404288449335632e-16
P05523,Average,0.9995921119260622,0.0004078880739376945,1.3907890635135305e-17
P08268,Good,2.2070008043050953e-10,0.9999999988628818,9.164181768331874e-10
P02331,Excellent,1.473542567032102e-18,1.0237239460923588e-07,0.9999998976276054
P03317,Good,0.011924935719453545,0.9880750641757375,1.0480883858534862e-10
P09252,Good,0.22868281232673793,0.77131718767322,4.198755151097967e-14
P08372,Good,9.080389551906032e-13,0.8820054169858988,0.11799458301319304
P06115,Good,6.50345769559394e-05,0.9999349654204546,2.5894603784886984e-12
P00464,Good,8.130078746579232e-15,0.001282973702809015,0.9987170262971828
P04894,Average,0.9998916456210368,0.00010835437896301581,1.2328576028200944e-16
P05562,Average,0.99999983109434,1.6890565995584566e-07,1.3581584382623052e-22
P06399,Good,8.885702730245522e-11,0.9999999023472324,9.756391056784037e-08
P06867,Good,1.1419501201060669e-05,0.9999885794980216,1.0007774102796776e-09
P09450,Average,0.995998026593243,0.004001973406757092,6.592437214371539e-18
P06856,Average,0.9999528792344112,4.7120765588697475e-05,1.0780422552796047e-17
P05356,Good,1.301739571878532e-06,0.9999986958634638,2.3969642091244453e-09
P04549,Good,2.4072438485628357e-11,0.23156419479571624,0.7684358051802114
P05602,Excellent,1.60908228258537e-20,3.159839171571363e-07,0.9999996840160829
P07317,Average,0.9999999999970588,2.9410925738233616e-12,4.742736350579022e-26
P03592,Average,0.9999999999942057,5.794246905132425e-12,6.583318807642127e-26
P08479,Excellent,3.469604227106747e-25,4.241448640304707e-12,0.9999999999957585
P00545,Good,6.860219373932111e-10,0.9997432158225105,0.0002567834914674472
P02698,Good,4.4061399078891365e-06,0.9999955938529574,7.134679665082279e-12
P09493,Good,1.7128680445072475e-09,0.9999999663505799,3.19365519853077e-08
P03211,Average,0.3771304340114954,0.6228695659882854,2.1919211353636747e-13
P02937,Good,0.00012166194493214204,0.9998783380550675,2.003857809886897e-16
P00618,Good,0.22147954652362825,0.7785204532842895,1.9208214876676964e-10
P05595,Excellent,1.9239887521556332e-13,0.6362493557874586,0.363750644212349
P08022,Excellent,2.97786189327414e-17,3.339724786086372e-08,0.9999999666027521
P00144,Excellent,6.936112216453203e-21,3.10137212865567e-11,0.9999999999689864
P09676,Average,0.9999684425248351,3.155747516504339e-05,8.872496457756997e-17
P04603,Good,5.082471596551667e-12,0.9999366760102885,6.332398462919197e-05
P00459,Good,3.292801528529661e-07,0.999999670485088,2.347591386423961e-10
P02803,Good,3.6287166806641114e-09,0.9999999963660227,5.2605755373928095e-12
P01673,Average,0.9999998250188102,1.7498118972615396e-07,1.0355207108722825e-20
P04984,Excellent,2.60135065073269e-20,2.0383763278599282e-05,0.9999796162367214
P02226,Excellent,9.75371667854891e-33,1.3297402375003508e-18,1.0
P06666,Average,1.0,3.1727791708444795e-18,6.341738459637139e-32
P06058,Excellent,2.7907683042633757e-29,3.573642267789156e-16,0.9999999999999996
P05325,Average,0.9999999999999893,1.0698545393884543e-14,1.3852932332488215e-26
P09075,Excellent,5.0360205577860754e-24,4.515997989023827e-12,0.9999999999954841
P08153,Average,0.9999994667480469,5.332519530847219e-07,7.487103248636428e-23
P03463,Good,2.6437794200506135e-10,0.9753124375355041,0.024687562200117953
P00845,Excellent,1.4097465000162606e-28,2.325276778954092e-18,1.0
P04169,Good,1.2406427808246113e-05,0.9999875935684431,3.748630508708297e-12
P04414,Good,7.561892321635415e-10,0.07523267901212147,0.9247673202316894
P08764,Average,0.9999999999999749,2.504458520538668e-14,1.9744431589969943e-27
P03557,Good,2.3404831448620785e-07,0.9999997659250306,2.6654912036564066e-11
P03309,Good,9.8798155001741e-10,0.9999999990116917,3.2671350940873647e-13
P09916,Average,0.9999999966413147,3.3586854037272505e-09,6.836214750553194e-22
P07413,Excellent,3.302834755849369e-31,1.2985865276438558e-19,1.0
P00219,Good,1.6276876120266316e-05,0.9999837231236769,2.0278418186765215e-13
P06585,Average,1.0,2.0102077735057973e-17,1.5360493227762857e-30
P05664,Good,7.619141003855243e-11,0.9999999993120317,6.117768325211518e-10
P07524,Excellent,2.9072417221574993e-18,2.7194389649491914e-08,0.9999999728056105
P05603,Average,0.9999999999717137,2.8286237775733784e-11,7.925000441176426e-25
P01800,Average,0.9833986724624223,0.016601327536156365,1.4212964283965284e-12
P08149,Good,3.843489455217156e-10,0.999999995766877,3.848774088122753e-09
P03180,Good,5.205340448335811e-09,0.9999998257192475,1.6907541209574943e-07
P02912,Good,0.00015186979376172741,0.9998481301874158,1.882249574102827e-11
P08609,Good,1.840973778857573e-13,0.3560959928730543,0.6439040071267615
P07212,Good,5.914397933576388e-09,0.9999986532474073,1.3408381947995277e-06
P09566,Good,7.604314394880336e-07,0.9999992386747624,8.937980891123909e-10
P04288,Good,3.532186068848294e-07,0.9999996419536364,4.827756785310523e-09
P05811,Excellent,3.135519679009097e-29,8.136989528505888e-15,0.9999999999999918
P07498,Average,0.9999991612835517,8.387164483054318e-07,2.8913046098290256e-19
P04263,Excellent,2.8133132193194293e-26,1.6285601282787757e-12,0.9999999999983715
P00821,Average,0.0009728118844813036,0.9990271881146009,9.178185198023738e-13
P07653,Excellent,1.740917123448224e-13,0.004813574730274943,0.9951864252695509
P04665,Excellent,4.15053387776613e-28,2.810935824905903e-17,1.0
P04722,Good,1.4869630494181583e-10,0.9904913452155518,0.00950865463575187
P05460,Good,8.306356071691015e-12,0.9999999999916442,4.929632767304183e-14
P04620,Average,0.9999999998690845,1.3091552732774812e-10,6.698551226482574e-27
P07505,Excellent,4.4409203656255595e-26,2.758084627754355e-14,0.9999999999999725
P08823,Good,5.583227187060199e-13,0.0008906232742211717,0.9991093767252204
P06085,Good,9.403060149485363e-10,0.9999997866198842,2.124398098241745e-07
P09872,Excellent,8.184528598003286e-26,1.0813992221250016e-16,1.0
P06292,Excellent,2.3116863395554715e-14,0.0004407283377911587,0.9995592716621856
P08311,Good,1.3871000892900589e-11,0.9999998868012349,1.1318489400138439e-07
P04865,Good,4.8700314796141123e-08,0.999999951234057,6.562809389408195e-11
P06810,Good,5.345452517956644e-06,0.9999946545474228,5.93541642206598e-14
P00317,Good,1.8388659812706424e-11,0.9999988309680987,1.1690135127713307e-06
P04382,Average,0.9998726488453727,0.0001273511546271344,3.829100749369445e-17
P09057,Excellent,7.072514163813287e-27,2.1840710386270007e-12,0.999999999997816
P05879,Average,0.9999999999999925,7.475082750459477e-15,1.3352547288799747e-28
P03922,Excellent,1.1567192346240202e-26,5.108224106686413e-15,0.9999999999999949
P07128,Average,0.999999999959162,4.0838068192462175e-11,1.654194935582433e-22
P02336,Excellent,1.8846391027723828e-17,1.0837990284339326e-06,0.9999989162009715
P03982,Good,0.37916737110085535,0.6208326288991439,7.142119077447963e-16
P04059,Good,3.811023869692714e-12,0.2618227061673952,0.7381772938287937
P00245,Good,0.09333850543116763,0.906661493207707,1.3611253313911456e-09
P09753,Excellent,7.65527360017366e-20,1.672180445418075e-10,0.999999999832782
P02919,Good,1.3291509558039174e-11,0.9999990940253015,9.059614069461839e-07
P05064,Good,2.9173847211522004e-13,0.999999980932366,1.906734225664235e-08
P09242,Good,0.0024187743159938043,0.997581188031922,3.7652084138852866e-08
P01327,Excellent,1.0342087435693039e-20,7.854567360272922e-08,0.9999999214543265
P09754,Good,1.898939032863811e-12,0.9999919209279463,8.079070154774803e-06
P05659,Good,2.7275370077176065e-10,0.999994598026234,5.401701012230712e-06
P08970,Average,1.0,1.211610446221296e-18,3.2008178650525836e-32
P01231,Excellent,5.835258054666516e-11,0.9706514142889344,0.02934858565271302
P06569,Average,0.9989454352969541,0.0010545647030101488,3.569818264980805e-14
P01114,Good,4.5796720325260077e-07,0.9999995418964698,1.363269879423603e-10
P09530,Good,3.393090921485017e-12,0.9964591750327785,0.003540824963828372
P00309,Excellent,8.908279754443345e-12,0.9999955783550345,4.421636057321269e-06
P09942,Excellent,2.7302381751823815e-27,3.4514986032158814e-15,0.9999999999999964
P02201,Excellent,5.82599354824786e-17,0.003070171986627232,0.9969298280133728
P09899,Average,0.9999999999963147,3.685382762194991e-12,1.591088436030088e-28
P09390,Excellent,8.088088897632576e-13,0.9999309675410831,6.903245810814591e-05
P01407,Excellent,1.126967135596154e-16,9.06142815752182e-05,0.9999093857184246
P00051,Average,0.9720364807724226,0.027963519227527343,5.001708010436262e-14
P08007,Average,0.006478750640109533,0.9935212492485138,1.1137662892324183e-10
P07848,Excellent,1.5250003061039021e-13,0.07167667363510478,0.9283233263647428
P04409,Excellent,5.688842518614976e-29,1.646151951375129e-16,0.9999999999999998
P04938,Average,0.9999999999994291,5.709103215938643e-13,1.301486881755265e-26
P09539,Good,4.3830353364559326e-11,0.6845402188039134,0.3154597811522563
P02231,Average,0.9999999999999267,7.322312745420583e-14,5.74571430377032e-31
P02553,Excellent,1.5649990952360756e-26,5.6785279975423507e-14,0.9999999999999432
P05103,Average,0.9999999999618285,3.8171471207628976e-11,3.723892086158805e-25
P09661,Excellent,6.469028367754003e-24,2.1430661670380246e-10,0.9999999997856934
P08586,Good,1.0423861838440164e-06,0.99999895761342,3.961503137469988e-13
P09037,Good,0.0030546308781441785,0.9969453691218525,3.2819714191074422e-15
P00461,Good,5.498484938955005e-11,0.9996514027622235,0.000348597182791642
P06225,Excellent,1.8909360023459742e-22,4.86313239645886e-10,0.9999999995136868
P04123,Good,7.563550085970898e-11,0.9995051219245906,0.000494877999773798
P05516,Good,0.12022438001012255,0.8797756196581302,3.3174724719728396e-10
P02976,Excellent,1.0122719392199266e-15,2.4467545310506318e-06,0.9999975532454678
P00752,Good,0.9999922463910716,7.753608928343475e-06,8.78780378954771e-19
P05140,Excellent,3.513178292290777e-28,5.699398852529943e-14,0.9999999999999429
P07289,Good,3.1099131778372036e-05,0.9999689000137597,8.544619014710775e-10
P01260,Good,1.043498949670567e-07,0.9999953310029461,4.564647158982319e-06
P05222,Good,1.5808961864208112e-09,0.9999999970920934,1.327010390511563e-09
P07118,Average,0.2986886594176331,0.701311340572181,1.0185940505555476e-11
P06182,Good,3.965327383117087e-06,0.9999960345160811,1.5653571929533672e-10
P08787,Good,3.9517460550868954e-07,0.9999996048253882,6.4542490261441336e-15
P01437,Good,4.422200248355379e-12,0.9999999673841968,3.261138092228234e-08
P08428,Good,2.138938086218806e-12,0.9999999999605202,3.7340868912628106e-11
P00866,Good,1.1809843989678047e-05,0.9999881861373427,4.018667632104218e-09
P07820,Excellent,2.9580545049433485e-24,1.510429547156552e-10,0.999999999848957
P05435,Good,9.084122677062559e-12,0.49357700428769086,0.5064229957032249
P02762,Excellent,3.1468796214700247e-22,2.3107346318365815e-11,0.9999999999768927
P03037,Good,1.2098169780857653e-11,0.9999999947368363,5.2510654087254505e-09
P01319,Excellent,1.925820858655062e-21,9.079484896189056e-10,0.9999999990920516
P08422,Good,1.9368736972700677e-10,0.9999999992838124,5.225002058879153e-10
P05293,Excellent,1.20277688586859e-13,0.4783128125396212,0.5216871874602586
P03624,Average,0.001838186535193366,0.9981618134643573,4.493104337166084e-13
P08903,Good,1.7077042776439514e-10,0.9999928829679189,7.116861310561892e-06
P07945,Good,1.926355474622389e-07,0.9999998073606073,3.845236072721428e-12
P06455,Excellent,1.4722442630649805e-34,1.311062650263338e-20,1.0
P05116,Average,1.0,8.46835172689457e-17,1.2530796881440653e-31
P05210,Good,1.8389736891796053e-13,0.007496753999195193,0.992503246000621
P09494,Excellent,1.1149392345091702e-18,2.086993570094726e-08,0.9999999791300642
P00018,Good,1.342409307208147e-11,0.9999999573356828,4.265089294723911e-08
P06776,Good,1.586286039852723e-09,0.9999999553811685,4.303254543750866e-08
P05756,Average,0.9999999589040002,4.109599988357134e-08,3.097822770579705e-24
P09069,Average,0.47874587518724293,0.5212541248127501,7.002704844748122e-15
P09757,Excellent,6.79870015556129e-23,5.522689551096138e-10,0.9999999994477311
P02797,Good,0.08108602607930404,0.9189139738972604,2.343565470234146e-11
P07802,Excellent,4.734948870384039e-16,0.005642171000390254,0.9943578289996093
P01289,Good,2.2963656308971933e-10,0.9999999847458008,1.5024562595141072e-08
P01167,Good,4.835280686908866e-06,0.9999951647192414,7.159608905827311e-14
P02592,Excellent,2.8743163051383374e-16,6.205557605900077e-06,0.9999937944423938
P02801,Good,6.274650013910905e-12,0.999999983032282,1.6961443341475725e-08
P01164,Good,8.660009327269824e-06,0.999991339990091,5.817997964449059e-13
P08795,Good,1.5688510939378574e-06,0.9999984289598741,2.189031839711895e-09
P05179,Excellent,4.3473256607163464e-26,4.4882024848440705e-13,0.9999999999995512
P05102,Good,6.494310813276003e-11,0.9967982293906574,0.0032017705443995424
P01844,Excellent,3.339941435556743e-13,0.07774261418796322,0.9222573858117028
P09183,Good,7.995434005606583e-05,0.9999200456565043,3.439671054051315e-12
P06888,Excellent,3.449488970641884e-29,1.1380969363646317e-14,0.9999999999999887
P00862,Excellent,2.2175756931594848e-33,6.395564408847166e-22,1.0
P04193,Excellent,4.2852786424438856e-11,0.9995661773473479,0.0004338226097992749
P06132,Good,1.5013321162647156e-09,0.9996487606118694,0.00035123788679856493
P04298,Good,8.252778306836464e-13,0.9246564447742295,0.0753435552249453
P07852,Excellent,1.2232605292369335e-12,0.012260199671876379,0.9877398003269003
P08304,Good,6.054899230529084e-12,0.9999999999502911,4.365406748690773e-11
P02443,Average,0.9999999626156285,3.73843715204269e-08,9.93250521853493e-20
P07523,Good,2.1391100005289211e-07,0.99999978568424,4.0475994798326784e-10
P05984,Good,9.028790288848662e-08,0.9999999097110389,1.058160119179754e-12
P09775,Average,0.9999500081581219,4.9991841878178894e-05,1.3558769345215938e-19
P01730,Good,1.9827964460361625e-10,0.9999998300249879,1.6977673244026592e-07
P04429,Good,3.7020221890836803e-06,0.9999962979775872,2.237605768337585e-13
P00971,Excellent,6.688365256209717e-21,7.363146640565116e-10,0.9999999992636854
P05088,Excellent,1.610823674760005e-22,4.484414821282345e-12,0.9999999999955156
P05247,Good,1.7730753912457665e-08,0.9994550192169102,0.0005449630523359354
P00970,Good,0.13904119076903587,0.8609588092269245,4.039707933327187e-12
P02069,Good,0.20899569777978355,0.7910043022202116,4.81451142561525e-15
P01006,Good,6.899669479707156e-12,0.9999999998653042,1.277961929479589e-10
P03626,Average,0.9999999999998663,1.3365797425892374e-13,1.2806435793813895e-25
P08327,Average,0.9999958423119775,4.1576880223969925e-06,2.5573357537651645e-20
P04570,Good,3.253247645226132e-10,0.9999999630980012,3.657667402394343e-08
P09833,Average,0.9999985435208324,1.4564791675292659e-06,5.093913585166165e-22
P08761,Good,1.8879426957829373e-10,0.9999999989438264,8.673793274523921e-10
P07457,Good,8.070241251144902e-11,0.9999999917357169,8.183580710572643e-09
P05967,Good,2.645423281097861e-08,0.9999999734526774,9.308961726704305e-11
P05775,Good,0.0002887985063656182,0.9997112014042799,8.93545135409577e-11
P03599,Average,0.9999999999860392,1.3960917263408563e-11,2.206913847434339e-23
P09917,Excellent,3.3482314287428067e-12,0.008040615226827757,0.991959384769824
P01863,Excellent,9.847471308148171e-29,8.901627962245918e-19,1.0
P08626,Good,4.227561735926668e-08,0.9999999577241216,2.610063312776124e-13
P00441,Excellent,5.548646538373414e-11,0.9999999888071166,1.1137396987778365e-08
P00235,Average,5.1803738898312705e-06,0.9999948196261014,8.739552830213462e-15
P03996,Excellent,1.436382925136802e-25,1.804870692118273e-12,0.9999999999981952
P05508,Average,0.9999999418076023,5.819239771006497e-08,6.972390291136689e-23
P02659,Average,0.9999999999939484,6.05168413531779e-12,1.4578870588051043e-23
P01726,Average,0.9999999997204132,2.7958670607769083e-10,1.272000177976219e-20
P01651,Excellent,2.132622500352859e-18,1.916014710216063e-08,0.9999999808398529
P08345,Excellent,4.27260336666204e-22,1.1095628408586766e-12,0.9999999999988904
P07130,Excellent,7.650426734243565e-35,1.706499216898669e-17,1.0
P04687,Excellent,5.270352217136748e-25,1.6428704932765083e-16,0.9999999999999998
P04753,Excellent,5.095154787544239e-13,0.9999998584019759,1.4159751452625475e-07
P00746,Excellent,3.4572333909002153e-12,0.9999999993378348,6.587079384410136e-10
P09818,Average,0.9999998969984161,1.030015839239745e-07,1.0199320188178361e-19
P02042,Excellent,2.129105563869672e-20,2.6716476652808963e-09,0.9999999973283524
P07156,Good,6.482547377942962e-06,0.999993517452016,6.059948462750117e-13
P01417,Good,2.267688038211769e-11,0.12808878355211142,0.8719112164252115
P08439,Average,0.9955632511313056,0.004436748868689641,4.711474754518122e-15
P00703,Average,0.9999762163723227,2.378362767692191e-05,3.711064595622132e-16
P01247,Average,0.9996084122896342,0.0003915877103658741,2.1854136836522455e-18
P00820,Excellent,5.045887558328156e-24,1.0480633937932893e-12,0.999999999998952
P03969,Good,4.808195534417218e-12,0.9999995609199942,4.3907519769574003e-07
P01045,Excellent,6.639467111325966e-30,3.8827675699409434e-17,1.0
P09909,Good,1.9878396498486478e-08,0.9999999800541233,6.748021420476934e-11
P09701,Excellent,1.7911356889548556e-20,1.6785113745104272e-10,0.9999999998321489
P01220,Good,0.9993354578039835,0.0006645421959076885,1.0901713250513086e-13
P09219,Average,0.9999741047637031,2.589523629690679e-05,1.2124541866495236e-18
P05999,Average,0.9999999999999996,4.0607785440219763e-16,1.7390056245019929e-28
P03336,Excellent,3.297156274110019e-29,5.310733884165519e-16,0.9999999999999996
P09868,Good,1.51108522592844e-10,0.9999999974079969,2.4408944990879672e-09
P03216,Average,1.0,1.8927697914562277e-17,4.911989325883581e-33
P03899,Excellent,2.6400602287507765e-15,1.4683368006017592e-06,0.9999985316631967
P00297,Good,1.932538895174994e-06,0.9999980659082236,1.5528812739383322e-09
P05692,Excellent,2.721871687305304e-23,1.2361269807755352e-11,0.9999999999876388
P02598,Excellent,1.1408779451282457e-35,1.0075411352698583e-18,1.0
P02607,Excellent,2.037649620603505e-21,2.725354356231277e-09,0.9999999972746456
P09182,Good,9.811262254973093e-08,0.9999999018869473,4.301560202689376e-13
P09355,Excellent,7.427466656554825e-12,0.9999998628051228,1.3718744982312355e-07
P06148,Excellent,1.659035331221535e-24,1.2248922095651208e-13,0.9999999999998774
P05104,Good,8.996665596858922e-13,0.9999876612451385,1.233875396176526e-05
P05949,Average,0.998046175765347,0.0019538242346528317,1.1343227260417412e-18
P07108,Good,0.0018539746571529427,0.9981460252431336,9.971350038036188e-11
P09008,Excellent,9.565806080963783e-26,6.7790691960536195e-12,0.999999999993221
P00637,Average,1.0,1.1003943568076919e-23,2.691623877958355e-38
P03537,Average,0.9999999998883169,1.1168312735676645e-10,3.0353364226823445e-29
P07221,Excellent,7.484195123698925e-19,2.0785709640266323e-08,0.9999999792142904
P09525,Excellent,4.1581634801074175e-13,0.07381781570806692,0.9261821842915173
P08620,Good,0.00020038625042146152,0.999799613747852,1.7264565332470173e-12
P09557,Average,0.9999988719007561,1.1280992438750741e-06,4.5353694030263234e-23
P05835,Excellent,4.862708992441552e-16,0.3798039948865357,0.6201960051134637
P06079,Excellent,7.658933234315522e-13,0.7916436804263953,0.20835631957283876
P02870,Excellent,6.813824365757548e-26,6.067331186054009e-13,0.9999999999993934
P00120,Good,2.2519920323607271e-07,0.9999997747659922,3.480455344560745e-11
P02699,Excellent,2.8364771753211916e-11,0.9978742985059241,0.0021257014657111188
P02690,Good,5.8956890907529206e-08,0.9999999410337533,9.355724621787297e-12
P00115,Good,0.0026496969799484653,0.997350302958557,6.149457264715504e-11
P09748,Good,3.816183963263147e-06,0.9999961833560069,4.600297474043626e-10
P08734,Average,0.9999999999850397,1.4960279587915255e-11,7.011941915244103e-24
P06998,Good,1.618590628229961e-08,0.9999999513281611,3.248593261409444e-08
P05945,Excellent,8.36556088610021e-27,9.90962839191506e-12,0.9999999999900904
P02557,Good,8.575009920631431e-06,0.9999914248881134,1.0196587186616735e-10
P07328,Excellent,1.405491136468847e-10,0.9936797820846436,0.006320217774807262
P01155,Excellent,1.390109437562606e-22,3.2851326216743316e-11,0.9999999999671487
P06120,Average,0.9999999999999998,1.3335858099918396e-16,1.2982098925397522e-35
P09876,Good,2.3540826335402896e-10,0.9999419768186982,5.802294589335213e-05
P06767,Excellent,1.2108317416366246e-23,3.8916673820531726e-14,0.9999999999999611
P03859,Average,0.18020215302204146,0.8197978469773632,5.953218825685492e-13
P00822,Good,3.700807518227942e-11,0.9999999814759658,1.8487026113568378e-08
P08488,Average,0.7942257435908058,0.20577425640549082,3.703349953036353e-12
P04192,Excellent,1.4546739165329084e-11,0.5094898706450822,0.49051012934037097
P09202,Average,0.9999999999999987,1.371621232990944e-15,8.182752815876887e-33
P01790,Good,1.5097959341226524e-09,0.9999999984889052,1.2989340787375154e-12
P05941,Excellent,3.6712468707111486e-23,9.880940519397138e-11,0.9999999999011906
P08801,Good,1.0898093686924947e-05,0.99998910190631,3.0647361005900964e-15
P04343,Excellent,2.928353507679069e-26,2.244700375050479e-12,0.9999999999977554
P04150,Excellent,6.330322352773506e-24,1.3367675615966888e-14,0.9999999999999867
P01435,Good,3.9684694097363516e-10,0.9999999718765683,2.7726584645698252e-08
P01872,Excellent,1.09731063871603e-14,0.00012876607594253063,0.9998712339240466
P05649,Excellent,1.0568628500360356e-30,7.971703843090086e-19,1.0
P02643,Good,8.128850349966207e-12,0.7315885443718605,0.2684114556200107
P06021,Good,0.8323586356056382,0.16764136439429647,6.53385288685605e-14
P04073,Excellent,2.0539707499699326e-10,0.9999139402430978,8.605955150505118e-05
P09126,Good,3.4401851453155667e-08,0.999999965596229,1.9196913105074526e-12
P03735,Good,5.386827335872051e-09,0.9999999946068752,6.2974943649053735e-12
P04013,Excellent,2.7738110940140433e-11,0.9896434193740469,0.010356580598215077
P01586,Good,2.9626114696810338e-06,0.9999970370763636,3.1216679618665166e-10
P07780,Good,1.2443982170603971e-05,0.9999875560082031,9.626336973349986e-12
P01259,Good,0.9992975702631819,0.0007024297368048919,1.3422837290154085e-14
P05909,Good,7.578388408207222e-07,0.9999992421539724,7.186831757797472e-12
P04437,Average,0.9998515958726342,0.00014840412736592188,1.398943129300736e-19
P09682,Average,0.9999999999127915,8.72085441769209e-11,1.412418427542643e-26
P02010,Average,0.9999998631730463,1.3682695375607243e-07,5.47048452169509e-20
P00429,Average,0.9999999973829192,2.6170807515643008e-09,1.150400118701608e-18
P05961,Excellent,3.150739139341001e-25,1.73665909779488e-14,0.9999999999999827
P03169,Excellent,1.3398233527190216e-14,0.0020278256425622617,0.9979721743574244
P00074,Average,0.9999990739924702,9.260075298864629e-07,3.276293544870395e-20
P07425,Excellent,2.4179488396458546e-19,1.6513541997490706e-06,0.9999983486458002
P07239,Good,1.5800053024842537e-09,0.9999067785897983,9.321983019646439e-05
P02268,Average,0.37081974948176505,0.6291802505182269,7.93565711774578e-15
P01610,Good,2.7311725191714284e-10,0.9998904535138011,0.00010954621308161778
P00946,Good,9.35161864912921e-13,0.9913747986783203,0.008625201320744525
P02515,Excellent,6.073461987806753e-18,1.914422921942874e-09,0.9999999980855772
P09975,Average,0.9900677018099671,0.009932298190030832,2.131604583023963e-15
P01707,Excellent,1.8482642207589322e-22,2.7974161745880095e-10,0.9999999997202584
P04340,Good,3.812998872433711e-11,0.9999994821157474,5.178461225326648e-07
P08444,Excellent,2.615964118259836e-26,1.4277886219078074e-13,0.9999999999998572
P07055,Good,9.822544841397824e-11,0.9999999928998999,7.001874638049939e-09
P02522,Good,3.698112348365951e-12,0.9327296399288975,0.06727036006740443
P04764,Excellent,1.3649654499046688e-11,0.23669819782562368,0.7633018021607267
P01010,Average,0.006451640030047796,0.9935483599699471,5.200750454581461e-15
P09687,Good,0.00038526283130657077,0.9996147371343224,3.4371079384733635e-11
P04680,Excellent,2.9851547010300344e-18,4.4128961282125506e-07,0.9999995587103871
P02000,Good,6.994440857863457e-11,0.9999999991829553,7.471002643262132e-10
P07298,Average,8.603884364309698e-09,0.9999999902376194,1.158496155524749e-09
P02171,Excellent,5.503547179914695e-15,0.0001348088723657818,0.9998651911276286
P02340,Excellent,1.953872739952055e-24,6.462267283944983e-14,0.9999999999999354
P01457,Average,0.05094911293441755,0.9490508870655818,6.702628194380239e-16
P07433,Good,8.478107578106446e-07,0.99999915217893,1.0312118527402937e-11
P03105,Average,0.9999999546794761,4.53205238357208e-08,5.174050268486052e-23
P07197,Excellent,1.0476041901638903e-20,5.661555607543736e-12,0.9999999999943385
P09036,Good,0.012375351929412113,0.9876246480705874,5.8993146434483005e-16
P09538,Good,3.44668258524707e-10,0.9999999993639808,2.9135105436572843e-10
P09953,Excellent,1.4744538372158448e-21,2.209483414540366e-12,0.9999999999977904
P02897,Excellent,6.334746721288569e-25,1.526761778840339e-10,0.9999999998473239
P01309,Good,1.0772546933066682e-10,0.9999993810841705,6.188081039884573e-07
P08328,Good,8.363297396532612e-11,0.9986964765629879,0.0013035233533791781
P04302,Good,0.046953241487084484,0.9530467583985183,1.1439714013874654e-10
P01182,Good,1.3849847025120387e-06,0.9999986150148185,4.788791649269722e-13
P05007,Excellent,2.4028312086723517e-17,3.885470032143746e-06,0.999996114529968
P01100,Average,0.999999998741836,1.2581641139728044e-09,2.711457342956834e-22
P05541,Good,1.4804054115519694e-05,0.9999851959410255,4.8588103528001015e-12
P01856,Excellent,6.754492136480484e-36,1.4495331431582444e-20,1.0
P02821,Excellent,3.2775705497628214e-21,6.0879938202140874e-09,0.9999999939120061
P06024,Average,0.9999999999975095,2.4905443546235104e-12,1.4890778176191287e-27
P01871,Good,3.2664711275133618e-12,0.9999999981498859,1.846847577038459e-09
P09966,Good,3.596678605287463e-06,0.9999964031475526,1.738420978250531e-10
P09569,Good,3.9201740853373824e-11,0.9424424742455678,0.05755752571523049
P07947,Good,6.779236919260902e-10,0.999999942886206,5.643587032166775e-08
P03366,Average,0.9999999988027855,1.1972145781853812e-09,3.1364732088276675e-23
P01517,Good,1.0545244510858104e-10,0.9997252019039596,0.00027479799058793494
P09368,Good,3.4153358779231665e-14,0.00795925032524358,0.9920407496747222
P08650,Excellent,6.717358571925389e-20,2.20643185454884e-10,0.9999999997793567
P02353,Good,0.06905329034340937,0.9309467096565842,6.487578424914558e-15
P00291,Excellent,4.1134947654096054e-18,1.0507699335974025e-09,0.9999999989492301
P02442,Good,1.0506291328251894e-08,0.9999999892122503,2.814582982367645e-10
P01043,Good,0.0008557100033892226,0.9991442894309134,5.65697381034677e-10
P01430,Excellent,2.08198007239255e-14,0.025361045859442762,0.9746389541405365
P08182,Good,4.978785674856413e-08,0.9999999502121177,2.542070130095351e-14
P04266,Good,2.975711554073554e-11,0.9800432913561572,0.01995670861408568
P09395,Good,2.992783975081822e-10,0.9999999996733662,2.735540923592717e-11
P08157,Good,3.148694947867312e-10,0.9999999929008083,6.784322027134333e-09
P07295,Excellent,1.6322053602588509e-15,9.374588721712258e-06,0.9999906254112767
P02584,Excellent,2.652307801984272e-26,3.0642037431473102e-12,0.9999999999969358
P08976,Excellent,2.3006905912815598e-27,4.2750406402077695e-16,0.9999999999999996
P06578,Good,3.055507471741694e-07,0.9999996941277979,3.2145495177031193e-10
P04944,Good,0.003825636112207007,0.9961743638875278,2.651963887908995e-13
P07292,Good,0.004959449408163262,0.9950405505907787,1.0581249747536441e-12
P08400,Excellent,6.920766919016927e-25,1.1954449199052434e-12,0.9999999999988045
P04223,Average,0.03582501562593345,0.9641749843737867,2.799387391274611e-13
P07297,Good,3.446829358057481e-08,0.9999999655290627,2.643799497978931e-12
P02807,Good,1.8967529398737697e-05,0.9999810324655569,5.044269265444735e-12
P06142,Excellent,6.563638592826567e-22,2.4392848121547414e-11,0.9999999999756071
P02684,Excellent,2.0986632310571377e-21,1.1284533388155036e-10,0.9999999998871547
P03900,Good,7.311413133687592e-09,0.9999999920801154,6.084716559232492e-10
P05798,Excellent,5.296178397297255e-23,1.2808888842799179e-14,0.9999999999999871
P02005,Good,8.081271535207545e-09,0.9999999919049015,1.3827068909838687e-11
P06179,Excellent,1.953001224920702e-15,1.2360928740655474e-05,0.9999876390712574
P04367,Good,1.2115858642967722e-07,0.9999998788414124,1.1306406916313961e-15
P06934,Average,1.0,1.1845430107355338e-18,1.0062245239315773e-33
P07723,Average,0.013071508745015536,0.9869284912416079,1.3376656521088382e-11
P06706,Excellent,4.6079464378492696e-21,4.0138156930619407e-10,0.9999999995986184
P06261,Excellent,1.9747150392657035e-21,4.393709386173655e-08,0.9999999560629061
P04424,Excellent,4.784262817568112e-12,0.9932788448163036,0.006721155178912136
P09645,Good,0.2827453220079791,0.7172546779913479,6.730618652658909e-13
P05517,Average,0.002559422832932216,0.9974405771122272,5.484060683440228e-11
P08501,Average,0.9999727142636066,2.728573639085229e-05,2.663617330423632e-15
P01915,Good,4.1003595754981405e-08,0.9999999559059893,3.090414926390838e-09
P00319,Good,1.6206962754412388e-08,0.9999997967763818,1.8701665550151657e-07
P01216,Good,3.36175851008265e-11,0.9999992851598328,7.148065496584317e-07
P01989,Excellent,1.1793544007607534e-17,3.1316347733355327e-06,0.9999968683652266
P01205,Average,0.9999984022421082,1.5977578918022863e-06,4.2301958794832756e-20
P01278,Good,7.03792429577865e-11,0.9999995281019516,4.718276690940537e-07
P00161,Average,0.9996668702314196,0.00033312976858042466,6.203703090771922e-17
P01469,Excellent,8.241992146197198e-26,4.4824985745155516e-14,0.9999999999999551
P02694,Good,3.1510105344364367e-09,0.9999866217507984,1.337509819104352e-05
P09394,Good,7.749482942005526e-09,0.9999999919532979,2.9721924844718854e-10
P01945,Excellent,3.10192382265256e-29,2.974217314096181e-15,0.9999999999999971
P01679,Excellent,3.7995557756521995e-18,1.9590710970082286e-07,0.9999998040928904
P00025,Excellent,1.0694078966443563e-13,0.005320555934099542,0.9946794440657937
P09002,Good,1.558683842535415e-10,0.9999999997891151,5.5016557194859264e-11
P09294,Good,1.0278093928859557e-10,0.9999976651766747,2.3347205443373773e-06
P07910,Average,0.9999999997925555,2.074446168523334e-10,8.529750132651206e-23
P07193,Good,2.084468881847219e-08,0.9997152509480997,0.00028472820721164974
P01900,Average,0.9999999906791291,9.320870887005474e-09,1.6371637168615951e-19
P02721,Excellent,1.9290726904151856e-24,1.0823575957145636e-10,0.9999999998917641
P06369,Excellent,9.511194175419741e-25,4.545873977083108e-15,0.9999999999999956
P09499,Average,0.9999999999974212,2.578861181228594e-12,3.252302850417197e-24
P08682,Excellent,5.161053573200225e-33,4.33928500038689e-18,1.0
P08296,Excellent,7.076977641946235e-22,7.083979830192983e-11,0.9999999999291602
P08946,Good,4.014422577627487e-09,0.9999999959855708,6.625678131811157e-15
P05536,Excellent,9.372312342965954e-16,0.00011755479074279632,0.9998824452092564
P05389,Excellent,2.712867310171135e-30,2.3644137041764694e-19,1.0
P07541,Good,0.9882874737578106,0.011712526242185965,3.4284218881032737e-15
P03475,Good,5.935339463011457e-12,0.9999999999225828,7.148190173686906e-11
P03173,Average,0.9999997719158599,2.2808414028815748e-07,1.294298492646888e-22
P04912,Excellent,1.6138889008032268e-29,1.3221266124272286e-15,0.9999999999999987
P09567,Good,2.3807934299290245e-05,0.9999761920650998,6.009037837387611e-13
P05176,Average,0.9999472697349883,5.2730265011698294e-05,6.796440496700931e-18
P01778,Good,2.8180234998466723e-13,0.999273142209684,0.0007268577900341821
P03077,Good,1.5927007881088287e-08,0.9999999840724949,4.971184386514388e-13
P00505,Average,0.9999999997981588,2.018412402699692e-10,4.310842256499534e-23
P02600,Average,0.9999999606807206,3.931927929355774e-08,1.2762296936326463e-19
P00651,Excellent,1.0905801767979069e-29,4.0462836297361644e-16,0.9999999999999996
P04166,Excellent,1.0611500134617199e-20,6.197680072794445e-10,0.999999999380232
P04646,Good,2.2508430375789577e-07,0.9999997749146845,1.011596440863234e-12
P06787,Average,0.9999999719594049,2.804059512561111e-08,2.031011203415656e-20
P01352,Good,0.15317542431068035,0.8468245756888343,4.852991919423378e-13
P06743,Excellent,7.946349543154436e-22,3.381256289612111e-08,0.999999966187437
P09059,Good,4.911614832875415e-05,0.999950883851506,1.6524849696127444e-13
P00489,Excellent,7.413839231522222e-21,3.2339470944170454e-08,0.999999967660529
P08272,Good,1.0479389890507389e-08,0.9999999859579598,3.5626503248432733e-09
P06426,Good,7.0942524028486e-14,0.9999942375172705,5.762482658637356e-06
P07005,Good,2.624988627075466e-13,0.9999977766662654,2.2233334721002453e-06
P06493,Average,1.0,5.934800045814132e-26,1.976081194054593e-42
P01242,Average,0.9999726563457951,2.7343654204930522e-05,6.172439041849414e-20
P00056,Excellent,1.5631182404511422e-28,3.0806809720988525e-16,0.9999999999999998
P04273,Good,1.0520935618333993e-11,0.9999996320102291,3.679792499583441e-07
P02771,Average,0.9999999999999913,8.691448233260054e-15,2.695856074939543e-26
P04968,Average,0.9845667608891095,0.015433239110890517,4.5610217217872e-19
P03958,Average,0.909775827938943,0.0902241720610564,6.668096079685929e-16
P07668,Good,6.822003660255e-08,0.9999999316682229,1.1174061006745303e-10
P00275,Good,0.039425569625709506,0.960574430367638,6.652582998175374e-12
P02292,Good,2.4054955599244537e-09,0.9999999975299858,6.45186527325388e-11
P09561,Excellent,4.456686200783795e-30,1.4529370251232442e-18,1.0
P09222,Good,1.4528611815155778e-07,0.9999998421900258,1.2523856111746652e-08
P05709,Good,6.5301513034265864e-09,0.9999999933794614,9.038730896328865e-11
P06875,Excellent,7.534299199260149e-11,0.9568320431226037,0.04316795680205332
P06378,Good,1.5875112537699332e-11,0.9754803731096747,0.024519626874450154
P00636,Excellent,3.9818840838527173e-17,3.604287919124252e-05,0.9999639571208088
P09320,Excellent,2.386909510825581e-28,3.77045214314434e-15,0.9999999999999962
P03359,Average,0.9999999956944452,4.3055548254381466e-09,4.027503229383969e-24
P03319,Excellent,1.456861379552272e-26,2.334591521498705e-13,0.9999999999997666
P04199,Excellent,7.379484307041615e-28,2.0092109434485713e-15,0.999999999999998
P08906,Excellent,1.0881330142618801e-17,0.00020359642075127522,0.9997964035792487
P00573,Good,9.037663377649484e-10,0.9999999990841231,1.2110584083929797e-11
P09022,Good,1.6920233885851483e-12,0.9999999879773068,1.202100108446224e-08
P07377,Good,4.215003289906169e-10,0.8953636177182109,0.10463638186028867
P08491,Excellent,4.1109920440251455e-37,6.476728150147681e-20,1.0
P01460,Good,1.3330943761830844e-06,0.9999986662502393,6.553846291457602e-10
P01768,Excellent,1.1349381504352543e-19,8.549800182736762e-10,0.9999999991450199
P04448,Excellent,3.8572814429732774e-28,5.232853881766641e-17,1.0
P04452,Excellent,2.4324397534317744e-33,2.1960856867281735e-19,1.0
P09217,Average,0.9999999999996594,3.4071919463635566e-13,7.903737260495399e-28
P04660,Average,0.999999999999992,7.987777669636028e-15,2.3575518773866365e-26
P05333,Good,4.921808366293047e-07,0.9999995077749064,4.425683126631855e-11
P03966,Excellent,5.7394822691957016e-33,7.328033084638782e-18,1.0
P06627,Good,4.2617859019577536e-13,0.9999992211082611,7.788913125580341e-07
P02431,Average,0.9999999992672146,7.327852767111294e-10,9.159890993217694e-21
P01523,Excellent,4.967951225144126e-27,5.606291223506424e-15,0.9999999999999944
P06864,Average,0.9988610911691703,0.001138908830829549,1.6459657150236136e-18
P06678,Good,8.558702687904652e-11,0.9999986161294605,1.3837849524875096e-06
P08354,Good,0.8606293956899591,0.13937060430975054,2.9046040723120225e-13
P04085,Excellent,1.4873436218811256e-17,3.6589982740207206e-07,0.9999996341001727
P04439,Excellent,5.382631266708818e-19,8.665026461571491e-08,0.9999999133497355
P06654,Average,0.9999999991935169,8.064830416976971e-10,5.764521941980247e-28
P09072,Average,0.9999999132633628,8.673663732924267e-08,2.8102459215416783e-17
P06880,Good,1.535473739960978e-05,0.9999846452365636,2.6036734362093734e-11
P05678,Excellent,2.54618255617818e-19,6.455153869885386e-08,0.9999999354484614
P00279,Excellent,2.522133088220855e-21,3.0378409126185136e-08,0.9999999696215909
P03387,Excellent,1.7419862990256164e-20,4.4224325727185537e-10,0.9999999995577566
P09971,Excellent,3.214352102563508e-12,0.9999105206116937,8.947938509198033e-05
P09877,Good,7.661382645869446e-08,0.9999999233853417,8.319306160564698e-13
P06665,Average,0.9994899060591148,0.0005100939408798964,5.233045117063166e-15
P01358,Good,7.410048330561354e-10,0.9999999992589876,7.467548888886467e-15
P05034,Good,3.4705913041300615e-10,0.9999996946434282,3.0500951272905807e-07
P03082,Good,5.087035541985149e-12,0.9999992809050986,7.190898143202159e-07
P09540,Excellent,7.542849760037899e-18,1.622539727371235e-06,0.9999983774602726
P08665,Good,0.020478414423641338,0.9795215855659606,1.039807254960349e-11
P07960,Average,0.9999999999988041,1.1959504624911993e-12,1.884567864388071e-25
P01505,Good,2.5547966159600745e-11,0.9999999999661726,8.279443138752347e-12
P07304,Excellent,3.1899953906463593e-27,2.044398817794895e-14,0.9999999999999796
P04108,Excellent,3.5127596370295866e-23,5.6166426846841704e-11,0.9999999999438336
P09796,Good,3.725727342149406e-16,0.002930672550531842,0.9970693274494677
P01337,Good,4.793012914110552e-12,0.4658412447306784,0.5341587552645286
P04155,Good,8.56474714642105e-12,0.9999999998976663,9.376895258251303e-11
P03678,Excellent,6.8779235114069546e-12,0.02262675533403853,0.9773732446590834
P09430,Good,7.538943175936362e-13,0.9396740956822272,0.060325904317018925
P00423,Excellent,2.6489543469264083e-32,6.68826862796538e-17,1.0
P07587,Good,8.648976366596516e-11,0.9999914904186413,8.50949486884835e-06
P08025,Excellent,1.2639929454196965e-19,8.528962183332657e-09,0.9999999914710379
P09236,Good,5.768751567703917e-10,0.9999522918808126,4.770754231220515e-05
P07933,Excellent,3.8858147734679555e-15,0.008260668047710524,0.9917393319522855
P03399,Good,7.236946579744131e-08,0.9999999275798438,5.069027248459343e-11
P01519,Average,1.0,2.594016598413128e-17,1.1324267846018893e-36
P09841,Good,1.040864777087666e-08,0.9999999895228492,6.85031342766825e-11
P09397,Average,0.9999339171599193,6.608284007779098e-05,2.9450620359643468e-15
P08891,Good,0.08885530294779087,0.911144696792326,2.5988305932149044e-10
P02189,Good,0.9937244119980416,0.0062755880018615364,9.689360849561963e-14
P04061,Good,2.6946006911741234e-06,0.9999973031848521,2.214456812251429e-09
P05067,Good,1.2448344229927897e-09,0.9999993065242796,6.922308861037335e-07
P07832,Excellent,1.427401323987609e-12,0.008110218258002651,0.9918897817405699
P02429,Good,9.320509231009347e-05,0.9999067949076814,8.384411517332734e-15
P05332,Good,7.243085381669759e-10,0.9999999245313408,7.474435054000241e-08
P00481,Good,7.165910124698893e-10,0.9999999992176021,6.580697018256631e-11
P09747,Good,0.02321487121794947,0.9767851287778282,4.2223927028518426e-12
P02408,Excellent,5.383760666400424e-18,3.1607045433977255e-08,0.9999999683929545
P08833,Good,2.9791609282074335e-09,0.999999994173093,2.8477460206757915e-09
P00456,Good,0.5262399223079004,0.4737600776920986,1.0496215323687902e-15
P04077,Good,7.692895740268391e-13,0.008706490323815087,0.9912935096754157
P06911,Average,0.9999999793009902,2.0699009922770344e-08,3.7951871816085634e-24
P00652,Excellent,6.749264641671715e-13,0.9694365051556533,0.030563494843671872
P09121,Good,2.302061890916982e-06,0.9999976979373006,8.08582630395442e-13
P05018,Average,0.9999892287901478,1.0771209852133596e-05,4.0875863159841324e-18
P02296,Excellent,8.558140104043815e-26,4.0407806573388363e-13,0.9999999999995959
P08261,Good,0.8900977997752393,0.10990220022402976,7.309778444513682e-13
P07174,Good,1.6214473919755792e-10,0.6097921115683039,0.3902078882695514
P08662,Excellent,3.7332572849855765e-20,3.2032083047852676e-09,0.9999999967967916
P08957,Average,0.9203489345024869,0.07965106548047046,1.704271904939599e-11
P07450,Good,4.1266954512398205e-14,0.9996821470355557,0.0003178529644029342
P01530,Excellent,2.3199085084634324e-28,2.0901448151308586e-15,0.999999999999998
P08851,Good,2.898362570766091e-13,0.9994949860666054,0.0005050139331047895
P05099,Excellent,3.450764786156326e-29,2.433398784428776e-13,0.9999999999997566
P09154,Excellent,1.5267756643426215e-26,2.0635714351485918e-14,0.9999999999999793
P00240,Excellent,2.667060941831016e-22,3.7712623134494654e-10,0.9999999996228737
P00785,Good,0.0008330609307225814,0.999166939051064,1.821347147161642e-11
P09508,Average,0.9999999999999327,6.717566958222874e-14,7.902528597802215e-30
P06858,Good,5.250926645999968e-06,0.9999947488674531,2.0590086726440288e-10
P05897,Excellent,3.5621396215643933e-35,4.920814249173491e-23,1.0
P06806,Good,1.0285731541371677e-06,0.9999989699213089,1.5055370031529888e-09
P03250,Excellent,8.776569482182118e-18,4.3614521745627604e-05,0.9999563854782543
P04006,Excellent,2.0231360302775393e-15,0.00010358124105626101,0.9998964187589419
P00349,Good,3.1331110010954494e-09,0.9999999915031655,5.3637234466376965e-09
P06516,Average,0.9999999996261058,3.738942317475096e-10,4.2342003529515784e-26
P07711,Good,1.5977670337101358e-12,0.9999999960383879,3.960014310817012e-09
P01329,Good,7.999914171011926e-06,0.9999920000772757,8.553307796539461e-12
P04072,Good,1.2561484123607002e-10,0.9999967636815132,3.2361928718971867e-06
P06936,Good,1.5505914455976768e-07,0.9999998448911279,4.972760952907502e-11
P09458,Average,0.00027875138481160813,0.9997212486151076,8.071136897792524e-14
P04124,Good,3.153797231300047e-08,0.9999999680444734,4.17554213408835e-10
P01292,Excellent,1.0881688364481942e-25,1.1579089188809397e-12,0.999999999998842
P05207,Good,0.0013970631296739055,0.9986029368697233,6.026741749666872e-13
P01847,Excellent,1.2193748455413019e-11,0.13779769367672598,0.8622023063110803
P02168,Good,3.3909054870591217e-13,0.999996642209138,3.3577905229302145e-06
P02991,Average,1.0,2.5545372965475212e-17,3.374058270775224e-36
P05285,Excellent,6.793236921413853e-25,6.024499246812312e-11,0.9999999999397551
P06110,Excellent,2.173066791712823e-19,5.605573248590089e-09,0.9999999943944267
P04530,Good,4.596717368310541e-09,0.9999999953912688,1.2013758671907773e-11
P05684,Good,6.681680675125e-11,0.9999999965134048,3.4197784639101912e-09
P08540,Average,0.9999999999772398,2.2760289437085214e-11,5.560245403409937e-23
P08051,Good,3.417173108666343e-11,0.9999999916963914,8.26943699977767e-09
P00676,Good,7.591878628554958e-05,0.99992408118999,2.3724503547757177e-11
P00159,Good,1.1784908028703681e-10,0.7802777748362841,0.21972222504586691
P08124,Good,5.679529356177834e-11,0.7477737027928976,0.2522262971503071
P08155,Excellent,7.523471123454361e-25,1.1198270535758316e-15,0.9999999999999989
P03396,Good,1.4789170675056926e-09,0.9998477974278767,0.00015220109320638808
P07904,Excellent,3.478087299352456e-27,1.7436707103723481e-15,0.9999999999999982
P00985,Good,7.3217081821612344e-09,0.9999999452523064,4.742598549912682e-08
P03976,Excellent,4.047092425235392e-21,1.5731535624033602e-06,0.9999984268464376
P07571,Good,0.0014808335332458097,0.9985191664667441,1.0024478622975516e-14
P04087,Average,0.8027205509459332,0.19727944904367772,1.0389039065003426e-11
P09737,Excellent,1.8668239213902044e-15,0.09702413167067626,0.902975868329322
P08209,Good,5.103218810612767e-10,0.639519124088573,0.36048087540110507
P05361,Good,1.2525749865622902e-11,0.9999971524061779,2.847581296276078e-06
P06644,Average,0.9999999995617888,4.382111847876124e-10,1.0019134100784102e-23
P08523,Good,7.008961764687935e-11,0.9999998062260969,1.9370381360204225e-07
P07024,Average,0.9999999970488127,2.951187195281337e-09,5.765057420376765e-26
P03761,Excellent,1.0091348914141166e-12,0.9805042109933716,0.01949578900561924
P04016,Average,0.9960934605345244,0.003906539465475561,8.263687736077888e-18
P02804,Excellent,2.1310440902509587e-08,0.9998428138214742,0.00015716486808502568
P06257,Average,0.007250585870059124,0.9927494141299408,5.066187189816562e-17
P06346,Good,8.54222983942338e-14,0.999903805936042,9.619406387266767e-05
P03696,Excellent,9.594178656444181e-21,2.2682117248974496e-09,0.9999999977317882
P08394,Good,0.8865978036161941,0.11340219635895538,2.4850523651361876e-11
P06557,Average,0.1025866608384361,0.8974133391615633,7.290273106635254e-16
P00988,Good,7.284733452390203e-08,0.9999999271439883,8.677218309614632e-12
P00188,Average,0.9999999999998543,1.4573844386551693e-13,5.036387943082944e-26
P05463,Good,1.2271290525207938e-09,0.9999999987123751,6.0495754553678e-11
P00958,Excellent,1.5690350679018283e-22,6.520013768330752e-11,0.9999999999347999
P04068,Good,4.241881955337238e-12,0.9999977640471879,2.2359485702140557e-06
P09929,Good,4.67208427407943e-12,0.7450752793545244,0.25492472064080357
P03229,Excellent,4.101168551790878e-23,1.626924131970323e-14,0.9999999999999838
P05236,Good,5.338674576944957e-06,0.9999946613241064,1.3166020745765343e-12
P06589,Excellent,2.5434037181765436e-21,1.7251637487748306e-09,0.9999999982748362
P02879,Average,0.9991634247910735,0.0008365752089258695,7.167191363417099e-16
P05208,Average,0.9999999999994911,5.088330076584293e-13,1.1387768888102196e-23
P02056,Average,0.9999999999995441,4.557547253809459e-13,2.3913177288706037e-24
P04157,Excellent,1.0583345626740348e-23,1.9991911621877113e-11,0.999999999980008
P09449,Average,0.9999970615903363,2.9384096638373993e-06,4.876122080603612e-20
P02904,Good,3.582840221209202e-06,0.9999964171573179,2.4610268646909283e-12
P00231,Average,0.9999999999621159,3.788409359720318e-11,3.255369245495169e-26
P07783,Good,2.783498562955163e-07,0.9999997214991835,1.5096034113965698e-10
P01038,Average,0.9999992709432366,7.290567634850768e-07,3.007284027042153e-19
P09108,Good,1.1242496452608426e-13,0.9978138346089437,0.0021861653909438614
P00411,Good,9.636711849629168e-12,0.9999808335342321,1.9166456131360837e-05
P03673,Good,1.6298782729069012e-09,0.9999636452281163,3.6353142005346666e-05
P01853,Excellent,5.069887415587607e-20,4.2649415254717415e-09,0.9999999957350585
P01643,Excellent,9.267531347016022e-14,0.00025893930446046625,0.999741060695447
P03178,Good,5.30411969827071e-07,0.9999994550465926,1.4541437649229576e-08
P06372,Average,0.9999999071187329,9.288126712658701e-08,3.7849908832753053e-19
P08274,Excellent,6.6299839952890015e-18,1.5204001595625947e-08,0.9999999847959984
P02328,Average,0.9995515754017522,0.00044842459823400915,1.3731859292564604e-14
P09465,Good,6.846020345437176e-10,0.9903479686890391,0.009652030626358842
P05273,Good,1.117801925011341e-11,0.9999951434293844,4.8565594374087564e-06
P02215,Excellent,1.3072131572242933e-21,2.3079145595808753e-08,0.9999999769208544
P07076,Excellent,6.011213884966478e-12,0.1077651102241239,0.892234889769865
P04832,Excellent,6.286230424939857e-12,0.9593658493215164,0.040634150672197326
P04213,Excellent,9.369943647334207e-13,0.0317983334589672,0.9682016665400958
P02114,Excellent,1.3994042234780852e-13,0.8699736073027549,0.13002639269710525
P06305,Average,0.9999999999994429,5.571569805489918e-13,3.4794412270269378e-25
P00829,Good,1.8126656411496042e-10,0.9999993653824568,6.344362767091085e-07
P08146,Average,0.9999999999984985,1.5015047014383147e-12,3.0336623134198113e-27
P03784,Excellent,2.8480187992207073e-12,0.9751204188220066,0.02487958117514544
P01859,Average,0.9999999998363245,1.6367553652828777e-10,1.3994767565002966e-26
P07000,Excellent,5.801052335027802e-29,5.564654409558804e-15,0.9999999999999944
P07748,Good,2.2095647440879218e-16,1.27353064206269e-07,0.9999998726469355
P05445,Good,0.0007658938748423714,0.9992341012605068,4.864650768184762e-09
P00194,Good,3.894376352971412e-12,0.9999996177922237,3.822038820073618e-07
P05694,Good,1.304739489904395e-05,0.9999869526047511,3.4978186242304596e-13
P01255,Excellent,2.0398195876205753e-24,9.404226101914243e-10,0.9999999990595774
P06619,Excellent,2.5479911004211065e-14,0.0010588301603672255,0.9989411698396073
P02958,Excellent,8.282786460289477e-31,1.1658473988060337e-18,1.0
P01461,Good,1.671059010432028e-06,0.9999983254706929,3.470296779992904e-09
P06099,Average,0.7607260262056433,0.23927397379434373,1.2847062315740866e-14
P06533,Good,1.1335653826356271e-06,0.9999988664166772,1.794006641423183e-11
P06521,Excellent,3.3734365513935076e-20,1.5345532198812553e-08,0.9999999846544678
P06168,Good,0.0019090041173688366,0.9980909958673011,1.533002767587878e-11
P02057,Good,5.566141191683392e-10,0.9999993144821228,6.849612631257976e-07
P04698,Excellent,7.08609877915794e-11,0.03758549265875397,0.9624145072703849
P01118,Good,0.0003241543455172355,0.9996758454237481,2.3073474562248787e-10
P00806,Average,0.8963858806589052,0.10361411934109474,3.3910575844783628e-18
P06228,Excellent,2.191653217335606e-20,3.020463644859247e-10,0.9999999996979536
P00408,Excellent,2.7325298399465305e-15,0.0014740890714926526,0.9985259109285047
P08536,Average,0.9999999999999973,2.5583333366843554e-15,4.577056296942618e-28
P04416,Excellent,7.353076965729128e-26,2.644681283293364e-16,0.9999999999999998
P05124,Good,8.983879365134018e-11,0.9999999990473294,8.628318519099535e-10
P04118,Good,5.736945163983258e-11,0.9999997225740848,2.7736854579063243e-07
P07004,Average,0.9999999680663904,3.193360953879173e-08,1.2634935232390764e-19
P07911,Good,0.00041670415475467387,0.9995832958447757,4.695109330839422e-13
P04462,Average,0.4315039924246371,0.5684960075752864,7.645538867310457e-14
P01680,Good,7.737423003977517e-06,0.999992262573726,3.2700038062010857e-12
P08531,Excellent,2.077729401287597e-19,0.0003223848899379475,0.9996776151100621
P09921,Average,0.9999999999797176,2.028248039125971e-11,8.508348030987675e-26
P02025,Good,0.6027844837586167,0.39721551624119417,1.891259586966084e-13
P04693,Average,0.9999999999999483,5.173351002945397e-14,5.3299020486828855e-30
P01783,Good,1.4114142739345137e-10,0.000922701382512022,0.9990772984763464
P08548,Good,0.00037660178227668837,0.9996233982122942,5.429160903634397e-12
P05209,Average,0.9999929596241977,7.0403758023846974e-06,6.957961503408634e-20
P03293,Average,0.001828967104649217,0.9981710328952441,1.0664995586787588e-13
P04799,Excellent,4.8347999322819e-19,4.5202808343064255e-06,0.9999954797191657
P06646,Excellent,9.203535004535284e-21,6.738915626461982e-11,0.9999999999326108
P00674,Excellent,2.962849594950389e-23,9.37166286790897e-09,0.9999999906283371
P08800,Average,0.999999999990878,9.121957837159374e-12,1.2608756860705177e-24
P06172,Excellent,1.560923308436119e-10,0.09102613388487849,0.9089738659590292
P03645,Good,4.795829245148047e-09,0.9999999884946594,6.709511242656611e-09
P02421,Average,0.9999999999999996,3.9520317995188867e-16,1.0303283931632866e-28
P03577,Good,2.108649359689098e-09,0.9944108129906147,0.005589184900735992
P07399,Good,0.00020076586204162536,0.9997992341348302,3.1282588543778554e-12
P03956,Excellent,2.1116588567359218e-27,1.8550414494664513e-13,0.9999999999998146
P02457,Excellent,9.18346554791554e-17,5.734422284772531e-05,0.9999426557771521
P07657,Good,1.2952374043448906e-09,0.9999999984921002,2.1266249448965564e-10
P09640,Average,1.0,2.60997233793911e-18,3.4714364377584505e-34
P04142,Excellent,5.262460749216364e-12,0.17174711307140775,0.8282528869233299
P07515,Good,0.160735633139424,0.8392643668605755,5.455380894546476e-16
P08141,Good,0.0006333314784003936,0.9993666685214269,1.727399902026844e-13
P03779,Good,5.257980950237964e-10,0.9999998448316133,1.5464258855245504e-07
P01538,Good,2.4444961296918548e-08,0.999999970877353,4.6776856778913115e-09
P07917,Average,0.9999152004016088,8.479959839135772e-05,4.928314765226788e-17
P05700,Good,9.62722354497436e-06,0.999990372745979,3.047584658558869e-11
P02824,Excellent,9.751859715274984e-11,0.8081932044736435,0.19180679542883794
P06829,Average,0.9948737880829503,0.005126211917047035,2.646868227538437e-15
P04208,Average,0.9907710659317011,0.009228934068298616,3.1507707592382245e-16
P05795,Good,1.7784791200750593e-06,0.9999982215177978,3.0821023819334458e-12
P08736,Excellent,4.1285350326592654e-23,2.2381807514091142e-10,0.9999999997761819
P01204,Good,1.8798541187050598e-11,0.9999999999504581,3.074339850060151e-11
P01696,Good,8.069766610962747e-08,0.9999999182225614,1.0797724352212366e-09
P07833,Good,1.598725863680314e-10,0.9999980152815993,1.984558528068422e-06
P00966,Good,5.597243312940578e-07,0.9999994402220997,5.356894480957022e-11
P05417,Good,7.935937360363978e-13,0.999999693028362,3.0697084446517545e-07
P07737,Good,0.0166241990705261,0.9833758009288065,6.674045486601129e-13
P03038,Excellent,1.258833810292208e-20,8.71556045294071e-10,0.9999999991284441
P04460,Good,0.01430991843322465,0.9856900815667005,7.492508237892394e-14
P06752,Good,3.6087975793144944e-11,0.9999999868404328,1.3123479220974557e-08
P06029,Average,0.9999999999999998,1.3014989443577424e-16,1.0684552886060122e-26
P00471,Excellent,2.3304972204256156e-16,4.843157324823717e-07,0.9999995156842673
P06563,Excellent,2.4269596711413734e-22,5.936221259431939e-13,0.9999999999994065
P02393,Average,0.02002291939259372,0.9799770806074013,4.964690359603762e-15
P00149,Average,5.105900419794863e-06,0.9999948940995346,4.561631723288286e-14
P08954,Good,6.953168228841448e-10,0.9999998986912335,1.0061344954598754e-07
P03705,Good,7.649173546688067e-11,0.9999997648649965,2.3505851184088107e-07
P09263,Excellent,2.500129212353293e-16,9.829687026487535e-06,0.9999901703129733
P03744,Average,1.0,5.439738385283265e-19,2.2763523254174907e-33
P06131,Excellent,2.4424452116690283e-19,2.400438909659974e-06,0.9999975995610905
P07322,Excellent,4.294059328019724e-21,4.800778174405378e-07,0.9999995199221825
P02072,Average,0.999545901965287,0.0004540980347131043,4.809244448724569e-19
P00078,Good,4.96786785579572e-12,0.999999981780615,1.8214417086660997e-08
P00890,Good,4.5422366135098217e-10,0.9988541085651903,0.0011458909805860875
P05784,Good,3.465784269639918e-08,0.9999999549176297,1.0424527573014851e-08
P08355,Good,1.8166151283114815e-10,0.9999999437785401,5.6039798423458835e-08
P02769,Good,0.10861545360037317,0.8913845463995295,9.740057671145107e-14
P05963,Good,6.150127940278288e-09,0.99999078240205,9.211447822217523e-06
P02835,Good,1.0571754737608741e-06,0.9999989427589757,6.555061822595831e-11
P06336,Excellent,6.105486187748737e-35,3.32987130697574e-19,1.0
P05687,Good,1.726958196106102e-11,0.9999254771357706,7.452284695975998e-05
P01332,Good,7.54929266751192e-06,0.9999924506987126,8.619913552094409e-12
P06824,Average,0.9999999999999882,1.1841296575397424e-14,1.4616315594918197e-24
P08643,Average,0.9999999993341804,6.658197295430783e-10,7.375268601062263e-23
P04207,Good,7.969071035935034e-11,0.9999999971430311,2.7772780568193634e-09
P07105,Good,1.3653634644722395e-09,0.9999998013497607,1.9728487585476102e-07
P00407,Average,0.9813077852622504,0.018692214737749624,3.5163561332347676e-19
P05891,Average,0.968172997574499,0.03182700242550109,1.0139009017326497e-16
P01107,Average,0.9999999989590864,1.040913598585785e-09,3.801417267786488e-21
P08318,Good,2.2446540054697334e-12,0.9999999602872112,3.971054418013836e-08
P01898,Average,0.17926230221155764,0.820737697788125,3.17252968392403e-13
P09563,Average,0.9999992055337229,7.944662771868132e-07,1.996622641979679e-21
P04281,Good,0.004732221537504087,0.9952677784624747,2.1279710977774826e-14
P06749,Good,3.0761838355083536e-09,0.9999999717113922,2.5212424017747442e-08
P08231,Good,2.2377538409733527e-09,0.9995297096113673,0.0004702881508789462
P03288,Good,5.223131833386477e-07,0.9999994776807476,6.068990649240999e-12
P02808,Good,2.07023760824232e-05,0.9999792976174403,6.477233634639672e-12
P01552,Excellent,1.8507355421924273e-12,0.08941137611890808,0.9105886238792412
P08859,Good,3.703158099306748e-11,0.9999996040784997,3.958844686652922e-07
P07033,Excellent,1.3915954137123867e-27,2.7342731762967123e-17,1.0
P05637,Average,1.0,4.654694534133222e-19,2.440056738273799e-33
P04084,Excellent,2.188277190487916e-13,0.008929670857623603,0.9910703291421576
P05769,Good,1.5712607881618237e-09,0.9999999877382147,1.069052441079002e-08
P07610,Excellent,9.838108763499088e-13,0.9989692221741618,0.0010307778248544312
P08741,Average,0.9999999999999998,1.9995967834712845e-16,5.398077856146277e-28
P00569,Good,0.00028761720315139533,0.9997123827116678,8.51807872775381e-11
P06997,Excellent,9.010462594151714e-24,1.540248834924093e-13,0.9999999999998459
P05378,Good,2.9335530595155526e-10,0.9999999910393457,8.667299136960907e-09
P05729,Good,3.2998937285254555e-11,0.9999562019854846,4.379798151646551e-05
P08249,Excellent,1.205868051675111e-20,1.2037863174167712e-06,0.9999987962136825
P02676,Excellent,2.9962493736110405e-21,4.587308671287676e-09,0.9999999954126912
P04497,Average,0.999999999999986,1.3978204507261255e-14,2.146661481253797e-27
P05151,Excellent,4.683315541870796e-20,1.0528288704978526e-09,0.9999999989471711
P05181,Average,0.9999999999936846,6.3154567663573245e-12,1.4367148866835914e-24
P05669,Average,0.9999999509882311,4.901176887246379e-08,3.0505719526828316e-22
P03897,Average,0.9999999999997458,2.5417149442009937e-13,1.8329409202523048e-24
P03484,Excellent,9.904027242356167e-17,7.489306870348013e-07,0.999999251069313
P01230,Average,0.99999996925591,3.074409000561985e-08,5.009270863606467e-23
P03686,Excellent,1.513397676574277e-14,0.0002927846467737848,0.999707215353211
P07143,Good,3.2718788721539114e-13,0.9906949078223996,0.009305092177273296
P00606,Good,3.837475065658883e-05,0.9999616252493138,2.970281944466949e-14
P01331,Good,3.774851420606613e-07,0.9999996225113266,3.5315054013715547e-12
P06843,Excellent,1.3455836548928783e-22,2.4973130395392875e-09,0.999999997502687
P09086,Good,2.0091761559633575e-09,0.9998946489425826,0.00010534904824114625
P00720,Good,7.820816939331891e-14,0.9999023805657897,9.761943413216488e-05
P00187,Good,7.671888573715613e-15,0.0009979570834907489,0.9990020429165014
P09856,Good,1.2399322356011598e-10,0.9999999930582328,6.817773846974461e-09
P08224,Excellent,1.884716965736368e-26,1.197772151667748e-15,0.9999999999999989
P01906,Average,0.10961974835586065,0.8903802516441005,3.8837114166769585e-14
P05304,Average,0.9999999999999976,2.4896882222815896e-15,1.0156598596743194e-28
P08052,Good,2.1098041024863977e-11,0.9999995321369881,4.678419138030823e-07
P08979,Average,0.9999999902307714,9.769228646073667e-09,2.0752419480406564e-22
P09383,Excellent,5.259705512311383e-28,3.963617147118704e-15,0.999999999999996
P03949,Excellent,2.855404955426783e-13,0.0369779299855155,0.963022070014199
P07275,Excellent,4.7772738895621545e-12,0.1428768821927958,0.857123117802427
P08500,Good,1.639620276679567e-14,0.9999869567030636,1.3043296919899326e-05
P06194,Excellent,1.1312310395609207e-18,7.553574640033832e-08,0.9999999244642536
P08481,Excellent,1.4830629124144604e-17,1.583618677794134e-05,0.9999841638132222
P01524,Good,1.7176018908305796e-11,0.9999999999779534,4.870574334219212e-12
P03051,Average,0.9999999999999993,6.229707069012747e-16,1.449074112178755e-28
P00222,Average,0.022594482940402713,0.9774055170594473,1.4985137076580103e-13
P08726,Average,0.9999240460170092,7.59539829869829e-05,3.727133249238365e-15
P07624,Excellent,1.3841773900810682e-12,0.46115793777434255,0.5388420622242733
P00331,Good,8.270156634605848e-07,0.9999991729838461,4.905491181364342e-13
P06768,Excellent,6.026397879335295e-19,4.046354100584034e-07,0.99999959536459
P02161,Excellent,2.553444685577687e-28,1.1877462090266631e-15,0.9999999999999989
P09711,Good,1.0205339554799384e-09,0.9999999960787325,2.9007335626168776e-09
P08128,Excellent,1.2147379920848104e-16,0.000541740365624406,0.9994582596343754
P04236,Excellent,3.546618137951253e-12,0.9999981338610614,1.8661353918751925e-06
P06667,Good,8.180616701557823e-12,0.999997423598007,2.57639381241371e-06
P04986,Excellent,1.9529838479441927e-15,3.899048095937354e-07,0.9999996100951883
P06227,Good,6.48509398467414e-08,0.9999999351490565,3.726652110011957e-15
P01139,Good,6.205995617612949e-10,0.9999998243265886,1.750528119256399e-07
P08218,Average,1.0,2.252508878282479e-24,2.1713466201286884e-39
P09467,Good,7.770088947324656e-06,0.9999922298461759,6.487666098499788e-11
P01192,Average,0.9999359583362061,6.404166379384468e-05,5.081089007330573e-17
P07400,Excellent,2.019837439570701e-13,0.05802476156049047,0.9419752384393075
P05725,Good,7.585438365855673e-12,0.9999720825649858,2.7917427428799346e-05
P01143,Excellent,2.392212642763429e-25,7.048004450615068e-13,0.9999999999992952
P05746,Excellent,4.218954222933938e-23,4.2363578960178187e-10,0.9999999995763642
P09064,Excellent,6.39530491866901e-14,4.405665122410469e-06,0.9999955943348137
P08649,Average,0.999999999998997,1.0030389712825024e-12,4.4247274775576745e-29
P09689,Good,0.00014528185558313405,0.9998547181437413,6.756728721696339e-13
P06883,Excellent,1.1949732991387471e-24,8.930736152760014e-12,0.9999999999910694
P08177,Good,1.5249211581659838e-19,4.0262646435761525e-09,0.9999999959737353
P01424,Excellent,1.2890652257853186e-29,4.635603650541471e-15,0.9999999999999953
P02401,Average,0.9999995980604691,4.019395308771734e-07,2.6526796888517786e-18
P00361,Average,0.9999999997923479,2.0765218747950453e-10,1.7450495145621445e-22
P03113,Excellent,3.286960469994591e-13,0.9994515434994458,0.0005484565002255885
P06779,Excellent,1.6675840345141115e-23,3.286320052913365e-13,0.9999999999996714
P01376,Good,7.068282977623691e-10,0.9999884183068091,1.158098636260073e-05
P09293,Good,3.1487298274838872e-12,0.6750612252192815,0.3249387747775697
P02622,Good,0.0029503252122852564,0.9970496746517096,1.3600504087367766e-10
P00701,Average,0.9999912095301005,8.790469899568338e-06,3.5205352066011827e-20
P01456,Good,1.4292924374450859e-07,0.9999986960542114,1.1610165448672822e-06
P04264,Good,1.5369166704654253e-05,0.9999846308331518,1.4348294000157236e-13
P03503,Good,5.339710425153278e-07,0.9999994659839481,4.5009375036115186e-11
P01185,Excellent,8.80745996365057e-17,4.106083729099868e-07,0.999999589391627
P01811,Average,0.9999493014522319,5.0698547767997154e-05,2.0108036722400165e-21
P05724,Excellent,2.456555311721144e-26,1.8012027514260261e-16,0.9999999999999998
P04406,Excellent,2.5117330177044043e-16,0.01746034872563915,0.9825396512743607
P03409,Average,0.9999516877622452,4.831223775479959e-05,2.247995292260512e-19
P06807,Good,1.7622630437824215e-10,0.9999821871376975,1.781268607617938e-05
P08989,Excellent,6.44417918146218e-21,4.053038506356621e-08,0.9999999594696151
P09849,Excellent,7.956676867947037e-32,4.389787749240787e-18,1.0
P03954,Good,0.006640142874350141,0.9933598571232525,2.3974890694941663e-12
P09657,Excellent,5.403710682795059e-11,0.41485115395591526,0.5851488459900477
P05591,Good,1.9767214493244076e-12,0.9999072194441002,9.278055392305406e-05
P07778,Average,0.11777249925670058,0.8822275007420354,1.2641412486985163e-12
P09663,Average,0.9999156454607198,8.435453928022804e-05,4.086410836006356e-17
P01270,Average,0.9999912163615339,8.783638465639604e-06,4.873810825546848e-16
P04708,Good,8.798438272453812e-10,0.9999999951944718,3.92568434648097e-09
P05359,Excellent,1.9470510947792385e-17,3.7190613011029546e-05,0.999962809386989
P01737,Good,3.322823832021982e-13,0.9982339137693409,0.001766086230326815
P07774,Excellent,9.16389829682535e-13,0.10902707835326987,0.8909729216458138
P09410,Excellent,7.546576201379864e-22,1.9591884441922392e-09,0.9999999980408116
P01794,Excellent,6.952044441206673e-26,1.6309759062194838e-16,0.9999999999999998
P03767,Good,0.1074117857386467,0.8925882121613614,2.0999918908825544e-09
P05471,Good,2.0184768632048076e-10,0.999999815141627,1.8465652528606373e-07
P01920,Excellent,1.684223313719137e-27,4.5723781323671255e-17,1.0
P07332,Good,2.752419129202108e-13,0.9999999797519918,2.0247732974955305e-08
P01541,Good,1.6472853166887047e-05,0.9999835271424214,4.411617422670294e-12
P03361,Excellent,2.3022404126123142e-26,9.323395288819289e-16,0.9999999999999991
P09455,Excellent,1.383011208060768e-20,3.1434993927868924e-09,0.9999999968565005
P05754,Average,0.9999999963757793,3.624220649568003e-09,2.3024376468979922e-24
P00091,Good,1.2942147644303554e-06,0.9999987057491908,3.604468888841475e-11
P00876,Average,0.9999999999999971,2.9162147866091654e-15,1.19903909544681e-29
P05799,Good,0.1538525876161502,0.8461474123824517,1.3979939717792003e-12
P02610,Good,1.2636122036183447e-08,0.9999999873638777,8.518408626176406e-17
P09972,Good,1.0331955351674505e-09,0.4318413121798528,0.5681586867869517
P07115,Average,0.6502867071135869,0.34971329288608677,3.2636256083747844e-13
P06474,Average,0.9999999999940032,5.996807300018698e-12,4.46546964534722e-28
P08789,Good,9.893122202528057e-05,0.9999010687779737,1.0399692902275226e-15
P00418,Average,0.00011176323635334822,0.9998882367636456,1.1511288802633561e-15
P04579,Good,9.29182795887925e-09,0.9999868368883746,1.3153819797378515e-05
P07696,Good,2.1865431229139776e-12,0.9999240658110031,7.593418681023702e-05
P08105,Average,1.0,4.219108479482403e-26,4.672805913248731e-43
P09226,Good,4.893107236010505e-11,0.9999995926200992,4.073309696547416e-07
P05490,Good,6.076632141684697e-06,0.9999939232747929,9.30653579553356e-11
P04828,Average,0.9999123576634409,8.764233655912982e-05,1.866805775652174e-21
P08498,Average,0.9999999999440348,5.596527696329167e-11,2.2792343036368433e-26
P00869,Excellent,3.3421539622707463e-21,2.66544033901608e-10,0.9999999997334559
P00864,Good,4.169309836952041e-10,0.9999999994691695,1.1389956935559247e-10
P01239,Excellent,8.034266302669034e-18,3.38035085659849e-05,0.999966196491434
P09798,Excellent,1.0232309068527209e-11,0.9637392164125794,0.036260783577188295
P04183,Average,0.9999999935872057,6.412794317499872e-09,6.091339577029746e-21
P05189,Average,0.02897693772927005,0.9710230622707159,1.4044114864790118e-14
P07441,Good,3.622007314920416e-08,0.9999999637775778,2.349078964432859e-12
P05561,Excellent,2.619351329718297e-29,3.975717306929386e-18,1.0
P08095,Good,3.3674542792542544e-11,0.9993712978169378,0.000628702149387787
P07031,Excellent,1.5187371891064777e-25,7.57638304503185e-14,0.9999999999999243
P04792,Average,0.9999993844306537,6.155693461988013e-07,6.96106422002671e-21
P09345,Good,1.6692774688645406e-11,0.9999999998714391,1.1186812922804236e-10
P06558,Average,0.9878146007901002,0.012185399209879058,2.0735289423065455e-14
P00928,Average,0.7050639601085189,0.2949360398914782,2.8666190912828722e-15
P08480,Excellent,6.148179195238651e-20,2.9250756768306233e-09,0.9999999970749243
P05401,Average,0.9999999999997964,2.0360678929514643e-13,2.4872631281781252e-24
P05503,Good,4.768584348619439e-10,0.9997212384154099,0.0002787611077315563
P05844,Average,1.0,6.726151271015432e-23,2.499242700362511e-37
P08604,Excellent,1.9052007548320025e-23,3.622246328126797e-13,0.9999999999996378
P02531,Excellent,5.943376418742891e-25,1.1854929578067303e-13,0.9999999999998814
P04859,Good,0.0007059213974230792,0.9992940786009868,1.5900371934799893e-12
P06425,Excellent,1.7731663202734052e-18,1.8625254430145374e-05,0.9999813747455698
P07127,Average,0.9216058121855759,0.07839418781442097,3.101822318267951e-15
P02254,Good,3.198074007824967e-06,0.9999968006476875,1.278304747186767e-09
P02129,Good,2.5509785604718565e-09,0.9999999958368995,1.6121220354505676e-09
P00761,Good,1.6897310708851187e-10,0.5589086675877663,0.4410913322432608
P00225,Good,5.382355997612924e-07,0.999999450154451,1.1609949189845344e-08
P08657,Average,1.0,3.562554827431704e-19,3.129316316791355e-32
P09283,Average,0.9999999851499624,1.4850037609059961e-08,7.654727730557621e-21
P09088,Excellent,2.9737832690683853e-21,3.0112578245764603e-09,0.9999999969887421
P06263,Good,9.313478143839385e-16,0.00010015549406164342,0.9998998445059375
P01315,Good,2.707424412537132e-08,0.9999999729253174,4.386274486659964e-13
P06451,Good,2.5242790788111747e-14,0.9999999999938891,6.085642893217448e-12
P02649,Good,4.008822879293088e-09,0.9999999959910437,1.3332198660486276e-13
P02432,Average,0.9999991060137027,8.939862974602242e-07,5.2873478499324766e-21
P04269,Excellent,2.523787078824171e-27,1.4345754363193365e-15,0.9999999999999987
P02997,Excellent,3.571684014490901e-18,3.3972429464673066e-08,0.9999999660275705
P03455,Excellent,8.068508158507074e-13,0.9982105930798213,0.0017894069193719496
P07795,Excellent,1.8226118219298213e-20,6.062417379121942e-10,0.9999999993937583
P09333,Excellent,3.950236418666153e-22,2.594064957617014e-10,0.9999999997405935
P04047,Good,7.052984558794479e-06,0.9999929469945227,2.0918460507526074e-11
P01129,Excellent,3.60089532162264e-13,0.15410449435440998,0.84589550564523
P07836,Average,0.999979347737996,2.065226200395416e-05,1.9140022703359197e-18
P09092,Excellent,4.0257614588086953e-16,0.004616441208351758,0.9953835587916479
P04587,Excellent,1.408302582103587e-17,2.582091685087457e-07,0.9999997417908316
P03607,Excellent,1.5060804431539144e-22,1.413115327813236e-10,0.9999999998586884
P06580,Excellent,4.258062386813938e-27,1.8097085250775542e-13,0.999999999999819
P04487,Good,0.016692645764271815,0.9833073542107995,2.492875702162975e-11
P09600,Good,0.000624123826671573,0.9993758761639306,9.397752441257395e-12
P06612,Average,0.9999225821843825,7.741781561058826e-05,6.807256025146598e-15
P07439,Excellent,2.4803027021983942e-12,0.9995612245511603,0.00043877544635933765
P00008,Average,1.0,1.0940541469815589e-17,8.458542870686909e-32
P07359,Excellent,4.0334065774306805e-17,3.215549838391496e-07,0.9999996784450161
P07449,Excellent,1.734786932872466e-17,0.00021332772668714627,0.999786672273313
P01325,Average,0.9999999999999998,1.2217812612040567e-16,8.523172183124101e-33
P09982,Average,0.9871264862440283,0.012873513755968418,3.2401309228089837e-15
P01734,Average,0.004953701764813166,0.9950462982351848,2.134801244446642e-15
P05837,Good,7.645946861118529e-07,0.9999992354053122,1.6579349772315098e-15
P02841,Good,5.94144381284136e-11,0.9999999988766095,1.0639760812093583e-09
P05217,Excellent,2.2545720790637518e-14,0.003094344789820532,0.9969056552101568
P06968,Average,0.9999999959331571,4.066842948691874e-09,1.9187405661890136e-20
P01336,Average,0.9999999999893483,1.0651811897814132e-11,1.6449858209878706e-25
P07100,Excellent,4.2590165243708835e-31,3.4898764366081e-17,1.0
P05557,Excellent,2.9087836905506265e-23,1.1068457223337392e-11,0.9999999999889315
P00094,Average,0.9999999999132598,8.674027394636256e-11,1.1008945195386948e-23
P06018,Excellent,1.3712057260801748e-11,0.9554839622854296,0.04451603770085825
P04215,Good,4.0419238287047676e-08,0.9999999568910777,2.6896839761915034e-09
P03184,Excellent,6.727055850604201e-16,0.001421333449903903,0.9985786665500954
P09531,Good,0.0002627802239452334,0.9997372176845314,2.0915235300600753e-09
P09118,Good,7.908202999530281e-12,0.9999996754839936,3.2450809817656393e-07
P06625,Good,3.7936738199021945e-06,0.9999962063261754,4.6796301519456125e-15
P04113,Average,0.9999999593352246,4.06647755466129e-08,9.931041676323457e-21
P04135,Good,2.869895025758521e-12,0.0031316024436841674,0.9968683975534461
P03451,Good,1.0182903643177532e-11,0.9999991940616778,8.059281394173428e-07
P00020,Excellent,9.376387847953525e-21,7.177252013578945e-07,0.9999992822747987
P00661,Average,1.0,8.481698767902528e-21,1.490945321826073e-34
P09761,Excellent,5.763415013946272e-13,0.7500170255138064,0.24998297448561727
P06106,Excellent,4.833702750872299e-19,1.5398067980414694e-07,0.9999998460193202
P01082,Good,9.565094788936916e-08,0.9999999043468717,2.180367878675563e-12
P02639,Excellent,5.621623583713704e-11,0.9951105179183871,0.004889482025396669
P01241,Good,1.0058384681605812e-09,0.9999999955230967,3.471064897045696e-09
P07443,Excellent,2.7263968697842184e-30,4.094736729434981e-15,0.999999999999996
P03543,Good,7.810884377339075e-12,0.9999998916480655,1.0834412378191777e-07
P06652,Average,0.8292076301012447,0.17079236989874896,6.3958609079963166e-15
P06794,Good,1.0803107386109363e-08,0.9999999879930067,1.2038859339197568e-09
P07768,Excellent,9.968384977332439e-20,5.662167271768079e-09,0.9999999943378326
P02580,Good,3.2576138831421956e-07,0.999999674062814,1.7579762141973224e-10
P08331,Good,3.5769580066735115e-07,0.9999996423040378,1.614431571995337e-13
P02855,Average,0.9999999990409592,9.590407708667117e-10,5.591989770079931e-21
P00088,Good,2.1214658172393216e-09,0.9999999918037349,6.074799312681171e-09
P02473,Good,0.001535141493889352,0.9984648584985628,7.547836307838479e-12
P01840,Excellent,5.88355890664021e-23,1.7911812241205874e-12,0.9999999999982088
P01775,Good,0.7421504846816972,0.25784951531820904,9.38148023641539e-14
P03370,Good,1.4337335328712522e-09,0.9999999950949028,3.4713636204269202e-09
P05771,Excellent,4.2374266017634344e-14,0.0014733001646449826,0.9985266998353127
P02493,Good,3.0104613726742294e-10,0.9999999996626012,3.635274505402774e-11
P00397,Good,3.806935254313234e-11,0.999998304384626,1.6955773047834908e-06
P00507,Good,3.755552050645177e-12,0.10476165536861712,0.8952383446276274
P09469,Good,2.970634704140295e-08,0.9999999678871122,2.4065407502942605e-09
P07929,Good,6.595386880039817e-08,0.999999929121402,4.924729195480325e-09
P01941,Good,8.052677318428908e-09,0.9999996224664174,3.6948090527261284e-07
P03553,Good,1.6689995668260404e-09,0.9958290316448152,0.004170966686185244
P08832,Excellent,7.034443245871867e-18,1.0333726732533368e-08,0.9999999896662733
P00271,Average,0.9999999997268976,2.731023225712936e-10,4.2042407856729507e-23
P08248,Average,0.99999999839096,1.6090400433213788e-09,7.350178020853553e-22
P04776,Average,0.9999991298058087,8.701941913055749e-07,1.3334853944349255e-24
P00938,Good,0.993281679330545,0.006718320669289985,1.6501175796582702e-13
P09004,Average,0.9999999999997686,2.3148090412232936e-13,1.3362306668020074e-32
P00233,Good,7.451752289752626e-12,0.9807167070607082,0.01928329293183993
P07034,Excellent,5.502054873854041e-32,1.6779949030827226e-18,1.0
P07416,Good,1.8199808764997534e-11,0.9999935731826688,6.426799131411169e-06
P09381,Excellent,2.6833796266524255e-22,3.4483446749770504e-11,0.9999999999655165
P02388,Average,0.999999999994087,5.913051229073399e-12,4.699316538306417e-23
P09859,Good,1.3921098181272004e-07,0.9999998607889561,6.225022591297837e-14
P08310,Excellent,8.761445706861852e-14,4.255290698946763e-05,0.9999574470929228
P01001,Excellent,1.470981852097407e-11,0.9993736095487237,0.0006263904365665231
P02458,Average,0.9999999999999201,7.996709752962242e-14,7.162567850517294e-30
P08477,Good,0.08232245950604823,0.9176775402191826,2.747692245438829e-10
P08557,Good,0.8677416369479901,0.1322583630519986,1.1384020716450736e-14
P02822,Excellent,2.5439087892842354e-29,1.667881619731691e-18,1.0
P07580,Good,3.129841388187396e-11,0.999897687900469,0.00010231206823269938
P06363,Good,4.374614509875336e-11,0.9960233334050997,0.003976666551154262
P04740,Excellent,1.6454792069642463e-12,0.036479561790761034,0.9635204382075935
P00954,Average,0.9999250458975305,7.495410246944833e-05,5.508767038940763e-24
P03205,Good,0.06977482038613728,0.9302251796078916,5.9710352226745405e-12
P02164,Average,0.9999999999994427,5.572355417903683e-13,5.017459984291139e-25
P08526,Excellent,9.055174152521596e-35,2.588850213640317e-20,1.0
P04918,Good,4.163198760855406e-11,0.9970837466692386,0.0029162532891293907
P05666,Good,2.2493388373825136e-12,0.9999999653519295,3.464582125548049e-08
P06176,Good,6.723948734817864e-05,0.9999327604874717,2.5180199917393808e-11
P07392,Good,0.0040863301889668404,0.9959136698093436,1.6896482279506701e-12
P05872,Excellent,3.759657953888653e-31,5.748847417024563e-18,1.0
P07475,Excellent,2.546064018408317e-09,0.9999998471656457,1.5028829016652548e-07
P03447,Excellent,1.812999926668033e-17,6.401568995446921e-06,0.9999935984310044
P02862,Good,1.9195252198371347e-10,0.9970152735887724,0.002984726219275102
P06930,Average,0.9999999999511464,4.8853687256641335e-11,1.6501451415849562e-21
P00711,Excellent,3.9354775794229223e-22,6.45702696199581e-10,0.9999999993542974
P02867,Excellent,1.9174458197096262e-22,1.8264600831463605e-11,0.9999999999817355
P00921,Average,0.0005739429547501504,0.9994260570446584,5.915394590092088e-13
P04719,Good,2.244894842736489e-15,0.00032823104608875907,0.9996717689539091
P09025,Good,2.5225641499896486e-18,3.633513184369239e-06,0.9999963664868156
P00895,Average,0.9999999999999984,1.5797447458004655e-15,8.849538592700637e-29
P02616,Good,0.29232597762600243,0.7076740223739956,1.997321947351873e-15
P05894,Average,0.9999999999992399,7.601207358498398e-13,4.962324373753861e-25
P00740,Excellent,4.334316123414287e-11,0.014069974117149579,0.9859300258395073
P06300,Average,0.999999999999942,5.803889164354913e-14,3.956819135841117e-26
P07423,Excellent,1.9474332617567643e-34,6.818869384585321e-20,1.0
P06969,Excellent,2.2774685419504063e-17,1.0262283390332976e-07,0.9999998973771661
P03298,Excellent,1.2572662288494112e-19,4.358926740647404e-08,0.9999999564107326
P05701,Good,4.340119324914852e-10,0.5893942325229835,0.41060576704300455
P04667,Excellent,2.226174279358764e-19,3.650159645960464e-08,0.9999999634984036
P07116,Good,0.547326460130005,0.4526735398632004,6.7945487374232225e-12
P04265,Average,0.9535961851503851,0.046403814849450054,1.649135365314056e-13
P05150,Good,5.297505434076164e-09,0.9994353802635284,0.0005646144389662386
P02963,Excellent,2.0992515457034317e-24,2.1031367227231075e-10,0.9999999997896862
P00265,Excellent,1.8193954265843488e-26,5.321631267197925e-12,0.9999999999946785
P02316,Good,1.1725579889880756e-10,0.9999999930449135,6.837830565207867e-09
P09147,Good,2.0758429981335854e-14,0.9999688891172142,3.111088276521602e-05
P07402,Average,0.00044510365672198617,0.9995548963424471,8.309767166272072e-13
P00043,Good,9.085751139352158e-07,0.9999990622898793,2.913500672188757e-08
P03586,Excellent,2.7090758410409195e-19,9.097352020751885e-09,0.9999999909026479
P05330,Good,6.769262255521384e-11,0.9999990227530124,9.771792949776556e-07
P00005,Average,0.9999999962388002,3.761199857210801e-09,3.4735558316570363e-19
P09188,Average,0.0001271271631391161,0.9998728728368607,2.0390181630558466e-16
P04844,Excellent,3.864771481620886e-17,2.5900948329508182e-05,0.9999740990516706
P03548,Good,8.866444910633479e-08,0.9999999111681205,1.6743047765192337e-10
P06939,Good,6.1452016859017706e-09,0.9999999938541999,5.984090365217174e-13
P01569,Average,0.9999999999999916,8.502342841194445e-15,1.7196317384289404e-26
P02100,Average,1.0,4.964252313286878e-17,2.9824343021047795e-37
P07495,Excellent,2.3935632113329514e-19,0.0006917163711647915,0.9993082836288353
P08055,Average,0.9999999999999996,4.901008471090823e-16,1.8470484392327428e-31
P07134,Excellent,6.753148778722694e-13,0.9999674152373816,3.2584761943021005e-05
P03622,Good,3.860667120034787e-09,0.9999999931526411,2.9866917804109096e-09
P04513,Good,1.2213124833625974e-10,0.99927592236926,0.0007240775086086223
P00501,Good,6.8396194790337535e-12,0.999875701120901,0.00012429887225938588
P06282,Average,0.9999999838932518,1.6106748024659216e-08,3.72289001086834e-20
P06065,Good,3.626780111816333e-08,0.9999999088461747,5.488602415361207e-08
P08977,Good,1.6958232229746596e-12,0.999637826709362,0.00036217328894216254
P03639,Good,0.06725109597009687,0.932748904026188,3.715116050088687e-12
P03733,Excellent,8.135980386603352e-29,6.971460591442024e-15,0.9999999999999931
P03697,Good,1.7835542842047846e-10,0.9999999997943392,2.730537077368793e-11
P01371,Good,4.859080327780933e-12,0.9991955473683087,0.0008044526268321696
P00519,Average,0.999999998086482,1.913518040551895e-09,6.447950046185136e-22
P05200,Excellent,6.3332554081623705e-18,6.076074366810516e-06,0.9999939239256332
P03907,Average,0.9999999999993643,6.356051123076054e-13,6.219572198361034e-25
P08929,Good,2.0032126413431058e-08,0.9999999799674515,4.221220837481458e-13
P03648,Excellent,1.552303966603938e-29,7.107742228630559e-16,0.9999999999999993
P04012,Excellent,2.274558082598045e-28,6.969532087756874e-17,1.0
P09358,Average,0.9994701308213955,0.0005298691784454224,1.590551692843449e-13
P07333,Excellent,4.834820052138809e-16,3.470751545913236e-06,0.9999965292484536
P09357,Excellent,1.3222841004583407e-29,1.8668865529996677e-15,0.9999999999999982
P06448,Average,1.0,3.685574698479019e-17,7.173759551815158e-35
P00811,Average,0.9999999999981777,1.8222432476147726e-12,1.8881571457171306e-26
P06039,Average,0.9989077072169972,0.0010922927828151709,1.8766926658195023e-13
P07739,Good,1.9252683304101334e-13,0.0002802974344174933,0.9997197025653901
P09274,Excellent,2.679277313919955e-21,3.9728182418621037e-10,0.9999999996027182
P03518,Excellent,2.0748231998812815e-11,0.993185686707354,0.006814313271897911
P03473,Good,3.74355343890415e-08,0.9999999599116274,2.652838231493392e-09
P09686,Good,1.33845542842818e-10,0.9999999996211788,2.4497568752131007e-10
P02756,Good,1.6822507757394002e-07,0.9999998317707687,4.153707755068316e-12
P04252,Good,2.582895079906027e-13,0.9999123917532863,8.760824645536715e-05
P03204,Good,2.1446837331885483e-08,0.9999999785471574,6.0053285537980016e-12
P07121,Good,5.000785154730521e-07,0.9999994998917779,2.970670467911816e-11
P04706,Good,0.9721474614382206,0.027852538561624493,1.5469521538939608e-13
P06908,Good,3.5931567194184895e-08,0.9999999619614764,2.106956443124494e-09
P01361,Excellent,2.5551403678231674e-23,1.1193849730285388e-14,0.9999999999999889
P03772,Average,1.0,5.281121599624509e-28,6.913323978934497e-44
P05350,Average,0.9999999987105657,1.2894342411534525e-09,1.7302842761047383e-22
P02834,Excellent,3.033214902469184e-10,0.08438182001429657,0.915618179682382
P09846,Good,1.9248780346885686e-13,0.9999910658085017,8.934191305867125e-06
P01421,Good,3.547876354699883e-10,0.9999988073018012,1.1923434110509444e-06
P09533,Excellent,7.751224609491407e-30,8.495944883998739e-17,1.0
P05274,Good,1.947541604874553e-08,0.9999997502642624,2.3026032171822359e-07
P05459,Good,3.698720480090503e-08,0.9999998725945258,9.041826936570468e-08
P07993,Average,0.9999966982415934,3.3017584064569366e-06,2.602406696540567e-17
P02471,Good,0.9556309453969143,0.04436905459816151,4.924203116956192e-12
P05033,Good,6.520347602230148e-09,0.9999999919476726,1.5319797807142839e-09
P04560,Good,3.865763840252166e-07,0.9999996134085725,1.5043577499660996e-11
P05752,Excellent,9.827367534749368e-22,2.7926963020053287e-08,0.9999999720730369
P06049,Good,1.5417653010251896e-08,0.9999999817157915,2.8665553788948757e-09
P05750,Average,0.9999999999999465,5.359084618848266e-14,1.9025876168384398e-30
P01715,Excellent,7.295943338922089e-15,0.0033820894252974015,0.9966179105746953
P03254,Excellent,2.6846055293606443e-28,3.542737839437227e-14,0.9999999999999645
P01405,Good,6.55776202402617e-10,0.9942279620773755,0.0057720372668483505
P02675,Excellent,6.857499872539512e-16,1.9513846303775764e-06,0.9999980486153689
P06681,Excellent,5.495400567581305e-12,0.16537099215614495,0.8346290078383596
P03417,Excellent,1.8394868950237963e-13,0.0007958694382763228,0.9992041305615398
P06057,Good,3.70893232359117e-08,0.9999999628788558,3.182086605382773e-11
P03878,Excellent,8.567621108696825e-20,2.296103253733811e-08,0.9999999770389675
P03660,Good,1.022904845742307e-08,0.9999999897650539,5.8976304983674864e-12
P00346,Average,1.0,1.2550258554104624e-17,3.018171545594e-35
P01117,Average,0.9999999999999893,1.0672176633047088e-14,3.738085689829161e-30
P06430,Good,1.0145107547446616e-11,0.999951435687758,4.8564302096893275e-05
P05928,Good,4.109856659872428e-12,0.999975662799802,2.433719608813653e-05
P08695,Good,3.989597692975154e-07,0.9999995997567405,1.2834902593615756e-09
P05978,Good,5.398440627162302e-13,0.1925181247075838,0.8074818752918764
P03276,Average,0.9999999999999989,1.0540967142822633e-15,2.043976703369646e-33
P09039,Average,0.9999999999593467,4.065328985212301e-11,3.973282621956908e-26
P05620,Average,0.007076271232927774,0.9929237287670653,7.02372943589525e-15
P04953,Good,9.003245338163976e-06,0.9999909967506618,3.999947085141209e-12
P05946,Good,0.0005887543816349631,0.9994112450965177,5.218473330065846e-10
P05203,Good,3.1574534650726e-06,0.9999968423780011,1.685338602843442e-10
P09436,Excellent,2.4366151076505585e-12,0.9999702427675972,2.9757229966181758e-05
P09910,Good,5.382445870188527e-13,0.16574407964477025,0.8342559203546914
P05232,Good,0.0007443331625832211,0.9992556668371332,2.836001212701347e-13
P09586,Excellent,2.579577012700099e-18,6.482770948620377e-09,0.999999993517229
P02096,Good,9.983058824008331e-05,0.9999001694111034,6.566211673280995e-13
P06609,Average,0.9999999999407465,5.92535145398223e-11,3.3557722136257113e-23
P04168,Good,1.8683956668489632e-07,0.9999998061204095,7.040023748930984e-09
P01322,Good,2.0396608575290104e-10,0.9999999447920637,5.500397017295061e-08
P07731,Average,0.9999979407061602,2.059293839737025e-06,1.8712198800360097e-23
P04605,Excellent,3.658438549411682e-25,1.103783903261374e-13,0.9999999999998896
P05421,Average,1.0,2.5631573335799793e-17,8.197559751996162e-36
P04502,Good,1.484290839943892e-12,0.9999978703504161,2.1296480994637764e-06
P07539,Excellent,6.437486931946831e-21,1.2318295167036483e-11,0.9999999999876816
P04524,Good,0.00012014509433669337,0.9998798549053646,2.9872288967789907e-13
P03147,Good,5.628694002443902e-09,0.9999950797197932,4.914651512914303e-06
P08017,Excellent,1.082644869580352e-33,9.321101478755101e-17,1.0
P09946,Average,1.4279088471478651e-05,0.9999857209115283,1.4568827741888493e-16
P03912,Excellent,2.0305240318180992e-12,0.06795563538531643,0.9320443646126532
P08458,Good,0.00041384208852268347,0.9995861579114571,2.019266076856252e-14
P00987,Good,7.978312671552206e-09,0.9995234536810241,0.00047653834066307846
P05233,Good,2.94939530702066e-09,0.9991902539755326,0.0008097430750720323
P06615,Excellent,3.983717269860149e-21,2.1741631315701334e-11,0.9999999999782583
P03823,Average,0.9421160730961189,0.057883926903069205,8.117780590578252e-13
P03864,Good,8.373813639950048e-05,0.9999162618634269,1.735820357077945e-13
P00741,Good,6.608308234224526e-10,0.9998967428993651,0.00010325643980390484
P05276,Good,6.7168094598551e-09,0.999999990454772,2.828418542880444e-09
P00852,Good,4.873500799336483e-05,0.999951264654286,3.377206758538161e-10
P09755,Average,0.9999999999740439,2.595611390464472e-11,5.911140346507122e-27
P03050,Excellent,6.615931434406865e-26,4.2657427494803026e-14,0.9999999999999574
P06125,Average,0.9999996570394231,3.429605767848869e-07,3.154088477476024e-19
P04162,Excellent,5.450596688592268e-11,0.0252225851947395,0.9747774147507545
P09026,Average,0.999999999052195,9.478048749939182e-10,1.2796713732083039e-23
P03494,Good,0.32962337578264295,0.6703766242173436,1.3493864672747716e-14
P03290,Excellent,6.833449499982688e-27,2.4449761743625e-15,0.9999999999999976
P03669,Average,0.9999999976033578,2.3966421464588584e-09,2.0780233029637233e-21
P05269,Good,0.5581330333579416,0.4418669666419888,6.95076670643877e-14
P07254,Excellent,4.711295041086185e-19,1.4031786053775122e-05,0.9999859682139463
P02065,Average,0.9999997914577554,2.08542244537401e-07,2.2014921485208123e-25
P01035,Excellent,2.894914676432341e-20,1.2499856312355427e-10,0.9999999998750015
P01409,Excellent,2.4879992802520087e-28,1.0525453590642496e-14,0.9999999999999896
P05912,Excellent,1.7583947246133282e-27,8.222816707442081e-14,0.9999999999999178
P01894,Good,1.7258824174530703e-13,0.00011302340512772175,0.9998869765946997
P04924,Excellent,5.082184326747917e-13,0.01445830842913569,0.9855416915703562
P01993,Good,1.5484453317522763e-13,0.005409480285759922,0.9945905197140853
P05296,Excellent,5.9368944350197035e-21,2.5868670294849365e-08,0.9999999741313297
P07125,Good,1.2296307413104252e-16,0.00015840754351043333,0.9998415924564894
P03632,Excellent,1.909346702230798e-21,3.682865666338736e-11,0.9999999999631712
P09503,Good,3.3700307019661864e-11,0.992380749871556,0.007619250094743793
P03769,Excellent,8.638724560048037e-20,8.979714342243736e-08,0.9999999102028566
P00857,Good,5.028774948763707e-10,0.9999999990704858,4.26636802231928e-10
P07740,Good,0.06943892672425112,0.9305610732757393,9.514118919626639e-15
P08577,Good,0.00012411372100283447,0.9998758861540037,1.2499339313133427e-10
P04308,Excellent,5.656743146398498e-20,4.206263133027934e-09,0.9999999957937369
P00744,Excellent,1.1311664294377356e-21,1.7324061505823581e-09,0.9999999982675938
P09664,Average,0.9999999999679161,3.208397297105958e-11,4.475435021043323e-24
P05778,Excellent,1.1257023582908052e-19,3.251570099468765e-08,0.999999967484299
P00609,Average,1.0,2.4336757896882053e-18,2.101674728463834e-32
P02221,Average,0.0006034394609606758,0.9993965605390255,1.3887079987816548e-14
P08074,Average,0.7150596624340761,0.28494033756581266,1.1117480096964031e-13
P04508,Excellent,1.163848818472943e-08,0.9998412998526273,0.00015868850888450667
P09931,Excellent,9.273344540130654e-15,0.0010110168011143402,0.9989889831988763
P00422,Good,1.3816862921240497e-10,0.9999973487154467,2.6511463847384743e-06
P05465,Average,0.9964446413134115,0.003555358686588131,5.296764475067519e-16
P09271,Average,1.0,7.274947509476017e-17,4.643333643983802e-37
P09951,Excellent,3.8762392264880558e-25,1.722779635630306e-13,0.9999999999998277
P00174,Good,7.149104862027627e-11,0.9999999990254977,9.030111665030949e-10
P04820,Average,0.9999999968763846,3.123615383674995e-09,1.0908155139130099e-22
P03951,Good,8.889171586827345e-06,0.9999911108282153,1.9780542641942328e-13
P04486,Excellent,5.6864945859024915e-18,4.232966689098526e-06,0.9999957670333108
P09816,Average,0.38563756497293766,0.6143624350258755,1.1868691286757262e-12
P06663,Good,8.569541248184145e-08,0.9999999142724678,3.211972695550478e-11
P09013,Good,0.9992830638222187,0.0007169361777812107,1.2112399028794267e-16
P04153,Excellent,3.783886255556677e-17,1.616609368006377e-07,0.9999998383390633
P01773,Average,0.9999972727720354,2.7272279645206272e-06,1.6847447900251408e-20
P09668,Average,0.9980484652984004,0.0019515347015996764,2.3472394298701527e-17
P03533,Good,0.00018066135088289903,0.9998193386478821,1.2350792946429637e-12
P00379,Average,0.9999999984133758,1.5866240870189445e-09,7.978979499786047e-25
P03891,Average,0.9714703108164732,0.02852968918349067,3.625888922874812e-14
P06247,Good,7.26374009874655e-09,0.9999999919245594,8.117005125963079e-10
P01159,Good,0.00010399478279305596,0.9998960051558735,6.13334857087358e-11
P05049,Good,2.134963739101284e-11,0.9999995687204252,4.312582250638802e-07
P01280,Excellent,2.1840599584572486e-23,7.254564315797808e-10,0.9999999992745436
P02430,Good,3.4942717526706385e-08,0.9999999637350332,1.3222492150258688e-09
P01135,Excellent,7.491021156389051e-17,3.730391597364449e-07,0.9999996269608403
P08634,Excellent,5.496948531420981e-16,6.718404142114006e-05,0.9999328159585785
P04165,Excellent,1.7254510875189975e-28,1.3500990542845348e-18,1.0
P06598,Average,0.9999999999964961,3.5039388075258005e-12,4.007879235126633e-28
P01103,Excellent,1.501580617911159e-13,0.999858736953087,0.0001412630467628416
P02860,Good,8.935919762300777e-11,0.9999992829723025,7.169383382782785e-07
P09808,Average,0.9999999995088305,4.911695193176742e-10,2.3605499622566767e-25
P09391,Good,4.557053769492998e-12,0.7820424753610832,0.21795752463435977
P04368,Good,0.950479442165613,0.049520557834384714,2.33384684448166e-15
P01636,Excellent,2.7086767012555824e-30,8.96943150065735e-15,0.9999999999999911
P05614,Average,0.9999999999832372,1.6762906716412924e-11,5.745620952223167e-23
P05787,Excellent,1.560622074303741e-23,1.0182096711712332e-12,0.9999999999989817
P04709,Good,2.5087762491897515e-12,0.9999053762972755,9.462370021576294e-05
P04063,Good,4.0467934964974736e-08,0.9999999594086629,1.2340217062964968e-10
P01725,Excellent,1.3060239830364187e-17,5.653141116646116e-08,0.9999999434685888
P06718,Average,0.9990990933249745,0.0009009066750252158,2.7343710403616747e-16
P04274,Average,1.0,5.705401563747629e-18,1.065853757465515e-33
P06689,Excellent,5.496739753385288e-17,0.00044340536683163333,0.9995565946331684
P00808,Excellent,2.3739793982441175e-23,1.0143585385138422e-10,0.9999999998985643
P03634,Excellent,1.0304952081395204e-11,0.9619666183833114,0.03803338160638366
P01969,Good,2.0173759191294417e-11,0.9123152001872441,0.08768479979258215
P08307,Good,5.0222187439610976e-11,0.9999999870059078,1.2943870122224075e-08
P02029,Good,0.000159101165637609,0.9998408987902161,4.414623439154416e-11
P07236,Excellent,9.262684878173193e-18,2.990274446327362e-08,0.9999999700972555
P06614,Excellent,6.439550864036596e-25,4.774627460930826e-16,0.9999999999999996
P03003,Good,9.07577269613123e-05,0.9999092422715812,1.4575731478792596e-12
P03219,Average,0.9987839823502139,0.0012160176497859785,1.961143977573233e-20
P05520,Excellent,1.509835192984207e-18,1.7948911862535963e-06,0.9999982051088137
P04060,Good,1.8193647416413943e-05,0.9999818063524614,1.2226401356060455e-13
P04618,Good,0.9380944291826516,0.0619055708173394,8.922151993190487e-15
P06266,Good,5.824946883207521e-10,0.999999991838408,7.579097421017964e-09
P02131,Excellent,1.5881835102350695e-24,4.24354015217832e-11,0.9999999999575646
P04211,Excellent,2.5875773926041377e-20,5.816194909029168e-07,0.9999994183805091
P02638,Good,2.1057219329132285e-08,0.9999999789427358,4.479166040913984e-14
P03159,Excellent,5.216869896461965e-34,1.273712057123359e-19,1.0
P01127,Good,0.0848766488906964,0.9151233511090395,2.6411149043023726e-13
P07096,Good,0.8864983397699666,0.1135016602278358,2.197501589458146e-12
P02926,Average,0.9999999999999998,1.2612476911069272e-16,4.068588049896789e-30
P07887,Excellent,3.339003171029818e-24,2.3378808466377917e-12,0.9999999999976621
P01240,Good,2.519793984225184e-08,0.999891623377222,0.00010835142483823118
P09484,Excellent,1.5074343473189927e-28,3.784504261596431e-18,1.0
P07280,Good,2.952837607870576e-11,0.9996362864695557,0.0003637135009159877
P08999,Excellent,3.0555080469229242e-18,3.273436370694376e-06,0.9999967265636294
P06846,Excellent,9.964690231026674e-11,0.9999412320815142,5.876781883896661e-05
P02046,Excellent,7.154317460315286e-31,8.960729266454863e-17,1.0
P00138,Excellent,5.010780442145506e-22,1.6930060387951584e-11,0.99999999998307
P03001,Excellent,1.8525463250271895e-22,1.7398199551557146e-08,0.9999999826018006
P06173,Good,2.7066766825371072e-11,0.9999999763012529,2.3671680328444922e-08
P01749,Good,6.5008517872348324e-12,0.9999990823209023,9.176725967555365e-07
P06486,Good,2.8969744688060972e-08,0.9999999707374283,2.928269399931831e-10
P06986,Good,1.5961476745107792e-10,0.6796077373660891,0.32039226247429603
P02543,Excellent,2.6348473442144923e-18,3.802420628489038e-05,0.9999619757937152
P08693,Good,2.5820981480014264e-09,0.9999999969358213,4.820805696093744e-10
P09936,Excellent,8.692494759584989e-32,1.4245648094686133e-16,0.9999999999999998
P03602,Good,1.609048926026612e-11,0.678935267243541,0.32106473274036845
P04979,Excellent,1.2457352433051095e-20,3.8407091683176116e-10,0.999999999615929
P08077,Excellent,3.4609779307664712e-12,0.9992132220053688,0.0007867779911702058
P08190,Average,0.9798139249581029,0.020186075041897126,2.744094902945736e-18
P01807,Average,0.9999999692018947,3.0798105418899554e-08,1.1095891305122227e-24
P07893,Excellent,3.2613124871853537e-22,1.4491908613388463e-12,0.9999999999985507
P05171,Good,1.4802844454449676e-12,0.9999095130480621,9.04869504575488e-05
P07184,Excellent,5.908601620293356e-21,6.956154668281476e-12,0.9999999999930438
P03858,Good,0.8665931132359979,0.13340688676399517,6.893405414066746e-15
P08148,Good,0.009347138200270283,0.9906528617897395,9.990117704913497e-12
P02597,Average,0.017313842218841677,0.9826861577806587,4.996601006316348e-13
P05031,Average,0.0024282362919899273,0.997571763705716,2.2942334661264983e-12
P04054,Good,0.000457152214817455,0.9995428477676808,1.7501900521761047e-11
P08584,Good,9.490553018673697e-11,0.9998509045113736,0.00014909539372079554
P04057,Average,1.0,3.1857545524900555e-20,7.608818006147218e-34
P07989,Excellent,5.385856555350962e-27,5.28710066817603e-14,0.9999999999999472
P06278,Good,2.1948128869677687e-12,0.9999959939276919,4.006070113363925e-06
P03252,Excellent,2.695645178421182e-30,2.7560145176381468e-17,1.0
P01754,Good,5.632286780791461e-09,0.9999999941054738,2.622392813248954e-10
P03677,Average,0.08788878778009487,0.9121112122198386,6.65931273531697e-14
P06180,Excellent,3.893461247799716e-17,5.1627189350743495e-06,0.999994837281065
P07301,Good,2.9012388588995054e-12,0.2514605429170012,0.7485394570800976
P00716,Excellent,1.4489433979370753e-16,1.4271605158431922e-06,0.999998572839484
P03530,Excellent,5.9417888182521875e-27,6.024943531823182e-16,0.9999999999999993
P05796,Excellent,6.54041152335732e-14,0.9999001738971575,9.982610277718532e-05
P05235,Good,5.865946118736778e-10,0.9999999681438027,3.126960268168316e-08
P04259,Excellent,8.683734658593813e-22,1.656176057416483e-11,0.9999999999834381
P00925,Excellent,1.9238048885343137e-29,2.710570405228697e-17,1.0
P02267,Excellent,2.9486379768149043e-13,0.008751395251170451,0.9912486047485346
P02806,Excellent,6.730038147422624e-22,1.6315384146459545e-12,0.9999999999983684
P05707,Excellent,6.892958136472903e-21,2.839012995605106e-10,0.9999999997160987
P07067,Good,6.765886409786931e-10,0.769702824790548,0.23029717453286336
P05507,Average,0.9999978718733024,2.12812669772917e-06,1.1721244634163567e-22
P04542,Average,0.031548766186535994,0.968451233786725,2.673894646434498e-11
P02941,Good,5.997054335876813e-10,0.1669442707560602,0.8330557286442343
P03056,Average,0.9999978208398469,2.1791601532182237e-06,2.36749481003823e-18
P08735,Good,3.2621899386323526e-10,0.9957952374311195,0.00420476224266146
P00062,Excellent,6.610169394962563e-27,7.092035880450909e-14,0.9999999999999292
P00579,Good,2.551895096058946e-08,0.9999999388880445,3.55930045347804e-08
P03054,Average,0.002971416910059352,0.9970285830899334,7.24117949406581e-15
P09468,Good,1.0989108107302934e-10,0.9996840715083992,0.000315928381709737
P03130,Good,2.5647312929873566e-11,0.999999999974327,2.579470789968924e-14
P04043,Excellent,4.354418460498543e-17,7.454139731662263e-05,0.9999254586026833
P05275,Good,6.847531824259554e-14,0.999922397776095,7.760222383660552e-05
P03313,Excellent,3.244233082020146e-27,1.7155949864806185e-14,0.9999999999999829
P08680,Excellent,2.880700143012073e-24,5.979040244341536e-11,0.9999999999402096
P06436,Good,5.1767490010329004e-14,0.15142586917260317,0.848574130827345
P05246,Good,3.750701118565653e-05,0.9999624929812837,7.53056065033784e-12
P04461,Good,1.4403840854610755e-11,0.9999947206645574,5.279321038679371e-06
P03238,Average,0.9999999959843684,4.015631588674965e-09,3.3479824614102563e-22
P05093,Good,0.9984265027286118,0.0015734972713875564,6.149813413516431e-16
P03695,Excellent,4.1095520198406855e-20,3.605520031984367e-09,0.9999999963944799
P09740,Good,5.055456684100474e-08,0.9999999438783067,5.56712649611715e-09
P06731,Good,0.9993020592000772,0.0006979407999228955,4.345538584359996e-17
P04671,Average,0.999872754287482,0.00012724571251792748,1.340614046225994e-18
P02590,Excellent,1.3686027790065844e-23,9.926184926650415e-12,0.9999999999900737
P03454,Good,0.7483465368206597,0.25165345514154813,8.037792211832746e-09
P05887,Excellent,1.516651263751958e-10,0.9923435296557166,0.007656470192618333
P05642,Good,0.016409147070417313,0.9835908529295724,1.030272581233474e-14
P06830,Good,0.7111463888697656,0.2888536111293856,8.488578672244918e-13
P05320,Good,3.5289514933205893e-09,0.9999999964540791,1.69692810371422e-11
P04550,Average,0.013481397595078323,0.9865186024049214,2.0793951601881408e-16
P08644,Good,9.720210084898297e-11,0.9998132553471761,0.0001867445556218238
P08566,Average,5.3988423884257744e-05,0.9999460115761144,1.343815965141486e-15
P02982,Average,0.9999999999999765,2.3570264938872273e-14,3.138288302294259e-28
P06431,Excellent,6.855314454150459e-12,0.32807869864038686,0.6719213013527578
P01227,Average,0.9999999999999978,2.2264561912415856e-15,5.32635653017574e-33
P08768,Average,0.9999999996911209,3.0887914373018107e-10,8.986109878701555e-24
P06476,Good,0.49412061322363987,0.5058793867763175,4.270131496656706e-14
P04977,Good,2.1614359700202376e-08,0.9999999775877991,7.978411654530615e-10
P02204,Good,3.767554401021968e-11,0.9999997782412456,2.2172107886854806e-07
P07288,Good,4.7417421884432204e-07,0.9999995258229807,2.8003485080410944e-12
P07025,Good,2.6375013213149705e-12,0.9838110677664528,0.016188932230909784
P03010,Excellent,6.485470560407988e-19,7.869505095330778e-10,0.9999999992130495
P02922,Good,7.978946289046232e-14,0.999962191131769,3.7808868151231074e-05
P06130,Excellent,3.6522113360477564e-17,5.241117391806195e-08,0.999999947588826
P06242,Excellent,1.1781966634275574e-18,2.2032721463701212e-09,0.9999999977967278
P09870,Good,0.2362309296045691,0.7637690703950907,3.402709414965419e-13
P04523,Good,3.398545767186489e-10,0.9999999942703659,5.3897794313479935e-09
P01370,Excellent,7.740111811615549e-29,3.849522596303758e-16,0.9999999999999996
P03601,Good,0.00015187308885952544,0.9998481269111227,1.7665317443590042e-14
P07490,Average,0.9967918060842924,0.0032081939157074554,9.31923980590361e-17
P01025,Excellent,4.054459630280755e-16,0.0010970800698298043,0.9989029199301699
P08207,Good,2.786596783485887e-10,0.9999999994400717,2.812685709142842e-10
P00611,Good,5.944468510461076e-10,0.9999999989263815,4.791716678270398e-10
P04963,Excellent,4.6322245322599847e-26,1.8270023410238058e-13,0.9999999999998173
P03926,Excellent,1.8951376880929823e-13,0.08199777182763435,0.918002228172176
P01307,Excellent,1.5472775925203187e-21,1.6828199991202152e-12,0.9999999999983171
P05786,Good,6.710902256313123e-09,0.9999999927805241,5.085735013114078e-10
P07972,Good,1.1431368708165133e-10,0.9999993939907903,6.058948960641914e-07
P05413,Good,5.255793389221161e-12,0.9989239008403878,0.001076099154356472
P06248,Good,0.0021589548439607423,0.9978410451351424,2.089679874458946e-11
P00015,Excellent,1.0487028265453686e-29,6.801298280767556e-16,0.9999999999999993
P03952,Average,0.9999999999994817,5.18153361235139e-13,1.898780609462765e-29
P03916,Good,3.5232468695455874e-11,0.9999662456427062,3.375432206140485e-05
P01357,Excellent,5.743629053474482e-19,6.626079542468904e-10,0.999999999337392
P03381,Average,0.999999981439612,1.8560387974564395e-08,2.3161804212660707e-23
P09628,Good,1.1430810281617959e-07,0.9999998851494004,5.424968385951314e-10
P01581,Excellent,4.762739718999794e-18,0.0007409386160575356,0.9992590613839425
P05583,Excellent,4.305903430310151e-21,6.563273113600992e-12,0.9999999999934368
P07461,Good,0.9848414837189502,0.015158516279041261,2.008563066387129e-12
P07491,Good,2.814223528648232e-07,0.9999997185121368,6.551044408760207e-11
P00226,Excellent,6.56798628674684e-28,7.243333415710346e-16,0.9999999999999993
P05972,Good,6.24097038932508e-08,0.9999992573735891,6.802167070604824e-07
P03924,Excellent,3.198619420282336e-39,2.1187380664587878e-20,1.0
P01850,Excellent,2.747196322101724e-20,1.8773937196580033e-09,0.9999999981226062
P06599,Average,0.999999753220837,2.467791631371409e-07,1.6853306098352916e-19
P07382,Average,0.9958249004618582,0.004175099538141131,5.989070881460524e-16
P01743,Good,2.612758931114921e-12,0.9054608127656942,0.09453918723169309
P01046,Average,0.9999998358126218,1.6418737829220414e-07,3.138444390878908e-23
P02332,Excellent,5.483430919488563e-28,9.631755266210747e-17,1.0
P06084,Excellent,2.3110044136998556e-12,0.9917550282169538,0.00824497178073508
P01404,Excellent,4.739276907101692e-18,1.3440706358836572e-05,0.9999865592936412
P04126,Good,6.531720619614407e-12,0.9999999390727558,6.09207125404466e-08
P05768,Good,1.6391961090510213e-09,0.9999951501948567,4.848165947181195e-06
P00732,Good,8.313478341314095e-10,0.5253925182120018,0.47460748095665045
P09193,Good,1.983332475360132e-09,0.9999832828701178,1.671514654977772e-05
P05063,Good,1.957242006268694e-15,0.04972067932129646,0.9502793206787016
P04376,Good,0.9976424116382763,0.002357588361558613,1.651122011409869e-13
P05792,Good,1.2326399867298396e-07,0.9999998755499149,1.1860864481771583e-09
P00926,Good,1.2283221609489286e-10,0.9999953748514244,4.625025743307606e-06
P04905,Good,3.89408401712608e-12,0.05007517134588038,0.9499248286502254
P04581,Good,1.0215186117172146e-05,0.9999897844220523,3.9183048865444705e-10
P08875,Good,2.234792336288502e-12,0.999811918257492,0.00018808174027320977
P04324,Good,0.17210847229812215,0.827891527701849,2.885789065281314e-14
P09644,Average,1.7028426719107664e-05,0.9999829715731559,1.25151603811314e-13
P06169,Excellent,1.4345134789931233e-15,0.0075278486133168775,0.9924721513866815
P02269,Excellent,4.2607155846157115e-25,2.322986872430778e-12,0.999999999997677
P06210,Excellent,1.2784127678000898e-23,1.5275267244737782e-10,0.9999999998472473
P06757,Good,0.4196562587625439,0.5803437412373749,8.119050961478172e-14
P02155,Good,0.0017606488266362311,0.9982393511699853,3.378390247699527e-12
P05790,Excellent,2.358094119466472e-15,0.0012214259009310296,0.9987785740990665
P02896,Good,1.67886699858727e-09,0.9999994701144582,5.282066748586471e-07
P03271,Good,2.904292287194772e-05,0.9999709570771195,8.571573889093002e-15
P08685,Excellent,2.607567368053607e-22,1.1077609393249503e-10,0.999999999889224
P04960,Excellent,6.583002337796578e-23,2.922767623641989e-09,0.9999999970772324
P02462,Excellent,6.409641654178729e-14,0.04343851140166173,0.9565614885982742
P04812,Excellent,4.4588873883045893e-20,1.1291154647766078e-09,0.9999999988708845
P01924,Good,2.8273662531885335e-11,0.9999999998268405,1.448857273156619e-10
P06354,Average,1.0,6.82871401232892e-17,4.123541792206099e-29
P09407,Average,0.9999999999999534,4.652931563954801e-14,4.86591138618097e-28
P03613,Excellent,1.869701818493137e-12,0.01989610982630356,0.9801038901718268
P00839,Excellent,1.389250225115401e-17,7.5832253269890925e-06,0.999992416774673
P01520,Excellent,2.047099517577138e-17,3.4100094064114107e-06,0.9999965899905936
P04908,Average,0.9999999999999956,4.3372396592312514e-15,8.873388513141489e-28
P01136,Good,1.2155290388814331e-09,0.9999999936999282,5.084542765951405e-09
P00007,Good,2.058018387950751e-07,0.9999997941979332,2.2792396778083035e-13
P04386,Good,1.032956533128189e-10,0.9999907369112542,9.262985450153274e-06
P00956,Excellent,2.3474613590696082e-14,0.015310057836122876,0.9846899421638536
P04805,Good,2.046524658069104e-09,0.9999999841238474,1.3829627930692653e-08
P01298,Excellent,7.113253670557063e-23,1.7294659453869129e-10,0.9999999998270535
P01616,Excellent,1.8801795133056015e-20,9.779777256056033e-06,0.9999902202227439
P05432,Average,0.9997594927507477,0.00024050724925236305,1.2717348673396405e-20
P00575,Average,0.9997776083727122,0.0002223916272878229,2.640001032750984e-17
P01657,Good,2.1733592968944495e-10,0.9999947706014161,5.229181248158737e-06
P04800,Average,1.0,5.239669848226886e-17,1.0620810505494753e-29
P05686,Good,4.2859740331422413e-10,0.9969618155887494,0.003038183982653052
P05696,Excellent,1.2112156235886673e-35,4.007101081439801e-20,1.0
P03100,Good,3.8375687415356523e-11,0.9999999998505724,1.1105183203880471e-10
P05793,Good,6.413075182039689e-12,0.9999999749093169,2.5084270155876073e-08
P03067,Good,7.739976141809734e-12,0.999999496715312,5.032769480791992e-07
P02364,Excellent,1.049917985652534e-20,1.388941197374335e-11,0.9999999999861107
P05698,Good,7.423423796125644e-10,0.9999999992457294,1.1928233389019513e-11
P08478,Average,0.9999999797105703,2.0289429781985848e-08,1.8857224109054436e-18
P01261,Average,0.999999998836554,1.1634460127041107e-09,5.0015486111885825e-21
P05188,Excellent,1.8731992611297116e-18,1.9840098977955894e-06,0.9999980159901022
P02028,Good,0.9981118609552599,0.0018881390447399663,3.0737463502336597e-16
P02633,Good,2.952315509643978e-10,0.9999674766161989,3.2523088569477944e-05
P02320,Good,0.32674325527941045,0.6732567446869588,3.3630715441851595e-11
P03008,Excellent,2.3865538902638176e-28,7.549074694770859e-17,1.0
P04898,Average,0.47166354530582827,0.5283364546941683,3.4015694587476615e-15
P09735,Average,0.9999936602962489,6.339703750825418e-06,1.5023051926181457e-16
P00663,Excellent,1.4318534724181254e-25,4.339799935011283e-15,0.9999999999999956
P03523,Good,1.1771414391345194e-07,0.9999998822839854,1.870755749012483e-12
P06488,Good,1.4330122885940813e-05,0.999985669875956,1.1580458743694197e-12
P06876,Good,4.356696528256112e-06,0.999995643300211,3.2609053217335177e-12
P06390,Good,1.3548077124161883e-09,0.9999975997172925,2.398927899798813e-06
P09832,Good,3.06977152070378e-13,0.999999453717417,5.46282276055365e-07
P00274,Average,0.9940164608020453,0.005983539197954543,1.3206966903185789e-16
P03253,Good,0.2732675361790313,0.7267324631485347,6.724339524985947e-10
P03018,Excellent,1.384684917423006e-29,2.9188352474946604e-16,0.9999999999999998
P02710,Good,3.679045457404426e-12,0.9999922926182759,7.707378044928093e-06
P04857,Good,5.656817373329044e-09,0.9993194153723771,0.000680578970805576
P01493,Excellent,1.8274497235869287e-31,2.5520767773029785e-17,1.0
P06343,Good,4.217502341354912e-08,0.9999999577917527,3.322398935374416e-11
P07095,Excellent,2.4483351834384144e-16,9.302442854553696e-06,0.9999906975571452
P02977,Good,6.921182650120092e-05,0.9999307881556447,1.7854049550154397e-11
P04420,Good,8.821446089588211e-12,0.9999999998947107,9.646788419156296e-11
P08180,Good,4.613515507005085e-12,0.9999999338524445,6.614294189406462e-08
P01760,Excellent,1.697982999741337e-13,0.001924235638919344,0.9980757643609108
P05375,Average,0.9999998602168632,1.3978313689694523e-07,5.760268989757204e-17
P02901,Excellent,5.684352701236605e-15,0.00012930775620394912,0.9998706922437903
P09117,Good,9.026869940385792e-10,0.9999999835752003,1.5522112701664614e-08
P05743,Good,0.009358446250473832,0.9906415537487325,7.936198477678972e-13
P07027,Excellent,9.104850025940544e-25,3.7625817013135596e-14,0.9999999999999625
P09322,Average,1.0,7.321953502853974e-18,1.274390416840998e-32
P04008,Excellent,4.556516886041329e-20,7.074584780995885e-08,0.9999999292541523
P01036,Average,0.9999999999997757,2.2430600779777044e-13,6.617115515394956e-28
P09107,Good,8.36658972926936e-06,0.999991633373987,3.628362327911905e-11
P08884,Good,2.047885845109694e-08,0.9999999795205026,6.389872762613309e-13
P02179,Good,1.261810951013873e-11,0.02387614929406232,0.9761238506933194
P03636,Good,4.623285017367942e-15,2.7178676459249244e-07,0.9999997282132308
P08590,Good,2.5778927104667095e-15,0.0022335172084451196,0.9977664827915523
P05288,Good,1.241357221232508e-08,0.9999999873029709,2.834567497642151e-10
P05118,Good,6.736999327756313e-10,0.9999999706470313,2.8679268781052096e-08
P00998,Good,4.5714633670614193e-10,0.9938049084548812,0.006195091087972512
P06981,Good,1.3991019950328612e-08,0.9999999401818063,4.582717378661103e-08
P09647,Good,1.609948710032143e-08,0.9999999836029267,2.975861154588771e-10
P08168,Excellent,5.0474097102094844e-12,0.04704981934085387,0.9529501806540988
P05973,Good,4.987499128209051e-07,0.9999995011999868,5.0100311005884975e-11
P07222,Excellent,2.4370169364682056e-12,0.005217613672919312,0.9947823863246438
P04083,Excellent,4.748963581125283e-11,0.9999979018290411,2.0981234693039e-06
P03850,Excellent,1.7051283372896852e-12,0.7336222543884494,0.26637774560984545
P09348,Excellent,3.877604149984294e-18,0.00017696267244220667,0.9998230373275578
P07824,Average,0.9999590607451944,4.0939254805627284e-05,4.1307626330945945e-20
P03867,Excellent,9.987333568054856e-11,0.9974906393620716,0.002509360538055016
P04334,Good,7.329622839331255e-08,0.9999999267032817,4.898387269853762e-13
P04534,Excellent,6.664434449544907e-14,0.0017156070573392966,0.998284392942594
P05559,Good,1.3855047713365573e-12,0.9999999917764296,8.222184824250388e-09
P05873,Average,0.9999999863002818,1.3699718301996422e-08,3.002672850168749e-21
P00283,Excellent,2.1272679501961796e-21,1.3905837774485445e-09,0.9999999986094161
P05908,Excellent,7.369659897461126e-33,3.1836294436922118e-18,1.0
P02624,Excellent,8.063898027115183e-26,1.148060792512816e-12,0.999999999998852
P01618,Average,0.9999999999999993,6.658224322031275e-16,3.878914384672743e-34
P03754,Good,1.3770644119847429e-07,0.9999998622304952,6.306357659850679e-11
P06308,Excellent,4.004329107046206e-24,1.1850979749369016e-11,0.999999999988149
P07914,Excellent,1.7231973127452752e-25,2.568396025897755e-11,0.9999999999743161
P00553,Excellent,4.057885908566646e-15,0.0003912574215349116,0.999608742578461
P05609,Average,0.9997084500860975,0.00029154991389943627,3.2085104039193675e-15
P07800,Excellent,2.528770564938082e-23,1.5078662046790327e-09,0.9999999984921337
P04558,Good,0.36529311799735986,0.6347068811428376,8.598026289735204e-10
P09978,Good,3.591245614860464e-11,0.9999999998271711,1.3691651670449906e-10
P08861,Good,1.210359918842454e-08,0.9999999877455464,1.5085430503861853e-10
P06280,Excellent,1.7072558938224609e-12,0.267405182665377,0.7325948173329159
P04965,Average,0.9998832074313623,0.00011679256863758144,1.3885770865909584e-17
P04050,Good,2.6558927697986105e-13,0.9999990440513745,9.559483598688928e-07
P09259,Average,0.9999999985248482,1.4751518758450399e-09,7.550722213145059e-28
P06955,Excellent,4.324945534348852e-19,5.7475228186278596e-08,0.9999999425247719
P01823,Excellent,1.019294211059521e-21,1.4182717415160022e-07,0.9999998581728259
P06459,Good,6.299823108225733e-13,0.9999977222359858,2.2777633841096884e-06
P06724,Good,5.2320844784433743e-11,0.999996882159181,3.117788498232034e-06
P09082,Average,1.0,3.456276296955308e-21,5.6007333351955015e-36
P01802,Good,7.778646407685319e-08,0.9999999221625954,5.094054929934912e-11
P09891,Average,0.9999999999689719,3.1028141678143515e-11,6.938507575545061e-30
P07589,Average,1.0,8.339188620248729e-21,4.257103303502023e-41
P05068,Good,1.4067776034587443e-10,0.9999999945841034,5.275218827898933e-09
P02313,Good,5.773073739111277e-12,0.1462097580256073,0.8537902419686197
P09565,Good,1.3076565757813866e-08,0.9939212558010063,0.006078731122427895
P03569,Good,2.327897588276236e-07,0.999999767203174,7.067164223633128e-12
P02163,Good,9.87009397500628e-11,0.9999999166683781,8.323292093912649e-08
P04577,Excellent,1.9762576998383087e-14,8.603265634993906e-06,0.9999913967343452
P03041,Good,0.9996411700877958,0.00035882991220403346,1.279714752530265e-18
P05096,Average,0.9998670631112923,0.00013293688870694953,8.361930958893105e-16
P02420,Excellent,2.84263981826737e-10,0.9972566398063464,0.002743359909389725
P07340,Average,0.9999950155757769,4.984424223190556e-06,3.2697511081891715e-25
P00097,Good,3.4407838106419075e-06,0.9999965592096597,6.52976998365329e-12
P08166,Good,0.019966438080047416,0.9800335619133975,6.5550153458002516e-12
P04035,Average,0.9999996610797627,3.389202372686145e-07,3.6448884443807836e-19
P00817,Good,6.897190538021518e-07,0.999999308918972,1.3619741049367378e-09
P08951,Good,0.06136574897287126,0.9386342510269179,2.1082732974465462e-13
P03793,Good,1.88748680296716e-09,0.9999999981124583,5.4930258327936543e-14
P01290,Excellent,9.090419293481189e-20,3.6213370937738317e-06,0.9999963786629062
P00621,Excellent,6.351019372923888e-22,4.307460415425383e-08,0.9999999569253958
P00482,Average,0.999999999970008,2.999190084326318e-11,3.6370244118569905e-26
P02828,Good,2.5776634852536295e-08,0.9999999730889307,1.1344345139087225e-09
P02229,Good,4.522846960031197e-11,0.9999999249446153,7.50101562945844e-08
P00300,Average,1.0,6.811912456605983e-23,9.973440426644716e-41
P00802,Average,0.999999999999988,1.1916782465269436e-14,1.2311030853766093e-30
P01444,Average,0.6545390159958522,0.34546098398470304,1.9444776527696208e-11
P00853,Good,1.4837778465474246e-09,0.9999999981925991,3.2362299467418443e-10
P03800,Good,8.58851330612097e-10,0.9999999991411426,6.196215772665914e-15
P06950,Excellent,4.28290951793234e-17,1.2913077738802773e-06,0.9999987086922261
P07224,Excellent,5.7691911279067085e-33,4.793208411367951e-19,1.0
P06392,Good,1.2286380648583103e-12,0.9999999999985829,1.8844242943834768e-13
P05132,Good,5.9487788053835355e-06,0.9999940512005917,2.0602999000655057e-11
P08838,Excellent,1.118609985825687e-26,1.071421218455109e-15,0.9999999999999989
P02530,Average,0.9999999716132536,2.8386746395122708e-08,1.652619697499517e-22
P07383,Excellent,2.8897532506079873e-34,4.785103168130252e-19,1.0
P02738,Good,1.354855591051787e-09,0.9999999986451407,3.8168623192832124e-15
P00330,Good,9.42734660932865e-10,0.9999958963270489,4.102730216554557e-06
P03356,Good,1.0469924974889748e-06,0.9999989493039232,3.7035794077310955e-09
P05514,Good,2.418172411559691e-10,0.9738566054390206,0.026143394319162055
P05646,Good,1.6569355948452923e-10,0.9995402845784228,0.00045971525588369913
P07851,Average,0.9947413218254818,0.005258678174518105,1.4006650908106773e-21
P00205,Average,0.999184958682288,0.0008150413177118582,1.9779469577941045e-16
P08911,Good,3.145660543112174e-11,0.9999720962554237,2.7903713119704e-05
P07566,Good,0.05396407507118775,0.9460359249288106,1.622716429133748e-15
P06898,Good,6.782316460020965e-11,0.9976848077928734,0.002315192139303525
P02428,Excellent,1.0011178966550842e-16,7.845256355020879e-08,0.9999999215474363
P03438,Good,1.3639888827767701e-08,0.9999999687094426,1.765066867053916e-08
P02094,Excellent,2.6325560381189754e-24,1.5724616640639743e-12,0.9999999999984275
P08876,Average,0.9999437286076058,5.6271392394240395e-05,4.963763426673681e-20
P04662,Excellent,9.858768465157243e-14,0.9998733170237294,0.00012668297617205517
P04717,Excellent,4.953325072733266e-21,6.980664623354645e-11,0.9999999999301934
P04771,Good,1.7235977469834863e-11,0.9999999748372772,2.5145486814803675e-08
P09746,Average,1.0,1.2676186956366591e-17,4.1230326600249475e-34
P08371,Good,6.5600717064378195e-09,0.9999998934714562,9.996847203172131e-08
P04676,Excellent,3.0933990199372173e-24,5.134869947764391e-11,0.9999999999486513
P08110,Excellent,2.044647282904109e-27,3.768249818828029e-15,0.9999999999999962
P03945,Good,1.7670125046615967e-05,0.9999823293012688,5.736845695574108e-10
P03476,Excellent,1.5538431156102037e-20,1.1072167072044833e-07,0.9999998892783293
P04770,Good,2.781774060334065e-08,0.9999999721812206,1.0387548905392627e-12
P02524,Good,7.335783170385237e-08,0.9999999265845715,5.759688722357595e-11
P04937,Good,1.0248882567937458e-05,0.9999897511146331,2.799024748751978e-12
P07969,Good,1.259528318321729e-11,0.9999999992160451,7.71359718669951e-10
P05772,Excellent,8.041846677897648e-11,0.9674101755850193,0.032589824334562346
P01549,Excellent,6.360693913239266e-32,9.828369818388243e-19,1.0
P00902,Average,0.999999999996311,3.68894135463469e-12,2.6678024476926336e-25
P06907,Excellent,3.7146524254112497e-13,0.47526323645151836,0.5247367635481103
P03360,Average,0.9999999999924405,7.559505986298942e-12,4.3503234943755145e-24
P06151,Good,7.244353570851853e-11,0.9999999988444457,1.0831107991878677e-09
P02910,Average,0.9999992849088402,7.150911598525292e-07,6.072231834218951e-19
P08314,Good,9.270208938684363e-07,0.9999990729558214,2.3284776851372434e-11
P02044,Average,0.10861728417442486,0.8913827158254961,7.89823119813959e-14
P09920,Excellent,3.129980160183384e-16,0.0005821665335703352,0.9994178334664295
P05806,Good,3.1443345901410064e-05,0.9999685566540868,1.1790665178261368e-14
P02959,Good,2.0168557707689947e-08,0.9999998197939021,1.6003754024367274e-07
P08198,Average,0.9999999997950546,2.0494538652752214e-10,1.8231505363764105e-24
P02474,Excellent,4.49096929190921e-31,1.1708054016327893e-15,0.9999999999999989
P08796,Good,0.9932183910701954,0.0067816089295044835,3.001407402059676e-13
P06237,Excellent,5.417827584904673e-29,3.8574421488988213e-16,0.9999999999999996
P00198,Average,0.9999999999615343,3.846575705356387e-11,2.5016511773732645e-21
P00305,Average,0.6466106635999259,0.3533893364000166,5.761701074528012e-14
P02619,Good,1.0227606056063744e-11,0.9999977721626204,2.2278271520292894e-06
P07161,Good,1.1473195032828685e-11,0.9999998159282019,1.8406032499154816e-07
P02183,Average,0.9994606651520563,0.0005393348479433935,1.7633000703581385e-16
P09195,Excellent,1.3320980424967663e-20,2.0503195771007767e-08,0.9999999794968042
P05428,Good,0.9803149166150718,0.01968508338476738,1.6077081938955215e-13
P00787,Good,1.1473934382463324e-12,0.9999759902698494,2.400972900322273e-05
P03642,Good,1.4915223835669434e-08,0.9999999850840107,7.654613474137163e-13
P07629,Excellent,2.2209834750821306e-33,2.300006267542404e-22,1.0
P09475,Good,5.2002022693849955e-12,0.9999621858145139,3.781418028589489e-05
P06126,Good,4.4163802424142066e-10,0.9983371805588453,0.0016628189995166963
P02124,Excellent,4.138283007130308e-15,0.003724365430998094,0.9962756345689976
P00026,Excellent,5.351257007412669e-15,0.003610154206186088,0.9963898457938085
P03431,Average,0.9999999979839602,2.016039755003079e-09,1.266804375284291e-21
P08987,Average,0.9999999999960094,3.990605392814033e-12,1.5667646676698852e-25
P06306,Good,3.056300438049288e-09,0.999999905897524,9.10461755630679e-08
P02284,Average,0.999999999995854,4.146079629079946e-12,1.226131155472409e-22
P03040,Average,0.9999999995427453,4.5725477592982904e-10,5.999496137261269e-21
P09439,Good,1.1052678249511391e-10,0.9999999985894488,1.3000244620740285e-09
P09954,Excellent,5.106221613213726e-13,0.0020582997614988804,0.9979417002379906
P08824,Good,2.7907818169211323e-12,0.9998321672611641,0.00016783273604504918
P03482,Good,6.296048831451952e-10,0.99999999936331,7.085057129527814e-12
P06758,Good,2.334218391026153e-14,0.9999999972879035,2.7120732364064777e-09
P07035,Good,0.9995936643384157,0.0004063356615843136,2.6675186441619553e-17
P05952,Excellent,1.4387207317151504e-15,0.000144907560282728,0.999855092439716
P03378,Average,0.9999958380197751,4.161980224807773e-06,4.2874047769873956e-17
P02836,Good,2.1798664653915354e-11,0.9999997243540351,2.7562416623721846e-07
P08565,Good,1.8766814038631345e-07,0.9999998122904349,4.1424593972478796e-11
P08825,Good,6.638021676683426e-08,0.9999999336140954,5.687835569057698e-12
P04237,Average,0.7250148520262584,0.2749851479736954,4.6171684872546e-14
P02568,Average,0.9999997908241169,2.0917588315807783e-07,5.836570269522271e-19
P03596,Average,0.9963782753508276,0.0036217246491724907,1.0963289671024455e-16
P08899,Excellent,7.769245734962875e-16,1.6617017902886854e-06,0.999998338298209
P06097,Good,3.939439636617982e-09,0.9999999959652681,9.529223151363547e-11
P04053,Excellent,4.367530879810748e-11,0.8732408594168496,0.12675914053947504
P07472,Good,6.496773166947471e-12,0.861945270677225,0.13805472931627824
P05644,Excellent,5.3674398235049896e-30,2.7495324863562644e-15,0.9999999999999973
P01697,Excellent,4.491738530105007e-24,2.794516243098227e-13,0.9999999999997204
P09398,Good,2.1761158959516226e-08,0.9999999780559772,1.8286375859366296e-10
P01606,Good,1.0021165067707139e-11,0.9998752764536336,0.00012472353634523527
P03598,Excellent,1.9965920251178e-24,1.4548644840332124e-10,0.9999999998545135
P06331,Good,1.0364227840866665e-05,0.999989635609963,1.6219607554796917e-10
P03391,Good,3.161238648660465e-07,0.9999996837362392,1.3989597203254315e-10
P08037,Excellent,7.16320398960169e-27,3.1400583110514395e-14,0.9999999999999687
P01828,Good,5.273174405820975e-08,0.9999999472680049,2.509605348453513e-13
P03804,Excellent,5.345464038344048e-23,1.764550373330773e-10,0.9999999998235449
P08163,Excellent,3.749873715066037e-24,2.2714295447275815e-15,0.9999999999999978
P08870,Good,1.7157091104405192e-11,0.3311174102894881,0.6688825896933549
P01377,Average,1.0,2.1510290964883838e-20,1.545703814409473e-33
P02512,Excellent,1.9851866698907442e-26,9.548320258480881e-17,1.0
P03486,Good,1.8197272530406568e-09,0.9999999967513835,1.4288893242623722e-09
P00999,Good,6.645190206535052e-10,0.9999999930121655,6.323315490310939e-09
P04446,Average,0.9999999936605402,6.339459798746285e-09,3.4481281480635435e-20
P04621,Average,0.9999999999839055,1.6094442756285713e-11,2.0647547563547972e-25
P09572,Excellent,3.261736508714371e-26,1.0549953365123296e-15,0.9999999999999989
P09344,Good,0.00400541862990515,0.9959945813696284,4.664075075810552e-13
P08894,Good,0.25905451354271614,0.7409454864571117,1.7224100468038476e-13
P02613,Excellent,1.115152754914375e-10,0.9278649968206689,0.07213500306781584
P03118,Good,2.907808660675938e-10,0.9999996584760821,3.4123313720166625e-07
P01975,Good,0.0006846750506900836,0.9993153249467177,2.592290348017646e-12
P01711,Excellent,2.0048630998794007e-16,0.00024528020436495357,0.9997547197956348
P01193,Average,0.9999999998969833,1.0301662174978381e-10,4.8826003574004715e-26
P08948,Excellent,1.5273867726268987e-20,6.512930705853435e-10,0.999999999348707
P03967,Average,0.9999997614194419,2.385805582137414e-07,2.6678693259812284e-17
P00809,Good,1.317637269699908e-10,0.9999999981925618,1.6756745109879333e-09
P01354,Good,8.286777037176645e-09,0.9999999916304431,8.277985969407699e-11
P01661,Average,0.9994367868145592,0.00056321318543978,1.0374232358154688e-15
P01646,Excellent,7.905439140766076e-23,2.0148919724032922e-08,0.9999999798510804
P08635,Good,4.750335514570065e-06,0.9999952496639554,5.300962147491828e-13
P00831,Average,0.9999999997491629,2.5083715901138635e-10,1.1822421806010173e-20
P02513,Average,1.0,1.1626957546981563e-19,2.015588188047788e-34
P04458,Good,4.3312030828338534e-08,0.9999999558791335,8.088356916342592e-10
P04996,Excellent,6.0367315619099e-19,7.219498508141432e-06,0.9999927805014918
P04532,Excellent,2.218745230876047e-18,2.0785373125379825e-05,0.9999792146268746
P03251,Average,0.9999996361961068,3.6380389324843037e-07,1.1205005217829937e-22
P08461,Excellent,1.6891641978927396e-27,3.884234431300597e-15,0.9999999999999962
P03531,Good,1.43967697962236e-10,0.9997875744204453,0.00021242543558699358
P07976,Excellent,3.3157128133292165e-18,4.893899254601907e-07,0.9999995106100744
P02103,Average,0.9999999998362037,1.637963829316222e-10,2.3571863863801203e-24
P02577,Good,0.003046347726539337,0.9969536521985345,7.492619436352806e-11
P03268,Excellent,5.603800380925159e-16,3.395178195695052e-05,0.9999660482180425
P09605,Average,0.9937709410432173,0.0062290589567826245,1.831840132297761e-17
P09174,Excellent,1.401623155645786e-20,4.598294674138028e-08,0.9999999540170533
P06202,Average,0.9997868865624282,0.0002131134375709215,8.247473116132313e-16
P01287,Average,1.0,1.295949202456256e-19,6.7558029367130005e-34
P00779,Excellent,4.722941147751601e-22,1.1852216809149553e-11,0.9999999999881477
P09969,Excellent,1.1419591440298686e-12,0.9999990463501647,9.536486934888788e-07
P01106,Good,0.008052834910163082,0.9919471650896577,1.7922078290563715e-13
P03834,Excellent,1.0506155052421804e-15,0.00016471990290557278,0.9998352800970932
P02363,Good,3.5170829889612658e-09,0.9999999949878675,1.4950495006330123e-09
P07394,Good,6.33417624279768e-08,0.9999999366260846,3.2153066271140576e-11
P08537,Good,0.00024060645353769748,0.9997593934966867,4.9775610666464215e-11
P01428,Good,0.9701443263580075,0.029855673641972252,2.0221948928362813e-14
P01250,Good,1.783963629926713e-05,0.999982160358615,5.085755224730353e-12
P00528,Good,6.942826178320438e-05,0.9999305717264975,1.1719449904955322e-11
P07112,Good,2.932786341883958e-12,0.9999947333227746,5.266674292713835e-06
P01422,Good,7.989859893430466e-11,0.9999999840577771,1.5862324136132588e-08
P09723,Average,0.9999991563441682,8.43655831671136e-07,5.826338745266561e-21
P09156,Excellent,5.356864250896132e-20,3.0433197105090767e-09,0.9999999969566802
P02986,Excellent,8.556227002914653e-27,9.232911092049146e-16,0.9999999999999991
P02962,Average,0.9999888610659513,1.1138934048612314e-05,8.785216515309162e-18
P08836,Good,0.5839701156247662,0.41602988437523336,3.2927462237859315e-16
P00532,Excellent,9.278174705964393e-15,0.0002518035170637459,0.9997481964829268
P00944,Good,5.658700799820452e-15,0.28991623687950496,0.7100837631204894
P00143,Excellent,7.331113960163318e-18,3.332415575127185e-06,0.9999966675844248
P02256,Good,3.613577068934605e-08,0.9999999638642292,1.1011231948337867e-16
P04573,Good,0.00040907239880763916,0.9995909276011576,3.4765896069968416e-14
P00945,Good,4.000466978891182e-06,0.9999959993362988,1.967223121212295e-10
P08137,Average,0.9998895062116488,0.00011049378835118328,9.030472667689165e-17
P07682,Excellent,1.4625715452701089e-16,9.565908146371803e-05,0.999904340918536
P05903,Excellent,3.8230046203802615e-14,0.026211404962042516,0.9737885950379193
P08900,Good,8.5949297898848e-12,0.9994536660411756,0.0005463339502294298
P05002,Excellent,1.730626710621637e-28,2.650367750275921e-16,0.9999999999999998
P03247,Good,2.8752984323645654e-10,0.9999999729641357,2.6748334440129354e-08
P03444,Good,0.0013910633611129983,0.9986089366387503,1.3670490514816144e-13
P08330,Average,1.0,8.068974614716849e-19,2.2730051319584747e-41
P09209,Average,0.9999999999998666,1.3336840188419634e-13,3.428071886365958e-26
P03715,Average,0.00011947265056071593,0.9998805273494098,2.94216795234741e-14
P09939,Excellent,4.124578551007333e-25,6.342961405791383e-14,0.9999999999999365
P02153,Good,0.00021258383962648392,0.9997874161601803,1.9332333515965458e-13
P00104,Excellent,8.290018455381426e-24,8.008127120357648e-12,0.999999999991992
P04956,Average,0.9999999928007708,7.199229097849773e-09,6.5671054288053786e-24
P05552,Excellent,4.011162663001379e-11,0.8881161306022455,0.11188386935764291
P06840,Excellent,1.123589956011465e-30,1.8519852997067295e-17,1.0
P07915,Excellent,4.285046484737279e-22,2.548762646458242e-09,0.9999999974512372
P02118,Average,0.9999287288009598,7.127119904013924e-05,1.0410732985504971e-19
P08529,Good,2.1848676349237546e-08,0.999999975209638,2.941685604361239e-09
P05080,Good,1.262121878480272e-07,0.9999998737875776,2.3450134612508083e-13
P02237,Good,1.4371290095981464e-11,0.9999998530178101,1.4696781851573438e-07
P03549,Average,0.9999442167302074,5.578326979271855e-05,1.428697171966164e-17
P08722,Average,0.9902487920603062,0.009751207939691146,2.559386394654468e-15
P03630,Excellent,1.2172073210286117e-16,2.6394617429236054e-06,0.9999973605382569
P09616,Excellent,3.7363817816940976e-20,1.5969116658389912e-10,0.9999999998403089
P04239,Good,2.6256613166110516e-10,0.9999999992172584,5.201755629018517e-10
P05115,Good,1.902255553825795e-17,1.0452572095391555e-05,0.9999895474279047
P07819,Good,4.1597100181988985e-06,0.9999958377653809,2.5246007687273715e-09
P09132,Excellent,7.948421943765353e-11,0.653141942257431,0.3468580576630847
P05501,Good,3.9470418334908223e-11,0.9998906418909509,0.00010935806957871676
P05862,Good,4.154020444905651e-11,0.9999999412865149,5.8671944784830156e-08
P03655,Average,0.7783170354639426,0.22168296453531636,7.409906589310813e-13
P07037,Average,0.9999999999998619,1.381122718468914e-13,5.90382026279703e-26
P00440,Excellent,1.9411794202963984e-25,3.734544050599004e-13,0.9999999999996265
P09792,Good,1.2834570872205705e-05,0.9999871654267894,2.3382744453900704e-12
P05714,Good,1.1895293361440254e-08,0.9999999881046738,3.2811972518026856e-14
P06750,Good,1.2132993066890723e-08,0.9999999878669555,5.139275143497487e-14
P08683,Excellent,1.1015606670628278e-12,0.0022353017130796677,0.9977646982858188
P02842,Excellent,3.806641620267549e-13,0.24977370923932038,0.750226290760299
P08047,Good,0.01717566177371577,0.9828243382262661,1.812349083048969e-14
P03452,Good,7.148092890528202e-10,0.9708064055583838,0.02919359372680685
P08012,Excellent,3.6600145558648537e-13,0.002194613342452672,0.9978053866571812
P00474,Good,0.06701319785879985,0.9329868021410948,1.0541601235565108e-13
P03193,Good,2.3566561276777307e-08,0.9999999764069071,2.65316900246154e-11
P09791,Excellent,1.5475517754001413e-24,5.28952260884805e-13,0.9999999999994711
P01170,Good,4.575783716068953e-15,0.9999753238956193,2.467610437603169e-05
P05363,Average,4.483580366928961e-06,0.999995516416083,3.550054774557006e-12
P04242,Excellent,3.064606195602665e-15,0.0005638326957434048,0.9994361673042534
P04030,Good,1.289625987201168e-13,0.9999999890952195,1.0904651505973095e-08
P04871,Excellent,7.748137514492971e-17,0.00011585237067443303,0.9998841476293256
P05060,Good,4.928831118207081e-10,0.9999999981574081,1.3497087695258594e-09
P07593,Good,0.0008993704444574286,0.9991006295506032,4.939268247277647e-12
P07319,Excellent,6.748658915878655e-23,2.284502876431525e-09,0.9999999977154972
P01518,Average,0.9999999999999718,2.8302417257491817e-14,1.4278617147243505e-26
P03427,Good,1.0424196396305345e-10,0.9999982652208522,1.7346749057550606e-06
P05265,Excellent,2.9419364064862955e-14,0.004670175074786614,0.995329824925184
P05911,Excellent,2.7082348636760293e-24,5.5011883381217177e-14,0.9999999999999449
P01075,Good,7.329251764439408e-11,0.9993776345695594,0.0006223653571480516
P06893,Excellent,1.331266768770089e-19,7.632896765034512e-05,0.9999236710323497
P09793,Average,0.9991647918445425,0.0008352081554574435,2.11754240183327e-18
P03554,Average,0.9999999518828887,4.811711137961722e-08,1.248904473008467e-21
P08743,Good,6.0815256937015115e-09,0.9999999938550017,6.347249439107093e-11
P09599,Excellent,4.184571238890869e-11,0.9999371656973953,6.283426075910305e-05
P04663,Average,0.9999999988468513,1.153148753978126e-09,1.6022803629999288e-25
P03191,Average,0.9845494114347565,0.015450588565243475,3.8968511435685793e-19
P06653,Good,5.694788044891812e-11,0.9999999998877358,5.531638452238551e-11
P03848,Good,0.7647374509841105,0.23526254900051405,1.5375646766547288e-11
P05249,Excellent,2.3456119651280913e-10,0.09478073125054247,0.9052192685148962
P00712,Excellent,8.528599878290086e-23,4.3093991867558553e-13,0.999999999999569
P08614,Excellent,1.651989111368331e-29,2.468889163904164e-16,0.9999999999999998
P09527,Good,7.115833141749527e-10,0.9999999992812929,7.1238472400715924e-12
P01039,Good,5.639192805384643e-14,0.9999999971141336,2.8858099797912278e-09
P05542,Average,1.0,9.40089815233386e-17,2.493502583701242e-30
P03324,Excellent,1.116286836416422e-18,3.1703124172493906e-06,0.9999968296875829
P08156,Excellent,7.223572582822203e-30,2.397444320899945e-16,0.9999999999999998
P01166,Good,2.1489945911018732e-09,0.9999999553804466,4.2470558872428684e-08
P09049,Good,2.85529934769359e-12,0.15269288115002475,0.8473071188471201
P07492,Good,0.0002391686453000985,0.9997608283035193,3.0511806746722467e-09
P02625,Average,0.9999999853792043,1.4620795677794973e-08,6.433050767843435e-21
P02770,Excellent,4.905405493432711e-23,5.739458212345672e-14,0.9999999999999427
P09063,Good,6.664109103357713e-13,0.999936649694402,6.335030493157459e-05
P07375,Excellent,3.72754140589168e-28,6.707478376574542e-16,0.9999999999999993
P04360,Excellent,3.305141338186276e-11,0.9967023432321716,0.0032976567347770963
P02604,Good,0.004515128929896762,0.9954848705000264,5.700768241639618e-10
P00318,Excellent,1.861982408290789e-24,2.3980572103230913e-10,0.9999999997601943
P09623,Good,7.167771975634835e-10,0.948309074155443,0.05169092512777995
P09052,Excellent,1.0576711663148354e-10,0.12355206705637557,0.8764479328378573
P04535,Excellent,6.913965096161125e-16,0.00014630057093223436,0.9998536994290671
P07680,Good,1.8980981298581388e-10,0.999999998974122,8.36068233715784e-10
P09083,Good,4.4993136529199103e-07,0.9999995289404567,2.1128178023748752e-08
P01196,Good,1.8114576334376084e-10,0.987138806179707,0.012861193639147287
P00266,Good,8.766484411541321e-09,0.9999999559095829,3.5323932645303525e-08
P04188,Good,1.8289979897933033e-13,0.989553419380677,0.010446580619140175
P03676,Good,3.2955913525244716e-16,8.045176203781846e-07,0.9999991954823795
P08655,Excellent,3.199112114006264e-15,1.5549790249744433e-06,0.9999984450209719
P06187,Average,0.9999999991986213,8.013787427664858e-10,5.879184440029611e-21
P04209,Good,1.5080593122448542e-10,0.9999999969515609,2.8976331330835988e-09
P01009,Excellent,9.115130073376559e-24,3.165926332230523e-13,0.9999999999996834
P04902,Average,0.9986977895334049,0.001302210466595156,6.661088600847084e-20
P02193,Good,4.894763828826671e-07,0.9999995105128456,1.0771407270295726e-11
P09074,Good,2.442065188762449e-11,0.99988118849484,0.00011881148073942708
P08427,Excellent,3.5016344063798e-14,0.547323470533741,0.45267652946622405
P05053,Excellent,1.2416029761621117e-25,6.089541907597387e-12,0.9999999999939104
P01209,Average,0.9999999999978908,2.109271325233114e-12,1.0317704570848019e-26
P05213,Excellent,1.7946432632993205e-25,3.4064235118091513e-13,0.9999999999996594
P04280,Average,0.26282888609747346,0.737171113902519,7.628488656991547e-15
P00506,Good,0.0015646010394199748,0.9984353989371344,2.344552929221555e-11
P09164,Average,0.8804172667341562,0.11958273326564543,1.9850922744746452e-13
P01083,Excellent,3.059344235427125e-20,8.826343219572935e-08,0.9999999117365679
P04430,Good,4.301633000055044e-13,0.08966536365003303,0.9103346363495368
P00635,Average,0.45920140697937417,0.5407985930203875,2.38311073177645e-13
P04190,Average,0.8120825690372118,0.18791743096278643,1.8261983702238202e-15
P06441,Average,0.9999999996644529,3.355471148300987e-10,1.379030954003803e-21
P00544,Average,0.9999999450292988,5.4970701244449206e-08,5.392158000992948e-22
P05109,Good,2.7261389036447295e-11,0.9999999993791051,5.936335810188735e-10
P01305,Good,2.902481931515744e-10,0.9999999880028781,1.170687363539614e-08
P01580,Good,0.9480370162825053,0.051962983714152755,3.341958993909449e-12
P01736,Good,1.0996952792157551e-09,0.9764652552781661,0.02353474362213853
P06626,Excellent,2.6123649321326066e-15,0.003109685902560787,0.9968903140974366
P08185,Excellent,1.983997737784591e-16,1.4419583430699034e-05,0.999985580416569
P04626,Good,1.3713669632336816e-08,0.9999999861733522,1.1297831445038924e-10
P05931,Good,2.704684981604343e-09,0.9999999972934057,1.9092813092983753e-12
P07896,Excellent,2.915334686846293e-11,0.006782130357066697,0.9932178696137798
P03609,Excellent,4.7449565420577916e-20,1.638059167687573e-09,0.9999999983619408
P01740,Good,1.6304217757357634e-11,0.9999995435216856,4.564620101490481e-07
P03421,Excellent,2.8664087452780814e-26,7.288021974151064e-13,0.9999999999992712
P05988,Excellent,1.0006285324162394e-30,8.686687096390656e-15,0.9999999999999913
P07516,Excellent,6.579908615802418e-24,1.7381025101222392e-13,0.9999999999998261
P00667,Good,5.457381124601534e-10,0.9999991447814496,8.546728123460696e-07
P06963,Average,0.28314923436878664,0.7168507656204662,1.0747202885566442e-11
P08717,Good,1.5072700084604125e-07,0.9999998492726471,3.5203093009947194e-13
P04946,Good,3.2667824939674385e-08,0.9999998143769002,1.5295527472961472e-07
P01459,Good,6.620997062908274e-10,0.9999999993223667,1.5533481415100224e-11
P09138,Excellent,1.1995306997972423e-15,0.011111095723428105,0.9888889042765708
P00942,Excellent,3.9312237792593794e-27,6.347487743152299e-15,0.9999999999999936
P02372,Good,3.693342900025808e-08,0.9999999629166376,1.4993335991219053e-10
P06769,Average,0.9999999999999565,4.3581082233640415e-14,2.3273314086541957e-26
P03603,Good,3.0265766794036713e-07,0.9999996968694982,4.728339062411804e-10
P06235,Average,1.0,1.6565355077100536e-17,8.632194950701483e-33
P06965,Average,1.0,2.816988299900333e-19,6.828042565716775e-35
P01631,Good,2.0223496151676666e-08,0.999999687314571,2.9246193284360313e-07
P07152,Good,3.793616967550203e-08,0.9999999620285082,3.5322242771009494e-11
P09733,Excellent,5.0464020386712724e-23,1.4334066081812942e-12,0.9999999999985667
P01979,Good,3.2813321308858304e-12,0.9999999977706391,2.226079614836739e-09
P05381,Good,7.756678301744601e-06,0.9999922433216413,5.705014659825394e-14
P05234,Excellent,5.640545976189456e-26,3.554625968362732e-13,0.9999999999996445
P05632,Excellent,2.2361958339237088e-20,1.5856816280586103e-10,0.9999999998414317
P00602,Average,1.0,2.89520392768629e-17,5.349918879363329e-32
P06042,Excellent,4.072805586520951e-22,9.440679413255583e-11,0.9999999999055933
P02717,Excellent,2.8672421647039685e-17,6.060354518433169e-07,0.9999993939645482
P02630,Excellent,1.7856401067385686e-30,5.035426089585105e-16,0.9999999999999996
P09012,Good,1.1716422529907612e-11,0.9999999997849855,2.0329799753458037e-10
P04864,Good,0.015520448669368704,0.9844795513221528,8.478574286835922e-12
P03363,Excellent,9.117529272175797e-26,5.748508825311918e-15,0.9999999999999942
P03749,Good,7.375195599583693e-09,0.9999999924212853,2.0351919222757655e-10
P01937,Excellent,2.760237558446904e-25,2.6676691651998405e-15,0.9999999999999973
P03870,Excellent,7.925990077167757e-25,2.0395918987603994e-14,0.9999999999999796
P05371,Good,5.25784761381401e-13,0.7876343605189219,0.2123656394805524
P05650,Excellent,1.4123413714991071e-22,6.192129020865609e-09,0.999999993807871
P07415,Good,1.4670584217323503e-05,0.9999853292781594,1.376233832238063e-10
P07954,Excellent,2.822748638922766e-16,5.912351213823456e-08,0.9999999408764876
P04677,Average,0.9999943961819705,5.603818029577477e-06,2.871434738145291e-22
P05739,Excellent,2.2659737956865588e-17,5.4594464773681626e-06,0.9999945405535227
P03137,Excellent,1.451571825360459e-32,1.7260017290925739e-18,1.0
P08183,Average,0.9999999999999833,1.670668093638903e-14,2.8787778500116446e-26
P02832,Good,3.3947652730054186e-09,0.9726737870406583,0.027326209564576414
P01514,Good,0.9152991762343591,0.08470082376558748,5.339591037062529e-14
P02810,Good,6.245437038852857e-06,0.9999937545574863,5.474861711318676e-12
P08983,Excellent,5.648615675318767e-35,1.3057426097295503e-19,1.0
P00777,Excellent,2.116356906964704e-12,0.9927854161313368,0.007214583866546933
P08598,Average,0.9999999999816505,1.8349607646220216e-11,9.61774542270598e-24
P06382,Average,0.7818764316540263,0.2181235683458519,1.2195735058305783e-13
P01274,Excellent,1.6884042489906724e-11,0.803762404836858,0.1962375951462579
P00914,Excellent,1.497599330256875e-23,2.1527792786704847e-12,0.9999999999978473
P07574,Good,1.0481691601809385e-11,0.9713798953162875,0.02862010467323074
P02255,Excellent,6.675993742236361e-18,1.0806805200347846e-06,0.9999989193194799
P07613,Excellent,1.2452030074034712e-21,1.3739213155753796e-11,0.9999999999862608
P00360,Average,1.0,2.5657367421543472e-18,3.5809984024683975e-34
P05438,Good,0.15310060696545036,0.846899393019857,1.469263405847424e-11
P01635,Excellent,7.284968863596362e-21,4.756764048573537e-12,0.9999999999952431
P07599,Excellent,2.3703124900877836e-30,2.4084606655162356e-16,0.9999999999999998
P07812,Good,1.8381222526840917e-14,0.7176641808057389,0.2823358191942428
P04363,Excellent,2.112500214092817e-18,1.9906537580657587e-05,0.9999800934624192
P09991,Excellent,1.0490430687931112e-27,4.5220182984848614e-14,0.9999999999999547
P00680,Excellent,5.109500918602896e-24,1.847503510802859e-11,0.999999999981525
P03538,Good,2.0839511605785022e-09,0.9999999565299148,4.138613394673634e-08
P02298,Average,0.9999999999999996,4.1048388560859076e-16,3.409999682954713e-29
P00596,Good,8.926075698591487e-08,0.9999999107392428,2.574039407320553e-16
P09374,Good,2.552711523723603e-08,0.999999974472624,2.6087857182519865e-13
P09842,Average,0.14648540356791073,0.8535145964172216,1.4867740857487735e-11
P06983,Average,0.7867741148061378,0.21322588518766258,6.1996105186271905e-12
P00039,Excellent,9.14785006718988e-25,1.012371668655389e-12,0.9999999999989877
P08130,Excellent,2.421263865964354e-22,1.244803188300903e-10,0.9999999998755196
P02559,Good,4.0231748561711176e-10,0.9999997947038528,2.0489382970319261e-07
P01432,Average,0.12222017048154682,0.8777798294866279,3.182530695182497e-11
P09135,Good,0.0028092059276685864,0.9971907940723309,4.144275355059849e-16
P00443,Excellent,7.877164341840086e-17,4.638437074370002e-08,0.9999999536156293
P03600,Good,0.9275295248939551,0.072470475106039,6.002327925918981e-15
P03681,Average,1.0,9.008483996163148e-18,4.636666381653728e-31
P05201,Excellent,2.954310972333519e-22,2.0020957701520392e-13,0.9999999999997997
P00238,Excellent,1.3356716203202507e-18,6.774780370261981e-09,0.9999999932252195
P07666,Good,0.00012055618967376441,0.9998794438026503,7.675951923582356e-12
P07141,Average,0.9999977706160622,2.2293839377869574e-06,8.351545546523201e-22
P00498,Good,7.3262794788333e-08,0.9999999267369313,2.73991657276885e-13
P01574,Good,1.9750073688982714e-06,0.9999980249847369,7.894153956354988e-12
P07611,Average,0.0002510864197020549,0.9997489135802748,2.3073016509579153e-14
P01130,Excellent,8.561355967252068e-11,0.999923220174257,7.677974012936118e-05
P05297,Excellent,6.743671979312607e-26,4.9480171298960185e-14,0.9999999999999505
P05695,Good,8.298872269559978e-09,0.9999999898061643,1.8949634848124558e-09
P08600,Average,0.998580869915768,0.0014191300842315959,4.697058181325093e-16
P05492,Good,1.1382532161114508e-10,0.01588894795310616,0.9841110519330686
P01121,Average,0.03739423112351489,0.9626057688764563,2.8928142750522804e-14
P01770,Excellent,1.4500724478509833e-25,3.4911773334443387e-13,0.999999999999651
P04658,Excellent,3.0712807508744525e-11,0.53653496404427,0.46346503592501725
P03610,Average,0.9999999995742013,4.2579872016386195e-10,6.543682010327441e-27
P09109,Average,0.9999999999999933,6.730287985349593e-15,1.6990496141033818e-32
P04233,Good,7.458851656270308e-09,0.9999999886273773,3.913771130582387e-09
P08625,Average,0.999999667587761,3.3241223886264267e-07,1.353930416439427e-22
P07716,Excellent,1.7744141033059207e-23,6.2039325159783745e-12,0.9999999999937961
P08070,Good,1.415793152985674e-13,0.9999999884890497,1.1510808806008096e-08
P03894,Excellent,5.2563834869326664e-15,4.310453267841573e-06,0.9999956895467269
P04531,Average,0.9993706413207118,0.0006293586792363818,5.1965190999536206e-14
P01672,Average,0.9999998930214856,1.0697851435296431e-07,1.876976891376259e-21
P06424,Excellent,1.5700007634800477e-24,2.7443702171696883e-12,0.9999999999972555
P07982,Good,4.011356108036168e-11,0.9893106523877164,0.010689347572170006
P01986,Excellent,6.016727127286901e-14,0.01031687990096757,0.9896831200989723
P08592,Good,2.304549445470961e-09,0.9999999976851108,1.0339688265605455e-11
P03058,Average,0.9998025846847737,0.0001974153152263536,3.3245602356373686e-17
P08035,Excellent,4.899872649305325e-22,2.840457602252025e-11,0.9999999999715954
P05194,Good,1.3600229849318375e-12,0.9999999923570012,7.64163891869526e-09
P07155,Good,1.5025506907049814e-06,0.9999984974423349,6.9743346576485474e-12
P08229,Excellent,6.835544480221742e-24,8.086085935350378e-12,0.999999999991914
P01344,Good,0.31529769184703477,0.6847023079931083,1.5985691054507417e-10
P01705,Average,0.99999997937506,2.0624939902095563e-08,7.985315032717949e-22
P06792,Good,9.699883809616222e-08,0.9999999030007268,4.352029148921601e-13
P03906,Good,1.944107999520535e-14,2.5012864551012056e-05,0.9999749871354295
P06985,Excellent,3.0571893393036524e-24,1.0312704491618583e-13,0.999999999999897
P07278,Average,0.99999999992721,7.279007891042351e-11,2.1678828250725648e-26
P07455,Good,3.02010594758088e-06,0.9999969797317934,1.6225900126371687e-10
P05448,Good,8.73541777108819e-12,0.9999946636503818,5.336340882701727e-06
P08092,Good,5.692334782583785e-10,0.9999999991028683,3.2789817039185773e-10
P07837,Good,1.2739941908428775e-09,0.9999999980944974,6.315083768347343e-10
P02122,Excellent,2.565741401005061e-10,0.9027306520986093,0.0972693476448166
P02297,Average,0.9999999999906071,9.3929789501982e-12,1.4590239422619395e-24
P07507,Excellent,5.85008003910046e-27,1.5441708479634881e-16,0.9999999999999998
P08978,Good,2.8483379860800245e-12,0.9999999963699009,3.6272507480564267e-09
P03004,Excellent,3.797287924756232e-18,8.931562255701865e-10,0.9999999991068438
P08375,Good,2.740551926038136e-12,0.9998969971687638,0.0001030028284957961
P06971,Excellent,7.373830544294552e-13,0.04025348950660344,0.9597465104926591
P00675,Good,4.08520428676151e-06,0.9999959147953387,3.745705981264686e-13
P09781,Excellent,7.782597487173013e-26,4.914473295556699e-14,0.9999999999999509
P05444,Excellent,1.1954009579945134e-14,0.00012684445002620782,0.9998731555499618
P01020,Good,8.29409186976706e-09,0.9999999891015704,2.604337805031499e-09
P09707,Excellent,3.596636178914549e-18,6.573680862987634e-06,0.9999934263191369
P02037,Good,4.026681170768077e-07,0.9999995973314206,4.621746078624357e-13
P04552,Excellent,5.153794108224091e-11,0.393094280724941,0.6069057192235211
P01957,Excellent,1.9469388641577486e-20,1.4278032361419766e-07,0.9999998572196764
P07192,Good,2.96802389129276e-09,0.9999999970312401,7.359368195387333e-13
P03200,Excellent,8.352326857719469e-26,3.5273082881116993e-14,0.9999999999999647
P01040,Excellent,2.5575683259231263e-23,2.9721852760603103e-13,0.9999999999997027
P02366,Good,0.014730039668577019,0.98526996030541,2.6012996067873136e-11
P01994,Excellent,6.667186161239889e-22,8.91929828962399e-11,0.9999999999108071
P07527,Good,7.721389052903702e-12,0.9999999999752758,1.70029042928516e-11
P07213,Good,2.0834201695938907e-10,0.0923108444672361,0.9076891553244217
P03383,Good,3.0045834486493974e-10,0.9999811556860732,1.8844013468571054e-05
P03827,Good,2.736193856495932e-11,0.9999999999636973,8.940740358119314e-12
P07411,Good,2.4827275450246638e-12,0.9997876097723033,0.00021239022521401193
P04850,Average,0.999999999989561,1.0438895197911458e-11,8.316202229065332e-27
P09084,Good,6.42455319442575e-14,0.00012080884975928376,0.9998791911501766
P07581,Good,4.61608084599821e-09,0.9840756000257684,0.015924395358150736
P00183,Excellent,6.023999686948345e-23,9.700657169330215e-13,0.9999999999990299
P05486,Good,0.9995330042123793,0.0004669957876203878,1.3812849124682448e-16
P01195,Average,0.9999999999999998,3.232650350432234e-16,7.703430060563539e-34
P03446,Excellent,4.361010273674424e-26,1.6990367622329853e-13,0.9999999999998301
P00948,Good,2.424813266630809e-05,0.9999757518625715,4.762207462326601e-12
P03498,Good,7.58743876572694e-09,0.9999999921664288,2.4613248701783226e-10
P03857,Average,0.9905634909770838,0.00943650902291607,1.2493030291625101e-20
P00854,Good,3.1524880755303435e-09,0.9999999901225066,6.725005362074596e-09
P06209,Average,0.9999977150369578,2.2849630420526017e-06,1.4905783145668717e-16
P00700,Excellent,1.2513865053444548e-29,2.997513511187702e-15,0.9999999999999971
P02500,Good,7.749118942406804e-08,0.9999991444522361,7.780565745022818e-07
P07512,Good,2.7619378073609428e-09,0.9999940833824449,5.913855617320441e-06
P06262,Excellent,5.606816854320112e-32,5.78313494879985e-21,1.0
P00250,Good,6.174113290849557e-05,0.9999382587526762,1.144153602541719e-10
P01140,Good,2.1872191296087182e-09,0.9999999794690557,1.8343725176232398e-08
P09298,Excellent,3.077763922087414e-16,0.00018968748936620542,0.9998103125106336
P02916,Average,5.556709995973723e-06,0.9999944432900006,3.4173896040687645e-15
P03338,Excellent,9.79234673978102e-19,3.5714816943943177e-07,0.9999996428518306
P09341,Excellent,3.554605596482192e-19,1.5603481344755286e-08,0.9999999843965186
P08389,Average,0.9999940017598355,5.998240164371097e-06,5.582257075182855e-19
P07646,Excellent,2.0484369423853116e-19,1.512417807148703e-07,0.9999998487582193
P00810,Good,0.011746004514124896,0.9882539954780495,7.82574990598874e-12
P00626,Excellent,3.9236333828070036e-21,1.1868135793043967e-09,0.9999999988131865
P07607,Average,0.999996498904798,3.50109520209393e-06,5.348647668828217e-18
P00726,Excellent,3.926819045432453e-11,0.6631499088234764,0.3368500911372555
P01648,Good,0.0003431132017464708,0.99965688679793,3.2364146344998877e-13
P05215,Good,1.8919789528908428e-09,0.9999999959858044,2.122216661745667e-09
P02763,Excellent,2.665644804637003e-11,0.2895670180018313,0.7104329819715123
P01995,Excellent,7.391708628666242e-17,8.869451473062988e-05,0.9999113054852693
P05468,Excellent,1.2181329937513268e-29,2.1763932416138908e-17,1.0
P04580,Good,5.452771797402153e-05,0.9999454722818097,2.161563962930534e-13
P06464,Good,3.954363017204168e-07,0.9999995498284538,5.4735244360227176e-08
P08935,Excellent,2.4225861491146157e-20,7.179816984783021e-10,0.9999999992820183
P09362,Good,1.9071338056616958e-09,0.9999999980877348,5.131522056820017e-12
P01612,Good,8.626980481743187e-12,0.9996090670873842,0.000390932903988816
P06243,Excellent,2.0713713740474666e-23,1.338304167045351e-10,0.9999999998661695
P06966,Good,5.757214333336131e-10,0.999999999422956,1.3226330263206721e-12
P09912,Average,0.9999999999999998,2.2716042808084726e-16,7.925621337674571e-35
P01753,Excellent,3.642856165948326e-17,0.0006653603257527923,0.9993346396742473
P03339,Excellent,1.864202187595532e-31,6.736483728680994e-20,1.0
P03939,Excellent,2.4487144914003912e-20,8.592345674072766e-08,0.9999999140765432
P05812,Average,0.9840439892728738,0.015956010727113973,1.222808143666146e-14
P06514,Excellent,2.740360706999637e-11,0.9979802823342719,0.0020197176383243763
P01682,Good,9.761583454757031e-10,0.9994205345499287,0.0005794644739128788
P08179,Good,2.3366286749648852e-08,0.9999999766312903,2.42295852644028e-12
P04821,Excellent,1.605887811042873e-40,1.3414603753421546e-22,1.0
P02381,Excellent,1.851047172809347e-23,2.4357249009572744e-10,0.9999999997564275
P02953,Average,0.00019457476116614082,0.9998054252386542,1.796169896480603e-13
P06152,Good,4.024032603437204e-09,0.9999999959639618,1.2005563716223596e-11
P01573,Good,3.4666350396643025e-10,0.9999999970404296,2.6129068708788506e-09
P03925,Average,0.9999999999286151,7.138492463691919e-11,5.703454929708481e-26
P03466,Excellent,6.987493178146293e-18,5.821074852468177e-06,0.9999941789251476
P04417,Good,4.829775524218004e-12,0.9797972732559179,0.020202726739252247
P07056,Excellent,4.030001222081883e-17,1.6987459140453066e-06,0.9999983012540858
P06365,Good,2.057551045358451e-08,0.999999979424067,4.2257373989282245e-13
P03352,Good,8.893783053805408e-10,0.9999999978843195,1.2263022450484206e-09
P02767,Excellent,3.094291398548824e-11,0.9999005128521534,9.948711690364797e-05
P00556,Excellent,4.5687485822193457e-14,0.7987376773036373,0.201262322696317
P02535,Good,5.121878389685411e-10,0.9999999991097854,3.780266990963068e-10
P09498,Excellent,3.949203130394125e-23,4.028364884738133e-12,0.9999999999959717
P05494,Good,0.9995698196499231,0.00043018035001579397,6.114518190176975e-14
P08259,Average,0.002161578602016793,0.9978384213941897,3.793459231987324e-12
P01901,Good,1.1329200483628466e-16,0.0006871738274601521,0.9993128261725396
P08914,Excellent,8.184136072223245e-25,3.523690088587317e-14,0.9999999999999647
P02924,Excellent,5.997892564964843e-19,1.0128821438841105e-05,0.9999898711785612
P01256,Excellent,1.1562903871210976e-30,4.9139178721452804e-20,1.0
P02582,Average,1.0,7.179969127572077e-22,1.0431691375860566e-35
P02406,Good,4.5081506852771055e-12,0.2938815281658499,0.7061184718296419
P04101,Excellent,1.647231702435926e-29,2.5010409149104027e-17,1.0
P08774,Good,0.29464625765251184,0.7053537423474838,4.3228108926675296e-15
P03334,Good,1.4982681932682112e-10,0.9995123216205888,0.0004876782295843664
P04277,Excellent,5.436710926366768e-13,0.004655949325498867,0.9953440506739574
P07627,Excellent,5.552950768730514e-31,4.778004086990125e-16,0.9999999999999996
P09612,Good,3.760681851949758e-05,0.9999623931807344,7.459625497356499e-13
P08522,Good,3.4852710965290463e-12,0.3813768175755639,0.6186231824209508
P05072,Excellent,3.0600601488752136e-24,1.558732890567731e-11,0.9999999999844127
P05556,Average,0.9999998662115172,1.3378848276524875e-07,7.541992261883989e-20
P08940,Good,0.09021136608329901,0.9097886339167002,9.141072170136632e-16
P04528,Good,8.587618656036919e-10,0.9999113931097032,8.860603153476957e-05
P05046,Good,9.767751407056865e-10,0.9999998080080268,1.9101519796334173e-07
P04642,Excellent,2.032775935409161e-17,4.301556275152324e-07,0.9999995698443725
P07633,Good,7.572959251337087e-11,0.9999998984447452,1.0147952524066904e-07
P01122,Excellent,1.2028863457554559e-11,0.9999652090742857,3.479091368541294e-05
P09353,Average,0.9999999999999358,6.419964912243707e-14,1.4832827571238988e-28
P03228,Good,1.2583738428022044e-11,0.9999999695272221,3.046019400988805e-08
P05050,Good,6.925477238698657e-11,0.9999470437652289,5.295616551638906e-05
P03817,Excellent,5.879024101182962e-16,0.0007204267968593369,0.9992795732031401
P05196,Excellent,1.4518145981662175e-25,2.5284469007551407e-13,0.9999999999997471
P09787,Good,3.774277389453224e-12,0.9616627474731028,0.03833725252312305
P04026,Average,0.9999998783916887,1.2160831132476638e-07,4.7687050763062765e-24
P06025,Average,0.9999999999999887,1.1280248291457351e-14,8.403704581572363e-27
P05535,Excellent,1.340114677756236e-12,0.8305454595588161,0.16945454043984365
P07709,Good,2.593285251827153e-10,0.999999846884836,1.528558354763352e-07
P06657,Excellent,1.2921956990131792e-19,1.185897266509889e-05,0.9999881410273349
P01699,Excellent,3.380233002734422e-29,8.017902516366239e-15,0.999999999999992
P03272,Good,1.5177189149347888e-09,0.9999999906912588,7.79102222719639e-09
P09976,Excellent,1.5194391414181446e-23,8.727358926861363e-12,0.9999999999912725
P07079,Good,0.0034350852439509797,0.9965649145428508,2.1319823663601203e-10
P02107,Excellent,1.134334818525441e-17,3.75329690230081e-07,0.9999996246703099
P09133,Average,0.999901429753046,9.85702469539922e-05,4.4468665215940176e-17
P08324,Average,0.3335555830941858,0.6664444169058134,8.343984228410264e-16
P06728,Excellent,1.4747715195360721e-15,0.005045827753933607,0.9949541722460647
P00673,Excellent,7.022316996094441e-22,6.683909913632248e-09,0.9999999933160901
P04891,Average,0.9999999999999998,1.436703294105554e-16,5.5161654630007565e-34
P08748,Good,2.110981200686302e-08,0.9999999788845124,5.675510710869956e-12
P05866,Average,0.1258852483830235,0.8741147516168993,7.714196212577314e-14
P02111,Good,4.2581768555144445e-14,0.999857161742473,0.00014283825748438435
P00660,Average,0.9999999999374303,6.256967894030851e-11,1.0097467024077826e-23
P06362,Good,0.21590132551245897,0.7840986744797768,7.764264068950593e-12
P09429,Good,9.246855116168915e-10,0.9881804061301793,0.01181959294513508
P03052,Excellent,2.7376589691702473e-30,1.9411701833977306e-17,1.0
P01154,Good,2.629306063011653e-09,0.9999538194740948,4.617789659902396e-05
P03364,Good,2.2465940498185795e-10,0.9999999997530373,2.2303301947887605e-11
P09835,Excellent,1.3665192620849145e-14,0.00015113115051435574,0.9998488688494718
P06501,Good,1.1032187008338175e-10,0.9999914231828063,8.576706871805476e-06
P04254,Good,2.0773824246573058e-09,0.9999999955495811,2.3730365413402603e-09
P02273,Good,2.696224099639715e-09,0.9999990090278016,9.882759743485748e-07
P03740,Good,0.987853274686708,0.012146725313267506,2.4581814612910314e-14
P08303,Average,0.9999999999992704,7.295531328118701e-13,2.4489379665534616e-27
P08038,Average,0.9999999748948429,2.5105157126878067e-08,4.769820764088066e-24
P05860,Average,0.9999999999178713,8.212876434325814e-11,6.824779510101145e-25
P05886,Good,1.6573177425321232e-08,0.999999971920822,1.150600054369671e-08
P05592,Excellent,2.0773318329852022e-22,2.9285156723929433e-12,0.9999999999970715
P08972,Excellent,8.40839825839164e-12,0.9979721060341794,0.002027893957412233
P06538,Average,0.9999999999945812,5.418850276972818e-12,5.597932027934276e-23
P04484,Good,2.7255704257231283e-05,0.999972744295664,7.871074717603847e-14
P04763,Excellent,1.2996261780462754e-11,0.4402351113022151,0.5597648886847886
P02748,Good,6.141122651606446e-10,0.9999999993701019,1.5785865084083713e-11
P06739,Average,0.9999999997642606,2.3573943169222035e-10,1.6694214128831744e-21
P05251,Excellent,6.252573565090963e-11,0.9999258015777933,7.419835968095272e-05
P09173,Good,6.745447290358954e-08,0.999999932542924,2.60308466177821e-12
P02279,Average,0.3912165448768166,0.6087834551225062,6.771094076995178e-13
P03132,Good,1.0760248401417554e-05,0.9999892396245424,1.2705611680482237e-10
P01341,Good,2.233503705582778e-13,0.9999999930424368,6.957339853319086e-09
P07845,Average,0.9999981892158896,1.8107841105313322e-06,4.318315486586595e-23
P06449,Excellent,2.6497234717425854e-21,1.4534134845223728e-10,0.9999999998546587
P06043,Good,4.864528874189502e-12,0.9999984245315224,1.5754636129812152e-06
P07600,Excellent,1.7212393837761884e-13,0.038839145160019156,0.9611608548398086
P08928,Excellent,4.707425599868135e-17,1.6773571975214477e-08,0.999999983226428
P09584,Good,6.132171791555286e-13,0.9648551829135672,0.035144817085819666
P02110,Excellent,3.425860147977328e-27,8.991547819798717e-13,0.9999999999991009
P04364,Good,1.6048601767277626e-09,0.6898593732221889,0.310140625172951
P04495,Excellent,3.0792684763209612e-30,5.879430074219501e-15,0.9999999999999942
P00389,Good,0.11248275136271348,0.8875172486367239,5.625292727785165e-13
P01959,Excellent,4.677998645184662e-14,7.165825032491432e-05,0.9999283417496283
P01016,Good,5.635236563679715e-11,0.9999318827865602,6.811715708742788e-05
P06310,Average,0.9999999149782194,8.502178062683605e-08,4.124159676851073e-21
P00909,Excellent,2.9041333174435627e-18,1.0364313065085463e-06,0.9999989635686933
P06070,Good,0.0002500969389584758,0.9997499030608603,1.8134790115878073e-13
P09887,Good,8.70889988500252e-10,0.9940562452835533,0.0059437538455566225
P08961,Good,1.1018522096693247e-08,0.999999210477562,7.785039160044874e-07
P06849,Good,0.0006558019524663131,0.999344198016355,3.117857943889738e-11
P01173,Good,4.4468317321465516e-09,0.9999965544183114,3.4411348569214382e-06
P07576,Excellent,1.2864477136844382e-22,6.1238174248616635e-12,0.9999999999938762
P02265,Average,0.9992682128770662,0.0007317871229338157,5.472710045000392e-18
P01703,Average,0.999999994785973,5.214026998970272e-09,2.0681633173189893e-20
P05777,Good,3.2154189172842426e-09,0.9999997995547611,1.9722981989848e-07
P00672,Good,3.8568445625944406e-10,0.9999624063096536,3.7593304661961136e-05
P07129,Excellent,1.7704570298755032e-20,1.9811941103536398e-07,0.9999998018805891
P04833,Average,0.9999999996720077,3.279922388189768e-10,1.5065876385598127e-23
P01965,Good,5.87029738768647e-17,2.1531757656561155e-05,0.9999784682423435
P04381,Excellent,2.6189646457702724e-12,0.98543295455197,0.014567045445411082
P01809,Good,1.4550463376210653e-12,0.9994164332992065,0.0005835666993384498
P07846,Excellent,2.8922404044439543e-24,1.3761823835240196e-13,0.9999999999998623
P07104,Excellent,1.3671902290160025e-19,5.468262960557101e-07,0.9999994531737039
P07356,Average,0.999997155997594,2.84400240608934e-06,1.7123039251448868e-22
P06537,Excellent,3.876820096638874e-20,2.4985916841263654e-07,0.9999997501408315
P01181,Excellent,4.824129805427775e-18,1.2182306587256452e-05,0.9999878176934127
P01411,Excellent,2.268779397891243e-20,3.7241760157422506e-10,0.9999999996275823
P06023,Good,7.457045949715444e-08,0.9999999254295295,1.0865483275470543e-14
P06095,Good,0.6509859754067677,0.34901402459227765,9.547158478214266e-13
P07489,Average,1.0,2.8748258718127957e-18,1.4102859681391313e-30
P05699,Good,0.8714917787756141,0.12850822120282926,2.1556727544125057e-11
P09225,Excellent,2.4249158568221275e-19,1.007148356950975e-06,0.9999989928516431
P06938,Good,1.1483756416474925e-06,0.9999988515614358,6.292264535240422e-11
P01878,Good,5.344333089967671e-11,0.9999892405354417,1.075941111489435e-05
P09255,Average,0.9999999999412283,5.877157711061524e-11,3.256393335478408e-25
P09489,Excellent,3.894876360577818e-18,6.694828220970276e-09,0.9999999933051718
P09812,Average,0.9999999995474582,4.5254184560412766e-10,2.2565099596555844e-24
P08495,Good,5.385812862756353e-13,0.9997187836649286,0.00028121633453265753
P04380,Average,0.999999999937969,6.203093788836888e-11,1.1456506677155388e-21
P08596,Average,0.9999992460589955,7.539410044477152e-07,3.747426158387264e-17
P06407,Average,0.9999993270871058,6.72912894331672e-07,9.676428807531747e-23
P01926,Excellent,4.587509751122398e-23,5.419602480153378e-12,0.9999999999945803
P07066,Good,0.9991688547939082,0.0008311452060916122,2.872202114219164e-16
P00083,Good,2.0881161000902902e-05,0.9999791188347397,4.259513381610772e-12
P03806,Good,1.060132378509937e-12,0.9999985453614831,1.4546374566600584e-06
P09244,Excellent,6.412070393442127e-34,2.9850094952397904e-19,1.0
P00665,Excellent,9.120896083342445e-16,1.5454574256344267e-05,0.9999845454257428
P00184,Good,0.00018833967829276187,0.9998116603205031,1.2042641623618963e-12
P03728,Good,1.2273255173245756e-11,0.9999995638385317,4.3614919500547113e-07
P00139,Excellent,3.4989496225500566e-19,2.807191646709349e-08,0.9999999719280835
P08432,Average,0.9999999963306363,3.669363582491176e-09,8.99880321167217e-20
P04332,Good,8.86044604638537e-11,0.9999999997592901,1.5210539371478504e-10
P01347,Good,6.894445102008463e-08,0.9999983391363723,1.5919191766769316e-06
P09894,Good,3.285145589283984e-09,0.9999999967145998,2.5457675638025253e-13
P05376,Excellent,8.31131012196996e-25,1.3161512404936503e-11,0.9999999999868385
P02670,Average,0.9999999999051041,9.489594253605357e-11,1.485495359767762e-27
P02135,Average,0.9999993829683042,6.170316958263168e-07,7.850435143522254e-18
P09544,Excellent,6.756170387084984e-21,2.0875916365238287e-10,0.9999999997912408
P07861,Good,3.77169012743803e-12,0.9999999989833133,1.0129150223870385e-09
P06759,Excellent,8.269002458666344e-18,5.348850044419878e-07,0.9999994651149956
P09184,Good,3.0062402833172726e-10,0.9999997661944677,2.335049081973262e-07
P04703,Average,0.9999999999999998,2.0182913978347928e-16,4.297986224721962e-34
P01433,Average,0.9999999999847822,1.5217717095772717e-11,7.803236319506014e-28
P04536,Good,1.720938935792955e-05,0.9999827906106029,3.918613090943705e-14
P03028,Excellent,1.8766812638758416e-18,3.636537502023938e-08,0.9999999636346251
P04246,Excellent,7.416788182150745e-24,1.4816262474375135e-12,0.9999999999985183
P02846,Good,3.2455044350760667e-13,0.9999801052203398,1.9894779335652005e-05
P02585,Excellent,2.7558562939965303e-15,0.003538739825043189,0.9964612601749541
P04371,Good,2.0823581188029696e-11,0.9719708355515448,0.02802916442763161
P06303,Excellent,4.426607543206427e-11,0.010354154342339602,0.9896458456133944
P03594,Average,0.9999999999999436,5.636462388152728e-14,1.4640214391288094e-26
P07136,Good,0.34570476373865155,0.6542952362587041,2.6443437243118994e-12
P07552,Average,0.9999999999994582,5.418276152577557e-13,6.332744499832754e-30
P06293,Good,9.91263496369345e-09,0.9999999898652653,2.2209966396624635e-10
P02974,Average,0.9999998719779333,1.2802206667557522e-07,1.7887101991116235e-19
P03269,Good,8.849276299341075e-09,0.9999999778261721,1.3324551513054837e-08
P00448,Average,1.0,1.5686292237137992e-17,9.153093652827847e-29
P08962,Good,1.4744477147102582e-05,0.9999852480809381,7.441914865517863e-09
P00696,Excellent,1.3107037585342306e-18,8.594562509400353e-07,0.999999140543749
P05305,Good,6.717186235294534e-13,0.9999998671468205,1.3285250768984893e-07
P04863,Good,9.657558481506966e-14,0.9999999220129322,7.798697115593838e-08
P06596,Average,0.09571507906794605,0.9042849209319639,9.009189260751135e-14
P09854,Average,0.9999919894068744,8.010593125580739e-06,1.507475728579776e-19
P01719,Excellent,2.1987326242439274e-28,6.657945950592936e-13,0.9999999999993343
P01822,Good,1.4602039323432302e-05,0.9999853979604515,2.2512921846505647e-13
P03142,Average,0.9999999980145122,1.985487788667692e-09,3.244497380512196e-20
P06487,Excellent,1.899543301228649e-11,0.9679758312566925,0.032024168724312074
P09180,Average,0.9999999998894147,1.1058522529060811e-10,5.688172473353105e-27
P06878,Excellent,4.827611765959539e-31,1.0367698351852927e-17,1.0
P06105,Excellent,5.903112056039275e-22,6.36187432050937e-11,0.9999999999363813
P08791,Good,0.002042447133694962,0.9979575528662816,2.3296012246961525e-14
P08309,Good,5.739645842012397e-10,0.9999999983112853,1.1147501668719719e-09
P05657,Excellent,1.7456905555662866e-38,8.335186975300112e-22,1.0
P07093,Average,0.9999999989411716,1.0588282880136484e-09,3.528328887167239e-21
P03710,Excellent,3.577180856297695e-19,7.249984262427536e-08,0.9999999275001573
P03126,Excellent,2.1185819154876522e-23,3.1371410171131826e-14,0.9999999999999687
P00843,Good,9.874895258141464e-10,0.999999994798588,4.213922414449692e-09
P05185,Good,2.076237136637676e-05,0.9999792375331586,9.547500195406697e-11
P03585,Excellent,1.858951989170455e-15,2.7098437999224223e-06,0.9999972901561982
P02874,Good,5.5910707836142115e-08,0.9999999440892631,2.9130826395005836e-14
P01776,Good,8.517339612996968e-15,0.0016149228171684032,0.9983850771828232
P05502,Good,8.279404642313633e-08,0.9999999152508804,1.9550731311017926e-09
P07110,Good,0.0019439976113900688,0.9980560023663941,2.221575306696941e-11
P01758,Excellent,5.5777300101937344e-21,5.113869980704324e-09,0.99999999488613
P00504,Good,0.2245605037520176,0.7754394962339889,1.3993559871092944e-11
P05974,Good,1.837187410744274e-11,0.7222464371625347,0.2777535628190934
P00874,Excellent,2.2214518165898985e-22,4.601865854632847e-10,0.9999999995398134
P09081,Excellent,1.0372394290647523e-16,0.0003788063878983199,0.9996211936121017
P01221,Excellent,1.5908665648387212e-14,0.0021169882730087014,0.9978830117269755
P08760,Average,0.9997782966923628,0.00022170330763716746,1.5734812772905294e-17
P04516,Excellent,5.564829949640641e-26,1.2935369789178075e-15,0.9999999999999987
P01575,Average,0.9999999606917864,3.930821355323175e-08,2.9523560917330138e-24
P08430,Average,0.9999999999998888,1.1115956238339313e-13,1.7435830631692113e-27
P07220,Excellent,9.854746835039793e-24,3.4753703542353145e-11,0.9999999999652462
P07847,Excellent,4.8334879764938795e-11,0.9770674048826229,0.022932595069042147
P01875,Good,0.7525686279542553,0.2474313720455596,1.851486585758338e-13
P07705,Excellent,1.12543268804127e-31,5.019349294087572e-18,1.0
P01584,Average,0.9999999999999993,7.499516373177746e-16,1.2725773385212284e-30
P00134,Good,4.860060751550046e-11,0.9999999996836664,2.677329749264523e-10
P08830,Good,0.04404488856778401,0.9559551114322157,3.250780296895074e-16
P00933,Excellent,5.341942573017147e-13,0.5041211155212361,0.4958788844782297
P07957,Excellent,3.061961002718172e-17,1.4324270954559976e-06,0.9999985675729045
P08359,Excellent,2.8445716408255023e-21,1.1430067087153341e-09,0.9999999988569932
P04525,Excellent,2.1970236501980993e-20,2.3429020684245006e-10,0.9999999997657099
P00334,Good,6.809958341647538e-06,0.9999931900414095,2.4898489601229825e-13
P03185,Good,2.2953575242632813e-11,0.9999999819921958,1.7984850784085764e-08
P06408,Excellent,4.364795805658151e-24,5.134160644579972e-11,0.9999999999486584
P01527,Good,1.1891528184012304e-09,0.9828917642879338,0.01710823452291338
P02310,Good,9.669424635221749e-11,0.9999999997660953,1.372104415539967e-10
P05221,Excellent,2.88177614003622e-33,6.896174274887931e-21,1.0
P05626,Average,1.0,1.2257933699393325e-18,1.3090996454533443e-39
P04070,Excellent,5.661482040159689e-20,1.3287853019390145e-08,0.999999986712147
P09163,Good,4.1410753066360614e-07,0.9999995858924376,3.1822756461882976e-14
P08757,Excellent,1.2925882636867664e-23,2.1226321980836561e-13,0.9999999999997877
P06513,Excellent,1.2103396852936956e-23,1.9078049956804542e-14,0.9999999999999809
P05266,Good,3.0798919413423914e-07,0.9999996919969143,1.3891533560067951e-11
P04483,Average,0.999999715178948,2.848210520257051e-07,8.255202912319558e-19
P07557,Good,6.851112201136733e-08,0.9999999310860282,4.0284966286070023e-10
P06811,Good,7.416156066658545e-07,0.9999992583840052,3.8822789624869846e-13
P05414,Average,0.9999293185886675,7.068141133249585e-05,3.1045162178178824e-20
P01252,Excellent,8.3528567713219e-18,3.443459398147822e-05,0.9999655654060187
P00066,Good,1.9258100673206662e-10,0.890098606304561,0.10990139350285817
P07469,Excellent,1.413882424902777e-25,1.1116884133073765e-15,0.9999999999999989
P03472,Good,1.0486708737469486e-11,0.9999999990048505,9.846627039820996e-10
P06505,Average,1.0,5.2650272645758504e-17,2.4443509353032354e-34
P02743,Good,9.807277246596564e-10,0.999999999019128,1.4425711184971634e-13
P05130,Average,0.9999997347109089,2.652890912337153e-07,2.794365734221766e-21
P05224,Excellent,1.5226093997349292e-22,1.457044476798999e-12,0.9999999999985429
P02262,Excellent,1.2854579751763936e-19,1.671143679360182e-08,0.9999999832885632
P01654,Excellent,3.818015592675754e-16,2.4722148188895062e-05,0.9999752778518107
P03625,Good,9.324710135796165e-08,0.999999906608508,1.4439071573586596e-10
P08456,Average,0.6834803636509009,0.3165196363489974,1.0171902552742927e-13
P00475,Good,4.675001932248689e-13,0.6316381883419606,0.36836181165757176
P08780,Average,2.6659594020749043e-05,0.9999733402025767,2.034027088230611e-10
P04443,Average,0.9932815771321394,0.00671842286785776,2.820176979706255e-15
P06773,Excellent,8.954547589026662e-18,1.5786738092772402e-06,0.9999984213261908
P07471,Good,3.0890437736339098e-15,1.8701134642947563e-06,0.9999981298865325
P06188,Excellent,1.6119669835718483e-25,4.901286449999142e-13,0.99999999999951
P00432,Average,0.9999999999998941,1.058818684815853e-13,3.1177136566823744e-31
P09300,Excellent,2.0023088854071142e-28,1.2322548323833159e-14,0.9999999999999878
P04547,Excellent,1.55009376385086e-32,2.965990656927516e-15,0.9999999999999971
P08969,Excellent,1.7073046739637329e-15,6.295177058232698e-05,0.9999370482294159
P06138,Average,0.9999971188125644,2.8811874355192705e-06,1.975887937831462e-19
P08703,Average,0.9999999993674176,6.325823520638432e-10,3.0271272950263466e-23
P05270,Excellent,2.1829153754173238e-23,3.939184613562075e-15,0.999999999999996
P03934,Good,4.2589691441719515e-11,0.9999968377302382,3.1622271720652536e-06
P07854,Average,1.0,2.1317478931765605e-21,1.3978831722362538e-35
P01732,Excellent,2.152064059613872e-15,0.0008554111576295759,0.9991445888423681
P01543,Average,0.9999999987512098,1.24879010360727e-09,3.445500753901239e-21
P00877,Good,0.8093022217333893,0.19069777826653259,7.82360398987342e-14
P04145,Average,0.9999999999999998,2.1076556585275056e-16,5.8506285275124025e-28
P06103,Average,0.9999994759920178,5.240079822982126e-07,1.4690087548014829e-21
P03411,Good,1.0754553345707308e-09,0.999999777301592,2.216229527618666e-07
P01116,Excellent,4.020756020332764e-31,2.245011349162867e-17,1.0
P09040,Good,4.393452218544381e-10,0.9990445077703414,0.0009554917903134746
P04255,Excellent,1.888881215951079e-20,7.772891829765831e-08,0.9999999222710816
P01279,Good,0.2701653760354201,0.7298346239645742,5.643758020889503e-15
P08865,Excellent,1.2489675355079638e-24,2.412390732672664e-11,0.9999999999758762
P04767,Average,0.9999942907325612,5.709267438818608e-06,3.0931409124217907e-18
P07597,Excellent,2.46966298445956e-19,2.217785973852382e-09,0.999999997782214
P02247,Excellent,4.140831965343755e-18,3.486919041730505e-08,0.9999999651308097
P01557,Average,1.0,2.5709561905287737e-17,5.012597063285366e-35
P08016,Excellent,9.753348456089814e-23,2.7649203935201145e-10,0.9999999997235081
P08024,Average,0.038789436604101564,0.9612105633958975,8.22365812799959e-16
P03468,Good,1.956900583473175e-05,0.9999804309934291,7.360674836199018e-13
P05656,Excellent,7.057872264140444e-19,3.7158296242996973e-08,0.9999999628417038
P09260,Excellent,1.6862324159862937e-21,7.137115698608964e-12,0.9999999999928628
P08121,Average,0.9999999999289408,7.105923161982241e-11,7.905882707540644e-23
P04816,Average,0.9999811381813859,1.8861818614183467e-05,2.3197575244796572e-17
P09014,Good,1.4271940381214397e-11,0.999995422821717,4.577164011131917e-06
P06964,Good,3.616894493670385e-07,0.9999996380231819,2.8736859260713545e-10
P09880,Good,3.652075914954376e-12,0.9981686347005638,0.0018313652957840643
P04354,Good,0.000137172894523401,0.9998628261798174,9.256593489308192e-10
P02218,Good,0.32663588728663856,0.6733641127131118,2.496398173143553e-13
P08892,Good,1.349196704506509e-08,0.9998206904385769,0.00017929606945599416
P06393,Average,0.99999998193721,1.8062789961013906e-08,1.9232066835626168e-20
P06472,Good,9.93573612068863e-10,0.9940243416935691,0.005975657312857259
P00439,Good,2.9396864090013733e-07,0.9999997054718558,5.595033714802374e-10
P04964,Average,0.999999999999988,1.2079568802721816e-14,8.535230403130539e-32
P00585,Average,0.9999999999403455,5.965444178559405e-11,4.1843608145690095e-29
P00375,Excellent,6.343326126456118e-24,5.330418732435436e-12,0.9999999999946696
P07726,Average,0.0003306521049650802,0.9996693477296824,1.653525593002185e-10
P03766,Good,0.09923613421901827,0.9007638657808441,1.3752190310230715e-13
P07053,Excellent,3.227503766827649e-24,1.8229080922482676e-12,0.999999999998177
P01990,Excellent,3.821874166716383e-21,2.4712219126565303e-10,0.9999999997528779
P09999,Good,6.540384619683017e-13,0.9703987624577614,0.029601237541584682
P05178,Good,5.695405696859554e-12,0.4719724151716888,0.5280275848226157
P05089,Average,0.9697322089544567,0.030267791045504217,3.9182020337674655e-14
P05865,Excellent,1.245410806499377e-13,0.2896948820594227,0.7103051179404527
P06083,Excellent,4.570432943620671e-15,8.214248059552238e-06,0.9999917857519358
P04823,Excellent,7.532548601612256e-18,0.0005419147449022983,0.9994580852550977
P06918,Good,7.520995890043184e-08,0.9999999247120345,7.80067227662731e-11
P01923,Average,0.610795644779497,0.38920435522045077,5.2288710489563003e-14
P02060,Good,1.8387511662417595e-13,0.9999995653200147,4.346798015808396e-07
P06311,Excellent,1.5549340261995947e-14,5.746528535343559e-07,0.9999994253471309
P00254,Average,0.00041535495579965117,0.9995846450441994,1.0172902528223563e-15
P05136,Good,8.143382127740373e-11,0.4247784966079259,0.5752215033106404
P00708,Excellent,8.136835949498519e-27,3.265619113586156e-13,0.9999999999996734
P01827,Good,3.803502362056758e-09,0.9999999949582845,1.2382130039869381e-09
P09438,Good,3.288227735472297e-07,0.9999996662790381,4.898188246598281e-09
P03529,Good,7.922365964172309e-05,0.9999207763403487,9.660968406480424e-15
P02108,Good,4.2860902387625364e-05,0.999957139095884,1.7284572580217178e-12
P04475,Average,0.00013084829859188175,0.9998691517009539,4.541981578068138e-13
P09384,Good,3.343620226774439e-08,0.9999999661156815,4.48116049503185e-10
P02465,Excellent,1.2405732991638652e-18,1.1399578866025392e-07,0.9999998860042113
P00625,Good,1.3709705902913202e-05,0.9999862902874859,6.611230872685858e-12
P09615,Good,4.6593290108534275e-12,0.9997353905685855,0.00026460942675510626
P00781,Excellent,1.1320474124296763e-16,0.0001472376191425658,0.9998527623808572
P02799,Excellent,3.01096954282914e-25,4.593678156401682e-13,0.9999999999995406
P04773,Good,2.6456815399389806e-05,0.9999735431845407,6.00374278047324e-14
P05177,Good,1.7971142266468305e-05,0.9999820286743026,1.8343093384983455e-10
P03286,Good,4.7753572821002064e-08,0.999999951443418,8.030090323065096e-10
P08469,Average,0.24516553338458438,0.7548344666144444,9.712485121840294e-13
P08873,Good,7.414962233815903e-12,0.9970665020111136,0.002933497981471467
P08442,Good,1.4536541815322824e-08,0.9999999850034635,4.599946056271948e-10
P07284,Good,2.0019570405073398e-07,0.9999997998032065,1.0893172928105087e-12
P06850,Good,7.390390416310567e-05,0.9999260960938424,1.9943848127643304e-12
P07654,Average,0.992578380315887,0.0074216196840979545,1.5014932103281424e-14
P00237,Excellent,4.230623400958617e-28,9.886420266845412e-15,0.99999999999999
P09099,Excellent,4.866850112148275e-19,2.9012160460615515e-07,0.9999997098783955
P02169,Excellent,8.442738770593482e-20,1.1853655221319907e-10,0.9999999998814635
P09780,Average,0.9999526841491131,4.731585088625602e-05,6.386223578703947e-16
P07351,Good,0.015089782884235457,0.9849102171073941,8.37036530553686e-12
P05335,Average,0.9998306639079784,0.00016933609202147266,4.4329165283157856e-17
P05256,Good,4.290146965383804e-09,0.999999978209986,1.7499867000372117e-08
P02655,Good,1.0703742042910776e-05,0.9999892962577316,2.2550820430390147e-13
P06551,Average,0.9999992892742808,7.107257192807005e-07,1.9975131192461473e-20
P09379,Excellent,2.433127475955736e-22,2.726248167237454e-10,0.9999999997273752
P08904,Average,0.999908758233108,9.124176689211771e-05,8.80265646535895e-19
P09834,Good,3.530286083663926e-09,0.9999999964171438,5.2570087455732e-11
P09360,Good,4.589897758343714e-06,0.9999954096744612,4.2778039841585955e-10
P04064,Good,2.748546922341651e-08,0.9999999725144618,6.901015099817636e-14
P07675,Excellent,5.262949028349071e-24,1.2061391670858398e-13,0.9999999999998794
P03042,Excellent,4.8420492375484483e-20,3.029259475896114e-07,0.9999996970740525
P01741,Average,0.9998953212989199,0.00010467870108007938,2.7278419184014956e-22
P02305,Excellent,2.287479258308251e-25,7.420472573281418e-14,0.9999999999999258
P08588,Good,1.9579794814339226e-07,0.9999998041926123,9.439481514940069e-12
P09365,Good,0.40068986745766216,0.5993101325407546,1.5833239616031418e-12
P01507,Excellent,2.5241346744420526e-31,1.2658403620720783e-18,1.0
P04468,Average,1.0,1.128798721949739e-17,3.373151578315193e-31
P07934,Good,5.858138197835704e-16,4.3796251527481594e-05,0.9999562037484717
P08176,Average,0.9999997974848392,2.0251516071143688e-07,1.199620418065614e-21
P00762,Excellent,2.1110084371384876e-12,0.005125791034180357,0.9948742089637087
P01833,Excellent,9.570940182479198e-20,1.2907750394313953e-12,0.9999999999987093
P06970,Good,7.842049567088294e-10,0.9999999975519409,1.6638540676718323e-09
P08986,Good,2.566015607713647e-13,0.9999995088097414,4.911900020349876e-07
P09994,Good,1.522324089143369e-12,0.9999971561682696,2.843830208160285e-06
P08119,Excellent,4.49817752745511e-16,0.0013325945516672497,0.9986674054483322
P06707,Excellent,3.308964454138057e-17,4.905130922689657e-06,0.9999950948690773
P09828,Average,0.9999999999996398,3.6006207072239896e-13,2.34433109716903e-25
P07623,Good,4.7097514632708806e-11,0.993811528412959,0.006188471539943443
P08909,Average,0.9990469724163907,0.0009530275836093942,1.5328031841459633e-18
P07431,Excellent,1.2567440998383204e-18,4.8743962263170766e-06,0.9999951256037738
P01671,Good,0.00852317297584791,0.991476827024152,1.5218142214331896e-16
P06342,Excellent,7.676286608256854e-30,3.345449160800883e-18,1.0
P05852,Good,5.955540253045324e-12,0.9913689564997066,0.008631043494337813
P01294,Good,7.712639093866288e-05,0.9999228735518526,5.720874971024162e-11
P08669,Average,0.9998973838164694,0.00010261618353053205,3.012178039296391e-19
P00638,Excellent,1.2595138169146905e-34,2.2480838624811237e-19,1.0
P04892,Average,0.9999999999999742,2.5828570975481535e-14,3.3711141047709986e-25
P00796,Good,1.2664456647348631e-09,0.9999999986462575,8.729670070781804e-11
P06696,Good,8.929929908467701e-10,0.9999999991017312,5.275902380327807e-12
P04669,Good,8.011821097601728e-07,0.9999991889963813,9.821508985586589e-09
P00148,Excellent,2.338965016314126e-22,4.0460340496125404e-08,0.9999999595396595
P06620,Good,1.3369463941674857e-11,0.9999996967971989,3.0318943160600914e-07
P03757,Average,0.9999918934035126,8.106596487375138e-06,2.377661887896788e-22
P00678,Good,2.217858870945098e-12,0.9872845570903125,0.012715442907469666
P04385,Good,3.272206511127015e-10,0.9999977761847092,2.223488070193579e-06
P04046,Excellent,5.255749446950083e-19,7.594549307495917e-07,0.9999992405450692
P07160,Good,0.013943741336209806,0.986056258663453,3.372392696491803e-13
P01625,Good,1.1321310039356455e-08,0.9999999561491121,3.252957790055296e-08
P06319,Good,1.191981621006541e-12,0.05030340435886041,0.9496965956399476
P06841,Excellent,4.282907361806065e-18,0.0010545942455959813,0.998945405754404
P08379,Excellent,4.636649794826054e-28,7.286392674326495e-17,1.0
P02823,Good,8.883459115227918e-10,0.9999999980291714,1.0824827117425356e-09
P09918,Average,1.0,6.799059549770826e-19,1.3062910386586663e-36
P09890,Good,1.1699903559782938e-10,0.9994575744443798,0.0005424254386212704
P01663,Excellent,8.916242161381044e-23,6.609048274083764e-10,0.9999999993390951
P05164,Good,0.9996686559882826,0.00033134401171728797,7.923857265821778e-17
P00420,Good,0.001041536687167728,0.9989584633120051,8.271178251953305e-13
P07749,Excellent,2.2805268379217284e-12,0.8976390511286794,0.1023609488690402
P08217,Excellent,1.0308398847404224e-22,3.5531595265615093e-12,0.9999999999964468
P02567,Good,0.05176654462908437,0.9482334553709133,2.2680726798915073e-15
P07080,Excellent,1.5960656053714193e-24,2.2061747531902558e-13,0.9999999999997793
P09848,Excellent,2.7587204549966052e-11,0.7879649133230192,0.21203508664939355
P00834,Good,7.774911652556984e-10,0.9996998717049903,0.00030012751751854215
P02166,Average,0.9961174247816224,0.0038825752183775826,9.231883407927417e-17
P06092,Average,0.9999999990876047,9.123952562117531e-10,1.971998049449555e-22
P05985,Average,0.999999999957917,4.2082951245080506e-11,3.820822347289119e-24
P06839,Good,6.257742268688825e-08,0.9999999335151093,3.90746794456297e-09
P09675,Excellent,2.61848443934636e-28,6.467852249980615e-16,0.9999999999999993
P07582,Good,2.276068516864277e-10,0.9250389551435876,0.07496104462880544
P00561,Average,1.0,3.229487680314482e-18,4.2647253601855e-30
P02712,Excellent,1.8061837279538104e-14,0.009614858833848612,0.9903851411661333
P04782,Average,0.9999999999977296,2.270481593234652e-12,2.7344922133032547e-26
P05874,Average,0.9999999999989295,1.0705466108825507e-12,4.396814248821013e-26
P08811,Excellent,7.792050474828683e-18,2.3481874969624675e-08,0.999999976518125
P03088,Good,5.0616000878271085e-12,0.09471368003739326,0.9052863199575453
P05205,Average,0.27307972892762594,0.726920271072372,2.0544266156885166e-15
P05990,Good,3.9373921899301653e-08,0.9999999606260686,9.578395682861196e-15
P03699,Excellent,2.1846432680117637e-18,5.388280561790122e-07,0.9999994611719437
P04551,Excellent,1.200842592334255e-16,1.4114538951389952e-06,0.9999985885461047
P04972,Average,1.0,1.5007700400866957e-19,1.3995863570211301e-34
P00487,Average,0.9999999441167329,5.588326708128869e-08,5.8580966270857744e-24
P06685,Excellent,1.4379728576561336e-28,3.8834732641487614e-17,1.0
P01704,Excellent,5.589319207227804e-19,2.5644515502627483e-05,0.9999743554844974
P04877,Excellent,4.107351539134091e-18,2.165481544737873e-07,0.9999997834518455
P00023,Good,7.050041785095547e-10,0.9999659528338264,3.404646116952003e-05
P09945,Good,9.754597908081969e-05,0.9999024540171932,3.725835695516701e-12
P00169,Excellent,1.7023985346796396e-23,6.765301087217197e-12,0.9999999999932347
P08992,Excellent,1.3030367818161208e-20,5.1394673207723915e-11,0.9999999999486053
P05470,Average,0.9960090745734299,0.003990925426569805,1.784855984048382e-16
P06687,Good,3.791384316939011e-12,0.10006568854405147,0.8999343114521573
P07379,Average,1.0,2.6354757103874264e-23,6.422790262792869e-38
P00719,Average,0.9999997503777803,2.4962221965358194e-07,7.54920831508324e-18
P00757,Excellent,4.442477891619908e-17,0.00048597837781835237,0.9995140216221816
P07007,Good,0.00029474989410385044,0.9997052498980302,2.0786593958266188e-10
P09825,Good,5.280962488602839e-08,0.9999999470055884,1.847867253469582e-10
P03535,Excellent,1.9138093651588744e-10,0.9999996563627773,3.434458418357677e-07
P06481,Good,1.5402180416730414e-10,0.9999999998377112,8.267120423033564e-12
P07704,Good,1.2256585208334224e-12,0.9999358681725942,6.413182618016025e-05
P06595,Good,1.343335566655341e-09,0.9998105823563913,0.00018941630027306767
P03787,Good,3.816119958271563e-08,0.9999999618327072,6.0931218742384074e-12
P08174,Average,0.9955270925805713,0.004472907419236412,1.922764486748834e-13
P06621,Average,1.0,2.2883152095374328e-18,5.919718125333749e-37
P00962,Average,0.999999998177129,1.8228709068470233e-09,1.0764842567068544e-23
P09045,Good,2.9184287226306e-09,0.9999999966729205,4.086508425384659e-10
P02782,Good,1.1099779749077837e-10,0.999993409658357,6.590230645217453e-06
P02850,Good,2.0763696540074044e-11,0.9999999996959759,2.8326041387644497e-10
P03027,Excellent,5.3044701999832595e-15,9.740923726174247e-07,0.999999025907622
P05032,Excellent,9.737265255876849e-36,2.9821387684315294e-19,1.0
P02709,Good,0.0002644154191653594,0.9997355845754665,5.368014045656722e-12
P01296,Average,0.9999999999754794,2.4520619715724844e-11,5.773364611459122e-23
P07353,Excellent,1.6123999682488791e-18,1.3342455967785654e-10,0.9999999998665754
P02548,Excellent,1.6968491269048563e-16,2.815814956825714e-05,0.9999718418504315
P05107,Excellent,4.391347927686979e-25,2.6852931281541327e-14,0.9999999999999731
P07206,Good,4.688564937811778e-12,0.9999999981930305,1.8022809378885617e-09
P00698,Good,6.094890925198122e-14,0.9999743912147985,2.5608785140702723e-05
P03019,Good,1.5953731223588735e-11,0.9999200656657914,7.993431825480283e-05
P03516,Good,9.086890612748843e-05,0.9999091299200181,1.1738543002527584e-09
P05587,Excellent,1.2141314152843183e-20,1.3885553022262935e-10,0.9999999998611444
P03583,Average,0.9999732285294093,2.677147059039919e-05,1.5512863225118454e-16
P06352,Good,1.6331553116055247e-08,0.9999999836670521,1.3947771236763026e-12
P01177,Good,0.013099522921640494,0.9869004770675708,1.0788773358939501e-11
P02080,Good,5.073009300936889e-08,0.9999999492379371,3.1969836941946206e-11
P00718,Excellent,7.051565067327969e-15,0.000465201799112282,0.9995347982008806
P04971,Good,0.00025961527254302167,0.9997403847188955,8.561451924899697e-12
P07875,Good,6.975591010057156e-13,0.9934148298552388,0.006585170144063649
P02154,Excellent,8.91690390908074e-24,2.0111824845313103e-12,0.9999999999979887
P00181,Average,0.999999999998286,1.7139444682113554e-12,9.424525575816404e-27
P07805,Good,8.52984638427193e-09,0.9999805098117178,1.9481658435844464e-05
P01049,Average,0.9999997325131,2.67486900003553e-07,2.313658115951772e-20
P03540,Good,0.998573629315196,0.0014263706847894386,1.4384275648061207e-14
P00153,Good,2.8360096338886646e-05,0.9999716398896198,1.4041339714028202e-11
P02175,Average,0.9999999999259512,7.404882151590427e-11,2.5094109051576912e-23
P02475,Excellent,1.2825725437059999e-27,1.783655515530063e-17,1.0
P04432,Excellent,1.0725602704685655e-19,7.496378130272727e-09,0.9999999925036219
P08720,Average,0.9999999999999873,1.2650658601679322e-14,2.0973532581517818e-29
P06274,Good,0.9397706542690621,0.06022934573081587,1.2198926031775075e-13
P05146,Excellent,1.7617433223631003e-13,0.9959943913458762,0.004005608653947561
P04441,Good,6.239506459887545e-08,0.9999999375464369,5.849846631417577e-11
P06469,Excellent,3.030044383558305e-20,1.5571964875982542e-08,0.9999999844280352
P04967,Excellent,2.2289385107531132e-29,1.509547424635622e-17,1.0
P01615,Good,7.371315449111762e-11,0.9999999999193678,6.919041191765888e-12
P03968,Excellent,9.780387612973767e-17,2.540486158054875e-06,0.999997459513842
P06477,Excellent,4.2465273124361906e-24,4.846275046875111e-13,0.9999999999995153
P00307,Good,9.705029728477999e-13,0.9999999856262354,1.4372794158091643e-08
P05969,Good,2.6151908818408286e-09,0.9999556304801427,4.436690466635324e-05
P05423,Good,0.9284856463909094,0.0715143536090641,2.6476884625103224e-14
P04843,Good,6.685996480071595e-11,0.993263236124473,0.006736763808667129
P00403,Good,1.193281479361724e-09,0.9999998476841873,1.5112253122258728e-07
P09206,Average,0.9999998737286475,1.2627135260966156e-07,2.8752932455555763e-19
P03854,Average,0.9999999963503075,3.649692522065922e-09,1.1626547423674582e-20
P00049,Good,5.5668451458002264e-11,0.9945990481499262,0.005400951794405314
P00339,Good,0.0007257304833375913,0.9992742695166572,5.234076941598386e-15
P07234,Excellent,1.4411970261685398e-16,2.3668758113286443e-06,0.9999976331241883
P01235,Good,3.969843995798562e-11,0.9999999993203361,6.399655158363349e-10
P01925,Average,0.9999512018944539,4.8798105546119075e-05,4.1096596484209106e-21
P01019,Excellent,2.881931399634426e-18,0.006915062707444267,0.9930849372925558
P05758,Good,7.23192554142253e-06,0.9999927680640124,1.0446240444512517e-11
P03877,Good,9.08752721617939e-09,0.999999990912472,7.10132743418588e-16
P05759,Good,1.148808622262056e-08,0.9999999874276745,1.0842391491699564e-09
P02448,Good,4.132009569114366e-08,0.9999999582013372,4.785671779634138e-10
P07788,Average,0.999848459040995,0.00015154095900505967,2.0059793431742865e-17
P07578,Good,7.747658946181163e-15,0.016401314651133588,0.9835986853488587
P08214,Good,2.967073825894522e-07,0.99999970317981,1.1280742653142801e-10
P07015,Excellent,1.7019963056670324e-17,8.67603165490166e-08,0.9999999132396835
P07320,Good,2.011010986267315e-08,0.9403136667334572,0.05968631315643293
P06549,Excellent,5.589840042564378e-13,0.9999865450767098,1.3454922731209868e-05
P00870,Average,0.9999999999999989,1.0576324555096074e-15,1.3140414569032177e-30
P03923,Excellent,1.0427582374799303e-16,0.0031919368783327774,0.9968080631216673
P05512,Excellent,1.7681742504120787e-18,8.252796223760042e-10,0.9999999991747204
P09361,Average,0.9167142832099087,0.08328571679001547,7.58419218089574e-14
P02839,Average,0.99999426103425,5.738965749858522e-06,6.66829872519754e-19
P01611,Excellent,2.6149447397864185e-15,2.6188100107786204e-05,0.9999738118998895
P02386,Excellent,2.5188470401767255e-22,1.3178647882210534e-11,0.9999999999868214
P01396,Excellent,5.169724296179204e-25,4.806946429627947e-12,0.999999999995193
P01533,Average,0.00038355786148508024,0.9996164421255455,1.2969482234786586e-11
P09177,Good,1.3400876632873242e-07,0.9999998103604497,5.563078385584954e-08
P01447,Good,2.6883964220028684e-05,0.9999731160343882,1.391839246864952e-12
P02048,Good,1.2326132646270521e-10,0.9999999998598168,1.6921924853035022e-11
P06055,Good,6.272097038103992e-12,0.9998460379580283,0.0001539620356995941
P09901,Good,2.6445168591776667e-10,0.9999999359209167,6.381463147664458e-08
P07575,Good,1.909808669200447e-09,0.9999999933149608,4.775230429861025e-09
P04311,Average,0.9998163975999758,0.00018360240002414022,2.0341115614597497e-19
P00063,Excellent,2.3593506372073952e-18,1.18500737302084e-06,0.9999988149926269
P00780,Good,1.1319937111804578e-13,0.9999999999913505,8.536323974302198e-12
P03797,Average,0.9999999999999987,1.3666913706540831e-15,5.848353854978308e-27
P01093,Excellent,1.0225854465867737e-12,0.07301451666139355,0.9269854833375839
P09935,Average,1.0,9.132106517302594e-22,2.843368763522568e-37
P01908,Good,4.276773477650392e-05,0.9999572322037842,6.143937826792927e-11
P09727,Excellent,4.688627564923924e-21,7.86442709643476e-10,0.9999999992135573
P08338,Excellent,1.7714519971574784e-19,3.199128592272846e-08,0.999999968008714
P08112,Good,1.0715797856454449e-11,0.9996048954698514,0.00039510451943272753
P04345,Good,2.1733554688459592e-11,0.969538670181804,0.030461329796462343
P09906,Average,1.0,1.0153267228077068e-16,8.720177136752049e-31
P03883,Good,0.8255030746885077,0.17449692531141164,8.06485382441884e-14
P01536,Good,1.5227691290707275e-09,0.9999997900137115,2.084635193634197e-07
P09129,Average,0.999684107631139,0.0003158923688471349,1.3964888710705207e-14
P06664,Excellent,3.4220214444685994e-10,0.9999866070042094,1.3392653588397962e-05
P08381,Average,0.9999999999778413,2.215880639893571e-11,1.6386360084470325e-28
P08348,Excellent,1.5688916420381716e-26,1.819436965192957e-14,0.9999999999999818
P00558,Excellent,2.3192630513870347e-32,5.721757406663268e-18,1.0
P08603,Excellent,4.086596993708355e-27,3.114199394107303e-15,0.9999999999999969
P01916,Good,1.2815356102213185e-11,0.9998281759884896,0.0001718239986949451
P01217,Excellent,1.8075915240664278e-17,3.1167395800775426e-06,0.9999968832604199
P07330,Good,2.8876404781006336e-06,0.9999971123506913,8.830631293223765e-12
P05360,Good,3.9880736672575645e-12,0.9999999968295801,3.166431842049039e-09
P06771,Excellent,4.273725558746028e-10,0.929783028433473,0.07021697113915441
P01693,Good,3.5831286275713635e-09,0.9999999863996991,1.0017172242054802e-08
P05331,Good,5.8102660656878864e-12,0.9999110596327464,8.894036144324014e-05
P03062,Excellent,2.826195474265167e-17,2.59541385662857e-05,0.9999740458614338
P04757,Good,5.209464889629347e-06,0.9999947905154006,1.9709751421325173e-11
P05651,Good,5.5730079330501285e-11,0.999999908809153,9.113511682935775e-08
P03500,Good,8.208483352212599e-11,0.9999999900352706,9.8826446006203e-09
P06281,Excellent,1.2096037614010114e-29,2.1989604273843453e-18,1.0
P05648,Good,3.387282747171502e-09,0.9999999965125586,1.0015871788494266e-10
P02405,Average,0.9999996534917864,3.465082135064829e-07,4.1124570278456966e-20
P05538,Good,1.86381717051625e-07,0.9999998135785301,3.975282642787298e-11
P09043,Good,4.047683298462017e-10,0.9999977560496354,2.2435455963540776e-06
P04402,Average,0.9998949150411919,0.00010508495880823711,1.6933090707731105e-19
P01928,Good,2.2606616734550174e-14,0.4501895122649451,0.5498104877350323
P04572,Good,2.0238477744226708e-08,0.9999999793574437,4.0407854672115394e-10
P07663,Average,0.9999988596945932,1.140305406736222e-06,2.991021421746466e-20
P02356,Excellent,9.175334859473505e-18,8.294522368919038e-05,0.9999170547763108
P08808,Excellent,9.558219451562144e-27,1.2901120982592185e-18,1.0
P03124,Excellent,1.4058230873203667e-21,7.200698170085052e-12,0.9999999999927993
P09483,Average,0.9999996020911173,3.979088827789755e-07,1.1567324795235428e-18
P05594,Good,1.7574543464599128e-09,0.9937480544466185,0.0062519437959271795
P00393,Average,0.9999999999456606,5.4339507801861276e-11,1.0471756975103694e-24
P04271,Excellent,6.211262526135827e-22,2.7247145221272256e-13,0.9999999999997276
P02569,Good,3.8145711475780476e-11,0.9960970110888161,0.003902988873038107
P01559,Excellent,1.0172712606948528e-35,1.2488220727071596e-20,1.0
P00881,Excellent,6.769643992038799e-23,4.1893649797038865e-13,0.999999999999581
P05377,Excellent,2.0362011655852767e-21,1.0723091578462597e-11,0.9999999999892768
P03652,Good,1.895515661099706e-12,0.9999985134540317,1.4865440726788258e-06
P03344,Excellent,9.41642562105913e-20,1.1068407944525777e-08,0.9999999889315921
P08316,Good,7.340793579473505e-13,0.0009704917527247574,0.9990295082465411
P02325,Good,2.4691408343339472e-11,0.9398117168084251,0.060188283166883585
P07923,Good,9.52341915837809e-08,0.999999904350541,4.1526731529975075e-10
P05292,Good,7.656482113482463e-05,0.9999234351767279,2.1372858320337834e-12
P00388,Excellent,1.846290629344013e-21,1.7005047228185468e-09,0.9999999982994954
P09756,Excellent,2.7209759409730855e-27,2.4428823437061067e-14,0.9999999999999756
P09934,Excellent,3.5410048470827896e-23,1.5559528213388135e-12,0.9999999999984441
P04548,Good,4.9578893438414234e-08,0.9999999496511195,7.699869904606024e-10
P08365,Excellent,4.956145841636394e-25,2.7120664364459196e-14,0.9999999999999729
P09155,Good,2.3738300392883736e-08,0.9999999762090047,5.269497314659323e-11
P08499,Good,7.51637548856624e-08,0.9999999245205052,3.1573978588600785e-10
P07493,Excellent,1.2285297597520807e-21,5.512261183598278e-08,0.9999999448773881
P03059,Excellent,1.817292414344063e-10,0.6262434838784336,0.3737565159398372
P02207,Average,0.9999999999844789,1.552122297389043e-11,9.443198463035483e-30
P00257,Good,0.007312632008139839,0.9926873675017106,4.901496188409886e-10
P01964,Good,5.243680698977423e-09,0.9999999947561722,1.4714925585991973e-13
P06686,Good,2.3766899066777637e-09,0.9999911899706295,8.807652680448527e-06
P00823,Excellent,1.091499268191286e-31,9.667126804437122e-20,1.0
P05163,Good,5.820928841103054e-09,0.9999999872811368,6.897934228833721e-09
P02424,Excellent,1.7042264288537244e-22,7.808099799819474e-12,0.9999999999921918
P01614,Good,1.3026078901934408e-11,0.9979534698437007,0.002046530143273211
P03618,Excellent,3.1229119311307336e-17,1.0952155996247398e-06,0.9999989047844005
P04899,Average,0.99999871125688,1.2887431200474865e-06,7.819661490462015e-20
P08869,Excellent,2.129782933640254e-12,0.009121617196745391,0.9908783828011247
P07341,Good,0.0010151378420212099,0.9989848621579496,2.916039321390918e-14
P09607,Average,0.9999947257426713,5.274257328616731e-06,2.806245434523571e-18
P05051,Average,0.9999999883089238,1.1691076111001553e-08,2.3180861716742614e-22
P09106,Excellent,2.642603544404502e-16,0.00013388047327776332,0.9998661195267221
P01660,Average,0.9999999999987745,1.2254055967564744e-12,2.6616159073710455e-30
P04009,Good,0.00027946901972437585,0.9997205309797916,4.838889007543965e-13
P09375,Excellent,2.567024602452356e-31,2.40256188929809e-18,1.0
P09734,Excellent,2.9502138313596436e-12,0.0006387280295066795,0.999361271967543
P01263,Average,0.8149837101216864,0.18501628987812657,1.8717640283067177e-13
P04701,Good,3.922433633427872e-05,0.999960775663035,6.305983638145965e-13
P00207,Excellent,1.2860496218706478e-14,0.0005545996850558763,0.9994454003149312
P03303,Average,0.9999999856362005,1.4363799597047664e-08,3.5992192681239925e-24
P01501,Good,5.924670101949489e-10,0.9999999899540216,9.453511420488496e-09
P01156,Excellent,5.1105138379424685e-24,6.339267053367332e-14,0.9999999999999367
P04969,Average,0.07537684061026693,0.9246231592377486,1.5198433309726332e-10
P09520,Average,0.9999981202380962,1.879761903605638e-06,2.1878667422009889e-16
P00263,Excellent,1.813817328556841e-14,0.004485134627210471,0.9955148653727715
P02394,Good,0.49846991235276134,0.5015300876448131,2.4255754559483277e-12
P01431,Good,0.002251912891362884,0.9977480870448061,6.383109334436521e-11
P05129,Average,0.9999999979171246,2.082875354549525e-09,2.813818915347365e-22
P04590,Good,1.2498943219093792e-06,0.9999987501056339,4.4272124307055436e-14
P04885,Good,1.2570087927855268e-09,0.9999999820452771,1.669771420640371e-08
P03145,Good,2.644711320224341e-10,0.9975625483580911,0.0024374513774376503
P09639,Good,1.372557996397654e-14,0.0006043523384032118,0.999395647661583
P01825,Good,5.403147068357133e-10,0.9999999973019214,2.157763844583391e-09
P01146,Average,0.7288241997125272,0.2711758002874689,3.843590977297546e-15
P08759,Good,1.0921595369936953e-10,0.9997682845155473,0.0002317153752366772
P07111,Average,0.9999999999998035,1.9649692208073872e-13,1.735864730185103e-29
P07256,Good,3.5513772827855407e-09,0.9999999674534921,2.899513064032392e-08
P06307,Average,0.9999998329641716,1.6703582839401633e-07,3.173136086125849e-20
P08484,Excellent,4.059316470510887e-13,0.010238321177723029,0.989761678821871
P09165,Good,1.296870319554233e-08,0.9999999867862375,2.450593305640673e-10
P06594,Average,0.9999999999999265,7.344629982686701e-14,2.8626261745966597e-27
P04791,Excellent,1.0881050382650821e-12,0.9918863551686578,0.008113644830254129
P01980,Excellent,1.3812614806861426e-15,8.645374891476513e-06,0.9999913546251071
P04216,Average,0.9999999643391132,3.5660886707121065e-08,4.8071399022586325e-18
P06519,Average,0.976017074635213,0.02398292536387547,9.115602834031456e-13
P06760,Excellent,1.4538948337246508e-17,6.055075211438149e-09,0.9999999939449247
P08192,Good,1.9838003548269413e-12,0.9999946872205517,5.312777464496053e-06
P09732,Good,1.7229285664742822e-10,0.9999987066169069,1.2932108002677617e-06
P05042,Excellent,1.6732352641937192e-22,1.3609118400739471e-10,0.9999999998639089
P01897,Excellent,9.760492934854088e-20,6.011308989124803e-09,0.999999993988691
P09327,Excellent,9.263338000080661e-13,0.0021505813439909446,0.9978494186550827
P04243,Excellent,7.213285300021903e-18,4.9467025445230145e-09,0.9999999950532974
P00755,Average,0.9996424687283937,0.0003575312716062095,5.579349140467261e-20
P08376,Excellent,2.8011025384349118e-25,8.137160341891789e-14,0.9999999999999187
P04652,Excellent,5.369658717611868e-20,1.1305765900028083e-08,0.999999988694234
P00835,Good,3.8809208564206436e-11,0.9808437290123753,0.019156270948815488
P06818,Excellent,7.48593385660007e-19,3.1302906007662804e-09,0.9999999968697093
P02872,Average,0.0006949934876489367,0.9993050065121153,2.357146575686984e-13
P05723,Good,1.8138377134446903e-05,0.9999818616226109,2.5456738390747407e-13
P09405,Excellent,3.857897091266343e-20,3.210140308353626e-08,0.9999999678985968
P02550,Good,3.0845815866828945e-06,0.9999961283433896,7.870750236613232e-07
P04103,Good,3.7377350867636385e-10,0.999999965172048,3.445417840348869e-08
P02001,Good,8.713231969584245e-11,0.9999976873678466,2.312545021123119e-06
P02119,Excellent,3.674493276083506e-24,1.3109837008068541e-11,0.9999999999868903
P01251,Excellent,3.293915093950091e-18,0.00014274431396735696,0.9998572556860326
P08036,Good,3.3676159968351934e-11,0.9999999993761475,5.901763658286914e-10
P00563,Good,0.00426858968311291,0.995731410315091,1.7961494446792167e-12
P06947,Good,7.712050547589009e-13,0.9999998987383596,1.012608692592883e-07
P00603,Good,2.5502449480420244e-05,0.9999744975480599,2.4595689777058786e-12
P05186,Good,7.745607737692666e-11,0.9999944168290478,5.583093496073098e-06
P08405,Average,0.9999954004000309,4.599599969020865e-06,5.207374367375639e-21
P04886,Good,1.6191106446580507e-09,0.9999999983756653,5.2239570775577675e-12
P00583,Average,0.9999999793563381,2.064366195790654e-08,1.0094388512341002e-20
P04564,Excellent,7.975476543813292e-22,4.113315700008356e-11,0.9999999999588669
P00080,Excellent,1.164839856100846e-16,0.000233215009737825,0.9997667849902618
P07694,Good,8.690478539897494e-08,0.9999998930197228,2.0075491781992577e-08
P03469,Good,0.0017329228608224034,0.9982670769671356,1.7204206926472272e-10
P09611,Good,2.792484747630123e-09,0.9999999972071127,4.023975009049847e-13
P08840,Average,0.05158001020034705,0.9484199897833555,1.6297418400476922e-11
P04029,Excellent,3.464434712110522e-20,1.002598212230829e-10,0.9999999998997402
P00776,Good,0.6079533545881176,0.39204664541188194,6.0680199727869055e-16
P03239,Good,2.100490109076142e-11,0.9999999982504253,1.7285699028538924e-09
P08132,Excellent,6.1923339809913685e-28,1.321357586635864e-15,0.9999999999999987
P05449,Average,0.9999999999995446,4.55470271946155e-13,1.0447071049620667e-27
P02739,Excellent,6.885495935309526e-21,1.6094858677186795e-10,0.9999999998390514
P05968,Good,1.828203511697646e-05,0.999981717953699,1.1184007005013526e-11
P09883,Good,0.00011280994497999292,0.9998871900549069,1.1320278339642969e-13
P00017,Average,0.9994136266119935,0.0005863733880060787,3.6754667918749386e-16
P04705,Excellent,2.181918856086876e-16,1.877009249707149e-06,0.99999812299075
P08335,Average,0.9990714739715413,0.0009285260284529881,5.742177621431216e-15
P02682,Average,0.9999999768793383,2.312066181638502e-08,1.4291375684099895e-21
P03789,Good,9.282204584235184e-09,0.9999999905047684,2.1302702453321422e-10
P03661,Average,0.9996469261355897,0.00035307386441023103,6.906131554428524e-17
P03747,Average,0.00017285288052934568,0.999827147082613,3.685778947616409e-11
P07223,Excellent,4.936094449264735e-16,2.2496848735545674e-05,0.9999775031512641
P04066,Excellent,1.936847581341453e-17,9.188113048862481e-08,0.9999999081188695
P06445,Average,0.9999986257207757,1.3742792242858327e-06,7.281211887776096e-21
P08945,Excellent,2.15307377730253e-28,2.40086340748583e-18,1.0
P04519,Good,1.05554910903747e-11,0.9999999917887678,8.200676856986578e-09
P05797,Excellent,1.348328782218419e-15,0.002336902224908706,0.99766309777509
P00710,Excellent,1.646090305313319e-16,6.023921855537107e-06,0.9999939760781442
P07648,Good,1.337663439946297e-07,0.999999866217892,1.5764033064470034e-11
P00160,Excellent,3.5175847535693417e-12,0.6448162246522868,0.3551837753441956
P01288,Excellent,3.3071904088056203e-15,0.2641067479473271,0.7358932520526695
P02078,Average,0.9999779035551499,2.209644484998505e-05,1.3691486606465513e-17
P09284,Excellent,3.035217273308583e-14,0.11568407131024885,0.8843159286897208
P07632,Excellent,1.3991492488619904e-19,6.430635832963806e-10,0.9999999993569364
P07706,Good,0.007014879417106689,0.9929851205649961,1.789708972848423e-11
P00374,Good,5.806973614934291e-12,0.9999689069465559,3.109304763723323e-05
P00527,Good,0.06914098352473447,0.9308590164344908,4.077478335914745e-11
P05551,Good,0.13066186931180696,0.8693381306874471,7.459802706248326e-13
P02407,Excellent,1.0506824213703769e-18,6.036188658713338e-10,0.9999999993963811
P07913,Good,1.5095837564405331e-12,0.9960367658531509,0.003963234145339357
P04435,Good,9.460971321583705e-09,0.9999999905386773,3.514672218077516e-13
P06003,Good,0.6067980896991234,0.39320191030083185,4.473415789722009e-14
P05655,Good,7.902445782909632e-11,0.9999999836074875,1.6313487980497336e-08
P06586,Good,3.2128295258438963e-08,0.9999999665778101,1.2938945579611392e-09
P02606,Excellent,1.4757295686746896e-25,8.667307462099438e-14,0.9999999999999134
P00767,Excellent,5.533631826797041e-15,0.000891462948928451,0.999108537051066
P08129,Good,0.002908292258433862,0.9970917077415073,5.880239350330742e-14
P03843,Excellent,1.6651471129276406e-24,7.680390678000541e-12,0.9999999999923197
P03790,Good,1.0119416611728021e-08,0.9999990463379944,9.43542588908388e-07
P05569,Good,1.1127367608359644e-11,0.9997689897550124,0.00023101023386016103
P07426,Good,3.1021083246630226e-08,0.9999999689785718,3.451000676815411e-13
P01413,Average,0.9999999743590369,2.5640963039403995e-08,1.1631382797210155e-21
P07050,Excellent,5.836835435713842e-26,3.699489698728988e-15,0.9999999999999962
P00591,Good,0.056754064110054465,0.9432459358895678,3.776684500708335e-13
P08701,Excellent,9.831146058444746e-15,0.1687107495489333,0.831289250451057
P07231,Average,0.9357689305465557,0.06423106945338568,5.864020886102469e-14
P06764,Good,4.345747795629588e-07,0.9999995649300516,4.951689394019059e-10
P03672,Good,8.292512591757353e-06,0.9999917074862066,1.2015499793825829e-12
P04176,Average,0.9994836046650133,0.000516395334986606,3.7352606719947354e-17
P02252,Excellent,4.003346014022404e-27,2.09913350415843e-15,0.999999999999998
P07609,Good,3.881525007505574e-09,0.9999999960984092,2.0065886080458483e-11
P03264,Good,2.21685744538813e-15,4.595592707772808e-05,0.99995404407292
P07364,Good,2.3079413612215753e-05,0.999976920586253,1.3491863482812598e-13
P09112,Average,0.9998138214757901,0.00018617852420989227,4.0774886293636683e-19
P09433,Excellent,1.9713564511988376e-20,5.7010963544429485e-08,0.9999999429890364
P02376,Average,1.0,2.3766028201726928e-24,1.699073020120705e-44
P03719,Average,0.9999999975288631,2.4711368389910855e-09,1.4021939393991517e-21
P08872,Excellent,9.45863228865538e-19,2.9338492208275557e-09,0.9999999970661508
P05484,Excellent,3.3430584994403974e-13,0.11849314713341826,0.8815068528662475
P03736,Excellent,2.3650637530764093e-28,1.3408996502820013e-16,0.9999999999999998
P04476,Good,0.03206969600329347,0.9679303039964211,2.853321111727168e-13
P04423,Good,1.6674130658121104e-13,0.9997528272577448,0.0002471727420883866
P01201,Average,0.9999999999999998,2.5564100997052004e-16,1.4869114944033309e-30
P02294,Average,0.9999999999344296,6.557044523885955e-11,1.639556919967464e-23
P05617,Excellent,3.2742961120463883e-15,4.8423013568332486e-05,0.9999515769864284
P05355,Average,0.9999999999955878,4.412331925377322e-12,6.55621658845649e-28
P09744,Good,2.753977872135136e-06,0.9999972458215041,2.0062368185659557e-10
P06466,Good,1.0242890005433728e-10,0.9999999927118193,7.18575183186137e-09
P09884,Good,2.6648048743182167e-12,0.9999999020829751,9.791436011265768e-08
P06022,Good,5.860429598434376e-09,0.9999999707146225,2.3424947951511665e-08
P03561,Excellent,9.514334080484077e-25,7.089705623594391e-13,0.999999999999291
P09513,Average,0.0003431259792927139,0.999656874005218,1.5489328859472535e-11
P06447,Excellent,4.672185718873791e-18,2.1404506316431163e-07,0.9999997859549369
P06146,Average,0.7640762099937618,0.23592379000590383,3.3437337701012083e-13
P07479,Excellent,2.657278390611888e-17,1.647617913823651e-07,0.9999998352382086
P00883,Good,9.243381118093152e-11,0.9672643179099812,0.03273568199758493
P08595,Good,5.1034873697637535e-12,0.9999999999402207,5.467575508561118e-11
P01399,Good,2.2408735293920656e-10,0.9999999797183905,2.0057522112232233e-08
P03889,Excellent,1.1358259300527224e-14,0.004511636617429326,0.9954883633825594
P05493,Good,2.540803164001302e-08,0.9999999731594849,1.4324834634928548e-09
P07757,Good,9.79778107383171e-09,0.9999999873655977,2.8366210903813387e-09
P08770,Good,1.3774651623981728e-10,0.999999999859233,3.0204178221819085e-12
P07339,Excellent,1.903863807570329e-17,4.16599879215113e-07,0.9999995834001209
P01860,Excellent,4.923310149773666e-24,2.2708276686422814e-13,0.9999999999997728
P04453,Average,0.9999999593996646,4.060033535953275e-08,4.0332131652941757e-25
P07438,Excellent,3.8353051538157586e-25,4.52417675536905e-13,0.9999999999995475
P01534,Good,2.0530713187465177e-09,0.9999998810893175,1.1685761111267803e-07
P08001,Excellent,1.040721280720488e-28,2.6491258849344904e-17,1.0
P02242,Average,0.9999999993799544,6.200456808231945e-10,1.2429842614011375e-29
P04760,Good,1.0762960380485948e-11,0.9999326782616552,6.73217275818316e-05
P09987,Good,1.1959152546327374e-08,0.9995144736736535,0.0004855143671938803
P06404,Good,7.153826447015447e-07,0.9999992846108401,6.5151449263042975e-12
P09853,Excellent,1.1105909353198625e-16,3.766727979263807e-06,0.9999962332720206
P07191,Excellent,4.0966871291924956e-15,0.00866805021057778,0.991331949789418
P05257,Average,0.9429412967422818,0.05705870325771242,5.7766731695121845e-15
P01504,Excellent,4.58311794035206e-29,1.165522192472127e-15,0.9999999999999989
P02707,Excellent,4.7686873849307196e-21,2.5683164673572583e-10,0.9999999997431683
P02047,Excellent,6.090227930409469e-20,8.994782191658154e-09,0.9999999910052179
P01071,Excellent,1.0448662832814093e-20,1.66890411030424e-08,0.9999999833109589
P05814,Good,8.903283876345349e-08,0.9999999109586336,8.52750167960851e-12
P03453,Good,0.059596595973766736,0.9404034040259449,2.8830556520860597e-13
P04335,Good,2.4179897668339403e-06,0.9999975819785443,3.168896683052232e-11
P09778,Excellent,6.545209682526107e-29,1.7480277920624218e-16,0.9999999999999998
P07823,Good,1.4232928890659926e-07,0.9999998576253334,4.5377745573819676e-11
P01851,Excellent,4.523406527633925e-31,3.378313300330677e-20,1.0
P01375,Average,0.0008768441786735312,0.9991231558213247,1.8360942125693837e-15
P06671,Average,0.948759206079244,0.05124079392040381,3.522820928525438e-13
P03896,Excellent,4.6139643145209345e-27,2.847577490542249e-17,1.0
P07634,Good,3.8613474863617697e-10,0.12312311584258427,0.876876883771281
P09840,Average,0.5295696126350956,0.470430387364837,6.733044751427703e-14
P08508,Good,1.0187026067860776e-11,0.999975580448014,2.441954179894311e-05
P06422,Good,2.411773856450799e-10,0.9999999703867364,2.9372086259337574e-08
P04712,Average,0.9999998165391039,1.8346089614027728e-07,3.7427852481349176e-20
P00114,Average,0.9408616507529495,0.05913834924704964,7.41877781601227e-16
P05920,Good,6.49742297357505e-11,0.9999999999347713,2.544945451695822e-13
P03240,Good,8.627900284150776e-11,0.9999864494111192,1.3550502601702953e-05
P04418,Excellent,1.0330944058642611e-25,1.1349694643717937e-16,0.9999999999999998
P09000,Good,1.832081620804487e-06,0.9999981674732881,4.4509113802610885e-10
P03689,Excellent,2.9024355162369686e-19,4.7451290142334206e-07,0.9999995254870986
P02656,Excellent,1.4318531042443371e-11,0.10463149777308402,0.8953685022125975
P09534,Good,9.725984163206442e-11,0.9999999998989961,3.743950217648278e-12
P03295,Good,1.411784276739058e-09,0.9999999973219269,1.2662888245214318e-09
P00234,Good,2.5323781411194967e-11,0.9999999999431102,3.1565997464594874e-11
P00931,Average,0.9999872206799598,1.2779320040102332e-05,4.383271952782491e-19
P01291,Excellent,2.0494686022123806e-22,2.58068556703959e-11,0.9999999999741931
P02151,Good,1.9344685096965228e-10,0.999999976703391,2.310316204969074e-08
P01835,Good,3.667804571406136e-14,0.0002638352512498137,0.9997361647487136
P04001,Good,6.439756301410372e-13,0.0026416191642595625,0.9973583808350965
P07089,Excellent,1.2095875631299706e-12,0.0352200587766943,0.9647799412220962
P05036,Average,0.04648612742454584,0.9535138725751581,2.960296966932953e-13
P06429,Excellent,1.9844206763083188e-27,7.072177200249042e-16,0.9999999999999993
P05616,Excellent,4.421152706532832e-24,1.0681521491857867e-11,0.9999999999893185
P06520,Good,8.033179919595498e-09,0.9999999919662422,5.779505989866107e-13
P08559,Good,1.1429287560757866e-06,0.9999988568708966,2.0034722626617532e-10
P06432,Excellent,2.8904834584307586e-25,2.914931222019859e-14,0.9999999999999709
P09240,Excellent,1.1955764423854005e-16,5.701798453494529e-06,0.9999942982015462
P03432,Good,2.9117533623193715e-06,0.9999970881084695,1.3816800874533656e-10
P03323,Excellent,9.179199665172355e-15,8.05747356881187e-07,0.9999991942526341
P08880,Good,1.6692394033516033e-12,0.9999993391992185,6.607991121993079e-07
P09024,Average,0.999999996134119,3.865881019475014e-09,8.224328125459786e-24
P03974,Average,1.0,2.2002688195733066e-21,4.1598458355994684e-41
P04893,Average,0.9999983558600796,1.6441399203374694e-06,9.399130092750193e-21
P08713,Excellent,3.1491407952231566e-19,1.0406620215394197e-08,0.9999999895933799
P03732,Excellent,1.7304061821696953e-19,1.1008365489647653e-07,0.999999889916345
P04352,Good,2.189068023691625e-09,0.9999999863418609,1.1469071010851277e-08
P00615,Good,3.54862115199978e-09,0.9999999964513371,4.185909544609211e-14
P01052,Excellent,2.0554026641062083e-17,2.1072491150771964e-06,0.9999978927508849
P06698,Average,0.9999999998543763,1.456237673783869e-10,6.00373783240411e-26
P03507,Average,1.0,9.034614825120486e-19,1.4210925445382025e-33
P03385,Average,0.9999999999998963,1.0372941140805281e-13,1.1514855200907922e-26
P06133,Average,0.999999999987222,1.2778016023088918e-11,7.300770375629382e-23
P03986,Good,8.414437989944688e-11,0.9999791167461134,2.0883169742202404e-05
P00668,Good,5.016839346407099e-13,0.9999996571402531,3.428592452798029e-07
P06910,Good,7.70428116341059e-10,0.9999999890999139,1.0129657911113122e-08
P04411,Good,2.678780255008571e-12,0.9980116926597483,0.0019883073375728316
P00580,Good,9.651964292181635e-07,0.9999990345336265,2.699442282952869e-10
P08255,Excellent,6.548202746839184e-27,7.500621321911256e-14,0.999999999999925
P07429,Average,0.9999999585408249,4.145917514200329e-08,1.0278656960942665e-19
P05230,Average,1.0,8.530462360831752e-19,8.928364234306343e-38
P00045,Excellent,3.8221691744515515e-17,5.317349283824058e-07,0.9999994682650716
P01678,Excellent,1.4980535671264619e-12,0.6464487675966735,0.3535512324018285
P01400,Good,1.5352208879834328e-13,0.03064602625467697,0.9693539737451696
P05584,Average,0.999999999998485,1.5149364864163554e-12,9.976289648708824e-24
P02871,Good,5.549194414627755e-07,0.9999994450427365,3.782196233512623e-11
P04205,Excellent,6.898699728999247e-26,3.9482829620557235e-12,0.9999999999960518
P09011,Average,0.9999999547270106,4.52729893346744e-08,5.833414224648468e-20
P02704,Excellent,4.1861558510277386e-19,9.14623926466226e-08,0.9999999085376073
P08485,Good,3.5240304771869717e-10,0.9999356010923819,6.439855521503317e-05
P08817,Excellent,1.6983985060293979e-18,5.3517349816906875e-08,0.9999999464826501
P00168,Good,4.56356202595692e-09,0.9999999929737948,2.4626431453067102e-09
P05981,Average,0.9999999999017402,9.825988941513722e-11,8.678269270718863e-22
P00989,Good,2.8064025291644184e-17,9.052043256643712e-07,0.9999990947956743
P05403,Good,0.00010257489625873881,0.9998974251035717,1.6943426318010748e-13
P01440,Excellent,6.273499715854342e-21,8.384560099387333e-09,0.99999999161544
P03115,Excellent,4.253938875782383e-24,2.882485807544978e-15,0.9999999999999971
P00462,Excellent,9.351800238617196e-28,3.791061360730274e-15,0.9999999999999962
P09769,Average,0.9999999365656602,6.343433964384206e-08,6.946379536354098e-20
P03930,Excellent,7.210880885678112e-21,2.038701975026511e-10,0.9999999997961297
P09684,Average,0.9999938048808501,6.195119149975972e-06,3.148865457570413e-17
P04300,Good,9.294963364537346e-09,0.9999999906999236,5.1129391241118844e-12
P01057,Average,0.999999999999025,9.749353286717936e-13,1.5526099297445895e-23
P02932,Good,1.3386400075315761e-10,0.9999998832821938,1.1658394215034878e-07
P04711,Excellent,1.3125145934877633e-17,4.104668569501975e-09,0.9999999958953314
P06047,Excellent,8.55513140141256e-20,4.882676575489625e-09,0.9999999951173233
P04835,Average,0.9999999705593121,2.944068791919623e-08,1.4915216301761584e-23
P03107,Good,7.2301980715264386e-09,0.9999999151206803,7.764912165533942e-08
P05515,Good,0.998539726646507,0.0014602733534672353,2.571263349060129e-14
P00587,Good,2.3418174304463073e-11,0.9999999953248313,4.651750452533795e-09
P09273,Good,5.03711695539842e-09,0.999868442342031,0.00013155262085194706
P09556,Good,0.5537927809460989,0.4462072190538509,5.028114337854242e-14
P07855,Excellent,1.8396759813800153e-27,3.155739753818304e-15,0.9999999999999969
P05601,Good,1.0220621137955973e-10,0.9999999982519796,1.645814266387086e-09
P01779,Good,3.910464394765557e-10,0.9999999974240465,2.1849069382866344e-09
P06328,Good,4.4335041338252975e-10,0.9999988904896051,1.1090670445103598e-06
P01018,Good,0.0005163403065113466,0.9994836595709722,1.2251650343195683e-10
P00885,Good,0.7695662199010419,0.23043378009768198,1.2760719989766863e-12
P06102,Excellent,2.5876890800028103e-18,2.061274957646613e-05,0.9999793872504236
P09152,Excellent,6.059441058815096e-10,0.4747263555438277,0.5252736438502282
P04636,Excellent,1.9807658218117608e-29,4.642490529123727e-18,1.0
P00512,Excellent,8.883804609490323e-31,1.7389654302758375e-16,0.9999999999999998
P07745,Average,0.9999999999585847,4.141537347201924e-11,3.047470106353197e-22
P08061,Good,3.91994180452806e-11,0.9999993865377856,6.134230149991311e-07
P05407,Good,5.850736220854736e-11,0.9931954944333117,0.006804505508180889
P08204,Excellent,5.2604425976138656e-20,4.7667878935838596e-08,0.999999952332121
P08135,Excellent,1.4996639141693902e-29,1.7641614670611892e-15,0.9999999999999982
P03838,Good,2.1271031586183357e-09,0.9999999978651968,7.700159354462978e-12
P08982,Average,2.155929164125342e-05,0.999978440708337,2.1782438804300525e-14
P01218,Excellent,1.8301457281464088e-13,0.9558706713283578,0.04412932867145927
P08057,Excellent,5.713683092679827e-25,1.403937900699012e-12,0.999999999998596
P02975,Excellent,2.6386231180700876e-26,2.133652796097749e-14,0.9999999999999787
P01011,Average,0.9999997545799698,2.4542003025147613e-07,7.149799185215768e-20
P07279,Good,7.496397681899688e-13,0.9999655194288154,3.4480570435102225e-05
P03991,Good,3.581989620511747e-13,0.9999999720515497,2.7948092148202416e-08
P01101,Excellent,3.955389138727045e-17,7.056842394158022e-07,0.9999992943157607
P03914,Good,0.6182007415226445,0.3817992584772549,1.0061097947889887e-13
P01378,Good,1.0240661539224201e-09,0.9999999699511308,2.9024803009135178e-08
P02387,Excellent,7.619102908407365e-19,5.878735154372684e-10,0.9999999994121265
P03831,Good,1.076997887550919e-09,0.9999999965626543,2.360347798561867e-09
P07868,Good,0.002245228807892389,0.9977547711909243,1.183354232592987e-12
P06143,Excellent,2.8090125480570515e-19,2.2482960167764054e-08,0.99999997751704
P02595,Good,3.4674952422495445e-07,0.9999996532498455,6.301658550315408e-13
P04396,Excellent,2.4469006268525013e-10,0.9986707095940229,0.0013292901612869015
P02751,Good,1.5292988106515207e-08,0.9999999846963963,1.061568560284721e-11
P00915,Good,0.20055783710244676,0.7994421626914026,2.0615068649163314e-10
P01499,Good,3.918385072983585e-06,0.9999960816145764,3.5060679320361366e-13
P04860,Good,2.6599206820859154e-08,0.999999534656812,4.3874398118667856e-07
P06351,Average,0.9999760303176847,2.396968231453486e-05,5.955582267131716e-16
P06388,Good,4.827180988140646e-10,0.9999972587926957,2.740724586072584e-06
P07503,Good,3.0828664884305535e-10,0.9999999995079223,1.8379102805520437e-10
P04227,Average,1.0,7.078978431686325e-30,2.2708907491013426e-51
P03818,Excellent,1.5364049707438594e-19,1.2081093314067624e-05,0.999987918906686
P03997,Excellent,1.0666714071433125e-26,4.1818791226466806e-15,0.9999999999999958
P00370,Excellent,2.4712419808880964e-25,5.925605836216734e-15,0.999999999999994
P05193,Excellent,3.460764059567657e-18,2.271520229892294e-07,0.9999997728479771
P00444,Good,1.2292702441398664e-11,0.9998420842747345,0.000157915712972653
P05732,Excellent,9.60253211908802e-18,1.3528895835246237e-07,0.9999998647110416
P06617,Good,1.6102763951042923e-09,0.9993183587754674,0.0006816396142562323
P05813,Excellent,3.0159182692519738e-18,6.522674809215078e-06,0.9999934773251908
P07009,Good,3.338336713317043e-05,0.9999666166158704,1.6996331850437915e-11
P06630,Excellent,9.649851880136239e-20,4.120413203805738e-07,0.9999995879586795
P07072,Good,7.005772083705015e-09,0.9999999884029266,4.5913012900007914e-09
P05400,Average,0.9999999999999984,1.4490513925540156e-15,2.6396640484490162e-27
P08220,Excellent,3.2609385337162477e-19,2.329535597610707e-09,0.9999999976704643
P06720,Excellent,5.172008065702556e-13,0.5684572449363128,0.43154275506317
P06272,Excellent,4.93075771449726e-16,8.365455787059811e-05,0.9999163454421289
P05149,Excellent,6.367785026642016e-24,6.403097974573242e-11,0.999999999935969
P07678,Good,6.147895251516655e-11,0.9996311607086401,0.00036883922988094396
P02665,Excellent,3.1379971825849866e-29,2.7312398801968987e-15,0.9999999999999973
P02736,Excellent,4.9837335738422374e-26,9.986319397016697e-14,0.9999999999999001
P08423,Good,5.114262953432357e-16,0.0020640383079487943,0.9979359616920508
P00657,Good,8.945082189401858e-11,0.9999999999010893,9.459943887969757e-12
P01638,Good,6.52260699553389e-12,0.9995226954425945,0.000477304550882747
P01821,Good,6.261013956843585e-08,0.9999999373221714,6.768893980403715e-11
P05238,Good,0.9446665877368374,0.055333412262605276,5.574049530935248e-13
P07702,Good,5.4577595560298783e-11,0.9979616890866274,0.002038310858794957
P00875,Average,0.9977528486102247,0.00224715138977512,2.8139053608085863e-16
P09116,Good,1.50566021653365e-10,0.9999838276653582,1.6172184075850415e-05
P00110,Good,0.002630777977984355,0.9973692220103352,1.168053905458597e-11
P09062,Good,2.474244221323814e-12,0.9976869349657543,0.002313065031771315
P07605,Excellent,1.944803981599958e-27,9.423480789602819e-17,1.0
P00426,Good,1.9219036150452267e-16,7.912655268967852e-06,0.9999920873447308
P01467,Average,0.9999973413465691,2.658653430950493e-06,1.1444657991063863e-22
P07803,Good,8.053231569233041e-07,0.9999991761136149,1.856322816359674e-08
P02591,Good,5.7271980768808014e-11,0.9999998046428862,1.9529984182597067e-07
P05496,Average,1.0,5.891009150167965e-17,2.2259005962224253e-30
P04426,Good,8.282059498841327e-13,0.999998219965972,1.7800331997157144e-06
P00101,Average,0.002012392963594948,0.9979876070069931,2.9411899766389335e-11
P01551,Good,1.8375690550623705e-11,0.999996001032695,3.998948929241119e-06
P04827,Excellent,1.6851223819538357e-16,0.00059162294322946,0.9994083770567704
P05880,Good,0.0023908447744654493,0.9976091552254963,3.81970102475034e-14
P00130,Good,1.5181584660498906e-07,0.9999998481838555,2.9787557360241556e-13
P07596,Average,0.9999999999999962,3.870217787640202e-15,1.9919627233890286e-27
P00865,Excellent,1.948133110017891e-17,4.517840720174763e-06,0.9999954821592798
P01874,Excellent,1.999351130640354e-17,6.289589609410375e-08,0.999999937104104
P00685,Good,1.0616883764600194e-10,0.9999999998818565,1.1974699637508927e-11
P03902,Excellent,3.882477598536941e-21,7.1086626484238174e-09,0.9999999928913372
P07804,Excellent,4.5488695993097365e-17,3.41058826808543e-07,0.9999996589411733
P05091,Excellent,2.850186995032066e-12,0.9525344098181495,0.0474655901790004
P07984,Excellent,5.29058818442141e-16,0.000650766634943322,0.9993492333650562
P03813,Average,0.9999984432108886,1.556789111372101e-06,1.1160413560137893e-19
P05499,Excellent,7.544760594267488e-25,2.1579226669729345e-14,0.9999999999999785
P08965,Good,1.8575895621408425e-10,0.998189424006809,0.0018105758074319902
P06564,Good,1.1946778500879318e-08,0.9999999842652751,3.787946277144548e-09
P04624,Good,0.02372395569608923,0.9762760443038897,2.1079009230052715e-14
P06700,Average,0.9999999999996252,3.748549381808927e-13,9.183820813238405e-28
P04185,Good,2.421348478886334e-13,0.987656892282839,0.012343107716918982
P09646,Good,1.9591458398189523e-05,0.9999804071798669,1.3617348243574501e-09
P05008,Average,0.9999994332142226,5.667857774837398e-07,1.8123657300524184e-19
P00655,Good,2.6097377075786087e-09,0.9999815256439739,1.8471746288271543e-05
P08659,Good,8.905077498929361e-09,0.9999998778427397,1.1325218284977023e-07
P02422,Good,2.6864434733596874e-11,0.1812143698647091,0.8187856301084263
P01210,Good,0.001425079595127278,0.9985749204047366,1.3620145729308972e-13
P08593,Excellent,7.708958048626744e-20,1.6685428230463877e-07,0.9999998331457177
P06906,Excellent,1.4945222891459175e-27,1.063320978056357e-16,1.0
P00306,Good,6.000338552368167e-07,0.999999396623822,3.3423227240299956e-09
P03510,Good,5.10771630282958e-10,0.999999999449037,4.019132636125605e-11
P08308,Excellent,2.355197586214987e-17,5.526524097431073e-06,0.9999944734759025
P08798,Excellent,1.1464800948542427e-21,3.82550451104983e-09,0.9999999961744954
P06413,Excellent,1.1878016545536306e-24,9.780722280480173e-15,0.9999999999999902
P08752,Excellent,5.536994078414956e-29,1.4603453498282924e-15,0.9999999999999984
P05075,Excellent,1.7007182369589592e-24,1.6704426526834781e-12,0.9999999999983296
P03011,Good,2.2392676723885522e-10,0.9999999968600779,2.915995315180918e-09
P07487,Average,0.9999808676536754,1.91323463241853e-05,1.1514671574605986e-16
P09545,Excellent,3.2625151172027864e-16,4.170113657555193e-06,0.9999958298863423
P00416,Excellent,6.327636358116189e-25,2.554480288301125e-13,0.9999999999997446
P09232,Average,0.9999999999727807,2.7219368629520866e-11,4.1375295932197164e-23
P05462,Good,5.524588116753725e-07,0.9999994475411181,7.024053098881362e-14
P01268,Good,6.199147826941919e-12,0.002065734974967754,0.9979342650188332
P07565,Excellent,3.0412293266395115e-13,0.001453267963721051,0.9985467320359748
P00102,Good,2.948878851672794e-05,0.9999705112114731,1.0157917728120372e-14
P03722,Good,1.1521952393381516e-10,0.9999999998198865,6.489402667237617e-11
P02498,Good,2.194346677472187e-09,0.9999999977737009,3.19525334954265e-11
P04144,Average,0.996262911573587,0.0037370884264129977,2.8245291019521596e-18
P01972,Average,0.8762083557970866,0.12379164420148052,1.4328425642543988e-12
P09802,Good,1.4869832458436976e-07,0.9999998513004856,1.1897104866946577e-12
P05303,Excellent,2.8608682938564577e-21,6.367247176039541e-10,0.9999999993632753
P04784,Excellent,8.816914082964904e-25,1.200516474820655e-13,0.9999999999998799
P07026,Excellent,1.835353471897146e-17,0.0069245849075036765,0.9930754150924964
P01812,Good,2.102195826665586e-08,0.9999999789656653,1.2376454450858468e-11
P08507,Excellent,7.898341135134325e-18,7.10200769039653e-08,0.999999928979923
P05906,Good,1.8987188254825495e-08,0.9999999799196102,1.0932016274136607e-09
P08322,Average,0.05572837059676066,0.9442716294032327,6.508268208846719e-15
P02031,Good,1.1456749485816784e-11,0.9999999999430296,4.551374881001487e-11
P07052,Average,0.07076747440824886,0.929232525591751,1.6308238802116729e-16
P08053,Excellent,9.228396250046073e-27,3.2326359954953284e-13,0.9999999999996767
P05534,Excellent,1.3774762807972258e-21,2.3497452889389825e-11,0.9999999999765026
P00213,Excellent,4.96975264125635e-22,4.971696991960498e-12,0.9999999999950282
P00296,Excellent,6.513134888806697e-17,2.0206808069626104e-05,0.9999797931919303
P03989,Average,0.9999999918801431,8.119857044113686e-09,6.925832344908213e-22
P09262,Excellent,4.360318434313129e-22,6.674335747489777e-13,0.9999999999993325
P04326,Average,0.9999998748746418,1.2512535808906957e-07,1.5809212605171807e-22
P09592,Good,0.0005218082969810495,0.9994781916966983,6.320654663879986e-12
P08050,Good,0.0006178673496853871,0.9993821326493781,9.364478418639047e-13
P03995,Excellent,1.0683363797411391e-23,3.8537238521408077e-14,0.9999999999999614
P02075,Excellent,1.6365632493152092e-14,8.648706289308938e-07,0.9999991351293546
P02685,Average,0.999307171797842,0.0006928282021579808,9.295606706061339e-18
P00249,Average,0.9999999564365781,4.356342195280204e-08,3.420522521482333e-21
P06733,Good,8.825380518766248e-09,0.9999999911458316,2.8787884680107743e-11
P04526,Good,0.009558762455219862,0.990441237491254,5.352615812731077e-11
P02583,Good,2.53657926012337e-10,0.9999999994866315,2.597106142224314e-10
P08826,Average,0.9999998418530246,1.581469754240724e-07,9.095730996654488e-17
P07667,Good,2.4958589810322627e-14,0.002994538710836111,0.997005461289139
P02654,Average,0.9999999999970133,2.9866309809894366e-12,8.873652049105488e-28
P02272,Average,0.9565108939838008,0.04348910601619611,3.0397505145317216e-15
P04130,Good,8.733997032823936e-11,0.998574287411076,0.0014257125015840614
P01169,Good,7.447865788959097e-06,0.9999925509511687,1.1830422808939849e-09
P04479,Average,1.0,2.890754533080037e-20,2.820506682490385e-40
P05430,Excellent,3.43981121876812e-23,5.031586982374325e-12,0.9999999999949685
P02813,Excellent,2.339482485694533e-28,2.3739063952217415e-15,0.9999999999999976
P07553,Good,1.9974121100655014e-10,0.9999633360184775,3.666378178123072e-05
P08624,Excellent,8.614195857620933e-09,0.959629259929224,0.04037073145658025
P09642,Good,7.057435963296192e-06,0.9999929424970896,6.694721133673498e-11
P04251,Average,2.9041199891966493e-05,0.9999709587999426,1.6550559069539083e-13
P05382,Average,0.9999999999999987,1.4262774829638723e-15,6.21855100636627e-36
P05993,Excellent,2.844986846538796e-37,1.974713847379167e-20,1.0
P00735,Good,8.073578571777551e-12,0.9593230318458151,0.04067696814611135
P08083,Good,4.418159702300948e-14,0.999908586532233,9.141346772276559e-05
P07729,Good,1.1293262047712926e-07,0.9999998870643961,2.9834674463268303e-12
P08447,Excellent,9.380394387657378e-22,1.4366927748753747e-11,0.999999999985633
P09212,Good,1.113459648537015e-05,0.9999888653994001,4.114542061779142e-12
P02647,Good,1.9015934315504105e-10,0.9999999092552072,9.055463351727344e-08
P01090,Average,0.999235868704874,0.0007641312951260153,8.291266124136053e-20
P04038,Good,2.897603463901085e-11,0.9998692318549018,0.00013076811612225102
P07763,Good,1.4834018389392074e-07,0.9999998503572729,1.3025432716692548e-09
P05427,Good,3.83350480212291e-08,0.9999999616608052,4.146682211738472e-12
P03187,Average,0.9999999999909528,9.047233505128723e-12,3.42168300462572e-24
P07187,Average,0.0020769439877806168,0.9979230560122094,1.001341768347833e-14
P02345,Good,2.2166763539884415e-11,0.9999983602262618,1.6397515715185944e-06
P07427,Excellent,6.904157910992303e-17,2.746588555813361e-05,0.9999725341144418
P08196,Good,0.0010215929301940956,0.9989784070473958,2.2410158453258665e-11
P01367,Excellent,1.987571276414222e-20,4.008595393766042e-10,0.9999999995991404
P00399,Good,9.931298049742732e-10,0.9999998426682305,1.5633863980454572e-07
P05228,Good,2.4952306702742475e-05,0.999975047691136,2.1613420419717846e-12
P03582,Good,0.002963629287935681,0.9970363707080339,4.030519217040555e-12
P03445,Good,9.10876331137411e-08,0.9999999088982546,1.4112252587613804e-11
P09256,Average,1.0,5.0463268945071076e-24,5.161648688172145e-40
P06279,Average,0.9999999980482206,1.9517793727814233e-09,2.635945847357683e-23
P01304,Good,0.0017032822113565995,0.9982967177885802,6.333229257935254e-14
P05585,Good,1.1401908800341123e-07,0.9999998544757714,3.1505140591694576e-08
P02225,Good,7.675684643623077e-10,0.9999999987132349,5.19196616653962e-10
P01555,Excellent,4.941556912173893e-11,0.846913879605176,0.15308612034540856
P04611,Good,2.3377532156804763e-06,0.9999976622390552,7.72911340046834e-12
P08679,Excellent,3.8454597718178984e-29,1.8573316607421278e-16,0.9999999999999998
P06837,Average,0.8999138032762433,0.1000861967237565,2.2014316028354884e-16
P02035,Excellent,2.338161551516471e-22,5.968525815717598e-11,0.9999999999403146
P06213,Good,3.3331726049974253e-09,0.9999999966181448,4.868252748277628e-11
P05323,Average,1.0,2.5220407166827874e-22,2.7167348654581224e-35
P07746,Excellent,1.854655599656208e-24,2.159939592340341e-14,0.9999999999999785
P06502,Good,0.9931637349513233,0.006836265039589166,9.087467174212351e-12
P02968,Average,0.41395584438310934,0.586044155614035,2.85556161886165e-12
P03135,Excellent,6.275949398060658e-19,5.8254229139412084e-08,0.9999999417457709
P04625,Excellent,1.0898942353034691e-16,2.640441581197482e-07,0.9999997359558419
P07978,Average,0.9960816287247892,0.003918371275206272,4.3547356824113816e-15
P07139,Excellent,2.983615207003502e-14,0.0013474304072323498,0.9986525695927377
P05834,Excellent,6.137869771012636e-12,0.30524347569797117,0.6947565242958911
P05415,Good,0.008882708055972669,0.9911172919084391,3.558814233589119e-11
P05131,Good,5.511383964519365e-09,0.9999999944634734,2.5142484004895448e-11
P05936,Excellent,2.8963205936466182e-12,0.9984925697184812,0.0015074302786224076
P03700,Excellent,7.878845288165806e-19,8.190269109163435e-06,0.9999918097308909
P09677,Average,1.0,4.8181806609887165e-24,3.7979853566631083e-38
P04292,Average,0.9788735360089191,0.021126463991077295,3.619959376307342e-15
P00559,Average,4.739930013187456e-07,0.9999995260069803,1.8411119930371786e-14
P03682,Average,0.999999999999887,1.1306690824498737e-13,8.284895210441814e-29
P07354,Good,3.0569970315734943e-10,0.9993025368885352,0.0006974628057651837
P01956,Good,4.823423987683883e-13,0.9999999978554086,2.144108955647449e-09
P06191,Good,4.79685800189557e-11,0.9999999995412616,4.1076969595266935e-10
P04457,Good,5.516397677365223e-06,0.9999944835987508,3.571883507353396e-12
P08004,Good,6.971005312375818e-13,0.9999997919103996,2.080889032336216e-07
P06894,Good,7.193428479683376e-09,0.9999999674143469,2.5392224624318596e-08
P09829,Average,0.9999999861347078,1.386529234738049e-08,4.131300468753571e-21
P04310,Good,1.595762083927262e-10,0.9999999998380105,2.413371909895799e-12
P05570,Average,0.9999999999920284,7.971698675872335e-12,2.216411093657642e-22
P04377,Good,8.532488059936236e-08,0.9999949580104021,4.9566647173714436e-06
P01453,Average,0.9999999848153116,1.5184688475957216e-08,3.938760678212015e-20
P08123,Good,4.207262507949466e-06,0.9999957923798882,3.5760381434928066e-10
P04139,Good,9.344013664651401e-10,0.9999999989515627,1.1403601666641873e-10
P06013,Good,0.0997051303199874,0.9002948696796034,4.091804084143118e-13
P00941,Good,1.1125186949582424e-06,0.9999988862048681,1.2764368630820057e-09
P09317,Excellent,5.029664265039821e-19,2.622853425466509e-08,0.9999999737714658
P01110,Excellent,3.9261388428736286e-19,6.82101708176784e-06,0.9999931789829182
P09110,Good,1.0917368480670907e-10,0.9999981819868966,1.817903929580345e-06
P00491,Good,9.901405065172787e-06,0.9999900985293796,6.555522386797961e-11
P07420,Good,3.455414752303245e-10,0.998083356169461,0.0019166434849974118
P06954,Excellent,6.82738897270376e-16,0.0006172835921443314,0.9993827164078549
P06784,Good,0.14337754379211637,0.8566224562049952,2.8883214521380547e-12
P05017,Excellent,2.7847361317801214e-17,6.601127008812071e-07,0.9999993398872992
P04431,Excellent,4.59076250299016e-20,4.905160792896418e-08,0.9999999509483921
P00983,Good,5.940642372967554e-11,0.9855583415930532,0.01444165834754042
P08161,Good,0.9109859130039148,0.0890140869960829,2.1765019605479138e-15
P06607,Good,1.0566022211209095e-12,0.9999966190361976,3.3809627457341846e-06
P07801,Excellent,2.5055269789259848e-17,1.0237955280938981e-05,0.9999897620447191
P07466,Excellent,7.878973806946737e-12,0.7135199116442653,0.2864800883478557
P02741,Excellent,2.2254445883223338e-33,7.703060171242841e-20,1.0
P02679,Good,7.723253828594801e-06,0.9999922767287792,1.7392224954689582e-11
P09944,Excellent,1.8133818681079127e-23,4.007960672035754e-12,0.9999999999959921
P09481,Average,0.5808424580741353,0.4191575419256364,2.2826175876745885e-13
P01567,Good,1.4115804744782596e-07,0.9999998587731755,6.877700322034757e-11
P04115,Average,0.9999999958282302,4.1717697855050266e-09,2.9214904764471973e-21
P04328,Good,2.1989667788223152e-08,0.9999999779579636,5.2368632951429746e-11
P05391,Excellent,5.556877835108388e-12,0.9983227219493245,0.0016772780451187088
P01180,Excellent,9.539025788891889e-20,4.2000935125657453e-11,0.9999999999579992
P08924,Average,0.9797917593185853,0.020208240681380118,3.4488470015334324e-14
P02911,Average,0.9999999431094854,5.6890514700453764e-08,6.142302778110689e-19
P02949,Average,0.9999999999621834,3.781658050402621e-11,2.9704658192110755e-24
P00537,Excellent,7.073652702023418e-30,2.523585123029195e-19,1.0
P05629,Excellent,1.4026284900266502e-13,0.9994301028899727,0.0005698971098870776
P09090,Excellent,1.115765645412605e-29,8.632777708955376e-15,0.9999999999999913
P03534,Good,8.207484130412678e-07,0.9999991770311265,2.2204603014103157e-09
P05183,Excellent,6.929447621355916e-27,7.805247248971654e-13,0.9999999999992195
P06067,Average,0.999641413216086,0.0003585867839139259,9.246987447733772e-19
P01383,Good,4.691988503759757e-15,1.9422282030583727e-05,0.9999805777179648
P03738,Excellent,1.0996680997573625e-12,0.0705002131698104,0.9294997868290898
P03291,Excellent,6.947970689274226e-23,8.237960278678685e-12,0.9999999999917621
P04855,Good,4.5934296010469717e-10,0.9999013808177435,9.861872291357176e-05
P02439,Average,0.9999999844068985,1.5593101561544935e-08,2.7335160968284e-24
P02006,Average,0.9999999999998823,1.177510308057493e-13,6.693500670996332e-34
P01619,Excellent,1.0261474201497217e-18,6.620843173968237e-08,0.9999999337915683
P08341,Good,9.737233149120137e-12,0.3544273480787781,0.6455726519114846
P05483,Good,9.942983860611302e-10,0.9999999989560164,4.9685238757354034e-11
P08254,Good,1.2456804050071487e-05,0.9999875431902079,5.742038616484799e-12
P08666,Excellent,1.4938910265685084e-18,8.655708403767634e-08,0.9999999134429159
P07202,Good,8.61394091171251e-09,0.9999999117494349,7.963662418873259e-08
P07380,Good,1.2846411758563207e-10,0.9995216170438296,0.0004783828277063482
P09216,Good,0.04248905773179671,0.9575109422681939,9.26767460792375e-15
P05202,Good,4.4453040701899026e-11,0.9999999451288656,5.4826681380349054e-08
P06318,Good,3.642581035997956e-06,0.9999963574185478,4.163766966300502e-13
P05995,Excellent,1.9531385538177654e-25,2.5706801826105235e-12,0.9999999999974294
P07497,Excellent,5.5974562742880426e-27,9.701476317119051e-16,0.9999999999999991
P09171,Average,1.0,2.4171252728029608e-20,7.455582815231611e-36
P06360,Good,6.876731927598769e-12,0.936796308670197,0.06320369132292637
P06692,Good,1.1558302531210143e-06,0.9999988435373646,6.323823863183357e-10
P03418,Average,0.9884297655110263,0.011570234488967927,5.6648190575165316e-15
P04080,Excellent,2.124207926301847e-24,6.516005254805074e-14,0.9999999999999349
P08898,Good,2.7649262217148483e-07,0.9999997235072028,1.7499923248800107e-13
P03262,Average,0.9357432964487382,0.06425670355123245,2.930226473930989e-14
P00098,Excellent,1.805822891665214e-20,7.631865614474408e-12,0.9999999999923681
P07858,Excellent,1.2409230589406376e-10,0.9394288445833945,0.060571155292513196
P09851,Good,9.24700896106594e-06,0.9999907529444699,4.656894297060161e-11
P06009,Good,6.180466583758166e-10,0.9999999866771965,1.2704756911190206e-08
P04002,Excellent,1.4133211081160383e-36,3.7265676715461775e-22,1.0
P07483,Excellent,2.8227790672455723e-20,2.1269250515470174e-07,0.9999997873074947
P06509,Good,1.1204461200779872e-10,0.9999998770565341,1.228314211978615e-07
P02383,Excellent,4.774405781063823e-18,6.076033526752854e-06,0.9999939239664731
P05159,Good,4.543806955467056e-05,0.9999545589406427,2.989802767503609e-09
P09015,Good,3.476735215706402e-11,0.9999999967865529,3.178679799413611e-09
P02102,Average,0.9999999999997544,2.4562718878568407e-13,2.587766893325064e-26
P08414,Average,0.9999999359091797,6.409082020691143e-08,1.5549730611892642e-23
P07831,Good,9.492546698256831e-09,0.9999999905074072,4.6043474843006814e-14
P04556,Excellent,1.539720078743099e-17,1.779302400479583e-05,0.9999822069759953
P06797,Good,8.248058041088963e-13,0.9941211730096737,0.005878826989501361
P04133,Good,5.724148694991513e-05,0.9999427585110702,1.9799162538279392e-12
P08116,Good,4.646631323882188e-15,0.0004307849452888625,0.9995692150547065
P09546,Excellent,5.149733507847728e-16,1.3732757240712563e-05,0.999986267242759
P04997,Good,9.922117886452356e-08,0.9999993145472172,5.862316039612902e-07
P02733,Average,0.9999984976146817,1.5023853183724176e-06,1.400321171667799e-21
P00125,Good,6.340207075273848e-11,0.9999999958058619,4.130735984507195e-09
P05596,Good,2.5979652678848716e-09,0.9999999974019147,1.2003868487265255e-13
P02234,Excellent,1.1266386011237558e-21,5.776143022620444e-13,0.9999999999994225
P02882,Good,8.710028578857916e-09,0.9999999912670178,2.295365131957048e-11
P05935,Excellent,2.176969954505715e-12,0.10199050601883781,0.8980094939789851
P02907,Good,1.014241179833153e-09,0.9999999989843418,1.4170741754052847e-12
P05374,Good,1.1224750413611553e-12,0.20339947894315666,0.7966005210557209
P07796,Average,0.9999999999991254,8.746714501154154e-13,1.180162281863401e-24
P08173,Good,9.815614892168262e-12,0.9918133575375785,0.008186642452605872
P08691,Good,1.2168631035923168e-05,0.9999878313688727,9.144585364240863e-14
P05703,Average,0.9999999999725819,2.741803716823306e-11,3.8503403914238427e-28
P08378,Average,0.12808355441815325,0.871916445581496,3.507132499852439e-13
P09943,Excellent,7.812097711908753e-23,4.097295218107749e-13,0.9999999999995903
P04289,Excellent,1.5888905743622602e-13,0.007978712368683862,0.9920212876311574
P04818,Good,0.0957792353138314,0.9042207646860072,1.6152647131460043e-13
P02017,Good,1.0781312972847038e-11,0.9999026723776088,9.732761160983152e-05
P02672,Excellent,3.3708038004898877e-18,1.9398225542510137e-05,0.9999806017744576
P07839,Good,3.176364734748722e-08,0.9999999678802564,3.5609633842382065e-10
P00729,Excellent,6.160059543672635e-22,1.8328908437523403e-10,0.9999999998167108
P04591,Good,0.0011176985714576057,0.9988823014279867,5.557221902906298e-13
P06881,Good,7.165020330822646e-15,0.9482057076519108,0.051794292348082166
P00919,Good,2.5864011455740704e-11,0.9984453275015479,0.001554672472588214
P06959,Excellent,2.8492066851895054e-13,0.9823028542570889,0.017697145742626222
P01419,Average,0.9999987000447427,1.2999552574092527e-06,1.6054421132948042e-20
P01128,Good,1.3931080946354457e-10,0.9999997733595948,2.2650109452142646e-07
P06921,Good,5.447602748636183e-10,0.9999999819916786,1.7463561198306072e-08
P02934,Average,0.9999901184129101,9.881587090076048e-06,3.886127151117735e-23
P02635,Good,6.272640885100155e-11,0.9999999998939346,4.333894501694041e-11
P07186,Good,6.517638941517612e-12,0.04409380093471657,0.9559061990587658
P08094,Excellent,1.4833941130521302e-14,0.02263527704444319,0.977364722955542
P04954,Average,0.999999999998991,1.0090396205728287e-12,1.5014341623700614e-28
P09601,Excellent,1.5860544467744468e-21,4.775516216424149e-12,0.9999999999952245
P03693,Average,0.9999999213079749,7.869202513089088e-08,2.6102837615888942e-21
P04884,Average,0.9999999999990346,9.654878096349344e-13,8.381208417519027e-25
P05689,Average,0.9999999997693567,2.3064335985243834e-10,5.914806080555306e-22
P01595,Good,0.003026030567540271,0.9969739694309044,1.5552106715059279e-12
P08955,Good,0.00026347191521390286,0.9997365270930373,9.917487921952248e-10
P08587,Good,7.879907528328883e-08,0.9999999212009247,1.470365133379883e-17
P05283,Excellent,9.819228927751373e-30,6.923627763254672e-17,1.0
P03552,Average,0.9997690613374159,0.0002309386625840791,3.893877634484364e-19
P07707,Average,0.9999999976347396,2.3652603288854545e-09,2.3589816441509545e-23
P03233,Good,0.9768911718211906,0.023108828178809486,5.400073766332745e-17
P07357,Good,6.446774294638805e-14,0.9999984242789153,1.5757210201873718e-06
P07829,Good,0.061522465528953,0.9384775344708953,1.5156957582495508e-13
P08938,Excellent,7.164231708930106e-17,5.294783205629386e-07,0.9999994705216794
P02181,Excellent,1.4114955659130112e-13,0.010333859437996711,0.9896661405618623
P05970,Good,7.086118986462898e-10,0.9999999979242362,1.367151967774205e-09
P08165,Excellent,1.6429055493119206e-31,2.0389517061420042e-17,1.0
P03760,Good,6.813904355063187e-11,0.9999921123060982,7.887625762808772e-06
P05406,Excellent,2.780937943640995e-29,1.0303750788609233e-16,1.0
P09895,Excellent,7.940942352187297e-12,0.9997116556150908,0.00028834437696833784
P00437,Average,0.0003487674873831444,0.9996512325126157,1.2124540138391258e-15
P08725,Good,0.015603639061176055,0.9843963609386746,1.4937912719514932e-13
P08243,Good,1.7690849741482124e-08,0.9807274394429395,0.019272542866210794
P00552,Average,0.9999999999999998,2.6435449529817145e-16,1.3462925527323345e-28
P09688,Average,0.9999533897789764,4.661022102365859e-05,5.316130904094528e-20
P03188,Excellent,2.2732774926491695e-19,3.987239514601341e-07,0.9999996012760486
P01766,Excellent,8.173449702313182e-23,1.1498206290337465e-10,0.999999999885018
P02865,Average,0.999999941583578,5.841642201876395e-08,4.435881422057982e-25
P02851,Good,4.241196585808127e-05,0.9999575880339618,1.8012953840817466e-13
P01484,Average,0.013310635772766543,0.9866893642272326,7.786531169263079e-16
P07691,Excellent,7.510061833062901e-19,1.7017852569730897e-07,0.9999998298214744
P02833,Average,0.5152509857101263,0.4847490142786579,1.121583239240466e-11
P02952,Excellent,4.241164431094737e-15,0.009874076861382567,0.9901259231386133
P08473,Good,3.2206883547994523e-09,0.9952863155283356,0.004713681250976008
P05853,Excellent,3.3817037338328407e-15,0.01257936714395514,0.9874206328560416
P07860,Average,0.999999999996456,3.5440101216736802e-12,3.78489108380486e-22
P01051,Excellent,4.302130864716738e-25,7.226845000612577e-13,0.9999999999992772
P08076,Good,2.4869957990005253e-08,0.9999999750384667,9.157526986443591e-11
P02188,Good,0.013223147654948286,0.9867768522967538,4.829781115420624e-11
P02966,Good,4.4725057794712583e-10,0.9999999995293181,2.343141299029413e-11
P01439,Excellent,3.3375282427196795e-13,0.00851415824939137,0.991485841750275
P04903,Good,8.747750574409026e-12,0.8473796888880977,0.1526203111031546
P02389,Excellent,1.1424561902767598e-18,9.62265002268577e-07,0.9999990377349977
P08352,Average,0.9999999772464611,2.2753539045822075e-08,2.6297915787074886e-18
P03708,Average,0.9996809805551782,0.0003190194448214294,3.7179631703007203e-16
P01846,Excellent,1.5647489746075008e-24,1.5017493735949627e-10,0.999999999849825
P00887,Good,7.531691513649432e-09,0.9999999924680815,2.2715658466708186e-13
P08225,Excellent,1.1735888911344692e-14,0.7088198964042279,0.29118010359576035
P05817,Good,8.216175352782708e-05,0.9999178381958063,5.066586440833556e-11
P09419,Good,2.8175327000600473e-12,0.998446550830799,0.0015534491663833862
P02402,Good,2.6646292094536782e-14,0.09371391057024658,0.9062860894297268
P08040,Good,9.565713583445643e-10,0.9999999990141144,2.931427723909344e-11
P04670,Good,0.010546693761341397,0.9894533062384658,1.92777424658409e-13
P00769,Good,0.97476219669206,0.02523780330793915,7.945397449393418e-16
P02927,Good,2.565072288634794e-10,0.9994422098450799,0.0005577898984129267
P08302,Average,0.9999999868449525,1.3155047496171435e-08,3.909003532083657e-20
P00122,Average,0.9999999999977216,2.2783671758603435e-12,4.069794771083542e-28
P05358,Average,0.9999999898779864,1.012201350907387e-08,1.3630999937407395e-21
P05000,Good,1.4139356657081641e-12,0.08456739707412853,0.9154326029244575
P06668,Excellent,8.400555888191301e-22,2.836025055572251e-10,0.9999999997163975
P04901,Excellent,3.0733596184945613e-12,0.1010700891860802,0.8989299108108465
P06790,Good,3.1784865301233653e-10,0.9999999984262882,1.2558631488743396e-09
P00358,Good,0.5142097104165853,0.4857902895830137,4.0099836527356186e-13
P02373,Excellent,4.4937592588258374e-26,2.450015693646668e-13,0.9999999999997551
P06433,Average,0.9999999999995488,4.5110080156159797e-13,7.2251987033621615e-25
P06230,Excellent,2.1895702495146018e-37,2.0153735455447266e-20,1.0
P05410,Good,2.3334159024942275e-12,0.9999906216469818,9.378350684736804e-06
P09915,Good,2.360347735764875e-11,0.9999981206942661,1.8792821305937317e-06
P03075,Excellent,3.460329232034089e-16,1.2739594434849502e-06,0.9999987260405561
P06483,Excellent,1.2167861765042124e-19,1.9476260488617377e-09,0.9999999980523739
P06948,Good,1.2295508850124143e-10,0.8862980496448751,0.1137019502321699
P05383,Average,0.9999999999669555,3.304434692976612e-11,1.0352527620385126e-21
P06494,Excellent,4.549606082805022e-25,1.8090184090555377e-12,0.999999999998191
P01027,Good,6.304865292671824e-13,0.9999989416670952,1.0583322743415274e-06
P07107,Excellent,9.951156624244252e-16,0.00015173933379076214,0.9998482606662082
P01002,Excellent,1.02188439557434e-18,2.7459573886916114e-07,0.9999997254042611
P00010,Good,4.340837433683507e-06,0.9999956589336754,2.2889093484278877e-10
P02150,Average,0.999999999995629,4.3709358022014935e-12,4.570010286797912e-26
P00695,Good,1.3355429327054576e-11,0.6813431831589235,0.31865681682772107
P06428,Excellent,3.009062116103828e-20,2.865409129805198e-07,0.999999713459087
P06740,Excellent,5.380875379338493e-19,1.2765431261140684e-07,0.9999998723456874
P01466,Good,0.022542950626668758,0.977457049373327,4.155889232565578e-15
P09335,Average,0.9997739022902667,0.00022609770973320566,9.109995118201317e-18
P05342,Average,0.9999999844892831,1.551071686176226e-08,9.797129131224817e-23
P07925,Good,7.298316351700222e-11,0.999996557139272,3.442787744863775e-06
P05154,Good,1.083592284715286e-11,0.9823195503900664,0.017680449599097727
P02678,Good,6.516487823054331e-06,0.9999934608323683,2.267980864899924e-08
P04353,Average,0.9999999999999669,3.298338011162102e-14,3.907938359174689e-29
P02472,Average,0.999999999999877,1.2293324652821124e-13,4.45282038598922e-29
P07544,Good,1.390618103042764e-07,0.9999998609310661,7.1235259073333335e-12
P02984,Good,5.467781451713624e-12,0.9999998424022978,1.575922344435007e-07
P07047,Average,1.0,9.43648745903095e-26,1.2339496903199943e-48
P04786,Excellent,1.8126426712270115e-17,3.617410459026287e-06,0.999996382589541
P01179,Excellent,4.1248564816151305e-26,7.857727395057384e-17,1.0
P05003,Good,3.1596976124797123e-06,0.9999968402794449,2.2942699497751718e-11
P07990,Average,0.9999999994361677,5.6383228593356e-10,7.831315416859427e-27
P07519,Good,1.8814917465910694e-08,0.9999999809613286,2.2375381095845032e-10
P08370,Average,0.9999999092477287,9.075227120911432e-08,1.6975495632506908e-22
P05452,Good,2.56073399047481e-10,0.9996216744636127,0.0003783252803139371
P08828,Good,1.3483113565019006e-13,0.026257637052788732,0.9737423629470764
P05199,Good,3.171904648483478e-08,0.9999999390012153,2.9279738295955413e-08
P09637,Average,0.0009392273172974555,0.9990607726825622,1.4041417779875502e-13
P01246,Average,0.9999918943023319,8.10569766818506e-06,2.8242626281757073e-21
P06511,Good,7.306923731913563e-11,0.7712878078561435,0.22871219207078736
P02399,Good,2.2552005510448092e-11,0.999986981636301,1.3018341147015573e-05
P07577,Good,2.2822134281541338e-08,0.9999999763183302,8.595354571517879e-10
P06940,Average,0.9999999995600672,4.3993281388271994e-10,8.151852038993587e-24
P02380,Good,1.408603179990834e-05,0.9999859131523529,8.15847154174546e-10
P08610,Good,8.87873853645739e-06,0.9999911212016718,5.979178180183462e-11
P08312,Good,0.9999981278230957,1.8721769043635649e-06,8.158807033488083e-17
P05957,Excellent,3.55825265944823e-18,0.00015952158389591912,0.999840478416104
P06480,Average,0.9999999994949369,5.050631090177497e-10,5.31977583586748e-22
P07782,Average,0.9999999999999996,5.429254441107554e-16,1.0065939076626063e-31
P09528,Average,2.406597496664745e-05,0.9999759339763404,4.869286998883637e-11
P02445,Good,1.7526078410316785e-06,0.9999982473903145,1.8444921427878045e-12
P02223,Good,2.13654886081222e-06,0.999997863437046,1.409328198044998e-11
P04862,Good,3.532599046590903e-06,0.9999964673914516,9.501853703648259e-12
P08369,Good,9.650541555734808e-08,0.9999999034868599,7.724522025410685e-12
P07036,Good,2.3513402703799023e-08,0.9536252286488719,0.046374747837725355
P03885,Average,0.9999998916237913,1.0837620865393584e-07,4.676879397685883e-20
P02526,Average,0.9990745624322235,0.000925437567760692,1.5727441593604117e-14
P04358,Average,0.999859189924264,0.00014081007573598072,5.959515324043161e-22
P07040,Average,0.9999999999990197,9.803755168050095e-13,3.137132971323193e-28
P00814,Good,9.875335128597369e-13,0.9445881649149449,0.055411835084067676
P04520,Excellent,3.2186096781857058e-27,2.8070936530682845e-14,0.999999999999972
P09282,Average,0.9999518694775797,4.813052242013403e-05,8.235035049814866e-18
P09886,Excellent,1.5903405056637934e-19,5.775524164898456e-10,0.9999999994224475
P01596,Excellent,1.4813050217307904e-25,7.492996984641046e-13,0.9999999999992506
P00935,Excellent,1.6651697074979157e-13,0.0005034602542688592,0.9994965397455646
P08096,Excellent,1.5062308852373178e-19,2.895047331101153e-07,0.9999997104952668
P07039,Good,1.9819712341004648e-06,0.9999980180287373,2.8437889473051433e-14
P09714,Average,0.9999999999999996,4.915252957654751e-16,3.9170428132189526e-35
P01585,Good,1.737468240956714e-08,0.9999999826120475,1.3270149978810272e-11
P03822,Good,2.0110427050120562e-10,0.9999999990034301,7.954655974791159e-10
P08524,Good,1.649748088261921e-09,0.9999999983497501,5.017577685963796e-13
P09924,Good,5.244691463001024e-10,0.9999999989960853,4.7944555706535e-10
P06016,Average,0.9999999971883575,2.8116425676535575e-09,8.285667006624196e-23
P02902,Excellent,1.83059275055273e-13,0.000560983272286848,0.9994390167275301
P09597,Average,0.21654792948958732,0.7834520705103243,8.843629464553588e-14
P05719,Average,0.9999999999999853,1.4740367666021406e-14,4.599469501715262e-27
P03777,Average,0.9999999911513519,8.84864811867847e-09,2.548662187794949e-22
P07460,Good,1.591962262282888e-09,0.999999448658788,5.497492497798333e-07
P07266,Good,1.471462043640775e-08,0.9999999845972436,6.881359728655621e-10
P05547,Average,0.9999704397468726,2.9560253127460935e-05,3.812511412332807e-17
P08002,Good,0.0018208774482677498,0.998179122541586,1.0146111884371038e-11
P09115,Excellent,5.1893944157586054e-15,0.020488240338100667,0.9795117596618941
P01066,Good,0.9468749326988042,0.05312506730115742,3.846528713204948e-14
P07347,Good,6.690432767434943e-12,0.9998164106019475,0.00018358939136218494
P07955,Excellent,3.9221213977333235e-23,3.3494856394113535e-11,0.9999999999665052
P07230,Excellent,9.803852614663096e-30,7.160794811913742e-18,1.0
P07841,Good,2.4106888622285262e-05,0.9999758931112844,9.332943752746672e-14
P09789,Average,0.9999999988710739,1.1289260156735743e-09,4.0007739852153897e-22
P04609,Average,0.9999999998074118,1.9258827359996502e-10,2.0309389879846508e-24
P09961,Good,4.482951487752767e-11,0.9999998468525103,1.5310266022678066e-07
P00564,Excellent,1.58348434700458e-16,0.0020235100288484484,0.9979764899711513
P02260,Good,0.0009324251402759599,0.9990675748035748,5.6149314649334674e-11
P04504,Excellent,1.2271783369143047e-17,1.2504604915341731e-06,0.9999987495395084
P05045,Excellent,2.6875098350004157e-24,1.9118352124600083e-14,0.9999999999999809
P02992,Good,2.643557434334211e-12,0.9999518475157319,4.8152481624501825e-05
P06610,Excellent,7.572216795646334e-29,3.340407400047448e-16,0.9999999999999996
P07827,Good,1.0885347088928055e-06,0.9999989109618871,5.034041697685273e-10
P06087,Good,0.0009349720125767294,0.999065027987413,1.0183401446396133e-14
P09473,Good,1.677726317152941e-11,0.9999911839825616,8.816000661184959e-06
P02173,Good,7.510340395032067e-10,0.9999999978764775,1.3724884075374283e-09
P08637,Excellent,1.3733682691488277e-20,1.8105961026316047e-10,0.9999999998189404
P03022,Good,0.6351087290374926,0.36489127096246154,4.580209277107072e-14
P03650,Good,1.056042682080125e-13,0.5780871766925219,0.42191282330737245
P08602,Average,0.9999995497728977,4.5022710233324367e-07,1.3800911888584178e-25
P02436,Good,1.862381486006172e-14,0.9999103499100355,8.965008994588334e-05
P08889,Good,4.062208303651037e-07,0.9999995934937373,2.8543219126343024e-10
P09307,Excellent,5.125791521514701e-22,1.2005100993784113e-12,0.9999999999987994
P08594,Average,0.9999999999999996,3.960860120866121e-16,7.798727366242753e-33
P00425,Average,1.0,1.615799448334755e-17,4.846545309560853e-35
P06775,Excellent,4.053111932487366e-12,0.9999988854480687,1.114547878208412e-06
P05762,Excellent,5.712551370892151e-17,0.007870273969179543,0.9921297260308205
P04921,Excellent,1.0954344248669418e-21,1.456358092372812e-08,0.999999985436419
P03544,Good,4.080333776739601e-06,0.9999959196662184,5.0041902065543444e-15
P06322,Good,4.887926711825001e-09,0.9999999690966,2.6015473328604635e-08
P06030,Excellent,1.1503255384397723e-12,0.5817621663952568,0.41823783360359285
P01881,Excellent,6.951222954142647e-24,2.501350645095589e-12,0.9999999999974987
P02754,Good,3.723445854783164e-09,0.9999999960177881,2.5876604506622867e-10
P08510,Excellent,1.7276875456256993e-18,6.085266105922017e-08,0.999999939147339
P08408,Good,1.1996860237897722e-11,0.9999999871824375,1.2805565545495866e-08
P06669,Excellent,1.4541459197562232e-15,2.6978226762075644e-05,0.9999730217732364
P06290,Good,2.1532009112761695e-08,0.9999999784678157,1.7519648360002945e-13
P04598,Average,1.0,2.0514313161546804e-17,4.688047562169239e-32
P00086,Good,8.913889213489288e-08,0.9999999108610778,3.009637103946574e-14
P07250,Good,0.001986725925944605,0.9980132740740469,8.503824889530035e-15
P09001,Excellent,3.3605294284319364e-25,6.67680662149097e-11,0.9999999999332319
P09964,Good,4.4357769201041035e-07,0.9999995564153177,6.990175341819795e-12
P09523,Good,0.050817110905138484,0.9491828890947349,1.2660063646087937e-13
P06608,Average,0.9987105463449462,0.0012894536550533003,3.842444825931005e-16
P01160,Excellent,4.394247202344257e-13,0.03304273272676935,0.9669572672727912
P09310,Average,0.0015872613557728638,0.9984127386442098,1.721720909140967e-14
P05252,Excellent,2.000077699854892e-19,3.116797976708145e-08,0.9999999688320204
P00050,Good,0.0008146299441527376,0.9991853700558438,3.394382842990989e-15
P02253,Excellent,8.267413455430312e-28,4.080324951314758e-17,1.0
P02781,Good,8.09291747761156e-10,0.9999999988119805,3.787278187189365e-10
P02250,Excellent,1.1030501323407293e-17,0.018016082844373244,0.9819839171556268
P01963,Good,2.0057853754029334e-05,0.9999799421048886,4.1357252437210665e-11
P02003,Good,2.0396376126753656e-10,0.999996672550261,3.3272457751549776e-06
P06680,Average,0.9999999999999796,2.0447714947227003e-14,7.662749079958476e-27
P06312,Good,0.0016879345877438502,0.9983120654122475,8.619164587688361e-15
P07510,Good,3.066575166613486e-10,0.9999999996861537,7.188869571618529e-12
P09797,Average,0.999999999988463,1.1537053347502871e-11,9.405615098615102e-26
P00193,Average,0.9999999950373657,4.9626343798667246e-09,6.049413340095865e-21
P05871,Excellent,1.5783810490391382e-26,1.7952318327479996e-14,0.999999999999982
P06358,Excellent,9.055471752047282e-28,1.2574997971479968e-14,0.9999999999999873
P01838,Good,2.1835367346093537e-09,0.9999999968128317,1.0036315230523592e-09
P09571,Average,0.9999999999999998,1.6456487623118704e-16,3.839928789165473e-31
P03182,Good,0.00023830866742438104,0.9997616913279834,4.592216521415737e-12
P00155,Good,2.212504414651459e-08,0.9999999665752479,1.1299707897774637e-08
P07078,Good,1.278057446304036e-10,0.9999999940513378,5.820856553080622e-09
P02053,Good,1.477441341666631e-08,0.9999999852243315,1.2550285456526088e-12
P03278,Good,1.6954402235057193e-07,0.9999998294299872,1.0259903819347483e-09
P06162,Excellent,2.4107282217380456e-16,1.5631408180252606e-06,0.9999984368591817
P06941,Good,0.4981987956427581,0.5018012043533582,3.88367278544475e-12
P03960,Average,0.9999990567486545,9.432513453948519e-07,3.145845880868587e-19
P01576,Good,8.458490376997213e-09,0.9999999915230987,1.841094657821666e-11
P06098,Average,0.9999981956834192,1.8043165807648591e-06,1.0778121534007375e-22
P09213,Good,9.29951196651051e-14,0.9993983158032249,0.0006016841966821686
P09949,Average,0.9999999999275573,7.244265081600471e-11,1.3365835750596533e-24
P05654,Good,2.148616940630663e-06,0.9999978513830585,7.6588258827633415e-16
P03840,Good,3.323311414213801e-08,0.9999993011482075,6.656186784831448e-07
P01579,Excellent,2.1806576001337116e-21,1.4645112334355435e-09,0.9999999985354888
P00004,Excellent,6.037889275404106e-13,0.005129640731070505,0.9948703592683259
P04356,Excellent,1.5228978820728914e-30,5.3996509539893113e-17,1.0
P08170,Good,1.6759816680284561e-10,0.9999999673691569,3.246324512555486e-08
P07326,Excellent,1.0468788940357552e-13,0.9999990985162865,9.014836087393008e-07
P01070,Excellent,1.8932769927718253e-30,3.99091084389726e-16,0.9999999999999996
P02923,Good,0.7966655621971914,0.20333443780091365,1.894877464841622e-12
P06795,Excellent,1.0953582469431109e-31,2.0757551276883188e-17,1.0
P05295,Good,3.1337937103341906e-07,0.9999996866196924,9.366790935264454e-13
P02729,Excellent,1.690979788716893e-11,0.871524777109598,0.12847522287349222
P03617,Good,6.507253293702592e-12,0.8742002837098133,0.12579971628367942
P07700,Good,3.407118423834674e-08,0.99999996592819,6.257883308548021e-13
P09593,Excellent,2.4109110999141272e-12,0.9996974197096761,0.00030258028791315853
P09708,Average,0.891621908362098,0.10837809163788206,1.9988435977537172e-14
P06119,Excellent,1.574701885842131e-21,7.550429897439818e-11,0.9999999999244957
P04987,Good,4.901697130829347e-08,0.9999999476876454,3.2953833625999498e-09
P06778,Good,1.4014664101277885e-08,0.9999999859389399,4.639612736000447e-11
P05916,Good,7.771305035124463e-11,0.9999991773271419,8.225951450128371e-07
P02520,Good,1.1326558641179345e-09,0.9999911559091051,8.842958238949905e-06
P03231,Average,0.999999972793849,2.720615101932053e-08,7.398188213735735e-21
P05451,Excellent,2.315503853626548e-13,0.009217567239848328,0.99078243275992
P09120,Excellent,5.926972645696472e-29,1.9264356747562766e-16,0.9999999999999998
P05932,Excellent,1.932655660999777e-21,1.3065898034072794e-08,0.9999999869341021
P04867,Excellent,7.974799003428688e-26,1.2918846526110548e-16,0.9999999999999998
P08306,Excellent,1.577544311521654e-16,7.581334684321277e-06,0.9999924186653154
P08719,Excellent,1.1367425928951459e-08,0.2341964301618073,0.7658035584707668
P01512,Average,0.42789229761429176,0.5721077023856759,3.236034166419326e-14
P01849,Excellent,2.224944213004239e-15,1.3658847295442238e-05,0.9999863411527022
P00404,Average,0.9999999996440612,3.559387692914777e-10,2.4308212757487616e-27
P08766,Good,0.7228392679934773,0.2771607320065225,1.1770509580930647e-16
P04369,Good,5.781862880523421e-09,0.9999999941888067,2.933043512763029e-11
P03770,Excellent,6.304397564569299e-20,1.0050153928513998e-08,0.9999999899498461
P08010,Excellent,2.9880003983457305e-19,1.5464295926248216e-08,0.9999999845357042
P05322,Good,1.2184187249687152e-14,0.9999999963451986,3.65478917766334e-09
P09879,Average,1.0,6.505256369838008e-26,4.2546056268769804e-50
P04874,Good,3.960233931846318e-09,0.999999996039582,1.839842260690006e-13
P02066,Excellent,3.295810409596014e-28,2.7384771600799697e-16,0.9999999999999998
P00433,Good,3.2134164678572943e-10,0.7685010545647531,0.2314989451139052
P05219,Excellent,1.5732832369942644e-25,3.167025770333359e-14,0.9999999999999682
P00763,Excellent,1.1603965678332992e-14,0.0028048000721717734,0.9971951999278168
P03913,Good,6.5801864094748285e-09,0.9999999934135699,6.243649032515144e-12
P01211,Average,1.0,5.526799810369881e-19,2.1717741728179212e-32
P00087,Average,0.9979796197392985,0.0020203802607014123,6.811500935639067e-18
P01249,Good,1.1090675467995622e-08,0.999999988908214,1.1105219808554037e-12
P07002,Average,0.9999999087205244,9.127947565099897e-08,1.8546772094594664e-18
P01264,Good,7.411138319967436e-11,0.9999988710778344,1.1288480542015203e-06
P07021,Good,0.849267617729682,0.15073238226915872,1.1593170350156342e-12
P02514,Good,1.0933564591628562e-08,0.9999999890660135,4.2200242103135727e-13
P01816,Good,4.097866362381041e-12,0.40969737459697353,0.5903026253989286
P08744,Average,0.9999999999997269,2.731371083166041e-13,1.441541264267478e-25
P02646,Average,0.9999999998866675,1.1333249925181611e-10,1.1956271563932374e-23
P02730,Good,1.5916478085696453e-10,0.9999999998063342,3.4500972107442305e-11
P07140,Excellent,3.4116023167104953e-31,2.508407950101258e-19,1.0
P00044,Good,2.317273718536619e-12,0.9999999999477864,4.989632049583666e-11
P06553,Good,1.0943441973849608e-09,0.9999994783505813,5.205550744503718e-07
P00850,Excellent,7.083549497608018e-26,2.5122136466764683e-13,0.9999999999997489
P04109,Excellent,3.352328863428376e-24,1.4853259973794164e-15,0.9999999999999984
P07396,Average,1.0,4.5938115060165585e-20,3.777498766099799e-37
P06976,Average,0.0020190727649080924,0.9979809272348066,2.854523681632119e-13
P08108,Average,0.9999999997265481,2.7345185737661477e-10,8.638227560133516e-20
P07583,Excellent,1.4151488743078571e-15,0.00037170655096929414,0.9996282934490294
P00090,Excellent,1.7445744631652354e-24,8.831722969547628e-12,0.9999999999911682
P00533,Excellent,3.2234144723700296e-28,3.597715296703202e-15,0.9999999999999964
P06462,Good,4.2213758011735554e-11,0.9999999999551608,2.625459409188198e-12
P05859,Good,1.4921422558142435e-08,0.9999998129491902,1.7212938737095728e-07
P02184,Average,0.9999999999999996,4.93958152274918e-16,1.0251062950886869e-28
P01899,Good,0.6843988276210382,0.31560117237824603,7.156964329707776e-13
P09366,Good,1.429214576687192e-10,0.9999999998524092,4.6692855895251175e-12
P04293,Average,0.999998336909569,1.6630904310426802e-06,8.871813382222265e-22
P00356,Good,6.023512148366533e-10,0.9999979630351606,2.0363624881894855e-06
P02030,Good,0.00031106041585426226,0.9996889395789978,5.1478038773914964e-12
P04576,Average,0.9999999999999998,2.3820166139977984e-16,1.1682924211884253e-30
P09367,Excellent,1.2313737869509149e-25,1.927711226378129e-12,0.9999999999980722
P08344,Good,2.9490299016844785e-09,0.9999999551005878,4.195038219752011e-08
P08011,Good,2.331096031336465e-10,0.999999999661112,1.0577846917324909e-10
P00709,Average,0.944338816056632,0.05566118394336755,6.15239679992664e-16
P07822,Good,4.411052633545022e-10,0.9999999944641482,5.0947465449009615e-09
P09602,Excellent,5.699224731924632e-22,9.262068046968613e-12,0.9999999999907379
P09831,Excellent,6.714633131814578e-24,5.22036681740331e-12,0.9999999999947797
P01366,Good,9.417118554920237e-11,0.9999977922573722,2.2076484565062947e-06
P03591,Excellent,4.190753693746641e-20,1.7647952017546729e-09,0.9999999982352048
P07647,Good,1.4100073286480576e-10,0.9999999860083397,1.3850659591778133e-08
P04978,Average,0.9999999808592016,1.9140798467348762e-08,9.818937093567263e-22
P06636,Good,2.7240799308641854e-11,0.999998078313921,1.921658838329115e-06
P09771,Good,4.6478357817756274e-07,0.9999995352115956,4.826193867101359e-12
P07046,Good,0.33862201098338574,0.6613779890166046,9.580557203639046e-15
P00216,Excellent,1.8167943900456438e-11,0.794565923943809,0.20543407603802302
P06026,Average,0.9999999982474581,1.7525417789655566e-09,2.052218763032758e-28
P08677,Good,0.0002911460598694238,0.9997088536580072,2.821234307968724e-10
P09703,Average,1.0,1.9292178914673583e-17,1.3185444667800263e-32
P04116,Good,4.624540509458861e-05,0.9999537545814563,1.3448999924869556e-11
P02627,Excellent,7.981414343968523e-11,0.0007237408688944253,0.9992762590512914
P06190,Average,0.9999999998200828,1.799171317106654e-10,3.288004595405142e-21
P07260,Excellent,2.4491468937180174e-12,0.9999996099870654,3.900104855465463e-07
P07736,Excellent,9.92277075971329e-15,0.05872981465343934,0.9412701853465508
P00598,Good,0.00023705800331766557,0.9997629419903381,6.344105647899212e-12
P05168,Good,6.922525772089087e-05,0.9999307747406464,1.6328180651746897e-12
P07764,Excellent,2.6811085675250393e-20,2.768203799814419e-08,0.9999999723179621
P00170,Excellent,1.1179825861832025e-11,0.04292492354711976,0.9570750764417003
P05926,Good,2.5935749214009387e-05,0.999974064250009,7.769987919505422e-13
P05498,Excellent,6.176463053797968e-16,0.0002560573411047255,0.9997439426588947
P03477,Excellent,9.302288775494161e-18,1.5781276102310943e-07,0.9999998421872389
P08313,Average,0.9999979886433673,2.0113566325953567e-06,1.3133703580889198e-19
P07246,Good,1.973691431102515e-12,0.9999995393320088,4.606660173528468e-07
P03782,Excellent,1.5130112503554132e-12,0.9891897325975285,0.010810267400958503
P07259,Average,0.9999997909548017,2.0904519819572807e-07,6.138761409277759e-19
P00059,Good,7.503930329695086e-09,0.8866946887062428,0.1133053037898269
P07189,Excellent,1.5460118574175976e-20,5.875280976157214e-12,0.9999999999941247
P03353,Good,1.054932081972239e-12,0.9999998911685225,1.0883042269254605e-07
P09285,Average,0.9999999999417826,5.821736284272649e-11,5.597605947000723e-25
P02507,Excellent,2.0859523903189144e-29,7.14241970125466e-15,0.9999999999999929
P06967,Excellent,1.1350278458732194e-24,9.602839685208767e-13,0.9999999999990397
P00151,Average,0.9997418711375972,0.0002581288624029508,4.7932640332086055e-19
P02796,Excellent,3.3038255740735113e-21,9.822864101214716e-11,0.9999999999017715
P00028,Good,0.999696155567822,0.00030384443217801473,1.0203385571493175e-18
P01073,Good,9.595552112092011e-11,0.9999352521092434,6.474779480105655e-05
P02560,Good,2.1453706817820622e-10,0.9999999748525075,2.493295555112042e-08
P00037,Excellent,1.9786902875710606e-23,7.502220048076284e-12,0.9999999999924978
P04975,Excellent,2.2426999199029944e-14,0.0015654275848556573,0.9984345724151219
P04769,Excellent,3.6213183084471626e-28,1.2896164385602042e-16,0.9999999999999998
P07020,Average,0.9999995841632443,4.15836755757358e-07,6.323813702265424e-19
P08244,Average,0.9999999999060991,9.390085248452548e-11,3.813757072471982e-26
P08107,Excellent,5.249339006352622e-17,0.0002610792505813409,0.9997389207494187
P09186,Good,0.0013293284384084596,0.9986706715608701,7.213759511952004e-13
P04015,Average,0.9999679013953874,3.2098604612665337e-05,1.1946232338690226e-19
P02300,Excellent,1.0912755390593889e-20,1.2696191923530944e-10,0.999999999873038
P07638,Good,4.718357445078043e-10,0.9227571100958907,0.07724288943227353
P02418,Average,1.0,1.2110067474391502e-20,1.2100374680805196e-33
P01479,Good,3.181092592532969e-10,0.999992120948781,7.87873310978229e-06
P02609,Good,2.136785973553538e-14,0.0006889478801815866,0.9993110521197971
P09970,Average,0.9996195007026336,0.00038049929736640035,8.09259463646917e-20
P02883,Excellent,1.0735165546625925e-27,4.18129800523774e-18,1.0
P07180,Excellent,2.4870421680960982e-20,1.232957847561198e-08,0.9999999876704214
P03257,Good,2.4551672899519065e-13,0.0003065439951067146,0.9996934560046478
P00555,Excellent,2.1086165618624946e-26,1.271843925403713e-13,0.9999999999998728
P05039,Excellent,9.13742198480318e-14,0.3349667192446761,0.6650332807552325
P09749,Average,0.9986527084550861,0.0013472915449080222,5.784213599681372e-15
P09426,Excellent,2.499141394862868e-17,7.596748557997583e-05,0.9999240325144201
P03497,Average,0.9999842205811191,1.5779418880862443e-05,2.164939192504384e-18
P05688,Excellent,1.8696143220122944e-14,0.045038828780579555,0.9549611712194018
P02603,Good,4.166578287746071e-11,0.999999908683537,9.127479707609436e-08
P06164,Good,0.9852107947341354,0.014789205265864625,6.283314742906985e-17
P01356,Good,2.429914716220912e-12,0.9999577062821954,4.229371537473885e-05
P08628,Excellent,2.2630155256758187e-19,3.7433710356766884e-10,0.999999999625663
P01987,Excellent,2.2233873895971736e-14,0.11337131451028934,0.8866286854896884
P01465,Good,4.957790334860685e-11,0.9999936090340054,6.390916416636414e-06
P00627,Excellent,8.097268450295427e-17,2.660904505035335e-05,0.9999733909549496
P05079,Good,2.6957792208721397e-11,0.9999999999423215,3.072064675127452e-11
P06683,Excellent,4.655635034765511e-14,0.001429625893716628,0.9985703741062367
P04099,Good,5.697807765042151e-12,0.9765214554654996,0.023478544528802547
P01656,Good,6.787603267675202e-12,0.25414673640356866,0.7458532635896438
P04392,Excellent,1.0992839821750673e-25,9.023997976541206e-14,0.9999999999999098
P05369,Average,0.9999999999999141,8.601288214583779e-14,3.4552194308669386e-35
P06453,Good,0.9940384835792643,0.005961516420735385,1.9371640198827678e-16
P09389,Excellent,1.0794067816484267e-17,0.0002202961735618521,0.9997797038264381
P00449,Average,0.9999999999992315,7.685840532387254e-13,6.440128327816224e-26
P03160,Excellent,7.199988011338773e-20,9.529478591814559e-10,0.9999999990470521
P01382,Excellent,1.291352452569733e-19,6.433749677704023e-09,0.9999999935662502
P05141,Good,2.5692393548678538e-12,0.9999999999864837,1.09471397914076e-11
P01999,Excellent,2.7144156337951342e-14,8.516337577835446e-05,0.9999148366241946
P00041,Excellent,1.6632566991341107e-23,8.328064039366053e-15,0.9999999999999916
P09591,Average,0.9999993244902672,6.755097329155906e-07,4.322297018629792e-18
P09967,Good,3.924760988303845e-11,0.9999995719143403,4.28046412170615e-07
P07348,Excellent,6.339358143983748e-11,0.9939692411254235,0.006030758811182972
P09141,Average,0.9999981821179476,1.8178820524514342e-06,2.1715547632456564e-17
P08648,Good,0.3901587515089989,0.6098412484909876,1.3394865803873454e-14
P02095,Good,6.150162162874509e-12,0.9015164857216406,0.09848351427220932
P06719,Good,4.6792806786150796e-07,0.9999991128706268,4.192013054205999e-07
P09604,Average,0.999366456484273,0.0006335435157203254,6.5523521688132066e-15
P05195,Average,0.9999999615658711,3.8434128803649e-08,1.2882937421656175e-23
P09378,Average,0.9999997899263823,2.1007361757498475e-07,7.870498685873104e-21
P01007,Good,3.7168750342264256e-07,0.9999996283076622,4.834377959328267e-12
P08139,Average,1.0,7.237902980795104e-19,5.982667232909402e-41
P05218,Average,0.5732444483245096,0.42675555167516005,3.3025671636039676e-13
P07956,Good,0.003816310601936857,0.9961836893957174,2.3455500383865533e-12
P01276,Good,7.881711090583669e-11,0.9999999993108382,6.103448271433262e-10
P04586,Excellent,9.929054154869696e-22,1.188719437226104e-11,0.9999999999881128
P04699,Average,0.570732152057807,0.42926784794219275,1.4934707740478598e-16
P05321,Good,4.742822349655553e-15,0.000296246626334412,0.999703753373661
P04985,Excellent,3.5681927070747803e-14,0.9988162795545267,0.0011837204454375663
P08106,Good,9.039072066029496e-08,0.999999909529599,7.968037387767413e-11
P00365,Good,8.076021493005855e-06,0.9999919239751294,3.3776607098698762e-12
P08031,Good,1.9792653337212286e-08,0.9999999802071591,1.875420797277311e-13
P07101,Excellent,1.1671841322254616e-28,4.102562081093562e-16,0.9999999999999996
P04201,Good,1.0340341963700202e-11,0.9999999734463352,2.6543324431915906e-08
P05143,Excellent,5.885555387657139e-13,0.00929203043202971,0.9907079695673818
P03809,Good,3.5200707023206965e-11,0.6050859630521493,0.39491403691265
P06798,Good,4.7420869685219715e-11,0.9999951065930421,4.893359536882143e-06
P00517,Good,0.002524059535965118,0.9974759404639967,3.807873948430414e-14
P01060,Good,2.008801919757589e-11,0.9999992413967483,7.585831635030358e-07
P09980,Excellent,5.3298762608143106e-24,1.3836638825835272e-12,0.9999999999986164
P04959,Good,6.791171195547427e-09,0.9999999693563744,2.385245444254279e-08
P02680,Average,0.9999999979534437,2.0465562323087988e-09,2.6460690385450498e-24
P07504,Good,1.1176807866804688e-09,0.9715720474712015,0.02842795141111769
P05741,Good,6.7185638919071664e-12,0.9999991266702402,8.733230412026489e-07
P04730,Good,1.0458885860475392e-05,0.9999895411111143,3.02525659985041e-12
P01266,Average,0.9999999986391082,1.3608917329231871e-09,4.564992898394066e-22
P06473,Average,0.9999997101381798,2.8986182026685314e-07,1.605120788715852e-20
P05937,Average,0.7824001361557862,0.2175998638427396,1.4739971890451301e-12
P09979,Average,0.9999984813992293,1.5186007706305254e-06,2.92716037748385e-19
P02233,Average,1.0,4.644200950858842e-26,6.743661382440408e-45
P05120,Excellent,1.4097240450154214e-23,5.714403803912226e-12,0.9999999999942857
P08809,Good,5.46376904849841e-11,0.999999996291959,3.6534033435452914e-09
P04575,Good,2.935490423635509e-10,0.9999999754726597,2.423379107416034e-08
P08850,Good,1.1213054097271598e-08,0.9999999887645822,2.2363661058473932e-11
P07973,Average,0.9999623916243087,3.760837569124586e-05,9.650700581396432e-18
P03458,Excellent,1.911715168043823e-24,5.161420058684856e-13,0.999999999999484
P00123,Good,0.0007697087168505176,0.9992302912788577,4.29183269540888e-12
P00252,Average,2.1750599705886087e-09,0.9999999978244172,5.227536610699753e-13
P05652,Average,0.9999999417167506,5.828324951485505e-08,7.260037597869498e-23
P02837,Excellent,2.7674317314111417e-16,1.0365528240601917e-05,0.9999896344717593
P05009,Good,3.491783554227175e-10,0.9999999405915949,5.905922677180265e-08
P08816,Excellent,1.1464929108329802e-20,8.613164659420042e-11,0.9999999999138685
P09018,Good,2.394143365791731e-06,0.9999976058566048,2.944877009320086e-14
P06799,Good,5.779947987599652e-09,0.9999999338619953,6.035805671302029e-08
P04847,Excellent,2.3229706846812472e-17,0.01200632285229408,0.9879936771477058
P00642,Good,4.788341072758266e-06,0.9999952115474116,1.1151566045157855e-10
P08819,Good,0.933512624788118,0.06648737521183534,4.662649051113682e-14
P03862,Good,0.472391120221939,0.5276088797768564,1.2045184270065262e-12
P01306,Good,3.7012917149720003e-10,0.9999287166447134,7.128298515741168e-05
P07327,Good,1.5146196651673603e-10,0.9999980896108517,1.9102376863435075e-06
P01961,Good,7.213271323586989e-06,0.9999927859220932,8.065832366021679e-10
P02413,Average,0.9983713445034843,0.001628655496515513,2.0685545126476395e-16
P08029,Excellent,4.95940248956987e-18,1.7245413259777095e-05,0.9999827545867404
P05392,Good,8.13458498835549e-11,0.9999927270970961,7.2728215581380635e-06
P04538,Good,0.9731021048032736,0.026897895109777564,8.694875269745846e-11
P04056,Excellent,3.1719916751238744e-20,1.1296231256501581e-08,0.9999999887037688
P02942,Excellent,1.001516276692773e-27,1.9427696835116832e-16,0.9999999999999998
P06108,Good,6.642755289639467e-07,0.9999993356634681,6.10028749051741e-11
P06725,Excellent,6.161153904528708e-28,2.3224085724196325e-15,0.9999999999999978
P06122,Average,0.0015368688526493318,0.998463131147326,2.480594270702163e-14
P06890,Excellent,2.0675204019862553e-24,1.130202915149628e-12,0.9999999999988698
P08756,Good,2.865609395526317e-10,0.6440000438962357,0.35599995581720334
P00878,Excellent,2.4577852248140265e-23,1.2848763015727014e-14,0.9999999999999871
P00731,Excellent,1.1417593723248218e-18,1.668785022033501e-08,0.9999999833121499
P04276,Good,1.4593896172001818e-10,0.9999999998468203,7.2408402148463776e-12
P01918,Good,3.0275732821236036e-11,0.9999895081703313,1.0491799393064213e-05
P04851,Good,0.9971611600285258,0.0028388399713952066,7.895006146184824e-14
P07511,Excellent,2.0740744051958502e-17,0.0003808777157497799,0.9996191222842502
P06446,Good,1.2716749842754684e-13,7.8040989396531e-05,0.9999219590104762
P07970,Excellent,3.7148757486542247e-34,5.716521943033082e-22,1.0
P05324,Excellent,2.0232326245882465e-13,0.0031956750152256465,0.996804324984572
P00888,Good,9.016669792928426e-10,0.9999999983632388,7.350941988498957e-10
P08433,Good,2.424147340708542e-09,0.9999999733736702,2.420218245038189e-08
P01831,Excellent,5.457111142386219e-21,9.107355412581359e-11,0.9999999999089264
P09669,Good,1.3785881049865282e-09,0.9998240868106537,0.00017591181075818574
P05272,Good,1.0153222590887735e-10,0.999999999895643,2.8248266610736178e-12
P05962,Good,4.415489619195811e-09,0.999999995551456,3.3054405559908755e-11
P03457,Good,8.243501678235243e-08,0.9999999175649442,3.905866805956061e-14
P05044,Average,0.9999999999956253,4.374777984800819e-12,4.356271202115843e-25
P00357,Good,3.334810477811452e-10,0.9999999983846313,1.2818876938487104e-09
P04779,Good,7.34199139735445e-08,0.9999999136599421,1.2920143843992614e-08
P06295,Excellent,7.32173463805331e-12,0.0431926431913174,0.9568073568013608
P06116,Good,6.895506054162496e-10,0.9999976624780504,2.3368323990673333e-06
P01542,Good,3.705573453643154e-08,0.9999999606595911,2.2846743595310594e-09
P04940,Good,1.6204760878401943e-09,0.9999999960377592,2.3417647242863014e-09
P08169,Good,1.639946717225081e-11,0.9999999494128643,5.057073615761291e-08
P02467,Good,1.1583028590089137e-10,0.9999999998797575,4.4121698243698965e-12
P05457,Good,0.9355117400459123,0.06448825995110516,2.9826040392171766e-12
P07406,Good,4.4785183852491324e-11,0.9999999999429299,1.2284874611193907e-11
P00479,Good,1.992279859378574e-15,0.010511151840172138,0.9894888481598259
P03150,Average,0.025193265827476333,0.9748067341722144,3.091709188747171e-13
P00079,Good,3.444518982831282e-11,0.9999999992248718,7.406829696573657e-10
P08321,Good,6.803618422367201e-07,0.9999993196358409,2.3168870317878814e-12
P06184,Average,0.9999636853792243,3.631462077555717e-05,3.0709202398304816e-16
P02746,Good,2.7594428823929688e-11,0.9999999727917136,2.718069210781865e-08
P05083,Average,0.9999999999980158,1.984238884278115e-12,3.3412783134862505e-30
P00067,Good,5.482421452689845e-10,0.9999999903017883,9.149969637626272e-09
P07172,Good,2.47167285226718e-06,0.9999975283267345,4.133312130607149e-13
P01014,Average,0.9673215556219649,0.032678444357886555,2.014867956161382e-11
P04337,Excellent,3.940288985790442e-21,3.5550421955170178e-12,0.9999999999964451
P00190,Excellent,1.2716384022746917e-13,0.0008181700470609072,0.9991818299528119
P00650,Good,7.49139516344642e-08,0.9999985129352542,1.4121507941968441e-06
P09181,Good,0.009220603000801738,0.9907793969980264,1.1718674089488998e-12
P04546,Excellent,6.837150705105789e-16,3.4329049992990715e-06,0.9999965670950001
P04445,Average,1.0,3.7495902955162685e-20,8.32025279523749e-34
P08910,Excellent,8.469173043507503e-12,0.9941573269386206,0.0058426730529103
P03270,Good,0.00021329428081518352,0.9997867054457107,2.7347407126232344e-10
P01502,Excellent,8.617175129765086e-28,2.1539810473161912e-16,0.9999999999999998
P08849,Good,7.909352734300645e-09,0.9999999920472932,4.335410005298026e-11
P09794,Good,1.2127604247401946e-11,0.9999999999742972,1.3575222987038067e-11
P05539,Good,6.053867330972858e-06,0.9999939461326532,1.577154336005323e-14
P08060,Good,5.950180917706382e-11,0.9935072868475665,0.006492713092931737
P02555,Good,1.1875270355836965e-11,0.9999999987662,1.2219247070053894e-09
P04114,Excellent,2.031724357744576e-12,0.5253643205859692,0.4746356794119992
P05216,Average,0.9999999999993019,6.981510711916588e-13,6.763840151762367e-30
P05923,Excellent,2.0692329147796674e-14,0.0008046611752160562,0.9991953388247632
P03564,Average,0.9999997298220334,2.701779663943795e-07,4.520101344597193e-21
P06233,Good,1.1488227016990931e-06,0.9999988024717169,4.870558150018597e-08
P07902,Good,1.7795156906899337e-13,0.999999999909267,9.055505063835619e-11
P03435,Average,0.999974975416472,2.5024583528188805e-05,2.396377350952147e-19
P08342,Average,0.9849397472174374,0.015060252782481008,8.15512519621406e-14
P02446,Excellent,1.0867993433019654e-14,1.4170077966600304e-06,0.9999985829921925
P09413,Excellent,3.0268463006002286e-12,0.011888370187444921,0.9881116298095283
P04951,Excellent,2.4284636376765976e-22,4.4100830726684303e-11,0.9999999999558993
P08773,Good,4.382109212872207e-10,0.9003926282077078,0.09960737135408124
P00166,Good,3.06485876266282e-12,0.9999999253905476,7.460638753134213e-08
P08902,Excellent,1.3114267932887055e-16,8.410657251962887e-09,0.9999999915893426
P06517,Average,0.9953716231657989,0.004628376834201188,1.9204626038521154e-18
P05113,Good,0.004712832432007523,0.995287167566892,1.1004409110549937e-12
P09056,Good,0.243753976638546,0.7562460233606769,7.77103052992354e-13
P01313,Excellent,1.3267618222349837e-15,8.434249849167867e-06,0.9999915657501496
P00920,Good,8.941700884574543e-11,0.9723427249399484,0.027657274970634495
P03012,Good,0.9998795440103365,0.00012045598966205306,1.2872138348637311e-15
P07750,Good,5.0706098905188465e-08,0.999999949293869,3.2102945554766946e-14
P05024,Good,1.388592692757853e-11,0.9985209732799608,0.0014790267061532743
P02528,Good,0.06494241313477253,0.9350575868652201,7.27986954761719e-15
P07296,Excellent,4.202066212783457e-23,2.1509530118804515e-09,0.999999997849047
P08915,Good,2.1780233928747543e-07,0.9999997627139593,1.9483701362962857e-08
P07713,Good,1.2804004928062133e-09,0.7532129670532768,0.2467870316663227
P07650,Good,1.3193399905384e-10,0.9973510190326975,0.002648980835368518
P03448,Excellent,1.925546700235617e-23,9.438175241476051e-14,0.9999999999999056
P08822,Average,0.31239555381518763,0.6876044461848123,4.4221548896275616e-20
P08383,Good,0.00015419669769565567,0.9998458033022031,1.013080874027006e-13
P09940,Good,6.229759469107599e-13,0.033248895367553905,0.9667511046318231
P07251,Good,0.000585650202760959,0.9994143492001387,5.971002708462585e-10
P08767,Good,1.2516104201463005e-11,0.9000661378508459,0.09993386213663812
P07649,Good,3.101882672932562e-14,0.08118324840223544,0.9188167515977336
P08966,Excellent,9.527856961199281e-29,3.151516220445242e-17,1.0
P00311,Average,0.9999999994636384,5.363615939662825e-10,1.639284008889216e-23
P02127,Good,2.7050012770366957e-09,0.9999997110690992,2.862258995074822e-07
P05317,Excellent,1.8190916515539775e-19,9.136433227253372e-11,0.9999999999086358
P00605,Good,9.808591528390974e-13,0.9999997761109635,2.2388805563571412e-07
P05476,Excellent,1.3371594981197628e-22,3.112806955214334e-12,0.9999999999968872
P05092,Good,5.027158379125319e-09,0.9999999948472122,1.256294125531012e-10
P00608,Good,8.30528044975945e-07,0.9999991694617013,1.0253794736818521e-11
P01791,Excellent,2.975452795031561e-17,1.3391460950818687e-06,0.999998660853905
P05671,Good,2.3792029221270234e-06,0.9999976207530537,4.4024300411491336e-11
P06129,Good,4.002978591934642e-10,0.9999999994023892,1.9731295099830148e-10
P06460,Average,0.9999999996066842,3.933157336870498e-10,4.865184093389846e-23
P06897,Excellent,3.212368467281742e-25,1.7708717429871917e-14,0.9999999999999822
P04644,Average,4.234675250049745e-07,0.9999995765324702,4.892170439044329e-15
P01150,Good,1.1013890835336651e-11,0.10407569000415143,0.8959243099848346
P03380,Excellent,7.364536280148651e-16,0.0002858100140052674,0.9997141899859942
P04191,Excellent,1.364766917759769e-28,7.204973632855666e-16,0.9999999999999993
P05061,Good,4.0416930568350754e-13,0.9977512256734711,0.0022487743261247585
P01486,Good,7.636054019019511e-09,0.9999999900613951,2.3025510156059906e-09
P06361,Average,0.9977354640870963,0.002264535912901004,2.559361615187224e-15
P04398,Average,0.3280909552055775,0.6719090447817205,1.2702018141641659e-11
P06992,Excellent,7.314768835709858e-14,0.003083648055498007,0.9969163519444288
P05268,Excellent,1.1111232021319907e-13,0.03497297034800295,0.9650270296518858
P01398,Average,0.9999999993921769,6.078231468416721e-10,4.695571881958482e-25
P06316,Average,0.9151108684723345,0.08488913152748447,1.809928171654039e-13
P05243,Good,6.243088831235126e-08,0.9992969043985886,0.0007030331705230106
P09096,Excellent,7.411768425300671e-22,4.1050966559057085e-11,0.9999999999589491
P07769,Excellent,4.6894344620185837e-14,9.210331016571842e-05,0.9999078966897873
P05328,Excellent,2.2382927715000668e-23,3.206002991849431e-11,0.9999999999679399
P00093,Excellent,1.9435817633823806e-20,1.0293438322428581e-07,0.9999998970656166
P07538,Good,5.0900682604633615e-12,0.989352052989689,0.01064794700522091
P00112,Excellent,1.1721013111898146e-14,7.586197291090238e-05,0.9999241380270772
P08319,Good,5.489334263007623e-05,0.9999451066573696,2.9854237211110674e-16
P07451,Excellent,5.140839326769948e-23,4.350911855483798e-11,0.9999999999564908
P09029,Average,0.9999999545297923,4.547020765920016e-08,2.760425793094032e-23
P04831,Average,1.0,2.12577797938438e-22,7.713295824788806e-42
P09660,Good,6.24426315959219e-10,0.9999999450536626,5.4321911035376976e-08
P06100,Excellent,2.361018459905021e-18,5.041905122023276e-08,0.9999999495809487
P01804,Good,7.15192885029666e-08,0.9999999257017986,2.778912852929324e-09
P06628,Good,7.641323677045825e-19,3.9218441946014535e-07,0.9999996078155805
P07924,Excellent,4.408041005980442e-28,1.9015710523234834e-15,0.999999999999998
P02856,Excellent,5.216523628840369e-29,3.396574580515956e-17,1.0
P04362,Good,8.84999946147093e-07,0.9999991149629334,3.7120413014292404e-11
P03908,Average,0.9999974056896178,2.5943103822366903e-06,2.198910667334399e-19
P07685,Good,3.300901583018813e-10,0.9999999983914378,1.27847206873691e-09
P08349,Excellent,2.0244803417339963e-21,5.699635397781178e-08,0.999999943003646
P01349,Excellent,1.0215597005237058e-18,0.00019418086244505823,0.9998058191375551
P06861,Average,0.9999999999998943,1.0565088001589907e-13,1.0787015776461369e-28
P00186,Good,2.457309942758043e-11,0.9984230980084999,0.0015769019669270065
P03410,Average,0.9999999679842572,3.201574282348733e-08,9.893891550707798e-25
P09318,Excellent,3.371474484433712e-24,1.1108107165610982e-13,0.999999999999889
P03487,Average,0.9999979475065032,2.052493496827173e-06,5.397255187369711e-19
P04309,Good,1.2081457085917142e-10,0.9999999937853745,6.093810870112103e-09
P01535,Good,0.9995156996648432,0.0004843003350955646,6.125775091509294e-14
P09741,Average,0.9999999999999789,2.1154548990713137e-14,1.0307017256004278e-27
P02470,Good,1.7022366053215963e-06,0.9999982977567166,6.6782376134017285e-12
P08769,Good,2.9191398859415e-09,0.9999999899539872,7.1268729062243686e-09
P05336,Excellent,2.0511034955893384e-24,7.720861542709038e-13,0.999999999999228
P06149,Average,0.9999999917609718,8.239028285575081e-09,1.773136403106329e-21
P06591,Excellent,7.79730002179663e-13,0.008485512439385862,0.9915144875598344
P08445,Excellent,2.6363602455271073e-12,0.8350004239503368,0.16499957604702684
P08765,Good,0.5933427491255499,0.40665725086705046,7.39969358040677e-12
P04075,Good,0.001405763554258999,0.998594236444768,9.730671564434122e-13
P05919,Good,3.0853270891936067e-12,0.9999521644698558,4.783552705891525e-05
P05917,Excellent,2.3194940536024246e-15,0.0014893042468584997,0.9985106957531392
P02246,Average,0.9999999990565593,9.434406196273267e-10,1.2481042169726426e-21
P04122,Good,1.4365205820716002e-09,0.9999999855248574,1.3038622131520366e-08
P09021,Excellent,2.1679514535423346e-14,0.0009016547079858904,0.9990983452919924
P05676,Good,1.7436083140665592e-11,0.9999967876335729,3.2123489909124398e-06
P04842,Average,0.9912623421148536,0.008737657884508983,6.374477507126605e-13
P00099,Good,6.905945451783439e-12,0.9896534692605281,0.010346530732565936
P00951,Excellent,3.3182035903456857e-11,0.33739987920279585,0.6626001207640221
P06096,Excellent,6.837137394587076e-27,1.842337043418756e-13,0.9999999999998157
P03016,Good,0.0003461967668502884,0.9996538032283145,4.835143736334761e-12
P07361,Average,0.991164214828777,0.008835785171222556,3.9289780840003777e-16
P02795,Good,1.2566406150708503e-05,0.9999874335934915,3.5779703073389423e-13
P02673,Excellent,9.507045499209406e-16,1.3298499263530502e-05,0.9999867015007357
P06321,Good,9.920715730543689e-08,0.9999999007928418,8.634134364687109e-16
P07163,Excellent,1.0056073706878214e-13,0.592252081976246,0.4077479180236535
P05479,Good,9.100242900567723e-07,0.9999990899755667,1.4310750457864106e-13
P07612,Excellent,6.744267503145677e-19,4.8368565228995296e-08,0.9999999516314347
P08723,Good,1.2546601025377664e-14,0.0005122743650500357,0.9994877256349372
P04167,Good,2.1897760713791705e-11,0.9999999998120437,1.660584937801437e-10
P05482,Good,1.5135144103633847e-09,0.9999999976252676,8.612180411944675e-10
P02790,Excellent,2.0741863521168456e-30,2.3583863731877203e-16,0.9999999999999998
P04682,Average,1.7041439777738497e-07,0.9999998295854127,1.8964943481618598e-13
P07225,Good,2.3610548205296246e-11,0.9999809975960738,1.90023803155684e-05
P08078,Excellent,8.220198247536719e-25,2.8136444572026245e-13,0.9999999999997187
P01793,Average,0.45605678498568014,0.5439432150041427,1.017734046935294e-11
P04365,Average,0.9999999999452771,5.472292502023237e-11,2.5601651287122153e-23
P06892,Average,0.9999999992337534,7.662466757751554e-10,1.7643217856931226e-24
P00060,Excellent,1.3103620394680622e-11,0.9999896979065743,1.0302080322030391e-05
P03402,Excellent,8.590805948294559e-19,1.1656271735524853e-10,0.9999999998834372
P00968,Good,5.545672182846091e-13,0.9999999899657054,1.0033740078669266e-08
P00396,Excellent,3.3514321245259326e-38,6.134086711162484e-21,1.0
P03456,Good,1.5533105062222744e-08,0.9999999842891933,1.7770160174233574e-10
P05755,Good,5.256000472883181e-07,0.9999994743962506,3.702016883508936e-12
P00261,Good,1.754440983290586e-09,0.9999999969412845,1.3042745670044262e-09
P04615,Good,0.9979691471513424,0.0020308528486523755,5.076995961844606e-15
P07758,Good,6.424817560303766e-14,0.00021262403391080132,0.9997873759660252
P06989,Average,0.9597689998408043,0.04023100015919531,1.392926001128069e-16
P03933,Good,2.236133437590041e-07,0.9999997763862327,4.2357846242950317e-13
P04102,Excellent,1.651847218154242e-17,4.036172744594016e-07,0.9999995963827254
P05128,Good,5.565592130770321e-10,0.2757282391188916,0.7242717603245491
P09066,Excellent,2.0314866352565342e-33,3.6496002147915457e-19,1.0
P04210,Excellent,7.063123868822832e-21,5.6266021253745944e-11,0.9999999999437339
P02390,Average,0.9999999240737587,7.592624137909995e-08,7.595116749282373e-20
P01174,Average,0.9999999997737246,2.2627537360784096e-10,1.9532647001401088e-26
P03104,Excellent,3.2833628144168776e-26,1.9346204106453948e-14,0.9999999999999807
P05527,Excellent,9.194307812068771e-21,1.0604755470781603e-09,0.9999999989395245
P06803,Average,0.5991547456842602,0.4008452543157347,5.137650717241816e-15
P01605,Good,4.383861381413803e-11,0.8324451983754342,0.1675548015807271
P01423,Good,1.2167014865016083e-09,0.9999999985524601,2.3083843429522794e-10
P05298,Good,1.5178991428759528e-05,0.9999848209523696,5.6201625285314496e-11
P03294,Good,2.606445726064339e-09,0.9999999783185411,1.9075013012716633e-08
P09144,Good,4.89812510460315e-09,0.9999999950420979,5.977699710718295e-11
P02021,Good,4.4274881462024365e-10,0.9999999995089004,4.835082243842489e-11
P08599,Excellent,4.392292531482045e-22,7.703008355467723e-10,0.9999999992296991
P02773,Good,1.4609861429703354e-05,0.99998539012031,1.8260334858502852e-11
P09124,Average,0.9999997237035758,2.762964242981127e-07,4.457606280155148e-21
P03302,Excellent,7.491033709599885e-17,2.6097472668834873e-05,0.9999739025273311
P00223,Average,0.7034273141155992,0.29657268588432883,7.207792052691121e-14
P00368,Good,2.453984715957765e-07,0.9999997545878057,1.3722776035273302e-11
P08697,Excellent,1.8259037837948057e-21,1.2154459074336982e-10,0.9999999998784554
P07817,Excellent,4.624444566759444e-19,9.88718893226275e-06,0.9999901128110676
P00548,Excellent,1.3023462406821904e-20,2.0548410433090088e-08,0.9999999794515897
P01803,Average,0.9999988050264279,1.194973572040611e-06,1.6177394970812524e-18
P09097,Excellent,1.5550493349547085e-14,1.7525248154418657e-05,0.9999824747518301
P06157,Average,0.999999291506222,7.084937779756874e-07,6.8441840847658945e-22
P02093,Excellent,5.628578635838212e-25,7.903477079373348e-15,0.999999999999992
P05271,Good,9.955522581454736e-09,0.9999990742145752,9.158299021657047e-07
P03830,Average,0.9981557502745934,0.00184424972540631,3.273697272342501e-16
P07082,Average,1.0,1.220118168925532e-19,8.293394697048172e-42
P04284,Excellent,3.295167526582879e-20,4.4344363937108234e-08,0.999999955655636
P07899,Good,5.058417819692333e-11,0.9997308907468575,0.00026910920255833703
P04690,Average,0.9998011474215136,0.0001988525784863852,5.94519553220308e-18
P09927,Excellent,5.930180429692501e-17,3.724747116630101e-05,0.9999627525288338
P04869,Good,1.3659487348175315e-09,0.9999999872582755,1.1375775583294828e-08
P09811,Average,0.999999987112209,1.2887790782696995e-08,3.461400569012555e-20
P09168,Good,6.773069251026229e-07,0.999999322693067,7.856610962312152e-15
P06192,Good,2.0383506616149658e-11,0.9987781501896073,0.001221849790009181
P06405,Good,2.8316018642541476e-12,0.9999650461029986,3.495389416968954e-05
P05578,Excellent,5.777358679265427e-31,1.3079129761729031e-17,1.0
P08357,Good,2.4574933512384426e-11,0.998735195043454,0.0012648049319711472
P01893,Excellent,6.245216606618922e-21,1.0998063869104465e-10,0.9999999998900193
P07381,Good,1.2408508588010115e-07,0.9999998755971321,3.177819760784792e-10
P09526,Good,4.0312768919563745e-12,0.9886857986510842,0.011314201344884483
P09139,Average,0.9999999999999973,2.66778359676017e-15,2.444874340158627e-28
P01966,Excellent,2.7472011628277944e-19,2.6074088032457756e-06,0.9999973925911967
P00326,Good,3.800942111446926e-07,0.9999995845405719,3.536521694213784e-08
P02788,Average,0.9999984719713554,1.5280286446393785e-06,9.829099271591492e-22
P06822,Good,2.7454581977434734e-10,0.9999999503949146,4.9330539453193685e-08
P05922,Good,9.891748710313505e-13,0.9999409497049916,5.9050294019280946e-05
P07321,Good,6.005032393394859e-08,0.9999999399495956,8.038227163822165e-14
P05544,Excellent,5.027361361993195e-21,5.02237351486199e-09,0.9999999949776264
P02683,Good,7.023008400462821e-06,0.9999929740249737,2.9666259249450823e-09
P09268,Good,0.013271251684729644,0.9867287483151802,9.023321684445793e-14
P07865,Good,6.07103523322077e-10,0.9999970795484759,2.9198444205979173e-06
P01891,Good,7.871096089624483e-12,0.9996549589695981,0.000345041022530763
P01801,Average,0.9999966509978439,3.3490021560757377e-06,3.831654107645116e-17
P02222,Average,0.9999999425981205,5.740187951387187e-08,1.0679623471277254e-20
P03788,Excellent,4.0794419040002345e-11,0.007306054823123221,0.9926939451360824
P04540,Good,4.2255045894925484e-07,0.99999957744789,1.6509154551590722e-12
P01781,Good,2.5009192206096407e-11,0.9999999998651972,1.0979370355365676e-10
P09328,Good,1.9166190196521157e-11,0.9999999997182285,2.626052516563592e-10
P00838,Excellent,2.1688983325406767e-26,2.4219064598081046e-15,0.9999999999999976
P01745,Good,1.0539113741074346e-05,0.9999894608862336,2.5175857447824526e-14
P01623,Excellent,3.6773778539824205e-18,7.824777237023136e-08,0.9999999217522276
P03739,Good,7.677153526348971e-14,0.9999999998239497,1.7597358378948014e-10
P05474,Average,0.0010982198280821095,0.9989017801613437,1.0574171482405921e-11
P03314,Excellent,3.4573385439987e-17,1.0812829562207697e-05,0.9999891871704377
P02469,Average,0.9999646150165536,3.5384983446439104e-05,5.144089096701605e-20
P00287,Good,2.2251705268021224e-08,0.9999999757996695,1.948625273318555e-09
P06869,Good,1.7367450946256584e-08,0.9999999825679252,6.46238887019888e-11
P09643,Good,1.0717082398102829e-08,0.999999985758494,3.524423669516854e-09
P02070,Average,0.9999999999999976,2.493242043721341e-15,3.491181959171992e-29
P00694,Good,1.7507320815414243e-10,0.9991792749173439,0.0008207249075828353
P02660,Good,1.1472664574855774e-08,0.9999999885203886,6.946788185369817e-12
P01892,Excellent,1.2927860411056351e-17,5.223799381126134e-06,0.9999947762006187
P07743,Good,1.1540688270660047e-10,0.9999999805509431,1.9333650062263162e-08
P00082,Good,7.6450417287462e-08,0.999999921276107,2.273475583023861e-09
P02464,Good,5.154450097133009e-07,0.9999994818247997,2.7301905620766358e-09
P08247,Excellent,7.025805575785553e-21,2.117543064705831e-10,0.9999999997882456
P04825,Excellent,6.284565698778997e-15,1.1653861331498477e-05,0.9999883461386623
P04700,Good,1.582069037861162e-13,0.7192656270461506,0.28073437295369114
P04752,Excellent,1.478127207733414e-26,4.60126295344589e-14,0.999999999999954
P06721,Average,1.0,6.621674112707331e-23,4.745393113650736e-42
P09759,Good,1.3456898369361748e-12,0.024042666512543467,0.9759573334861107
P05456,Good,1.2724488305480115e-10,0.9999999943632896,5.509465456623874e-09
P00401,Excellent,4.273435734155147e-13,0.459124900371936,0.5408750996276367
P00799,Good,4.03932188481009e-10,0.9999999995960671,6.279625233844865e-16
P00911,Good,1.4737344172202867e-12,0.9999991280577831,8.71940743084858e-07
P04643,Average,0.9999999904473441,9.552655919836566e-09,1.4269023204264968e-23
P06554,Excellent,5.95956557884184e-19,1.0641762633163877e-08,0.9999999893582373
P03752,Excellent,5.572962940222519e-23,1.6633773644256404e-10,0.9999999998336622
P03698,Good,6.136427067758845e-07,0.9999993850242124,1.3330808735324449e-09
P07478,Good,0.7045475380023232,0.2954524619976502,2.652319912842998e-14
P02362,Good,8.668153774904336e-14,0.025945360472755735,0.9740546395271575
P05820,Good,0.9989295566107005,0.0010704433892995686,5.577785941319042e-17
P06884,Good,2.3592192221972556e-08,0.9999999748087309,1.5990769194203986e-09
P08475,Good,0.9942442391490913,0.0057557608508709505,3.764736748234343e-14
P03325,Good,0.0004416449432531096,0.9995583550552632,1.4836291043553956e-12
P01526,Good,0.006013815995296006,0.9939861839939201,1.0783784375002845e-11
P09973,Excellent,2.7725870266062388e-27,8.345234736142899e-16,0.9999999999999991
P00384,Good,1.728271560143651e-08,0.9999999826657097,5.157467831209038e-11
P05823,Average,0.8971296156372665,0.102870384362659,7.44881304504065e-14
P01684,Good,1.8766277138370627e-08,0.9999999811414536,9.226920918989469e-11
P06249,Excellent,1.720555782046711e-31,5.66892475130069e-16,0.9999999999999993
P09743,Excellent,5.321509959896311e-25,4.050263657816701e-14,0.9999999999999596
P05450,Average,0.9999053513317634,9.464866823666364e-05,8.102275539599547e-17
P06265,Excellent,1.2909047077223597e-20,5.067059314034509e-10,0.999999999493294
P03384,Good,1.9642088461337133e-08,0.9999999765927418,3.765169682959692e-09
P09189,Good,1.3362217772769766e-07,0.9999998663778221,1.1090729460407912e-16
P09656,Excellent,8.250862095872496e-19,8.216234508439147e-07,0.9999991783765492
P07665,Good,1.8538987360314184e-08,0.9999999814462842,1.47283076711559e-11
P01658,Good,9.410515554495552e-07,0.99999875518432,3.037641244457263e-07
P09726,Average,0.8132728295601614,0.18672717043983375,4.871380334231614e-15
P05260,Good,1.4789131235399948e-05,0.9999852108497422,1.902220817992238e-11
P07434,Good,3.309538191367487e-13,0.91710421832059,0.08289578167907904
P08964,Average,0.9999996609755083,3.39024491648457e-07,3.041704576420011e-20
P00622,Good,2.114788489723036e-11,0.9999991891233324,8.108555197427372e-07
P01055,Good,0.0016918873950173673,0.9983081126049719,1.0664636537129604e-14
P05184,Excellent,9.020178158734175e-24,8.457358247300848e-10,0.9999999991542641
P03470,Excellent,4.579310245554194e-27,3.3366365651470254e-16,0.9999999999999996
P03351,Excellent,4.1430973506670477e-13,0.999967955287575,3.204471201068996e-05
P05240,Excellent,1.0505678106429861e-20,5.612336077883442e-09,0.9999999943876638
P07476,Good,2.736938555353828e-07,0.9999997263061263,1.812312337412239e-14
P02239,Average,1.0,7.66943126771707e-18,4.878478934483351e-31
P06641,Good,1.0983875966558397e-09,0.9999999405172706,5.838434175138259e-08
P02434,Average,0.9999999983082943,1.6917056384594571e-09,9.103766339457423e-24
P07958,Average,0.9999999986693386,1.3306613032394639e-09,3.6166767171898785e-22
P05166,Good,2.2967115530279332e-11,0.9999987166071163,1.283369916667981e-06
P06780,Average,0.9996930071501668,0.00030699284983296563,1.4816586256523927e-16
P09510,Good,5.5968280195353976e-11,0.99999999992694,1.709161763303774e-11
P06872,Good,8.114123903332438e-13,0.9999999612952654,3.870392315467807e-08
P08334,Good,0.9921390350783624,0.007860964921628463,9.13214355931324e-15
P03545,Average,0.015845686257204374,0.9841543137420535,7.420968123912065e-13
P04034,Average,0.9918921773481912,0.008107822650762958,1.0456589997748918e-12
P04738,Excellent,4.743316245651794e-17,2.1656979674579928e-05,0.9999783430203254
P09377,Good,5.469576819475643e-08,0.9999999452893326,1.489935275795401e-11
P00315,Excellent,7.317830218646372e-21,5.487883670629898e-10,0.9999999994512117
P04228,Good,1.3087905868673295e-12,0.999264163322348,0.000735836676343198
P08300,Excellent,7.731884305408014e-14,0.43739070380296974,0.562609296196953
P07870,Average,0.9999978139064427,2.1860935572708874e-06,4.0105475005034715e-19
P03872,Good,6.301598389830114e-11,0.6620094183585641,0.3379905815784199
P09019,Good,2.2479530615864967e-05,0.9999775204633334,6.0505475773479575e-12
P09589,Excellent,1.2555326167201899e-14,0.6759808154959351,0.32401918450405237
P02758,Excellent,8.865417337300465e-26,3.6342785864207266e-13,0.9999999999996365
P03157,Good,1.4718621671675266e-11,0.045217193053153845,0.9547828069321275
P00963,Excellent,7.312346306862699e-19,7.030471609044248e-08,0.9999999296952841
P03215,Excellent,2.8885300942959176e-25,3.0413580542545505e-12,0.9999999999969587
P02658,Excellent,1.971077795486514e-15,3.382264554907305e-05,0.9999661773544488
P07844,Excellent,4.683445562462212e-22,5.713813597682313e-12,0.9999999999942861
P08555,Average,0.999999999999923,7.706305885685151e-14,6.098262801411083e-27
P08489,Average,0.9999996161247192,3.838752807826817e-07,5.3291918037293146e-20
P09393,Average,0.9999819142523542,1.808574764582395e-05,5.499400842696389e-20
P00367,Average,0.9999997703678579,2.2963214205366469e-07,8.01242862798994e-18
P08530,Average,0.998225189817013,0.001774810182817696,1.692622049131555e-13
P05842,Good,8.778680760900562e-09,0.9999999909628775,2.584417232940906e-10
P08864,Good,3.522146700472873e-11,0.9470215244920596,0.05297847547271901
P05329,Excellent,6.741121938723791e-27,1.644107129049974e-15,0.9999999999999984
P07014,Good,2.0629784616418598e-05,0.9999793701978354,1.7548099742739742e-11
P03826,Average,0.9998612737915582,0.00013872620844180913,7.206595537307217e-19
P07687,Good,0.0037630556806538275,0.9962369443024593,1.6886778579275908e-11
P06463,Average,0.9999999999999993,6.763749674005494e-16,2.2190224044137246e-26
P09590,Good,4.0512735828792634e-08,0.9999999594756069,1.1657317686153288e-11
P09340,Excellent,4.144026976491078e-31,5.290771208843011e-16,0.9999999999999996
P02379,Average,0.6925891537303018,0.3074108462695805,1.1771385441039476e-13
P05630,Excellent,2.577661825620993e-26,4.853425104606923e-12,0.9999999999951465
P07876,Excellent,3.8387247588097237e-28,4.4106284416652575e-16,0.9999999999999996
P06027,Excellent,9.516046390685888e-32,1.0893311851978324e-16,1.0
P01774,Excellent,1.0113301711897875e-18,4.447854106129436e-08,0.9999999555214589
P03978,Excellent,1.662248471991818e-16,0.0006827903958717821,0.9993172096041281
P08403,Average,0.9359113024374592,0.06408869756253338,7.492100799014224e-15
P07618,Good,6.571101404294426e-10,0.6762846600410837,0.3237153393018061
P04222,Good,1.352082014507856e-08,0.9999999429722223,4.350695760717195e-08
P02433,Average,0.9999992660773243,7.33922675705046e-07,5.35213630736449e-19
P01622,Excellent,6.446512317824943e-13,0.0009898565196755612,0.9990101434796798
P02034,Excellent,3.0189008673106525e-23,3.496879090504374e-11,0.9999999999650313
P06734,Good,2.676189453583159e-07,0.9999997292149563,3.1660982304005136e-09
P08692,Excellent,8.877298971744097e-14,0.02304499526253252,0.9769550047373788
P03593,Excellent,2.000290348377855e-27,4.354154455814185e-18,1.0
P09093,Excellent,2.9694880380060976e-20,1.0003818559153128e-07,0.9999998999618145
P08023,Good,7.488556200997114e-09,0.9999968051319128,3.18737953105604e-06
P01165,Good,6.009001557072345e-11,0.9999999999046523,3.525769805410149e-11
P02566,Excellent,1.214148561963887e-09,0.9646591298058579,0.0353408689799935
P07980,Good,0.7485906126094232,0.2514093873905131,6.36014914732846e-14
P01490,Good,8.070876226635952e-11,0.9999999998886941,3.0597107175281465e-11
P04158,Good,5.252067698348977e-09,0.9999999946441203,1.0381198313686876e-10
P09324,Average,0.9999999966818784,3.3181215209835933e-09,4.0912068975114314e-26
P06755,Excellent,2.752249682026788e-17,0.0002804344471611111,0.9997195655528388
P03950,Good,2.0086342904583815e-08,0.9006147452303048,0.09938523468335221
P00203,Good,2.609583997365134e-11,0.4554986161549713,0.5445013838189329
P03154,Good,8.680866285583672e-10,0.9673264946403334,0.03267350449157992
P04320,Excellent,7.285957070495532e-11,0.05488444129995424,0.9451155586271862
P01529,Good,0.7494357888653439,0.25056421113435356,3.0259852660420926e-13
P00387,Good,2.034759219935843e-09,0.9999999936345583,4.3306825383898035e-09
P05318,Average,0.9999999842513987,1.5748601175840823e-08,2.367118296831919e-27
P09575,Excellent,7.44592983044285e-11,0.9997568460520672,0.0002431538734735818
P06374,Average,0.9999999990189661,9.81033954587764e-10,9.767154480679242e-21
P08449,Excellent,1.6843461949103202e-27,8.326315835949614e-15,0.9999999999999918
P08494,Excellent,3.11927901688206e-21,1.241482451361941e-12,0.9999999999987585
P06600,Excellent,6.277142700399277e-16,2.9649450865062865e-05,0.9999703505491343
P04141,Excellent,2.907472648269362e-13,0.05068118577305741,0.9493188142266519
P01065,Excellent,2.186487448742238e-11,0.9005774707010903,0.09942252927704472
P07065,Good,1.418496504455449e-14,1.2295728773809993e-05,0.999987704271212
P02881,Average,0.08720698217667006,0.9127930178222938,1.0360355056684748e-12
P01365,Excellent,1.2934447710405504e-16,0.0005513885327711163,0.9994486114672287
P07771,Good,2.7701979738226187e-10,0.9999233440076629,7.665571531740675e-05
P09869,Average,0.9972252648069956,0.0027747351930040975,1.8267129716154158e-16
P08127,Good,3.796001279332537e-08,0.9999999620211933,1.8793868793881117e-11
P04920,Excellent,2.0752096584874547e-19,1.622325976001714e-07,0.9999998377674023
P03741,Good,3.460749914842125e-12,0.9999975383863169,2.4616102225111673e-06
P09495,Excellent,4.547695765309242e-18,1.532764049486029e-07,0.9999998467235951
P03423,Average,0.9999999999911555,8.844433798382005e-12,4.530715384534362e-25
P04704,Good,4.0908079061629645e-10,0.999999793891235,2.056996841950064e-07
P08188,Good,6.8815335541332936e-12,0.9999926688946168,7.331098501580136e-06
P07241,Good,9.098278916472341e-10,0.999999998385013,7.051590507940039e-10
P08881,Average,1.0,2.139339031320276e-25,1.7885247832355921e-43
P07927,Average,0.9982603289670331,0.0017396710329668481,4.689360455612779e-17
P06379,Good,5.881343099086594e-09,0.9439802650641884,0.05601972905446846
P01076,Good,7.606527940895319e-12,0.9999557548805279,4.424511186562844e-05
P06845,Average,0.9999999974608484,2.539151483311421e-09,3.884050021780185e-21
P07988,Good,0.975255576392463,0.024744423605019758,2.517107231181741e-12
P05473,Good,2.7372837243063053e-08,0.9998677862042209,0.00013218642294187934
P01464,Good,5.630339459957464e-08,0.9999999436930335,3.572045683572172e-12
P01593,Excellent,6.241023521351578e-23,1.9712328632332188e-12,0.9999999999980287
P07442,Good,2.6770166544580725e-11,0.9999999961253963,3.847833581067269e-09
P01488,Excellent,1.4037435934040184e-20,2.2260212200970025e-08,0.9999999777397877
P01868,Excellent,6.771937234557504e-23,1.781008260360908e-13,0.9999999999998219
P07316,Excellent,1.241119196005586e-13,0.6869847214309223,0.3130152785689536
P03279,Excellent,2.827108559762947e-35,3.5187865858405468e-19,1.0
P09396,Good,2.55013878905611e-11,0.9782346350290052,0.02176536494549346
P07862,Good,2.4119726461191e-06,0.9999975880273059,4.796756965170746e-14
P02570,Excellent,5.46283305444927e-23,1.3738779927249466e-11,0.9999999999862612
P07010,Good,0.0021768207780986848,0.9978231792214922,4.091131567452147e-13
P04900,Good,8.900451690397165e-11,0.9999999862558286,1.3655166778519371e-08
P01929,Average,0.9999999534542663,4.654573370595992e-08,3.5914000684123535e-20
P04333,Average,0.9999998483303479,1.5166965208685544e-07,2.2815113694846444e-21
P02440,Excellent,1.7603018664453377e-11,0.2537778203349618,0.7462221796474351
P01857,Good,0.0002695186086658822,0.9997304813913314,2.6216880554191275e-15
P01028,Good,3.882736589899449e-11,0.999999025257345,9.747038275951988e-07
P04735,Average,0.9999904338676392,9.566132360817098e-06,5.3834139275371414e-20
P00466,Excellent,7.192197269942756e-18,1.0706309639144972e-06,0.9999989293690362
P07181,Excellent,1.8389614181466498e-19,1.1304177762503711e-07,0.9999998869582224
P02191,Excellent,4.541878260377042e-19,6.018853655256826e-10,0.9999999993981146
P01952,Average,0.9999748497032461,2.5150296753893375e-05,9.796652074251881e-18
P06556,Excellent,8.210655725610729e-11,0.9998462238864383,0.00015377603145506945
P05310,Average,0.715872341085237,0.28412765891476305,9.9032516262556e-19
P07243,Excellent,8.230845550647346e-24,2.9561690953165376e-08,0.9999999704383091
P08893,Good,1.469272986064088e-08,0.999999985307269,1.2238395991457883e-15
P08042,Average,0.7109460301047144,0.2890539698952856,2.1732102470920606e-16
P06565,Average,0.999999363109239,6.368907610197918e-07,2.681170593807892e-18
P00771,Good,4.822937744755873e-07,0.9999995177060691,1.5639874189875278e-13
P02705,Good,0.10893637311370609,0.8910636268806584,5.635605364025988e-12
P05619,Average,1.0,7.346745849407408e-19,2.751246560279004e-31
P07051,Excellent,3.5556362765565314e-16,0.006748085450078872,0.9932519145499206
P09731,Good,1.9833454806626155e-11,0.9669600180196539,0.0330399819605125
P09034,Excellent,3.2630146894324544e-12,0.9647324184328471,0.03526758156388991
P00446,Excellent,1.3291661881509815e-21,3.062170452911338e-10,0.999999999693783
P02793,Excellent,7.429017324084651e-20,1.788472844356531e-07,0.9999998211527155
P06273,Good,6.743915681508447e-11,0.9999999485150246,5.141753628891838e-08
P09738,Good,1.0848870832857566e-09,0.9987891635543571,0.001210835360755896
P08467,Excellent,4.168203838415675e-16,0.5050895258468364,0.4949104741531632
P03119,Average,0.018595605730256443,0.9814043942697428,8.178779141069218e-16
P09205,Average,0.9999999998098934,1.9010655394440353e-10,1.3682492204709029e-27
P05077,Excellent,1.2676740309114789e-24,8.034882496636055e-12,0.9999999999919651
P08681,Excellent,4.026773246511953e-27,4.149001110454287e-15,0.9999999999999958
P02197,Good,6.549974772492804e-10,0.9999999684762585,3.086874395154115e-08
P06175,Good,3.0941647305581993e-10,0.9999999990036819,6.869016429176985e-10
P05314,Good,5.802263840003079e-09,0.9999999659238239,2.8273912223642063e-08
P02385,Average,1.0,2.3925303214451296e-19,9.894833162753234e-38
P02843,Average,0.9999999999999907,9.249234735193197e-15,1.3658762880479053e-28
P00924,Good,4.357175449231358e-11,0.9998763630376726,0.00012363691875573628
P00670,Excellent,1.9331171540512523e-18,8.960580519260528e-08,0.9999999103941948
P09440,Excellent,4.938627073926336e-12,0.06510095500912375,0.9348990449859378
P06406,Good,0.0670562943089355,0.9329437056859027,5.16179874369167e-12
P09823,Good,1.1400667893617685e-11,0.9999995742248039,4.2576379541672335e-07
P02551,Excellent,2.438839611155508e-16,2.2479507375336348e-05,0.9999775204926246
P05763,Good,4.649568286315532e-14,0.7400858316640075,0.25991416833594594
P02409,Excellent,1.8809848770566098e-31,2.0337864669810368e-17,1.0
P08404,Excellent,2.8827050771369294e-21,3.6826322993461995e-10,0.9999999996317368
P04783,Good,5.197676822289236e-14,0.999998133863096,1.8661368520687957e-06
P04856,Excellent,5.484339071382553e-25,2.1452709235156735e-13,0.9999999999997855
P08402,Excellent,1.3149120281279517e-19,7.649015857143251e-08,0.9999999235098415
P06052,Good,4.401635828764969e-07,0.9999995591739352,6.624817380759431e-10
P03033,Average,0.12263840364856293,0.877361596348235,3.2022193909716452e-12
P00867,Excellent,8.947657790514642e-19,2.055856019286585e-06,0.9999979441439807
P08706,Good,3.3736463933805536e-11,0.9999890083767713,1.0991589492366264e-05
P05282,Good,3.712412698336594e-11,0.9964862959552647,0.0035137040076112674
P02668,Good,1.8894574724701968e-05,0.999981100772729,4.6525464187138675e-09
P00815,Excellent,1.2769649425936293e-10,0.13642938362035387,0.8635706162519496
P07048,Excellent,5.1235684008233594e-15,0.017161193615310773,0.9828388063846841
P00022,Excellent,2.040581044949699e-18,1.2095982955618585e-07,0.9999998790401705
P01449,Average,0.9999999999774367,2.2563183545774333e-11,5.453478993117787e-23
P06926,Average,0.9726786256427996,0.027321374357195068,5.340934340343605e-15
P07786,Average,1.341702761760989e-07,0.9999998658286571,1.0667214851252495e-12
P06584,Average,0.991464126601894,0.008535873398105397,5.730925807921236e-16
P00526,Good,5.2936482888708725e-12,0.9999999979592136,2.035492741344427e-09
P04297,Good,0.8925861738340168,0.10741382616585456,1.2857271022412925e-13
P04322,Average,1.0,2.7029051791785865e-18,5.4087242148692976e-37
P07314,Excellent,5.970420703763122e-26,1.835942776754801e-13,0.9999999999998164
P07309,Average,0.9989653286104113,0.0010346713895887712,1.610843014349061e-18
P09695,Good,1.1707456402971918e-07,0.9999998829249598,4.761500948298127e-13
P03186,Good,8.886119532279582e-10,0.9999999870128637,1.2098524421132925e-08
P08044,Good,1.3889661616463784e-09,0.9999992645944694,7.340165644811123e-07
P04522,Good,4.883428682004187e-12,0.9999996291756418,3.708194748148983e-07
P08358,Excellent,8.830532420987651e-11,0.6669124336095444,0.33308756630215014
P08654,Good,2.355127161162887e-11,0.9999261595117673,7.384046468140152e-05
P06345,Good,9.050382198841074e-07,0.9999990949598363,1.9437448920088197e-12
P09418,Good,0.0001572398060889072,0.9998427601471059,4.680500452804474e-11
P08102,Average,0.9999917565685352,8.243431464861268e-06,2.6608307130282347e-25
P05882,Good,2.353744574223735e-09,0.999999964642963,3.300329243998742e-08
P01454,Good,0.04736165864658444,0.9526383413521375,1.2780817479817449e-12
P05127,Average,0.9999999992661854,7.338144667720873e-10,9.521665423254873e-22
P09958,Good,4.5798026216831714e-11,0.9998281956187243,0.00017180433547773103
P05590,Average,0.9999993705257647,6.294742353252336e-07,6.625594372158333e-19
P05668,Good,1.4863458807029732e-10,0.9999727441441653,2.725570720014874e-05
P04042,Good,2.7866351460767832e-11,0.8962541655625029,0.10374583440963081
P09267,Good,1.946325069139277e-14,0.9988108373385106,0.0011891626614697669
P04007,Average,1.0,8.75180622138842e-21,7.372294051070343e-40
P04714,Excellent,2.0146007254873614e-17,1.8311070373646094e-05,0.9999816889296264
P07277,Good,5.4267272808446806e-11,0.5264501262109786,0.4735498737347541
P05108,Good,0.8766898332077124,0.12331016663014106,1.6214664488149503e-10
P06421,Excellent,3.036204232262187e-26,9.36590874101728e-13,0.9999999999990634
P09521,Good,2.5194869639912145e-11,0.6526721746411864,0.3473278253336187
P06412,Excellent,1.1465753177615198e-14,0.11774800124139957,0.882251998758589
P04021,Good,1.4621564452676081e-12,0.9999999998862654,1.1227237447307921e-10
P09258,Good,0.9715203488030607,0.028479651196937687,1.47455932575626e-15
P06745,Average,0.9208360684208112,0.07916393157909027,9.853247163277489e-14
P07028,Good,6.439431832756406e-10,0.9999998520728807,1.472831761163983e-07
P01852,Excellent,3.7366991435179145e-27,1.4517374319258529e-15,0.9999999999999984
P00141,Average,0.9999813062309271,1.8693769073002208e-05,7.917604320572918e-21
P09172,Average,0.9999999999999931,6.9883137981713426e-15,4.379716069746158e-27
P05422,Excellent,2.0590825477980076e-18,1.8851621323468842e-07,0.9999998114837867
P00177,Good,2.3937841228023892e-11,0.9999999991058506,8.702116276910915e-10
P00202,Good,1.0348646929636701e-09,0.9999999891359431,9.829192239848504e-09
P01818,Excellent,1.8448739008117673e-11,0.002125499785805963,0.9978745001957453
P03218,Good,5.146218784437846e-13,0.9999999981752468,1.824238644027458e-09
P08564,Good,5.3824740766453966e-11,0.9999999996279594,3.1821581625766777e-10
P03638,Excellent,2.5084180551575152e-14,0.5231912675502027,0.4768087324497722
P08470,Good,2.5227566269361046e-09,0.9999999838194433,1.365779998978406e-08
P02090,Average,0.9999999933894508,6.6105491857826105e-09,4.068429060758707e-21
P00381,Good,4.028057999957219e-09,0.9999999883778276,7.594114314107213e-09
P02586,Good,4.2307486236528555e-07,0.9999995769150858,1.0051725752791043e-11
P02261,Good,6.638712514381438e-08,0.9999998274206583,1.061922165472295e-07
P06697,Good,0.03675779739619946,0.9632422026030931,7.075358147513423e-13
P02370,Good,8.284625332163714e-09,0.9999999660505605,2.566481404280265e-08
P08641,Good,3.5452590847133134e-10,0.9999999996280164,1.7457617314822487e-11
P07935,Excellent,1.7901080949439318e-30,2.0139051635807917e-17,1.0
P00376,Good,0.02188635277557284,0.9781136472242599,1.673497690741185e-13
P06207,Excellent,4.292362997476133e-23,2.300564250728231e-13,0.99999999999977
P08134,Excellent,1.4403737909335056e-12,0.05685219402341176,0.9431478059751479
P05522,Good,5.2829967005560095e-11,0.9999993889794218,6.109677481995311e-07
P05069,Excellent,5.903644415806849e-26,1.7435737431047502e-15,0.9999999999999982
P01571,Good,6.7015787921277176e-12,0.2373618853671489,0.7626381146261495
P08154,Good,1.802711765366218e-10,0.9304954827725016,0.06950451704722717
P07892,Good,5.967068331382719e-12,0.9048136630554945,0.09518633693853838
P07697,Good,1.398619440811169e-11,0.01963522504545893,0.9803647749405547
P08387,Good,3.9668592665849986e-06,0.9999960330948418,4.5891639523875246e-11
P06214,Excellent,5.125121676484411e-31,2.832822542442159e-17,1.0
P07480,Good,1.0829692117786135e-06,0.9999989170269248,3.863526407636884e-12
P04795,Excellent,1.9085340404804638e-20,2.140996280511598e-07,0.9999997859003719
P08384,Average,1.0,3.6639939920697886e-21,4.597979228375878e-37
P04003,Good,4.928578683421291e-09,0.9999570415563598,4.2953515061635446e-05
P01497,Good,0.0006770237043489293,0.9993229759301487,3.655022356266876e-10
P01882,Good,1.0906121725496448e-11,0.9999999984058674,1.5832265082525645e-09
P06101,Good,9.183226053987327e-10,0.9999997571457436,2.419359337983502e-07
P00646,Good,3.090384751445229e-07,0.9999996908978651,6.365988687540227e-11
P02374,Average,0.9999999999992222,7.777255480713021e-13,3.879046951518256e-23
P07853,Good,5.0386954238633664e-08,0.9999999495436648,6.938106134378553e-11
P06041,Average,0.9999999999999933,6.69795506827598e-15,7.321208856196823e-31
P01056,Excellent,6.17738068165927e-14,0.0006736553139757522,0.9993263446859625
P01591,Excellent,6.104528311362971e-13,0.8098166119911986,0.190183388008191
P09061,Excellent,1.1706257981053161e-23,1.3085272826207444e-13,0.9999999999998692
P09922,Average,0.9998842212359177,0.00011577876407439833,8.060281555870844e-15
P05237,Average,1.7970823745268046e-08,0.9999999820291693,6.888514008786169e-15
P00908,Good,1.2506165962656852e-09,0.9999999361258564,6.262352698539966e-08
P02791,Good,2.5109595230099307e-10,0.7369484408150617,0.2630515589338424
P04510,Excellent,1.6917860166580346e-24,9.78530430092169e-13,0.9999999999990214
P06427,Good,5.433437643996277e-10,0.9999899715559646,1.0027900691600305e-05
P01728,Good,5.6462755713517445e-11,0.9999999994133908,5.301464581165134e-10
P08385,Excellent,1.184550863434031e-17,1.4301973425068912e-07,0.9999998569802657
P09376,Good,1.7573103449559785e-17,2.3342322183437776e-07,0.9999997665767782
P07013,Good,5.108215382448054e-11,0.9999998123731283,1.875757896027401e-07
P06722,Excellent,5.353637344397613e-21,2.8687066850627836e-08,0.9999999713129332
P03441,Good,7.1518338927877e-12,0.028336753539111494,0.9716632464537367
P03556,Average,0.9988238845087339,0.0011761154912658333,1.4109818907554172e-16
P03684,Excellent,2.265806772130359e-21,4.187149366890388e-10,0.9999999995812852
P00267,Average,8.710032325750548e-08,0.9999999128996262,5.0496976708767625e-14
P03936,Excellent,2.4344916035014542e-30,4.028893631773213e-15,0.999999999999996
P04596,Good,2.6741707004378735e-08,0.999999972334984,9.233089453059567e-10
P08571,Excellent,1.7398426813818738e-16,0.003558704391187307,0.9964412956088126
P02787,Good,2.4989412398448265e-06,0.999997501048077,1.0683121085594166e-11
P02024,Excellent,5.794112645894773e-10,0.9999999963958426,3.0247462064986505e-09
P08246,Average,0.9999999033623803,9.663761957646786e-08,4.9736218310084436e-23
P04111,Excellent,2.7481708864032714e-35,1.38188112065577e-19,1.0
P02477,Good,6.361025887700287e-11,0.9999515667742346,4.843316215506187e-05
P06244,Average,1.7896209004698668e-08,0.9999999821037907,2.204723524165551e-16
P03069,Good,1.085115440743307e-08,0.9999999882742424,8.746031269324531e-10
P03505,Excellent,5.63212154379944e-20,2.438254592161396e-09,0.9999999975617455
P05519,Good,1.6518454281117916e-10,0.9999403272197771,5.967261503839849e-05
P06980,Good,2.52134469546779e-06,0.9999974769312919,1.724012726562833e-09
P02099,Good,4.376294533778131e-09,0.999999989468411,6.155294462105216e-09
P04592,Good,6.82331851126233e-08,0.9999999317658848,9.300830980057075e-13
P05362,Excellent,2.7039974435375775e-15,0.005987351372637808,0.9940126486273594
P05720,Excellent,4.09178917593729e-27,2.768797089489928e-12,0.9999999999972311
P08111,Good,7.47706579982034e-15,0.03698962426946585,0.9630103757305267
P09799,Good,0.00021890123336964508,0.999781098547656,2.1897436307445723e-10
P07281,Good,5.694419392447004e-12,0.9999947934768861,5.206517419496474e-06
P02594,Good,1.1275553346809935e-11,0.9999836370910733,1.6362897651047844e-05
P04465,Excellent,7.882229133513841e-19,7.101130829322077e-06,0.9999928988691708
P07546,Average,0.9999998345536033,1.654463967666227e-07,5.59805449457683e-22
P07041,Good,4.600344205445762e-12,0.14348124331801426,0.8565187566773854
P04649,Excellent,5.828601533918734e-13,0.7296387195330903,0.2703612804663267
P05938,Good,0.04312781070073866,0.9568721881315531,1.1677083827167776e-09
P05653,Good,3.870947994312312e-09,0.9999999960882573,4.079462495987975e-11
P00133,Good,1.8686614095476945e-12,0.9321964478916405,0.0678035521064908
P03977,Good,1.1048105518118977e-10,0.9999999998883995,1.1194339201751254e-12
P03492,Good,3.040801042097164e-13,0.23597174993990994,0.7640282500597859
P06212,Excellent,3.6367195035008046e-28,4.831576768021026e-13,0.9999999999995168
P09237,Average,0.9964209945568685,0.003579005443126089,5.2582338614376615e-15
P08871,Good,5.173379798694891e-12,0.025071212870802037,0.9749287871240246
P06276,Excellent,2.916342416367237e-26,1.5934055101762439e-12,0.9999999999984066
P06851,Excellent,1.9857516110188074e-29,2.36285399050008e-15,0.9999999999999976
P05041,Good,1.1817591041507497e-05,0.9999881824088551,1.0331353778690224e-13
P05054,Excellent,5.620598428087178e-28,7.40365092193578e-16,0.9999999999999993
P08985,Excellent,1.4794309142628321e-24,4.824838941682443e-14,0.9999999999999518
P03061,Good,5.76664246828198e-10,0.9999999906676232,8.755712596275755e-09
P01429,Excellent,1.8203425252304753e-14,0.005462620585169226,0.9945373794148127
P01485,Average,0.9999999974471632,2.552836913615268e-09,9.459024900077956e-22
P07233,Excellent,1.1456954628592696e-18,6.268767482637142e-07,0.9999993731232517
P04137,Excellent,1.6227036398273367e-22,3.850098882580455e-11,0.999999999961499
P09904,Excellent,2.1630085719095147e-16,0.0001264350792572527,0.9998735649207425
P09845,Average,0.9999886178397113,1.1382160288614129e-05,2.3740543192169187e-18
P04138,Good,1.0924475723839447e-14,0.16555026351731547,0.8344497364826736
P02023,Average,0.9999999895659187,1.0434081306547463e-08,3.048454511234324e-22
P06325,Excellent,1.0799488788032086e-25,1.0742293567592608e-13,0.9999999999998925
P07474,Good,1.5461679201860031e-06,0.9999984537628942,6.91855984730092e-11
P04559,Good,9.394160837453414e-10,0.9999999802468202,1.8813763675026138e-08
P05409,Average,1.0,2.413360367135542e-21,2.3771940494079354e-34
P06014,Average,1.0,4.6445062347852203e-17,1.0746597458029454e-31
P00200,Excellent,2.892928017677184e-21,1.0232056068570967e-10,0.9999999998976794
P05289,Excellent,4.924189519128576e-11,0.0482988340947288,0.9517011658560295
P04648,Good,8.524680252953668e-11,0.9999999998301077,8.46456046833594e-11
P06855,Excellent,9.234055017854192e-25,4.991110173676233e-13,0.9999999999995008
P00778,Good,7.117867110235918e-11,0.9999999998134652,1.1535620190545675e-10
P09409,Good,2.3395716118878883e-07,0.9999997660414156,1.4230931975051748e-12
P01550,Good,1.5428995578511526e-12,0.10416710779634532,0.8958328922021116
P06870,Average,0.5938225277937929,0.40617747220604944,1.5770407134635452e-13
P01588,Excellent,3.3400471331407274e-20,7.446530006941735e-10,0.999999999255347
P09875,Average,1.0,2.2510185574275112e-32,4.209013991558115e-57
P02091,Excellent,1.3730025090969684e-24,2.955244534143516e-12,0.9999999999970448
P03379,Excellent,5.33627831640301e-24,4.3575588817224404e-13,0.9999999999995643
P07919,Good,3.0114664214673265e-09,0.9999999969882227,3.1082827358393845e-13
P09806,Good,1.8830765027730386e-08,0.9999999811692105,2.4500750797383342e-14
P05019,Excellent,1.2973370856119392e-23,4.290815942302289e-13,0.999999999999571
P05020,Average,1.0,1.676998736850382e-19,2.089774798948231e-34
P04809,Average,0.9999999999998546,1.455050405750066e-13,2.2381968838891603e-25
P00262,Good,0.9998663871848025,0.00013361281519741458,1.705462532487481e-19
P00562,Average,0.9999999999998526,1.475097386680299e-13,1.5798676666868968e-34
P02195,Excellent,2.5055805006438566e-14,0.0007851559297998769,0.9992148440701751
P06340,Good,9.086177521790654e-09,0.9999999889508911,1.9629313308779036e-09
P05191,Excellent,5.857686602578807e-31,1.4091514261458773e-18,1.0
P02621,Excellent,3.9164221376235207e-17,5.02463234462836e-06,0.9999949753676552
P05509,Excellent,8.465889404129873e-26,9.63826814817261e-15,0.9999999999999905
P07744,Excellent,1.686908794786939e-19,7.598231421772712e-06,0.9999924017685782
P08731,Excellent,5.576168134524609e-19,1.985260687842004e-09,0.9999999980147394
P05212,Excellent,1.5000800709402275e-17,1.323529877532562e-06,0.9999986764701225
P04093,Average,0.9999999995772773,4.2272271282867344e-10,1.5177181034569094e-26
P02602,Average,0.9997821927464935,0.0002178072535063445,1.156573660304101e-16
P05062,Average,0.0012349840555925156,0.9987650159440974,3.1018180918256336e-13
P07465,Excellent,3.2441787029991193e-13,0.9135900599466411,0.08640994005303457
P08265,Good,6.510579561408617e-11,0.9999926401159837,7.3598189106523285e-06
P00241,Average,0.9999999999997147,2.8541551121290646e-13,7.245707964928451e-28
P07077,Average,0.9999921399067423,7.860093257787429e-06,9.02862633147518e-20
P07849,Good,3.2760703533742202e-09,0.9999999959509713,7.729582398470848e-10
P04058,Excellent,7.18371967900796e-24,2.8543587162761478e-12,0.9999999999971456
P02587,Excellent,3.095522672440383e-24,1.466110994506843e-11,0.9999999999853388
P00904,Average,0.9993479415814222,0.0006520584185769075,8.62298624830523e-16
P01092,Good,4.102442164406458e-12,0.9829722033908076,0.017027796605090028
P02645,Average,0.0819484397346363,0.9180515602652748,8.894814014032284e-14
P09683,Excellent,3.2096198513244754e-18,2.1788724331947092e-05,0.9999782112756681
P08709,Good,2.9052172996097974e-12,0.9980352435216033,0.0019647564754914134
P05794,Excellent,6.641770114763231e-14,0.0012263251661962882,0.9987736748337375
P07232,Excellent,1.2111587467706351e-12,0.9807933203576666,0.019206679641122087
P01805,Excellent,3.9960416045852554e-15,0.034022731293161385,0.9659772687068346
P04389,Average,0.25270276345873366,0.7472972364457816,9.548470604054505e-11
P06154,Good,1.3028982660823657e-11,0.9998583783673286,0.0001416216196423514
P09902,Excellent,4.151206382770933e-18,1.2582252215388825e-05,0.9999874177477847
P06999,Good,5.226859679080571e-09,0.9999999947727587,3.81614625886979e-13
P04518,Average,0.9999999999972342,2.765751057740539e-12,5.9048238172662186e-30
P00402,Good,0.02499097305482128,0.9750090268224347,1.2274395990947497e-10
P07948,Good,0.006703317429085007,0.9932964515850857,2.309858292368409e-07
P02628,Good,6.013147890205266e-07,0.9999993984771579,2.0805316012864355e-10
P07690,Excellent,5.317135667797463e-18,3.111724002988819e-07,0.9999996888275997
P07133,Average,0.9727815308749904,0.0272184691245527,4.569153751368978e-13
P04694,Good,7.580855889693651e-09,0.9999999924172144,1.929714054887091e-12
P03316,Good,8.301193484751163e-10,0.9999998748509901,1.2431889064249806e-07
P00721,Excellent,3.6273831907080354e-15,0.0036204617620996605,0.9963795382378967
P00633,Excellent,3.3164649084586756e-12,0.21827375813170286,0.7817262418649807
P09543,Excellent,6.569891586577875e-19,1.6503085751265472e-10,0.9999999998349691
P05810,Good,6.806471104476366e-10,0.9999997586292767,2.4069007614614577e-07
P01806,Average,0.9999985474943923,1.4525056077674317e-06,5.378740802764132e-17
P00797,Excellent,1.6826060612380056e-13,0.044364445411123214,0.9556355545887085
P09175,Excellent,7.288207236359734e-19,2.77053661379935e-08,0.9999999722946339
P09760,Good,8.98423819250142e-09,0.999999975189239,1.58265228077689e-08
P03083,Average,0.999999437256853,5.627431469042961e-07,1.0200517366667861e-22
P02050,Excellent,3.639036632424393e-17,2.832794505327459e-06,0.9999971672054946
P03836,Average,0.9999999999826914,1.7308699112120853e-11,1.6897235638703495e-22
P00057,Excellent,1.6035765534036292e-26,3.7481794373183176e-16,0.9999999999999996
P09373,Good,7.51889879908898e-12,0.9999933934272769,6.606565204218138e-06
P03842,Excellent,2.365533432450028e-19,7.780681608758941e-08,0.999999922193184
P08145,Good,5.417722038815005e-16,0.048969839433460206,0.9510301605665391
P03568,Good,1.6029224727087766e-06,0.999998380165722,1.6911805441878322e-08
P03856,Average,0.006489309577371424,0.9935106904226224,6.2797658847523874e-15
P06496,Good,6.217835094018076e-12,0.9999998651010786,1.348927036082582e-07
P04405,Excellent,9.949096325622913e-16,4.913211559693838e-06,0.9999950867884395
P08291,Excellent,9.057931212055336e-16,0.00042519689864860516,0.9995748031013504
P00096,Average,0.999968606378263,3.139362173701823e-05,3.666820308205532e-20
P04175,Excellent,4.2060049442235147e-22,6.581216588496927e-12,0.9999999999934188
P03666,Excellent,4.2690306500397865e-17,1.1328947092378073e-05,0.9999886710529076
P01839,Excellent,7.408619911144884e-19,2.7337536310445424e-07,0.9999997266246369
P04397,Good,1.7936346767645191e-19,0.00013211245749261113,0.9998678875425073
P02571,Excellent,5.087232055238326e-22,1.0141801504556312e-10,0.999999999898582
P06527,Good,0.0004556403410285457,0.9995443595234493,1.355220892674076e-10
P00800,Good,2.184964532037949e-05,0.9999781503531368,1.54284216714345e-12
P04654,Excellent,9.964173601188789e-15,0.00011091813462029295,0.9998890818653697
P04014,Average,0.9999999943567925,5.6432074469769175e-09,7.953897918424757e-24
P05554,Excellent,1.4121287142867688e-21,2.406458817770671e-11,0.9999999999759355
P01034,Average,0.9999999999999967,3.2840453905623677e-15,1.6322641305927054e-26
P03071,Good,3.91185088715371e-18,1.1639825293200958e-05,0.9999883601747067
P06155,Good,1.7032100942298273e-10,0.9999951641898789,4.835639800123142e-06
P08646,Average,0.17651951320535153,0.8234804867513488,4.3299674410015594e-11
P07057,Excellent,3.618894332832113e-26,1.8743301681093142e-13,0.9999999999998126
P00994,Good,1.460769028281299e-13,0.9998980048182806,0.00010199518157341547
P02354,Excellent,1.675218783433495e-12,0.2956922075447766,0.7043077924535482
P06570,Good,0.008947097700797636,0.9910529022974746,1.7277475856931793e-12
P05443,Good,3.573638736943011e-05,0.9999642616010201,2.0116105452798117e-09
P08608,Average,0.9999999999999905,9.519477775984191e-15,1.1523063419755344e-28
P06920,Excellent,1.374533351078401e-30,4.42455386094081e-19,1.0
P01229,Good,8.336040997276726e-05,0.9999166395895933,4.34015136847011e-13
P04041,Excellent,5.333283182887845e-26,1.458338009388645e-12,0.9999999999985416
P05394,Average,0.9999999959566075,4.043392392674183e-09,5.826163610354472e-26
P02708,Excellent,1.244277486884204e-16,8.123490329483414e-07,0.9999991876509668
P04088,Excellent,4.0923646620705684e-30,6.1794208208547635e-15,0.9999999999999938
P02713,Good,0.023523598704989948,0.976476401120443,1.74566989899048e-10
P05658,Good,2.935747261902618e-13,0.9836271125964234,0.016372887403282955
P08827,Good,1.0777415372153906e-11,0.9999999846759227,1.531329996272575e-08
P01537,Excellent,2.444301592596792e-26,1.746024841735336e-14,0.9999999999999825
P05572,Average,0.987604953809239,0.012395046190610055,1.5102586852937159e-13
P04107,Good,3.7313588591293086e-12,0.9999292880145838,7.071198168474175e-05
P07561,Excellent,4.967808211774687e-13,0.009026322902898837,0.9909736770966043
P09151,Good,5.625415831560818e-12,0.9998198847907017,0.00018011520367284812
P08754,Excellent,2.4373205745246473e-10,0.9993489824760987,0.0006510172801692665
P03651,Good,5.617217243511263e-09,0.9999999943824582,3.2459391978612296e-13
P00756,Excellent,7.555014630167406e-27,2.6928388729651045e-15,0.9999999999999973
P04174,Excellent,2.146037008469744e-19,4.6347255211647316e-11,0.9999999999536529
P08464,Excellent,2.1672724493439934e-12,0.01440146059443491,0.9855985394033979
P01841,Good,4.473058135967723e-09,0.9999999663485433,2.917839855786403e-08
P05453,Average,0.9999999999999976,2.4851846358534894e-15,1.7563069180743997e-26
P04810,Good,3.8478627756497716e-07,0.999999615199914,1.3808589692574277e-11
P02172,Average,0.04957464663961712,0.9504253533603766,6.259862797998179e-15
P07247,Excellent,5.814093828429727e-21,1.1461441942773454e-08,0.9999999885385581
P06638,Average,0.9999999999995663,4.337536995875154e-13,3.466499198110865e-27
P02350,Excellent,6.60186666710316e-17,0.0024335577114304907,0.9975664422885695
P05717,Excellent,7.750746897891934e-22,1.9510165562989404e-10,0.9999999998048983
P07753,Excellent,4.206595793422354e-27,1.5003101257331752e-12,0.9999999999984996
P09728,Excellent,4.9345945055461293e-29,1.0292173734673258e-13,0.999999999999897
P03841,Average,0.9999999999999978,2.251399688470193e-15,3.736529534644676e-32
P07900,Good,5.935056080789565e-10,0.9999999993929585,1.3536022791559594e-11
P08295,Good,7.889697788596794e-07,0.9999992110149937,1.5227435191813388e-11
P07168,Average,0.9999998873707454,1.1262925450228604e-07,6.473985440784215e-22
P04720,Good,1.9241788223972687e-11,0.990323237272402,0.00967676270835629
P07271,Good,0.9768239047368812,0.023176095263116266,2.5803936743729686e-15
P01284,Good,1.7425649199573518e-09,0.9999999982570957,3.3930998566534075e-13
P04790,Average,0.07852641101181464,0.9214735889859659,2.2194662204229296e-12
P00929,Good,3.504283573190142e-10,0.9999951073518937,4.892297677953029e-06
P00940,Good,4.4354833002739734e-08,0.999999955581852,6.331505150653217e-11
P04182,Average,0.023089514529104835,0.9769104854319706,3.8924571023177e-11
P09208,Good,9.37901233331444e-12,0.9999950429545902,4.957036030889505e-06
P00766,Good,3.9768260223312966e-05,0.999960231367294,3.7248283795082363e-10
P09423,Good,3.1402426468056893e-11,0.9948711714070184,0.005128828561579126
P09461,Average,0.999999972121859,2.787814092809547e-08,2.1223360272196824e-23
P02289,Good,6.579156220843513e-10,0.9999999993163347,2.5749676156514012e-11
P09583,Good,0.9997405106807421,0.0002594893192573404,3.9627374960061323e-16
P02632,Average,0.06171039478810591,0.938289604657609,5.542851456987383e-10
P03133,Good,1.5501102721872298e-09,0.9269140779129621,0.07308592053692768
P04589,Good,0.009529678821124939,0.9904703192237408,1.955134120318142e-09
P00805,Average,1.0,2.8555593328749893e-19,2.1773725904879157e-32
P03791,Good,4.111995288073052e-09,0.9985793546911711,0.0014206411968337544
P09596,Good,3.75397360846487e-07,0.9999996245956607,6.9783659263367545e-12
P05258,Good,0.00342874230035957,0.9965712576946034,5.036943411044652e-12
P00269,Good,0.226791927957734,0.7732080719858017,5.646436490904677e-11
P09680,Excellent,3.735532637090387e-22,1.58719077125003e-11,0.999999999984128
P04600,Average,0.9999994269874252,5.730125747661911e-07,1.293933591811927e-19
P09253,Average,0.9969710741260148,0.003028925873985215,2.594380160648622e-19
P07312,Excellent,7.151970929423423e-16,3.2071528842632956e-07,0.9999996792847108
P02990,Average,0.9933207046882397,0.006679295311714951,4.5180146135512996e-14
P04234,Good,5.7072748623680935e-12,0.026404605822796686,0.9735953941714962
P07137,Good,1.2812804366820891e-08,0.999999987169181,1.8014609224367238e-11
P04681,Good,0.6045696498022701,0.39543035019772943,5.236237277529262e-16
P09488,Excellent,2.422584063448417e-22,1.6220078660190508e-10,0.9999999998377993
P00774,Average,1.0,1.3333281147042697e-17,4.309668931458223e-30
P03895,Good,1.424856462348436e-11,0.9997932086762042,0.00020679130954717593
P01054,Average,0.9999996848922066,3.151077933846077e-07,3.3118251208407406e-20
P06417,Average,0.9999977683124328,2.2316875672524786e-06,4.3432516290364214e-17
P02618,Good,0.008433555696164328,0.9915664443033715,4.643178367934695e-13
P02083,Good,1.3451665694023628e-07,0.9999998628816923,2.6016507728146606e-09
P00910,Average,0.9999999999995013,4.987409848380518e-13,1.4906953591504897e-24
P02348,Good,2.9375196615040456e-11,0.9999998621875311,1.3778309378131055e-07
P03328,Good,8.227504545791344e-07,0.9999991771742223,7.532320207337581e-11
P08278,Excellent,6.597747321304338e-22,1.25682779306295e-10,0.9999999998743172
P01858,Average,0.029091893502446873,0.970908106496593,9.602154557239807e-13
P05341,Average,0.8862568986104126,0.11374310138958513,2.3616517332425766e-15
P00824,Good,1.9534658678787175e-05,0.9999804653410128,3.08411510556402e-13
P03152,Good,0.12718124296415054,0.8728187570274331,8.41648083876759e-12
P01142,Good,0.0006054939980990377,0.999394506001584,3.171010851474692e-13
P09160,Good,3.752709327720771e-10,0.9999999941130231,5.511705951293228e-09
P09725,Good,0.9993795198027278,0.0006204801972722325,2.1241566821569342e-18
P04948,Excellent,3.0308427897133673e-21,1.5782951775460634e-11,0.9999999999842171
P08280,Good,0.00016320694611571165,0.9998367923417406,7.121437124786401e-10
P03224,Excellent,3.945196159617927e-29,9.235899030312006e-15,0.9999999999999907
P02947,Average,0.9999999999998652,1.347319055747555e-13,1.781477824988193e-26
P00570,Excellent,3.3507852982528897e-13,0.9041507085001507,0.09584929149951424
P07506,Excellent,1.404977923338596e-10,0.8962723063536341,0.1037276935058682
P07398,Excellent,1.3570435085502645e-26,3.0737159030670495e-15,0.9999999999999969
P07217,Good,2.479932887837396e-09,0.9999999967539039,7.661631924551913e-10
P08639,Good,6.720890146585072e-13,0.9999999787328364,2.1266491395921743e-08
P02816,Good,9.572554224971698e-15,0.0028184796735234254,0.9971815203264671
P02727,Good,7.539461626378755e-05,0.9999246053555632,2.8172961584990438e-11
P03221,Good,3.992188208083156e-09,0.9999999950919338,9.158780149717127e-10
P02518,Excellent,4.849649017019525e-21,6.200611506437085e-11,0.9999999999379938
P02311,Excellent,5.281136042412336e-24,2.604400380649916e-14,0.999999999999974
P06350,Excellent,9.828610573719618e-20,1.2368157261202454e-08,0.9999999876318427
P00768,Average,0.9999999999999996,5.490518088861567e-16,1.3457698113848368e-29
P02403,Good,0.999973111246961,2.6888753039147627e-05,3.3502072219245506e-17
P07591,Good,0.00020417758801415453,0.9997958224119333,5.247119867333481e-14
P04911,Excellent,1.8433755406030222e-14,0.00011366038072743323,0.999886339619254
P03801,Excellent,5.734392247842223e-20,9.063993668367262e-09,0.9999999909360063
P03917,Good,6.018910011427798e-10,0.9999999989205881,4.775208396427934e-10
P00760,Excellent,1.3974224445930178e-17,2.5871193285443564e-08,0.9999999741288068
P01172,Good,6.052256015974756e-13,0.9862947562634192,0.013705243735975554
P01096,Excellent,5.018276997621694e-19,5.600174325814518e-09,0.9999999943998257
P01037,Excellent,3.6226962931293605e-37,1.450160560063022e-21,1.0
P00782,Average,0.9999999977703691,2.22963081670541e-09,1.5567081042010595e-22
P04916,Good,2.849427992101678e-07,0.9999997150473575,9.843177004329236e-12
P02652,Good,0.0001868308925459472,0.999813169091089,1.63650582999695e-11
P02342,Average,0.9999999999999947,5.2369100772829904e-15,8.545875638201894e-31
P04707,Excellent,1.112828166133935e-12,0.05148118186318948,0.9485188181356976
P02726,Good,1.2879065346897526e-12,0.9893478496624901,0.010652150336221886
P07446,Good,2.9418974416702737e-07,0.9999997057912124,1.9043374452082464e-11
P04037,Average,0.9999999901904381,9.809561874682748e-09,1.1506774625276023e-22
P03762,Good,3.2715238244005795e-08,0.9999999672847524,9.416219647055655e-15
P09346,Good,5.911074210712592e-10,0.9999999994072997,1.5928975320347454e-12
P01445,Good,8.306512538917297e-09,0.9999998537652753,1.379282121948955e-07
P08721,Excellent,4.198530590585051e-28,2.4817510483760906e-14,0.9999999999999751
P08580,Good,1.0245748070259369e-09,0.9999999985208963,4.5452896093832954e-10
P09065,Good,0.02540105491040982,0.9745989450679852,2.1605075691024432e-11
P04651,Average,0.9999999988718593,1.1281406693051479e-09,9.34400553944425e-19
P03668,Excellent,1.2929514457292312e-26,3.1469756877165306e-16,0.9999999999999998
P07054,Average,1.0,1.6655422777062896e-17,3.954336654291814e-31
P01088,Excellent,5.804890198678043e-31,1.3976535299695887e-20,1.0
P00347,Average,1.0,5.58900044014599e-25,1.1715070150795214e-45
P00322,Excellent,4.786556291120184e-27,5.900826416100559e-16,0.9999999999999993
P07331,Good,1.2130241359273695e-12,0.9999940558493551,5.944149431846655e-06
P08835,Excellent,4.058145480804402e-16,3.850138257311098e-07,0.9999996149861737
P04393,Good,0.27302905367072555,0.7269709463292214,5.294199727272575e-14
P00355,Good,7.451982077688893e-12,0.9427634042572969,0.05723659573525103
P06975,Excellent,1.0131781848820836e-14,3.0406746241263997e-05,0.9999695932537486
P04751,Excellent,1.7723297837415555e-22,5.843411259104005e-11,0.9999999999415659
P05182,Good,8.254755963906636e-09,0.9999999807720296,1.0973214352330752e-08
P00033,Good,1.6854024360062846e-09,0.9999999976171041,6.974934209527386e-10
P06367,Excellent,5.384461652640052e-13,0.9952492162517427,0.004750783747718864
P02732,Good,5.672669572114172e-12,0.9999999998910793,1.032479415847915e-10
P02123,Excellent,1.5784332935861187e-25,5.036051407870756e-13,0.9999999999994964
P06193,Average,0.999999999950568,4.943196371262595e-11,5.169985596746098e-22
P06616,Excellent,1.437155580344196e-26,2.8142460900368735e-14,0.9999999999999718
P05291,Excellent,4.735262942121193e-22,1.507431366980834e-09,0.9999999984925687
P02906,Good,3.0737022243677503e-11,0.999989734845914,1.0265123348981856e-05
P04226,Good,4.73430064475668e-09,0.9999999948831684,3.8253092239113553e-10
P07385,Average,0.02356100079354942,0.9764389992061342,3.1639080127304266e-13
P08627,Good,8.151440498482922e-15,0.00011684433755979526,0.9998831556624319
P06862,Average,1.0,8.07464976915093e-25,5.689019349852017e-39
P01163,Excellent,1.4416083569988543e-26,5.933644108758075e-16,0.9999999999999993
P02696,Good,4.5426749754849123e-10,0.999999994510955,5.0347773948142354e-09
P07044,Excellent,5.458332608139826e-11,0.02685321803897392,0.9731467819064427
P04295,Average,0.03309851609626327,0.9669014839037364,2.6444649927253577e-16
P09312,Good,7.987755264010546e-10,0.9999996613774259,3.378237985329744e-07
P02971,Excellent,1.2115465317225385e-12,0.5990085056944493,0.4009914943043391
P08212,Excellent,3.7689811727856737e-14,0.014557831323345207,0.9854421686766172
P00967,Excellent,2.4529204038644465e-15,0.005282275119974301,0.9947177248800232
P07173,Excellent,8.586973734104023e-29,1.3435790944917718e-15,0.9999999999999987
P07742,Average,0.999999999999998,2.0370235858938724e-15,4.155946462929531e-27
P09332,Good,1.1124089439909446e-08,0.9997953867413447,0.00020460213456590382
P07985,Excellent,1.5564145412714236e-11,0.8585456649441972,0.14145433504023874
P01123,Excellent,2.4575814048556168e-33,5.205130978115037e-19,1.0
P04888,Good,4.8222639578649534e-08,0.9999999515066434,2.7071704675002445e-10
P07857,Excellent,4.050611984305261e-18,1.0374812235148207e-06,0.9999989625187765
P08412,Good,1.8526677974648601e-07,0.9999998147331076,1.125836467522687e-13
P08563,Excellent,3.620173534487131e-14,0.999976897295483,2.3102704480741375e-05
P06518,Good,1.2929562673023543e-07,0.9999998670970881,3.6072852223408124e-09
P05121,Good,0.1889044053414014,0.8110955946585986,2.1792040928933038e-18
P07237,Good,6.211946659280372e-06,0.9999937880524458,8.950050159478127e-13
P03429,Excellent,3.291634126952281e-27,5.855482571127216e-15,0.9999999999999942
P09558,Good,4.278928198498612e-10,0.9998774999470035,0.0001224996251036662
P00742,Excellent,8.584645086323494e-29,3.3113212428645e-15,0.9999999999999967
P06368,Excellent,3.1520868082936565e-16,9.729478401118931e-05,0.9999027052159886
P03055,Good,4.0797425822705824e-10,0.9999986826831786,1.3169088470061862e-06
P07752,Excellent,2.8103121269301896e-20,5.918424913057943e-08,0.9999999408157509
P06434,Excellent,2.416798536949128e-27,8.980234795497065e-16,0.9999999999999991
P04619,Average,0.9999997059385813,2.94061418739668e-07,5.870601243931974e-25
P03646,Good,2.598614117564015e-10,0.9999977457456197,2.2539945189526166e-06
P08728,Good,1.2422549833779647e-09,0.999999424119726,5.746380191079585e-07
P07542,Average,0.9999999999889311,1.1068988934870044e-11,2.82855719954099e-28
P08410,Average,1.0,5.68480958105222e-17,6.97813984217145e-28
P00973,Good,0.010577938116610893,0.9894220618833751,1.3963076884103209e-14
P08271,Average,1.0,3.237788584675908e-20,3.5723111194377786e-36
P07126,Average,0.9999747585122198,2.52414877802293e-05,5.725004943915479e-22
P02357,Average,1.0,3.544124612415001e-20,7.983513323025401e-36
P05114,Average,0.9999987729808869,1.2270191131335837e-06,5.909456827516594e-19
P08206,Excellent,5.6483968800495065e-14,0.006686488157208004,0.9933135118427355
P03092,Good,9.086323828696946e-12,0.9999999999432196,4.769403799841911e-11
P03203,Good,2.5543148984908216e-08,0.9999999744463164,1.0534626682377667e-11
P07962,Average,0.999999999814039,1.8596111501117904e-10,1.268586975062567e-22
P08578,Good,6.32198298749151e-13,0.9999771705499066,2.2829449461057102e-05
P03647,Good,1.573441022473048e-10,0.9992131482420893,0.0007868516005667235
P01639,Average,0.9999999999999944,5.6151256038869395e-15,6.709914393023325e-27
P07866,Good,1.9454958156896364e-06,0.9999980545016263,2.558081293991051e-12
P07257,Average,1.0,6.440288357087174e-19,6.014460330378918e-37
P08675,Good,8.172163099706676e-09,0.9999999918257371,2.0998673685086857e-12
P07486,Good,2.6219427904333495e-09,0.9999999973778513,2.059731811299057e-13
P03532,Good,3.939165199692099e-07,0.9999996060371168,4.636313929632299e-11
P04336,Average,0.9999999999980835,1.9165730308195855e-12,2.542005094986167e-25
P07644,Good,3.0483449431393135e-11,0.7695133061815743,0.2304866937879422
P03687,Excellent,1.2299501942740877e-12,0.0005772298594574083,0.9994227701393128
P06770,Good,4.556022025753668e-11,0.9993852552133217,0.0006147447411181312
P07408,Good,2.0542993473744415e-11,0.9999999893180244,1.0661432574829356e-08
P02419,Excellent,3.1726974357972484e-12,0.009219676692741643,0.9907803233040856
P08885,Average,0.9999999999999944,5.5252648874450445e-15,1.707700607883232e-27
P01342,Average,0.9682406290340169,0.0317593709659831,1.0678146717964929e-17
P07518,Good,3.5674878872401876e-10,0.9999999996414644,1.7868530031893004e-12
P01470,Excellent,3.0318755249163973e-22,2.7716879234032574e-09,0.999999997228312
P04919,Excellent,1.3039018262057172e-28,3.189494091999618e-17,1.0
P08463,Average,0.9999999181035517,8.189644818176663e-08,1.8120898325456566e-21
P05429,Excellent,5.97717714262763e-22,3.168759940443569e-12,0.9999999999968312
P03161,Good,3.2910673959757914e-07,0.9999996708861374,7.123153826689759e-12
P09130,Good,2.3205699193191262e-11,0.9999999993947499,5.820442874790695e-10
P03017,Excellent,3.6187241300857703e-12,0.9395599483860473,0.06044005161033406
P09006,Average,0.9999857912808799,1.4208719120186755e-05,1.4544099452670047e-18
P09850,Excellent,2.1941286027497543e-27,1.9976740243046188e-17,1.0
P02868,Excellent,1.1844715858044928e-15,0.00045889282255007994,0.9995411071774487
P09254,Good,1.9953938266996986e-09,0.9999997746677282,2.2333687805233006e-07
P00714,Good,0.7539748651344693,0.24602513486525657,2.7411761503160215e-13
P04214,Excellent,3.522478750623577e-29,2.6474152411745317e-18,1.0
P07559,Good,4.464172991369022e-10,0.9999999977660778,1.787504750607874e-09
P01909,Excellent,3.1739802993642574e-13,0.0751231895287662,0.9248768104709162
P05086,Excellent,1.5589408177312798e-23,7.677716951056121e-13,0.9999999999992322
P05780,Good,2.828863992235302e-13,0.02096226479315719,0.9790377352065601
P05396,Average,1.0,2.1260888888740763e-19,8.331800549183342e-34
P01475,Average,0.9999999999999998,2.434005106099576e-16,1.37451553151387e-29
P00342,Good,4.4350948726472774e-11,0.9999667511284746,3.324882717461102e-05
P00210,Good,2.0594988020618577e-05,0.9999794050097591,2.2201958368796515e-12
P01072,Good,0.00030641121678978754,0.9996935887831981,1.2203906562139663e-14
P04098,Average,0.9999999459896325,5.401036744319566e-08,6.586910417282165e-22
P01063,Good,2.652548972945623e-10,0.6355620478256178,0.3644379519091273
P00131,Excellent,5.741235328259405e-28,1.825052895819311e-15,0.9999999999999982
P08199,Good,5.557003000897955e-10,0.9999999873564892,1.2087810348191608e-08
P04909,Good,4.775855014597673e-11,0.8741908851859728,0.12580911476626877
P02893,Good,2.7741048774594677e-12,0.9999999840113805,1.5985845303037e-08
P09105,Excellent,1.0906436038675819e-11,0.5378053289189726,0.46219467107012097
P00595,Good,1.0846459305169057e-07,0.999999891533496,1.9108469468462482e-12
P00679,Good,7.434959802938276e-09,0.9999999427102764,4.9854763796444916e-08
P02220,Good,1.074827644255644e-13,0.9931547318640448,0.006845268135847886
P00798,Average,0.9999999424285493,5.757145066009777e-08,1.2019670014572804e-23
P04962,Good,9.799788735320032e-17,2.083015244109587e-05,0.9999791698475589
P03090,Good,3.0329686068101143e-07,0.9999996966754344,2.7705004328401856e-11
P06688,Excellent,3.145734838184339e-26,3.483904185763489e-14,0.9999999999999651
P02051,Good,1.486728837504198e-08,0.999999971399104,1.373360761661975e-08
P02082,Good,6.0986914249722e-10,0.9999999189832584,8.040687258062739e-08
P00201,Average,1.0,2.881244380860765e-18,2.092099101736921e-31
P07735,Good,6.187623134443945e-09,0.9818906490717272,0.01810934474064965
P04490,Good,1.5362932764407363e-10,0.9999999994771454,3.692253200611635e-10
P02190,Average,0.09016120994963851,0.909838789977872,7.248931194304469e-11
P03131,Good,4.59075705531643e-14,8.22929133222106e-05,0.999917707086632
P08712,Excellent,7.041960987675977e-15,3.820644299828178e-05,0.9999617935569947
P07073,Good,5.026343158854219e-07,0.9999994973547881,1.0896147184181505e-11
P05925,Excellent,1.1594592943518261e-30,5.4042283184208245e-15,0.9999999999999947
P07931,Average,0.9961253896216701,0.003874610378327207,2.7335081655685017e-15
P06651,Average,0.9275771842869956,0.07242281570470518,8.299003392572094e-12
P07912,Excellent,3.618191971996317e-26,6.255438662899004e-15,0.9999999999999938
P03164,Excellent,1.0248850732772743e-17,4.98767811538625e-08,0.9999999501232189
P07454,Good,8.863355983272155e-09,0.9965126162634188,0.003487374873225244
P09007,Good,8.498935849826718e-08,0.9999999150098723,7.692158992106169e-13
P06624,Average,0.9999999194172864,8.058271348194823e-08,4.396129159448816e-21
P03515,Good,7.149264083040243e-09,0.999999992729395,1.213408108474629e-10
P06147,Excellent,7.45079976369366e-20,7.498562474614118e-08,0.9999999250143753
P09456,Excellent,2.5573969826458925e-28,2.6333818405327307e-15,0.9999999999999973
P01587,Average,0.9999999999992903,7.096191926333289e-13,3.9343254335987466e-28
P04039,Good,5.256860858099652e-10,0.9999999862711944,1.3203119533100239e-08
P04966,Average,1.0,1.6132049242633766e-17,2.546441380654807e-35
P08997,Good,2.5412574784947244e-10,0.433189783552335,0.5668102161935393
P02152,Excellent,6.17887015683226e-19,3.9087374813879055e-10,0.9999999996091262
P03179,Excellent,1.5515604554064272e-24,1.8996450049249049e-13,0.9999999999998099
P00801,Good,5.750703696628292e-10,0.9999983606876212,1.638737308427194e-06
P01359,Excellent,3.0617738563929614e-08,0.9967975664776334,0.003202402904628042
P09125,Excellent,3.2234763912058787e-25,2.2948010946091304e-14,0.9999999999999771
P03937,Excellent,7.910945251780558e-22,3.3368313445520647e-11,0.9999999999666316
P02728,Average,0.9999999960840529,3.9159470343778585e-09,2.6417981050749542e-21
P08496,Good,2.48594584023113e-05,0.9999751404783919,6.32057571486021e-11
P08451,Good,6.396170345711778e-13,0.9999998580690906,1.4193026974941354e-07
P00730,Excellent,1.5406040807440096e-24,2.3107052670057854e-10,0.9999999997689295
P05030,Good,5.821109876201817e-10,0.9999999991409743,2.7691485148337914e-10
P09042,Average,0.9999999999999529,4.7037292044386403e-14,1.1297082360400708e-25
P06186,Good,1.5870741006324692e-09,0.9999999984127033,2.2265130871768072e-13
P07686,Good,8.026867496153497e-12,0.9999887815193018,1.1218472671351237e-05
P06231,Good,2.084881420729622e-08,0.9999999549083178,2.4242867988500292e-08
P07594,Good,7.412563545452212e-18,4.7660932140301023e-05,0.9999523390678596
P04641,Good,0.0005352965494631212,0.9994647034255517,2.4985129798276474e-11
P00524,Excellent,1.0858540464322043e-16,8.972767482356795e-05,0.9999102723251765
P05713,Excellent,9.906592509878439e-14,0.9557600743299206,0.044239925669980425
P05965,Average,1.0,1.178638705978085e-19,2.25685995923375e-31
P03362,Good,4.068560152201785e-09,0.9999999958566139,7.482582336728913e-11
P04341,Good,2.110263966054715e-11,0.9999998928516313,1.0712726600709483e-07
P06808,Average,0.08507684344298115,0.9149231565570067,1.220045136574171e-14
P00734,Good,8.296295098558624e-06,0.9999917037046978,2.0355465514492915e-13
P09535,Excellent,2.0425653224204516e-18,4.6856774662795433e-07,0.9999995314322534
P02040,Average,0.9999999999991935,8.064838912924859e-13,1.8405520776623544e-27
P07084,Good,8.551297137987396e-05,0.9999144870285956,2.4488064732771497e-14
P00613,Average,0.9999943324491617,5.667550838313667e-06,5.247567486136975e-19
P04235,Excellent,1.308558406777201e-28,3.655876980281949e-16,0.9999999999999996
P03861,Excellent,1.6115615089525694e-12,0.014010532104247665,0.9859894678941407
P06081,Excellent,1.0263582999566123e-24,1.0342117173768297e-11,0.9999999999896578
P05753,Excellent,4.318561716162079e-19,3.244432136180775e-08,0.9999999675556787
P03259,Excellent,1.3149856763696425e-16,6.974807210051903e-05,0.9999302519278993
P01627,Good,3.1547861104351265e-13,0.002843262687395875,0.9971567373122886
P08221,Good,2.2671978882907149e-13,0.9999999982914898,1.708283409066724e-09
P00828,Excellent,8.694862168500916e-26,3.700636765842643e-13,0.9999999999996299
P00975,Good,8.215267969761806e-08,0.4163418489314813,0.583658068915839
P09550,Good,1.311263528187409e-10,0.9999999998232123,4.5661281634694505e-11
P08839,Excellent,1.0789019184582407e-23,3.803768345897163e-12,0.9999999999961962
P09699,Good,3.9642821817829845e-06,0.9999960282822783,7.435539814344153e-09
P01756,Average,0.9999999848588905,1.514110953556651e-08,1.581352614276142e-21
P09933,Good,2.7268569601102032e-11,0.9999997118328032,2.8813992821023854e-07
P04180,Average,0.9999728999249079,2.7100075092165245e-05,1.6420317752416805e-17
P00653,Excellent,1.3657986320245735e-15,2.1113569066492823e-07,0.999999788864308
P00500,Good,0.9430923560155358,0.056907643984357555,1.0665436473227517e-13
P09403,Excellent,1.0143733617749714e-10,0.6351083182189903,0.3648916816795723
P01782,Good,7.830795498983561e-10,0.9999999927539125,6.46300801257787e-09
P04485,Average,0.9999999999999971,2.9823651695531115e-15,5.551798324000281e-27
P06559,Good,4.587349033336803e-09,0.9999997758524203,2.195602306819844e-07
P09315,Average,0.9999996068074298,3.931925702892618e-07,8.89484504807335e-21
P08749,Average,0.9999999999591804,4.081948407415201e-11,4.9311242455543625e-26
P06836,Average,0.9999999999908311,9.168894125473861e-12,7.932818796805123e-32
P09717,Good,0.999606104329201,0.000393895670786257,1.2541150024376563e-14
P01058,Average,0.999973901266651,2.609873334913685e-05,5.87431134766285e-18
P03305,Good,1.6494221700889422e-10,0.9999989374003777,1.062434679990667e-06
P06040,Good,0.6184248744213227,0.38157512557479273,3.8846541124681e-12
P03222,Average,0.9999999999999982,1.679824136827821e-15,1.161850361712506e-30
P01562,Excellent,1.879770450253416e-15,0.00023502866540150603,0.9997649713345966
P08867,Good,1.0859703271263773e-13,0.9999999802675161,1.9732375311697303e-08
P08542,Average,0.9999999491742936,5.0825706283202224e-08,2.5584017820123747e-21
P07603,Excellent,1.1283162653295562e-30,5.396113291026992e-17,1.0
P09926,Excellent,6.450016312843223e-27,9.314379948806042e-13,0.9999999999990685
P00849,Average,0.9999979603930542,2.0396069458371324e-06,2.058371326969338e-18
P07502,Excellent,3.09268475967295e-17,4.3082298152112834e-07,0.9999995691770185
P08160,Good,2.1213276601706769e-10,0.999999999636944,1.509232681459683e-10
P02651,Average,0.9999999999999891,1.0871108784538218e-14,5.426374350724324e-31
P04329,Good,4.065315344851426e-07,0.9999995933789828,8.948258677028896e-11
P06048,Average,0.9999999999999813,1.8705000909611223e-14,1.4947542303099953e-27
P01463,Good,9.350566757822717e-08,0.9999999064802204,1.411200220611753e-11
P04172,Good,1.0290578766633161e-10,0.99999999938849,5.086041962624795e-10
P02617,Average,0.999998251894101,1.7481058990005944e-06,1.8158371752204634e-22
P00841,Good,0.003081642126228429,0.996918357849225,2.4546514132003297e-11
P04759,Good,3.1336793977785553e-09,0.9999999947228515,2.143469012291732e-09
P03405,Excellent,8.648859937255564e-25,3.253605147929072e-14,0.9999999999999674
P04106,Average,0.9999979991404571,2.0008595429623977e-06,1.0187458179015793e-18
P00706,Average,0.9999989837214286,1.0162785713921229e-06,1.5090342382989354e-19
P07692,Good,3.98309509876424e-10,0.9999974579890744,2.5416126161882873e-06
P09351,Good,5.242236139530009e-08,0.9999999472765563,3.010824322443892e-10
P05472,Average,0.9999999317299018,6.827009823965381e-08,5.2445488193506174e-21
P00936,Good,0.0016767798456001498,0.9983232201439877,1.0412172989548192e-11
P07777,Good,2.444796069139498e-11,0.9999987830213994,1.2169541526162284e-06
P06465,Average,0.9999997297451477,2.7025485236041236e-07,1.5323523527008358e-21
P06423,Excellent,3.0680581347055344e-30,7.277465798029964e-17,1.0
P01722,Average,0.9999999999997107,2.8927203430676416e-13,8.179950583196266e-27
P01971,Excellent,1.5155224744885138e-10,0.29705650679878864,0.7029434930496591
P07313,Good,2.5936080285555533e-07,0.999999740636681,2.5160998858415017e-12
P08242,Good,0.006545031297792516,0.9934549687021964,1.1114707737134549e-14
P02611,Good,8.708192202461628e-11,0.9999892290950352,1.077081788283569e-05
P01171,Good,3.227950074558805e-10,0.9999988454714566,1.154205748528966e-06
P09321,Good,1.9046372422768476e-13,0.9999999937124326,6.287376774576664e-09
P06051,Excellent,8.588597350614595e-18,4.385656241554216e-06,0.9999956143437584
P02347,Excellent,5.985753399096248e-13,0.005531914099874088,0.9944680858995273
P05338,Excellent,6.700338890387985e-24,5.208575173374469e-10,0.9999999994791424
P08913,Good,1.537168061965994e-12,0.9999999999923253,6.1374915745636885e-12
P02509,Good,2.906771120164998e-16,3.6096233675846205e-05,0.999963903766324
P04627,Excellent,5.938131945319233e-27,2.4649537006387545e-14,0.9999999999999754
P08184,Average,0.9999999999986349,1.3650900039507796e-12,1.8445169905980963e-28
P08886,Good,9.429179295880003e-11,0.9999998971579945,1.0274771353749618e-07
P09843,Average,1.0,8.400400931058899e-17,3.141850567328714e-35
P05057,Excellent,5.22640925193226e-16,0.0013415521634315036,0.998658447836568
P01935,Excellent,6.387786875010356e-22,1.4708478764184628e-11,0.9999999999852915
P06889,Average,0.9937969526925313,0.00620304730013337,7.335139893415451e-12
P01644,Good,3.805347299046148e-05,0.9999619465042076,2.2801849734493363e-11
P00619,Average,0.9999999999970584,2.9416021724524165e-12,2.6842865830329795e-26
P05531,Good,1.2648980750307234e-06,0.9999987350889608,1.2964281158604844e-11
P06946,Excellent,9.417184398093989e-29,1.0983467666782716e-14,0.9999999999999891
P05048,Good,1.2091682326451663e-09,0.9999999909724654,7.818366371042374e-09
P04995,Excellent,3.702582476786888e-21,1.8802407998926696e-10,0.999999999811976
P02208,Average,0.9999999853052186,1.4694781446775365e-08,1.0071298325330765e-18
P06909,Excellent,1.2393216770418178e-18,6.828136499682313e-08,0.999999931718635
P07751,Excellent,9.683437584613063e-21,2.139873782695255e-09,0.9999999978601262
P03275,Average,0.9995795723501036,0.0004204276498964711,8.771997661534594e-20
P08704,Good,5.253913785195389e-09,0.9999992518314187,7.42914667476329e-07
P01970,Average,0.9999998487345174,1.5126548258814273e-07,1.726652984637837e-18
P04917,Excellent,2.3432036718482498e-20,2.345021311826928e-10,0.9999999997654978
P09587,Excellent,3.1701724650483775e-25,4.047872022067044e-11,0.9999999999595213
P02459,Excellent,3.448261176189643e-18,3.879347365035856e-05,0.9999612065263498
P01867,Good,2.9641322754415315e-13,0.9996298704656181,0.0003701295340853965
P06153,Good,3.2895966533902477e-05,0.9999671039697254,6.374081224072956e-11
P05097,Good,0.9999999960180932,3.981906756215842e-09,2.907477286801857e-26
P05555,Good,5.2631775106989485e-09,0.9999999946704083,6.641420390213461e-11
P00146,Good,8.492747016723297e-12,0.9999968378483718,3.1621431355115758e-06
P00329,Good,1.8569460283991717e-12,0.9999511248428503,4.8875155292752645e-05
P09861,Excellent,2.7523290986811308e-17,0.00023448600963006024,0.9997655139903698
P08852,Excellent,1.6378004307229022e-19,3.560541949447618e-10,0.9999999996439457
P09005,Excellent,3.310806177178103e-30,3.2731845550428876e-15,0.9999999999999967
P06383,Average,0.9999995995409343,4.0045906567546676e-07,7.654246905933685e-19
P00450,Good,1.8066899753747195e-07,0.9999998193252857,5.716825742971688e-12
P01670,Good,5.712914078741116e-07,0.9999994287073128,1.2792294348335438e-12
P09149,Excellent,3.7792911067478245e-30,7.017378975803767e-17,1.0
P07453,Good,6.557914123676141e-11,0.9999999993889048,5.455160983593333e-10
P08601,Excellent,1.0896682668261247e-16,6.388757439569947e-06,0.9999936112425605
P05940,Excellent,1.2384382712267175e-21,2.4950699574881176e-11,0.9999999999750493
P02330,Good,1.1548262717277452e-10,0.9999107146690092,8.928521550812337e-05
P01119,Average,0.8711668009989971,0.12883319900063916,3.636565824171003e-13
P09603,Good,6.666030348863511e-08,0.9999998640302247,6.930947189316225e-08
P03785,Excellent,1.154352417472159e-12,0.00834240894974028,0.9916575910491054
P05504,Excellent,1.3622717564698577e-20,3.729936895964973e-09,0.9999999962700632
P02488,Good,0.00043526615686236903,0.9995647338419898,1.147895308182495e-12
P07342,Excellent,5.352471979400946e-16,0.00039310438259895157,0.9996068956174006
P07693,Average,0.9384754159192482,0.061524584080751794,1.0272217857682334e-16
P08971,Good,9.980047093209001e-12,0.9999957544251167,4.245564903423504e-06
P01723,Excellent,1.9046328959905284e-25,4.90786602019518e-16,0.9999999999999996
P00162,Average,0.9999985521649505,1.447835049522479e-06,8.612010369815548e-22
P04036,Good,0.0005632732396845402,0.9994367267578711,2.444330088250161e-12
P08252,Average,0.9991008522514706,0.000899147748523367,6.0225219066819764e-15
P01692,Excellent,4.864974720625091e-25,3.660914791902128e-12,0.9999999999963392
P06555,Excellent,1.299964192680904e-32,2.6514010223469822e-18,1.0
P09422,Good,7.682565137329092e-07,0.9999992317400175,3.468663947237323e-12
P03821,Good,6.217993842845513e-08,0.9999999377732031,4.6858447053305414e-11
P09411,Good,4.9582085457924084e-09,0.9999999950078511,3.394033348733879e-11
P01865,Good,0.9933252982107157,0.0066747017892842065,2.2026107705737715e-16
P00081,Excellent,5.07881610248056e-19,1.3228619633371763e-07,0.9999998677138038
P01446,Good,1.4262344650677715e-11,0.9999998575963912,1.4238934656268913e-07
P01553,Excellent,2.1747952360826424e-17,1.466802776065886e-07,0.9999998533197225
P08937,Excellent,1.2864471902159468e-29,4.896633376087705e-17,1.0
P00898,Good,2.0535702868639226e-12,0.9999997721060068,2.2789193977867596e-07
P05160,Good,2.4638899634613003e-10,0.999999879925884,1.1982772708658873e-07
P09031,Average,0.028135912458379517,0.971864087540932,6.883467624007408e-13
P04323,Average,0.9999999999942444,5.755587914418982e-12,1.93000936077349e-23
P02761,Good,8.285129898233694e-12,0.9998588094577257,0.00014119053398917804
P01125,Good,2.2758091466525303e-09,0.9999999976814578,4.273308702758423e-11
P07891,Good,8.910970635639272e-14,0.9999999154802104,8.451970041355839e-08
P06348,Average,0.9999999999999793,2.0710916447771675e-14,5.003618672468684e-32
P01257,Good,1.7319292616530508e-08,0.9999999819889803,6.917270312501021e-10
P07494,Excellent,4.431041563638169e-19,2.959705152047372e-06,0.9999970402948479
P08415,Excellent,4.529122883567428e-16,0.00025979499920535695,0.9997402050007942
P05574,Excellent,1.5564736092823525e-13,0.7284975918583332,0.2715024081415111
P09627,Good,1.1073850034573278e-06,0.999998892612125,2.8716373904047224e-12
P02130,Average,1.0,1.2043360397100319e-18,9.7432716996021e-37
P04045,Good,0.00043254990609973334,0.999567450092092,1.8082939934197284e-12
P06291,Average,0.9764632889943161,0.023536711005683927,1.6468395308407965e-17
P02158,Average,1.0,1.9731546289543363e-18,1.7639609696994898e-32
P07640,Excellent,2.3874872266360383e-17,1.362312076902996e-07,0.9999998637687922
P01314,Good,0.5946203192982138,0.4053796807017861,1.9396571492921867e-16
P02525,Excellent,2.0861395561197564e-27,3.208115107518024e-16,0.9999999999999998
P06371,Excellent,2.357657178913642e-13,0.8099147300113146,0.1900852699884496
P06838,Excellent,3.7325647494844166e-18,1.0166014754764958e-08,0.9999999898339852
P07673,Good,2.9303547711455097e-10,0.9999999993509396,3.560248324737991e-10
P06478,Excellent,1.0454290825543448e-24,2.1781483286239354e-14,0.9999999999999782
P01938,Excellent,2.2214255919473464e-13,0.7818613334443583,0.21813866655541955
P09441,Average,0.9936187748271839,0.006381225172815727,3.928293278867465e-16
P04500,Average,0.5453335534907136,0.4546664464557346,5.3551988798625364e-11
P05345,Good,3.98956330767558e-11,0.9797561409872635,0.02024385897284092
P08497,Good,1.0230266699943329e-11,0.9999999999216906,6.80791637144739e-11
P04879,Good,7.520134765636881e-08,0.9999999142337843,1.0564867959954795e-08
P06699,Excellent,6.594459674304372e-16,2.3732023801676805e-05,0.9999762679761977
P02951,Excellent,6.630818910228186e-20,1.3345971942860002e-09,0.9999999986654029
P02529,Excellent,2.098225402362045e-10,0.8571160108541936,0.14288398893598378
P05902,Good,1.9371649809345207e-13,0.08167043332625394,0.9183295666735524
P03526,Excellent,5.415489169095639e-25,3.5134901693665627e-13,0.9999999999996487
P00794,Average,0.9999995203925411,4.796074589159062e-07,4.753014807975954e-22
P09224,Average,0.9999999960639774,3.9360226733362145e-09,9.560990415566904e-25
P07712,Average,0.9999998096203626,1.9037963728262567e-07,7.883870650707541e-22
P06863,Good,0.0022198846598846115,0.9977801153401101,5.310546887930949e-15
P02180,Excellent,6.031064806267466e-23,9.664936935168435e-10,0.9999999990335062
P07531,Excellent,2.6999399757225257e-17,4.541935941299847e-06,0.9999954580640587
P06033,Good,1.2376180755206011e-09,0.9999999985261816,2.3620041714387173e-10
P01198,Good,6.3602021408792025e-09,0.9999999334246252,6.021517259381346e-08
P06604,Average,0.9999798234505525,2.0176549447389833e-05,2.165858703975803e-16
P03315,Excellent,1.17466233971549e-25,1.496527142476573e-13,0.9999999999998503
P02876,Good,0.0014947526072048173,0.9985052473927893,5.741833437938533e-15
P07710,Good,6.847675593318353e-10,0.9617084072676274,0.03829159204760505
P04834,Good,5.413989550648733e-10,0.9999999994577784,8.227133274202449e-13
P01104,Average,0.9999999999425184,5.748162081518149e-11,5.235808583215099e-23
P08142,Average,0.9999999999998441,1.5587475670938868e-13,7.627353252968893e-27
P00978,Good,1.706504573364195e-08,0.999999982299609,6.3534529193536e-10
P09230,Good,1.4382180169365113e-09,0.9999999983206247,2.4115731967384287e-10
P07579,Excellent,6.897621919322993e-30,1.2747770403838836e-16,0.9999999999999998
P06387,Average,0.9811521964578721,0.01884780354198977,1.3813753393129954e-13
P00325,Good,2.1106770597843972e-14,0.9999979828132252,2.017186753656477e-06
P09614,Good,8.381388044360492e-08,0.9999999161859742,1.4526981458519418e-13
P08690,Excellent,1.9848801872666437e-23,9.032175738427237e-12,0.9999999999909679
P06847,Good,0.00014226800960684838,0.9998577319902013,1.9173773561665089e-13
P04132,Good,1.6273442375624956e-09,0.9999871102918875,1.2888080768300215e-05
P02844,Good,0.01781555423769017,0.9821844456852646,7.704516102267566e-11
P09091,Good,3.9715819058999903e-10,0.9999999991076318,4.952099952382812e-10
P03928,Excellent,1.879729804801038e-23,4.920370475604672e-11,0.9999999999507962
P01203,Excellent,3.627059084219555e-32,8.011717099045252e-20,1.0
P08887,Excellent,8.638825522370944e-18,1.1447102860395757e-05,0.9999885528971395
P02410,Good,3.1714385472264254e-08,0.9999999682377808,4.783361922643081e-11
P09470,Excellent,6.095660321308706e-17,1.598754330423456e-05,0.9999840124566958
P00027,Average,0.9999999873111428,1.2688857105035609e-08,2.063177791686499e-26
P08856,Good,1.8399740458217305e-08,0.9999999816000004,2.590737353060084e-13
P08696,Excellent,6.487495103277991e-15,0.0001540547073003468,0.9998459452926932
P08547,Good,2.5614217259012703e-10,0.9999999996221449,1.2171282191325773e-10
P05680,Good,1.1185644913270776e-08,0.9999999872526754,1.5616797094279445e-09
P09985,Excellent,2.4300825195728996e-21,4.083944061151464e-10,0.9999999995916056
P09073,Average,0.9999999945392193,5.460780626589302e-09,2.486932228968896e-21
P08459,Excellent,8.605086560413475e-14,0.5379293718976985,0.46207062810221533
P08888,Good,0.9832965031875588,0.01670349681244122,8.497837660855668e-17
P01600,Good,2.1154887325363043e-10,0.9999569909054022,4.3008883048838837e-05
P09223,Excellent,2.0643682691322896e-28,7.43310683246936e-17,1.0
P01144,Good,1.7675051070367443e-09,0.9999632846537216,3.6713578773159294e-05
P06639,Good,1.2624477932931183e-12,0.9997271268714008,0.0002728731273366985
P05267,Average,0.9999808119080125,1.9188091987584565e-05,5.668150278298776e-18
P09178,Good,0.7762802600915321,0.22371973986683918,4.1628880668583415e-11
P00126,Good,6.4521622341589905e-06,0.9999935444209646,3.416801208972848e-09
P00494,Excellent,1.215037995349144e-24,1.1654441438486226e-12,0.9999999999988345
P04000,Excellent,2.68450176590304e-25,2.1063508980456117e-13,0.9999999999997893
P02701,Excellent,3.7819975866488706e-21,3.3017192711635204e-11,0.9999999999669829
P08374,Good,2.0107164776608434e-10,0.9999999996099531,1.8897523920950851e-10
P09246,Good,1.5228261882555656e-11,0.9999999995313946,4.5337716896892655e-10
P07045,Average,0.9999999962855779,3.7144221102196936e-09,2.025763521062787e-22
P00483,Average,0.22540385067681262,0.77459614932298,2.0737973733078363e-13
P03932,Good,8.261690567290088e-06,0.9999917383094217,1.0986024970862967e-14
P09501,Excellent,4.436620752390303e-19,2.386426987231863e-10,0.9999999997613573
P03433,Excellent,2.4100228684584056e-23,2.4193042538048703e-11,0.9999999999758069
P03192,Average,0.9999999529148882,4.7085111742638486e-08,1.3679043472370174e-21
P05765,Excellent,5.753958337080758e-16,2.7536098949451126e-05,0.9999724639010499
P02136,Good,6.473754294669196e-13,0.9995836000781126,0.0004163999212399542
P03979,Good,4.010734532371048e-05,0.9999598926546762,3.54828619799613e-17
P07622,Good,1.949686784069358e-06,0.9999980494878697,8.253462644646083e-10
P07890,Excellent,5.8934898932132266e-21,3.6310800488083345e-09,0.9999999963689199
P00681,Average,0.9626907660089803,0.03730923399099364,2.6051777347674457e-14
P06470,Excellent,4.53267105101681e-26,7.604199848157367e-14,0.9999999999999241
P02623,Excellent,8.08506246138151e-12,0.9999734525292241,2.654746269076098e-05
P03412,Average,0.9288942355639748,0.07110576443602512,1.791358100858252e-16
P03326,Excellent,2.33757252417257e-26,1.2976263477907097e-15,0.9999999999999987
P06984,Excellent,1.4334577802008269e-15,0.00011442641981215949,0.9998855735801865
P09974,Good,0.008332899094269606,0.9916671008983884,7.342037039842282e-12
P05174,Good,1.9461689770683263e-07,0.9999998053750417,8.060504991396166e-12
P07509,Good,7.609520792583575e-11,0.9999999898593498,1.006455505115333e-08
P07145,Good,7.023557000420997e-07,0.9999992975111635,1.3313656399842492e-10
P09233,Good,1.6544155056085457e-10,0.9999997976916869,2.0214287159897304e-07
P07570,Good,1.4160896601174845e-10,0.9999999998575939,7.971939645272804e-13
P07501,Average,0.9984672180941148,0.0015327819058851939,1.6866528333297828e-19
P09955,Good,4.9549789829596206e-05,0.9999504501718087,3.8361731519209304e-11
P03727,Good,2.7247989067696076e-06,0.9999972751870433,1.4049867645603804e-11
P08837,Good,6.637959892691552e-10,0.9999999695125723,2.9823631673583484e-08
P06479,Good,7.937211263488902e-12,0.9999999518319941,4.816006868323679e-08
P08323,Excellent,2.057476129666976e-12,0.999215318966773,0.0007846810311695177
P01729,Average,0.9999999999897646,1.0235284038184683e-11,1.7132856822789663e-23
P05826,Average,0.035267002191458216,0.9647329978066136,1.928190100444601e-12
P08411,Excellent,1.3449246110364415e-13,0.04992413505632523,0.9500758649435401
P02063,Average,0.9904430421160444,0.009556957883955199,5.399317237564373e-16
P04991,Good,6.240087756790364e-08,0.9999999375694834,2.963904013663917e-11
P03209,Excellent,9.507007084658773e-24,1.3578936953328656e-14,0.9999999999999865
P00167,Good,6.969529978504297e-05,0.9999303046960455,4.1695347083810915e-12
P08487,Excellent,3.64486014506372e-28,3.361863718099262e-15,0.9999999999999967
P09907,Good,6.36626239303406e-08,0.9999999352441824,1.0931936371326445e-09
P00715,Good,4.955746185834229e-12,0.9999977695838721,2.2304111722915663e-06
P02913,Good,0.0001023830991979974,0.9998976168930123,7.789766158031708e-12
P05286,Excellent,1.4919471855045003e-17,2.4147403424390175e-05,0.9999758525965757
P06842,Average,0.9999999993613196,6.386805168357809e-10,1.906533066279979e-24
P05947,Average,0.0006317832028450052,0.9993682167933032,3.851664936935591e-12
P06886,Excellent,1.3447359640919542e-23,1.1491744011980738e-10,0.9999999998850826
P09477,Good,6.4838532953815505e-12,0.999999914226591,8.57669251560821e-08
P05565,Good,1.3495138532478929e-05,0.9999865048600056,1.4617931537281416e-12
P01391,Excellent,1.1251812421300255e-21,5.64779001921566e-11,0.9999999999435221
P01343,Excellent,4.955673238516499e-18,2.788911503168251e-08,0.9999999721108849
P08068,Good,3.736059850052739e-11,0.005869843193882546,0.9941301567687569
P01641,Good,4.088458616891262e-15,0.00306994363391794,0.996930056366078
P08745,Average,0.9999987065082505,1.29349174949631e-06,2.421551583205695e-17
P03627,Good,8.535637325183068e-12,0.9999694014655839,3.0598525880489566e-05
P05870,Average,0.9999993116914102,6.883085897012377e-07,1.09012455701209e-16
P00965,Average,0.999993695629751,6.3043702489228075e-06,1.943252703003081e-18
P03443,Average,0.9999999998833646,1.166354033434307e-10,2.1313448301570383e-21
P07564,Good,2.494492273115209e-11,0.9999999998785629,9.649220864888778e-11
P04146,Good,6.887181191139702e-11,0.9999999987762678,1.154860495422956e-09
P08087,Good,2.235442988747066e-08,0.9999999776265903,1.8979859872816543e-11
P09862,Excellent,4.297835637444001e-25,5.256881745041692e-15,0.9999999999999947
P01420,Average,0.9999999999984837,1.516297921156942e-12,2.6212575246793948e-27
P06198,Good,0.00034769937705999144,0.9996522995957847,1.0271552022699671e-09
P05571,Excellent,1.183625666813107e-34,7.715728651613938e-22,1.0
P06576,Excellent,1.6530051596672174e-21,1.3303070970979786e-07,0.9999998669692903
P09963,Average,0.8922671381868321,0.10773286181005119,3.1166084661200246e-12
P08980,Good,1.400378898203685e-12,0.999999995936697,4.061902530913768e-09
P01601,Average,0.9998722637550977,0.00012773624490218437,9.888511769854921e-20
P01752,Excellent,2.4943782048303422e-28,4.573612882514365e-14,0.9999999999999543
P06796,Good,0.006826239920063031,0.9931737600798667,7.03132070799091e-14
P02538,Good,2.99685430118881e-10,0.999999205521991,7.941783235757066e-07
P04728,Average,1.0,7.757324907361575e-23,3.056406982961132e-37
P09855,Excellent,3.614940571518812e-30,2.1533189971010567e-15,0.9999999999999978
P08448,Good,2.4757940608098743e-08,0.999999948692109,2.6549950515094175e-08
P06923,Good,2.728211759544372e-11,0.9999304583756133,6.954159710451753e-05
P08290,Good,2.1710841882093065e-11,0.9999999995834423,3.948467878901701e-10
P08367,Average,0.9953194975033313,0.004680502496668321,3.5308170806561983e-16
P04562,Average,0.9999999999999989,1.1751637886875728e-15,5.602010348338949e-33
P00363,Excellent,8.511519775299823e-26,4.091757642741927e-14,0.9999999999999591
P00136,Good,8.463016716513119e-11,0.999997984496418,2.015418951810486e-06
P09554,Excellent,6.113014221781118e-22,8.288886619726854e-13,0.9999999999991711
P09820,Excellent,5.044773342726742e-16,1.114602819673453e-07,0.9999998885397177
P01089,Average,1.0,1.9839355350655108e-18,2.323394224391609e-31
P08996,Excellent,5.444158932720369e-30,6.567481018351394e-18,1.0
P05900,Good,3.2348719127124443e-07,0.9999996765120979,7.109018071259708e-13
P00345,Average,0.9999999679622241,3.203777585307465e-08,6.849256384017876e-21
P03189,Good,2.1231759471432335e-12,0.9999444046654923,5.5595332384679295e-05
P01388,Good,2.635382070708979e-11,0.9999999999736391,7.138474112775849e-15
P02058,Excellent,3.164079871718317e-19,6.277718213951175e-07,0.9999993722281786
P08222,Good,2.2934003947673023e-11,0.7406026249180718,0.2593973750589942
P01133,Good,1.3544558157359416e-07,0.9999998645486533,5.765099506708731e-12
P05134,Good,9.329732402434715e-07,0.9999990669678475,5.891237770698796e-11
P06020,Excellent,2.3473240149781896e-16,2.755082767197549e-07,0.9999997244917231
P05621,Good,8.612333365082056e-11,0.9985017431486588,0.0014982567652177658
P05807,Excellent,4.666434719930829e-14,0.012526143104434907,0.9874738568955184
P04408,Good,9.696309649874653e-10,0.9999999988915398,1.3882916703792382e-10
P01137,Excellent,9.1911856254806e-14,0.007349556238440661,0.9926504437614675
P01958,Good,0.0199910281430497,0.980008971854634,2.316319165372906e-12
P06831,Average,0.9980416788153385,0.0019583211846615238,5.127066393856914e-18
P03176,Good,1.3770686588116117e-08,0.9999937663736321,6.219855681338311e-06
P02177,Average,0.999999103869721,8.96130278945544e-07,7.02055376656205e-18
P00648,Excellent,9.930715451849287e-20,6.660290395238047e-08,0.9999999333970961
P04305,Average,0.9999999999994738,5.26272096447487e-13,5.2884349042802275e-28
P05884,Excellent,1.2357782841745369e-28,1.8040206814704164e-16,0.9999999999999998
P01757,Excellent,3.8090893563565806e-16,1.13136964712988e-06,0.9999988686303524
P01178,Excellent,4.7111271353026204e-14,0.0001770831078687519,0.9998229168920842
P08015,Good,3.2895782084878174e-10,0.9999999888913592,1.0779683021757899e-08
P04934,Excellent,4.66288722809433e-18,3.782814684279071e-06,0.9999962171853157
P00455,Average,0.9999999965024702,3.497529699332858e-09,2.950677314906463e-23
P05576,Excellent,3.498563807394516e-23,9.053856607238734e-11,0.9999999999094615
P09076,Excellent,2.6638033721020056e-22,3.2493031154649854e-09,0.999999996750697
P03985,Excellent,1.0476044749995247e-12,0.0016057964123427997,0.9983942035866096
P01547,Good,1.269300593464792e-09,0.24428631488117372,0.7557136838495258
P01905,Excellent,1.4559401293239813e-23,1.9222198493426283e-12,0.9999999999980778
P09476,Excellent,1.5745650587919028e-12,0.3219217226996933,0.6780782772987319
P09478,Excellent,5.250243198150957e-29,3.4583819999131492e-15,0.9999999999999964
P05951,Excellent,3.0837708731109145e-16,0.0028324991979466353,0.9971675008020531
P03330,Excellent,1.1224523463252123e-31,1.2998707182694454e-19,1.0
P03550,Good,4.226019965433615e-05,0.9999577392731275,5.272181095401587e-10
P01560,Average,0.9999243121208602,7.568787913967368e-05,6.794256383174071e-17
P08878,Good,4.563689511734829e-11,0.9999999253919631,7.456239989213783e-08
P05665,Good,4.5660099444564965e-10,0.9999999995143238,2.907528169286011e-11
P04980,Excellent,2.059601567267777e-30,2.6521784712099086e-19,1.0
P02502,Excellent,2.2261823330649505e-18,2.197933279787613e-06,0.9999978020667203
P08101,Good,2.918121048201421e-11,0.9999999975652991,2.405519633515483e-09
P04477,Good,1.678683004115822e-08,0.9999999832130534,1.166489715036759e-13
P08054,Good,1.3100127633904107e-05,0.9999868998711785,1.1875273679500434e-12
P09414,Good,0.06214082102524171,0.9378591789742983,4.60089553281116e-13
P07540,Excellent,1.0719102889757252e-18,6.096808050926623e-09,0.9999999939031918
P00182,Good,7.062984368684435e-09,0.9999999929336563,3.359378068034598e-12
P02416,Good,2.6607102189373523e-10,0.9999999995786795,1.5524957738957192e-10
P08585,Good,1.5132327728056217e-12,0.9999999987570227,1.2414639433332342e-09
P02425,Excellent,4.480233010673546e-26,8.51000873835292e-15,0.9999999999999916
P01669,Excellent,9.875908354999533e-15,0.00025953023811607634,0.9997404697618741
P08041,Good,3.0798576445163586e-09,0.9999999926846224,4.23551984417539e-09
P04765,Excellent,1.3171477662548804e-18,4.498408984027616e-05,0.9999550159101597
P09937,Excellent,7.400875992657142e-12,0.9525947613951229,0.0474052385974762
P08751,Average,0.9999999534178203,4.658217961910263e-08,3.430712822516674e-23
P02589,Average,1.0,4.654973636200418e-19,1.5133149988003416e-30
P03948,Average,0.999999927053802,7.294619799563681e-08,1.1405222301347548e-18
P07907,Good,2.4871832096627892e-12,0.9999999602940601,3.970345260764254e-08
P09292,Average,0.3431263557895481,0.6568736442069117,3.540226140531598e-12
P00246,Good,0.0077220705600903215,0.9922779293839361,5.5973518340461514e-11
P04890,Average,0.9999997253958172,2.746041828896568e-07,7.604300297088636e-21
P01032,Average,0.9999999043749628,9.562503719485471e-08,1.3024220907132095e-19
P09724,Good,4.16706224307344e-05,0.9999583293745391,3.030164627314062e-12
P00243,Average,0.6628784577742842,0.33712154222460533,1.1104406382223008e-12
P07688,Good,5.882553760092473e-09,0.9999999940395694,7.787671722520772e-11
P04244,Good,8.272101371666861e-12,0.9992928568750985,0.0007071431166292931
P08671,Average,0.9999999985093124,1.490687566411778e-09,3.2788426217297187e-21
P08534,Average,0.9483315990693949,0.05166840093053949,6.577082388301517e-14
P01500,Good,6.871128119173963e-07,0.9999993128858203,1.3677719634904606e-12
P08546,Average,0.9999999998857836,1.1421634736967001e-10,2.19698479136292e-23
P07733,Excellent,1.4818456723181852e-41,9.771014344626088e-25,1.0
P09788,Average,0.9999990426568027,9.573431972705184e-07,1.6855193454335475e-19
P01792,Average,0.999603628479521,0.000396371520479048,6.531055715219019e-19
P05573,Average,0.09077520113167169,0.9092247988655124,2.815832843438451e-12
P03674,Excellent,4.8168549332859836e-15,0.014929331708590324,0.9850706682914048
P00577,Good,0.201641956969139,0.79835804303068,1.8079788063381094e-13
P05277,Excellent,1.9801885383901466e-21,8.682389037272487e-11,0.9999999999131761
P04794,Excellent,2.098353263984846e-19,1.3801265659073673e-08,0.9999999861987343
P02920,Good,9.693985832546431e-09,0.9999999899034034,4.0261081152784654e-10
P09742,Good,0.0006502465010192626,0.9993497534988754,1.0519020116783175e-13
P03880,Average,0.9999997573581032,2.426418966868433e-07,3.4694488561871574e-20
P01848,Good,2.3082899374984045e-07,0.9999997691709888,1.7411597782041775e-14
P00566,Good,4.2641397035794295e-10,0.9929212333668913,0.007078766206694805
P09462,Good,7.198996367038522e-10,0.999998881112623,1.1181674773977072e-06
P03580,Good,5.717567874496911e-13,0.9999999999992151,2.1327055970011137e-13
P06710,Excellent,7.630970869309858e-13,0.0031495875561691217,0.9968504124430676
P03884,Excellent,3.3670048557265676e-30,2.844684520815589e-16,0.9999999999999998
P00725,Average,0.9999999999999876,1.2397936614810307e-14,1.2164335718335669e-27
P08616,Average,0.9999997859127742,2.140872258090938e-07,7.247677930015879e-23
P03816,Good,1.779602322761443e-09,0.9824624528658638,0.017537545354533973
P09316,Excellent,2.224779006452983e-22,1.0907554971658196e-09,0.9999999989092445
P00294,Good,4.5425607483324665e-13,0.9913668726789714,0.008633127320574375
P07390,Good,0.020368769724472022,0.9796312302678328,7.695174978730857e-12
P06450,Good,6.058682579609118e-12,0.9981288807016666,0.0018711192922747327
P04999,Average,0.9999999999999847,1.5220824056384537e-14,2.5900102137524877e-29
P08013,Excellent,7.294082110599113e-26,9.07184332843878e-15,0.9999999999999909
P02875,Good,1.2619877006058968e-09,0.9999999985774168,1.6059552879973473e-10
P09305,Good,7.491062479528017e-09,0.9999999924407027,6.823482011502044e-11
P08747,Average,0.3675232394822184,0.6324767605177768,4.817636307766804e-15
P00593,Good,2.7303434615483813e-10,0.10160437975701883,0.8983956199699468
P02636,Good,4.294335625271847e-12,0.01483781920623383,0.9851621807894718
P04955,Average,0.041768176459407766,0.9582318235401905,4.01739206403926e-13
P07809,Good,2.8171778291268783e-14,0.9999355292780777,6.447072189415727e-05
P06800,Average,0.9999999995185846,4.814153898719503e-10,4.6911804790340354e-24
P09908,Excellent,6.5774730888273e-14,0.017028894923885218,0.9829711050760491
P08401,Excellent,2.029718001198848e-30,1.7986142899297523e-17,1.0
P07754,Good,2.452828754640721e-08,0.999999975471599,1.1338873685156814e-13
P08707,Good,0.0004893456941475546,0.999510654305652,2.0039943876410688e-13
P00247,Good,1.0927228050070844e-12,0.9998382830442565,0.00016171695465079449
P07793,Average,0.06682671155924923,0.9331732884396109,1.1399029729410492e-12
P01095,Good,0.011787489367210994,0.988212510606153,2.6636065406035854e-11
P06332,Good,1.8797916875445563e-10,0.999999989671989,1.014003178323681e-08
P07797,Excellent,4.806155118636574e-25,2.1078066074725184e-12,0.9999999999978921
P02995,Good,3.697357378206704e-12,0.9999999999921798,4.1228833741587474e-12
P05991,Excellent,4.554483174935914e-18,2.8356402282641055e-06,0.9999971643597718
P05220,Excellent,3.2787085095927537e-25,6.504436979141742e-14,0.9999999999999349
P06150,Good,8.54371153921689e-09,0.9999999905998612,8.564272757122702e-10
P07816,Good,0.0007490216781411673,0.999250978300436,2.1422903466627047e-11
P01311,Average,0.9999999999999993,5.720814658729535e-16,3.851368340703857e-35
P03307,Good,2.3278551609939868e-08,0.9999996620586119,3.146628364971534e-07
P06221,Excellent,4.883757127820206e-21,1.2713365225595879e-07,0.9999998728663477
P07272,Good,1.0989405528561778e-10,0.9948578575092992,0.005142142380806818
P09486,Good,0.8911543831000056,0.1088456168999803,1.4114562504254716e-14
P06063,Excellent,4.78624508204138e-11,0.5186839492455186,0.4813160507066189
P06736,Excellent,1.688124821945135e-22,2.6780501008032754e-09,0.99999999732195
P05854,Average,0.9999975625047607,2.437495239291924e-06,1.0976998097870185e-18
P04788,Excellent,1.045662472440015e-18,1.3183817739394758e-07,0.9999998681618226
P03983,Excellent,4.1677600324973447e-13,0.004514225657499731,0.9954857743420834
P00773,Good,2.6834904731790633e-10,0.21219820400628958,0.7878017957253614
P07517,Excellent,5.352553783765681e-21,6.327981859730513e-08,0.9999999367201815
P05511,Excellent,1.2955763539975674e-20,1.555335966454255e-08,0.9999999844466403
P02671,Average,1.0,2.0953555673146817e-23,6.08639314352129e-38
P05905,Excellent,1.0651519402816947e-13,0.7398469635159463,0.2601530364839472
P02212,Good,4.117313837767958e-10,0.9999898915322286,1.010805604006423e-05
P08380,Good,8.606766420871516e-11,0.9999999999139317,7.0133022355937675e-16
P06583,Average,0.9999999999758475,2.4152371854273302e-11,9.444195623900672e-26
P01702,Good,4.982365831951526e-10,0.49897243782509787,0.5010275616766655
P07315,Excellent,4.091171548731366e-18,0.0004666948629513011,0.9995333051370486
P06991,Good,8.134103886359693e-10,0.9971288948567134,0.002871104329876203
P07877,Good,5.246483745621755e-10,0.9995834564574977,0.0004165430178539493
P02537,Average,0.9999999999999996,3.9914273222606313e-16,1.8839972430200132e-28
P07625,Excellent,5.40540971549526e-34,1.2059049530580083e-16,0.9999999999999998
P05253,Excellent,1.5724142607729826e-31,6.157302099563201e-20,1.0
P00750,Average,0.9999999957633665,4.236633374218072e-09,5.559306422616131e-25
P01328,Excellent,1.0562208986206964e-13,0.01647010683795535,0.9835298931619391
P00014,Good,8.445735724767942e-13,0.9999922501613879,7.749837767486209e-06
P00803,Good,1.8776409198648173e-07,0.9999998122352811,6.269139419561534e-13
P05425,Average,1.0,1.3945851851818603e-17,1.7707417022577496e-32
P03460,Excellent,1.0583878128330292e-23,9.418233745478573e-11,0.9999999999058176
P05110,Excellent,7.970421050343007e-15,0.9848907489425511,0.015109251057441011
P06931,Average,1.0,1.7107762662356488e-19,6.51959564485058e-35
P07468,Average,0.999982488424994,1.7511575005966746e-05,1.1664623025869404e-18
P03511,Good,9.793888549365433e-09,0.999999947656724,4.2549387441562696e-08
P00251,Average,0.9999999999970963,2.903764828323871e-12,3.669863571813648e-26
P02489,Average,0.013767041083635613,0.9862329589163644,4.090413536197275e-17
P05782,Good,7.161330813905797e-07,0.9999992838669053,1.3280109276251966e-14
P02547,Average,0.9977870454716796,0.002212954528319354,8.274768242011501e-16
P09888,Good,6.367494256408912e-13,0.0001984835670719287,0.9998015164322914
P07908,Good,6.157297311796483e-07,0.9999993842036572,6.66117718481e-11
P02929,Good,1.758637709120467e-09,0.9999999979549037,2.864587011841312e-10
P07586,Excellent,5.081614834709481e-21,5.7714595539135496e-09,0.9999999942285405
P06268,Average,0.9999419780030271,5.8021996972875314e-05,1.6822103461521556e-22
P07602,Good,4.568294142885433e-11,0.9999999986492416,1.3050755025821553e-09
P04897,Good,1.195502587856184e-09,0.9999999986988932,1.0560418259068986e-10
P02648,Good,0.569899297338759,0.4301007026612221,1.8847444202103125e-14
P00917,Excellent,5.968429472633969e-19,7.286352960088109e-07,0.9999992713647039
P09020,Good,2.731111302099525e-11,0.9999999994502431,5.224458991683881e-10
P05841,Excellent,1.2450105832541307e-14,0.0010860227813965894,0.998913977218591
P06701,Excellent,2.3125671183063458e-14,8.573935978403236e-05,0.9999142606401928
P02940,Average,0.9999997761347251,2.2386527475619916e-07,2.8863265159129272e-22
P07355,Excellent,1.1536580117824697e-17,2.895481609776125e-07,0.9999997104518391
P01689,Good,3.037159482381121e-12,0.002115041797136347,0.9978849581998265
P09128,Good,1.8931169653913558e-10,0.9999999887079952,1.1102693141789289e-08
P01698,Average,0.9999995726826086,4.2731739139753925e-07,2.5590428246129842e-17
P03296,Excellent,2.9064952256783775e-24,1.1749256765283453e-11,0.9999999999882507
P09492,Good,0.11909044472332769,0.8809095552766659,6.280214651228307e-15
P03714,Good,5.00832181215663e-05,0.9999499167681137,1.3764714898876184e-11
P04907,Good,4.542636888293767e-12,0.9999996458304024,3.541650550505727e-07
P07484,Good,1.0181114555548215e-11,0.9999555185517843,4.448143803457771e-05
P00430,Good,1.4291277186280674e-10,0.9971831330115787,0.0028168668455085017
P02326,Average,8.713295256738912e-06,0.9999912867033551,1.3880518079301017e-12
P05805,Average,0.993941103851872,0.006058896148125076,3.115478951442348e-15
P05357,Average,0.999999999993382,6.6180371598356605e-12,2.527242019241643e-25
P07325,Good,3.675926803116519e-09,0.99999999461134,1.7127330203696903e-09
P07965,Excellent,5.554977732333257e-28,1.959014338635884e-14,0.9999999999999805
P02392,Excellent,1.1147793528753915e-11,0.9999943139508897,5.686037962659912e-06
P05367,Good,8.81411533937716e-11,0.504678041986023,0.4953219579258359
P00594,Excellent,1.0878004399706027e-13,0.0011363876090446316,0.9988636123908466
P06037,Good,3.8124671256321856e-07,0.9999996187203558,3.2931639010300026e-11
P08356,Excellent,1.2923440044544041e-22,7.432447702497445e-13,0.9999999999992568
P05157,Good,2.216070504555139e-11,0.9999976131797509,2.3867980884544133e-06
P03202,Excellent,1.1777089707998844e-26,2.814621989576808e-14,0.9999999999999718
P01700,Good,7.664895007016533e-08,0.9999999233510474,2.6598110191673924e-15
P07245,Excellent,2.1056811788946359e-10,0.9999684384468698,3.156134256210944e-05
P03255,Good,0.00018684163372053442,0.9998131583560538,1.0225680144307859e-11
P08251,Excellent,3.719723240292164e-12,0.9907215709123205,0.009278429083959917
P00073,Excellent,2.0722332218159426e-29,6.743877089656109e-15,0.9999999999999933
P09837,Good,1.3535924279674007e-07,0.9999998642484174,3.9233973593812675e-10
P03881,Good,1.1469340522932162e-08,0.999999910983992,7.754666750880603e-08
P03656,Good,0.9999800993498508,1.9900650149229127e-05,8.292724048780789e-20
P00671,Excellent,1.6332467210019639e-18,2.5318020082593045e-06,0.9999974681979917
P07286,Average,0.999999663448381,3.365516190957703e-07,1.3842530361470493e-19
P03053,Excellent,1.3820881246654662e-22,6.525526628681792e-10,0.9999999993474473
P01525,Average,0.9999999703380575,2.9661942539509393e-08,9.879065867043934e-21
P05857,Good,3.475244765137738e-11,0.999994369555434,5.630409813518494e-06
P01474,Good,8.157806207316749e-09,0.9999999918385264,3.667544128491116e-12
P03675,Average,0.9999999999995952,4.0487808331404276e-13,1.6724257212218832e-24
P01824,Average,0.2948596820042515,0.7051403179894709,6.2776816201523525e-12
P00272,Good,8.589617636701343e-08,0.9999999141028844,9.392838885476362e-13
P05122,Good,1.3182432266083597e-07,0.9999998681607144,1.496302137669116e-11
P02719,Excellent,4.714139302930301e-16,0.0050858708398301596,0.9949141291601693
P03641,Excellent,1.8381670703221715e-21,9.594398988283152e-11,0.9999999999040561
P05843,Average,0.9999999999999976,2.4274870712570385e-15,2.201607565093963e-30
P05546,Excellent,1.969893081730609e-25,9.1200864810975e-15,0.9999999999999909
P09553,Average,0.9999950271326292,4.972867370753225e-06,1.519859690912899e-20
P09103,Good,1.2622050319361035e-10,0.9999999770549316,2.2818847861364535e-08
P09306,Excellent,2.8755800366570316e-21,5.870822232702687e-11,0.9999999999412919
P09636,Good,4.53941131357021e-07,0.9999995460460849,1.2783841641642002e-11
P02631,Average,0.999999999975073,2.4927057212992825e-11,1.2810672891166421e-25
P00900,Good,0.0013357683487084976,0.9986642316417079,9.583550872789434e-12
P06401,Excellent,4.4935171804801775e-15,0.0004139646164188545,0.9995860353835767
P06416,Good,2.418450958901833e-05,0.9999758154454788,4.4932122309375595e-11
P06246,Average,0.9999999994876554,5.123447118514585e-10,3.721113201613117e-24
P06961,Excellent,4.944797604439877e-22,2.559535278234159e-10,0.9999999997440465
P08062,Good,0.9999970672911341,2.932708865924186e-06,4.069682688685889e-17
P04299,Excellent,2.6167989788388904e-24,1.234151962691828e-13,0.9999999999998765
P00582,Excellent,6.309111386852215e-25,5.688632795770433e-13,0.9999999999994311
P08046,Excellent,1.1975348220706444e-31,2.2467090392893256e-18,1.0
P07023,Average,0.5788197453143819,0.42118025468560877,9.294748473805497e-15
P04913,Good,1.4346528623276248e-07,0.9999998565345763,1.3744765035696738e-13
P08020,Good,0.9997456095569132,0.00025439044308690767,1.0819971186683928e-18
P05702,Excellent,1.3017043917268876e-13,0.005898138583015403,0.9941018614168544
P05803,Good,4.994685225233257e-13,0.028562478523805054,0.9714375214756955
P08228,Good,1.8947119767198237e-13,0.9999999999993541,4.563493326394198e-13
P04290,Average,0.9999999998054478,1.9455217541146738e-10,7.388371422084745e-24
P08543,Average,0.9999999993659696,6.340304077400348e-10,3.468163739464833e-21
P01724,Excellent,4.324149278545639e-26,1.983781487872686e-15,0.999999999999998
P09767,Good,3.1257861422914453e-12,0.9999997292974825,2.706993916423188e-07
P06226,Excellent,3.228654681432871e-14,0.008563560572355642,0.991436439427612
P03910,Excellent,3.427204319318942e-10,0.7953920317243582,0.20460796793292135
P06613,Average,0.9999999999982063,1.79370848042417e-12,3.8763837562439615e-29
P02491,Average,0.0026575640101607545,0.9973424359896977,1.4150363311648247e-13
P03109,Excellent,1.3539048945381608e-28,2.0155810329336334e-15,0.999999999999998
P06659,Excellent,1.1029600921672239e-25,5.063516930668793e-14,0.9999999999999494
P09169,Excellent,1.2624238009378508e-21,7.698283780407215e-11,0.9999999999230171
P03839,Good,0.007737831891850064,0.9922621680956402,1.2509744244002482e-11
P07360,Good,3.317366007994964e-10,0.999991746528232,8.253140031567539e-06
P01436,Excellent,4.1714653328358266e-26,1.1721248330520124e-12,0.9999999999988278
P07071,Good,2.783511183018981e-10,0.9999999996732218,4.842696060838599e-11
P05914,Good,1.7396370423882391e-12,0.9594381706651683,0.04056182933309197
P04675,Excellent,4.167382937795087e-24,4.191533203158236e-15,0.9999999999999958
P00682,Average,2.219231565081995e-06,0.9999977807680791,3.558731053127677e-13
P03166,Excellent,5.816880076718592e-16,1.5022588188389251e-05,0.9999849774118109
P02012,Good,3.7121007885982565e-09,0.9999163232768521,8.367301104710301e-05
P03358,Good,4.444039907220642e-14,0.0014809748797205075,0.9985190251202353
P04595,Average,0.999999999999982,1.802421156942836e-14,6.235672051101798e-28
P03146,Excellent,5.197200718941281e-25,4.853262868402841e-15,0.9999999999999951
P09702,Good,1.1212532270032892e-11,0.43039253086614443,0.5696074691226429
P05934,Excellent,2.6752950986271717e-14,0.0012411006355606384,0.9987588993644125
P02664,Excellent,1.2955069795724236e-11,0.6999460731513811,0.30005392683566373
