Person_ID,true_label,prob_Average,prob_Good,prob_Excellent
P07358,Excellent,2.5439182268370125e-17,3.251759899268084e-06,0.9999967482401007
P00604,Average,0.9999924288260867,7.571173913314979e-06,6.939137649692312e-17
P06337,Good,0.07837496666892,0.9215817389980024,4.329433307768688e-05
P03694,Excellent,7.973458905402253e-07,0.32490012489027553,0.6750990777638338
P06255,Good,0.0021629897623776304,0.9948336113466623,0.0030033988909600046
P01943,Average,0.9927641836384888,0.007235816316465543,4.504553401848274e-11
P00258,Good,1.1415950524971031e-05,0.8077887748126225,0.19219980923685265
P01577,Good,2.5801817890831416e-05,0.7567274368008013,0.2432467613813078
P05641,Good,0.1329550336937654,0.8670220621968485,2.2904109386054254e-05
P00055,Good,0.00011086563992165404,0.940135242317645,0.05975389204243322
P01814,Excellent,2.2320425431262247e-09,0.02590246279039773,0.9740975349775598
P05065,Good,0.0007896451303910895,0.9970840354416906,0.00212631942791826
P05263,Good,0.0008966981230049702,0.9958392695014027,0.0032640323755923854
P03404,Good,4.897701426068502e-06,0.742254495587643,0.2577406067109309
P03988,Good,4.700992439094403e-05,0.9502133165148263,0.04973967356078281
P07556,Excellent,1.863237016201693e-13,0.00103329122313145,0.9989667087766823
P02936,Excellent,7.3230890536504406e-09,0.0267355736821524,0.9732644189947586
P08240,Excellent,1.867943067622468e-14,7.000153802043948e-05,0.999929998461961
P02451,Good,0.006932881442146803,0.9928806178016885,0.00018650075616478048
P07287,Excellent,7.485334317680085e-09,0.03217914676324351,0.9678208457514221
P01295,Excellent,5.986811530604487e-14,7.422570637575468e-05,0.9999257742935642
P00628,Excellent,3.968106357300022e-12,0.0004618444556789632,0.999538155540353
P05867,Good,0.16908740714671985,0.8309007612736504,1.1831579629603587e-05
P09431,Excellent,6.544234333498012e-15,6.584937993626614e-05,0.9999341506200573
P01787,Average,0.9643130956945191,0.035686896774271296,7.531209584503241e-09
P05284,Excellent,4.565866669612255e-06,0.8081626594029928,0.19183277473033764
P07815,Excellent,1.4970449873947827e-14,4.240800220960691e-05,0.9999575919977755
P02776,Excellent,5.354575128081746e-11,0.006617115774859261,0.993382884171595
P02302,Good,0.015250066246297033,0.9845795586703826,0.00017037508332033867
P04436,Excellent,4.3220349228853636e-10,0.004173600230314016,0.9958263993374826
P02349,Good,0.0010197171863867334,0.9987769837136931,0.0002032990999201738
P04196,Good,0.12648688385539522,0.8734891183803691,2.399776423568089e-05
P06714,Average,0.999984555394165,1.5444605834803006e-05,1.3813096182588612e-16
P09860,Average,0.9999999979246301,2.075369826787097e-09,1.3143718458594565e-24
P07526,Average,0.8808855381756605,0.11911445982844927,1.995890327282588e-09
P06000,Good,0.6487272178173401,0.3512726173655138,1.6481714618653813e-07
P03047,Good,0.005201575374472834,0.9946798705398204,0.000118554085706776
P09712,Good,0.0007910738797092422,0.9979032077053553,0.0013057184149353912
P06287,Excellent,2.3878414274718762e-14,5.4711379947276114e-05,0.9999452886200287
P09050,Good,0.0008311686510350109,0.9965627162241706,0.002606115124794392
P04163,Excellent,3.7205208983365386e-20,1.7285990702243177e-07,0.9999998271400931
P08238,Good,0.0003291402898175478,0.9949985058157613,0.004672353894421172
P01968,Excellent,3.785612736191117e-18,4.408279596274615e-07,0.9999995591720403
P07365,Good,3.1990414236239416e-05,0.9727381066971293,0.027229902888634465
P09874,Excellent,3.01844314946661e-17,2.9254913079581536e-06,0.9999970745086919
P05566,Average,0.9981034843565415,0.00189651563965524,3.8032214654687654e-12
P00764,Good,2.0779024538220852e-06,0.6494729689244213,0.35052495317312493
P06338,Good,2.0295939983659395e-05,0.9464351437852505,0.053544560274765764
P04373,Good,0.011422611807107776,0.9879866160023326,0.0005907721905596822
P01384,Good,0.0001737817897159759,0.9995330769406398,0.0002931412696441184
P09923,Excellent,1.6722338389928029e-18,1.2605039265520149e-06,0.9999987394960733
P06702,Excellent,8.9452992088107e-13,0.0007783149799627597,0.9992216850191427
P04566,Average,0.6440440434275138,0.3559558612449305,9.532755568533506e-08
P06582,Good,8.707759845664207e-07,0.5190603314053243,0.48093879781869114
P08147,Good,0.17790064627952495,0.8220940012851036,5.35243537142997e-06
P04449,Good,0.00015847243083039916,0.9923008426533094,0.00754068491586013
P06297,Good,0.4535328731877635,0.5464669253608982,2.0145133831305404e-07
P05112,Excellent,8.805228296011125e-11,0.002619810834190338,0.9973801890777573
P08063,Good,0.00014519699143053646,0.973574180193129,0.026280622815440444
P02283,Good,0.08602595411981687,0.9139297975953589,4.4248284824178146e-05
P07995,Good,0.0013961363259113277,0.9975874718310779,0.001016391843010838
P03241,Good,0.005463815743261582,0.9941059404373407,0.0004302438193977018
P07922,Good,2.342557862244876e-05,0.837716390258091,0.16226018416328672
P06785,Good,2.0262392232255864e-05,0.8675580451224811,0.13242169248528657
P07964,Excellent,5.913326579931448e-10,0.012656849273594194,0.9873431501350732
P02149,Good,0.021399729433131832,0.9785327813248561,6.748924201216972e-05
P08656,Good,0.00010287548042099883,0.9866685828797304,0.0132285416398486
P05774,Good,0.00018680302968956128,0.9633536228660126,0.036459574104297836
P07567,Excellent,1.8093376628469647e-11,0.0069058112997843904,0.9930941886821222
P05982,Good,5.637839948706214e-05,0.9569919006784748,0.042951720922038104
P08984,Good,0.27902782132084786,0.7209671231729029,5.055506249203048e-06
P08343,Excellent,5.811482978236305e-09,0.05745295716263253,0.9425470370258846
P04697,Excellent,1.9796120441338535e-18,9.013418960472835e-07,0.999999098658104
P05953,Good,0.4635198370025702,0.5364786006595861,1.5623378436466989e-06
P08503,Good,0.00014659822697722085,0.9657054873308836,0.034147914442139285
P02319,Good,0.025285342943106588,0.9746402140891421,7.44429677513799e-05
P01799,Good,0.5975601797920472,0.4024396601768179,1.600311347032035e-07
P06914,Good,0.1096436224911294,0.8903438686037002,1.2508905170366876e-05
P08490,Good,0.00045580854974523266,0.9915662344064051,0.007977957043849598
P08520,Good,2.905861628719898e-06,0.6115929957473786,0.3884040983909928
P04471,Average,0.9793435712979769,0.02065642736682835,1.3351946137680816e-09
P00105,Excellent,6.552276497977939e-15,3.0513611445346456e-05,0.9999694863885479
P07826,Good,0.0008001516537406143,0.9965748576511586,0.002624990695100685
P08172,Good,4.811623381612533e-07,0.16366103564689335,0.8363384831907684
P03190,Good,0.0009657573454762031,0.9982034929315244,0.0008307497229994492
P07529,Good,0.5957241637267198,0.404275301172109,5.351011712966455e-07
P05895,Good,1.1320521351223987e-05,0.860765223087837,0.13922345639081188
P03114,Excellent,2.7267846578957688e-17,3.7070834332058963e-06,0.9999962929165669
P04238,Excellent,9.48820518937547e-19,9.56018214990613e-07,0.999999043981785
P07533,Average,0.9999997534864832,2.465135167208864e-07,1.3078213933368217e-20
P04583,Good,0.005761150897947782,0.9936187127883662,0.0006201363136860881
P00405,Excellent,1.1404961633188245e-18,4.2655817323065906e-07,0.9999995734418269
P03225,Good,0.0004541983269567661,0.9938258703056703,0.005719931367373057
P02852,Average,0.9999982623230855,1.7376769144768442e-06,2.9451050886534944e-18
P05506,Good,0.0014290782109275832,0.9978854930504216,0.0006854287386508178
P06252,Good,0.004205151580152028,0.9945304754228882,0.001264372996959833
P02925,Average,0.8799690483773419,0.12003090260167186,4.9020986260657894e-08
P09570,Excellent,3.714353389716473e-15,3.537839348388321e-05,0.9999646216065123
P03587,Good,0.0009764413249102851,0.9971044937456942,0.0019190649293955428
P03799,Average,0.9818825952294706,0.01811740458662444,1.8390480725862623e-10
P07448,Good,9.80002531932762e-05,0.9510497859082399,0.04885221383856684
P02702,Average,0.9542289207713699,0.04577107059633898,8.632291100856427e-09
P01904,Good,0.13673092479891755,0.86324769871674,2.1376484342461987e-05
P02898,Excellent,6.526115961726681e-10,0.009587310522898006,0.9904126888244904
P03563,Good,0.04771103911513689,0.9522608938724786,2.8067012384498958e-05
P08532,Average,0.9380054666389751,0.06199453194958232,1.4114426104370463e-09
P00584,Average,0.9215294425170037,0.0784705379574631,1.9525533237493218e-08
P02088,Good,1.9316521522723365e-06,0.2570590006067372,0.7429390677411105
P05640,Average,0.999991748244895,8.251755104762475e-06,2.762140100928597e-16
P00214,Excellent,7.773374617017425e-21,6.486204310270383e-08,0.9999999351379569
P00377,Good,6.620321045127032e-05,0.9336534361685301,0.06628036062101855
P08453,Average,0.7581955141079512,0.24180446014466833,2.574738054074635e-08
P02360,Excellent,1.8839086509351135e-15,3.543312210539396e-05,0.9999645668778928
P06661,Excellent,3.344500133373061e-10,0.008863895148978984,0.9911361045165712
P05408,Average,0.9971816199607088,0.0028183800075871897,3.1703969923447855e-11
P04464,Excellent,7.694032984943392e-19,3.6230641304420673e-07,0.9999996376935869
P06124,Good,0.28067180433021294,0.719322936973157,5.258696630046013e-06
P07122,Excellent,3.275021788169613e-15,3.799297798723347e-05,0.9999620070220093
P08921,Average,0.9981515637353868,0.0018484362626415799,1.9714875147386148e-12
P03725,Excellent,3.191339451683395e-08,0.05140335640932075,0.9485966116772846
P07404,Excellent,7.155878032223334e-13,0.000728555777541995,0.9992714442217425
P06174,Average,0.9008051551239697,0.09919480926144615,3.561458409184182e-08
P07016,Average,0.9999943130528276,5.686947172364045e-06,3.887959548615507e-17
P09721,Good,0.012600613491494581,0.9873586807036125,4.0705804892800275e-05
P04456,Excellent,7.780481698959447e-18,1.2262958808719045e-06,0.999998773704119
P04105,Good,0.8256027521715991,0.1743971934951272,5.433327382081805e-08
P05152,Good,0.008299071851729454,0.990689003956832,0.0010119241914385497
P09515,Good,3.5379552766040745e-06,0.835347577228615,0.16464888481610843
P05231,Excellent,2.7384506765279006e-07,0.2947542396717469,0.7052454864831854
P08742,Excellent,1.8092975599386683e-08,0.03082771263185531,0.9691722692751692
P08455,Good,0.0036355772610571348,0.9961804962475211,0.00018392649142174263
P07244,Excellent,2.632218762433421e-15,6.163885799976727e-05,0.9999383611419975
P07500,Good,1.1730626767865711e-05,0.7247228595506581,0.2752654098225741
P05354,Excellent,9.554485501676551e-20,8.689975541502631e-08,0.9999999131002446
P04314,Good,0.04502398383441205,0.954833849554062,0.00014216661152586927
P08266,Good,0.00035255998925304055,0.9971574233032049,0.0024900167075419225
P06200,Excellent,5.209247174947932e-08,0.2757921075948535,0.7242078403126747
P03072,Good,0.4527437196497323,0.5472539672805299,2.3130697378756086e-06
P08514,Excellent,6.374308249399729e-09,0.029725769765644425,0.9702742238600471
P06341,Good,1.3312459232211646e-05,0.7358794389615813,0.26410724857918644
P00350,Good,0.00013276493820421216,0.9742122470119554,0.02565498804984031
P08325,Excellent,6.826182171349759e-15,1.5750476297526454e-05,0.9999842495236956
P08612,Excellent,1.2832084019724004e-13,0.00021381985791964434,0.999786180141952
P01953,Excellent,3.3450285120866916e-07,0.3888530167259645,0.6111466487711842
P04249,Average,0.9986313564816932,0.001368643513946447,4.36029435075981e-12
P02657,Excellent,2.7356405944086715e-22,8.336947634229392e-09,0.9999999916630523
P03701,Good,3.108459094870184e-05,0.9230668770938534,0.07690203831519794
P01412,Good,6.647520400817242e-07,0.6122243022537558,0.387775032994204
P03640,Good,3.2661183171744153e-06,0.7525736712979259,0.24742306258375707
P05047,Excellent,1.0874588863963781e-12,0.0015386679289734505,0.998461332069939
P00206,Average,0.9956972193245348,0.004302780647960289,2.750506653277569e-11
P09502,Excellent,1.9151233570252734e-18,1.0994085589577445e-06,0.999998900591441
P06320,Average,0.9997949384362282,0.00020506156374976912,2.2063433611222105e-14
P08572,Good,0.06818773596895927,0.9317560650058858,5.619902515493976e-05
P01907,Good,0.0020204844819333456,0.9976845046875944,0.00029501083047223407
P07532,Excellent,3.2246616296575934e-12,0.0013583379188810694,0.9986416620778943
P03400,Good,0.5482309000664455,0.4517675817377689,1.518195785584025e-06
P02145,Excellent,3.0882242366559124e-06,0.6627592172364486,0.3372376945393146
P08426,Good,0.008667475558642978,0.9906014561032208,0.0007310683381361496
P03869,Average,0.6358907893593505,0.364109114195267,9.64453825152672e-08
P06874,Good,4.246209179413952e-05,0.8836959246947637,0.11626161321344218
P03009,Good,3.920689791378819e-06,0.7987510999431031,0.20124497936710548
P06046,Good,0.0011908282695663316,0.9958018233305145,0.0030073483999192457
P05597,Average,0.996744931602665,0.0032550683891493736,8.185690560711113e-12
P01109,Good,0.07050129289497291,0.9294877423356148,1.0964769412183614e-05
P07765,Good,0.00025763462151503667,0.9962800701157736,0.0034622952627113616
P03074,Excellent,1.4408618292737815e-09,0.004776441065433552,0.9952235574937046
P00683,Good,0.5152723103554203,0.4847271287042192,5.609403605694091e-07
P07543,Average,0.9987185777839459,0.0012814222152150259,8.390972520667292e-13
P05907,Excellent,3.2767742175339667e-12,0.0005526927300561947,0.999447307266667
P05986,Good,0.00014148548852650967,0.9985395680569228,0.0013189464545507023
P08000,Good,0.0006054211621610301,0.9832883831172151,0.016106195720623735
P08715,Excellent,1.7498052045564857e-14,8.872484883634305e-05,0.9999112751511461
P05441,Good,0.05520513358166886,0.9447086817784128,8.618463991828504e-05
P03611,Good,0.10923928607779315,0.8907486973516294,1.2016570577344522e-05
P07008,Average,0.9953925067658076,0.00460749320118271,3.3009786746053094e-11
P01498,Excellent,2.2447744852439433e-07,0.1672444240487501,0.8327553514738015
P04949,Excellent,5.3012722224124226e-11,0.010679469224582223,0.9893205307224051
P09210,Good,0.03166500372371953,0.9682466787529461,8.831752333440561e-05
P00232,Good,0.25036069890811524,0.7496309136501472,8.387441737465767e-06
P03584,Excellent,4.2915543169347984e-16,1.3081316341045585e-05,0.9999869186836585
P02447,Excellent,6.561217545953225e-13,0.0003558007187652144,0.9996441992805787
P05924,Good,0.48981933526569377,0.510175243992305,5.42074200124521e-06
P08729,Average,0.9876967742750248,0.012303225081135159,6.438402129367828e-10
P02948,Good,5.283066093947646e-05,0.7846316672338594,0.21531550210520112
P09277,Average,0.9997188979544551,0.0002811020454574654,8.755639803709928e-14
P00977,Good,0.00016492208882825214,0.970411017029426,0.029424060881745834
P00629,Good,0.0005773869053824288,0.9906617740489945,0.008760839045623114
P00332,Good,0.007547664620935139,0.9914818328474184,0.0009705025316464118
P00624,Excellent,3.5213955042518117e-10,0.007823669749301094,0.9921763298985593
P03196,Excellent,4.0007215879017727e-10,0.014022767747455945,0.9859772318524719
P01410,Excellent,3.012314073859003e-08,0.12988211963770757,0.8701178502391519
P06528,Good,3.3149914776888256e-05,0.8392331716993174,0.16073367838590577
P02965,Average,0.9999998336958759,1.663041240564573e-07,3.700887310759013e-21
P00840,Good,2.5934087105339577e-07,0.22168936706667225,0.7783103735924568
P04839,Average,0.9366256538880566,0.06337433606503559,1.0046907725435664e-08
P08533,Average,0.9999969674670443,3.0325329558211095e-06,1.012177485591601e-17
P08933,Excellent,3.870573858319191e-12,0.000955635839406834,0.9990443641567226
P01175,Good,6.619965602297784e-05,0.9913002053477168,0.008633594996260282
P05076,Good,0.0014633257189254688,0.9977537856518068,0.0007828886292676307
P05627,Average,0.19220620570270347,0.8077903803468501,3.4139504463562657e-06
P09399,Good,0.0244542473335593,0.9752251061869315,0.0003206464795092798
P08516,Good,0.0008912688724443278,0.9870997266844617,0.012009004443094004
P04347,Good,1.2600983967384212e-05,0.8569925256707295,0.1429948733453031
P05111,Excellent,1.7132010195439552e-20,1.5992063253030277e-07,0.9999998400793675
P04159,Excellent,9.545785095422848e-12,0.0004297783416989127,0.9995702216487553
P00641,Excellent,1.0397802501080078e-09,0.009431544860648131,0.9905684540995716
P03703,Excellent,4.984047929295889e-12,0.0036516432222106518,0.9963483567728053
P09330,Excellent,5.772720907303175e-12,0.001090230039502432,0.9989097699547249
P04617,Good,0.40393337484618475,0.5960641112582016,2.5138956136017837e-06
P01223,Good,0.019238349571594347,0.9807196912590646,4.1959169341077716e-05
P08377,Excellent,1.647715634114837e-17,1.4280091729143837e-06,0.9999985719908271
P01630,Average,0.9998896220989588,0.00011037790099896068,4.221209981173146e-14
P03065,Excellent,7.89890408814382e-12,0.0018876508992183758,0.9981123490928827
P06763,Excellent,8.734034131147982e-20,4.0963920226902515e-07,0.9999995903607978
P06561,Average,0.9604875661227251,0.03951243338190612,4.953687238006773e-10
P03825,Good,0.5312926635992846,0.46869957954077185,7.756859943559289e-06
P07785,Excellent,1.6966445058334694e-18,8.887026196315428e-07,0.9999991112973803
P05845,Good,0.00026381430916403776,0.9983253296447663,0.0014108560460696046
P08569,Excellent,9.261664953538255e-18,1.7598503289892226e-06,0.999998240149671
P07975,Good,0.34920992569615794,0.6507878651289741,2.209174867948713e-06
P01772,Excellent,5.957651524148033e-14,0.00010621129922745609,0.9998937887007131
P04527,Good,0.021481459114748483,0.978447818706975,7.072217827658148e-05
P09722,Good,4.901529485499465e-07,0.6068774248227677,0.3931220850242837
P04990,Excellent,3.549106072302519e-09,0.013764494162928204,0.9862355022879656
P08863,Good,0.00025328629381156674,0.9864251406144354,0.013321573091752944
P09981,Excellent,2.826081163922548e-20,1.0244103598229158e-07,0.999999897558964
P00199,Average,0.5584940302373518,0.4415047074217953,1.2623408528528556e-06
P02291,Good,2.5945083287340353e-07,0.3287399880116652,0.6712597525375019
P09992,Excellent,1.5890080381787576e-09,0.015409289832019639,0.9845907085789722
P05311,Good,0.0007169170927262555,0.9965765228226592,0.002706560084614536
P05693,Average,0.9853665154582262,0.014633484335587057,2.0618670227649436e-10
P09824,Good,0.0028967915864355613,0.9950182862514749,0.002084922162089418
P08460,Good,3.6761278297502904e-05,0.9691855484235068,0.0307776902981958
P09790,Excellent,9.517957578931194e-19,6.482705717217971e-07,0.9999993517294282
P06506,Excellent,1.0251444113059877e-11,0.002381989533586707,0.9976180104561618
P06196,Average,0.9999866331890727,1.3366810926368944e-05,1.1513455464229783e-15
P06104,Excellent,2.582586190821528e-07,0.26247797416085333,0.7375217675805276
P09145,Good,0.13190047851096579,0.8680554337727012,4.408771633297784e-05
P04970,Excellent,2.3147513872911684e-23,1.1472606482070844e-09,0.9999999988527393
P03168,Good,0.9171823115112993,0.08281764101717194,4.747152893843416e-08
P02339,Good,2.336762316294748e-07,0.20170010723463264,0.7982996590891358
P07909,Good,0.06671895438690015,0.9332310592738777,4.998633922212724e-05
P08320,Good,0.006775513611602876,0.9918155687537088,0.001408917634688231
P03367,Excellent,8.145910491409647e-10,0.029122743961063395,0.9708772552243456
P03631,Good,0.005093400467062109,0.9939678031147885,0.0009387964181493518
P04177,Excellent,8.321045733881854e-17,3.731712538735322e-06,0.9999962682874612
P02724,Good,0.2169969662980762,0.782999515486922,3.5182150017562998e-06
P00707,Excellent,2.1850881210445716e-14,4.215599607148608e-05,0.9999578440039069
P07253,Excellent,2.432419440372935e-07,0.2946350512463189,0.7053647055117372
P02720,Average,0.7956513881200014,0.20434844157502408,1.7030497473863883e-07
P08831,Excellent,1.0498128572033039e-08,0.06606090199234929,0.9339390875095221
P03244,Good,1.7030929099212392e-05,0.736544334221021,0.26343863484987995
P02227,Good,1.8414674818218683e-05,0.9405031104840647,0.0594784748411172
P09857,Average,0.7594226943232083,0.24057705317981132,2.524969803191767e-07
P08366,Good,1.6789491159446542e-06,0.6595580474564406,0.3404402735944434
P02210,Good,0.9681477625216928,0.03185223498911392,2.489193230517815e-09
P00472,Average,0.9542287036145373,0.04577129261603544,3.769427291487805e-09
P02309,Excellent,8.339604649164643e-09,0.15796390959868062,0.8420360820617148
P01917,Good,0.13184516682936454,0.8681496553808886,5.177789746870805e-06
P08483,Good,0.00018565801929662046,0.9898295073811987,0.00998483459950469
P06754,Average,0.7269525960424984,0.27304736891041764,3.5047083885328034e-08
P01992,Excellent,1.2088333390421654e-11,0.002508041907929916,0.9974919580799817
P03597,Excellent,6.007694413751353e-08,0.298903146347505,0.7010967935755509
P03589,Good,0.002677786803529887,0.9965864343746093,0.0007357788218608094
P02375,Good,0.7733967300951852,0.2266030959616584,1.739431564298441e-07
P04846,Average,0.3277520102521944,0.6722434001576877,4.589590117793345e-06
P00688,Good,6.915665617230099e-06,0.6683715162531506,0.3316215680812322
P09281,Good,0.08925344891175314,0.9107243427565787,2.220833166815479e-05
P03406,Excellent,1.7269654369017366e-10,0.003201763424194095,0.9967982364031093
P00248,Good,0.05349820514135439,0.946288974617989,0.00021282024065656533
P05006,Good,0.21031218269747473,0.7896824113044008,5.405998124466772e-06
P09094,Good,0.003943888147864266,0.9937968448172224,0.002259267034913409
P05979,Good,0.0394573875968698,0.9604612607413908,8.135166173934086e-05
P06853,Good,1.562996277377508e-05,0.641285085413354,0.35869928462387224
P02599,Good,0.7611865498303153,0.23881301205600158,4.381136830596531e-07
P08678,Excellent,2.103485636676066e-18,9.355449220017334e-07,0.999999064455078
P00728,Good,0.00042274450252141144,0.991238060976235,0.008339194521243518
P07818,Excellent,9.258371142829895e-15,1.6192405926967163e-05,0.9999838075940637
P04777,Good,0.0028923367548348245,0.9962259500176621,0.0008817132275031368
P01763,Average,0.9999999978088365,2.191163544099475e-09,5.039973757884673e-25
P06913,Good,0.014813449283599624,0.9850310868048248,0.00015546391157565063
P02540,Good,0.0030451030507641736,0.9968480729445303,0.00010682400470568274
P05279,Excellent,3.1880893634140545e-11,0.004237277322511822,0.9957627226456073
P03419,Average,0.9999753286469375,2.4671353061603866e-05,9.987632141131063e-16
P07294,Good,0.0012310869718869407,0.9930393958864902,0.005729517141622896
P00772,Average,0.9999962397899703,3.760210029712622e-06,3.610787378524872e-18
P02304,Good,0.006624873305533648,0.99330692682584,6.819986862643936e-05
P02368,Excellent,4.395469451948207e-07,0.24795061566212928,0.7520489447909254
P01759,Excellent,2.5061560342393964e-18,1.0140144805751838e-06,0.9999989859855193
P07088,Good,9.452718293283584e-05,0.9709718770026915,0.028933595814375688
P04404,Good,0.048189536729581824,0.95179342273177,1.7040538648157615e-05
P09479,Good,0.0011307613179156787,0.9974015069869416,0.0014677316951426632
P03541,Good,1.7173287672221933e-05,0.9877288534383819,0.012253973273945803
P00209,Excellent,5.446067303734768e-09,0.041469673358730086,0.9585303211952027
P05850,Average,0.9998885383088411,0.000111461691090361,6.856222063430442e-14
P09451,Excellent,1.3010982377405885e-10,0.007668963951009051,0.9923310359188812
P08711,Good,0.004488632090210868,0.995297523433998,0.00021384447579103936
P07467,Excellent,1.1242168022117561e-10,0.0010222794226232975,0.998977720464955
P02116,Excellent,2.7901279233644055e-16,7.309399041625187e-06,0.9999926906009582
P05831,Excellent,2.340707898087828e-14,9.172364585169431e-05,0.999908276354125
P01492,Excellent,4.8316515614871e-15,4.8256832285002845e-05,0.9999517431677101
P05610,Good,0.2387812803281274,0.7612181544866378,5.651852348586196e-07
P08615,Average,0.9989729276293589,0.0010270723627796821,7.861492470257695e-12
P07211,Excellent,1.7519294929896554e-17,3.885179077516521e-06,0.9999961148209225
P05155,Good,0.05311846084655508,0.9468798235008056,1.7156526393951084e-06
P01151,Excellent,1.7967240248693932e-15,3.092212534907958e-05,0.9999690778746492
P00736,Average,0.9736791126956786,0.026320884872204797,2.4321166539610837e-09
P00469,Excellent,6.794704715910626e-15,2.5685674798848352e-05,0.9999743143251941
P07195,Average,0.9999999988781731,1.1218269525445152e-09,2.0075024988918768e-25
P02352,Excellent,1.4098432466186369e-08,0.15517644982284376,0.8448235360787236
P05681,Excellent,3.0238598263255642e-15,1.6378813367636187e-05,0.9999836211866292
P04922,Excellent,1.106800765903538e-11,0.0015299127614499645,0.9984700872274821
P02545,Excellent,9.69044936040484e-08,0.24676016646160445,0.7532397366339019
P09965,Average,0.9996222609247383,0.0003777390752382233,2.3549428098337703e-14
P04746,Average,0.9988827142020145,0.0011172857956559324,2.3296122722891432e-12
P00364,Average,0.9999844910557941,1.5508944205760004e-05,5.85894216107028e-17
P00295,Excellent,9.88002761875758e-20,2.5619967035912386e-07,0.9999997438003295
P08815,Good,0.033371027547351315,0.9666203117338081,8.66071884062164e-06
P05896,Good,2.886675776086767e-07,0.39091365652521354,0.6090860548072089
P06588,Average,0.9998748332697923,0.00012516673020421642,3.472158611719501e-15
P07879,Average,0.9995418405948691,0.0004581594026579538,2.4729273849517527e-12
P07530,Good,0.09648961176529497,0.903501113299807,9.274934898172752e-06
P05334,Good,0.05274663550519378,0.9472502642121488,3.1002826575696837e-06
P07689,Good,0.3506990836400959,0.6493003164136532,5.999462509634988e-07
P05027,Average,0.7088893629296424,0.2911106119464838,2.5123873778960552e-08
P05761,Average,0.9999999999999891,1.0988766657891484e-14,5.059892787731152e-34
P08738,Good,0.00031446661107385965,0.9945025437665304,0.005182989622395652
P06284,Good,0.0007821550740122551,0.998012614887605,0.001205230038382702
P05804,Average,0.8779922439469424,0.12200765053561462,1.0551744294662619e-07
P09952,Excellent,2.179391493445629e-08,0.23492000687573436,0.7650799713303507
P05387,Average,0.17916119499301206,0.8208367350162689,2.0699907191494505e-06
P04121,Good,0.00011456007044391149,0.9886699505091281,0.011215489420428038
P03393,Average,0.9999603278536329,3.9672146366278664e-05,9.176553051829054e-16
P02384,Good,7.174707843144246e-06,0.9633267324810927,0.03666609281106412
P01516,Average,0.9987377336121492,0.0012622663865397299,1.3111379158165946e-12
P02644,Average,0.7182710498133498,0.281727984920558,9.652660921813518e-07
P02453,Excellent,8.605872913238412e-13,0.0005299410815361047,0.9994700589176032
P05475,Average,0.9997971474659174,0.00020285253378412956,2.9863115344507913e-13
P01148,Good,1.5252896648866243e-05,0.875175111297356,0.12480963580599504
P09930,Excellent,8.474332881331709e-09,0.042239518303849366,0.9577604732218178
P07165,Excellent,5.35330532495223e-13,0.00047059795644620415,0.9995294020430184
P04635,Average,0.8958933732339764,0.1041066209051135,5.860910121342521e-09
P06015,Excellent,5.029513723837603e-11,0.0035108467244010524,0.996489153225304
P06181,Average,0.9882292941727318,0.01177070532791248,4.993557693078981e-10
P01540,Good,5.7588734739976446e-05,0.9714843897067454,0.028458021558514675
P02890,Good,0.004873614303364348,0.9951054823765185,2.090332011716e-05
P02798,Average,0.40101029638127145,0.5989893391671836,3.6445154493162846e-07
P05679,Excellent,1.3031045691338813e-18,4.882712095883233e-07,0.9999995117287904
P08347,Average,0.9827831016674076,0.017216897614867083,7.17725166116588e-10
P06259,Good,0.023006956862943972,0.9769822625068387,1.0780630217329323e-05
P04127,Excellent,5.636659188038477e-11,0.0021340462450655955,0.9978659536985679
P05913,Excellent,5.10156387892932e-10,0.008684318895637108,0.9913156805942066
P08781,Excellent,3.248922505027358e-11,0.0009014152782606583,0.9990985846892502
P03499,Average,0.9735862400425732,0.026413759329757727,6.27669035209584e-10
P04164,Excellent,1.474682236716183e-06,0.4121008781617194,0.587897647156044
P01836,Good,0.11030283744690153,0.8896847362991471,1.2426253951335871e-05
P03628,Good,0.0007916294376142798,0.9987711685012218,0.000437202061164026
P02217,Average,0.999998530899646,1.469100354078655e-06,1.3043695203119035e-17
P00380,Average,0.9999986915761367,1.308423863158137e-06,1.642694394708656e-19
P06238,Good,9.689423729697802e-07,0.6555718309350439,0.34442720012258304
P03832,Good,1.7779204326092426e-05,0.9637986366980539,0.03618358409762015
P02397,Excellent,4.1278995562731733e-11,0.036342711950762496,0.9636572880079585
P00692,Average,0.9999999849001222,1.509987783261563e-08,5.719370650834483e-23
P09984,Good,0.013430939920747714,0.9864977056407218,7.135443853038351e-05
P07939,Excellent,2.2699463758733468e-13,0.00028826638186291447,0.99971173361791
P04695,Good,0.04253192150166201,0.9573764664540261,9.161204431195144e-05
P06359,Good,0.030015911420128414,0.9697739436680085,0.00021014491186312223
P08048,Good,0.07418529921233341,0.9258080123233262,6.68846434046505e-06
P01877,Excellent,5.889361787425536e-11,0.0037110300477991185,0.9962889698933073
P06136,Excellent,1.7304989633925606e-12,0.0003276979751432612,0.9996723020231262
P04197,Good,7.088748666396828e-07,0.2975669526753246,0.7024323384498088
P02206,Average,0.999980948202575,1.9051797424138255e-05,7.93998196704855e-16
P07872,Good,0.00015562187068964787,0.9781824133015977,0.021661964827712564
P09957,Average,0.7882245219405023,0.21177488602830993,5.920311879128365e-07
P04606,Good,0.0003913108450487568,0.9858238867117487,0.013784802443202515
P00535,Good,0.00026001075251885536,0.9837310700250803,0.016008919222400813
P01214,Average,0.9069566898613893,0.09304330448935354,5.649257244697931e-09
P00369,Excellent,3.673048852096023e-11,0.002031165210569271,0.9979688347527004
P03070,Excellent,4.2658929087132506e-23,7.411392363488731e-09,0.9999999925886076
P09768,Excellent,1.4715051847303597e-20,3.321615263483513e-08,0.9999999667838473
P09161,Average,0.9998484503276266,0.0001515496723178674,5.550625122659165e-14
P05022,Good,3.170454780416503e-05,0.90334052379751,0.09662777165468585
P03527,Average,0.999999856545765,1.4345423491703766e-07,6.205495710735849e-20
P07946,Excellent,4.49323808091062e-22,1.4881294013052942e-08,0.999999985118706
P03853,Good,0.058892797314477247,0.9410878212435057,1.938144201705665e-05
P01710,Good,0.29048208100549416,0.7095162013042738,1.7176902320275917e-06
P08045,Good,0.0019750348787707797,0.9973627524486564,0.0006622126725728374
P08419,Average,0.9999996710147189,3.289852810596641e-07,8.938094182057641e-19
P06409,Average,0.4369328449697761,0.5630651852548796,1.969775344367839e-06
P05315,Good,0.0006889575755403338,0.9911531325895022,0.008157909834957377
P05966,Good,0.003717478556738068,0.9962494228581289,3.3098585133137514e-05
P01503,Good,0.028063745561047578,0.9717840505819487,0.00015220385700372258
P01393,Excellent,1.889782349322839e-09,0.015087079988842277,0.9849129181213755
P02257,Excellent,2.1757303515205522e-08,0.04651676306181663,0.9534832151808799
P05180,Good,0.013141323390269768,0.9866575474018758,0.00020112920785428674
P09986,Average,0.3063184556444415,0.6936792650139065,2.279341651960875e-06
P06711,Good,8.552906714643074e-06,0.9082253359910165,0.09176611110226884
P03575,Good,0.005613117092882732,0.9936277402886795,0.0007591426184378492
P02482,Good,0.06723376221548429,0.9327038287870556,6.24089974601427e-05
P07175,Good,3.305996466795798e-06,0.536270299738619,0.46372639426491424
P04775,Excellent,1.2707125504323616e-09,0.023388907232386166,0.9766110914969013
P09123,Good,0.00022905999421360713,0.9920950306386666,0.007675909367119827
P06060,Average,0.9889560584793083,0.011043941504240833,1.645079908229853e-11
P04674,Excellent,1.3081184696856014e-07,0.1811184234517928,0.8188814457363602
P03904,Good,0.0042211183334483265,0.9954466262227343,0.000332255443817403
P08777,Average,0.98852994302168,0.01147005645619705,5.221230666388752e-10
P08337,Excellent,6.070376674157984e-09,0.08022517601552474,0.9197748179140987
P04808,Good,0.02083173485747836,0.9789985856555801,0.00016967948694145778
P08279,Average,0.9999996801326472,3.198673529110132e-07,5.732067070840098e-19
P01406,Average,0.9996147991862362,0.0003852008134904445,2.7352251112614637e-13
P04454,Excellent,5.184719682808203e-10,0.014676191984365978,0.9853238074971622
P01458,Excellent,1.4026624011189717e-08,0.0718774456990467,0.9281225402743292
P00036,Good,0.03927527889110712,0.9607051860556693,1.953505322348817e-05
P08844,Good,8.385659577097915e-05,0.9515639067545404,0.048352236649688615
P03528,Excellent,1.1215270572360716e-13,0.0003154879176200415,0.9996845120822679
P02369,Excellent,2.964640311918559e-14,0.00017203798340754463,0.9998279620165628
P08276,Average,0.9543094550307409,0.0456905434301966,1.5390625525813528e-09
P09863,Excellent,5.906484956954924e-09,0.04027157867611536,0.9597284154173997
P03502,Good,3.0080672729776445e-06,0.5009966354791171,0.49900035645361
P01131,Good,2.4406067397105474e-05,0.9323444231569926,0.0676311707756103
P09928,Good,0.0013343008028186653,0.9590853934138266,0.03958030578335482
P02499,Average,0.9694157127418005,0.03058428646952865,7.88670930532572e-10
P07109,Average,0.9999998065948476,1.9340515239479014e-07,5.0362100529631e-20
P05412,Good,0.0002256336011751524,0.9942599507856595,0.005514415613165342
P09580,Average,0.9998785774170221,0.00012142258296398911,1.3773827322860054e-14
P03576,Excellent,1.188797118730492e-20,2.8078629799407726e-08,0.9999999719213702
P00285,Excellent,1.0346069790755287e-18,5.347277169697259e-07,0.9999994652722829
P09485,Excellent,6.073550113777739e-08,0.13978496749230745,0.8602149717721915
P00503,Good,7.510972620622534e-08,0.34192130922190195,0.6580786156683719
P03712,Average,0.9999849006204062,1.5099379592666804e-05,1.2006551967731366e-15
P01425,Excellent,1.0320233242433048e-13,8.917792815732615e-05,0.9999108220717394
P09288,Excellent,2.1275062925038577e-07,0.4531317664343156,0.5468680208150553
P02918,Good,0.006303071760544958,0.9933202997889059,0.00037662845054918764
P08799,Good,7.015256037434824e-07,0.6213331282192344,0.37866617025516186
P05281,Average,0.9999995196904816,4.803095183928494e-07,3.2426870027145146e-19
P06848,Good,0.0033227279694386974,0.9949923858835051,0.0016848861470561511
P02361,Good,0.0012879295635766584,0.9951900223803476,0.0035220480560756535
P01896,Good,0.6160163906099784,0.38398334924132593,2.6014869579937367e-07
P05081,Average,0.9999968170706278,3.182929372327532e-06,2.474944325424396e-17
P02764,Good,0.0737197946047592,0.9262552364738345,2.496892140632728e-05
P00592,Average,0.9999999995876017,4.123984080423539e-10,1.9571298159123524e-25
P00923,Average,0.9947842999232127,0.005215700055277202,2.1510068491344766e-11
P07584,Excellent,9.750371380458412e-07,0.532563083826054,0.4674359411368079
P08363,Excellent,1.7513550117050695e-08,0.07237490075574814,0.9276250817307019
P06019,Average,0.9999999555994665,4.440053355098683e-08,5.203039772313673e-21
P06298,Good,0.008727390894442539,0.991105028848989,0.0001675802565684896
P01911,Good,0.30692157888492344,0.6930699458868441,8.475228232468844e-06
P06056,Good,0.04253551701555209,0.9573398742562591,0.00012460872818891144
P07274,Good,0.002852714785447657,0.9969506750270644,0.00019661018748789132
P04982,Excellent,4.573544353137332e-09,0.02772517369641559,0.97227482173004
P07229,Excellent,2.1652275955656308e-09,0.024866181493910094,0.9751338163408622
P03763,Average,0.9999983124780205,1.6875219793925305e-06,1.6381920123834704e-18
P09783,Good,4.726660468899257e-05,0.9626315426043112,0.03732119079099986
P01721,Good,0.0799807280773026,0.9200051672598932,1.4104662804115163e-05
P02497,Excellent,3.64596367245142e-08,0.06906380798287695,0.9309361555574863
P08941,Excellent,1.1725316214049136e-08,0.0723954856905799,0.9276045025841038
P03915,Average,0.9999992512178981,7.487821018656296e-07,3.174154578530514e-19
P04822,Good,0.0019631978418284905,0.9977307696385442,0.0003060325196272561
P01141,Good,0.0024975437098585904,0.9969960062000737,0.0005064500900677275
P09867,Good,0.0007297432914674863,0.9987077188028853,0.000562537905647107
P04474,Good,0.004130475249539828,0.9958309711076644,3.855364279589114e-05
P05098,Good,8.404229148163817e-06,0.9602475171796643,0.039744078591187594
P06240,Good,0.0913285944724898,0.9086483062930053,2.309923450499103e-05
P04628,Average,0.9490807980426933,0.050919172524946724,2.9432359955395868e-08
P01330,Good,4.3756048544829376e-05,0.9610719818052214,0.03888426214623384
P01548,Average,0.9999858118421078,1.418815789141185e-05,7.568874349783832e-16
P01238,Good,3.3518368477566656e-05,0.9848973383485742,0.015069143282948276
P00385,Excellent,1.0271281105468489e-10,0.0023623408247700857,0.9976376590725171
P06741,Average,0.9997843669207518,0.00021563307923984834,8.488571062470137e-15
P02334,Excellent,1.0862661032477654e-08,0.05651073003109307,0.9434892591062461
P06468,Excellent,3.512086064570906e-12,0.0008937540679454487,0.9991062459285425
P01308,Average,0.8364164527058741,0.1635834084429194,1.388512065145511e-07
P01978,Excellent,3.0099093269319336e-11,0.003801866902242774,0.996198133067658
P09287,Excellent,6.865363185175147e-12,0.0020026994199168076,0.9979973005732179
P02450,Average,0.9983168121717714,0.0016831878242550896,3.97351305557298e-12
P02444,Good,8.398840340711993e-05,0.9928562444441956,0.007059767152397233
P08006,Average,0.9999999256772862,7.43227138489228e-08,3.735176100694285e-20
P06269,Good,0.0009343693520116211,0.9984305399995439,0.0006350906484445582
P04272,Average,0.9058371204701119,0.09416273216472754,1.4736516069593378e-07
P07679,Good,0.0010165840855177511,0.9985272191424096,0.0004561967720725245
P01301,Average,0.8896174128282455,0.11038252373875476,6.343299968474835e-08
P06746,Excellent,9.49043554871988e-09,0.052222697689483705,0.9477772928200806
P05545,Average,0.9344078967644903,0.06559209931925178,3.916257939025257e-09
P06093,Excellent,4.6825508089517293e-07,0.5297720077633046,0.47022752398161455
P04797,Average,0.9450596638885714,0.05494032040035536,1.5711073190808042e-08
P00819,Average,0.9996291305843366,0.0003708694155237989,1.3952768131021832e-13
P06957,Good,4.5383713898905754e-07,0.5937080750130217,0.4062914711498393
P09229,Good,0.707718730025209,0.2922810137213791,2.5625341192423007e-07
P09336,Good,2.2363269324443682e-07,0.1524017762321004,0.8475980001352063
P01932,Good,0.0015099959906524972,0.9962930626988237,0.0021969413105237196
P08525,Good,0.0011881768266743863,0.9984059514578802,0.00040587171544541486
P06579,Good,0.008387234991105733,0.9915811384782498,3.1626530644588314e-05
P03893,Good,2.183272696276735e-05,0.8324386862881381,0.16753948098489915
P00327,Excellent,1.1718895019124754e-06,0.8271709528429434,0.17282787526755478
P09815,Good,0.7165605981393286,0.2834386499658894,7.518947820006123e-07
P05660,Average,0.6271049355885996,0.37289478619961614,2.7821178425429153e-07
P02757,Excellent,2.401150417677616e-10,0.005562831127626411,0.9944371686322586
P03263,Good,0.0001841910165378933,0.9950417431179552,0.004774065865506862
P03524,Good,0.0025867459741466424,0.9957621660768943,0.001651087948959081
P06674,Average,0.41359338768323645,0.5864065121969368,1.0011982661004793e-07
P06854,Good,0.0006506636116953091,0.963638265035181,0.03571107135312373
P01324,Average,0.9999999999545774,4.542265401777741e-11,5.936731250211497e-27
P04482,Average,0.973623142551806,0.026376855607571352,1.8406226387417968e-09
P05876,Excellent,1.2938146245780516e-12,0.00029554285111325034,0.9997044571475927
P03249,Excellent,3.6814464859081864e-14,3.416186287605041e-05,0.9999658381370872
P04149,Good,8.594259184551208e-05,0.9076844887266364,0.09222956868151809
P02572,Excellent,1.5042360048765611e-07,0.15490501218255673,0.8450948373938427
P04394,Good,1.03858464459484e-05,0.8899443035692074,0.11004531058434668
P01434,Average,0.9999999999907205,9.279576969591084e-12,7.152939385128952e-29
P07086,Good,0.0005741710209862374,0.9941073330875555,0.005318495891458205
P05987,Average,0.9999812080385895,1.8791961410526968e-05,1.747022802173942e-17
P09864,Excellent,3.236374225168567e-12,0.002682103350772859,0.9973178966459907
P04594,Good,0.00019779976893175632,0.9846518210518249,0.015150379179243233
P02004,Excellent,5.222967758966464e-10,0.020252734562746743,0.9797472649149565
P00939,Average,0.9966781086877208,0.0033218912646373554,4.764195275236045e-11
P00179,Good,0.0009728897443984437,0.9822965152156757,0.01673059503992584
P08085,Average,0.9952907988325863,0.004709201133168372,3.424536776411174e-11
P04440,Average,0.9999982814596848,1.7185403152709597e-06,1.1066075227880742e-17
P09303,Average,0.9999633205383747,3.6679461624302313e-05,8.190595594124623e-16
P05611,Excellent,5.877545807859815e-09,0.032431273532055806,0.9675687205903983
P01650,Good,0.10374378188923293,0.8962246783087747,3.153980199223975e-05
P01416,Good,0.00015906109475861976,0.986791238232161,0.013049700673080354
P08250,Excellent,1.4647981927089992e-12,0.00036440440139217837,0.9996355955971431
P06732,Good,2.3676808547849183e-06,0.7566570893032329,0.24334054301591226
P06672,Average,0.9999974950795741,2.504920425931455e-06,7.50179745906777e-18
P04599,Good,3.925383775531553e-05,0.9397510229529311,0.06020972320931369
P00656,Excellent,2.9442057970007296e-08,0.10335884982954963,0.8966411207283924
P01438,Average,0.9807274007056319,0.019272598030214947,1.2641530320666256e-09
P00276,Excellent,1.562190623308441e-16,3.0330250875018446e-06,0.9999969669749122
P03546,Good,0.0077114506144216775,0.9922388464160942,4.970296948404098e-05
P09382,Good,0.14256845800769713,0.8574231888485743,8.353143728575294e-06
P04604,Excellent,8.005603708425629e-15,1.7359601457686818e-05,0.9999826403985345
P00113,Average,0.9999993999504736,6.000495263620843e-07,4.273494780722393e-19
P06962,Good,0.0011100846057405058,0.9846379090021904,0.01425200639206919
P05119,Excellent,1.2860257043306267e-08,0.08446124082613651,0.9155387463136063
P02731,Excellent,5.095953234188112e-15,2.622158477590498e-05,0.999973778415219
P07178,Good,0.010534273249990409,0.9894203460798677,4.5380670141874694e-05
P08424,Good,2.170373084850418e-05,0.781090316235185,0.21888798003396645
P06395,Good,0.3429865829984962,0.6570074189529499,5.998048553908433e-06
P03301,Good,1.5420461823658058e-06,0.29126608756681,0.7087323703870078
P08963,Excellent,6.776720907143204e-16,1.9008337637991257e-05,0.9999809916623613
P08440,Good,7.764188313421305e-05,0.9985734441744684,0.0013489139423974832
P04716,Good,3.626685286574113e-06,0.7735530304353341,0.22644334287937937
P00378,Good,7.03183596339623e-05,0.8371507445870139,0.16277893705335209
P05426,Excellent,3.7133512872574666e-11,0.0018817340528017416,0.9981182659100646
P08438,Average,0.9999999998530467,1.4695344850284544e-10,5.2710351221475695e-27
P04225,Average,0.9999655811586889,3.441884131068286e-05,3.6920732095576186e-16
P02999,Good,0.24471302902550038,0.7552823706071844,4.60036731529885e-06
P02295,Good,0.0012880444024705874,0.9952286126444492,0.003483342953080221
P00304,Good,0.004491594558954877,0.9951872996584816,0.00032110578256348886
P03959,Good,0.07013178719071113,0.9298290088804004,3.9203928888428595e-05
P00872,Good,0.0005364437442857655,0.9959253127566333,0.0035382434990809467
P05353,Good,0.20302918808771925,0.7969620659814518,8.745930828986488e-06
P07522,Excellent,2.2747923932598538e-05,0.941273000313514,0.05870425176255349
P07755,Excellent,4.5347871269195063e-07,0.19712157514400924,0.802877971377278
P08664,Excellent,1.7365016632122607e-16,6.071638366252398e-06,0.9999939283616336
P05126,Good,1.6094303634708917e-05,0.8868608174068648,0.11312308828950034
P00301,Excellent,9.795895790049018e-16,1.0261875152657013e-05,0.9999897381248465
P05197,Good,0.0007601414300320329,0.9963378881117582,0.0029019704582098015
P09343,Good,0.11054140292289504,0.8894426162847726,1.598079233240222e-05
P06602,Average,0.9988863419883607,0.0011136580114289019,2.1040721756737969e-13
P03165,Excellent,8.352710561332839e-08,0.16134793361416094,0.8386519828587332
P07154,Average,0.9816482711897175,0.018351727190482555,1.6197996681390944e-09
P06500,Good,0.0006281462588514446,0.9949999344137933,0.0043719193273553435
P03729,Excellent,1.3407550143452905e-09,0.018317946001977854,0.9816820526572672
P05173,Average,0.979942370473852,0.02005762929979095,2.2635707195433138e-10
P02382,Good,0.27882889622380663,0.7211702225542996,8.812218937565969e-07
P00119,Good,0.31188898850917895,0.6881104662940583,5.451967628133022e-07
P06762,Average,0.9999799515016762,2.004849832221607e-05,1.6166991106806096e-15
P07070,Good,0.018310244625928448,0.9816563123544073,3.3443019664286724e-05
P01496,Excellent,6.119112183630865e-20,1.6004967919572748e-07,0.9999998399503208
P06334,Good,1.2434703087027953e-05,0.8845256714012054,0.11546189389570764
P05904,Good,1.8976975846875823e-07,0.16363341553400076,0.8363663946962406
P06054,Good,1.9523423759079597e-05,0.8429707925839587,0.15700968399228227
P09819,Good,0.020093451683476805,0.9798668244499068,3.97238666163919e-05
P03101,Good,0.013772484042540053,0.9854442312850721,0.0007832846723879423
P01273,Good,6.592859580412795e-05,0.9115851229234261,0.08834894848076989
P02483,Excellent,1.3330471180269009e-11,0.0012291339963333991,0.998770865990336
P07148,Excellent,1.0208341475679983e-16,9.272001722113473e-06,0.9999907279982778
P02950,Excellent,1.9499157009957587e-16,2.285142420166989e-06,0.9999977148575797
P04156,Good,2.0444468953623837e-05,0.9408980349314688,0.059081520599577504
P03508,Excellent,1.1110256008648673e-13,0.0002711506238832908,0.9997288493760057
P03808,Good,0.6680328520416586,0.331966903596649,2.443616924334573e-07
P03021,Good,0.0024144932355697002,0.9973696039324271,0.00021590283200322046
P06606,Excellent,1.0963113086206859e-12,0.00042149943406583073,0.9995785005648381
P08159,Good,0.000694792107723274,0.9946101683892128,0.0046950395030638265
P04998,Average,0.9999999673745719,3.262542818759987e-08,7.902221374364264e-22
P00818,Good,7.984178578985228e-06,0.85650990944589,0.14348210637553108
P03713,Average,0.978888904940012,0.02111109454526422,5.147238413804558e-10
P09524,Good,0.010165271103619936,0.9897058913684562,0.00012883752792389424
P02605,Good,1.8634764640108363e-05,0.9096649602729829,0.09031640496237704
P01991,Excellent,6.718119734267861e-07,0.40805171079397223,0.5919476173940543
P00770,Excellent,4.803383069076947e-09,0.06565641483496823,0.9343435803616488
P04120,Average,0.9958167558244314,0.004183244126502135,4.906650806865065e-11
P05340,Excellent,3.6281415863879506e-12,0.0009758355982060802,0.9990241643981658
P09719,Good,0.5771676055494205,0.4228322259697062,1.6848087333420916e-07
P06637,Excellent,5.3917381132579885e-08,0.11999360142616236,0.8800063446564566
P02299,Excellent,5.208988550969918e-13,0.0006186988874348043,0.9993813011120443
P07463,Average,0.40259521844348056,0.597404456737595,3.248189244060423e-07
P01590,Good,7.360280852915325e-08,0.1133036865926954,0.8866962398044961
P08097,Excellent,1.3430578574078087e-07,0.3055668189628881,0.6944330467313261
P02132,Average,0.9999871577519566,1.2842248043129918e-05,1.7970576595561455e-16
P08417,Good,0.5023793143599414,0.4976156888321331,4.99680792545854e-06
P06896,Good,0.0005525080635221956,0.9919331663808496,0.007514325555628146
P08877,Average,0.9998364185067752,0.00016358149321051786,1.4339155321647952e-14
P00129,Average,0.9990002795437578,0.000999720455637426,6.046855491479771e-13
P09852,Good,1.858733747455773e-05,0.5316511962234045,0.46833021643912087
P04840,Average,0.9998195907149581,0.00018040928502251148,1.9497677295170266e-14
P08425,Good,0.000321136514612489,0.9909845710016237,0.008694292483763738
P00499,Good,0.22148460007587015,0.7785100652045177,5.334719612110558e-06
P09838,Excellent,1.8766887366042583e-10,0.004440095674305123,0.995559904138026
P01048,Good,0.00045318263858997154,0.9915869974827455,0.007959819878664688
P04723,Good,5.166572542276172e-06,0.37811516261016503,0.6218796708172927
P07997,Average,0.9980072086864671,0.0019927912994718053,1.406119558272108e-11
P06655,Good,1.4073398655674385e-08,0.19240817946038005,0.8075918064662214
P05943,Excellent,2.40255415252491e-17,2.8797253873642805e-06,0.9999971202746126
P06294,Good,6.330458040841733e-05,0.9501847179754345,0.04975197744415716
P05580,Good,3.472287264819899e-05,0.945309344355626,0.05465593277172583
P06327,Good,6.36485685343551e-07,0.3174598874431125,0.6825394760712022
P07386,Good,0.09030286878291727,0.9095831788565035,0.00011395236057915303
P09369,Excellent,1.2066968628770623e-15,1.3298002408769336e-05,0.9999867019975901
P07792,Average,0.9937147412284348,0.006285258673403607,9.816170927985711e-11
P05481,Average,0.9998936352992438,0.00010636470075052067,5.508230651562652e-15
P09280,Average,0.9997252363344169,0.00027476366551295277,7.01271436870827e-14
P07903,Average,0.9993726149355076,0.0006273850643199136,1.7252174841673449e-13
P06648,Excellent,1.3186391053277685e-07,0.09040732933005614,0.9095925388060334
P07337,Average,0.9999999803545921,1.9645407728478254e-08,1.1500014683838297e-21
P07719,Average,0.9433965637768377,0.05660341568554595,2.0537616328333897e-08
P02909,Good,0.004226302578196427,0.9945272837712612,0.0012464136505423115
P02317,Average,0.6687674577899799,0.3312324785312484,6.367877176374528e-08
P03172,Average,0.8250354134026171,0.1749645778203474,8.77703552719569e-09
P05148,Excellent,5.906854470916446e-17,4.649008903152752e-06,0.9999953509910968
P05960,Excellent,2.7086370561784152e-14,5.5296439343525895e-05,0.9999447035606295
P09055,Average,0.9964045702666859,0.003595429702595855,3.071825346179327e-11
P09548,Excellent,1.197808044988222e-07,0.20246673854473332,0.7975331416744622
P02141,Good,0.017468760173255236,0.9823611247739842,0.00017011505276045793
P01317,Excellent,3.050075050560997e-17,2.345614863154974e-06,0.9999976543851369
P03413,Excellent,1.335678052661888e-06,0.5078527328750847,0.4921459314468626
P02019,Good,1.1987895138229033e-05,0.827083568651986,0.17290444345287578
P02693,Good,0.00010978633445951317,0.9621182566397731,0.037771957025767425
P09685,Excellent,1.5738779865405914e-16,3.4626743734537217e-06,0.9999965373256263
P05480,Average,0.8203894886699667,0.17961047836604993,3.2963983492274824e-08
P05858,Good,0.0001705621171172596,0.968045598701923,0.03178383918095969
P07656,Excellent,1.0066152643153944e-15,1.0514619974201124e-05,0.9999894853800245
P08807,Average,0.967091557581626,0.03290844080430352,1.6140704333029076e-09
P09442,Good,0.4677790968522502,0.532220302963362,6.001843878449806e-07
P06411,Good,2.0700486689286666e-06,0.6356490099987685,0.3643489199525625
P08115,Excellent,9.01772338938088e-14,7.970545796714633e-05,0.9999202945419428
P01855,Excellent,8.901771790265164e-09,0.06424796608516195,0.9357520250130662
P07840,Excellent,8.162860539360415e-08,0.10727885270411128,0.8927210656672834
P08493,Good,0.0011185284880489313,0.9926902510576482,0.0061912204543029615
P06587,Excellent,4.0394315472270543e-10,0.011656934908687345,0.9883430646873693
P08194,Excellent,1.8393671664910315e-07,0.1724120560738231,0.8275877599894603
P03973,Good,0.0012487283561839618,0.9923498052185805,0.006401466425235452
P07950,Excellent,1.216023873994567e-07,0.20332437189860256,0.79667550649901
P05390,Excellent,2.1926798534407516e-05,0.968063650211919,0.031914422989546526
P08264,Good,0.001249166224566029,0.9934346496167957,0.005316184158638208
P03495,Excellent,6.732386016450205e-21,1.795675624710577e-08,0.9999999820432438
P06376,Good,0.004063777109640072,0.9957697073666606,0.00016651552369924207
P02187,Good,4.368893052592475e-07,0.18373812105145296,0.8162614420592418
P02343,Good,0.0005142595264398061,0.9950106843957071,0.004475056077853059
P04498,Good,0.01116924665635638,0.988679908319193,0.00015084502445065522
P02143,Good,0.8123103027393926,0.1876893280305927,3.6923001477622155e-07
P05294,Good,0.708845820208315,0.2911540232546505,1.5653703456021606e-07
P07113,Good,0.00072919197632413,0.9858496573176824,0.013421150705993397
P00197,Average,0.8955745960874367,0.10442538152914893,2.2383414286032695e-08
P01788,Average,0.9999999999999725,2.7424883282212357e-14,7.831448038949899e-35
P00497,Excellent,3.158980822986935e-15,1.9640885308870208e-05,0.999980359114688
P01717,Good,0.007896350974165876,0.9919996183428419,0.0001040306829922401
P02915,Good,0.0010786702551076539,0.9985611031195878,0.00036022662530449536
P06223,Good,4.529686086837175e-05,0.9041607048642347,0.09579399827489686
P01360,Good,1.2689518192493448e-07,0.1706204356809403,0.8293794374238778
P08527,Excellent,6.285551743528197e-06,0.5227490336610704,0.47724468078718596
P03464,Average,0.2979251597128185,0.7020736514722529,1.1888149285730677e-06
P07106,Average,0.9999826211180659,1.7378881933366904e-05,6.777273242151302e-16
P04683,Good,0.04048117926390918,0.9594453274862278,7.349324986305365e-05
P00157,Good,0.070423445973628,0.9295567439089473,1.9810117424891982e-05
P07363,Excellent,1.8731489779407085e-17,1.4232011087350545e-06,0.9999985767988913
P01024,Excellent,4.3998834360310384e-11,0.005110146149982571,0.9948898538060186
P06072,Average,0.9999999952812009,4.718799172115957e-09,1.8607257951527628e-23
P01653,Excellent,8.936974977829943e-10,0.0118456222244926,0.98815437688181
P05226,Good,2.335498024717423e-05,0.9444502079764159,0.055526437043336964
P05730,Good,0.3062834503346056,0.6937064506879401,1.0098977454330173e-05
P04655,Excellent,9.024521970117046e-13,0.0006558399023646149,0.9993441600967329
P04691,Average,0.984345453364579,0.015654546114220274,5.212007141022075e-10
P01207,Excellent,2.3690566987851843e-17,2.1591922154944723e-06,0.9999978408077846
P03355,Excellent,5.34472033932307e-15,2.1775721550304143e-05,0.9999782242784444
P01126,Average,0.5765448448455939,0.4234539422759907,1.212878415341983e-06
P03536,Good,0.8352545230276786,0.16474538712132045,8.985100110996165e-08
P00109,Excellent,1.7464527481819594e-17,9.943374069686852e-07,0.999999005662593
P03493,Average,0.8106402008896764,0.1893597834886049,1.5621718677736034e-08
P01634,Average,0.9999999929087711,7.0912288867327565e-09,2.3955007355052336e-24
P06623,Good,4.703084986902113e-05,0.9136396062493007,0.08631336290083032
P08803,Average,0.9974921752695488,0.0025078247295534134,8.977912544101707e-13
P01397,Good,0.25857782825028197,0.7414196537081744,2.5180415435293332e-06
P00536,Excellent,9.492434881890415e-13,0.000248366419198334,0.9997516335798525
P06073,Good,0.5671993406809113,0.43280014546758755,5.138515011617226e-07
P05172,Excellent,6.732827749405282e-11,0.0027292111732433516,0.9972707887594285
P02290,Excellent,2.097232304365322e-15,6.096597597452338e-05,0.9999390340240235
P03829,Good,0.04072358272653099,0.959259549767211,1.686750625809018e-05
P01903,Average,0.9999815514253612,1.8448574638729006e-05,2.3831560791357714e-16
P06673,Good,0.004727236531119751,0.994821046344456,0.00045171712442427034
P06222,Excellent,1.8007975291200553e-15,2.2219410812715936e-05,0.9999777805891855
P09078,Good,0.009503793462880921,0.9902547935009679,0.00024141303615128108
P04062,Average,0.9999987178824716,1.2821175284126114e-06,1.9134087346386493e-17
P08879,Good,0.007696847520878966,0.9914994210301442,0.0008037314489767928
P01481,Good,0.0008616663262790496,0.9954635690927213,0.003674764580999682
P06865,Good,0.45782886407607887,0.542170895955022,2.399688990236089e-07
P00916,Good,0.0035835135341309573,0.9954703198616591,0.0009461666042099135
P06901,Good,0.038242550124797485,0.9615634216794778,0.00019402819572469625
P08622,Average,0.40759275802890454,0.5923991032177186,8.138753376859263e-06
P04529,Good,9.64796288531481e-06,0.7779350084795693,0.2220553435575454
P09272,Excellent,1.5952478765660765e-17,1.1393583709806757e-06,0.9999988606416291
P04374,Good,0.024179160284123553,0.9757332953017266,8.754441414981714e-05
P06195,Good,0.02909775247843681,0.9708923433434886,9.90417807449283e-06
P04597,Excellent,4.143184480878723e-10,0.012496198774687611,0.987503800810994
P03127,Average,0.9999989252238665,1.0747761336183207e-06,1.4203731278490472e-19
P07329,Average,0.7680964610882286,0.23190310837902275,4.3053274863896883e-07
P02722,Good,0.09758474606466247,0.9024028196442754,1.2434291062220746e-05
P01138,Good,0.000873541120959702,0.9860521681447469,0.013074290734293323
P08973,Good,1.0234803934677116e-05,0.850414161081802,0.14957560411426338
P03726,Good,0.5198394600979805,0.48015737537527386,3.1645267455493287e-06
P00634,Good,1.1032728433498713e-08,0.10731456615990219,0.8926854228073694
P08109,Excellent,1.5976910624079683e-12,0.0009023002849931621,0.9990976997134091
P09176,Average,0.99555839730653,0.00444160268819416,5.275725470722167e-12
P07941,Good,9.045755384794299e-08,0.09498098611597659,0.9050189234264696
P04952,Good,0.0011279132460870957,0.9962437371342521,0.002628349619660914
P08702,Good,8.28576258869213e-06,0.4302388719573469,0.5697528422800645
P01976,Good,1.4769344463060478e-06,0.40282702653517566,0.597171496530378
P08081,Good,0.11925716754990044,0.8807100939199284,3.2738530171107656e-05
P00176,Excellent,6.81289164265806e-11,0.0034666814452085025,0.9965333184866625
P02086,Excellent,3.303677244176975e-15,5.035136487834024e-05,0.9999496486351184
P00861,Excellent,3.615720600343535e-11,0.0030473899204242765,0.9969526100434186
P05368,Average,0.9674947165085643,0.032505277259535274,6.2319003491480425e-09
P05070,Excellent,2.0728243809600508e-14,6.171586259370217e-05,0.9999382841373856
P07437,Average,0.9999895550360246,1.0444963975068135e-05,2.2655156882138443e-16
P07485,Excellent,7.86358094966333e-12,0.004210789434651581,0.9957892105574848
P01389,Excellent,1.5369917846002448e-17,1.953754196160537e-06,0.9999980462458038
P08399,Good,0.00020721882536884863,0.9860301733548544,0.013762607819776649
P07307,Excellent,3.7119846144206714e-06,0.3445464560811569,0.6554498319342288
P06069,Good,0.00023158586839168324,0.9748836644285578,0.024884749703050657
P01681,Average,0.9632352269078066,0.0367647692148948,3.877298608931793e-09
P01830,Excellent,2.359169387204761e-06,0.5825723469666426,0.4174252938639702
P04813,Good,0.00019330600192776277,0.9881048009973518,0.011701893000720364
P09839,Good,2.0353213906778134e-05,0.7648740655797025,0.23510558120639072
P07335,Excellent,1.633053543082431e-05,0.6324958419968602,0.36748782746770897
P08724,Good,0.019801290841859606,0.9801518144037187,4.689475442171415e-05
P06987,Excellent,7.930245820212419e-16,1.5451692098552796e-05,0.9999845483079005
P09803,Average,0.8053070080418393,0.1946927799577806,2.1200038007451669e-07
P07228,Excellent,1.3765844680063725e-18,5.113766591759614e-07,0.9999994886233409
P00886,Excellent,1.0778010162271244e-10,0.009061402506354134,0.9909385973858658
P05307,Average,0.9632177286621655,0.03678226872513213,2.612702483874777e-09
P01997,Good,0.0021656832457286656,0.9931453188462662,0.004688997908005156
P00438,Average,0.9437420964922275,0.056257900356457086,3.1513153889005067e-09
P09905,Good,0.0004965042489727375,0.9924388799499061,0.007064615801121301
P07760,Excellent,2.364556677253057e-18,5.033188929871701e-07,0.999999496681107
P00643,Excellent,1.6252067353344504e-14,1.4702974662545673e-05,0.9999852970253211
P00298,Excellent,6.031595967691572e-08,0.1829319119733694,0.8170680277106709
P00178,Excellent,1.9170188990697156e-15,1.863980218495686e-05,0.9999813601978131
P00832,Average,0.9998190812548835,0.00018091874508865624,2.777933869138754e-14
P01149,Excellent,1.4674553805587117e-19,7.970458829323584e-08,0.9999999202954116
P01578,Average,0.9999999990586554,9.413444535272873e-10,3.6600180412821055e-26
P00572,Good,0.012260978459963127,0.987541746140258,0.00019727539977875696
P05059,Excellent,4.780541899772955e-10,0.00497620559854848,0.9950237939233973
P08857,Good,0.006005667621025708,0.9936682903917593,0.0003260419872150371
P07655,Good,0.08286695250084045,0.917126181973624,6.865525535500462e-06
P05402,Good,0.00016127760735447705,0.9737317466632626,0.02610697572938289
P07303,Average,0.9998124823573115,0.00018751764261061517,7.790785516567399e-14
P03987,Average,0.9999512425457021,4.8757454297007525e-05,9.960941569933375e-16
P03117,Good,0.0034286858721853295,0.9939845403992441,0.0025867737285705
P07791,Average,0.9824268730264718,0.017573125027772654,1.9457554620320405e-09
P02156,Excellent,1.8068047868611203e-24,4.578844645599111e-10,0.9999999995421156
P06458,Average,0.9525125552585265,0.047487438133514304,6.607959382791617e-09
P01598,Good,0.0004814374185932431,0.9865336643460237,0.012984898235383147
P01387,Excellent,6.593418761715716e-08,0.12788054656855616,0.8721193874972564
P00600,Excellent,1.6373581900763076e-08,0.05970157908115701,0.9402984045452611
P00485,Good,0.515586626611762,0.48441281429880195,5.59089436154794e-07
P04027,Average,0.9958768638414491,0.004123136096898917,6.16519383341362e-11
P07588,Good,0.007461218943196398,0.9919979089793451,0.0005408720774584477
P01930,Good,0.0023089468908617924,0.9946373507931627,0.0030537023159755076
P07417,Good,0.0011183704041794423,0.9970671050086876,0.0018145245871328706
P00072,Good,0.07935209568321777,0.920639140794256,8.763522526231894e-06
P02848,Excellent,2.0601113793552616e-07,0.20037768073677398,0.7996221132520881
P00117,Excellent,4.50903270084561e-15,3.0419169858240057e-05,0.9999695808301372
P07188,Good,0.0018023652959227856,0.9979813750290729,0.00021625967500421832
P08273,Good,8.320948299235383e-06,0.7695314044304657,0.23046027462123506
P04928,Good,0.2568651094909364,0.743117354909128,1.7535599935664512e-05
P00574,Average,0.6253819553275394,0.37461735563152865,6.890409319373272e-07
P05190,Excellent,9.843488362163424e-08,0.11224582637685425,0.8877540751882622
P03079,Average,0.999885800496542,0.00011419950342772382,3.0403465052967254e-14
P06844,Excellent,6.092110132632292e-19,2.681348655073045e-07,0.9999997318651346
P06442,Good,0.1490209357200206,0.8509565828374439,2.2481442535479653e-05
P07209,Excellent,3.77789151251015e-16,1.2028644776918828e-05,0.9999879713552227
P08583,Average,0.9998883635203754,0.00011163647959093824,3.3691367697012694e-14
P03098,Good,0.48543543264537153,0.5145640435814957,5.237731327362556e-07
P07060,Excellent,1.961485027321208e-09,0.01857829341414795,0.981421704624367
P07885,Excellent,1.8463688514234786e-10,0.004640420257783966,0.9953595795575793
P09509,Good,0.00048786657024414676,0.9931066266542962,0.006405506775459718
P00415,Good,0.4604120623808605,0.5395875933838905,3.4423524901448325e-07
P07214,Excellent,7.313481775981186e-10,0.015759323589795923,0.9842406756788558
P09516,Excellent,1.3895953442996636e-20,5.668679109055864e-08,0.9999999433132088
P03350,Excellent,4.795953638631485e-14,0.0001222189836142585,0.9998777810163377
P04958,Excellent,1.2180590102746045e-06,0.10719758384948862,0.8928011980915009
P07621,Average,0.9151718022512736,0.0848281880598996,9.688826809899995e-09
P00816,Average,0.9999999928215264,7.178473593567666e-09,3.539675938546344e-22
P00106,Average,0.9994450900685357,0.0005549099307005367,7.638547932735396e-13
P05239,Good,0.0062570044151125815,0.9934361408048278,0.00030685478005974083
P01477,Excellent,2.3659533387685755e-06,0.3459078403277367,0.6540897937189245
P04872,Good,0.0001592259103037581,0.9949018560066714,0.004938918083024945
P07639,Good,0.0004902677776899064,0.9977198965770773,0.0017898356452329249
P04622,Good,3.6157219715716554e-05,0.9530676116621182,0.04689623111816598
P07767,Good,0.8246010365223674,0.17539887106478697,9.241284568905613e-08
P00510,Average,0.992790623713597,0.007209376229299328,5.710357844006905e-11
P08245,Average,0.6273384641889881,0.37266141520898427,1.2060202758415273e-07
P04656,Average,0.5975195320110966,0.4024797176241846,7.503647187748781e-07
P07029,Good,4.332241242102772e-06,0.5012077002677057,0.49878796749105225
P09457,Good,3.888908849850106e-06,0.5775684518561425,0.42242765923500775
P04129,Good,0.00016094807900699184,0.858539415988041,0.14129963593295197
P05300,Good,4.3859842122971143e-05,0.9188963378135487,0.08105980234432819
P03194,Good,0.9525809003226723,0.04741909655503823,3.122289473831641e-09
P05890,Average,0.9537281222088935,0.04627187039459142,7.396514920520402e-09
P03256,Excellent,2.465221907242197e-11,0.0036057506490514003,0.9963942493262965
P08994,Good,0.3594102295108262,0.6405893344976115,4.359915623055211e-07
P09649,Good,0.0022545127593680023,0.9965267707575437,0.0012187164830882763
P00495,Good,2.008688717863075e-05,0.8120763526436143,0.18790356046920695
P04925,Average,0.9998450774348745,0.00015492256502670974,9.882107191365733e-14
P03436,Excellent,5.002582609977086e-23,1.7781959360647393e-09,0.999999998221804
P02435,Excellent,3.7441131737300886e-19,2.9772980340828844e-07,0.9999997022701965
P01649,Excellent,5.309330927816775e-15,2.429169512375351e-05,0.9999757083048709
P03776,Good,3.648285764999953e-05,0.903595771028943,0.09636774611340718
P08289,Good,0.009962544233346225,0.9900084366160423,2.9019150611531667e-05
P09337,Excellent,1.5647566858235798e-08,0.02826288172373891,0.9717371026286941
P01199,Good,0.005838435783268047,0.9939569145993056,0.0002046496174263316
P08492,Average,0.9962231647522473,0.0037768349763405277,2.7141216358339853e-10
P00458,Good,0.0048326517734176636,0.9950701703527964,9.71778737858507e-05
P05204,Average,0.9999999998189746,1.8102536176566637e-10,2.1116361370912974e-27
P09911,Excellent,9.827416454755289e-18,7.268798349623024e-07,0.9999992731201651
P08288,Excellent,4.032483823107153e-18,5.713140606186631e-07,0.9999994286859395
P00889,Good,0.39506783112310323,0.6049280920344131,4.076842483712216e-06
P01202,Good,0.018707326427879742,0.9812653272876458,2.734628447438078e-05
P06777,Excellent,8.810544239424988e-11,0.005532658053275193,0.9944673418586194
P03214,Good,9.8847017136568e-06,0.864180240086905,0.13580987521138138
P09807,Excellent,9.919891371962237e-09,0.08557164801150308,0.9144283420686056
P05977,Excellent,2.010958677927871e-07,0.35694656922874557,0.6430532296753866
P01934,Excellent,1.5790348124857261e-09,0.0305120808967389,0.9694879175242264
P09048,Excellent,1.9664190759024745e-11,0.0013824936952650732,0.9986175062850708
P03721,Good,0.00012555792417710777,0.9901011237950592,0.009773318280763723
P05829,Excellent,4.1639404046248685e-12,0.0007992770759268669,0.9992007229199092
P01973,Average,0.9999886272655674,1.1372734432305728e-05,1.932572530056369e-16
P08406,Excellent,3.547944320603493e-12,0.0014487085596467403,0.9985512914368052
P07083,Good,0.3444753119795307,0.65552349847782,1.1895426493374063e-06
P07926,Good,0.2743375992503379,0.7256617468951174,6.538545447080732e-07
P06380,Excellent,1.3035860259373293e-20,5.702978948507117e-08,0.9999999429702106
P06573,Average,0.9880564991445319,0.01194350074733332,1.0813479891694991e-10
P04514,Good,0.45507259451151993,0.544922030994633,5.374493847081156e-06
P05959,Good,0.034360584291983985,0.9653153434092284,0.0003240722987875669
P05888,Good,6.066671071800913e-05,0.975344749979651,0.024594583309630914
P09463,Good,0.24146751359080013,0.7585219086714083,1.0577737791631893e-05
P05964,Average,0.9999816609697999,1.8339030198289326e-05,1.7647560314638316e-15
P04841,Excellent,5.530896054720698e-11,0.006298198147483401,0.9937018017972077
P07604,Good,5.817721183779821e-05,0.9596480913941733,0.040293731393988834
P02614,Excellent,5.369058108954962e-13,0.0008565409150486285,0.9991434590844146
P04973,Excellent,8.753054870094168e-09,0.15840594108892767,0.8415940501580175
P07179,Good,0.0010229452869546208,0.9903772470416924,0.008599807671353012
P07432,Good,0.0011150662285837228,0.9965876179527944,0.002297315818621798
P06091,Excellent,7.092573084758594e-05,0.940343661984494,0.059585412284658364
P03139,Excellent,5.855454891194184e-08,0.1656144885429222,0.8343854529025289
P05348,Excellent,7.410548461633352e-14,0.00013582370053162354,0.9998641762993943
P06086,Excellent,6.860797385183854e-13,0.00025575854796855646,0.9997442414513452
P09716,Excellent,8.31053772536157e-17,3.499724552543391e-06,0.9999965002754475
P08812,Excellent,2.1875925509809883e-05,0.9591162796981897,0.040861844376300416
P06532,Excellent,4.4573590667392813e-14,6.18031750900089e-05,0.9999381968248654
P01951,Average,0.9996134112684567,0.00038658873144056745,1.0284673162060055e-13
P00196,Good,0.0030078494263516367,0.9953009719260165,0.0016911786476317614
P04194,Average,0.999994774665003,5.2253349969685365e-06,5.8071549174832856e-18
P09228,Average,0.9999999944851892,5.514810853713735e-09,9.209715863620655e-25
P03892,Excellent,1.610592340930614e-12,0.001123444680502033,0.9988765553178872
P03245,Excellent,2.308275481936144e-12,0.000897274301007179,0.9991027256966846
P04994,Good,0.009014320645735124,0.9908428145438154,0.0001428648104494246
P06816,Good,0.009417511121492052,0.990445807378288,0.00013668150021998567
P03171,Excellent,6.186867393677983e-19,3.083436424554932e-07,0.9999996916563576
P01879,Excellent,3.622064835158627e-11,0.0017652272390347975,0.9982347727247446
P05458,Good,0.0016796337685611202,0.9950893904420741,0.0032309757893647876
P06499,Excellent,1.0931396130351075e-14,5.2834265120678154e-05,0.9999471657348685
P08995,Good,0.005987984013580358,0.9936183772216388,0.0003936387647808435
P02278,Average,0.9754401833739075,0.02455981581466859,8.114239128724102e-10
P00457,Excellent,4.927033416395405e-10,0.016578024217485037,0.9834219752898118
P00006,Average,0.9956742188589197,0.004325781135814054,5.266308469455481e-12
P00724,Good,0.00016135019467627658,0.9969523427816862,0.0028863070236375445
P01883,Good,0.09732751424165739,0.9026604794062787,1.200635206394772e-05
P06650,Excellent,7.407072992378296e-11,0.0016732343352674416,0.9983267655906618
P01589,Good,0.0003197000194777956,0.9746619328016436,0.02501836717887858
P01005,Good,0.0011705012018080763,0.9982221505454184,0.000607348252773407
P04040,Good,0.002616513394348625,0.9937785119165343,0.0036049746891170524
P05604,Good,0.0008099596304335426,0.9988282303174406,0.0003618100521259187
P07548,Excellent,6.961165579661889e-17,5.257419451101235e-06,0.9999947425805489
P08171,Average,0.9988674249149007,0.0011325750808284917,4.270896868046316e-12
P02750,Good,0.3653132663899075,0.6346772106518443,9.52295824815363e-06
P05691,Average,0.999999997247083,2.7529169156669984e-09,1.5997097343131347e-23
P02020,Excellent,7.687603228965142e-09,0.035912301318570525,0.9640876909938263
P08450,Excellent,7.106244889760916e-18,2.0692195950951007e-06,0.999997930780405
P00743,Excellent,5.808923064081125e-19,3.1803621294999433e-07,0.999999681963787
P05084,Excellent,3.5836070934050053e-09,0.029765839127489882,0.9702341572889032
P04342,Good,0.0001439262797505495,0.992748269856955,0.0071078038632944795
P03662,Average,0.8150565969446263,0.18494331287586702,9.017950673176354e-08
P09319,Excellent,4.450868595846822e-13,0.0003230445370808528,0.999676955462474
P06618,Excellent,1.1905082720615314e-11,0.0011009720100640988,0.9988990279780309
P00892,Good,1.0885813585703051e-06,0.31204364344512053,0.6879552679735209
P04512,Average,0.9943832084972956,0.0056167913998858565,1.0281844584325417e-10
P04401,Good,3.373967594168911e-05,0.9208201079949322,0.07914615232912604
P07150,Average,0.8689597167287199,0.13104027395628404,9.31499626855076e-09
P07452,Excellent,2.9795875956887893e-16,1.8686685595371182e-05,0.9999813133144045
P04981,Excellent,3.235905693881571e-08,0.10398108228811713,0.8960188853528259
P04022,Excellent,6.500500200676152e-16,1.3524539196385401e-05,0.999986475460803
P06670,Good,0.8408704294360868,0.1591293862044315,1.8435948153704696e-07
P03488,Average,0.8495193316628813,0.15048065161304605,1.672407276807023e-08
P06782,Good,0.18685736139022074,0.8131129677086991,2.967090108005638e-05
P09897,Excellent,1.3425567846479574e-12,0.0003710049766801885,0.9996289950219771
P06507,Average,0.8704797257122444,0.1295202502511112,2.403664426852947e-08
P08636,Excellent,1.0217554261693864e-08,0.06442137620524736,0.9355786135771983
P01919,Good,0.7347544570339094,0.2652450810844829,4.618816077305121e-07
P03810,Good,0.00018247337957318107,0.9949308121877893,0.0048867144326374635
P07859,Average,0.9640315640618327,0.03596843260130028,3.336867110499494e-09
P08632,Good,0.27125336525451604,0.7287304797867967,1.615495868728993e-05
P05012,Good,0.6251957099614273,0.3748035949181564,6.95120416375988e-07
P00858,Good,0.02084385052732101,0.9790529219299963,0.00010322754268261357
P01912,Good,4.2536551568981183e-05,0.7289302724110249,0.27102719103740613
P00543,Excellent,5.886227374930882e-07,0.21355044745435894,0.7864489639229038
P05718,Good,0.09343873998995336,0.9064421159693883,0.00011914404065826766
P08350,Good,0.2418691577804887,0.7581231221019029,7.72011760835452e-06
P03984,Excellent,2.1141754263866133e-18,2.4751376414682664e-06,0.9999975248623586
P03707,Good,0.0009463527364579372,0.9975789397349334,0.0014747075286087618
P05647,Good,0.0016731053941507412,0.9965439720027909,0.0017829226030584597
P09996,Good,0.4284094376593476,0.5715902959311198,2.6640953272201937e-07
P00406,Good,0.0016309498982582768,0.9982507679569762,0.00011828214476558727
P06034,Average,0.9770695540428888,0.022930434044033568,1.1913077814567945e-08
P00793,Good,2.307975912890855e-05,0.8595293014379382,0.14044761880293297
P06601,Good,1.897351377171798e-07,0.5759846932675854,0.424015116997277
P08317,Good,0.2578843292474638,0.7421130624733906,2.6082791455822133e-06
P00601,Excellent,5.985985352054639e-10,0.027214656492088287,0.9727853429093133
P07590,Average,0.8458856522252943,0.1541143440965908,3.678115001513388e-09
P02960,Average,0.9999534262027409,4.657379725711433e-05,2.054947459952485e-15
P04355,Good,4.6399389583495835e-05,0.945448544071106,0.054505056539310565
P06879,Good,0.0027746820808123183,0.9967959678661534,0.0004293500530342023
P04348,Good,0.5903354299238359,0.4096639380555984,6.320205656434882e-07
P06603,Good,0.000656228648731973,0.9975536155281589,0.0017901558231092382
P04212,Good,0.013320713076565462,0.98651787982816,0.00016140709527455828
P08549,Average,0.9999999403332691,5.966673087838689e-08,3.608438457588121e-20
P06825,Good,0.00019910208895818892,0.9912191231517663,0.008581774759275662
P06391,Excellent,2.711292616388593e-11,0.0011935051564745415,0.9988064948164124
P01053,Good,2.3412588789519533e-05,0.9684050491495519,0.031571538261658566
P01297,Excellent,1.331279023795028e-22,9.427791191218748e-09,0.9999999905722089
P03574,Excellent,1.4070593602478714e-11,0.00489059036648622,0.9951094096194432
P02054,Excellent,1.0941228688972348e-08,0.09213279951815147,0.9078671895406197
P08947,Good,6.713110628212563e-08,0.13777241208772778,0.8622275207811659
P07462,Excellent,1.8872286075065684e-09,0.03355649044672626,0.9664435076660453
P08191,Good,0.0971779910164605,0.902760217777397,6.179120614254126e-05
P04339,Excellent,9.297174356556145e-09,0.02283682469671034,0.9771631660061154
P08882,Excellent,7.424864097841853e-13,0.000669672261271393,0.9993303277379862
P08990,Good,0.02654433124951412,0.9733548898472247,0.00010077890326123191
P05606,Excellent,6.795849269808685e-08,0.16446044298459017,0.8355394890569172
P09564,Excellent,2.0821692655790464e-08,0.06716716391294514,0.9328328152653622
P04781,Average,0.9999979247835429,2.0752164571956556e-06,1.0981822170412972e-16
P06090,Excellent,1.5256168704916315e-12,0.00025471631188779005,0.9997452836865864
P07092,Good,0.010921795250732341,0.9889405568887594,0.0001376478605081271
P03181,Good,7.341224283793587e-09,0.02708791168650781,0.9729120809722678
P04051,Excellent,1.712987083735944e-15,1.2652083100961137e-05,0.9999873479168973
P02744,Average,0.3094523435274248,0.6905352946601577,1.2361812417539857e-05
P07261,Good,0.27323423611400854,0.7267643479456778,1.41594031367645e-06
P02033,Good,5.977878463074582e-06,0.7592393184863743,0.24075470363516263
P06082,Average,0.9911736925533365,0.008826307359653212,8.701024501925869e-11
P07813,Excellent,5.730467695509875e-09,0.07449339384196207,0.9255066004275702
P01974,Good,0.012511229716466156,0.9872605881720519,0.00022818211148193296
P00907,Good,0.00027173889612805077,0.9799817167881821,0.019746544315689903
P06933,Good,0.0001148819767248108,0.9905491957873812,0.00933592223589398
P00784,Excellent,2.054248744236413e-08,0.0747836445789579,0.9252163348785547
P02581,Average,0.9992584062157285,0.0007415937833871849,8.842237029576851e-13
P00061,Excellent,2.512915006229421e-15,2.6939492267954627e-05,0.9999730605077296
P01338,Good,0.8978571098094346,0.10214287217888196,1.801168349195688e-08
P01604,Good,2.008403942051346e-07,0.2846616063311294,0.7153381928284764
P01842,Average,0.9999990646190487,9.353809511942984e-07,2.1608276282943306e-19
P03794,Average,0.997354019853915,0.002645980086809828,5.927516944304499e-11
P05244,Excellent,1.0057144331435143e-14,9.728949785989893e-05,0.9999027105021301
P03929,Average,0.9535403418056264,0.04645965098423008,7.210143550412211e-09
P04582,Good,0.00012429572614192807,0.9397815330723778,0.06009417120148044
P07242,Good,2.1621761775184947e-07,0.2357465825115238,0.7642532012708584
P06490,Average,0.9998906799337495,0.00010932006619001475,6.041942409658008e-14
P02900,Average,0.9783246957919761,0.021675302047371933,2.160651827014524e-09
P07444,Excellent,8.126286799058112e-16,7.82980694907342e-06,0.99999217019305
P02749,Average,0.9999999832302203,1.6769779634875877e-08,2.7596231919194245e-23
P02018,Good,0.0008644558137121928,0.9878204486593217,0.011315095526966096
P09765,Average,0.9993453041157336,0.000654695884118441,1.4800288802370678e-13
P00191,Average,0.9999968684679877,3.131532012233754e-06,9.52656333414744e-17
P04359,Excellent,1.0263244015129912e-14,2.6706110580065837e-05,0.9999732938894096
P06373,Average,0.9975938698697184,0.0024061301213745743,8.90699415806596e-12
P02785,Excellent,8.131612511600902e-15,0.00011871536453144118,0.9998812846354602
P08049,Good,0.851248063803155,0.14875172215195592,2.1404488912886005e-07
P06660,Excellent,1.2473122544799772e-06,0.309478690371175,0.6905200623165706
P00508,Average,0.9994708606946198,0.0005291393053416003,3.8597675220714373e-14
P01665,Average,0.9972562273105811,0.0027437726843410394,5.077990600443799e-12
P03783,Average,0.9999006379821024,9.936201788737373e-05,1.013272439420369e-14
P07166,Excellent,3.549436006316694e-09,0.023343945565709175,0.9766560508848549
P08364,Average,0.9999999863913294,1.3608670613458644e-08,4.548511463851744e-23
P07102,Excellent,3.413615176925028e-13,0.00027313378198266336,0.999726866217676
P09932,Good,0.9300938097981541,0.0699060940955216,9.610632426460046e-08
P04826,Good,2.684346842451656e-06,0.5971400779531215,0.40285723770003595
P09512,Good,3.185394561428394e-05,0.9396765606478937,0.06029158540649199
P08927,Good,0.7216100659273277,0.2783896467611204,2.8731155208875006e-07
P05052,Excellent,2.5086961848778767e-20,6.070153574815666e-08,0.9999999392984643
P00019,Excellent,7.558960991440645e-11,0.004356883225013352,0.995643116699397
P00313,Excellent,2.3329779191094623e-07,0.27874822123258264,0.7212515454696253
P03032,Good,0.0005710613251684885,0.9919409282180548,0.0074880104567766744
P01786,Average,0.9995436577941147,0.00045634220196282,3.922655813691774e-12
P03691,Good,0.24018560410334705,0.7598052145134973,9.1813831556676e-06
P06817,Excellent,4.5806379806836316e-07,0.35849138289987453,0.6415081590363274
P05278,Average,0.9997359331333302,0.00026406686640869596,2.6103894075141965e-13
P08582,Excellent,1.788474104563786e-18,8.302095486975524e-07,0.9999991697904513
P09635,Excellent,1.5679059762623306e-20,5.983994747357308e-08,0.9999999401600526
P00089,Excellent,5.686636813320952e-17,3.6727631204880746e-06,0.9999963272368795
P07906,Excellent,4.5463624121050243e-07,0.35613292007759295,0.6438666252861658
P03795,Average,0.7843518064881131,0.21564780156619623,3.9194569060612534e-07
P01213,Excellent,1.0727509153603305e-12,0.0007531375219506054,0.9992468624769766
P03855,Average,0.9714584772271115,0.028541522494624865,2.7826363044482684e-10
P03909,Good,0.11064919946032133,0.8893247599783908,2.6040561287825e-05
P08974,Good,0.00027563354953791665,0.996022018448608,0.003702348001853981
P06260,Good,0.02238228094006352,0.9775432631267686,7.445593316785987e-05
P01379,Average,0.431779625449156,0.5682196858325286,6.887183153228136e-07
P04718,Average,0.9999427004858401,5.72995141477682e-05,1.2062568720703595e-14
P06649,Average,0.9998965881064728,0.0001034118935103145,1.6975734198694967e-14
P05026,Good,2.3207085153199266e-06,0.6676659947715579,0.3323316845199268
P06813,Good,0.00019251342761765177,0.9769388897401449,0.02286859683223748
P02468,Excellent,1.945244775317982e-11,0.0014480637910374522,0.9985519361895102
P03375,Good,0.0007018265126739496,0.9965014032939298,0.0027967701933962166
P02938,Excellent,1.0325968017040598e-16,8.629838896217496e-06,0.9999913701611037
P07393,Average,0.9996448857110768,0.0003551142874282739,1.4948420569692215e-12
P05840,Excellent,4.654621398208043e-09,0.028598966696330944,0.9714010286490476
P03258,Excellent,2.163336611359496e-09,0.024351221638985145,0.9756487761976781
P04091,Good,0.11616136846961687,0.8838282903324883,1.034119789476887e-05
P02985,Excellent,1.837129996898602e-18,4.941751430145456e-07,0.999999505824857
P03394,Good,0.10505238381934674,0.8947889357674247,0.00015868041322859318
P07019,Average,0.9486655039357228,0.05133449393281772,2.131459390909203e-09
P05633,Average,0.8838610512715721,0.11613893143844758,1.7289980470321107e-08
P08058,Average,0.9876918378182814,0.012308162077694175,1.0402424843971456e-10
P00547,Excellent,5.847459503227661e-10,0.006502557196516794,0.9934974422187373
P07537,Excellent,4.788466901500918e-09,0.06902742019448248,0.9309725750170507
P00414,Good,0.0004602953841116696,0.9936206404575613,0.005919064158327151
P03348,Good,0.004824626496637821,0.9937375247237945,0.0014378487795677546
P08340,Good,0.0007238045467697166,0.9897543716684764,0.009521823784754016
P02818,Good,0.0015825995064525276,0.9917187640931652,0.006698636400382158
P06158,Good,0.0001619195009090524,0.9947359638874966,0.005102116611594379
P01042,Average,0.9573314721354014,0.042668527445757554,4.188411141775098e-10
P07554,Good,1.551854308109574e-05,0.8595342126400932,0.1404502688168256
P08140,Good,1.605481149284332e-06,0.7111275623707044,0.2888708321481463
P07842,Average,0.3806102523161347,0.6193874344491134,2.313234752022993e-06
P05944,Good,0.0016300295945758064,0.9975930248471655,0.0007769455582585978
P09518,Excellent,1.6932920436332156e-15,1.851865307847455e-05,0.9999814813469198
P00035,Good,0.04777756729173797,0.9521689866070276,5.344610123441589e-05
P08227,Excellent,1.7744609582612782e-12,0.0007280743791941215,0.9992719256190316
P07776,Good,1.1771955369589774e-05,0.8497223471148975,0.15026588092973295
P05082,Good,0.0003018098351482012,0.9699640523630583,0.02973413780179365
P05996,Average,0.9929038936160843,0.007096106322081244,6.183449086244928e-11
P04248,Average,0.9971993167274771,0.0028006832624280723,1.0094800177187554e-11
P04852,Excellent,4.0487633302516125e-17,4.632106624253958e-06,0.9999953678933758
P04258,Good,0.0009010301190615322,0.9946747690042635,0.004424200876675049
P04950,Excellent,1.9983805435044754e-15,2.122632529835716e-05,0.9999787736746997
P05789,Average,0.7572836613483517,0.2427162154278777,1.23223770780632e-07
P06523,Average,0.9926821339294967,0.007317865111848028,9.586551549248408e-10
P02914,Excellent,1.5274880478648476e-15,4.0858138152615284e-05,0.9999591418618459
P09234,Excellent,1.4995113834532026e-12,0.0023613038168882735,0.9976386961816124
P07308,Good,0.03866991759975824,0.9608389926982567,0.0004910897019850047
P03847,Excellent,1.9527606246126066e-11,0.003939178064117244,0.9960608219163553
P01033,Good,0.0003712835106771825,0.9900886051866958,0.009540111302626903
P03717,Good,0.03161871002662299,0.9682693601954906,0.00011192977788638362
P05037,Excellent,1.2143224354471882e-11,0.0009055133663697225,0.9990944866214869
P09893,Good,0.20898247170651485,0.7910129813931678,4.546900317368542e-06
P07520,Good,0.2547007016689414,0.7452915212311026,7.777099956055038e-06
P09621,Average,0.9963660447488325,0.00363395485777702,3.9339056057474493e-10
P09196,Average,0.9999999751640893,2.4835910763083197e-08,3.554626169674553e-22
P09077,Good,2.0762796547787892e-06,0.43069873147248544,0.5692991922478597
P09136,Excellent,2.424451280950926e-15,1.76933233489637e-05,0.9999823066766486
P03671,Good,0.00037374634239194563,0.9933752040013586,0.00625104965624942
P02838,Good,2.4757677934296272e-08,0.06308812903626594,0.936911846206056
P01603,Good,6.734560302335843e-05,0.8946672226539092,0.10526543174306738
P02479,Good,0.016776206483156392,0.9831551165532811,6.867696356249892e-05
P03134,Excellent,2.1497581128062652e-07,0.23774074438225018,0.7622590406419385
P06766,Average,0.9999150016099142,8.499839008345866e-05,2.2019955250666172e-15
P01876,Good,0.8011846235020968,0.1988153361774691,4.032043402551476e-08
P06793,Average,0.9992633621107234,0.0007366378881954542,1.0811509164244484e-12
P05529,Excellent,8.086464181825269e-10,0.015620125718608834,0.9843798734727448
P04330,Good,0.023505453508338613,0.9764465314211696,4.8015070491902375e-05
P06783,Good,0.0004907993583096881,0.9442625155923302,0.055246685049360054
P00280,Excellent,5.280860889232846e-07,0.7025702388202728,0.2974292330936383
P00786,Average,0.9999381934723031,6.180652769134542e-05,5.610947283931215e-15
P02700,Excellent,2.575126194137148e-15,2.8654142180786866e-05,0.9999713458578166
P09574,Good,0.0003252731751347912,0.9742022308783531,0.025472495946511967
P07200,Excellent,3.6630419414709916e-09,0.03370583637863005,0.9662941599583279
P04344,Good,0.16822010395050355,0.8317280717814886,5.18242680078509e-05
P02089,Excellent,2.405236970633748e-19,2.0747342650595764e-07,0.9999997925265736
P08262,Excellent,9.756313889865088e-09,0.043954215960337904,0.9560457742833481
P07409,Good,1.611768582470675e-06,0.7006274176558198,0.29937097057559775
P06137,Good,1.594091951395578e-05,0.8875140277794094,0.11247003130107662
P08005,Good,0.0014072131360793453,0.9975130375367555,0.0010797493271651611
P08576,Good,0.015015962533343556,0.9849545297849641,2.950768169227988e-05
P06703,Good,0.00015122023639320496,0.98989022883157,0.009958550932036795
P00520,Good,0.0005949026530750689,0.997379841859309,0.002025255487615905
P08339,Good,0.00017374319425446122,0.9717103311257878,0.028115925679957715
P05615,Excellent,1.2654296293563607e-23,1.3234711141199703e-09,0.9999999986765289
P01487,Average,0.9999831374511916,1.686254880826418e-05,7.701297914754903e-18
P07698,Excellent,9.798260472837635e-08,0.2180402343067695,0.7819596677106257
P09158,Good,0.1537411062115655,0.8462460062035275,1.288758490699186e-05
P07249,Good,6.621266031052456e-05,0.9758046668837825,0.024129120455906976
P09448,Average,0.9999708975401518,2.9102459846816746e-05,1.3653421958599495e-15
P00863,Average,0.3921091578896525,0.6078877143849547,3.127725392819082e-06
P00445,Excellent,1.513345410723603e-11,0.001922224447318105,0.9980777755375485
P04154,Good,0.005588825275788722,0.9937690042921763,0.0006421704320350854
P01385,Excellent,2.761500605525034e-06,0.5340385007622739,0.4659587377371206
P03174,Good,0.0001474103006870984,0.9952147065751538,0.004637883124159208
P00893,Good,0.002314132512316581,0.9973656454872769,0.00032022200040637925
P03615,Average,0.5216797781888928,0.4783194414816153,7.803294919928109e-07
P08694,Good,0.0007267688135219215,0.9916281579017094,0.007645073284768638
P03078,Average,0.9999999896807076,1.031929242004863e-08,5.543015079323805e-23
P07928,Good,0.01008539761248645,0.9897067257495266,0.00020787663798693286
P09500,Average,0.999998913938803,1.0860611968967624e-06,4.942201358480579e-20
P05225,Good,0.016049631724320147,0.9839356366206341,1.473165504584823e-05
P04467,Excellent,2.563998861852841e-22,3.07238351257279e-09,0.9999999969276165
P07470,Average,0.9975822449610778,0.0024177550198270035,1.9095135702429924e-11
P01797,Average,0.9999999085763708,9.142362920774726e-08,6.146954698373464e-21
P08515,Excellent,1.9326501395975707e-07,0.4313298892402784,0.5686699174947076
P01977,Good,3.532353613459178e-05,0.9840662167918827,0.01589845967198269
P04131,Average,0.9992693383415232,0.0007306616584392422,3.7394730967307117e-14
P06988,Good,1.207824674703894e-05,0.8233712683191393,0.17661665343411367
P08226,Good,0.04902487951151696,0.9509723203836534,2.8001048297665688e-06
P07880,Good,0.056223179255242305,0.943759613840664,1.720690409359969e-05
P00352,Good,0.6314913349907962,0.3685086407335731,2.4275630730751748e-08
P08916,Good,0.30060331649371214,0.6993956955039985,9.880022892640715e-07
P02521,Good,0.3038826863019894,0.696107621391773,9.692306237691858e-06
P05822,Good,0.005679692278731629,0.9941684721483234,0.00015183557294503732
P05229,Good,0.21166080437661144,0.7883366531752206,2.542448168023505e-06
P00030,Excellent,3.6704779968017195e-14,9.0709689473119e-05,0.9999092903104904
P03633,Average,0.9999612179974989,3.878200249721475e-05,3.692270030233236e-15
P04496,Good,0.0017128752418237032,0.9977582734405902,0.0005288513175861384
P07614,Good,3.969622010390305e-05,0.962952734126463,0.03700756965343312
P07881,Good,5.9751557415843785e-06,0.72719090932168,0.2728031155225785
P07146,Good,0.15844308805050158,0.8415543263260223,2.5856234760147302e-06
P03430,Excellent,1.4849608727710856e-13,0.00016210308688761757,0.9998378969129639
P02266,Excellent,4.1144884074253036e-12,0.0010408436203966144,0.998959156375489
P09873,Excellent,7.372532125427216e-14,9.461340698988262e-05,0.9999053865929364
P08686,Average,0.9999650940866189,3.490591338049148e-05,6.970037734911485e-16
P00340,Excellent,4.880849730050856e-16,6.915080012046648e-06,0.9999930849199874
P02461,Excellent,2.0585680848651303e-12,0.0009330823857553043,0.999066917612186
P04961,Excellent,1.3228355718987986e-10,0.004734522232503534,0.995265477635213
P03347,Excellent,3.2859597112216636e-20,1.2218326858615032e-07,0.9999998778167314
P03403,Good,0.02591181939959477,0.9739156507004383,0.00017252989996700623
P01913,Average,0.8537426742018609,0.14625732103900538,4.7591337057800265e-09
P05791,Excellent,2.7911587722460237e-10,0.014651587451341902,0.9853484122695423
P00145,Good,0.00014248201608829558,0.9906290098150133,0.009228508168898308
P04147,Excellent,2.28048736805526e-13,0.0003264613816148098,0.9996735386181572
P01511,Excellent,1.432574303787862e-18,5.192872946818676e-07,0.9999994807127054
P07606,Good,0.002427189142561914,0.9960483114565241,0.001524499400913986
P01098,Good,0.17717436017628121,0.8228240701712534,1.5696524654873002e-06
P05975,Good,0.8258511517040137,0.17414867737156967,1.709244166933795e-07
P03558,Average,0.9999999997815863,2.1841374401802968e-10,9.614084046770003e-28
P03964,Excellent,8.489242522248279e-07,0.27254756897503674,0.7274515821007111
P03562,Good,8.33944873736339e-05,0.9978780599002438,0.002038545612382572
P01262,Good,0.0059353116407857434,0.9939501276041599,0.00011456075505424023
P05956,Good,0.5405913661051648,0.459407751857875,8.820369602093556e-07
P01189,Good,0.005772027378788295,0.9942130357845114,1.4936836700374096e-05
P04184,Good,1.2191350510382855e-05,0.9817034843305289,0.01828432431896081
P01666,Average,0.39267140929500366,0.6073278458131269,7.448918694023361e-07
P08952,Good,0.0001624482955279288,0.9402816220188752,0.059555929685596865
P00236,Good,0.0011661781773846718,0.9985040551210554,0.0003297667015599027
P08925,Excellent,5.009559627384352e-10,0.0069452780594624515,0.9930547214395815
P08391,Average,0.9999118315447205,8.81684552758687e-05,3.605184525389814e-15
P03975,Good,0.0055857413277772515,0.9936124116119526,0.0008018470602700711
P00589,Excellent,2.5038431007748527e-16,1.7037865529142704e-05,0.9999829621344707
P02983,Excellent,4.20402727545516e-09,0.026306932041051594,0.9736930637549212
P08167,Good,3.6370293309055184e-06,0.6152950807978712,0.384701282172798
P00312,Good,0.013133288351503444,0.9866294009669916,0.00023731068150493337
P08645,Excellent,2.216425873922678e-11,0.0066789829667076766,0.9933210170111281
P03149,Good,0.07249396349283203,0.9274866913107703,1.934519639761386e-05
P05505,Good,8.557474435140632e-06,0.9103255249953371,0.0896659175302278
P03868,Average,0.9999999481026247,5.189737529322557e-08,1.969449029755849e-21
P05670,Good,0.00047098132187011567,0.9952496374239485,0.004279381254181431
P06454,Excellent,1.5403083668110898e-11,0.0018894319846643342,0.9981105679999326
P05715,Good,0.046331433788600954,0.9535391503245593,0.00012941588683980336
P08189,Excellent,4.453549611318117e-14,0.0001261164746487537,0.9998738835253067
P08362,Excellent,2.6321300279326506e-18,5.394937051789633e-07,0.999999460506295
P03388,Good,5.3135394148475934e-05,0.986288013701278,0.013658850904573567
P06335,Average,0.9999939580201069,6.041979893050323e-06,1.0387993751276228e-17
P00034,Excellent,1.0292670011585206e-06,0.6068149221767496,0.3931840485562491
P07974,Good,0.6534393443494093,0.34655999257549813,6.630750926041437e-07
P02495,Average,0.9999942063762337,5.793623766191565e-06,9.472132697090988e-17
P07728,Average,0.9988367493918977,0.0011632505915389211,1.656323568683308e-11
P04071,Good,7.297056541158587e-05,0.961808411208436,0.03811861822615247
P00955,Excellent,2.6602147700391707e-19,2.896283756128041e-07,0.9999997103716245
P08556,Excellent,2.9539954005753544e-07,0.664655045012411,0.33534465958804893
P09691,Average,0.9972487986826747,0.0027512012952819877,2.2043199777835193e-11
P01674,Good,0.0006204369887953418,0.9987826832569955,0.0005968797542092115
P05313,Average,0.9998935660711076,0.00010643392889119969,1.4209726503045788e-15
P06171,Excellent,9.752159703103592e-18,5.747707516701224e-07,0.9999994252292483
P04507,Excellent,1.4510446154566744e-09,0.021651600987950086,0.9783483975610053
P02240,Average,0.9998183334894978,0.00018166651044505762,5.721513082993121e-14
P03820,Good,0.0028218751570073374,0.9962789329063937,0.0008991919365990177
P07721,Good,0.00047142356066697303,0.9892849457636573,0.010243630675675689
P05370,Excellent,4.545558906705686e-19,5.067754921894661e-07,0.9999994932245079
P00542,Good,1.2780370735020592e-05,0.6594092465890824,0.3405779730401825
P04403,Average,0.9999996842453212,3.157546789101552e-07,9.137544376496109e-20
P08673,Good,0.7646353705878297,0.2353645286387679,1.007734024544664e-07
P04136,Excellent,2.759660889656889e-10,0.007782865952321095,0.9922171337717126
P04796,Average,0.9977501912039448,0.0022498087912562656,4.7988473610624445e-12
P05526,Average,0.9960382616551615,0.0039617383383056095,6.532715036555116e-12
P09651,Average,0.9999974577307632,2.5422692367313376e-06,2.7468423799293563e-17
P04425,Good,0.0033275563109270564,0.9954217609817938,0.001250682707279071
P05950,Excellent,3.60424109501552e-20,5.2682413608046615e-08,0.9999999473175863
P00158,Excellent,5.698249583887077e-08,0.07468480289958228,0.9253151401179219
P02778,Good,0.9537344634251252,0.046265524373975395,1.2200899132934253e-08
P02205,Excellent,4.5666205476858255e-14,7.508110375045717e-05,0.9999249188962037
P09892,Excellent,6.045456764776763e-11,0.013165408873202954,0.9868345910663426
P06216,Average,0.2594711937313553,0.7405272408153648,1.5654532798288812e-06
P07636,Average,0.9608468217454517,0.039153170262801816,7.991746702144064e-09
P00454,Excellent,3.8676876822919206e-23,1.3573807559565227e-08,0.9999999864261926
P02126,Excellent,1.0842352813348162e-10,0.011150789240875142,0.9888492106507014
P09581,Good,0.006237304207415194,0.9935793861090038,0.00018330968358110664
P02203,Average,0.9999690226533295,3.0977346656465366e-05,1.397023369744176e-14
P08409,Excellent,1.0708725630581761e-11,0.0007851580044472285,0.999214841984844
P09698,Good,9.490233991038864e-07,0.7930633353551136,0.2069357156214872
P06329,Average,0.9999925645794022,7.435420597710111e-06,1.0001110344116697e-17
P07761,Excellent,2.100765028189976e-10,0.015136491433092527,0.984863508356831
P02955,Excellent,1.373779044109434e-06,0.5992735491880359,0.40072507703292015
P04081,Good,0.00033165542190030276,0.9823196988774411,0.017348645700658645
P03578,Average,0.9988319447204745,0.0011680552769087564,2.6166122126895934e-12
P09085,Good,5.452121328242147e-06,0.6524646545566525,0.3475298933220193
P07011,Excellent,2.2742737502069213e-10,0.006354448418826576,0.9936455513537459
P04033,Good,0.12932787810909568,0.8706340260814024,3.809580950187903e-05
P04261,Good,0.06404147291859567,0.9359504524678365,8.074613567821568e-06
P06695,Good,0.00017590393775841133,0.9944502657057142,0.005373830356527327
P08143,Good,0.0011801650745855638,0.9943265491591767,0.004493285766237744
P05073,Good,0.03709275905791403,0.962723312013,0.00018392892908599881
P09296,Good,0.06511458192286317,0.9348740413804415,1.137669669532435e-05
P09185,Excellent,2.257736160199882e-17,1.8007042930119978e-06,0.999998199295707
P02293,Excellent,1.6237558147524677e-09,0.019079571486250165,0.980920426889994
P09654,Excellent,4.577487249833883e-11,0.0037028812463472285,0.9962971187078778
P08260,Good,0.39433899668723305,0.6056602061071497,7.972056172302919e-07
P04224,Good,0.7427035494663733,0.2572961295411935,3.209924332196816e-07
P08429,Excellent,7.727041166074775e-07,0.3220627074103824,0.677936519885501
P09496,Average,0.9999998392127655,1.607872344959738e-07,2.0549109301991e-19
P01285,Average,0.9992590188423564,0.0007409811559852142,1.6585858383528635e-12
P04584,Excellent,2.210446594550929e-05,0.6990226001100357,0.3009552954240187
P06791,Good,0.21503456283230407,0.784962709824367,2.727343328837306e-06
P01701,Good,0.000868473152996129,0.9979836024760649,0.0011479243709390915
P06900,Good,0.010395340857032241,0.989439641670947,0.0001650174720207531
P00953,Excellent,7.768968698868307e-15,2.349090596502166e-05,0.9999765090940272
P02687,Good,0.00017980227827178426,0.9890672659732652,0.010752931748463132
P00531,Good,0.0012362457661065469,0.9984673514230766,0.0002964028108167231
P04515,Good,0.008141862332418594,0.9913158126623536,0.0005423250052277888
P01947,Average,0.9965140640226796,0.003485935872253589,1.0506672981117063e-10
P00538,Good,0.10362542295384018,0.8963651933596217,9.38368653819092e-06
P06887,Excellent,1.869543867641661e-10,0.003772020572737039,0.9962279792403085
P08907,Excellent,1.0970773299364363e-06,0.20544355830302796,0.7945553446196421
P03773,Excellent,2.6566476790631664e-19,3.4140192784441067e-07,0.9999996585980722
P01158,Good,1.4319648370027736e-05,0.9058873770568411,0.094098303294789
P09301,Excellent,5.70665517727229e-13,0.00025302077139744485,0.9997469792280318
P04814,Excellent,1.8349708102859415e-09,0.033360645045464,0.9666393531195652
P06935,Good,0.0005778629086883827,0.9680034102623045,0.03141872682900712
P00788,Excellent,9.618831066914774e-06,0.7809107116528518,0.21907966951608138
P02007,Excellent,3.6178313353281894e-15,2.0161367103340604e-05,0.9999798386328932
P08521,Average,0.9994241634046952,0.0005758365949342487,3.7066510565001847e-13
P05385,Good,0.32714337510158065,0.6728560863854918,5.385129274849655e-07
P02760,Good,0.9215146298517385,0.07848528859203198,8.155622945813122e-08
P09276,Good,0.17851788479864175,0.821476973798271,5.141403087281667e-06
P03471,Good,0.0014543226601615026,0.9980341863234622,0.000511491016376213
P07895,Good,0.07049714855662367,0.9294232909348265,7.95605085498391e-05
P00212,Good,0.029311004992621,0.9705946960636841,9.429894369489882e-05
P04653,Good,0.00423649710163004,0.9956103296375522,0.00015317326081762254
P03414,Good,0.0004042139402791204,0.9377677434127251,0.06182804264699572
P02612,Excellent,2.0054883931921223e-18,1.0219999129723096e-06,0.9999989780000871
P00525,Excellent,1.7880387323523597e-10,0.005216337469410125,0.994783662351786
P06629,Average,0.99756679054575,0.002433209443674794,1.0575254229982687e-11
P03667,Excellent,4.4670410939506274e-08,0.06910197358829435,0.9308979817412948
P05004,Good,0.01665112730275592,0.9832698510511892,7.902164605480437e-05
P01030,Excellent,1.3893914861050506e-15,3.6007140572380744e-05,0.9999639928594264
P05416,Excellent,2.8831686254916685e-08,0.06822021622834432,0.9317797549399695
P00024,Excellent,1.0477934260496014e-13,0.00012528639442923673,0.999874713605466
P05023,Good,3.2949397248362114e-05,0.9832988502076433,0.01666820039510831
P07119,Excellent,8.997244370345088e-07,0.24593000471479318,0.7540690955607698
P07290,Good,0.00011898512808422853,0.9930108900789311,0.00687012479298468
P04455,Good,0.000233952219312113,0.9763001984196485,0.023465849361039307
P06201,Good,0.023956661954577057,0.9760321991366835,1.1138908739409805e-05
P05056,Good,0.6247508674389556,0.3752489934233135,1.3913773096757125e-07
P00620,Excellent,5.836990912261901e-19,1.5742363925535712e-07,0.9999998425763607
P02533,Good,0.0011356372203221693,0.9967503581332204,0.002114004646457453
P06347,Excellent,1.801912247157641e-12,0.0005503277182906372,0.9994496722799073
P06253,Good,0.024854319799613396,0.9750769466693643,6.873353102230566e-05
P03377,Excellent,3.4411094180298204e-15,2.714443899658696e-05,0.9999728555610001
P08175,Average,0.9815199510670828,0.018480048704670064,2.2824713855230648e-10
P07999,Good,4.344449646172639e-06,0.6410198435372071,0.3589758120131467
P07843,Excellent,6.44237432644154e-21,7.543518247219996e-08,0.9999999245648176
P06943,Excellent,1.0082618821557274e-08,0.03310962036806306,0.9668903695493183
P04607,Good,0.2651531638983354,0.7348436456355381,3.190466126467091e-06
P06823,Average,0.913526022721688,0.0864739569999663,2.027834573419666e-08
P01667,Good,0.7949783419863015,0.20502083608118518,8.219325134683132e-07
P03002,Excellent,2.6764701762561035e-19,7.468612720752544e-08,0.9999999253138727
P08700,Excellent,1.0468364733556547e-07,0.08601076238913777,0.9139891329272151
P01074,Excellent,9.716575661358144e-09,0.03401279769486598,0.9659871925885584
P00812,Good,0.00098297381652942,0.9961879143191162,0.002829111864354391
P03485,Average,0.9821954798903896,0.017804519857816524,2.517939747985655e-10
P04020,Average,0.999053767060794,0.0009462329371419037,2.0640997855217204e-12
P03248,Excellent,8.149273791152994e-10,0.004742232696937412,0.9952577664881351
P00413,Good,0.002535269327625508,0.9969944775054469,0.00047025316692753013
P02840,Average,0.9999943313531089,5.6686468910689885e-06,3.989235749113264e-17
P08931,Good,0.00044483012726640456,0.9930719539516383,0.006483215921095294
P08014,Excellent,1.78730169336948e-09,0.04218586566704926,0.9578141325456492
P07391,Excellent,6.062619131287797e-11,0.0015936586832814557,0.9984063412560923
P07781,Good,0.3385798641738771,0.6614195498449194,5.85981203556725e-07
P09197,Good,0.0018386788102925744,0.9976993127101705,0.0004620084795367945
P05593,Good,2.9514596260886557e-05,0.9205927593602832,0.0793777260434559
P07664,Good,1.2598326171846694e-05,0.6824021214262727,0.31758528024755556
P08699,Excellent,1.464867978004539e-12,0.00047758585064742537,0.9995224141478877
P07378,Excellent,2.096458246657458e-06,0.6442718769234376,0.3557260266183157
P08230,Excellent,6.13008726760896e-15,2.0228600342749932e-05,0.9999797713996511
P02230,Average,0.9732813252227526,0.026718672796075947,1.981171411165936e-09
P08944,Good,0.12394809158799716,0.8760404835472079,1.1424864795016398e-05
P07514,Good,8.121974127308111e-07,0.5476357922991436,0.4523633955034437
P03920,Good,0.8528163803494565,0.14718320632217777,4.1332836555541073e-07
P00453,Average,0.8680045725420513,0.13199540059247913,2.6865469621665515e-08
P09638,Good,0.33358470577349664,0.6664120855127308,3.208713772722399e-06
P00961,Good,0.01659818353700877,0.9833400938360134,6.172262697789498e-05
P05643,Average,0.9999999999991804,8.194659679038944e-13,1.6223828935475432e-30
P03312,Good,1.263187979226269e-05,0.7627133036817395,0.23727406443846827
P02863,Good,0.0006194186738085754,0.9974800969746338,0.0019004843515576385
P03938,Average,0.9929908458547135,0.007009154049013372,9.627310156109834e-11
P06868,Good,0.014936402137104605,0.985011152612876,5.2445250019369937e-05
P01706,Good,8.709555919243899e-07,0.2877259582767489,0.7122731707676592
P03242,Good,0.0004632673808120719,0.9966852408837098,0.0028514917354782415
P05015,Average,0.999604394121236,0.000395605878659234,1.0477576754415717e-13
P04415,Excellent,4.333936382125622e-10,0.00913032562971924,0.9908696739368872
P05560,Good,0.00017702588558934495,0.9758255436784143,0.023997430435996385
P00747,Good,1.4871503803192435e-06,0.45955109858191534,0.5404474142677044
P03141,Good,0.00029657682032862605,0.9868082238859083,0.012895199293763206
P00436,Excellent,1.4650334406334182e-11,0.0008719465789114042,0.9991280534064383
P03156,Average,0.9681767987157108,0.031823199251895536,2.03239360182523e-09
P07017,Excellent,2.375244949913545e-18,1.4236292100195788e-06,0.99999857637079
P03653,Good,0.0001967386313705374,0.9927263807306934,0.007076880637935961
P03376,Good,0.1701981291489728,0.8297992832628743,2.5875881529263294e-06
P05434,Excellent,4.1765768295275653e-07,0.5531318168348621,0.44686776550745494
P05014,Average,0.9999999912940601,8.705939827315014e-09,2.7209809999329997e-22
P07170,Average,0.9951381741965466,0.004861825763175656,4.0277776691701635e-11
P05733,Excellent,2.119353661992429e-06,0.5841805503256144,0.41581733032072354
P09190,Good,0.009022680638334713,0.9908189964271608,0.00015832293450458357
P08178,Good,0.15614858690614605,0.8438214645477325,2.9948546121414437e-05
P00217,Excellent,6.889915585470148e-23,3.989774763363002e-09,0.9999999960102253
P05352,Good,0.00834670513313281,0.991556460413294,9.68344535731164e-05
P08351,Average,0.9999957138726164,4.286127383596228e-06,3.036542232969551e-17
P06271,Good,0.5363476451003403,0.4636510454432796,1.30945638013718e-06
P07626,Excellent,4.234731275423796e-14,8.471709512986394e-05,0.9999152829048277
P03723,Excellent,7.713444114132489e-10,0.0602746931809748,0.9397253060476808
P01244,Average,0.995825533823438,0.004174466166992545,9.569503631843568e-12
P07569,Average,0.8954449457759657,0.10455502973648742,2.4487547091995132e-08
P04807,Good,0.0009492638913141017,0.9986685212920875,0.00038221481659841613
P00795,Good,0.010162681386565186,0.989747576786255,8.974182717992042e-05
P09552,Good,3.37061580588894e-05,0.9513990599886535,0.04856723385328769
P05344,Average,0.9946075054376478,0.005392494526922034,3.5430304425309745e-11
P00568,Excellent,4.462275528212246e-14,9.227657173872107e-05,0.9999077234282167
P02987,Average,0.9950430851002297,0.004956914886802206,1.2968048573176015e-11
P07058,Good,7.967229142731883e-05,0.9157623955024626,0.08415793220610995
P07558,Average,0.9976595338434388,0.0023404658858190803,2.7074223937081483e-10
P05537,Average,0.9999999804412468,1.9558753202481308e-08,1.256168010060891e-22
P04989,Excellent,1.4751605042814344e-13,8.33713467635787e-05,0.999916628653089
P08008,Good,0.18295365285237547,0.8170259584793083,2.0388668316251568e-05
P08435,Average,0.999582550937402,0.00041744906204987714,5.479172057037508e-13
P09054,Good,1.3669393469978192e-05,0.8213785971990054,0.17860773340752456
P03341,Average,0.9986178477169341,0.0013821522829509576,1.15046962730655e-13
P09354,Average,0.9775832846442213,0.022416714953055337,4.0272358300413077e-10
P09464,Excellent,1.0650874946761418e-20,1.0200889830333275e-07,0.9999998979911018
P07525,Average,0.917874611361714,0.08212534098027602,4.7658010012844565e-08
P01078,Excellent,5.128491294533054e-10,0.005555778325029089,0.9944442211621217
P09251,Excellent,2.5698487556888705e-14,0.0001239091921465297,0.9998760908078278
P07916,Good,2.3187556277829633e-05,0.7246427498433178,0.27533406260040433
P08026,Excellent,1.2628516599925429e-17,3.999309450306649e-06,0.9999960006905497
P03670,Average,0.9999999857082711,1.429172891678482e-08,3.220664168305921e-22
P09067,Good,0.0010140956213462082,0.9973409536524263,0.0016449507262274725
P02160,Average,0.9796455896284283,0.020354410023312376,3.4825937308823687e-10
P05766,Good,2.2380504602729626e-07,0.2554176686681097,0.7445821075268442
P09650,Good,0.9598146878175907,0.04018530981827166,2.364137724193258e-09
P09522,Excellent,1.5449146818472763e-17,1.3427437825047347e-06,0.9999986572562176
P05747,Good,1.1620229801944562e-05,0.8651157553537255,0.1348726244164726
P04724,Average,0.999251055806971,0.0007489441920474454,9.815388297692657e-13
P01767,Good,0.09864461542055741,0.9013361739993757,1.9210580066965534e-05
P05495,Good,0.09347298473045043,0.9064979743637485,2.9040905801169114e-05
P06990,Good,0.009260598235031838,0.9906763683334086,6.303343155957327e-05
P05608,Excellent,2.9085406561379974e-16,2.64524793191181e-06,0.9999973547520679
P05175,Excellent,1.7988770702686037e-13,0.00016301027907061788,0.9998369897207496
P01334,Excellent,1.1045610532754206e-14,1.9548558995756998e-05,0.9999804514409931
P09706,Good,1.0085175038465828e-09,0.013901699091867616,0.9860982998996148
P07273,Average,0.927315610848047,0.07268437288971814,1.6262234624854014e-08
P08558,Excellent,4.119520287590454e-10,0.008622183500108453,0.9913778160879394
P07300,Excellent,3.115650637665794e-13,0.000378720341407509,0.9996212796582808
P02939,Good,0.016169028230414866,0.9833421931249756,0.0004887786446094913
P01780,Good,0.01955177816522128,0.9804422885995521,5.933235226559711e-06
P06366,Excellent,3.6006208259770575e-22,1.7262595268005996e-08,0.9999999827374048
P09696,Excellent,1.0846869616334302e-11,0.003080625972933005,0.9969193740162201
P06539,Excellent,1.8006153907474743e-14,4.345693246495845e-05,0.999956543067517
P04634,Excellent,1.583257020197724e-06,0.26620936824750147,0.7337890484954782
P03918,Average,0.9999999909150766,9.084923391322934e-09,1.2668144191537386e-22
P09359,Average,0.9999129229999569,8.707700003746864e-05,5.63456193488141e-15
P07953,Good,0.49726812224477296,0.5027304834628106,1.3942924164432809e-06
P02098,Excellent,1.2512396585468456e-13,0.00019798379309087587,0.9998020162067839
P04069,Good,0.0007501268179518398,0.9801787740481418,0.019071099133906363
P09938,Excellent,3.2109000288080825e-13,0.000101324828902005,0.9998986751707769
P09764,Good,0.00022083313432667986,0.985936275953243,0.013842890912430293
P09882,Good,5.3135220508172986e-05,0.9012328608795864,0.09871400389990534
P04370,Good,6.2889169303327224e-06,0.894510811415455,0.10548289966761468
P06978,Good,0.5084271711329468,0.49157231887059444,5.099964587096037e-07
P08509,Excellent,7.02054790480285e-08,0.37903969357390926,0.6209602362206117
P06053,Good,0.11549764256820236,0.884398184523309,0.00010417290848861553
P04749,Excellent,3.444290172297591e-20,8.686976368125334e-08,0.9999999131302364
P09009,Excellent,4.6824453127956533e-07,0.29973194538695985,0.7002675863685089
P04229,Good,0.021524277706184293,0.9782941881906745,0.00018153410314129166
P04469,Good,0.611199516568049,0.3887961466876559,4.336744295028264e-06
P03803,Good,2.0401828805969343e-06,0.602070224207155,0.39792773560996453
P04567,Excellent,4.6414096812232705e-09,0.059529846309296655,0.9404701490492935
P02854,Excellent,1.030839615152096e-13,0.00033481922394331125,0.9996651807759538
P00077,Good,0.010192860936731435,0.9896542532310592,0.00015288583220943614
P08959,Good,0.00015425761965761616,0.9974185794459519,0.0024271629343905216
P04702,Excellent,1.9800980397092585e-07,0.2529986460484459,0.7470011559417503
P00493,Good,0.03774854872089896,0.9622373356768927,1.4115602208322772e-05
P04755,Good,0.0223349878804684,0.9776456282542554,1.9383865276219277e-05
P02792,Good,0.12950186630628352,0.8704727655278315,2.5368165885067962e-05
P01515,Good,5.594621008959357e-06,0.8892282504198161,0.11076615495917498
P03833,Excellent,5.331269543036336e-16,8.980342499904532e-06,0.9999910196574997
P08775,Excellent,4.0682306206853504e-10,0.062043735406268626,0.9379562641869084
P04778,Average,0.999989781626754,1.0218373245744136e-05,1.294126842690278e-16
P08975,Good,0.3415665343921376,0.6584257827356088,7.68287225359935e-06
P09662,Good,0.03878820384416065,0.9611924204523015,1.937570353798395e-05
P02519,Good,0.2657709107292825,0.7342277476577309,1.3416129865758152e-06
P08471,Good,9.261565261501999e-06,0.5168507855064896,0.48313995292824896
P08942,Excellent,1.6477682857933964e-09,0.01992415565592832,0.9800758426963034
P03044,Good,0.006183778241117784,0.9936067144551404,0.00020950730374177142
P08561,Good,0.0029008608644731067,0.9969005789335874,0.0001985602019395943
P03679,Good,0.005423619845672242,0.9943149498542337,0.000261430300094149
P06932,Good,0.09215722731404857,0.9078245600442917,1.8212641659611652e-05
P02355,Excellent,8.465234064325007e-10,0.02550946048284747,0.9744905386706292
P08256,Excellent,1.6553028964677967e-09,0.02151731705891827,0.9784826812857788
P06508,Good,0.00047431171120775224,0.9954688620882397,0.0040568262005525315
P06979,Good,2.0466199947319218e-07,0.13786883679745998,0.8621309585405407
P05878,Average,0.9988745008376421,0.001125499156175308,6.1826156968532395e-12
P04304,Good,0.3161073008794976,0.6838811048277637,1.159429273862598e-05
P05683,Average,0.25421398664813105,0.7457754882435983,1.0525108270663553e-05
P09588,Good,0.005860387127236711,0.9939480114004262,0.00019160147233707452
P05757,Good,0.0004217000095756141,0.9913812902975753,0.008197009692849016
P07075,Average,0.9999873909221717,1.260907782825486e-05,3.116092691658236e-17
P07061,Average,0.9999999990877417,9.122583411412863e-10,2.3470650134753297e-25
P00398,Good,0.8218796928161493,0.17812020155106956,1.0563278114091608e-07
P01522,Good,0.023329085990153677,0.9765010380886121,0.0001698759212342439
P03195,Average,0.9979973597410546,0.0020026402567721127,2.1731488703903422e-12
P07534,Good,0.05244755167545231,0.9475470224494201,5.425875127596968e-06
P02899,Average,0.999999996826578,3.173422056730824e-09,1.4186228057591572e-24
P06123,Good,4.256094566298931e-05,0.9844110189278529,0.015546420126484004
P02344,Good,0.00011935724056768593,0.9947876471597947,0.005092995599637564
P02323,Average,0.9915696567671533,0.008430343095959664,1.3688697847472108e-10
P06495,Good,0.0014273750259456307,0.9964572647843981,0.0021153601896562427
P03122,Excellent,7.789736686656285e-18,8.641494442345085e-07,0.9999991358505558
P09517,Average,0.9999266945423029,7.330545768574693e-05,1.1246296612202811e-14
P09659,Excellent,2.290079215314542e-15,2.089573431233728e-05,0.9999791042656855
P08663,Excellent,1.1337200551432773e-10,0.005168181339673546,0.9948318185469543
P06475,Good,0.019709279879432936,0.9793956547404963,0.0008950653800707561
P07334,Excellent,1.7503040056050328e-08,0.09007703401227968,0.9099229484846801
P04632,Average,0.9999999998515896,1.484104215285414e-10,1.2621947263244812e-25
P09297,Good,1.0436233554708097e-07,0.10418586896575367,0.8958140266719108
P07414,Good,1.0667334487380095e-06,0.7382539608160835,0.26174497245046774
P08388,Excellent,1.1976551266168712e-13,0.00011640998825674425,0.9998835900116236
P08071,Excellent,6.040873218654192e-07,0.3713209328430409,0.6286784630696372
P04993,Excellent,1.2392154306795937e-17,1.6436794619986554e-06,0.999998356320538
P08813,Excellent,9.320913356082773e-09,0.04106534384013989,0.9589346468389466
P00745,Excellent,1.0322068082383368e-13,0.00021971385833497305,0.9997802861415617
P02365,Good,0.0004887607093138724,0.9959492524536772,0.003561986837008855
P06690,Average,0.754676765717057,0.24532304956972836,1.8471321466420399e-07
P04090,Excellent,1.210984374553237e-18,6.085234022140852e-07,0.9999993914765978
P01572,Good,0.1265559262868859,0.8734148678683152,2.920584479895421e-05
P08421,Excellent,2.683746412691381e-13,0.00031162055471074357,0.9996883794450209
P03943,Average,0.9934127050143252,0.006587294798958063,1.8671662268707982e-10
P06420,Good,7.627991387818858e-05,0.9666170917782685,0.03330662830785339
P06491,Average,0.9999961472111928,3.852788806947774e-06,2.547163790355546e-16
P08746,Average,0.9999816422560205,1.835774397940535e-05,2.9570627153247626e-16
P01132,Excellent,3.7213679719428994e-10,0.01585919675356741,0.9841408028742958
P07346,Excellent,1.0022850400868541e-10,0.0037949998838775014,0.9962050000158938
P03852,Average,0.8496876374701091,0.15031231594154437,4.6588346526928864e-08
P06234,Average,0.9999998933205282,1.0667947176951355e-07,7.267005036566441e-21
P04466,Excellent,5.640880497916208e-13,0.00025818268943751096,0.9997418173099984
P05838,Excellent,2.741410409876642e-09,0.03540583960857647,0.964594157650013
P04801,Average,0.9999946017408889,5.398259110749097e-06,1.3360542218846342e-16
P06114,Good,0.0013129104538505821,0.9984062453769933,0.0002808441691561094
P03947,Average,0.929154431098879,0.07084556190583302,6.995287884476634e-09
P07142,Excellent,2.703757601482054e-10,0.0191972440002294,0.9808027557293948
P02236,Good,9.084873111553329e-06,0.7514581618037574,0.24853275332313107
P02825,Excellent,2.1583781700573324e-08,0.07322472878397389,0.9267752496322444
P06141,Average,0.9999985768314129,1.4231685871051255e-06,3.038187589274721e-17
P06915,Excellent,1.1563725041170787e-07,0.0881004137037309,0.9118994706590186
P05485,Good,0.5242257168261129,0.47577174439082226,2.5387830648837295e-06
P00571,Good,0.024572303243650298,0.9752019757906069,0.00022572096574277115
P04608,Good,1.958009013037319e-05,0.9041067985407342,0.09587362136913549
P04631,Good,0.0010842693140468097,0.9962762627664503,0.002639467919502955
P09250,Excellent,4.430337382662777e-22,1.0893431336452811e-08,0.9999999891065686
P09624,Average,0.9966857328223395,0.003314267121746314,5.591397508023514e-11
P07371,Good,0.017855473980289017,0.981949158960119,0.00019536705959199285
P03266,Average,0.9335947217632913,0.0664052725002753,5.736433409726524e-09
P01476,Excellent,1.8742168652099982e-19,1.8206121693108704e-07,0.9999998179387831
P02009,Excellent,9.854684210364719e-10,0.03927412420769238,0.9607258748068392
P01922,Excellent,2.601179761923373e-16,1.371819236716322e-05,0.9999862818076325
P08093,Excellent,1.4261880637087346e-09,0.06637886468675903,0.9336211338870529
P03081,Good,6.192144359398313e-07,0.2304715406123454,0.7695278401732186
P08785,Good,0.0008662212524467331,0.9944121644650902,0.0047216142824629895
P03901,Good,0.02482071993543462,0.9751272309146608,5.204914990458764e-05
P09889,Average,0.3153285126855867,0.6846683338767217,3.153437691762998e-06
P07263,Excellent,2.559899750800465e-15,9.2269961748517e-05,0.9999077300382488
P06410,Good,0.01362785949379733,0.9862841946922289,8.79458139736198e-05
P09269,Average,0.9385448784151789,0.061455105290944494,1.6293876644573204e-08
P06552,Average,0.8527276156183762,0.14727218578741963,1.9859420422210857e-07
P00516,Good,0.14682875897629574,0.8531609538395903,1.0287184113900593e-05
P03206,Good,0.014428598444756269,0.9855153261438073,5.6075411436316495e-05
P02873,Average,0.9664107780782493,0.03358922179921915,1.2253148127614322e-10
P02460,Good,0.004104490558960564,0.9956809658430212,0.00021454359801811694
P07310,Excellent,2.020401160507366e-18,5.087633023869567e-07,0.9999994912366975
P00290,Average,0.9952479600571266,0.004752039728824054,2.1404948909280463e-10
P01483,Good,0.26594744243590224,0.7340177889528916,3.4768611206138554e-05
P09871,Excellent,3.3916161059409204e-12,0.0012966650813848804,0.9987033349152236
P09385,Excellent,5.915365419843333e-10,0.014116708105922736,0.9858832913025406
P03888,Good,0.0004211517725149637,0.9858859494100287,0.01369289881745621
P08528,Excellent,2.271978810082062e-08,0.08759994001133489,0.912400037268877
P04318,Good,0.005211569197996496,0.9943476259171499,0.00044080488485371324
P01720,Excellent,5.424574013065084e-12,0.0008034500383432007,0.9991965499562322
P04988,Excellent,6.782055067300992e-07,0.431730130782019,0.5682691910124742
P03108,Excellent,1.7227908507576735e-10,0.011965939535398417,0.9880340602923224
P02802,Good,0.11917601207538417,0.8808158753144696,8.112610146320454e-06
P04151,Average,0.9999999638608499,3.613915008008547e-08,3.526565230810127e-22
P00264,Excellent,4.6975966173955126e-23,4.100990249291587e-09,0.9999999958990098
P06452,Good,0.010308687741921462,0.989634888093881,5.642416419750872e-05
P03337,Average,0.7461337056565895,0.2538653852576897,9.090857208521467e-07
P05351,Average,0.9604562038106951,0.03954378613258399,1.0056720924116582e-08
P08714,Average,0.8169965643784485,0.18300341161092515,2.4010626358023822e-08
P02138,Average,0.9999999954551846,4.544815488242785e-09,5.547504906999303e-24
P00228,Excellent,3.76305313440357e-07,0.49094794536816827,0.5090516783265182
P01081,Excellent,2.650482386983941e-11,0.007261746637656268,0.9927382533358389
P03509,Good,0.24779994714284187,0.7521662368375054,3.381601965283779e-05
P05161,Average,0.9312519298577036,0.0687480656471248,4.4951715225357e-09
P09347,Good,1.1275787267715605e-06,0.7021513568001923,0.297847515621081
P08197,Excellent,4.192948830905584e-08,0.10779297899196125,0.8922069790785505
P08619,Good,0.04225009317421751,0.9577254205964755,2.4486229307010956e-05
P06772,Average,0.9609627950740518,0.03903720174814361,3.1778045936872555e-09
P05624,Good,1.4265329120794279e-05,0.8695279496517255,0.13045778501915364
P03517,Excellent,9.313660528401088e-06,0.9027809829672422,0.09720970337222953
P00567,Good,0.010263329191041993,0.9889063432334738,0.0008303275754842542
P09408,Excellent,9.2853716447499e-17,5.3636913261954385e-06,0.9999946363086737
P01691,Good,0.0311008258976112,0.9684884385769185,0.00041073552547042516
P01771,Excellent,6.170531851352603e-19,2.3568923197680263e-07,0.9999997643107681
P03542,Excellent,1.1685823830480137e-09,0.019929772008232396,0.9800702268231852
P06730,Good,0.0022196985562672757,0.9977183363012496,6.196514248318182e-05
P03479,Good,1.2715013134653947e-05,0.820123345638244,0.17986393934862144
P00749,Excellent,2.9966810738282755e-10,0.028906949545656032,0.9710930501546758
P01554,Good,0.0011775582040540983,0.9814656259081685,0.017356815887777304
P03333,Excellent,2.0681348338147843e-14,8.123964993883456e-05,0.9999187603500405
P03320,Excellent,7.276658768911539e-07,0.13958115511216954,0.8604181172219536
P01637,Average,0.380760079673307,0.6192372492471846,2.6710795083379796e-06
P04664,Excellent,3.536192951103088e-06,0.7696451545911794,0.23035130921586933
P06220,Excellent,3.9835789184800333e-07,0.4240285659819323,0.5759710356601758
P04672,Excellent,1.9201746959567484e-15,1.195776419628237e-05,0.9999880422358016
P04686,Average,0.9879050913184708,0.01209490814169735,5.398317451161231e-10
P02128,Good,0.05878506835474009,0.941168569184765,4.636246049486069e-05
P02831,Average,0.99994961301907,5.038698092934846e-05,7.467260577931956e-16
P08698,Excellent,1.6950593943641675e-11,0.0030166766745845456,0.9969833233084648
P02085,Excellent,5.803826408187928e-20,2.7874745929976195e-08,0.999999972125254
P04942,Good,3.669444711048301e-05,0.9660580252465668,0.03390528030632282
P00717,Excellent,1.3668033071593874e-12,0.0008313165453916454,0.9991686834532415
P08305,Good,5.4011306540585133e-08,0.16416246341909702,0.8358374825695966
P09070,Good,0.02097533188123743,0.978977163812782,4.750430598058322e-05
P06656,Good,0.0001198428527813696,0.392447686356398,0.6074324707908207
P05455,Good,0.2889569865679538,0.7110372380803641,5.775351682052987e-06
P07717,Excellent,6.866004012845198e-06,0.5843498901934281,0.41564324380255907
P06444,Average,0.9998397118009236,0.00016028819892762315,1.4874070053088285e-13
P01539,Good,5.929316343966373e-05,0.9616497205925767,0.03829098624398361
P06949,Good,0.01091221021193384,0.9884543708513575,0.0006334189367087547
P03567,Average,0.9898384544971149,0.010161544158752752,1.3441323982005791e-09
P07886,Average,0.99954838422379,0.00045161577458039407,1.6295239578318585e-12
P08277,Average,0.28421957192645925,0.7157588047796052,2.162329393551939e-05
P00068,Excellent,2.1847247918741074e-06,0.8171963771112549,0.18280143816395328
P05893,Good,0.0007346617555413185,0.9990967362135481,0.00016860203091072364
P03944,Excellent,2.652607195202486e-12,0.00034644158050239844,0.9996535584168451
P08617,Average,0.9999804346738491,1.956532614814441e-05,2.7518129517195167e-15
P02921,Average,0.9999999828986385,1.7101361611308676e-08,3.701991207360728e-21
P06471,Average,0.9977256249523668,0.002274375021437634,2.619541560852237e-11
P02277,Excellent,7.340458866615679e-11,0.008248436894337486,0.9917515630322581
P08285,Good,0.00016456224846735144,0.9734852260514976,0.026350211700035046
P05767,Excellent,9.803949717271457e-20,1.3687840242772892e-07,0.9999998631215975
P06937,Good,0.9598519238014249,0.04014806912930171,7.069273254325426e-09
P02830,Good,5.043605283276477e-05,0.9641540617738449,0.03579550217332239
P01111,Excellent,8.469664102289996e-10,0.008931680156498464,0.9910683189965351
P03814,Good,0.4604345398110733,0.5395603652146563,5.0949742704141665e-06
P06144,Good,0.0033412721089163882,0.9963876435501109,0.00027108434097274293
P08360,Good,4.821706477610827e-06,0.8193060455457628,0.18068913274775944
P09153,Good,7.721913663585977e-05,0.856498158539494,0.1434246223238702
P07790,Good,5.315281169274563e-06,0.8552345225464892,0.14476016217234156
P01069,Average,0.9086026205920453,0.09139737047803616,8.929918706686938e-09
P09950,Excellent,1.6229671094817326e-06,0.39418785082226576,0.6058105262106248
P00012,Good,0.00016377015379821872,0.9863884726197172,0.013447757226484612
P02574,Excellent,8.749171749491348e-07,0.4831910888043921,0.516808036278433
P00687,Average,0.9999999800382426,1.996175749031014e-08,1.7941722841479796e-21
P04933,Excellent,9.463558996487347e-15,5.80724673239692e-05,0.9999419275326664
P06542,Good,1.647695449256659e-06,0.6333744999872429,0.3666238523173078
P01491,Excellent,5.128807283749888e-15,4.6499148880348205e-05,0.9999535008511146
P08210,Excellent,8.387656109712293e-12,0.0012141138170236054,0.9987858861745887
P04914,Excellent,2.508614814211544e-13,0.00022720867372946768,0.9997727913260196
P06866,Good,0.6756261892345768,0.3243735007899422,3.099754809167712e-07
P03094,Good,0.00010810872204404737,0.9772441115180658,0.022647779759890116
P09491,Good,0.03242420782259806,0.9675418061211363,3.3986056265643243e-05
P08136,Excellent,1.2778957816392817e-08,0.04637064724597183,0.9536293399750705
P02059,Good,0.0004818801475263599,0.9684625776781757,0.031055542174297835
P03332,Excellent,1.0289501322556467e-18,1.21014832434592e-06,0.9999987898516757
P07132,Excellent,2.0866994553717527e-08,0.043270661072352036,0.9567293180606534
P07811,Good,0.4305816797395845,0.5694134149544954,4.905305920119099e-06
P08263,Excellent,3.543719413034549e-14,7.775401947537933e-05,0.9999222459804892
P01817,Average,0.47543344366770074,0.5245611466685498,5.409663749474088e-06
P02157,Average,0.8882011070308826,0.11179885471566797,3.825344936037728e-08
P01733,Good,6.350987305425377e-05,0.8467523394965213,0.15318415063042454
P01190,Average,0.9500481615181168,0.049951837486823115,9.95060198368306e-10
P06820,Good,0.0003098703784192569,0.9944676372485314,0.005222492373049305
P07732,Good,0.18443469429552437,0.815550294798479,1.5010905996758487e-05
P07488,Good,0.22844993474167313,0.7715495689950332,4.96263293608698e-07
P01495,Average,0.99724827987242,0.00275172009732387,3.025613157630674e-11
P04301,Excellent,1.7392524822294992e-16,1.271995707344978e-05,0.9999872800429263
P00373,Good,0.017409557839576727,0.9823540794132621,0.00023636274716121693
P04544,Average,0.996016420087663,0.003983579911850687,4.864275698819303e-13
P09529,Good,0.00020674668494459627,0.9914220515956292,0.008371201719426095
P07149,Excellent,1.0502934406128789e-13,0.00015369780039394936,0.9998463021995011
P05869,Excellent,5.171657522560218e-13,0.0002637208222190813,0.9997362791772637
P03373,Average,0.9702696648988426,0.029730334802969615,2.981876748296348e-10
P07248,Excellent,1.8555989057045162e-09,0.01257053369329003,0.9874294644511111
P01513,Good,1.2408550739673161e-05,0.7181530553510563,0.28183453609820397
P00952,Excellent,5.70570718050794e-16,1.60699982254892e-05,0.9999839300017739
P02194,Excellent,2.7954829144760465e-11,0.003323578932828085,0.996676421039217
P02866,Good,7.696092993494938e-05,0.9527188061979494,0.04720423287211583
P08589,Average,0.9999999955350187,4.464981330217693e-09,8.37495078104295e-23
P00427,Good,0.01716507730287455,0.9817887785830084,0.001046144114117094
P07114,Good,0.05303769746269164,0.9468785339157216,8.376862158673907e-05
P02996,Average,0.9933364411667479,0.006663558821375881,1.1876163657069458e-11
P01286,Good,0.29447211005462626,0.7055235463558929,4.343589480949784e-06
P07305,Good,0.06156725062871139,0.9383523829289544,8.036644233418153e-05
P04372,Good,0.0001607494659997495,0.9203586970485067,0.07948055348549353
P03285,Excellent,5.493029595352112e-10,0.015047485427951209,0.9849525140227459
P05038,Good,0.03457909232361241,0.9651233464550978,0.000297561221289832
P02275,Average,0.9999999611113828,3.8888617155813245e-08,1.9998059130932e-22
P06211,Average,0.24374312532025813,0.7562460235451685,1.0851134573432977e-05
P08810,Good,0.0010930020236676243,0.9955393766643245,0.003367621312007875
P08544,Excellent,1.4722447182084424e-12,0.0009874033196655336,0.9990125966788623
P06289,Average,0.8274504499649281,0.172549544013731,6.021340939514168e-09
P08841,Good,0.011634824862993885,0.9875846316677427,0.0007805434692633079
P07889,Good,9.737426331937425e-06,0.9551553940845956,0.04483486848907244
P02849,Average,0.9016077640268527,0.0983921982489008,3.772424658274994e-08
P08039,Excellent,1.0500535764968207e-16,4.516746868816059e-06,0.9999954832531311
P02711,Excellent,8.395914620133253e-06,0.8633274146427239,0.13666418944265607
P08917,Good,7.488881805108547e-07,0.2673310424400075,0.732668208671812
P02718,Average,0.9311107893352027,0.0688891984204819,1.2244315337964718e-08
P02885,Excellent,7.629737574285339e-11,0.0042336006608410855,0.9957663992628615
P04568,Good,2.256897178761849e-05,0.8296009910996631,0.17037643992854926
P02321,Average,0.9999993538719769,6.461280230955835e-07,4.9131126807822666e-18
P08208,Average,0.9821956384493952,0.017804360010383498,1.5402213654661747e-09
P08118,Average,0.9948598656996336,0.005140134281664702,1.8701772938436417e-11
P00084,Good,4.1190743942909505e-07,0.22262158933339407,0.7773779987591667
P08437,Good,0.40186651084365904,0.5981315053622179,1.9837941231518924e-06
P03357,Average,0.9999938710504152,6.128949584935362e-06,4.071408183457425e-17
P09339,Good,8.15355902839014e-05,0.8686950252080992,0.1312234392016169
P03068,Excellent,1.4038258097493085e-11,0.0017508268554246014,0.998249173130537
P02564,Good,0.018753122136544204,0.9812189502185418,2.7927644914009124e-05
P08739,Good,1.431958973212106e-05,0.5356483905012719,0.464337289908996
P00260,Excellent,2.4377676524703043e-10,0.011045264452647263,0.9889547353035758
P04459,Good,0.001477865995978923,0.9958985983308054,0.0026235356732157342
P04750,Excellent,1.3193712489397012e-05,0.8743056729405777,0.12568113334693287
P09162,Good,0.0006001538488333814,0.9942609325925111,0.005138913558655539
P00901,Good,0.01155902000745009,0.9881721043839129,0.0002688756086370527
P00253,Good,0.0002019651051797256,0.9977230985169738,0.002074936377846531
P04511,Average,0.26475684080734574,0.7352421725741723,9.866184819171442e-07
P00607,Excellent,4.4140044956474836e-08,0.13081056992024762,0.8691893859397073
P05635,Good,4.8092460714837136e-08,0.17560691650381124,0.8243930354037281
P05467,Good,0.6709689292800458,0.3290303937432681,6.769766861054851e-07
P09511,Excellent,3.830116075070631e-08,0.11040877937108423,0.889591182327755
P00697,Excellent,1.279275795929041e-08,0.05659422559112622,0.9434057616161158
P08573,Average,0.9980864825846669,0.0019135174063024277,9.030530754948094e-12
P05242,Excellent,9.064609521767558e-19,3.961068213218534e-07,0.9999996038931785
P06415,Average,0.999999998503156,1.4968439735705781e-09,1.4146308934267508e-24
P02734,Average,0.8086156671487332,0.19138432161409313,1.123717381821478e-08
P05849,Average,0.9729416146780278,0.0270583831069363,2.215035874227823e-09
P08468,Excellent,5.758730270417366e-10,0.020189568218257226,0.9798104312058697
P02859,Average,0.8715682520902109,0.12843172015798443,2.775180465948231e-08
P06135,Good,0.00019674666580320085,0.9921134245719816,0.007689828762215269
P02686,Good,0.007617143574440755,0.9922053404534902,0.00017751597206902236
P07208,Average,0.9999999999628892,3.711084755078797e-11,2.8906804870036265e-27
P06526,Excellent,1.41992504233698e-09,0.010017085172428294,0.9899829134076468
P03049,Excellent,7.583430312094005e-17,3.358668999756079e-06,0.9999966413310003
P07681,Good,0.0012200150651629825,0.9901968083954987,0.008583176539338197
P00048,Good,0.0021727289715642254,0.9974170747346576,0.00041019629377811765
P03581,Good,0.42300227468730295,0.57699340811135,4.317201346984989e-06
P04378,Good,0.001632762911204621,0.9936461797972368,0.00472105729155866
P08454,Good,3.2066870375448833e-07,0.27722838820458967,0.7227712911267067
P02964,Excellent,2.16733064867069e-22,2.836518527355441e-09,0.9999999971634814
P08505,Good,2.6151411872588327e-06,0.4841661118333241,0.5158312730254886
P05398,Average,0.6512079911584887,0.3487919394854342,6.935607705286743e-08
P03547,Good,8.276059898051323e-07,0.27170439640220684,0.7282947759918034
P07652,Excellent,5.2487112307513915e-09,0.03262821775255447,0.9673717769987343
P01798,Excellent,4.540252373194905e-15,6.582234620308017e-05,0.9999341776537924
P03972,Good,0.010596842294508274,0.9877398186531007,0.0016633390523910867
P06529,Good,1.348888882025695e-05,0.7316407153514042,0.2683457957597756
P05117,Average,0.4134115151655868,0.5865830022798189,5.482554594297807e-06
P09068,Average,0.6393005396725364,0.3606993154378789,1.44889584654115e-07
P00539,Excellent,4.3618043461577745e-08,0.12243065034400633,0.8775693060379504
P06364,Good,0.26921628797097596,0.7307827280939272,9.839350968155505e-07
P08446,Good,0.004891899371065626,0.9950459110462669,6.218958266742834e-05
P04521,Average,0.9816815530996666,0.018318446818137747,8.219575612496297e-11
P09655,Average,0.9984662158657608,0.001533784099731561,3.450756867745273e-11
P01335,Good,0.013311851497956979,0.9863955150390922,0.00029263346295092384
P02933,Good,7.867214886556478e-06,0.6663484429998314,0.33364368978528197
P09192,Excellent,1.5685609723540605e-11,0.0031625222050311987,0.9968374777792832
P07216,Good,0.0546977676192053,0.945294439947779,7.792433015671032e-06
P08855,Excellent,6.906591459094388e-16,8.100364043486993e-06,0.9999918996359558
P05781,Average,0.9987533915527382,0.0012466084456324183,1.6293628173115978e-12
P02596,Good,0.0001368887653123541,0.97917598776501,0.020687123469677632
P00666,Good,0.03628339684122162,0.9635205990546393,0.00019600410413902122
P09617,Excellent,1.0107016121196769e-08,0.056708500992122636,0.9432914889008611
P02887,Excellent,4.585810797266731e-08,0.09152832548328155,0.9084716286586103
P08003,Good,2.2178917717667186e-05,0.9155939467388662,0.08438387434341624
P05581,Excellent,4.936747470917135e-09,0.033326104487903865,0.9666738905753487
P07167,Excellent,3.1870138668543905e-06,0.6531253520667175,0.3468714609194155
P06925,Average,0.9999999990242896,9.75710470613433e-10,4.0360025341016092e-25
P00410,Average,0.8249440356009247,0.17505581350435884,1.5089471659604915e-07
P06314,Good,0.8855308329734506,0.11446915626644637,1.0760103103764193e-08
P09203,Good,1.0231889800722778e-06,0.8985284909420853,0.10147048586893463
P01568,Good,0.00023282523359746427,0.9962057616685427,0.0035614130978599023
P02742,Average,0.9998038040017322,0.00019619599826674919,1.1158850398072158e-15
P00095,Excellent,4.277654208345242e-15,3.720177677846874e-05,0.9999627982232172
P05685,Excellent,6.412138142083523e-09,0.04321682546051297,0.9567831681273489
P06802,Excellent,2.889093708665136e-10,0.008235550636697972,0.9917644490743925
P03993,Excellent,1.3932403689109442e-17,1.0907701516928882e-06,0.9999989092298484
P06156,Excellent,4.175880388256266e-16,2.085061440938431e-05,0.9999791493855902
P09800,Good,0.0018189211697631409,0.9929484432469085,0.005232635583328344
P03962,Good,7.226926134189646e-06,0.6974555273505462,0.30253724572331964
P06535,Good,0.0004781866167587547,0.98705573424059,0.012466079142651272
P02224,Average,0.9908296581595613,0.009170341240531328,5.999074378226931e-10
P01645,Good,0.04485450639674559,0.9549578991204729,0.00018759448278147348
P01079,Good,0.010813426942433563,0.9890881740102005,9.839904736582997e-05
P02653,Good,2.1749636713884014e-05,0.9616131654448214,0.03836508491846457
P03398,Good,4.8312759759391814e-05,0.9464120605731736,0.05353962666706689
P05712,Excellent,6.283985440824943e-12,0.001197609667669703,0.9988023903260463
P00288,Good,0.00040249136183232993,0.9955645291916496,0.004032979446518182
P00172,Good,0.22286715525386852,0.777125896047978,6.948698153568273e-06
P02935,Good,0.0024021602036268684,0.9952581067329003,0.002339733063472704
P07255,Good,4.4152985964313605e-05,0.977602189630258,0.022353657383777703
P00230,Good,0.48330623270703216,0.5166863839653498,7.383327617913762e-06
P09080,Excellent,2.4796436789790737e-17,3.234684782760827e-06,0.9999967653152173
P05349,Excellent,1.24663046523367e-09,0.011768249976633864,0.9882317487767357
P09308,Average,0.9908292610016074,0.009170738545492014,4.5290081857405844e-10
P04018,Good,0.4641045148699477,0.5358946187227791,8.664072731578448e-07
P03845,Good,0.0003130642919677325,0.9959672685080294,0.003719667200002896
P00903,Good,0.2760454440736891,0.7239413919961898,1.3163930121104324e-05
P06895,Good,0.005216733514345823,0.9944509639653459,0.00033230252030829886
P06691,Good,4.0082229264522724e-05,0.9220065430593317,0.07795337471140384
P07496,Good,0.002220597236311388,0.9970127636585256,0.000766639105162923
P03116,Excellent,5.971557840867828e-16,2.2225397370868694e-05,0.9999777746026286
P06045,Good,0.0011724881098909513,0.9973037311446002,0.0015237807455088775
P08382,Good,0.033794382514416556,0.9661555520419822,5.006544360111164e-05
P08027,Average,0.7786269999088259,0.22137298200161784,1.808955634997634e-08
P03282,Good,0.00031009963916276567,0.999163045366078,0.0005268549947593166
P09035,Good,3.0414793968057255e-06,0.640440208114635,0.35955675040596824
P09218,Average,0.9965996039971602,0.003400395989587262,1.3252507713544538e-11
P00386,Good,0.21854307456910144,0.7814503157113533,6.609719545185561e-06
P07720,Average,0.9999926200730234,7.379926976729885e-06,3.557026269603049e-17
P05440,Excellent,8.333830902892284e-07,0.936914090279557,0.06308507633735273
P05302,Average,0.9997724563840933,0.00022754361571650372,1.9023820524377975e-13
P03110,Average,0.9999801591569375,1.984084305874466e-05,3.770373484290774e-15
P06547,Good,1.604413814008345e-06,0.5266659626463149,0.47333243293987104
P03874,Excellent,1.6516989250685247e-19,3.7159646601899843e-07,0.999999628403534
P02536,Excellent,6.55525415876818e-07,0.49054758057815184,0.5094517638964323
P00128,Good,0.008161238689288051,0.991252217663888,0.0005865436468239041
P02695,Average,0.9914330988612335,0.008566901007257483,1.315090364658631e-10
P00227,Good,1.6990304446927075e-05,0.8747857045317042,0.12519730516384883
P07724,Average,0.9288081174284052,0.07119187671755967,5.854035155329965e-09
P04089,Excellent,2.2193361418673235e-15,1.974065055750711e-05,0.9999802593494402
P07662,Average,0.9999877070450088,1.2292954991162212e-05,1.8128151259080046e-17
P01333,Excellent,1.3240220088981593e-15,1.6952040576460004e-05,0.9999830479594223
P09239,Average,0.9999996576919977,3.4230800221675034e-07,3.079487764988549e-20
P09392,Good,6.481636476923096e-08,0.19565936036668768,0.8043405748169474
P07176,Good,1.1338114470147267e-07,0.1044257723110951,0.8955741143077601
P06323,Average,0.9979440746084486,0.002055925386039889,5.511517335053368e-12
P06575,Good,0.0006509690872604026,0.9940407936935595,0.005308237219180027
P04395,Good,0.0002633774183155036,0.998595771771225,0.001140850810459477
P07194,Excellent,7.114631304985665e-07,0.6308768673300748,0.3691224212067947
P00704,Average,0.9982356372574777,0.0017643627350359544,7.486245381057547e-12
P04780,Good,0.06338504815331662,0.9366020762332191,1.2875613464236114e-05
P06400,Excellent,4.062739370125366e-07,0.2259840110497662,0.7740155826762969
P04351,Average,0.6296598210234498,0.370337411503388,2.767473162289484e-06
P00054,Excellent,6.865828715142946e-16,1.8624508762107218e-05,0.9999813754912372
P02109,Average,0.9830785916261475,0.01692140671968678,1.6541657024646812e-09
P04331,Average,0.9998753612510515,0.0001246387489457457,2.6807170983180283e-15
P08763,Excellent,9.304243336592679e-09,0.055087174496551566,0.9449128161992052
P05727,Average,0.8006168663601677,0.199383102609007,3.103082533283699e-08
P02689,Good,0.11799999248974369,0.8819789659779925,2.104153226380978e-05
P02532,Average,0.9999991319913015,8.68008698458436e-07,4.438278824877284e-18
P02786,Excellent,5.753323023088994e-20,1.0025261062034674e-07,0.9999998997473895
P06001,Excellent,4.363428049898957e-16,5.769262997150756e-06,0.9999942307370023
P01510,Excellent,1.4061857265032464e-07,0.3127778153846961,0.6872220439967313
P07138,Good,5.4254305306323726e-05,0.9295679577337896,0.07037778796090402
P02811,Good,6.646038955364889e-07,0.31585204860657673,0.6841472867895276
P04232,Excellent,5.944295782986937e-11,0.00197081028308266,0.9980291896574742
P05447,Excellent,3.6413898141287215e-13,0.00014243924912882665,0.999857560750507
P04578,Average,0.999233087797246,0.0007669122008560286,1.8981451581650182e-12
P05864,Good,2.9392534164852167e-08,0.06178645943672911,0.9382135111707369
P03197,Good,9.173385714349645e-07,0.2722105183007125,0.7277885643607162
P09010,Average,0.9999999772733211,2.2726678863149048e-08,1.6885671794454025e-21
P09989,Excellent,2.316025348893404e-15,2.051626284105833e-05,0.9999794837371566
P05690,Average,0.81591656465044,0.1840833937247527,4.1624807312569754e-08
P06333,Excellent,5.330070561097196e-20,2.761787368946112e-07,0.9999997238212631
P00323,Average,0.9813374367620091,0.018662560585280975,2.6527097482551253e-09
P03043,Good,0.000394933626828284,0.9966578731506054,0.002947193222566175
P08472,Excellent,4.079292186149524e-15,4.770198564418384e-05,0.9999522980143518
P03304,Good,0.07623003982099698,0.923752818271112,1.714190789115686e-05
P08329,Average,0.984700038827509,0.01529996035164166,8.208494061393079e-10
P05399,Good,0.2137842592077106,0.7862004576131375,1.5283179151880555e-05
P06497,Excellent,4.590036216191626e-11,0.002521129815818281,0.9974788701382813
P06804,Good,0.025033375585114367,0.9746985751571994,0.00026804925768632624
P07123,Excellent,4.6515512325865863e-20,3.976163174244382e-08,0.9999999602383682
P09836,Good,1.0786827500846767e-07,0.08136801131243689,0.9186318808192881
P00509,Average,0.9999940007070128,5.9992929871418725e-06,4.327123391613485e-17
P05373,Excellent,4.0643550825514627e-07,0.2969540935728615,0.7030454999916302
P06715,Good,0.0015508374204886385,0.9980913411587091,0.00035782142080218203
P04286,Good,9.389818018352164e-05,0.9930694990421416,0.006836602777674866
P00964,Excellent,2.3766202946190703e-17,1.2561340977550403e-06,0.9999987438659022
P04610,Excellent,1.0666096420067732e-10,0.007531793632222161,0.9924682062611169
P01494,Excellent,5.936592248514481e-06,0.5450037623330417,0.45499030107470967
P09652,Excellent,8.140517361040928e-11,0.007974710251285938,0.992025289667309
P08890,Excellent,5.492129975184051e-18,1.4459003580223848e-06,0.999998554099642
P03025,Good,0.07321680528905064,0.9267551079233618,2.8086787587533495e-05
P06905,Good,0.00021541616478033587,0.9892140471518799,0.010570536683339848
P01363,Average,0.8884925313485784,0.11150742759738705,4.1054034694896085e-08
P08033,Good,0.000636493149880324,0.9903323169006221,0.0090311899494976
P01108,Average,0.5276230264929461,0.47237581755613123,1.1559509227579347e-06
P05170,Average,0.9999232591700621,7.674082993392618e-05,4.043033606906872e-15
P04011,Good,0.0006818587271993125,0.9887473378530124,0.010570803419788312
P06370,Average,0.984738101024864,0.015261898956569084,1.8566904663496436e-11
P00851,Good,6.643449592296164e-06,0.8507820918700636,0.14921126468034407
P06592,Average,0.9995479624721123,0.00045203752786568554,2.2056819631013127e-14
P06077,Good,1.564003468056984e-05,0.7460427414326385,0.25394161853268105
P09562,Average,0.9900727210597748,0.009927278817685127,1.2254013277662897e-10
P00753,Excellent,1.0234787779770183e-15,3.1128555250152786e-05,0.9999688714447488
P04545,Good,0.007511412107695886,0.9916091057560619,0.0008794821362423149
P01566,Average,0.9999998994907969,1.0050920311168366e-07,2.364621061305519e-20
P06541,Good,0.22433060061406743,0.7756556770600314,1.372232590117833e-05
P06805,Good,0.0010130142256751257,0.9921925469868771,0.00679443878744784
P07563,Good,0.4529510313177292,0.5470461457401804,2.8229420904545366e-06
P05464,Excellent,7.291555463217192e-07,0.4122014357152223,0.5877978351292313
P08233,Good,0.0006611640835476613,0.9990744876492148,0.00026434826723746276
P06396,Good,6.469441266324187e-06,0.9317229008230673,0.0682706297356663
P07323,Good,0.20958292629867586,0.7904110409812227,6.032720101429761e-06
P09299,Excellent,7.711655369801572e-10,0.010631801841880716,0.9893681973869538
P03153,Average,0.9999989393613237,1.0606386763638527e-06,2.622404434433683e-18
P08667,Average,0.9997633574620186,0.0002366425376159162,3.6540053859089264e-13
P08535,Good,0.002093498629763134,0.9954997871731548,0.002406714197082088
P08126,Good,2.468523637144089e-06,0.3960121042247895,0.6039854272515733
P02480,Excellent,4.57697046704743e-11,0.00270214056545245,0.9972978593887779
P00492,Good,0.10650156102610431,0.8934971672193511,1.2717545444888751e-06
P06993,Average,0.9999996902726478,3.0972735229225044e-07,6.680075712460517e-20
P00896,Average,0.9666294798019306,0.033370519552781704,6.452877793631763e-10
P03706,Good,0.11042164222786464,0.8895635647841341,1.479298800115754e-05
P06568,Excellent,7.339720042793857e-12,0.0013106288417246005,0.9986893711509357
P02715,Good,0.27576229199695484,0.7242289174574283,8.790545616691304e-06
P03802,Good,0.0001602364111196745,0.9962573698122514,0.0035823937766287887
P01873,Good,1.9233007456056165e-05,0.9520003863533313,0.04798038063921256
P02931,Good,0.47802741072419636,0.5219718695398063,7.197359973412837e-07
P05137,Average,0.9878927590750457,0.012107240807755298,1.1719903311348057e-10
P07628,Average,0.9833211115361149,0.016678888287718196,1.7616702923963433e-10
P02466,Excellent,8.92541095277571e-09,0.03649426299076987,0.9635057280838193
P08018,Average,0.9999978195033309,2.180496669093456e-06,7.799389564187381e-18
P03663,Average,0.7118615511306946,0.28813818181548373,2.670538217030559e-07
P05431,Good,0.0003157220092042078,0.9718188427875635,0.027865435203232296
P03426,Good,0.002171412994031565,0.9977283477654904,0.00010023924047816937
P01712,Excellent,2.42375822392039e-21,2.4045178419429895e-08,0.9999999759548216
P02714,Excellent,1.6049854024190873e-12,0.0010932350526892472,0.9989067649457057
P02667,Excellent,3.971595086742495e-06,0.7829852137717039,0.2170108146332093
P08398,Excellent,1.6259901558878163e-18,9.381168264314181e-07,0.9999990618831737
P05885,Average,0.9193575134475758,0.08064245913857884,2.7413845465908057e-08
P08607,Good,0.000716743103456056,0.9763233267038782,0.022959930192665724
P02884,Good,0.00036067660193563967,0.9885835292963743,0.011055794101690062
P05645,Excellent,3.357583263370413e-08,0.12320255582594619,0.8767974105982211
P06927,Excellent,4.249745274145724e-15,2.7855771225268073e-05,0.9999721442287705
P08236,Good,1.2784345005801535e-06,0.7331437724329385,0.2668549491325608
P06229,Good,0.0016065071066661495,0.9977620627046395,0.0006314301886943173
P02492,Good,6.655166269005144e-07,0.409696898350294,0.5903024361330792
P09101,Average,0.9886545884325122,0.011345411529694012,3.779394949602562e-11
P08223,Excellent,2.10931317406471e-09,0.06321555643563283,0.936784441455054
P04614,Excellent,1.1019717412175025e-11,0.0016158733563423175,0.9983841266326379
P01564,Average,0.998031095232777,0.001968904739254504,2.796832119838019e-11
P03871,Excellent,4.934939661744462e-19,6.87531012783565e-07,0.9999993124689872
P06456,Excellent,5.4180743033899206e-08,0.10013487759002578,0.8998650682292313
P00529,Good,9.649206493196795e-07,0.4848994344680118,0.5150996006113389
P08193,Good,0.00016044652138616307,0.9394734997556126,0.0603660537230012
P05525,Good,0.17685718284301272,0.8231259517673043,1.6865389683025362e-05
P04451,Average,0.9999984559850078,1.5440149922415424e-06,8.833454555891961e-19
P03407,Excellent,5.85014297187394e-09,0.03557551869266518,0.9644244754571919
P08949,Excellent,9.06670115426583e-09,0.04312747092208237,0.9568725200112164
P08647,Average,0.9456326486872455,0.05436735007621548,1.2365391163800082e-09
P00986,Excellent,1.0214661177586086e-08,0.04674606262246088,0.9532539271628779
P06944,Good,0.0039733302811114654,0.9949688713500815,0.0010577983688071064
P01373,Excellent,5.319820550184454e-09,0.026167835851910907,0.9738321588282687
P05883,Average,0.5757311504649467,0.4242687243154842,1.2521956916815576e-07
P01755,Average,0.9990210979803719,0.0009789020194496266,1.785573066047947e-13
P03812,Excellent,3.600297883032273e-20,4.2534862308480564e-07,0.999999574651377
P08519,Good,0.009479649820247781,0.9902510882633198,0.00026926191643246303
P08091,Good,2.386994407149391e-05,0.8438640239490522,0.1561121061068763
P02747,Average,0.9300833231732016,0.069916669797982,7.02881646613446e-09
P04327,Good,0.0011007968072767734,0.9912472971080445,0.007651906084678684
P09314,Good,2.0987576781058763e-07,0.27858178089617686,0.7214180092280554
P05261,Good,0.05097101325631244,0.9489775456749581,5.1441068729465937e-05
P05711,Good,0.018033344033743445,0.981723633625704,0.00024302234055255305
P04659,Good,0.1774550868667052,0.8225417145300479,3.198603246859423e-06
P05312,Good,7.5488456651390316e-06,0.6249201100452496,0.3750723411090853
P07338,Good,0.122798677873788,0.8771803806297721,2.0941496439948393e-05
P08854,Good,0.00014626415240329764,0.9289011340158755,0.0709526018317212
P07898,Average,0.9826277740087696,0.017372225360227932,6.310024618113483e-10
P07349,Excellent,7.670916433069675e-17,6.170838632294842e-06,0.9999938291613677
P09813,Good,0.0025587650425725815,0.9946159521822192,0.002825282775208184
P08075,Good,0.002015557539651352,0.9964036289673583,0.0015808134929902152
P05824,Excellent,1.6708519439220399e-09,0.04526083771925442,0.9547391606098937
P07703,Average,0.9243535657070916,0.0756463518306596,8.246224871244599e-08
P06723,Average,0.9996957218023776,0.0003042781975478477,7.468382184234488e-14
P06317,Excellent,1.3536951690899933e-07,0.2951235557221447,0.7048763089083384
P00557,Good,8.321924453000818e-06,0.816376371101946,0.18361530697360096
P02809,Excellent,1.6508428188217096e-08,0.07071658498816231,0.9292833985034096
P04983,Excellent,1.215625129601174e-10,0.004880833297081145,0.9951191665813562
P02740,Good,0.093126612544652,0.9068661983744373,7.189080910840845e-06
P02301,Excellent,1.0957881957040551e-11,0.0021491735506970902,0.997850826438345
P08100,Average,0.9125267380902762,0.08747323671426392,2.5195459771645287e-08
P01091,Good,0.0004477542485566339,0.9910022300537028,0.008550015697740687
P02508,Good,0.23608803520902505,0.763902748447006,9.216343968885048e-06
P01176,Excellent,3.560982386715919e-10,0.016089863913175143,0.9839101357307266
P02140,Good,3.4063034953121646e-06,0.6884623971381957,0.311534196558309
P04488,Average,0.8950146640496923,0.1049853254654121,1.0484895493035861e-08
P01594,Average,0.9999991476690439,8.523309560916956e-07,1.2653669493209503e-19
P07921,Average,0.9999968612790727,3.1387209272188614e-06,7.19375908449144e-18
P09401,Good,0.00040545441124662933,0.9853967561365982,0.014197789452155265
P03349,Excellent,2.356318032431555e-08,0.11277406680759208,0.8872259096292275
P03162,Good,3.4614334650653635e-08,0.08969125768213933,0.910308707703526
P06751,Excellent,2.726522762239196e-20,6.912504572869798e-08,0.9999999308749542
P06765,Excellent,4.100906992880468e-12,0.001062328097315924,0.9989376718985834
P09705,Good,4.008699560241263e-05,0.9403591219789479,0.05960079102544971
P02159,Excellent,7.73101500397054e-16,3.3615888889224876e-05,0.99996638411111
P08162,Good,0.19458589013825475,0.8053941910441578,1.9918817587485897e-05
P07094,Excellent,2.43448120640185e-11,0.0023412172431633424,0.9976587827324916
P02608,Excellent,1.9851945343594315e-11,0.006204394791942364,0.9937956051882059
P02068,Average,0.9841278437023856,0.015872156227779398,6.983497093181535e-11
P06050,Good,0.0057234037396019085,0.9941420229446625,0.00013457331573565277
P00341,Excellent,4.197078685319107e-10,0.011652001826100846,0.9883479977541912
P02820,Good,0.0036230348938050797,0.9955970716008933,0.000779893505301753
P01820,Excellent,6.902214017030953e-14,5.948412198260977e-05,0.9999405158779482
P05488,Excellent,3.2356723704739365e-10,0.01806861725959827,0.9819313824168344
P09087,Good,0.0357102110284325,0.9642671225483231,2.2666423244309544e-05
P09674,Excellent,9.45932648812482e-19,2.5621727702135367e-07,0.9999997437827229
P00844,Average,0.9999298723658344,7.012763416538679e-05,3.224825078345813e-16
P09993,Excellent,7.891359695214543e-08,0.23988210934859008,0.7601178117378129
P00884,Good,1.549258446986933e-07,0.32663240493239093,0.6733674401417642
P02324,Average,0.6429913639976332,0.35700729142052445,1.3445818424201535e-06
P01293,Good,3.1836177161837505e-05,0.8464672698151524,0.15350089400768574
P03020,Excellent,1.394640434011704e-09,0.046273505284719185,0.9537264933206403
P09424,Good,0.12402865962444959,0.8758796631039933,9.167727155703353e-05
P03024,Good,1.0350657511028474e-08,0.09968168566892653,0.900318303980416
P03608,Good,2.677088325677839e-05,0.797906654582303,0.20206657453444024
P04275,Average,0.996011752888009,0.003988247104875914,7.1148296695273526e-12
P06788,Good,0.01359352096999124,0.9862707523860329,0.0001357266439759325
P09770,Excellent,1.0306588538775894e-10,0.0034774392488562127,0.9965225606480781
P02077,Average,0.7464329801846591,0.253567007205433,1.2609907954849503e-08
P07936,Excellent,8.404674704584976e-09,0.06176797778335392,0.9382320138119713
P00391,Excellent,1.7025038636103785e-11,0.0011381402971817995,0.9988618596857933
P00320,Average,0.9999684291227593,3.157087723947092e-05,1.2645013324611724e-15
P02400,Excellent,2.432810472719051e-14,5.841486848314907e-05,0.9999415851314924
P05673,Good,0.023966405436663295,0.975916423957857,0.00011717060547964349
P04692,Excellent,1.7566115188300716e-14,5.3279761214007974e-05,0.9999467202387684
P07032,Good,0.21996281776647653,0.779992299961922,4.48822716014847e-05
P09386,Average,0.46046219583595605,0.5395375263099645,2.778540793776673e-07
P01302,Excellent,6.138825181945168e-09,0.1526630308824392,0.8473369629787356
P03759,Excellent,3.399127014901229e-11,0.00574265424824318,0.9942573457177657
P09692,Good,0.004391050027819452,0.9938071515961141,0.0018017983760664992
P06742,Good,0.0011777742941686449,0.9967391292894754,0.0020830964163560985
P09221,Good,7.143813753967579e-05,0.9696845383635818,0.03024402349887854
P03023,Average,0.9909547043829345,0.009045295569663834,4.740173207719476e-11
P04739,Good,0.22980206267739337,0.7701970837080678,8.536145389343377e-07
P03057,Excellent,2.8391535439313154e-11,0.001097943034934473,0.9989020569366738
P03128,Average,0.9996459827030267,0.0003540172969362321,3.7122985280580434e-14
P05736,Excellent,1.7296905136102527e-16,5.887211611021759e-06,0.9999941127883888
P05144,Average,0.9944481568118055,0.005551843090140688,9.805363310489159e-11
P08152,Excellent,8.093050793606046e-09,0.04798212419484806,0.9520178677121012
P08034,Excellent,3.727842292939655e-09,0.020186168855930886,0.9798138274162269
P07937,Good,0.04075494894306224,0.9590459232967934,0.00019912776014447862
P01506,Good,0.1831882726029713,0.8168092508643413,2.476532687422324e-06
P08908,Good,0.00015907096860623277,0.9813223532119942,0.01851857581939953
P06254,Good,0.0023864939245040718,0.9965570999105737,0.0010564061649221386
P04761,Average,0.4498792908391054,0.5501198026394505,9.065214441536092e-07
P05214,Excellent,5.370666043808693e-17,5.3803098401914965e-06,0.9999946196901598
P02544,Average,0.8862619273923081,0.11373802940758763,4.3200104293434054e-08
P06647,Average,0.9823211716169252,0.017678828094892938,2.881817408486236e-10
P09166,Good,4.6625503144646655e-05,0.9761507496528345,0.023802624844020768
P04876,Average,0.9999999999838891,1.611080927755711e-11,4.125692606753984e-29
P03734,Excellent,5.3357198485006116e-11,0.003268100974929858,0.9967318989717131
P02286,Excellent,1.9875666047900545e-16,4.710625509794646e-06,0.99999528937449
P02011,Excellent,9.07013802375721e-06,0.4901041680970304,0.5098867617649457
P03246,Average,0.9996563462384638,0.0003436537610813141,4.547501265101023e-13
P03322,Excellent,3.4036985927418415e-11,0.0037962967251237495,0.9962037032408393
P06245,Average,0.9544914593369673,0.04550845840464132,8.225839118857664e-08
P08474,Excellent,2.791759024812878e-09,0.07944182929028618,0.9205581679179548
P01408,Average,0.9943092644768827,0.005690735367110947,1.5600628966521755e-10
P04768,Average,0.9809118909814479,0.0190881089002851,1.1826712692128167e-10
P07669,Average,0.9991165368475629,0.0008834631446181096,7.819086723780006e-12
P09140,Average,0.9999999951032423,4.896757588224219e-09,1.9968533633420523e-23
P04744,Good,0.03227020628555011,0.9676991175420028,3.0676172447196147e-05
P09028,Average,0.9918123275368305,0.008187671579213077,8.839565201975383e-10
P08868,Good,0.10847140046739583,0.8915185804641614,1.0019068442782529e-05
P07508,Good,9.535964380642305e-06,0.48058219695033294,0.5194082670852864
P01796,Excellent,1.3395536502504745e-16,4.4133948692448254e-06,0.9999955866051305
P01582,Good,0.01605386082767018,0.9837663181976077,0.00017982097472195346
P06738,Good,3.059600583534307e-05,0.9640964336473056,0.03587297034685908
P04585,Excellent,1.1649729422185778e-14,8.119248093928628e-05,0.9999188075190492
P04390,Average,0.92586323470469,0.07413673536028571,2.99350243095546e-08
P00540,Excellent,3.5836603932237607e-14,4.4992198280459345e-05,0.9999550078016838
P03354,Average,0.9795135434599321,0.020486456462643503,7.742433741660663e-11
P07473,Excellent,4.436129345124066e-07,0.2214312270776348,0.7785683293094307
P07062,Average,0.9819678018543423,0.018032193823901085,4.321756656271979e-09
P03267,Average,0.9967358243625455,0.003264175625151157,1.2303480036901028e-11
P05579,Good,0.042528442537327446,0.9574127702230202,5.878723965245028e-05
P08676,Excellent,2.155989382474283e-09,0.03392744433789934,0.9660725535061113
P05167,Excellent,7.274768889204395e-18,5.622675314025944e-07,0.9999994377324686
P05442,Excellent,4.5909117548178344e-11,0.005783461830448249,0.9942165381236426
P05043,Average,0.9999876195146264,1.2380485373504016e-05,2.348083914159448e-17
P03643,Good,2.1987138663775822e-06,0.9471986164003419,0.052799184885791724
P05418,Excellent,7.210774545437946e-12,0.001076807754065022,0.9989231922387243
P08651,Excellent,7.956428991623413e-07,0.2791297484118668,0.7208694559452341
P02120,Average,0.9999559482926624,4.4051707337164334e-05,5.261491069162707e-16
P03478,Excellent,4.677121659833207e-06,0.46804277100723374,0.5319525518711063
P08219,Good,0.0016244694492918814,0.9964751944489613,0.0019003361017467582
P07810,Good,0.02918887087599741,0.9708040302645975,7.098859405172299e-06
P07725,Good,0.009013368911973676,0.990525916378009,0.0004607147100174354
P08776,Excellent,2.347547945142491e-09,0.0295127458077553,0.9704872518446968
P05013,Average,0.9997914041296452,0.00020859587032628256,2.832585792595306e-14
P06028,Excellent,3.2986993473522176e-14,5.627083850152952e-05,0.9999437291614655
P02404,Excellent,2.2677940863414102e-09,0.02332905210825706,0.9766709456239488
P03029,Good,0.00892548871448054,0.989894205462212,0.0011803058233075643
P08390,Good,1.5602563309095246e-05,0.9751401508172515,0.024844246619439448
P04313,Average,0.9999988334825517,1.1665174484112126e-06,1.2506828902565257e-18
P08758,Excellent,1.1233233894217874e-12,0.0009458193586193279,0.9990541806402574
P08806,Excellent,9.319971298717369e-11,0.007564151938363932,0.9924358479684365
P04811,Excellent,5.1013219567863034e-06,0.5058779555961102,0.49411694308193305
P08239,Excellent,7.450000209352505e-14,0.00011815653312004125,0.9998818434668054
P00336,Excellent,2.4382912664773878e-20,1.5048758594922593e-07,0.999999849512414
P05697,Good,0.0038571754911765886,0.9949895985829007,0.001153225925922721
P00530,Excellent,3.3509356179481665e-06,0.7414217875319747,0.25857486153240733
P02735,Average,0.6953073312751633,0.30469241890490373,2.498199330053434e-07
P09412,Excellent,7.943535834800104e-08,0.1643767269606928,0.8356231936039488
P01884,Average,0.9999997641584425,2.3584155742937837e-07,3.7419411329319375e-20
P05980,Average,0.9986397605970238,0.001360239395415406,7.560716312210455e-12
P09047,Good,0.000652059994482495,0.9704341789675585,0.028913761037958965
P07616,Average,0.951333446398097,0.04866654028215965,1.3319743244899453e-08
P00255,Good,0.6383354415029855,0.36166335838255226,1.2001144622553075e-06
P01086,Good,0.008208920268449443,0.991641136004672,0.000149943726878471
P04849,Excellent,1.1561422281013369e-14,3.366582058360225e-05,0.9999663341794048
P00868,Good,0.0005421967350562717,0.9861025456321217,0.01335525763282209
P05901,Good,0.7966858674687458,0.20331409485443258,3.767682163323296e-08
P04173,Good,7.099310145109734e-08,0.08059964781861714,0.9194002811882814
P03103,Excellent,2.626159127961697e-09,0.01999416027858658,0.9800058370952542
P00171,Excellent,7.556147164245389e-11,0.0021090531694326325,0.9978909467550058
P06737,Good,0.49683460736911644,0.5031649582647351,4.343661484853479e-07
P08901,Good,0.05528417770366854,0.9446925740954447,2.3248200886782525e-05
P09690,Excellent,8.389618017915093e-15,3.188171740892504e-05,0.9999681182825827
P01480,Average,0.9999668327811244,3.316721887522868e-05,3.911465320490398e-16
P03483,Average,0.9935232173224511,0.006476782628920581,4.862818354625211e-11
P04787,Excellent,2.2252828115431555e-23,9.927287475777548e-10,0.9999999990072712
P04696,Excellent,3.563615590998825e-24,5.383584366968921e-10,0.9999999994616415
P06581,Good,2.859007593672259e-06,0.2938172180253258,0.7061799229670804
P06919,Excellent,2.1701800336978728e-14,7.163334265315466e-06,0.999992836665713
P06419,Excellent,3.7267852785805113e-06,0.4303667407929257,0.5696295324217957
P01394,Average,0.9262646453538751,0.07373531812194639,3.652417857564452e-08
P06402,Good,0.3017116536207123,0.6982852408331864,3.105546101233835e-06
P00551,Average,0.9999999999689366,3.1063366913624727e-11,2.9134758505544722e-28
P03637,Excellent,7.948225886795394e-09,0.02307029198067187,0.976929700071102
P07440,Good,0.00016057652386796054,0.9934562687086438,0.006383154767488171
P06924,Excellent,1.760543572343242e-12,0.0025543078389645394,0.997445692159275
P02490,Good,2.7336694923916616e-05,0.989623937273851,0.010348726031225204
P01939,Good,0.6691362568343422,0.33086306854330244,6.746223552162428e-07
P05066,Good,2.3250625556865808e-05,0.773045367204563,0.2269313821698803
P00873,Excellent,4.9459212816610185e-09,0.014278923579483713,0.9857210714745949
P05830,Good,0.0014489214907656436,0.9980672354292132,0.00048384308002119174
P04673,Average,0.9965321677313344,0.0034678322597820072,8.883428436644057e-12
P00242,Good,0.005765824888815675,0.993805568521934,0.0004286065892502242
P07311,Good,2.8451627562457584e-06,0.5926313879585705,0.40736576687867315
P07631,Average,0.9999965545271775,3.4454728224894184e-06,2.13751531103921e-17
P09609,Excellent,6.030128951904386e-07,0.4741927287234261,0.5258066682636787
P02115,Excellent,1.5895494450414133e-17,1.4557026361169049e-06,0.9999985442973639
P02371,Good,0.0038594989605775895,0.9957938878128095,0.0003466132266129278
P01843,Good,1.2824658156257905e-06,0.5608700287874908,0.4391286887466935
P09881,Average,0.998785113946023,0.001214886023075181,3.09017990427612e-11
P02737,Good,0.16914073588364537,0.8308568722595043,2.391856850385066e-06
P02481,Good,0.0009106685255215011,0.991509012338061,0.007580319136417444
P01351,Good,0.10502531070808463,0.8949647326619515,9.956629963836044e-06
P05773,Excellent,6.304609815018539e-12,0.002204823390712645,0.9977951766029829
P06414,Average,0.9995506850164053,0.00044931498355710336,3.743052105766553e-14
P00765,Good,1.2644339975549958e-05,0.9267758338616922,0.07321152179833221
P06112,Good,0.22185718953133926,0.7781298139422274,1.2996526433536651e-05
P04616,Good,0.9581123069273467,0.041887686066296975,7.0063563994738365e-09
P03685,Excellent,3.94692203846935e-12,0.0005629353611843414,0.9994370646348688
P07942,Good,4.872561263792612e-05,0.940210194426336,0.05974107996102602
P03467,Good,2.048067743795969e-05,0.9873106794317031,0.012668839890858916
P00460,Good,6.085108755224196e-07,0.5537429583740727,0.4462564331150518
P04747,Average,0.9999992459274314,7.540725685967767e-07,3.848170706988393e-19
P07536,Good,0.2374338681800591,0.7625572474521924,8.884367748381358e-06
P02264,Good,0.2974001174204944,0.7025980355518436,1.8470276620897531e-06
P01062,Excellent,3.3492710575158507e-13,0.0004685509414600052,0.999531449058205
P02398,Excellent,2.9411332559064997e-15,2.2262107703322458e-05,0.9999777378922938
P00224,Excellent,2.1314749266677824e-08,0.0460908696832161,0.9539091090020347
P03683,Excellent,2.3081671922119777e-12,0.0011993470041908585,0.998800652993501
P02779,Excellent,1.5380996546281892e-11,0.0025892485611070637,0.9974107514235119
P05706,Excellent,2.1567354579127866e-11,0.00138578327740202,0.9986142167010306
P09830,Good,1.1932748436028266e-05,0.8505671619082704,0.14942090534329353
P00496,Excellent,2.6788918844039976e-10,0.01375006778910784,0.9862499319430029
P06632,Excellent,2.3968357285914913e-09,0.022138916051325393,0.9778610815518389
P09826,Excellent,4.0701835913756515e-15,1.5321076077174492e-05,0.999984678923919
P07285,Excellent,4.114719627042364e-07,0.4304780785225249,0.5695215100055124
P02853,Good,0.055959423036827,0.9440316986143861,8.878348786955478e-06
P03342,Excellent,3.215175647695195e-12,0.0009438264424561245,0.9990561735543286
P04574,Excellent,6.447516176540808e-11,0.0029537741193292697,0.9970462258161954
P00737,Excellent,3.214991003143755e-08,0.20786670179397568,0.7921332660561142
P01885,Good,0.012132610890974562,0.9878358071057614,3.158200326407457e-05
P07562,Excellent,6.2114671044734325e-24,3.2980728524393747e-09,0.9999999967019271
P03664,Excellent,1.621811646499638e-07,0.2797252018365885,0.720274635982247
P07210,Average,0.9999983983940118,1.6016059881801831e-06,2.4018859081537158e-18
P07069,Excellent,5.373861197301051e-13,0.0002764330617693129,0.9997235669376932
P09578,Excellent,5.36272127038485e-16,1.7124630597840666e-05,0.9999828753694017
P08270,Good,8.949030851320221e-05,0.9564544090449283,0.04345610064655854
P02243,Good,0.0016800452789591178,0.9937805208131916,0.004539433907849204
P01695,Good,1.3925602902411704e-05,0.7475697173763663,0.2524163570207314
P03287,Good,7.334203322933e-06,0.7371603419004328,0.26283232389624434
P08988,Good,0.00029266601871727336,0.989715643574295,0.009991690406987684
P01243,Excellent,9.484538409291628e-14,0.00018581920739382438,0.9998141807925114
P03210,Excellent,6.454483140676257e-14,0.0004944043588206947,0.9995055956411147
P03013,Good,0.1828939072014705,0.8170708653624912,3.5227436038372164e-05
P08213,Excellent,3.629668226326319e-11,0.00612146425664828,0.993878535707055
P03306,Good,0.4846763252034341,0.5153232288201002,4.4597646570385067e-07
P04294,Good,0.00012903119492992294,0.9952902227346753,0.00458074607039479
P01234,Average,0.9947760354779843,0.005223964497970052,2.404548597787619e-11
P02351,Excellent,1.8136035218512198e-18,4.3249206938284086e-07,0.9999995675079306
P07182,Average,0.9993382857330325,0.0006617142664657096,5.016244479946183e-13
P03121,Excellent,9.568974756829595e-11,0.006945034516957581,0.9930549653873527
P03745,Good,0.000361874371351198,0.9851697012846031,0.014468424344045732
P08623,Excellent,1.3031155488745357e-15,1.455460240687387e-05,0.9999854453975917
P02039,Good,0.015228208406376452,0.9840882582552174,0.000683533338406195
P08443,Average,0.3659478045172538,0.6340515053101019,6.901726441802074e-07
P08030,Excellent,1.3788295641333444e-17,1.7813539151028582e-06,0.999998218646085
P09311,Excellent,5.429973560991964e-10,0.025678192163848573,0.9743218072931542
P04231,Average,0.9995150992812738,0.0004849007186841585,4.1849937702537546e-14
P06857,Excellent,1.946705283436318e-23,1.539336867690879e-09,0.9999999984606631
P00046,Excellent,1.214552048715646e-09,0.027014317971334655,0.9729856808141133
P01602,Good,0.00016443285105768968,0.9824862707873554,0.017349296361586865
P06958,Good,0.011707046101045296,0.9880471448850463,0.0002458090139083994
P02561,Excellent,8.380451069733333e-09,0.03807167298016842,0.9619283186393804
P04804,Excellent,8.403883680552596e-14,0.00012770818844676717,0.999872291811469
P08668,Good,0.025258568028151886,0.9741978325895307,0.0005435993823174551
P03102,Good,0.00033030661613184855,0.9970475374121245,0.002622155971743673
P04873,Excellent,6.0060657269206824e-15,3.111087047282555e-05,0.9999688891295213
P03724,Excellent,1.4414218056494176e-19,2.2661013098985926e-07,0.999999773389869
P09435,Good,0.0003689157667681316,0.9823272902423398,0.017303793990892158
P00476,Excellent,1.633976258432476e-10,0.016422015643924363,0.983577984192678
P09452,Good,4.266834886106195e-06,0.8813395124882399,0.11865622067687408
P06622,Good,2.6777236362821026e-07,0.5695803606830893,0.4304193715445471
P00792,Average,0.9999900082406193,9.991759380731951e-06,1.4215964985591516e-17
P00383,Good,0.025999259203422574,0.973888751001575,0.00011198979500228865
P02789,Average,0.9993966259791712,0.0006033740199167048,9.120103936373704e-13
P01556,Good,0.01674045324660336,0.9830965741697908,0.00016297258360581555
P04715,Excellent,2.2466867740073762e-08,0.11030600781785423,0.8896939697152781
P05710,Good,0.7631908041824632,0.2368089128576203,2.8295991635760725e-07
P04278,Excellent,6.408438218834756e-11,0.0028977010957923705,0.9971022988401232
P04639,Good,0.0009477728338222023,0.9925179888667306,0.006534238299447273
P06127,Good,0.20603793777230922,0.7939471419437307,1.4920283959980636e-05
P04023,Good,0.003798450875502826,0.9942244395472558,0.0019771095772413397
P05800,Good,0.7061789779700948,0.29382099961370844,2.241619679148592e-08
P06386,Excellent,3.786477122539691e-08,0.08474439198722436,0.9152555701480044
P04830,Average,0.9930966460760333,0.006903353902585215,2.1381419813390132e-11
P07734,Good,0.0007424647371839114,0.9968594820900548,0.002398053172761312
P04947,Excellent,5.579928108597802e-19,2.471145441335798e-07,0.9999997528854558
P05682,Average,0.9927247772678599,0.007275222695798889,3.634133143003674e-11
P05241,Good,0.0003956042402310857,0.987615973338895,0.011988422420874015
P07262,Excellent,8.23165041963408e-07,0.3447991850874184,0.6551999917475396
P04539,Good,0.0002642096336814848,0.9876062930217245,0.01212949734459401
P09286,Good,0.017241849370576004,0.9826768831022902,8.126752713385658e-05
P06457,Good,0.01187533924138085,0.9879922735746598,0.00013238718395920844
P02517,Excellent,1.7288901052528763e-09,0.01002013172082305,0.9899798665502868
P01690,Excellent,8.38538497263027e-18,9.506195619643174e-07,0.999999049380438
P06275,Excellent,6.188155577781634e-19,7.088587872255654e-07,0.9999992911412128
P00630,Good,4.658236304310215e-06,0.7779851522103395,0.22201018955335622
P07741,Excellent,3.849207461900963e-13,0.00022654646464472279,0.9997734535349703
P07996,Good,0.0005205408277492077,0.9846334747596919,0.014845984412558926
P02105,Good,6.991312107218082e-07,0.46161741288445185,0.5383818879843375
P06631,Good,0.03350646006172544,0.9662660202291914,0.00022751970908322373
P08392,Good,1.1707292116157659e-05,0.856203983497428,0.1437843092104558
P07405,Good,1.031936623691945e-05,0.94315599451196,0.056833686121803166
P03774,Good,0.3749164808079072,0.6250803900367576,3.1291553351182766e-06
P03629,Average,0.9900090486194959,0.009990951298564945,8.193908193805013e-11
P01942,Excellent,1.3445233250892e-08,0.06900511385813923,0.9309948726966275
P04896,Average,0.9656179049514827,0.034382093645081414,1.4034357388183042e-09
P05466,Average,0.901749770071927,0.09825019179759181,3.8130481069737773e-08
P07370,Good,0.013923479935099752,0.9859755794944199,0.00010094057048042789
P03428,Good,3.1342239418018796e-05,0.9857095018339624,0.014259155926619662
P02478,Average,0.9999238481548806,7.615184509869591e-05,2.0953902661625798e-14
P04481,Good,1.6532949148652893e-05,0.9137463981882821,0.08623706886256935
P07595,Excellent,7.02075546782556e-08,0.18664571989339648,0.8133542098990488
P04019,Good,0.015283388098325223,0.9844153993377546,0.0003012125639201075
P01944,Good,0.001530317502057472,0.997452068383617,0.00101761411432553
P02546,Good,0.0011069010036644307,0.996784716167013,0.0021083828293226186
P08465,Average,0.9973249849241308,0.002675015060480568,1.5388677004735748e-11
P04829,Good,0.1309763488523076,0.8690180985401349,5.552607557516164e-06
P07981,Good,0.059827028860501015,0.9401675087159416,5.462423557282431e-06
P06118,Excellent,4.063124361091425e-18,1.4633259447646714e-06,0.9999985366740552
P01310,Average,0.9556598644164036,0.044340133453615864,2.129980429205028e-09
P02049,Good,0.0007725963667459731,0.9971236679160684,0.002103735717185662
P00662,Excellent,9.058561266788077e-12,0.0014355127873245637,0.9985644872036168
P07097,Excellent,1.017958437251304e-05,0.8561883510172202,0.1438014693984073
P04866,Average,0.9999996725140758,3.27485924155326e-07,8.630885272431856e-20
P07573,Average,0.5908555720454997,0.4091441626558968,2.652986035100431e-07
P07344,Good,0.0020707666374145655,0.9886400732761793,0.00928916008640611
P04533,Excellent,1.5107004859103716e-09,0.027753732563095813,0.9722462659262037
P07798,Average,0.9970835792494711,0.002916420725226151,2.530277190432063e-11
P00960,Average,0.6429603153651201,0.357039289309785,3.9532509492650314e-07
P01561,Good,0.0020051799907302584,0.9899140993096174,0.008080720699652396
P05622,Good,2.083348104676771e-06,0.620007318533416,0.3799905981184794
P05705,Excellent,1.75399503459152e-10,0.013072484831954447,0.9869275149926461
P05815,Average,0.9999992139949184,7.860050816939252e-07,4.349355852459068e-19
P01004,Good,0.7458034289005927,0.25419639616265133,1.7493675593717548e-07
P06443,Good,9.960074098386132e-07,0.5546954903021579,0.44530351369043225
P05809,Good,0.000721518735016048,0.9960782255406003,0.0032002557243835756
P00922,Good,3.0256048108575947e-07,0.22750633601373363,0.7724933614257854
P00891,Excellent,2.042377465049293e-12,0.001146632487553548,0.9988533675104039
P05223,Good,0.002343039383332616,0.9970939095059952,0.0005630511106723431
P01222,Good,2.4592745363254293e-05,0.7845571579456793,0.21541824930895756
P01886,Good,0.012489228157355162,0.9874314626507775,7.930919186744355e-05
P03085,Excellent,3.275416091037682e-10,0.013183617844291076,0.9868163818281674
P09559,Average,0.9979816326364744,0.002018367358140768,5.384901205937681e-12
P01026,Good,0.00016539297223504732,0.9838957239054508,0.015938883122314076
P08689,Good,5.196628945748072e-06,0.8490246806115254,0.1509701227595289
P00775,Good,0.22263114877827356,0.7773618734815947,6.977740131848844e-06
P05863,Excellent,1.2059093870192782e-14,6.0023397076727724e-05,0.9999399766029112
P03512,Average,0.9932749789811075,0.006725021004802055,1.4090424173867472e-11
P04110,Excellent,5.053446049295458e-09,0.013796522163724312,0.9862034727828298
P09331,Good,0.0005384178330940947,0.9776373243839628,0.021824257782943064
P06860,Excellent,3.370717412184816e-08,0.17832194375830368,0.8216780225345222
P00409,Good,0.6457447322222157,0.3542532847786702,1.982999114106121e-06
P02961,Average,0.3344449579059248,0.665552668052055,2.3740420202057566e-06
P04189,Excellent,7.678575189910081e-12,0.0016230756489622655,0.9983769243433592
P07932,Excellent,8.889747663190854e-14,0.0002769733581816523,0.9997230266417296
P06899,Good,0.005257053438356356,0.9937363781027287,0.0010065684589148926
P02817,Excellent,1.2251995149009877e-18,6.07615332895356e-07,0.999999392384667
P01751,Excellent,6.647005196560974e-07,0.47268089972924165,0.5273184355702387
P05563,Excellent,1.8200381545199008e-20,8.262102938885478e-08,0.9999999173789705
P02061,Average,0.993914679224426,0.006085320772025661,3.5482346972880383e-12
P02113,Average,0.9999632098827297,3.679011726975581e-05,4.598705626892893e-16
P04428,Average,0.9427457177127457,0.05725428114436953,1.142884831160276e-09
P05728,Excellent,1.964579181568275e-08,0.09045826406543289,0.9095417162887752
P01642,Excellent,3.6831988063241805e-10,0.012030866016671783,0.9879691336150083
P00293,Average,0.9113011440543531,0.0886988513192158,4.6264309026699235e-09
P01084,Good,0.8966561111742027,0.10334369243955153,1.9638624566677424e-07
P09079,Excellent,3.959201768446049e-08,0.059697908211765204,0.9403020521962172
P07240,Good,7.861544421316199e-05,0.9934064601558935,0.006514924399893382
P04679,Good,0.0007698508316895791,0.9963078635279454,0.002922285640364904
P06835,Average,0.9986822518283544,0.0013177481679297655,3.715998180826575e-12
P02032,Excellent,3.145609350072963e-11,0.0016962430039627154,0.9983037569645812
P02903,Excellent,3.768252498819573e-16,2.65947384507571e-05,0.9999734052615488
P08104,Average,0.9811901260545853,0.01880987368976561,2.556492093566025e-10
P03513,Good,0.0042188458601131055,0.9956193735859199,0.0001617805539669748
P08538,Good,0.0009285921561686981,0.9981614962106167,0.0009099116332145037
P02263,Good,0.23868085936007585,0.7612931606063144,2.5980033609793332e-05
P00085,Good,0.01680006802953083,0.9830384219939633,0.00016150997650591465
P03201,Excellent,1.1497755385497142e-11,0.001952023461337232,0.9980479765271649
P07897,Good,0.03837427370969142,0.9613820290078279,0.00024369728248075737
P08652,Good,0.6754608375316574,0.32453913805676554,2.4411577005900704e-08
P08674,Excellent,6.794288315726721e-14,0.0003136466244428187,0.9996863533754893
P04422,Good,1.600064640074301e-05,0.8044643656252544,0.19551963372834494
P04078,Excellent,7.883194897821895e-19,3.32424041769022e-07,0.9999996675759583
P05384,Good,0.0005345822635781134,0.9953589132040337,0.004106504532388061
P03138,Good,0.0007433460254158476,0.9978331633424161,0.0014234906321681
P08660,Good,6.163600661670801e-05,0.9664130150805571,0.03352534891282628
P01452,Average,0.9999954989784551,4.501021544932878e-06,3.984511944799709e-17
P02878,Good,2.500824753062314e-06,0.3176418077586736,0.6823556914165733
P00644,Excellent,2.0916153415510218e-08,0.04526794763335053,0.9547320314504961
P03963,Good,0.00015729151041338972,0.9786139980713366,0.021228710418249964
P02214,Average,0.9872437423951701,0.012756257507848949,9.698098201603929e-11
P01369,Good,4.3791444496141115e-06,0.6811328945405722,0.3188627263149782
P04506,Average,0.9998296233030901,0.00017037669690754133,2.476397585841544e-15
P08545,Average,0.9999962599467812,3.7400532187372443e-06,1.1318783729778353e-17
P03175,Average,0.550563834670662,0.4494352473338727,9.179954653015856e-07
P05877,Good,8.995304448918911e-06,0.6935460637292115,0.3064449409663396
P07864,Average,0.9940643205893462,0.005935679371642679,3.9011106404437205e-11
P01687,Excellent,1.5338271607349055e-20,9.377726030686002e-08,0.9999999062227397
P07830,Average,0.7130059254964451,0.28699403078097235,4.372258241520386e-08
P00949,Good,1.7403100864037675e-05,0.9268838064541802,0.07309879044495568
P06916,Excellent,4.085007052709952e-07,0.25167875925946787,0.7483208322398268
P00918,Good,0.014155398310983064,0.9857353033165831,0.00010929837243372704
P00647,Excellent,3.060820297760791e-13,0.00012968930731132387,0.9998703106923824
P06089,Good,0.00016261570787592293,0.9950495477022209,0.004787836589903149
P08353,Good,6.004780087616704e-06,0.8721553011809355,0.1278386940389768
P02041,Good,0.01746318548781601,0.9819796051314311,0.0005572093807529353
P07714,Excellent,2.762375583770499e-15,2.0146637539917716e-05,0.9999798533624574
P08138,Good,0.23906545301785886,0.760914119336651,2.0427645490138177e-05
P09265,Excellent,3.944348922503435e-07,0.4226227865190902,0.5773768190460177
P07943,Excellent,3.970266279049625e-17,1.1713297843510608e-06,0.9999988286702157
P02674,Excellent,5.076543256046127e-13,0.00021810753394538039,0.9997818924655469
P00932,Excellent,6.5801129719345095e-12,0.0007658208130864845,0.9992341791803334
P02092,Excellent,1.4415487137741386e-10,0.006738640768227578,0.9932613590876177
P00431,Good,0.18234148329846875,0.8176280029205821,3.0513780949085755e-05
P07376,Excellent,5.536729556940627e-10,0.016017067560800076,0.9839829318855271
P06885,Good,0.34748400296268595,0.6525157889350783,2.081022355787634e-07
P02573,Average,0.9999983816931365,1.6183068634650372e-06,6.7443293154547194e-18
P01718,Good,0.20278262378021686,0.7971490732826116,6.830293717136842e-05
P08640,Good,0.014513694448298819,0.985135142010106,0.00035116354159513656
P03980,Good,8.819367636369603e-06,0.980043035008964,0.019948145623399617
P05839,Average,0.9968682056199759,0.00313179436864336,1.1380570329866429e-11
P08842,Good,0.7509493502268944,0.24905053719719397,1.1257591179407658e-07
P04613,Average,0.8973569587587958,0.10264297727693265,6.396427142144707e-08
P00523,Excellent,3.1095092648883567e-13,0.00042198559197531224,0.9995780144077138
P00070,Average,0.9961738537923182,0.00382614588807535,3.196065644277511e-10
P09776,Average,0.9998218318175812,0.00017816818239943841,1.9369877204300842e-14
P04082,Good,0.0011350303349526977,0.9973431733230675,0.00152179634197965
P09507,Average,0.24392736059153677,0.7560724276425049,2.117659583959762e-07
P03835,Average,0.9997660476621546,0.00023395233782999718,1.5223850237306407e-14
P05227,Average,0.9042070405611308,0.09579295654109247,2.897776703043326e-09
P02857,Average,0.9999999971582334,2.8417665829580143e-09,1.448031089391696e-24
P03654,Excellent,9.982857313927278e-10,0.028099680466426857,0.9719003185352874
P03462,Average,0.7681200372694463,0.23187971777425798,2.4495629576714344e-07
P02723,Excellent,2.2440819084071897e-09,0.02135177739132542,0.9786482203645928
P09350,Excellent,9.793841903266163e-09,0.038111399542176856,0.9618885906639811
P07258,Excellent,1.2821363832211579e-06,0.5453932360455594,0.45460548181805743
P05393,Average,0.9970532880735773,0.0029467118853460225,4.107676205793799e-11
P02276,Good,0.027716975555367743,0.9721510527706726,0.0001319716739596641
P02147,Good,9.7110829792872e-05,0.9507665381128564,0.04913635105735059
P03522,Good,3.4812951875645754e-05,0.9510744665913538,0.04889072045677072
P00354,Good,6.79988166330135e-05,0.9950199093701698,0.0049120918131971844
P03570,Good,0.25781149208466836,0.7421817159803278,6.791935003775217e-06
P03882,Average,0.6077645484588168,0.39223364493201707,1.8066091662346336e-06
P05487,Excellent,3.4573838732842888e-09,0.07786916254556424,0.9221308339970519
P08211,Good,0.003312517448598435,0.9965400804592919,0.00014740209210975486
P06178,Average,0.9993746866061611,0.0006253133889388182,4.899971387110976e-12
P03093,Average,0.9999990606398443,9.393601556409776e-07,2.097268310910379e-18
P01021,Average,0.9959943767508459,0.004005623190267252,5.888709624364259e-11
P07369,Excellent,4.237928532970365e-22,1.4325356697784126e-08,0.9999999856746433
P05085,Excellent,4.29318873328363e-11,0.0038012850704214774,0.9961987148866466
P00990,Excellent,1.5491753775306013e-11,0.001961345759510159,0.998038654224998
P06031,Average,0.9876302445118943,0.012369755060846165,4.2725961512100693e-10
P02661,Good,0.020342683418359167,0.9789530599309845,0.0007042566506562282
P02308,Average,0.9979550107058884,0.002044989284372878,9.738655736573196e-12
P08144,Average,0.9995299282715108,0.0004700717282664872,2.228608881940232e-13
P00040,Average,0.9670130254287971,0.032986972233385224,2.3378177118307737e-09
P09947,Excellent,4.042305037677106e-08,0.12191242841273536,0.8780875311642141
P07967,Excellent,8.165150997049607e-10,0.01520537052127689,0.9847946286622081
P01326,Excellent,7.727901025758617e-08,0.10553109738059961,0.8944688253403903
P05001,Good,4.44849053126672e-06,0.588787578109713,0.41120797339975573
P08846,Average,0.7333249226205886,0.26667482754313193,2.4983627953761686e-07
P00826,Average,0.9925855478247902,0.0074144521546347895,2.0574985533294025e-11
P02045,Good,0.1871391089702342,0.8128574020514664,3.488978299427765e-06
P03007,Good,5.449498003684902e-07,0.4537334007135621,0.5462660543366376
P09194,Good,0.8523878254550645,0.14761213484805397,3.969688146205853e-08
P09482,Excellent,9.676520900970328e-07,0.6906042090174167,0.3093948233304933
P04727,Good,0.0010826203768325706,0.9984628366678333,0.00045454295533420394
P01455,Excellent,1.9902626347054133e-15,2.3054403152476656e-05,0.9999769455968455
P05372,Excellent,7.189114405607436e-09,0.233956191092998,0.7660438017178877
P08284,Good,0.028900952267772517,0.971005547458403,9.350027382454948e-05
P02087,Good,1.7151065431494206e-05,0.8575727372087286,0.1424101117258399
P04134,Excellent,5.867708186403816e-17,6.318129521215333e-06,0.9999936818704788
P08462,Excellent,1.3831064022740732e-13,0.0002130563821986034,0.9997869436176632
P09693,Excellent,4.3444200209714606e-15,2.9216485409443448e-05,0.999970783514586
P07410,Average,0.15365317803953396,0.8463463735917119,4.483687541304021e-07
P04647,Average,0.999690363327621,0.0003096366722790848,9.986687424128798e-14
P01080,Good,0.005522056688886384,0.9942684531969649,0.00020949011414870552
P07659,Good,0.03517995039326169,0.9647942453962879,2.5804210450371684e-05
P07979,Good,0.018771198412992924,0.9809910799483978,0.00023772163860927157
P08114,Excellent,8.892615863157877e-20,1.236016961165905e-07,0.999999876398304
P03167,Excellent,2.0658474770582835e-07,0.3326132100660793,0.667386583349173
P04240,Excellent,5.170624134953093e-11,0.005097244680558422,0.9949027552677355
P05779,Average,0.99916212192022,0.0008378780794920757,2.880680943464197e-13
P08066,Excellent,2.6738761431458308e-17,2.2946759481093217e-06,0.9999977053240519
P00684,Average,0.9999984423715779,1.5576284220204792e-06,2.863663151530368e-18
P02994,Excellent,3.92557382922068e-17,4.9247253583538475e-06,0.9999950752746416
P06781,Good,3.1796942537098024e-05,0.9736749412985759,0.026293261758887028
P09631,Excellent,1.5712812234247447e-08,0.08396503810677222,0.9160349461804156
P04032,Average,0.9999687791579681,3.1220842031704666e-05,1.2605885766041196e-16
P05549,Good,0.43690443943543184,0.5630902664282175,5.294136350644784e-06
P08820,Excellent,3.056704081365808e-14,0.00012840910182378203,0.9998715908981455
P00541,Excellent,3.076107711000222e-11,0.0011652400328573845,0.9988347599363817
P04666,Good,0.010189823595937455,0.9894845649510945,0.00032561145296813507
P07169,Good,0.23440948098601214,0.7655871465108246,3.3725031633719877e-06
P09490,Average,0.9877187896932019,0.012281210177130688,1.296672960572965e-10
P03280,Average,0.7691680347537808,0.2308318674727302,9.777348888485527e-08
P05785,Good,0.13105527774441886,0.868939480213478,5.242042103220732e-06
P09159,Excellent,1.9396444088339906e-10,0.009164549684606223,0.9908354501214292
P07670,Good,3.1619921884297785e-05,0.9767427380499892,0.023225642028126374
P07395,Excellent,1.0757753692482725e-14,4.932156364961977e-05,0.9999506784363397
P08784,Excellent,5.661287203839501e-17,7.0944671409779286e-06,0.999992905532859
P03941,Good,0.0013697342297523255,0.9979003681016645,0.0007298976685831154
P09200,Excellent,1.6387905684292829e-18,5.425383681642762e-07,0.9999994574616319
P05500,Good,7.835899305467137e-05,0.9186813382340665,0.08124030277287884
P01044,Good,1.3041181295113708e-07,0.22866536743536614,0.771334502152821
P05976,Excellent,2.653683683047741e-11,0.0058232428610325284,0.9941767571124307
P00581,Good,2.6238521650607583e-05,0.9641690709064666,0.03580469057188274
P07196,Excellent,5.739501113339162e-14,0.000218205694381998,0.9997817943055606
P03026,Excellent,2.65297485478815e-09,0.037682075361301706,0.9623179219857236
P03994,Excellent,5.659631213965881e-15,4.2862636240886884e-05,0.9999571373637535
P05262,Average,0.9666032307573831,0.033396768866457385,3.7615946927223914e-10
P08043,Good,0.011960951836104974,0.9880046056713871,3.44424925079439e-05
P04836,Excellent,2.8973525019207976e-12,0.002315136719014012,0.9976848632780885
P05677,Good,0.02386905447873631,0.9733003128646991,0.0028306326565645393
P07362,Good,0.002086246122536259,0.997403747610412,0.000510006267051737
P04200,Average,0.9981913966914927,0.0018086031996957382,1.0881137831432225e-10
P07001,Average,0.11966864092313341,0.8803301432951531,1.21578171340924e-06
P00140,Good,0.05510272284985439,0.9448672027583259,3.0074391819718588e-05
P04055,Average,0.9917744535537022,0.008225546424777318,2.152027477633024e-11
P02377,Good,2.5436731026795078e-08,0.09925230563727035,0.9007476689259986
P05899,Excellent,8.029263414344709e-17,1.353174943145989e-06,0.9999986468250569
P07994,Good,0.0005562162078081356,0.9931498953138754,0.006293888478316504
P04817,Good,2.5654860256773895e-06,0.805320843973495,0.19467659054047928
P09447,Good,0.26161959001391405,0.7383747515664901,5.6584195957507125e-06
P00447,Good,2.7325276422268745e-05,0.9504191118879096,0.04955356283566812
P08981,Average,0.9994116911120977,0.0005883088878897635,1.2380907540176448e-14
P09784,Good,0.0052850536120919766,0.9903999572738393,0.004314989114068659
P04593,Excellent,9.966176012793268e-13,0.0009808330132917294,0.9990191669857115
P03521,Excellent,2.560165937597213e-16,1.9621218172845786e-06,0.9999980378781824
P04489,Excellent,2.1427119647318537e-07,0.17564515773142444,0.8243546279973791
P03605,Good,5.2439697948087987e-05,0.8719598464699068,0.1279877138321452
P09142,Good,2.223944665500037e-05,0.9757621738479646,0.02421558670538038
P09805,Excellent,5.704470839752238e-09,0.08076565965598823,0.9192343346395409
P02888,Good,0.0039831542703427794,0.9955176120891764,0.0004992336404808244
P04202,Excellent,2.2408135430862308e-17,1.4049511331605078e-06,0.9999985950488669
P06717,Excellent,6.58284506579692e-08,0.23545393144068077,0.7645460027308686
P06643,Good,4.520962963440374e-05,0.9575310476065537,0.04242374276381181
P03112,Good,0.11033262562380913,0.8896594937374501,7.880638740748716e-06
P04161,Good,0.0011788092272708144,0.9986631376741544,0.00015805309857493612
P03223,Excellent,1.5768801027503831e-12,0.0007359624443495772,0.9992640375540734
P02016,Good,0.0002745094441155804,0.9936668405128191,0.006058650043065312
P08552,Good,0.09509226881280125,0.9048845775540767,2.315363312214296e-05
P01059,Average,0.7330436193127978,0.2669557157995552,6.648876470582544e-07
P07003,Excellent,1.9144999774929874e-12,0.0008071776764551154,0.9991928223216304
P00011,Good,0.010986348455625192,0.9887335940935162,0.0002800574508584963
P07535,Average,0.5088716002715032,0.4911269993776384,1.4003508584462642e-06
P05025,Good,0.0015088725074702274,0.9959717728221898,0.002519354670339853
P03612,Average,0.5629257783833469,0.43707397227041545,2.493462376437196e-07
P01401,Average,0.9999986693356196,1.3306643804351051e-06,1.1750137300951197e-18
P02337,Excellent,3.689202602975141e-09,0.09762388946280241,0.9023761068479951
P02541,Average,0.9465207855937041,0.05347921264375424,1.7625417057263624e-09
P01996,Average,0.9999546061074961,4.5393892503593285e-05,3.5586199829798533e-16
P03014,Average,0.9697180254335189,0.030281972010607124,2.5558740890576006e-09
P07794,Excellent,7.515394926033323e-15,2.4100017465293717e-05,0.9999758999825271
P09551,Good,0.0011242818856254195,0.997307897952942,0.0015678201614325827
P06982,Excellent,2.6507201611455897e-08,0.056393973313648794,0.9436060001791498
P01426,Good,8.203485256083192e-06,0.8986965499139704,0.10129524660077362
P02248,Excellent,2.010899890485061e-14,0.00020787236399758728,0.9997921276359824
P02073,Average,0.9972142362146035,0.002785763771992879,1.3403484841876355e-11
P04637,Good,0.017882171086319842,0.980143022554415,0.0019748063592650517
P01022,Average,0.9959082971728274,0.004091702791464255,3.570846709080931e-11
P01029,Excellent,5.203059963120366e-11,0.0059810225798963635,0.994018977368073
P02487,Good,0.46636224655871505,0.5336285708270334,9.182614251586635e-06
P00515,Excellent,3.454927499951335e-09,0.01656869595443878,0.9834313005906338
P00338,Good,0.003718065242329496,0.994927811230668,0.0013541235270026154
P08513,Good,0.004109781619207977,0.9958804711439903,9.747236801700329e-06
P02333,Excellent,4.6721013092795213e-07,0.6772316347167585,0.3227678980731105
P08874,Excellent,9.513167467840498e-11,0.004093165869631372,0.9959068340352368
P04480,Excellent,7.194171787730787e-08,0.12892469828902853,0.8710752297692536
P06977,Good,0.00032510520530672655,0.9898851162774362,0.009789778517257047
P02335,Good,0.0014579099487555,0.997111246295712,0.0014308437555325853
P03096,Good,8.163770974905486e-05,0.9171411980255793,0.08277716426467178
P04285,Good,7.055207629466068e-06,0.9291691429184513,0.07082380187391915
P07374,Average,0.9999999999728251,2.7175025090174585e-11,1.113167204509278e-28
P09497,Excellent,7.09162959400002e-09,0.10758767431385446,0.8924123185945161
P07834,Good,1.25687485053626e-06,0.3634320084815876,0.636566734643562
P03792,Good,4.84014354934324e-06,0.3811304231245211,0.6188647367319297
P01254,Average,0.9990600904540262,0.0009399095442375976,1.7360692389341883e-12
P02891,Good,0.006759085076231362,0.9922454356016684,0.0009954793221001986
P00173,Excellent,5.562676855291551e-12,0.0017410132514416102,0.9982589867429956
P07608,Excellent,2.8257587246270606e-16,8.215147898612469e-06,0.9999917848521013
P06002,Excellent,2.1436743035436965e-07,0.5315773386676731,0.46842244696489643
P03614,Excellent,8.529453288584707e-21,3.121441348846079e-08,0.9999999687855866
P08672,Excellent,1.5490000513596838e-07,0.19912741736643294,0.8008724277335619
P03875,Good,0.01936892513009025,0.9804824399740154,0.00014863489589435816
P08275,Average,0.9999677103145045,3.228968549413707e-05,1.3422283391778257e-15
P05801,Good,0.00012308232535995537,0.9816421379924466,0.018234779682193517
P09762,Good,0.2885226453918672,0.7114764408230733,9.137850595456817e-07
P03345,Average,0.9999995991897662,4.0081023372222846e-07,8.686938119098774e-20
P03559,Average,0.9999997045309905,2.9546900949958796e-07,3.396246230365647e-19
P02800,Good,0.016633174871319913,0.9833492773909215,1.7547737758517143e-05
P01762,Excellent,5.979656716734148e-13,0.0004770440473191175,0.9995229559520831
P02139,Good,0.029661822155496346,0.9702596120460351,7.856579846854897e-05
P08434,Average,0.9999999999872393,1.2760720098464958e-11,5.607461862642849e-29
P02055,Excellent,2.4442205644494476e-10,0.007927800219489543,0.9920721995360883
P01418,Good,0.001004277307297768,0.9952730582948663,0.003722664397835801
P02338,Excellent,4.606383042275243e-12,0.0007046816144089925,0.9992953183809846
P05613,Excellent,8.08808742110487e-14,0.000127783147792971,0.9998722168521262
P02697,Good,0.001442225041169128,0.9983747451882968,0.00018302977053399403
P09898,Good,0.0012384435063560757,0.9956420048596158,0.0031195516340280114
P03571,Good,0.005831464179955819,0.9938872122577488,0.00028132356229547515
P09137,Good,3.271958452488728e-05,0.8143425126542904,0.18562476776118478
P07366,Average,0.9985077938974685,0.001492206102298047,2.334234732985436e-13
P00610,Good,0.4516289343113486,0.5483674590379769,3.606650674507772e-06
P00702,Good,1.4270880237754374e-07,0.14411018455170968,0.8558896727394879
P03711,Excellent,5.308018212146098e-08,0.11496648680186514,0.8850334601179528
P02692,Good,1.015598406346739e-07,0.5349691183815823,0.465030780058577
P04565,Excellent,5.99725633833241e-15,3.031322727021344e-05,0.9999696867727237
P07920,Good,0.01579315242854888,0.9840880695835319,0.00011877798791925971
P06076,Excellent,4.941120433444292e-09,0.029072894280753332,0.9709271007781263
P06232,Good,7.946406975702346e-05,0.9433645110244916,0.056556024905751484
P00691,Good,0.14228437437418534,0.8576961850626877,1.9440563126796208e-05
P06484,Good,0.052865956140560194,0.9470906960514242,4.334780801571374e-05
P00842,Excellent,1.2457828090335275e-09,0.02413768968124634,0.9758623090729709
P07201,Excellent,3.3560874824573696e-09,0.04071319209647934,0.9592868045474333
P06064,Good,0.07680112599678235,0.9231397666503781,5.910735283946911e-05
P04325,Excellent,4.02336510324874e-12,0.0005387975624033804,0.9994612024335734
P00522,Good,1.0213373276347834e-07,0.20901823805728895,0.7909816598089783
P05933,Good,0.02150302043269311,0.9783892431300762,0.0001077364372306625
P03480,Good,0.163003530736844,0.836981982965494,1.4486297662011252e-05
P01708,Good,9.897075172342297e-05,0.9863686640250069,0.013532365223269636
P03837,Average,0.9869809258418701,0.01301907402702528,1.3110466213538634e-10
P02772,Average,0.973360752855536,0.026639246977283208,1.6718063062542842e-10
P05726,Good,0.7404379429923232,0.2595616988539035,3.5815377331603365e-07
P07787,Good,0.00045368178333332875,0.9977767382308519,0.0017695799858147064
P09995,Excellent,6.032758017000669e-15,2.588994843704895e-05,0.999974110051557
P02463,Average,0.9985778524522387,0.0014221475431841514,4.577060699589479e-12
P07630,Excellent,3.798042808547434e-14,0.00015567580411626332,0.9998443241958458
P10000,Excellent,1.0055202616599752e-12,0.0003535508643983087,0.9996464491345962
P04633,Good,9.95880875671587e-06,0.9232238035974978,0.07676623759374557
P03416,Good,0.2051415123202137,0.794828568048178,2.9919631608275012e-05
P09577,Excellent,1.5068787763229524e-09,0.030357756833958735,0.9696422416591626
P02142,Good,0.0008618982129076483,0.9935908440773409,0.005547257709751367
P07422,Good,1.7176931770112787e-06,0.5294587186088991,0.47053956369792377
P04383,Average,0.9915928267914519,0.008407173204129627,4.418555290892919e-12
P05575,Excellent,3.8159086336770767e-07,0.30456803443834374,0.6954315839707929
P00382,Average,0.999994117638232,5.8823617680312394e-06,1.7833343381578042e-17
P07459,Excellent,4.957618288698155e-11,0.00752180924178206,0.9924781907086417
P06812,Excellent,5.239079339932252e-08,0.37998324462130767,0.6200167029878989
P08630,Good,2.578013275594172e-05,0.780060608181947,0.21991361168529716
P07715,Excellent,2.5244888604842095e-19,1.7222171454769453e-07,0.9999998277782854
P03566,Excellent,2.0524034485139633e-09,0.04744551069679082,0.9525544872508057
P00859,Average,0.9834667102464408,0.016533289560774874,1.9278426616907915e-10
P00221,Average,0.9999999999990918,9.08180811346804e-13,4.379439605299034e-30
P02562,Good,0.5198928152513723,0.4801008816972424,6.3030513852102175e-06
P06952,Good,0.0008705973600345164,0.9952936593511403,0.0038357432888252822
P01283,Good,0.0004936365818177437,0.9976431592093613,0.0018632042088209079
P01895,Average,0.7840145392371619,0.21598542859125916,3.217157896016619e-08
P00748,Good,5.303136280413475e-05,0.9631412187090954,0.036805749928100484
P05255,Excellent,4.309078315890697e-08,0.11002739702097267,0.8899725598882443
P01168,Average,0.9999998991738008,1.0082619931943553e-07,7.259001864571271e-20
P00739,Excellent,1.0173723398003475e-13,0.00018045190977983785,0.9998195480901185
P08853,Good,0.002720481221373773,0.9934074477095758,0.0038720710690505855
P07270,Good,0.01585360003624018,0.9841149736505667,3.1426313193117e-05
P09878,Good,0.1727743867635572,0.8272199002440535,5.712992389381576e-06
P04005,Good,0.0083497316821931,0.9915060897598252,0.0001441785579817543
P03422,Good,5.966839554430184e-06,0.40968821660718985,0.5903058165532556
P01714,Average,0.9945536667218607,0.005446333157100159,1.210390990399742e-10
P08301,Good,0.037305450642553875,0.9626056208475303,8.892850991571626e-05
P00292,Good,0.00029001320227600903,0.9943876684845201,0.005322318313203824
P00071,Average,0.9999673547112953,3.264528869984251e-05,4.9080521402305416e-15
P03616,Excellent,1.2476464582562264e-15,5.4871670616006755e-06,0.9999945128329369
P08098,Excellent,1.4391493515260547e-17,1.9986335941428685e-06,0.9999980013664058
P00713,Good,0.019136607362868596,0.9807896855579706,7.370707916075491e-05
P03340,Average,0.891046308728151,0.10895368544990679,5.821942265542268e-09
P00434,Average,0.47431678017749085,0.5256822869048384,9.329176706950488e-07
P03183,Excellent,1.4153722975072165e-12,0.0005380848601591944,0.9994619151384253
P09763,Average,0.990728742434101,0.009271257414509336,1.513897656302154e-10
P08923,Good,9.683211123318054e-05,0.9007202580301238,0.09918290985864305
P01269,Good,0.0001004273473682433,0.9920188223876913,0.00788075026494031
P09380,Good,0.012345907277706236,0.9875913531875181,6.273953477558738e-05
P05881,Excellent,5.238978984944069e-12,0.0009904538096919093,0.9990095461850691
P01017,Good,2.525781493200799e-05,0.9665992471563077,0.033375495028760284
P08834,Good,0.4904134199842611,0.5095837354125233,2.844603215540547e-06
P06828,Good,0.0014360237579550618,0.995085274182775,0.0034787020592698965
P06560,Excellent,2.528787006131499e-22,2.1616360363570885e-08,0.9999999783836395
P06871,Good,0.000291748086164834,0.9982848707990525,0.0014233811147826721
P05930,Excellent,6.9476971851610846e-12,0.0019326711012916074,0.9980673288917609
P09704,Excellent,6.099918885223024e-09,0.06633095525545557,0.9336690386446255
P04260,Excellent,3.309934544331082e-20,9.337994953642089e-08,0.9999999066200506
P09179,Good,1.2433017552893356e-05,0.6829606387684888,0.3170269282139584
P01208,Excellent,9.723688295688931e-17,7.374106211286461e-06,0.9999926258937888
P09415,Excellent,1.232521318585186e-14,2.2180124065888332e-05,0.9999778198759216
P04505,Excellent,5.714351047878698e-11,0.00814936377628105,0.9918506361665753
P02805,Good,5.81602705771098e-06,0.8193995437743385,0.18059464019860366
P05846,Excellent,2.494917525783905e-12,0.000647076230789815,0.9993529237667155
P02973,Average,0.9862331354416785,0.013766864430033367,1.2828833964283934e-10
P01443,Good,0.10610173570069469,0.8938791356026256,1.912869667981324e-05
P00590,Excellent,6.701870211941304e-17,3.3357874225456165e-06,0.9999966642125775
P07547,Average,0.43718758031118843,0.5628109967807489,1.4229080626825643e-06
P00303,Average,0.6949497011584903,0.30504911319335193,1.1856481578179772e-06
P03863,Good,0.00027812158367905327,0.9323403306385596,0.06738154777776141
P01592,Excellent,2.0779370256610302e-11,0.004709248709048877,0.9952907512701717
P00546,Excellent,2.6858653534759385e-17,1.533374340419026e-06,0.9999984666256596
P04268,Excellent,6.176290471678799e-06,0.4526941928321073,0.547299630877421
P05147,Good,5.19696526144416e-09,0.07845363923575281,0.9215463555672819
P04092,Good,0.004321972934192968,0.9952958102726324,0.0003822167931746635
P00616,Excellent,9.902758222166879e-09,0.050785967792864935,0.9492140223043768
P08511,Good,0.12145505166174506,0.8785427017507244,2.2465875305297235e-06
P01888,Excellent,1.6027916806939294e-06,0.47612408452804206,0.5238743126802772
P03198,Average,0.6648999919373638,0.33509982996915266,1.7809348343195852e-07
P04854,Average,0.9999289980741554,7.10019258429978e-05,1.5493143962858294e-15
P00979,Average,0.9999996869304174,3.1306958256867887e-07,2.0954119239794094e-20
P04623,Good,0.0019756612004706293,0.9973323295876139,0.0006920092119155198
P05187,Excellent,2.8345807208927553e-15,3.4555804633397614e-05,0.9999654441953637
P05347,Average,0.999985716372442,1.4283627557544993e-05,3.4364783071714942e-16
P03981,Excellent,1.3855472551439792e-05,0.7145250791915765,0.2854610653358721
P00980,Good,0.0004350346001172139,0.9834519505572281,0.016113014842654535
P00969,Average,0.9996857137927507,0.00031428620689389686,3.554094093140012e-13
P02677,Average,0.9999999254107037,7.458929627367958e-08,1.2271996540217233e-20
P01532,Good,0.101021379397715,0.8988285030542238,0.00015011754806120093
P04067,Good,7.81799250489875e-05,0.9203675501565508,0.07955426991840012
P09750,Excellent,2.988415274875498e-14,6.398695071271335e-05,0.9999360130492573
P00723,Excellent,1.2644644946309423e-16,2.0896411948812374e-06,0.9999979103588049
P04492,Average,0.9999710750400203,2.8924959972365105e-05,7.241688696243081e-15
P09231,Good,0.5189520064200944,0.4810473893851956,6.041947099691128e-07
P07038,Good,1.7686926021615325e-05,0.8665341827191029,0.13344813035487554
P03076,Good,0.004252625929721672,0.9953848805528677,0.00036249351741076487
P02917,Good,3.1176202365752005e-05,0.944004705643733,0.05596411815390134
P09568,Excellent,1.268817956652175e-09,0.016891932375861198,0.983108066355321
P04319,Average,0.9999999338596081,6.614039183307098e-08,4.069609997145517e-21
P06461,Good,0.1894988652852894,0.810464696047777,3.6438666933638564e-05
P03942,Good,4.427369449937334e-05,0.8841441557048091,0.11581157060069157
P09766,Average,0.9999999569054056,4.309459452634083e-08,1.9343143989096238e-21
P02259,Good,8.829367963824119e-06,0.7671662633575674,0.23282490727446875
P04882,Good,1.9135697188162015e-05,0.986479257895011,0.01350160640780081
P08613,Excellent,7.001378348948603e-07,0.552981838808768,0.44701746105339724
P04915,Good,0.002493678840256217,0.9968248919852726,0.0006814291744712262
P03743,Excellent,1.6506515372673957e-15,1.3802420355678606e-05,0.9999861975796427
P03873,Good,2.950770546394703e-06,0.4918701537900314,0.5081268954394221
P01248,Excellent,1.804047275587077e-08,0.09447835180210555,0.9055216301574218
P01113,Good,0.11170100548909276,0.8882961202092612,2.8743016461243707e-06
P01528,Excellent,1.692673854887919e-17,1.322264265707163e-06,0.9999986777357344
P00047,Good,0.07170175118181206,0.9282742913937483,2.3957424439650714e-05
P03015,Excellent,3.1118897502783654e-14,0.00013289785177857076,0.9998671021481904
P00934,Excellent,9.675937194040222e-19,2.6642071736216914e-07,0.9999997335792826
P04553,Excellent,7.515421479287079e-13,0.0009467660268662949,0.9990532339723822
P01355,Good,0.0004909247028499181,0.9987221014250951,0.000786973872054945
P07117,Average,0.9507966837266676,0.049203315055099915,1.21823261237722e-09
P02641,Excellent,8.61616287029275e-21,5.9108944075587836e-08,0.9999999408910559
P02510,Average,0.9719155208617442,0.028084474585396164,4.552859546240605e-09
P05607,Good,0.4470583626564563,0.5529412692476243,3.680959194115236e-07
P04688,Good,7.845290231306148e-05,0.9540797941721482,0.04584175292553873
P02251,Average,0.9991534843635446,0.0008465156339536063,2.5018639167579965e-12
P03177,Average,0.998834915394383,0.0011650846047100809,9.069087710976493e-13
P01927,Excellent,2.2260763863297927e-13,0.0002187617974906961,0.9997812382022867
P02511,Excellent,1.8227858236608965e-09,0.032002027720154,0.9679979704570603
P01339,Good,0.0007164540195731188,0.9927612759469918,0.006522270033435167
P04630,Good,0.03525086633212955,0.9646841797275786,6.495394029179409e-05
P09745,Average,0.9982142435837381,0.00178575640022889,1.603287764782785e-11
P03395,Excellent,2.7691567924958372e-08,0.06646822266653683,0.9335317496418952
P03374,Good,9.555225474752248e-07,0.4316627791018059,0.5683362653756466
P06904,Good,5.8815547302759196e-05,0.9113672485318699,0.08857393592082739
P05836,Good,0.39976496245125587,0.6002307980210122,4.23952773198894e-06
P08732,Good,7.296824898125522e-05,0.9349074098893785,0.06501962186164026
P02307,Average,0.9793953560968068,0.020604643535848212,3.6734504521429094e-10
P08895,Excellent,1.3013327853283911e-09,0.014130403799849518,0.9858695948988175
P05582,Good,0.0004386839145496842,0.9980007445280981,0.0015605715573523316
P04338,Average,0.9981776325018813,0.0018223674895832536,8.535260927221987e-12
P00270,Average,0.9999988459424713,1.1540575286802223e-06,2.046215693266614e-20
P00614,Average,0.9709868755499441,0.029013121149554125,3.3005015541242977e-09
P05095,Good,0.026630281489495287,0.9733421927050757,2.7525805428985407e-05
P06044,Excellent,1.0892080510813765e-09,0.008791101866002777,0.9912088970447892
P05737,Excellent,3.3682194153269503e-18,5.56477216556576e-07,0.9999994435227834
P03606,Good,0.004624687788517589,0.9948978076293244,0.0004775045821578397
P02503,Excellent,1.0281845870333123e-10,0.005590203184371508,0.9944097967128102
P06161,Good,0.7143761390054535,0.28562268997076423,1.1710237822081424e-06
P03208,Average,0.9999682503620194,3.174963798055171e-05,6.218586393088489e-17
P07838,Excellent,6.710452463207946e-17,3.0271250949577376e-06,0.9999969728749052
P07671,Average,0.9999988752075362,1.1247924638897383e-06,3.37264271160855e-18
P03151,Good,6.965638363734334e-05,0.9351369653870253,0.06479337822933745
P02312,Good,0.503799061886952,0.49620073816929244,1.9994375562624835e-07
P00995,Excellent,1.7864925185031122e-09,0.011331911120807673,0.9886680870926997
P03709,Good,1.0726077763801394e-05,0.6719393477652535,0.32804992615698264
P07619,Average,0.9315917130650206,0.06840827923629597,7.698683362399953e-09
P07695,Excellent,1.8694548577073116e-13,0.0003439825664421688,0.9996560174333711
P04736,Excellent,3.5269147253032207e-19,2.1721650712765717e-07,0.9999997827834929
P09914,Good,0.0030083902510903786,0.9963513718143228,0.0006402379345868559
P04640,Average,0.9941217337571876,0.005878266222759394,2.00531137068878e-11
P05708,Good,0.9926383563220885,0.007361643162878798,5.150327838302187e-10
P02978,Average,0.8206456339992408,0.1793543472166306,1.8784128525867305e-08
P05287,Excellent,1.9309444212930544e-11,0.002063435223567707,0.9979365647571229
P00632,Excellent,9.89982304464843e-19,4.944838110634656e-07,0.999999505516189
P03045,Excellent,1.2758921047343857e-09,0.037091091143655844,0.962908907580452
P06377,Good,0.00018367454400568557,0.9969116883129047,0.0029046371430897365
P01785,Good,0.02852605285059562,0.971453147030073,2.080011933145777e-05
P07722,Good,1.3949191804792598e-06,0.6901572783337276,0.3098413267470919
P09960,Average,0.9998619675952148,0.00013803240476867377,1.640867732067592e-14
P04221,Average,0.9999999928638528,7.136147216934442e-09,1.2051182780539505e-22
P01197,Excellent,5.412206789935461e-09,0.045193902159747494,0.9548060924280458
P08794,Good,4.55131337719915e-06,0.7045692607372719,0.295426187949351
P06062,Excellent,3.3865979651651826e-10,0.031109258226688485,0.9688907414346517
P08103,Average,0.9727163244330106,0.027283673239252088,2.327737145747026e-09
P07807,Good,0.00043756752246223453,0.9970188381423888,0.0025435943351489673
P07081,Excellent,1.8309307581201593e-08,0.11271564050385216,0.8872843411868403
P08783,Good,0.00014909724257190275,0.9972667543527878,0.0025841484046404293
P00588,Good,0.014326976465037703,0.9854924137443157,0.00018060979064656106
P03039,Good,0.015235985852803589,0.9845688812324906,0.000195132914705686
P02192,Excellent,8.516501689463935e-09,0.10070197600693535,0.899298015476563
P07162,Good,0.6745333567087496,0.3254664918719411,1.514193092434266e-07
P05828,Average,0.999914559208197,8.544079179729316e-05,5.488564090279277e-15
P07779,Excellent,5.395502783658578e-17,2.9414187612048864e-06,0.9999970585812388
P02002,Excellent,4.9823023769468185e-11,0.003104626293938308,0.9968953736562386
P08621,Good,3.2685774591271524e-06,0.4786967441814152,0.5212999872411256
P07598,Good,0.012107128378066802,0.987822053156814,7.081846511923716e-05
P01624,Average,0.4182999445871552,0.5816986481087408,1.4073041040265957e-06
P03805,Excellent,1.5254039090624179e-12,0.0010129863760677536,0.9989870136224069
P01228,Average,0.9999529299485774,4.707005142126061e-05,1.3387355140350188e-15
P03292,Good,0.01658463179791005,0.9832529636211201,0.00016240458096990692
P05106,Average,0.9770346000130302,0.02296539860338096,1.3835887130522202e-09
P03274,Excellent,1.7813385642621677e-12,0.0008526194801726447,0.9991473805180462
P01226,Excellent,2.177793445000074e-16,9.040596117523818e-06,0.9999909594038823
P02688,Excellent,1.548616393436069e-18,6.626517856218922e-07,0.9999993373482144
P05125,Excellent,3.951957921111523e-09,0.03844392044068721,0.9615560756073549
P09549,Good,8.461022448385152e-07,0.5386031863236981,0.4613959675740571
P03368,Good,0.4388454000787675,0.5611515415968636,3.0583243689021544e-06
P01813,Good,0.025717597567538435,0.9742516117253627,3.0790707098823546e-05
P00278,Good,9.792172975102341e-06,0.7729055835627379,0.22708462426428705
P02972,Good,1.3815231236021151e-05,0.6336344186842467,0.36635176608451736
P07708,Good,0.747990995327653,0.25200831188329387,6.927890531385796e-07
P04181,Average,0.9999996007536662,3.9924633384421314e-07,5.068424385290526e-19
P09264,Good,5.221823783029959e-05,0.9701013484329384,0.02984643332923132
P03737,Excellent,1.9345963998190114e-13,0.00016966245808212554,0.9998303375417246
P00848,Good,1.7601771446365628e-08,0.1050183962325179,0.8949815861657107
P08282,Excellent,1.3905822546306458e-19,1.1832083744793507e-07,0.9999998816791626
P02880,Good,0.011325559452181841,0.9886111117537992,6.332879401891893e-05
P05192,Good,0.00021297616482534353,0.960607791581708,0.03917923225346669
P06574,Excellent,3.8923917665962973e-22,1.871740123020199e-08,0.9999999812825987
P02280,Excellent,5.283705295158804e-22,9.313464540087886e-08,0.9999999068653547
P00268,Good,0.0019377980999889625,0.9972989849403028,0.0007632169597083087
P08718,Good,0.00014921908619508218,0.9710330812555319,0.028817699658273084
P01386,Excellent,7.874680421108946e-06,0.37107884374648886,0.6289132815730901
P05589,Average,0.8850841714787299,0.1149157925547658,3.596650427544213e-08
P04357,Good,0.0124133447717695,0.9875126852661463,7.396996208411684e-05
P01887,Good,0.3122684947229125,0.6877270359389641,4.469338123506221e-06
P00465,Average,0.9942238472005842,0.005776152750869524,4.8546310822484106e-11
P01982,Average,0.9999358533164138,6.414668357810586e-05,8.089900453620598e-15
P01655,Excellent,1.2558245066720523e-06,0.9618651560348033,0.038133588140689935
P01988,Good,8.968383700142398e-06,0.869159078849334,0.13083195276696583
P06117,Average,0.999999982485332,1.7514668158946452e-08,1.315724712485682e-22
P03273,Excellent,1.31210817994988e-16,1.575602133328249e-05,0.9999842439786664
P01224,Good,0.00011881757826845761,0.9927854860721863,0.007095696349545205
P00353,Excellent,4.04453758689084e-06,0.9161058778084071,0.0838900776540059
P02213,Excellent,6.856630088034465e-12,0.00037501474080083247,0.9996249852523426
P09032,Good,0.0235003725626438,0.9764102088974527,8.941853990350087e-05
P09033,Good,5.326584176383818e-05,0.8983973237275211,0.10154941043071505
P09536,Excellent,1.6638576932729269e-10,0.009427987231280606,0.9905720126023335
P03212,Excellent,1.6257167828989275e-16,6.302947682792061e-06,0.999993697052317
P01153,Excellent,9.374817669597533e-13,0.0008018249623373649,0.9991981750367253
P04684,Excellent,4.570962804902821e-09,0.02372883991267753,0.9762711555163597
P01381,Good,0.010436186381173669,0.9891853429872082,0.00037847063161809545
P02637,Excellent,2.1825994820068292e-14,5.461115414961779e-05,0.9999453888458286
P08086,Excellent,2.0108155048516907e-09,0.02838074212049522,0.9716192558686891
P05035,Average,0.9874467491455047,0.012553250310450544,5.440446195150558e-10
P08504,Good,7.573754202804183e-05,0.9763897079633063,0.023534554494665648
P00180,Average,0.998953801414848,0.0010461985841591246,9.928577837050339e-13
P02980,Good,2.731481858395396e-05,0.9812519153142846,0.018720769867131493
P01955,Good,1.555926845358725e-05,0.7623412052040075,0.2376432355275389
P04473,Average,0.9076525638450622,0.09234742400244615,1.2152491600404863e-08
P08574,Good,5.430121754388781e-07,0.6019032497636859,0.39809620722413874
P00972,Good,0.049133084926601935,0.9508472298769564,1.9685196441640876e-05
P08466,Average,0.9999997084824234,2.915175766809826e-07,9.284621522206367e-20
P07185,Good,0.5163277777049797,0.48367184027916993,3.82015850418196e-07
P03125,Average,0.9998483262897829,0.00015167371008766535,1.2950340502811716e-13
P09247,Good,0.002554766902621978,0.9949363348630252,0.0025088982343527562
P03283,Excellent,5.427440307375216e-15,6.144665273813705e-05,0.9999385533472565
P02775,Average,0.8704224832422912,0.12957750997866269,6.779046106774435e-09
P09372,Average,0.999990342349592,9.657650407570737e-06,1.5289942959712095e-16
P06712,Average,0.4470745216825364,0.5529247897243273,6.885931362101687e-07
P07775,Excellent,5.149391680447161e-07,0.40611641029047807,0.5938830747703538
P02539,Good,1.2309419235368961e-06,0.539669534155124,0.4603292349029524
P04206,Good,0.07541180986217086,0.9245764256376008,1.176450022837051e-05
P03369,Excellent,1.390397942154865e-11,0.004412778541641384,0.9955872214444546
P02476,Average,0.9999977206767986,2.2793232013426643e-06,2.4797687098830575e-17
P06942,Average,0.9997862128051845,0.00021378719480247879,1.2869512477038194e-14
P07064,Good,0.0005405022570428798,0.9793767329034347,0.020082764839522427
P05802,Good,5.690044937178134e-06,0.6472915038617344,0.3527028060933284
P00343,Good,2.4235988849898246e-05,0.9823244102422676,0.017651353768882574
P00124,Average,0.9970786219197916,0.0029213780772026302,3.0057737456997963e-12
P01854,Excellent,3.4496932782628226e-06,0.601286641423544,0.39870990888317775
P03371,Excellent,3.2857191567962092e-19,2.9989966492094576e-07,0.9999997001003351
P02869,Average,0.3287679695981022,0.6712304792455513,1.5511563463432647e-06
P02892,Good,0.00027720593570452795,0.9864971156982767,0.013225678366018716
P06239,Average,0.9998544336558567,0.00014556634412614183,1.7350680593082918e-14
P05667,Average,0.999999999975147,2.4852949352054815e-11,6.756015119477762e-28
P08860,Good,2.4373486151022625e-06,0.29619706056074413,0.7038005020906409
P00185,Good,2.4841007658917274e-05,0.9428369771207716,0.057138181871569556
P03781,Excellent,3.3928077063791824e-17,1.3779142543545748e-06,0.9999986220857457
P05290,Excellent,2.1788822497794325e-11,0.0009221647892481689,0.9990778351889631
P01570,Good,0.0001020464545383732,0.9768878688764869,0.0230100846689747
P05156,Good,4.6765065972793455e-05,0.9564626247650432,0.04349061016898402
P03158,Excellent,2.5198270566441034e-12,0.0014808531741837625,0.9985191468232965
P06567,Good,0.009797499540102865,0.9901548631104058,4.763734949125986e-05
P06708,Excellent,4.27560816432007e-05,0.9251128624014338,0.07484438151692319
P04321,Good,0.00012598948176513897,0.9953838892411336,0.004490121277101285
P00576,Good,6.434736457625041e-07,0.39696826510789673,0.6030310914184576
P09925,Good,0.004668041355828157,0.9913615670286732,0.003970391615498624
P00612,Good,0.0010087771788539457,0.9953771430140839,0.0036140798070621923
P04729,Good,1.662943323822202e-07,0.2386223872062269,0.7613774464994407
P07966,Good,1.1709144428524235e-08,0.3133562420667947,0.6866437462240609
P06313,Excellent,3.6038258843486836e-06,0.7941072005684155,0.20588919560570004
P06726,Good,0.06305993435731748,0.9368638363705076,7.622927217497114e-05
P05521,Average,0.9994613771095365,0.0005386228903944928,6.892557563169974e-14
P07672,Good,0.9291369930635467,0.07086300101409032,5.922362987557992e-09
P07528,Average,0.9953710282731784,0.004628971429294887,2.975269094834601e-10
P05523,Average,0.9910915649098574,0.008908434603007189,4.871352731875579e-10
P08268,Good,0.0003038132535161566,0.9986456796696861,0.0010505070767978177
P02331,Excellent,1.9052048087349344e-10,0.015478112790634258,0.9845218870188452
P03317,Good,0.07491891712630748,0.9250691494149454,1.1933458747043005e-05
P09252,Good,0.862434179640599,0.13756581637353532,3.985865616294385e-09
P08372,Good,2.013089942993446e-06,0.7338629176589362,0.26613506925112074
P06115,Good,0.3319580575185672,0.6680409225575515,1.0199238812278765e-06
P00464,Good,6.61915342421951e-08,0.08709359490735208,0.9129063389011136
P04894,Average,0.922220916066525,0.0777790229090715,6.102440344599416e-08
P05562,Average,0.9077436226120666,0.09225636688962102,1.0498312174941532e-08
P06399,Good,1.262022535122208e-05,0.9514375853808064,0.048549794393842514
P06867,Good,0.042286391852250846,0.9575916766948417,0.00012193145290755073
P09450,Average,0.8232007449465535,0.17679906982182175,1.8523162478207022e-07
P06856,Average,0.9996112946268872,0.0003887053710211364,2.0915493835255247e-12
P05356,Good,0.05018198932887457,0.9495127334313572,0.0003052772397681771
P04549,Good,9.433911453483052e-06,0.7012463810115932,0.29874418507695333
P05602,Excellent,5.847546600974654e-10,0.009777250656157461,0.9902227487590878
P07317,Average,0.9999768664942448,2.313350575313679e-05,1.9806410759218368e-15
P03592,Average,0.9998457334141113,0.00015426658587348676,1.5234973334571645e-14
P08479,Excellent,1.2720039096863036e-12,0.0005575669150082313,0.9994424330837198
P00545,Good,3.246943913034051e-07,0.3307824015722197,0.669217273733389
P02698,Good,0.13984221425559046,0.8601280307028372,2.9755041572393134e-05
P09493,Good,0.0004734493788502109,0.9861244563119944,0.01340209430915542
P03211,Average,0.13559993579898671,0.8643492729206786,5.079128033472165e-05
P02937,Good,0.2722945626629832,0.7277001406982934,5.29663872345925e-06
P00618,Good,0.38939122864235276,0.6106013912272271,7.3801304201433016e-06
P05595,Excellent,4.5833749599385254e-09,0.07120038972245496,0.92879960569417
P08022,Excellent,1.433384455969999e-09,0.018921474958632563,0.981078523607983
P00144,Excellent,3.057758118556057e-13,0.0004035078750255768,0.9995964921246686
P09676,Average,0.9595837594052247,0.04041623954137129,1.0534040061980335e-09
P04603,Good,4.43266585155502e-05,0.9860281109798438,0.013927562361640623
P00459,Good,0.006284800709159872,0.9928144075046829,0.0009007917861573503
P02803,Good,0.009508220820635873,0.9902438918945513,0.00024788728481281284
P01673,Average,0.9602344622366684,0.03976553757138339,1.9194828306634916e-10
P04984,Excellent,6.60267528618382e-10,0.03688738920103615,0.9631126101386963
P02226,Excellent,1.0658330099922825e-18,6.498403058031002e-07,0.9999993501596942
P06666,Average,0.999999967970855,3.202914497406797e-08,1.389420681399463e-21
P06058,Excellent,1.0492283155789543e-19,2.8454555781726976e-07,0.9999997154544421
P05325,Average,0.9999971584034628,2.8415965371411145e-06,9.510585765985864e-17
P09075,Excellent,2.704126197737224e-12,0.0006211973194008685,0.9993788026778949
P08153,Average,0.9997730933565493,0.00022690664331709932,1.3367108381147747e-13
P03463,Good,0.00010151702078367304,0.9338805426665423,0.06601794031267405
P00845,Excellent,1.8639694921594568e-17,1.4309891299673764e-06,0.9999985690108699
P04169,Good,0.04046674518702945,0.9593846928124917,0.0001485620004788658
P04414,Good,1.1883286545518856e-05,0.6451101746171412,0.35487794209631324
P08764,Average,0.9999988189692512,1.18103074872506e-06,5.062371901085347e-19
P03557,Good,0.0017707256366111227,0.9965952527952128,0.0016340215681762296
P03309,Good,0.05273106133672812,0.9472423295508025,2.660911246940077e-05
P09916,Average,0.9997998342688998,0.00020016573109414102,5.88509954426282e-15
P07413,Excellent,6.21750540659486e-19,3.472839025539007e-07,0.9999996527160975
P00219,Good,0.17840565802931568,0.8215907141080493,3.627862635089769e-06
P06585,Average,0.9999993873355991,6.126644009266819e-07,1.5694039585520902e-18
P05664,Good,0.0061295184747423345,0.9931711446172758,0.0006993369079817272
P07524,Excellent,4.0368981185056005e-10,0.007729387381352504,0.9922706122149576
P05603,Average,0.9991863551827591,0.0008136448169211255,3.196531689490418e-13
P01800,Average,0.8134682881494198,0.1865315743262991,1.375242809349141e-07
P08149,Good,0.0001468440027441332,0.987279997820452,0.012573158176804024
P03180,Good,0.0007210519812821812,0.9963307911479049,0.0029481568708130002
P02912,Good,0.07090303234548792,0.9290808301608288,1.6137493683331697e-05
P08609,Good,3.3315804253872224e-06,0.577206002249873,0.4227906661697017
P07212,Good,0.0008283273376001138,0.9814515125219166,0.017720160140483204
P09566,Good,0.0071789973854501634,0.9920870243762616,0.0007339782382882996
P04288,Good,0.019938438801476607,0.9793546124400588,0.0007069487584645309
P05811,Excellent,1.1401454050170037e-17,1.5760951838122917e-06,0.9999984239048162
P07498,Average,0.9906386408501658,0.009361359080254154,6.958013462050621e-11
P04263,Excellent,1.3704686412356684e-15,2.395592641292333e-05,0.9999760440735858
P00821,Average,0.8189935903260711,0.1810062443805756,1.652933533640986e-07
P07653,Excellent,1.9111077162326795e-07,0.2603769083547828,0.7396229005344456
P04665,Excellent,7.922173622961593e-18,1.43632133322698e-06,0.9999985636786668
P04722,Good,3.96946678700875e-06,0.7833507314883447,0.2166452990448684
P05460,Good,0.009391610239780905,0.9905146891774809,9.370058273821872e-05
P04620,Average,0.9999020955811545,9.79044188262673e-05,1.9027273144693168e-14
P07505,Excellent,1.0839674596827543e-15,2.8154477585752763e-05,0.999971845522413
P08823,Good,1.8082881033099421e-06,0.4315454946096181,0.5684526971022785
P06085,Good,0.00013497870401243137,0.9770992299283534,0.022765791367634042
P09872,Excellent,5.176879136793e-17,1.0308554235422626e-06,0.9999989691445765
P06292,Excellent,3.2529622453278625e-10,0.004320133089345551,0.9956798665853583
P08311,Good,0.00016057686464777566,0.969984075926251,0.02985534720910118
P04865,Good,0.009955971761954261,0.9897565280225429,0.00028750021550275843
P06810,Good,0.04181024702888043,0.9581675408677023,2.221210341739699e-05
P00317,Good,0.00031187853354113876,0.9884180036565953,0.011270117809863553
P04382,Average,0.9839970223877053,0.01600297723713776,3.751571131883276e-10
P09057,Excellent,3.121286640797251e-14,0.00019981170066654574,0.9998001882993022
P05879,Average,0.9999995725280555,4.274719445655607e-07,5.929693088023127e-19
P03922,Excellent,3.2840737886062963e-16,1.1721949910799928e-05,0.9999882780500889
P07128,Average,0.999581745671995,0.0004182543269401442,1.0648346768708183e-12
P02336,Excellent,4.1013271063471875e-09,0.025887496425202168,0.9741124994734708
P03982,Good,0.6538308263371917,0.3461689846674783,1.889953300754825e-07
P04059,Good,9.412851072418746e-06,0.7263524105500679,0.27363817659885964
P00245,Good,0.019220014566644593,0.9807376484768027,4.233695655268084e-05
P09753,Excellent,1.3830356559382921e-11,0.0018232285997083182,0.9981767713864613
P02919,Good,5.318289681314281e-05,0.9957883191645531,0.004158497938633692
P05064,Good,0.00032933082517600166,0.9404594944788978,0.05921117469592624
P09242,Good,0.011521054612640814,0.9880778368970918,0.00040110849026722586
P01327,Excellent,4.632630725193163e-08,0.20784108018302994,0.7921588734906627
P09754,Good,0.00012763999512008177,0.9891006160703963,0.010771743934483538
P05659,Good,2.8785687405248377e-05,0.8750759112352615,0.12489530307733315
P08970,Average,0.9999999972970934,2.7029066235107844e-09,3.843543283932008e-23
P01231,Excellent,3.1021404555504823e-07,0.37417025347702193,0.6258294363089325
P06569,Average,0.9919826534221812,0.008017346434221006,1.435979259887552e-10
P01114,Good,0.00948610433498061,0.9898640911376901,0.0006498045273292143
P09530,Good,2.3262847629705664e-05,0.690044823358957,0.3099319137934134
P00309,Excellent,1.0226980920284359e-05,0.6887903991907796,0.3111993738283002
P09942,Excellent,3.0972568528819285e-18,8.15078486412641e-07,0.9999991849215135
P02201,Excellent,3.004428569856476e-07,0.3120347943877754,0.6879649051693676
P09899,Average,0.9999897472984703,1.0252701529648694e-05,8.564202081812038e-17
P09390,Excellent,1.4154873825594717e-07,0.4020827444290944,0.5979171140221673
P01407,Excellent,5.827669343550508e-11,0.0027551629811821783,0.997244836960541
P00051,Average,0.5827880160524525,0.4172118426221433,1.413254042508247e-07
P08007,Average,0.28953480168414575,0.7104587869387731,6.411377081282712e-06
P07848,Excellent,1.2501392155946978e-07,0.319150693624313,0.6808491813617654
P04409,Excellent,2.0006009593433212e-20,1.2843052633378053e-07,0.9999998715694737
P04938,Average,0.9999945384981794,5.461501820448897e-06,4.898320325317963e-17
P09539,Good,1.0220103062756565e-05,0.7877424986906653,0.21224728120627206
P02231,Average,0.9999998549776786,1.4502232124644494e-07,1.762040144991047e-20
P02553,Excellent,4.842407325743809e-17,3.7712210467474955e-06,0.9999962287789532
P05103,Average,0.9994533107018828,0.0005466892977408164,3.763837894841438e-13
P09661,Excellent,6.547619897044638e-13,0.0005220045459942805,0.9994779954533511
P08586,Good,0.012980900084183018,0.9869926056803127,2.649423550436083e-05
P09037,Good,0.045677657658297253,0.954277594540059,4.474780164377489e-05
P00461,Good,2.6709801452459253e-05,0.9267804498003643,0.07319284039818312
P06225,Excellent,1.2860074081253594e-12,0.000851820657287112,0.9991481793414269
P04123,Good,0.00010947538808466993,0.8109698500692979,0.18892067454261743
P05516,Good,0.055332903940525674,0.9446554576561534,1.1638403321004869e-05
P02976,Excellent,6.2543130347759565e-09,0.05074230955648592,0.9492576841892011
P00752,Good,0.9502811894620102,0.049718752032756185,5.8505233443928365e-08
P05140,Excellent,2.7246537660312076e-15,2.2836319323860566e-05,0.9999771636806735
P07289,Good,0.013187334845018026,0.9861580016804647,0.0006546634745172729
P01260,Good,0.00014421379064257333,0.9836422376928313,0.016213548516526146
P05222,Good,0.0029806529038876417,0.9958178502549507,0.00120149684116165
P07118,Average,0.4565312514181526,0.5434682059719601,5.426098873373367e-07
P06182,Good,0.040509216458517745,0.9594666219792338,2.416156224840227e-05
P08787,Good,0.06600732809977082,0.9339858834535657,6.788446663437488e-06
P01437,Good,6.127234063072035e-05,0.9402853253400868,0.05965340231928259
P08428,Good,0.00026971742376533927,0.9967459678858724,0.0029843146903622505
P00866,Good,0.059598832638612056,0.9402508579050295,0.00015030945635835944
P07820,Excellent,8.816826866172651e-13,0.0007157137408367275,0.9992842862582814
P05435,Good,8.833592174966325e-07,0.4815720656842237,0.5184270509565588
P02762,Excellent,8.187881147776974e-14,0.00010446746666966206,0.9998955325332485
P03037,Good,0.0004304503122049469,0.9683909990342118,0.03117855065358318
P01319,Excellent,9.46394899319098e-12,0.0018191004477527929,0.9981808995427831
P08422,Good,0.0006254409073977557,0.9941108256253178,0.0052637334672843575
P05293,Excellent,8.395015522360275e-09,0.06442027262029311,0.9355797189846914
P03624,Average,0.397183921391351,0.6028139740569516,2.1045516973579025e-06
P08903,Good,0.0003252317147537973,0.9903383675176378,0.009336400767608416
P07945,Good,0.014915964220220035,0.9846661735962564,0.00041786218352350067
P06455,Excellent,3.5643349906411683e-23,5.798126639229997e-09,0.9999999942018734
P05116,Average,0.9999999394909479,6.050905213698792e-08,2.5850835755841137e-21
P05210,Good,9.92833521078642e-07,0.685459804668813,0.3145392024976659
P09494,Excellent,4.365840740654465e-09,0.02485020275537955,0.9751497928787796
P00018,Good,0.0001530269603713176,0.9936515707794225,0.006195402260206267
P06776,Good,4.098049134008863e-05,0.9537404515353247,0.0462185679733353
P05756,Average,0.9999818916759328,1.8108324066034864e-05,1.203301903262381e-15
P09069,Average,0.6960879943063163,0.3039117066756553,2.990180283669088e-07
P09757,Excellent,8.174776761318833e-14,0.00014721147365346187,0.9998527885262649
P02797,Good,0.6738615479201399,0.32613763567572074,8.164041394938227e-07
P07802,Excellent,1.5203996618496775e-08,0.03112016928348862,0.9688798155125148
P01289,Good,0.000151183816423438,0.9829190648149225,0.016929751368654128
P01167,Good,0.0166010687422344,0.982655282735188,0.0007436485225776701
P02592,Excellent,1.3718530305833055e-09,0.02624102246962435,0.9737589761585227
P02801,Good,0.00094503544026033,0.9972858073995967,0.0017691571601428705
P01164,Good,0.04637503347123825,0.9536162724314449,8.694097316915355e-06
P08795,Good,0.005256402352102141,0.9911486294686342,0.0035949681792637107
P05179,Excellent,9.630977734488768e-15,5.6403098161900336e-05,0.9999435969018285
P05102,Good,1.5658927580736008e-05,0.9448024082167347,0.05518193285568456
P01844,Excellent,2.662319523833274e-06,0.32384877839504206,0.676148559285434
P09183,Good,0.05596898819129675,0.9438971317543502,0.0001338800543530473
P06888,Excellent,7.660008068627512e-18,2.3858749848573386e-06,0.9999976141250152
P00862,Excellent,3.081958230851459e-21,3.197002662439524e-08,0.9999999680299733
P04193,Excellent,3.952181140904834e-07,0.3329494963379289,0.6670501084439571
P06132,Good,4.1898355809972676e-05,0.9674599585912217,0.032498143052968366
P04298,Good,1.0984402759246563e-06,0.6740243511027576,0.32597455045696644
P07852,Excellent,2.2534812036045836e-07,0.21551036520775912,0.7844894094441205
P08304,Good,0.00013321594062038874,0.9968802159839015,0.002986568075478049
P02443,Average,0.9856378068492981,0.014362192671021182,4.796806966307948e-10
P07523,Good,0.0033820226511906888,0.9961283058643146,0.0004896714844947787
P05984,Good,0.019970551387840253,0.9798743083703043,0.00015514024185541195
P09775,Average,0.9143815790025605,0.0856184180491051,2.94833443442165e-09
P01730,Good,0.00011594981390318608,0.9633792494341434,0.03650480075195331
P04429,Good,0.022912126366689323,0.9769145043648993,0.0001733692684114631
P00971,Excellent,3.5067788570375103e-12,0.00035611603979967437,0.9996438839566935
P05088,Excellent,9.55782497844543e-16,1.6355230611616383e-05,0.9999836447693874
P05247,Good,0.0003616177187286097,0.9922836502177664,0.007354732063505056
P00970,Good,0.20574675701728032,0.7942374972688196,1.5745713900011832e-05
P02069,Good,0.2763776847061197,0.7236218929886141,4.2230526626209344e-07
P01006,Good,0.0005071942665004782,0.9978257017452585,0.0016671039882411125
P03626,Average,0.9999974189911264,2.581008873601842e-06,7.630552243926177e-18
P08327,Average,0.945500809585267,0.05449918681044044,3.604292469527415e-09
P04570,Good,0.00235668892450022,0.9969481223052628,0.0006951887702369653
P09833,Average,0.9977817165777241,0.0022182834130715246,9.204466124081212e-12
P08761,Good,0.0006823038437547626,0.9965915210595822,0.002726175096663181
P07457,Good,0.00025278259003907235,0.9983824203007508,0.0013647971092101742
P05967,Good,0.011909333183517225,0.987961806441239,0.00012886037524377
P05775,Good,0.04511926644362219,0.954627881145452,0.000252852410925764
P03599,Average,0.9996543167249226,0.00034568327472013906,3.573910296993195e-13
P09917,Excellent,2.405804741307088e-06,0.4595060568213347,0.5404915373739239
P01863,Excellent,2.4616208116579297e-17,1.2697751265164602e-06,0.9999987302248735
P08626,Good,0.018300577688676566,0.9816485382427452,5.088406857827029e-05
P00441,Excellent,9.659313118547699e-06,0.8186447342206351,0.18134560646624634
P00235,Average,0.24078530512980675,0.759213436581207,1.258288986242069e-06
P03996,Excellent,7.439531964514591e-15,5.659042367583866e-05,0.9999434095763167
P05508,Average,0.9997320842587757,0.00026791574120862104,1.570959677741696e-14
P02659,Average,0.999707106891548,0.0002928931063544322,2.0976935976216366e-12
P01726,Average,0.9966973783901608,0.003302621437333981,1.725053325727461e-10
P01651,Excellent,4.3506012990246377e-11,0.0020911559823127744,0.9979088439741813
P08345,Excellent,9.688945869057493e-14,0.0001671268467062464,0.999832873153197
P07130,Excellent,1.0955269217460715e-21,3.403480466722121e-08,0.9999999659651952
P04687,Excellent,1.4697336990185295e-14,8.155128830396487e-05,0.9999184487116813
P04753,Excellent,4.296214404536663e-07,0.18557486889446237,0.8144247014840972
P00746,Excellent,4.080776453933377e-06,0.8335931463645049,0.16640277285904118
P09818,Average,0.9755060933475397,0.02449390638999842,2.624617936458077e-10
P02042,Excellent,1.457650463068391e-11,0.0034823563183743016,0.9965176436670492
P07156,Good,0.024238502481631324,0.9757115557390282,4.9941779340484794e-05
P01417,Good,3.4574096058857983e-08,0.07452956662836441,0.9254703987975395
P08439,Average,0.9625772873724777,0.037422711638773344,9.887490803169092e-10
P00703,Average,0.9430761010577865,0.056923883906378175,1.503583517777514e-08
P01247,Average,0.9982575717347282,0.0017424282546238165,1.0647950389850487e-11
P00820,Excellent,1.2340144668768405e-12,0.0008968774737272169,0.999103122525039
P03969,Good,6.75472154448834e-05,0.9807835850782208,0.019148867706334317
P01045,Excellent,7.575539361399212e-18,5.126585330546986e-07,0.9999994873414669
P09909,Good,0.004488123700987398,0.9949660817587517,0.0005457945402608624
P09701,Excellent,1.2073803476035347e-11,0.0012111800963834304,0.9987888198915427
P01220,Good,0.43467376057228224,0.5653198087920945,6.430635623316802e-06
P09219,Average,0.9883398371851585,0.01166016135099349,1.463848101988493e-09
P05999,Average,0.999999938647282,6.135271813083284e-08,1.143519953934533e-21
P03336,Excellent,8.497127546552741e-19,3.561953595258268e-07,0.9999996438046405
P09868,Good,0.001050750547012486,0.9953263971607469,0.0036228522922406373
P03216,Average,0.9999999000336959,9.996630407883125e-08,9.537842933689543e-20
P03899,Excellent,6.432996207417172e-07,0.23482669808086312,0.7651726586195162
P00297,Good,0.028160274418333808,0.9716579108035237,0.00018181477814234389
P05692,Excellent,3.3113090561856327e-17,1.9297803873381053e-06,0.9999980702196126
P02598,Excellent,4.519818991248323e-21,1.2350725125749866e-07,0.9999998764927488
P02607,Excellent,9.993334615539232e-12,0.0030642901097026323,0.9969357098803041
P09182,Good,0.004113005945569774,0.9957373867642915,0.00014960729013881643
P09355,Excellent,9.568720814849897e-06,0.9617609908567335,0.0382294404224517
P06148,Excellent,4.031852303557912e-16,7.655799266230783e-06,0.9999923442007334
P05104,Good,1.9719976654514432e-05,0.9596143987014751,0.04036588132187048
P05949,Average,0.7130544571401157,0.2869454980614616,4.479842257343576e-08
P07108,Good,0.685641541825845,0.3143579385664995,5.196076554270544e-07
P09008,Excellent,1.817976987427407e-14,6.0222974675054425e-05,0.9999397770253067
P00637,Average,0.9999999999895179,1.048212567048485e-11,3.402450367080248e-30
P03537,Average,0.9999969321816962,3.067818303809663e-06,8.64398276889898e-18
P07221,Excellent,1.332279669836027e-10,0.002873785252292923,0.9971262146144791
P09525,Excellent,4.133140055444153e-07,0.3697087534196938,0.6302908332663006
P08620,Good,0.36118330933287107,0.6388157773204828,9.133466460650266e-07
P09557,Average,0.9961440276218982,0.003855972362126409,1.5975261680434494e-11
P05835,Excellent,1.6144025474546432e-06,0.624807036465201,0.3751913491322516
P06079,Excellent,3.5664091706923023e-06,0.7097462267524487,0.2902502068383807
P02870,Excellent,3.080115708388681e-14,4.6480035235652655e-05,0.9999535199647335
P00120,Good,0.009297618291187878,0.990556566400163,0.00014581530864905213
P02699,Excellent,1.7047912669941158e-06,0.777782381719466,0.22221591348926698
P02690,Good,0.0039020898531040866,0.9958589151625548,0.0002389949843410669
P00115,Good,0.1672358312564611,0.832753096710559,1.107203298002953e-05
P09748,Good,0.036156127720443625,0.9637615785624762,8.229371708005937e-05
P08734,Average,0.9996041726933845,0.00039582730627433523,3.410454117402914e-13
P06998,Good,0.002421843211502686,0.9966742616691371,0.0009038951193602527
P05945,Excellent,3.6575533161958967e-16,1.4243888508857875e-05,0.9999857561114907
P02557,Good,0.052760006307521264,0.9471476786567481,9.231503573058968e-05
P07328,Excellent,2.2051174491301262e-06,0.6222306417810894,0.3777671531014615
P01155,Excellent,4.336929749468363e-12,0.0009896018491943226,0.9990103981464687
P06120,Average,0.9999985199801236,1.4800198764361653e-06,4.26937292191084e-18
P09876,Good,0.00010867534602525698,0.9642554942015688,0.03563583045240586
P06767,Excellent,3.9128522454698616e-17,5.262288442402724e-06,0.9999947377115577
P03859,Average,0.6971005029414309,0.3028990430883536,4.5397021558727136e-07
P00822,Good,0.00024161129704951007,0.9950137529720776,0.004744635730872843
P08488,Average,0.25106540665003346,0.7489309705758481,3.6227741183549943e-06
P04192,Excellent,9.087988877326992e-07,0.31287255659717567,0.6871265346039367
P09202,Average,0.9999999684058759,3.159412399102224e-08,4.523492282540549e-22
P01790,Good,0.0011159511259495971,0.99677619507491,0.002107853799140371
P05941,Excellent,1.9752606823746803e-11,0.000989866306467798,0.9990101336737797
P08801,Good,0.3125979428604235,0.6873973560179106,4.701121665783209e-06
P04343,Excellent,3.0468819516272124e-12,0.0003856654519915699,0.9996143345449615
P04150,Excellent,2.807890907913039e-16,1.113582267271804e-05,0.9999888641773271
P01435,Good,0.002842951993962563,0.9956877042532487,0.00146934375278864
P01872,Excellent,6.679524080898125e-09,0.05155490166918459,0.9484450916512913
P05649,Excellent,1.202312939133365e-16,1.9746156007376776e-06,0.999998025384399
P02643,Good,3.60893923319142e-06,0.540453771761124,0.45954261929964296
P06021,Good,0.3425355698919528,0.6574618637943579,2.5663136892290833e-06
P04073,Excellent,1.417788828665961e-06,0.6472454792404138,0.3527531029707575
P09126,Good,0.005409405112790421,0.9945092123843001,8.138250290950937e-05
P03735,Good,0.01393559087112877,0.9856075492857828,0.00045685984308847284
P04013,Excellent,5.217983746546045e-07,0.28577576292565837,0.714223715275967
P01586,Good,0.034574153800069965,0.9652039644327194,0.00022188176721063926
P07780,Good,0.045531628035080075,0.9544423622050308,2.600975988931541e-05
P01259,Good,0.5499659204261338,0.45003373413413583,3.4543973033633913e-07
P05909,Good,0.06470473541839582,0.9352846888626789,1.0575718925310669e-05
P04437,Average,0.9383413020697615,0.06165869672711118,1.2031274294949716e-09
P09682,Average,0.9999800784008134,1.992159918548964e-05,1.1805472231150152e-15
P02010,Average,0.9985336188318996,0.0014663811586758727,9.424626153262641e-12
P00429,Average,0.9958137508635042,0.004186248720647521,4.1584820083522216e-10
P05961,Excellent,2.22067391695648e-15,3.4905872242425895e-05,0.9999650941277554
P03169,Excellent,2.702780416236319e-08,0.0720742652769804,0.9279257076952155
P00074,Average,0.9726608181598957,0.027339181305020454,5.35083929865062e-10
P07425,Excellent,1.3514060538665865e-08,0.19236110849402346,0.8076388779919159
P07239,Good,0.0024425762110570274,0.9961040212687988,0.0014534025201440705
P02268,Average,0.9542835571042549,0.04571643681765295,6.0780921844503994e-09
P01610,Good,2.1320114162186824e-05,0.8306290707116945,0.16934960917414327
P00946,Good,1.776978607462496e-06,0.3934473201810199,0.6065509028403726
P02515,Excellent,3.036482131937544e-11,0.0013673638251326453,0.9986326361445025
P09975,Average,0.659669989736789,0.34032978394487423,2.2631833683666347e-07
P01707,Excellent,7.197533783679668e-10,0.007948969127546626,0.9920510301527
P04340,Good,0.00010915754950932383,0.9523748243973772,0.04751601805311336
P08444,Excellent,6.534279602798323e-15,3.227342190120835e-05,0.9999677265780923
P07055,Good,0.00014437338116988206,0.9471646399674196,0.052690986651410573
P02522,Good,3.2564741029274002e-06,0.636648895254928,0.36334784827096905
P04764,Excellent,7.695992087641251e-07,0.45095900744238276,0.5490402229584085
P01010,Average,0.42221891735300876,0.5777804189148854,6.637321059559908e-07
P09687,Good,0.12092338850503757,0.8790565512156102,2.0060279352194044e-05
P04680,Excellent,7.151501008625554e-10,0.021413047144367446,0.9785869521404824
P02000,Good,4.372203549776203e-05,0.9635978620320139,0.036358415932488314
P07298,Average,0.006230405539676185,0.9934885450699616,0.00028104939036212274
P02171,Excellent,8.515946248686626e-11,0.007745061756854803,0.9922549381579856
P02340,Excellent,4.711673590388589e-16,9.478324829230964e-06,0.9999905216751703
P01457,Average,0.9225927837673117,0.07740719658704763,1.9645640723130745e-08
P07433,Good,0.08173541061608132,0.9182344003233103,3.018906060837815e-05
P03105,Average,0.9964777371853238,0.0035222627742139676,4.0462174232036075e-11
P07197,Excellent,2.879637606626418e-13,0.00013841963973715795,0.9998615803599749
P09036,Good,0.35737769202713715,0.6426219393574865,3.6861537643769907e-07
P09538,Good,0.017975076302537692,0.981984259754826,4.0663942636344144e-05
P09953,Excellent,1.6039202363194166e-13,0.00026005499305067583,0.9997399450067889
P02897,Excellent,1.8824324788262674e-14,0.00016999864892894404,0.9998300013510522
P01309,Good,6.123597948340887e-05,0.9827153943507478,0.01722336966976878
P08328,Good,7.219783674884819e-05,0.9120855126828114,0.08784228948043975
P04302,Good,0.8685730941463532,0.13142687181544982,3.4038197141959364e-08
P01182,Good,0.16911192286578006,0.8308816127467888,6.464387431204114e-06
P05007,Excellent,1.0687225965631586e-11,0.0019238508848269669,0.9980761491044856
P01100,Average,0.9999416856408745,5.8314359114299e-05,1.1149709259240536e-14
P05541,Good,0.00341236382363403,0.9961411903837227,0.00044644579264332864
P01856,Excellent,3.206370197299425e-21,2.4575331307669617e-08,0.9999999754246686
P02821,Excellent,5.100779598922065e-11,0.00778770449149197,0.9922122954575002
P06024,Average,0.999998842839502,1.1571604979837996e-06,3.889697542506996e-18
P01871,Good,6.348227793959977e-05,0.9758834604118575,0.024053057310202793
P09966,Good,0.02562654214414771,0.974349613137002,2.3844718850442216e-05
P09569,Good,4.2784038636879175e-06,0.8446360543239898,0.15535966727214665
P07947,Good,0.0001048441178565293,0.9826271250461373,0.017268030836006105
P03366,Average,0.9979054771166087,0.0020945228816954555,1.696076409399813e-12
P01517,Good,3.9120880591962476e-06,0.901875533748493,0.09812055416344782
P09368,Good,1.3049140569503283e-06,0.6591909192751979,0.3408077758107451
P08650,Excellent,1.9632648052143767e-13,0.0008099816707797289,0.999190018329024
P02353,Good,0.9070566490219568,0.0929433013605688,4.9617474329362944e-08
P00291,Excellent,3.8485753709449474e-11,0.004574008408379493,0.9954259915531346
P02442,Good,0.0193522593221805,0.9794975779787292,0.0011501626990903372
P01043,Good,0.3007332665999659,0.6992623925384035,4.340861630607699e-06
P01430,Excellent,1.0349619404735527e-06,0.496893255249409,0.5031057097886505
P08182,Good,0.025732939855238827,0.974085154550098,0.00018190559466312113
P04266,Good,5.439079998390099e-05,0.9148603590412516,0.08508525015876449
P09395,Good,0.000520528967703009,0.9987364442699366,0.0007430267623603638
P08157,Good,0.00014299768059851354,0.9690430640906772,0.030813938228724424
P07295,Excellent,2.7055647195827788e-08,0.06364123414270165,0.9363587388016511
P02584,Excellent,3.0054236474302957e-14,0.00015257123410830018,0.9998474287658616
P08976,Excellent,5.82025487696446e-17,3.7338321668178206e-06,0.9999962661678332
P06578,Good,0.004347514538505366,0.9934892042203505,0.0021632812411442096
P04944,Good,0.3382436042277347,0.6617541026919532,2.293080312079458e-06
P07292,Good,0.454810886735152,0.5451870591531172,2.054111730778129e-06
P08400,Excellent,8.142947405545912e-17,3.635594083269542e-06,0.9999963644059168
P04223,Average,0.7876702713181112,0.2123295279630708,2.0071881784768065e-07
P07297,Good,0.007426552468469656,0.992555491437027,1.795609450335688e-05
P02807,Good,0.023087731803707656,0.9768273834033275,8.48847929647318e-05
P06142,Excellent,8.238953308942294e-13,0.00027165250664254876,0.9997283474925334
P02684,Excellent,3.066580060157015e-11,0.0021545287500655138,0.9978454712192686
P03900,Good,0.003934290831859029,0.9949083321767839,0.0011573769913570992
P05798,Excellent,1.9746188281586297e-13,0.0002415551460096891,0.9997584448537927
P02005,Good,0.003895978540749023,0.9953209600813545,0.0007830613778964786
P06179,Excellent,1.5018421172733973e-10,0.008953821431944753,0.9910461784178711
P04367,Good,0.005959007181358124,0.9939608862013504,8.010661729140207e-05
P06934,Average,0.9999999838761993,1.6123800768973013e-08,6.540072319343446e-22
P07723,Average,0.14080167347727876,0.8591923060115052,6.020511216122966e-06
P06706,Excellent,1.3679283285782495e-11,0.0021590508521269003,0.9978409491341937
P06261,Excellent,2.436361327365304e-13,0.0002170021217121525,0.9997829978780444
P04424,Excellent,2.3614695354174434e-07,0.4886739833273684,0.511325780525678
P09645,Good,0.5009377022557078,0.4990609202887581,1.3774555342322647e-06
P05517,Average,0.8147066698147027,0.18529316166245322,1.6852284396835326e-07
P08501,Average,0.9799596506192546,0.02004034634290003,3.037845457838143e-09
P01915,Good,0.0067746906085566945,0.9879465227637931,0.005278786627650201
P00319,Good,0.000454135253511801,0.9920936096711311,0.007452255075357082
P01216,Good,0.00025007047771349476,0.9784601171349749,0.021289812387311542
P01989,Excellent,7.118215500542244e-08,0.062029922321647835,0.9379700064961971
P01205,Average,0.9850459003387128,0.01495409887999512,7.812920475579883e-10
P01278,Good,0.00045169628013495,0.9960324635443646,0.0035158401755004814
P00161,Average,0.9519479885529905,0.048052010731890506,7.151192222118322e-10
P01469,Excellent,1.4543996093244938e-17,6.609543226914587e-06,0.999993390456773
P02694,Good,2.7133113269314175e-06,0.8917474748403249,0.10824981184834825
P09394,Good,0.0029050866651073592,0.9956717735750098,0.0014231397598827786
P01945,Excellent,3.2615743732663596e-16,9.152842932002545e-06,0.9999908471570679
P01679,Excellent,1.1955839041967173e-09,0.01690204288996811,0.9830979559144479
P00025,Excellent,1.0239255896360815e-07,0.12196822691922561,0.8780316706882154
P09002,Good,0.0005807934837700972,0.9987447743384954,0.0006744321777345534
P09294,Good,2.0318233066851576e-05,0.9676132050878524,0.03236647667908083
P07910,Average,0.9999481586437166,5.184135627681219e-05,6.60134684085892e-15
P07193,Good,0.0009651005045275705,0.9790956216434815,0.01993927785199086
P01900,Average,0.9982909884903226,0.0017090114707774713,3.8900021760189195e-11
P02721,Excellent,7.59929041137208e-11,0.005000537451833724,0.9949994624721734
P06369,Excellent,8.116836667213088e-18,6.907325635533618e-07,0.9999993092674363
P09499,Average,0.9999776402276582,2.2359772340971655e-05,7.852368117330992e-16
P08682,Excellent,7.308844227676836e-20,2.626172799799803e-07,0.99999973738272
P08296,Excellent,1.3235252290271998e-14,8.105830426456792e-05,0.9999189416957222
P08946,Good,0.032316001520277,0.9676760737405599,7.924739163236909e-06
P05536,Excellent,2.0576481501055838e-08,0.0713803304783361,0.9286196489451825
P05389,Excellent,1.4662582841198816e-20,2.6040277228368628e-08,0.9999999739597227
P07541,Good,0.7442407637860691,0.25575745714363124,1.7790702996858305e-06
P03475,Good,0.0003236362954304817,0.9833690804480838,0.016307283256485686
P03173,Average,0.9995937086795723,0.00040629132003997497,3.876486334832371e-13
P04912,Excellent,1.1571862599726799e-18,5.425189108730736e-07,0.9999994574810892
P09567,Good,0.02630032344114706,0.9736618649690387,3.781158981412412e-05
P05176,Average,0.9242942098464955,0.07570575108369436,3.906981015903248e-08
P01778,Good,2.0469699122477713e-06,0.7495270059778669,0.2504709470522208
P03077,Good,0.019359360706518888,0.9805985409144705,4.209837901067685e-05
P00505,Average,0.9998523983747568,0.00014760162522284764,2.0127020486392303e-14
P02600,Average,0.9968744693480648,0.0031255306343676804,1.7567593970424953e-11
P00651,Excellent,2.0040183017200104e-17,2.1807676311286066e-06,0.9999978192323689
P04166,Excellent,3.095521054547365e-10,0.016720853196666018,0.9832791464937818
P04646,Good,0.044672968171044714,0.9551855981471936,0.00014143368176161694
P06787,Average,0.9991992116083844,0.0008007883589216562,3.269380466952827e-11
P01352,Good,0.28813344896744175,0.7118594468322562,7.104200302081864e-06
P06743,Excellent,3.586510568120564e-12,0.0008877567191720221,0.9991122432772412
P09059,Good,0.029151262325824812,0.9708057908987616,4.2946775413488666e-05
P00489,Excellent,8.456779453803925e-11,0.008293456329770629,0.9917065435856615
P08272,Good,0.0014041447456145644,0.9965103900102737,0.0020854652441117108
P06426,Good,5.3411707032884944e-05,0.927127809040496,0.07281877925247121
P07005,Good,1.362053657137544e-05,0.9923559208915695,0.007630458571859234
P06493,Average,0.9999999999999347,6.518788630024252e-14,1.5723013356739353e-31
P01242,Average,0.967400330550823,0.03259966896270399,4.864732089320486e-10
P00056,Excellent,3.179101720385457e-18,3.0169159379032526e-07,0.9999996983084063
P04273,Good,7.497600107296685e-06,0.9561259823564044,0.04386652004348823
P02771,Average,0.9999673575815877,3.264241840943545e-05,2.81684162724154e-15
P04968,Average,0.8785668757016687,0.12143311465157774,9.646753649333129e-09
P03958,Average,0.9805372471031857,0.019462752874584377,2.222994297439822e-11
P07668,Good,0.005558996024638682,0.9934168716542016,0.0010241323211596955
P00275,Good,0.09979191634958634,0.9002007228236241,7.360826789566264e-06
P02292,Good,8.58364570728627e-05,0.9933530728698844,0.006561090673042779
P09561,Excellent,1.6551921873232534e-19,7.773606393585191e-08,0.999999922263936
P09222,Good,0.0027707805392144947,0.9961667924782373,0.0010624269825482216
P05709,Good,0.017839685011436367,0.9817633402452842,0.0003969747432793272
P06875,Excellent,5.337988040493824e-07,0.31964160393277397,0.6803578622684219
P06378,Good,0.0001658330097354587,0.9084794050973828,0.09135476189288172
P00636,Excellent,4.361060603314614e-09,0.028782815994211775,0.9712171796447278
P09320,Excellent,3.697997113751518e-16,5.448764375978393e-06,0.9999945512356234
P03359,Average,0.9990005100556378,0.00099948994428048,8.163213417404678e-14
P03319,Excellent,3.992404264785644e-16,6.9649948478207705e-06,0.9999930350051517
P04199,Excellent,9.281470691857714e-19,9.203520806153699e-07,0.9999990796479195
P08906,Excellent,3.731510977551682e-09,0.03615571996400454,0.9638442763044845
P00573,Good,0.0012468446784669113,0.9940359805414458,0.0047171747800873725
P09022,Good,1.846627214315928e-05,0.9823527083846012,0.017628825343255498
P07377,Good,5.098573397958146e-06,0.6225880064083369,0.37740689501826513
P08491,Excellent,1.8996908156981215e-21,1.925429202312207e-08,0.999999980745708
P01460,Good,0.004708954297250308,0.9951265424881108,0.00016450321463890648
P01768,Excellent,8.194550295728275e-11,0.002470307446746759,0.9975296924713076
P04448,Excellent,1.8518515945212826e-20,3.851920736615556e-08,0.9999999614807925
P04452,Excellent,2.6061205645271996e-19,6.561208067805983e-08,0.9999999343879195
P09217,Average,0.9999971699504608,2.8300495390657736e-06,8.266470459248351e-18
P04660,Average,0.9999943786756699,5.621324329839471e-06,2.026177278043474e-16
P05333,Good,0.008302279217309777,0.9914356317317481,0.000262089050942106
P03966,Excellent,5.401277629370213e-21,5.1555596445380405e-08,0.9999999484444035
P06627,Good,0.0007627971231518958,0.9932736616567801,0.0059635412200680854
P02431,Average,0.9994283242904213,0.0005716757089503698,6.28530804292363e-13
P01523,Excellent,2.803449829641558e-17,2.928572517147459e-06,0.999997071427483
P06864,Average,0.9752438943682528,0.024756104919834824,7.119125342782882e-10
P06678,Good,0.00010428481234914988,0.9909124623418912,0.008983252845759572
P08354,Good,0.1895615111364058,0.8104339291724073,4.559691186903595e-06
P04085,Excellent,1.7930942755081153e-09,0.01018990279266095,0.9898100954142449
P04439,Excellent,1.1410946348716712e-12,0.0005134810473235688,0.9994865189515354
P06654,Average,0.9998286402880638,0.0001713597119316969,4.533324501726002e-15
P09072,Average,0.9711265814299829,0.02887336254336412,5.6026652904120385e-08
P06880,Good,0.06501950109402262,0.934719748985312,0.00026074992066554863
P05678,Excellent,1.2284367957891938e-11,0.0024162372668125307,0.9975837627209031
P00279,Excellent,3.0137160476164114e-13,0.000311021272342713,0.9996889787273558
P03387,Excellent,5.2893271481761415e-12,0.0030268567279086852,0.9969731432668022
P09971,Excellent,2.2765263666878888e-07,0.6224507778821233,0.37754899446524
P09877,Good,0.5023653642257182,0.4976323018153011,2.3339589806557935e-06
P06665,Average,0.8777534217451348,0.12224653265877337,4.559609187978983e-08
P01358,Good,0.01451681340542594,0.9853759603710095,0.00010722622356457017
P05034,Good,7.545522878205294e-05,0.9395969578407762,0.060327586930441636
P03082,Good,1.9616849439753796e-05,0.948248980186962,0.051731402963598315
P09540,Excellent,3.8410160327339697e-10,0.013201160986768755,0.9867988386291296
P08665,Good,0.2661016750387486,0.7338896534981649,8.67146308640971e-06
P07960,Average,0.9999898584036429,1.0141596357268423e-05,9.866673629270764e-17
P01505,Good,0.04238584736023205,0.957575733852896,3.8418786872069365e-05
P07304,Excellent,2.4301960252277598e-15,1.4712073939107367e-05,0.9999852879260583
P04108,Excellent,9.425137014990927e-12,0.0009793718135881866,0.9990206281769867
P09796,Good,3.1437888401737075e-07,0.6005676826771988,0.3994320029439172
P01337,Good,6.789446276970973e-08,0.1571437412234674,0.8428561908820699
P04155,Good,0.0012112990926060599,0.9984830549255644,0.00030564598182943856
P03678,Excellent,4.747450567011024e-08,0.20169412239281875,0.7983058301326755
P09430,Good,8.472565416970728e-06,0.8589475928364845,0.14104393459809852
P00423,Excellent,1.9538856832768414e-20,5.0264205251250164e-08,0.9999999497357949
P07587,Good,0.0001622740280462014,0.9514064423417316,0.04843128363022221
P08025,Excellent,2.069203789776382e-08,0.07066672842693217,0.92933325088103
P09236,Good,3.139696684360562e-05,0.822796019262162,0.17717258377099435
P07933,Excellent,2.5772794217979124e-08,0.054759112665618476,0.9452408615615873
P03399,Good,0.007028529192783386,0.9928107367070802,0.0001607341001364466
P01519,Average,0.9999999989335515,1.0664484089226148e-09,2.7634450494615725e-24
P09841,Good,0.006031672388198718,0.9938100805431724,0.0001582470686288961
P09397,Average,0.9271244819784195,0.07287550519300787,1.282857271062676e-08
P08891,Good,0.03074629759091502,0.9692444145326807,9.287876404209602e-06
P02189,Good,0.43984750539389333,0.560148668495971,3.8261101355641906e-06
P04061,Good,0.0001382154616280022,0.9810625208005846,0.018799263737787376
P05067,Good,2.6579687816878422e-05,0.8657033527619579,0.13427006755022525
P07832,Excellent,6.756091091907247e-08,0.0979425918125845,0.9020573406265047
P02429,Good,0.05603837995246253,0.9439526423793133,8.977668224198169e-06
P05332,Good,0.0001107106241542905,0.9907162859094729,0.009173003466372688
P00481,Good,0.0012333988557979099,0.9984646123412326,0.0003019888029695427
P09747,Good,0.26341999114494724,0.7365774478611591,2.560993893788468e-06
P02408,Excellent,1.6108887038233434e-09,0.015149811133737187,0.9848501872553742
P08833,Good,0.00016165199967566884,0.981077591984466,0.018760756015858464
P00456,Good,0.13298105793445397,0.8670138379757302,5.104089815747712e-06
P04077,Good,2.663477784120776e-07,0.1872983755229231,0.8127013581292984
P06911,Average,0.9997404592535933,0.00025954074624363985,1.6296004609571518e-13
P00652,Excellent,1.2252297963480617e-06,0.5506241915535282,0.44937458321667545
P09121,Good,0.01910292891715888,0.9808646956937137,3.237538912735754e-05
P05018,Average,0.8270152117515895,0.1729847588868694,2.936154123913563e-08
P02296,Excellent,1.0553860518139192e-12,0.00032435118532403147,0.9996756488136206
P08261,Good,0.6406739028948596,0.359325793402798,3.03702342336238e-07
P07174,Good,4.698939971447186e-06,0.5425898419936399,0.45740545906638874
P08662,Excellent,4.2062050706630213e-13,0.0007225058339893472,0.9992774941655901
P08957,Average,0.9360251911902646,0.06397474905983984,5.974989550467068e-08
P07450,Good,1.617543502611052e-05,0.9317059092524947,0.06827791531247927
P01530,Excellent,1.518085490151163e-16,6.214981424962276e-06,0.9999937850185747
P08851,Good,1.2153453154292264e-05,0.8902428252245834,0.10974502132226219
P05099,Excellent,1.1733039297602648e-16,1.4149925297027658e-05,0.9999858500747028
P09154,Excellent,4.832690966324003e-16,2.7566247005616824e-05,0.9999724337529939
P00240,Excellent,2.7838466998401404e-15,2.874965296831329e-05,0.9999712503470287
P00785,Good,0.5293797190271027,0.4706201309194342,1.5005346305827212e-07
P09508,Average,0.9999697800291057,3.021997089340574e-05,9.542815118755027e-16
P06858,Good,0.10543204455035494,0.8944789254809106,8.902996873446876e-05
P05897,Excellent,3.144647431108001e-22,1.2622636544109796e-08,0.9999999873773634
P06806,Good,0.024034155599325552,0.9752215915009518,0.0007442528997227156
P03250,Excellent,1.5035609053420306e-09,0.0103878509254247,0.9896121475710145
P04006,Excellent,2.3078783838592785e-09,0.0578844236980066,0.9421155739941149
P00349,Good,0.00025777170630260024,0.9980502101041115,0.0016920181895858167
P06516,Average,0.9997916128426022,0.00020838715737941493,1.8330286888004503e-14
P07711,Good,0.0008357108387157474,0.9966328196221099,0.0025314695391743833
P01329,Good,0.09655914340870855,0.9033317392513274,0.00010911733996409356
P04072,Good,9.497593049618651e-05,0.928394222753119,0.07151080131638489
P06936,Good,0.0015450245619517836,0.990324983687934,0.008129991750114177
P09458,Average,0.5968625909432252,0.40313726084273865,1.48214035979621e-07
P04124,Good,0.00024285322520258088,0.9879052608291461,0.011851885945651305
P01292,Excellent,2.676247028411935e-17,4.412158092165069e-06,0.9999955878419079
P05207,Good,0.5188054123241826,0.48119412991599914,4.5775981824628496e-07
P01847,Excellent,2.881162368481637e-08,0.10378824818500193,0.8962117230033744
P02168,Good,2.737539359596437e-06,0.7023831771372459,0.2976140853233945
P02991,Average,0.9999969386442181,3.0613557819422132e-06,3.6342589448688055e-18
P05285,Excellent,8.987504342388462e-14,0.00013831410581152648,0.9998616858940986
P06110,Excellent,7.669820865638794e-11,0.0034058602003580875,0.9965941397229438
P04530,Good,0.0015038161687161897,0.9969657392463045,0.0015304445849792386
P05684,Good,0.0011588750068191938,0.9908248336313956,0.008016291361785128
P08540,Average,0.9996919833698769,0.0003080166300959147,2.7348515231746695e-14
P08051,Good,0.00033550567592218004,0.9964912648384732,0.0031732294856046217
P00676,Good,0.03374615091194664,0.9662010084969949,5.2840591058591416e-05
P00159,Good,3.3089717745168247e-06,0.48637862402819076,0.5136180670000347
P08124,Good,7.138993706486751e-06,0.721636602805,0.2783562582012936
P08155,Excellent,1.350273466715315e-17,1.4112051471596749e-06,0.9999985887948528
P03396,Good,2.2633286141459765e-05,0.9247172600632311,0.07526010665062738
P07904,Excellent,4.157744699989634e-17,2.8855718136657866e-06,0.9999971144281864
P00985,Good,0.000216600439942908,0.99473257316169,0.005050826398366987
P03976,Excellent,2.878666356543148e-08,0.1011873196888338,0.8988126515245027
P07571,Good,0.3596043308418091,0.6403941262914781,1.5428667127997342e-06
P04087,Average,0.84083703746531,0.15916287156596676,9.096872329712776e-08
P09737,Excellent,6.117398360509557e-07,0.34837273818191966,0.6516266500782443
P08209,Good,6.381860310382512e-05,0.8983211937312231,0.10161498766567303
P05361,Good,0.0001008262344511769,0.9702896644189801,0.02960950934656874
P06644,Average,0.9999485763495547,5.142365043550754e-05,9.775325116328865e-15
P08523,Good,0.00028190337044519884,0.9964488933666511,0.003269203262903689
P07024,Average,0.9964235414811167,0.0035764585068664384,1.2016969269964624e-11
P03761,Excellent,2.875828093700147e-07,0.3336241656549893,0.6663755467622013
P04016,Average,0.8896631227827865,0.11033686420770089,1.3009512612260791e-08
P02804,Excellent,5.3261401181070054e-06,0.8337116248475073,0.1662830490123745
P06257,Average,0.7025296662133617,0.2974701642699187,1.6951671972554712e-07
P06346,Good,5.3937428660756416e-05,0.9706632062759813,0.02928285629535776
P03696,Excellent,2.91020018027926e-13,0.0002132693878079568,0.999786730611901
P08394,Good,0.12437207150723892,0.8756163103604022,1.1618132358878675e-05
P06557,Average,0.9324570793782678,0.06754290368952554,1.693220663038048e-08
P00988,Good,0.05775113955841696,0.9422362671949264,1.2593246656607497e-05
P00188,Average,0.9999852314419018,1.4768558097298446e-05,8.341732009673357e-16
P05463,Good,0.0007627840909405967,0.9940973856619723,0.005139830247087159
P00958,Excellent,1.1501497220227635e-12,0.0004131643341077739,0.999586835664742
P04068,Good,3.262297650151289e-05,0.8532999070421646,0.14666746998133384
P09929,Good,2.5296848912998368e-05,0.7757231636361728,0.22425153951491425
P03229,Excellent,2.901883679150852e-15,7.986323928700682e-06,0.9999920136760685
P05236,Good,0.10333768291503104,0.8966570196717567,5.297413212347615e-06
P06589,Excellent,1.535212916554297e-12,0.0002436536001487917,0.9997563463983159
P02879,Average,0.6290558726473918,0.37094389815037426,2.2920223393302724e-07
P05208,Average,0.9999722075070092,2.7792492989663124e-05,1.0589268443182092e-15
P02056,Average,0.9999988026119129,1.1973880871211162e-06,1.4180831763561387e-17
P04157,Excellent,3.5432530303575353e-12,0.0009418885992524481,0.9990581113972044
P09449,Average,0.9802372645284788,0.019762735441728147,2.9793024022966756e-11
P02904,Good,0.04921978358997819,0.950775928169503,4.288240518813696e-06
P00231,Average,0.999465292362256,0.0005347076377046835,3.9274324189875144e-14
P07783,Good,0.01663423350605655,0.9831351111528844,0.00023065534105889187
P01038,Average,0.99946685617794,0.0005331438191292726,2.930853523129047e-12
P09108,Good,6.733359906149842e-05,0.9195053853942624,0.08042728100667623
P00411,Good,0.0001443975867950003,0.9537984982552317,0.04605710415797344
P03673,Good,0.0002460655798990319,0.9843005337502846,0.015453400669816318
P01853,Excellent,3.845081645766741e-09,0.030564006178906852,0.9694359899760114
P01643,Excellent,1.5004254209933372e-08,0.06481135987702362,0.9351886251187221
P03178,Good,0.000458116418903214,0.9714900448666599,0.02805183871443678
P06372,Average,0.9952890771937161,0.004710922739503609,6.67801785433553e-11
P08274,Excellent,5.712612314128631e-10,0.005499663141459231,0.9945003362872795
P02328,Average,0.8775714061685403,0.1224285689276296,2.4903830074840537e-08
P09465,Good,0.00022191820435839507,0.9827715552708597,0.01700652652478199
P05273,Good,3.679373055629633e-06,0.7734439563451101,0.22655236428183417
P02215,Excellent,2.5283677579042587e-11,0.006692253867729117,0.9933077461069871
P07076,Excellent,8.933203847080368e-07,0.5984934809729443,0.4015056257066709
P04832,Excellent,2.1532246846409653e-07,0.23850982259694353,0.7614899620805882
P04213,Excellent,9.591287328895588e-07,0.43880393264896683,0.5611951082223002
P02114,Excellent,3.164319320701548e-09,0.029022801974915326,0.9709771948607653
P06305,Average,0.9999718956527112,2.8104347288463995e-05,4.041214710019803e-16
P00829,Good,0.0003146219203235516,0.9937700486805094,0.005915329399167086
P08146,Average,0.9999889680066645,1.1031993334293782e-05,1.0999786411067232e-15
P03784,Excellent,2.961807617167562e-05,0.9099860342282523,0.089984347695576
P01859,Average,0.9999248004508181,7.51995491798215e-05,2.0452097319831592e-15
P07000,Excellent,6.270886530022039e-20,1.9703085769559118e-07,0.9999998029691424
P07748,Good,1.0647672762407456e-08,0.1078253966716446,0.8921745926806826
P05445,Good,0.01595654863917852,0.9839312849033799,0.00011216645744163787
P00194,Good,0.00013808658679216213,0.9857872291627257,0.014074684250482132
P05694,Good,0.16467189624674802,0.835312281834282,1.5821918969990602e-05
P01255,Excellent,4.5708999452612086e-14,0.00012179125904895815,0.9998782087409053
P06619,Excellent,1.5439806108955568e-08,0.11283353597358695,0.8871664485866069
P02958,Excellent,2.574957275441599e-18,6.168790028145808e-07,0.9999993831209972
P01461,Good,0.0031064913961525195,0.9953485556007264,0.0015449530031211248
P06099,Average,0.669080522382765,0.3309190768258293,4.007914056857845e-07
P06533,Good,0.0083728227369023,0.991292858534169,0.0003343187289285675
P06521,Excellent,5.440447575013503e-13,0.0004565002135841931,0.9995434997858718
P06168,Good,0.7101563986330782,0.2898432474952171,3.538717046949574e-07
P02057,Good,0.0011485352651130346,0.9938952742619402,0.0049561904729466645
P04698,Excellent,2.0859467359857672e-06,0.48458329131659644,0.5154146227366675
P01118,Good,0.07414055037081214,0.9258460224706958,1.342715849212312e-05
P00806,Average,0.9255294055118497,0.074470590242674,4.2454762532057754e-09
P06228,Excellent,1.5589820999709823e-13,0.0001735752403524483,0.9998264247594917
P00408,Excellent,9.95414396641253e-10,0.014836389785393107,0.9851636092191927
P08536,Average,0.9999996648563312,3.351436689292699e-07,6.208631205836842e-19
P04416,Excellent,1.7470410281905406e-16,7.581065010934175e-06,0.9999924189349888
P05124,Good,0.0008414312705057733,0.9989125299705409,0.0002460387589533371
P04118,Good,0.000541088415976767,0.9938791009204689,0.005579810663554324
P07004,Average,0.9944990977807341,0.0055009021490595045,7.0206414854799e-11
P07911,Good,0.1672232217000196,0.8327741896944929,2.588605487533784e-06
P04462,Average,0.5877109504302872,0.4122884789033918,5.706663210819302e-07
P01680,Good,0.07300533996215348,0.9269879736619853,6.686375861304741e-06
P08531,Excellent,1.4804859495356337e-10,0.012061390965613596,0.9879386088863378
P09921,Average,0.9999395686230622,6.043137691338123e-05,2.4527533527799584e-14
P02025,Good,0.6055801819183663,0.39441952405063724,2.940309964906874e-07
P04693,Average,0.9999997782454527,2.2175454721133818e-07,3.114732590766565e-20
P01783,Good,1.2032161570716202e-07,0.12343165574315126,0.876568223935233
P08548,Good,0.05374610302427842,0.9460572168285278,0.00019668014719383207
P05209,Average,0.8776042908540469,0.12239565567487376,5.34710793648468e-08
P03293,Average,0.44833831910396166,0.5516611400326895,5.408633488795709e-07
P04799,Excellent,7.238655465294065e-09,0.09175600904949906,0.9082439837118454
P06646,Excellent,5.464424835161234e-12,0.0014572954235450174,0.9985427045709906
P00674,Excellent,1.9676934819404728e-11,0.0028760795949593155,0.9971239203853636
P08800,Average,0.9997670042040632,0.00023299579583685708,9.98506019593895e-14
P06172,Excellent,3.5853568603853354e-06,0.4246915768766837,0.575304837766456
P03645,Good,0.0010083720699923483,0.9970301305677263,0.001961497362281442
P02421,Average,0.9999994778079722,5.221920279220659e-07,2.979450121500691e-20
P03577,Good,5.254542582445877e-05,0.8655206909231887,0.1344267636509869
P07399,Good,0.0818762322430482,0.9181154805169578,8.287239993918868e-06
P03956,Excellent,1.2324330692662003e-14,0.00012004675326439935,0.9998799532467232
P02457,Excellent,2.050998723690615e-08,0.0662965554173269,0.9337034240726857
P07657,Good,0.004159686203940504,0.9944083434715448,0.0014319703245147693
P09640,Average,0.9999999610189276,3.8981072470801936e-08,2.7594855029311164e-21
P04142,Excellent,1.56412365399024e-06,0.5963085175101593,0.4036899183661867
P07515,Good,0.4052317324229197,0.5947649126349445,3.354942135834621e-06
P08141,Good,0.026859397812419944,0.9730529351404643,8.766704711577923e-05
P03779,Good,0.0005825541776830988,0.9959417398684728,0.0034757059538440115
P01538,Good,0.010936795542296533,0.9886607390764122,0.00040246538129141583
P07917,Average,0.9903258622285808,0.009674137426820648,3.4459852111495556e-10
P05700,Good,0.034854020520335614,0.9651329422270718,1.3037252592642626e-05
P02824,Excellent,1.0549142212815146e-05,0.6047730939184787,0.39521635693930857
P06829,Average,0.7491045461927336,0.25089535728543805,9.652182828395403e-08
P04208,Average,0.9118033102185693,0.08819668471583116,5.065599512152697e-09
P05795,Good,0.007390430568530176,0.9922687964993416,0.00034077293212821753
P08736,Excellent,2.415468939835861e-11,0.002362253088107271,0.997637746887738
P01204,Good,0.0003292478674972165,0.9926371396168332,0.0070336125156694705
P01696,Good,0.006524126947355511,0.9933062859327835,0.00016958711986098042
P07833,Good,0.0006927910488712893,0.984051807549967,0.015255401401161715
P00966,Good,0.06928985181221467,0.930691094720315,1.9053467470329924e-05
P05417,Good,5.2668306879184124e-05,0.9351353070840923,0.0648120246090284
P07737,Good,0.41281167199854324,0.587187816713878,5.112875788076364e-07
P03038,Excellent,2.394022272089861e-11,0.00255447048639794,0.9974455294896619
P04460,Good,0.5234024724297967,0.4765972248464738,3.0272372948525033e-07
P06752,Good,0.00024050930778330947,0.9954297174378579,0.0043297732543589275
P06029,Average,0.9999951613845209,4.838615479107662e-06,2.547786941726387e-17
P00471,Excellent,2.9847299647083794e-07,0.060383279970310094,0.9396164215566934
P06563,Excellent,2.2459222043215218e-12,0.000975975686956303,0.9990240243107977
P02393,Average,0.5447942460040797,0.45520547071825,2.832776703199335e-07
P00149,Average,0.3044913772462671,0.6955083784496819,2.443040509485978e-07
P08954,Good,0.00018591672836621256,0.9478092593923713,0.0520048238792624
P03705,Good,0.0004478453004991747,0.9854812624627812,0.014070892236719647
P09263,Excellent,1.2083115630550143e-10,0.0035660461146790057,0.9964339537644897
P03744,Average,0.9999999871972424,1.2802757625343212e-08,1.6589917003326879e-22
P06131,Excellent,4.428778351337398e-08,0.12249814810360586,0.8775018076086107
P07322,Excellent,3.7280421234439135e-10,0.006889901297575279,0.9931100983296206
P02072,Average,0.9985046129492119,0.0014953870486105753,2.1775252489731688e-12
P00078,Good,0.0007900932750980166,0.9977499069678012,0.001459999757100774
P00890,Good,1.2717801595983134e-05,0.7400225550448571,0.2599647271535468
P05784,Good,0.005022191171914713,0.994196012073339,0.0007817967547463454
P08355,Good,2.8529689920776624e-05,0.9749666492087112,0.025004821101367855
P02769,Good,0.3513297395276034,0.6486681551802823,2.1052921142700226e-06
P05963,Good,0.00024042238531467804,0.9227541935860308,0.07700538402865457
P02835,Good,0.04627160781834694,0.9536098152074617,0.00011857697419125993
P06336,Excellent,2.2112778812940322e-20,6.982428213498948e-08,0.9999999301757179
P05687,Good,1.1343871902604445e-05,0.892598752116314,0.10738990401178342
P01332,Good,0.016908686014940583,0.9829962774111796,9.503657387984831e-05
P06824,Average,0.9999925402258245,7.4597741751960375e-06,3.1500607046916303e-16
P08643,Average,0.9998835081857176,0.00011649181426718626,1.5317042673090686e-14
P04207,Good,0.000609428283203142,0.9919952872520604,0.0073952844647363495
P07105,Good,0.0010007686898937395,0.9967584483652406,0.0022407829448655697
P00407,Average,0.9587121015312494,0.041287898403555796,6.519485360251802e-11
P05891,Average,0.9419517397455924,0.058048223018624064,3.72357835457959e-08
P01107,Average,0.9990936685910801,0.0009063314059270839,2.9929149668135208e-12
P08318,Good,0.00018815859604250646,0.9977336004639106,0.0020782409400469963
P01898,Average,0.5269173372291367,0.4730825258489914,1.3692187196540776e-07
P09563,Average,0.989862065135517,0.01013793482548166,3.9001342197569524e-11
P04281,Good,0.04612268955796714,0.9537896878635651,8.762257846776652e-05
P06749,Good,0.014133340494040945,0.9839396832277253,0.0019269762782338638
P08231,Good,0.0002260518720868288,0.9797355959543051,0.020038352173608043
P03288,Good,0.06796917370507254,0.9320040742918161,2.6752003111382148e-05
P02808,Good,0.3941445529234195,0.6058529439398741,2.5031367064601665e-06
P01552,Excellent,1.1795831140302497e-06,0.6310066932752187,0.36899212714166724
P08859,Good,0.00016976330180804532,0.9920014068217086,0.007828829876483406
P07033,Excellent,2.448102875791603e-16,3.0194525341601333e-06,0.9999969805474656
P05637,Average,0.9999999602129885,3.9787011377855546e-08,5.74966125879343e-23
P04084,Excellent,5.190237613113717e-10,0.017161785852197995,0.9828382136287781
P05769,Good,0.0009905319704814845,0.9974759125665817,0.0015335554629367907
P07610,Excellent,3.307084412558716e-06,0.803639203881191,0.19635748903439643
P08741,Average,0.9999994182690368,5.817309631946854e-07,3.9018782411750754e-19
P00569,Good,0.07828586660550238,0.9217080408848278,6.092509669865544e-06
P06997,Excellent,6.030400913089375e-13,0.0004144329845202694,0.9995855670148768
P05378,Good,0.0002247687453837803,0.9916724447118933,0.008102786542722921
P05729,Good,0.0004724550122754843,0.977205710955039,0.02232183403268547
P08249,Excellent,1.1488518590954265e-08,0.05432985696058176,0.9456701315508997
P02676,Excellent,1.8882693254285858e-12,0.0013353017671504056,0.9986646982309614
P04497,Average,0.9999983303480422,1.6696519578565167e-06,3.034005678659773e-19
P05151,Excellent,1.3292633911350346e-12,0.0007540176018661162,0.9992459823968047
P05181,Average,0.9998572609207879,0.00014273907919242547,1.9782268507235878e-14
P05669,Average,0.9995409624595399,0.0004590375399828096,4.773450759694848e-13
P03897,Average,0.999996911807092,3.088192907828267e-06,2.8466537287180327e-17
P03484,Excellent,2.66752606550305e-10,0.01077585269406898,0.9892241470391785
P01230,Average,0.9989839040118809,0.0010160959814041388,6.7151424377982e-12
P03686,Excellent,1.7066326383369035e-07,0.292935160726636,0.7070646686101002
P07143,Good,6.997070864193799e-07,0.48181807848153124,0.5181812218113824
P00606,Good,0.02579214168404276,0.9741461544710353,6.170384492195594e-05
P01331,Good,0.07999345130329288,0.9199424589082865,6.408978842055114e-05
P06843,Excellent,9.807724143720157e-11,0.005524281426507981,0.9944757184754148
P09086,Good,2.655217533051274e-05,0.9564168529242183,0.04355659490045126
P00720,Good,4.902092613883422e-07,0.6652228743031304,0.3347766354876082
P00187,Good,1.7626347248373955e-07,0.08465938851335407,0.9153404352231734
P09856,Good,4.2533420179214983e-05,0.9732703857142605,0.026687080865560146
P08224,Excellent,1.4098351183465239e-14,5.326523953807108e-05,0.9999467347604479
P01906,Average,0.8765649383658135,0.12343503008286948,3.155131705558595e-08
P05304,Average,0.9999918096613288,8.190338671258016e-06,2.532074971883685e-17
P08052,Good,3.785609906782186e-05,0.9790919991636405,0.020870144737291766
P08979,Average,0.9994177248647458,0.000582275134451929,8.022463497686594e-13
P09383,Excellent,1.1943149701578947e-18,9.104156715425075e-07,0.9999990895843285
P03949,Excellent,2.2427405883555754e-08,0.08675219290813042,0.9132477846644635
P07275,Excellent,6.343196501059167e-08,0.13324958523507424,0.8667503513329609
P08500,Good,1.720481931278857e-06,0.9808624946538501,0.0191357848642186
P06194,Excellent,1.3383673994688868e-08,0.031244327178506913,0.9687556594378192
P08481,Excellent,4.088057995130959e-11,0.0037381718900918004,0.9962618280690275
P01524,Good,0.0013703102689036058,0.9975673928974274,0.001062296833669046
P03051,Average,0.9999991646847913,8.353152086942643e-07,9.654358641120612e-19
P00222,Average,0.2350862444530785,0.7649104463093217,3.30923759980677e-06
P08726,Average,0.9379567355463273,0.06204324399279681,2.0460875820919894e-08
P07624,Excellent,3.847208197481317e-06,0.5649325799592948,0.43506357283250774
P00331,Good,0.02602585221237702,0.973938681658406,3.546612921686396e-05
P06768,Excellent,1.381559820181036e-07,0.08155936560543092,0.9184404962385871
P02161,Excellent,1.2069636924136065e-19,3.98517812229317e-07,0.9999996014821877
P09711,Good,0.0008043336690010702,0.9956972488866762,0.0034984174443226652
P08128,Excellent,8.170445753694507e-11,0.006140478513420525,0.9938595214048749
P04236,Excellent,4.054963078323313e-06,0.7935731727498647,0.20642277228705708
P06667,Good,1.10328954393422e-05,0.7778015206296992,0.22218744647486147
P04986,Excellent,4.474072595890118e-08,0.11590576241765749,0.8840941928416166
P06227,Good,0.05760125671663899,0.9423926310113286,6.112272032319103e-06
P01139,Good,2.500980185308988e-05,0.9049442896723848,0.09503070052576201
P08218,Average,0.9999999999735361,2.6463860564675046e-11,1.3460148565615231e-27
P09467,Good,0.012992634146977237,0.9868288491384348,0.0001785167145878952
P01192,Average,0.9941710695648797,0.0058289304111368056,2.3983500669152392e-11
P07400,Excellent,1.78966031251498e-07,0.24103114162619974,0.7589686794077688
P05725,Good,1.4775749241298181e-05,0.8389532788252839,0.1610319454254747
P01143,Excellent,1.5858230431207264e-17,2.8595198709767376e-06,0.999997140480129
P05746,Excellent,2.530364900759267e-13,0.00026346275866630513,0.9997365372410806
P09064,Excellent,2.320754424098524e-08,0.06089747627584967,0.9391025005166059
P08649,Average,0.9999977582507379,2.2417492619927268e-06,1.3513817122355107e-17
P09689,Good,0.45901407887615436,0.5409831038280758,2.8172957698961167e-06
P06883,Excellent,3.819456378673098e-13,0.0003605044794802737,0.9996394955201376
P08177,Good,5.290992155526401e-10,0.005899274818180871,0.9941007246527198
P01424,Excellent,2.7415182626616657e-19,4.07629053130659e-07,0.9999995923709469
P02401,Average,0.9984399547996183,0.0015600451925882007,7.793425854360321e-12
P00361,Average,0.9999284582964809,7.154170351443677e-05,4.713737269954267e-15
P03113,Excellent,2.0087566333487053e-07,0.19834309752288923,0.8016567016014474
P06779,Excellent,1.4714144218183893e-12,0.0006692960198766464,0.9993307039786519
P01376,Good,0.0006715969691723805,0.9752976146794827,0.024030788351344808
P09293,Good,6.171989071226929e-07,0.3876075646530271,0.6123918181480658
P02622,Good,0.11750927652175595,0.8824789561258168,1.1767352427345187e-05
P00701,Average,0.975300192500138,0.024699803327607652,4.1722544419416455e-09
P01456,Good,0.008262664640353289,0.9911034003707794,0.0006339349888673427
P04264,Good,0.1753555585836258,0.8246388480213427,5.593395031550962e-06
P03503,Good,0.044572536490404185,0.9553703149450214,5.7148564574380914e-05
P01185,Excellent,1.9664030765519843e-08,0.04038241187651633,0.959617568459453
P01811,Average,0.9946435718769543,0.005356428119768803,3.2769148991131525e-12
P05724,Excellent,1.446596349451527e-18,7.701730525230072e-07,0.9999992298269474
P04406,Excellent,1.7005113560696834e-10,0.002098922118741796,0.997901077711207
P03409,Average,0.9996384558632665,0.00036154413644044916,2.9289552814729736e-13
P06807,Good,6.143446159861271e-05,0.9762934651298043,0.023645100408596943
P08989,Excellent,1.4674879861178077e-09,0.036906420936205435,0.9630935775963066
P09849,Excellent,3.0785657438951405e-19,2.028094621728095e-07,0.9999997971905377
P03954,Good,0.17342324003874687,0.8265682878909925,8.472070260770425e-06
P09657,Excellent,2.2953687016335078e-07,0.4063655643324433,0.5936342061306865
P05591,Good,1.0887227843062337e-06,0.5537132234623483,0.4462856878148674
P07778,Average,0.44209565965791037,0.5579039209423683,4.1939972137473543e-07
P09663,Average,0.9751977542544945,0.02480224536310089,3.824046243875482e-10
P01270,Average,0.9578208569267056,0.042179141610662434,1.462631894441212e-09
P04708,Good,0.0005056392699806416,0.9937457410231494,0.005748619706869863
P05359,Excellent,9.224756599392024e-10,0.014801546749621638,0.9851984523279028
P01737,Good,2.8689277524952654e-05,0.933414503747913,0.06655680697456201
P07774,Excellent,4.5481719285009444e-08,0.15465872744929157,0.8453412270689891
P09410,Excellent,9.377921324827302e-12,0.001869235120793936,0.9981307648698282
P01794,Excellent,1.1904826191352368e-16,5.729225409070795e-06,0.9999942707745906
P03767,Good,0.49249986854774747,0.5074943917447859,5.739707466587607e-06
P05471,Good,0.0006899539625609503,0.9952327746700003,0.004077271367438797
P01920,Excellent,5.529321787232254e-18,7.768102163306107e-07,0.9999992231897837
P07332,Good,4.995090844664445e-06,0.860148231031389,0.13984677387776637
P01541,Good,0.12815992562954823,0.8718356449885852,4.429381866485814e-06
P03361,Excellent,2.3313847883832896e-17,1.3724927606100746e-06,0.9999986275072393
P09455,Excellent,6.667155394078216e-11,0.0088993581601292,0.9911006417731993
P05754,Average,0.9988065893909227,0.001193410604423168,4.654099296167578e-12
P00091,Good,0.02364300789378338,0.975895933209522,0.0004610588966946508
P00876,Average,0.9999990746495099,9.253504901075734e-07,6.2071735515975235e-19
P05799,Good,0.1897380286826106,0.8102476780472095,1.4293270179812027e-05
P02610,Good,0.08310300124678985,0.9168923980457658,4.600707444289957e-06
P09972,Good,5.050599050066919e-06,0.6998930279091437,0.3001019214918063
P07115,Average,0.8506964378283158,0.14930354641513743,1.5756546705627322e-08
P06474,Average,0.9998414804907163,0.00015851950924656577,3.703331680755462e-14
P08789,Good,0.32839925068693265,0.6716005287635514,2.2054951593825703e-07
P00418,Average,0.7867413720087374,0.2132585006687312,1.2732253145667165e-07
P04579,Good,0.0005604868658938182,0.9265674902506628,0.0728720228834435
P07696,Good,0.0005388285747527739,0.996031041179163,0.0034301302460842753
P08105,Average,0.999999999999994,6.059438627425746e-15,6.298812321849473e-35
P09226,Good,0.0008107149589724145,0.9942342373069795,0.004955047734048115
P05490,Good,0.01593569938801572,0.9831711715648362,0.000893129047147975
P04828,Average,0.9834793345613653,0.016520659960477985,5.478156900160811e-09
P08498,Average,0.9998174807789049,0.00018251922106340385,3.169423384041751e-14
P00869,Excellent,2.749422877770282e-15,3.065443513003414e-05,0.9999693455648673
P00864,Good,0.0006594373154460425,0.9978594817690142,0.0014810809155397214
P01239,Excellent,7.689138243851917e-10,0.04225323307118113,0.957746766159905
P09798,Excellent,1.5161245320389449e-07,0.3445137525898991,0.6554860957976478
P04183,Average,0.9995483059601131,0.00045169403917689983,7.099596032172074e-13
P05189,Average,0.22603447438982338,0.7739650307642273,4.948459492838901e-07
P07441,Good,0.01617883017724423,0.9837577477003437,6.34221224119539e-05
P05561,Excellent,2.1663015679726197e-20,1.6330804712322318e-07,0.9999998366919529
P08095,Good,1.727419071016955e-05,0.9910533467416094,0.008929379067680376
P07031,Excellent,8.275991195547505e-16,8.700135259278019e-06,0.9999912998647398
P04792,Average,0.9944239932283352,0.005576006624131553,1.4753332618797858e-10
P09345,Good,0.00012035540264449051,0.9948041547201754,0.005075489877180179
P06558,Average,0.9607180686335222,0.039281919957719034,1.1408758796161631e-08
P00928,Average,0.9863326453177624,0.013667354350173496,3.320640765669865e-10
P08480,Excellent,2.260072019105363e-09,0.02032455163039206,0.9796754461095359
P05401,Average,0.9999904294220708,9.570577928530044e-06,5.991296114887882e-16
P05503,Good,4.1359703491036524e-05,0.9773737161790699,0.022584924117439068
P05844,Average,0.9999999999716236,2.8376337565327625e-11,1.3482148077617388e-27
P08604,Excellent,2.3236395608293535e-16,1.0836392935542584e-05,0.9999891636070644
P02531,Excellent,4.997089995378194e-14,0.00014058500429876575,0.9998594149956513
P04859,Good,0.7875789759051505,0.2124207313609294,2.927339202358038e-07
P06425,Excellent,4.4439947186471203e-07,0.6034446610728682,0.39655489452765985
P07127,Average,0.8515190731146389,0.14848090148505894,2.5400302142346953e-08
P02254,Good,0.008616697784641799,0.9910511366895547,0.00033216552580356463
P02129,Good,0.003773067195191636,0.9955461866575267,0.0006807461472816242
P00761,Good,1.8203021625410552e-06,0.47559963938608824,0.5243985403117492
P00225,Good,0.0028276705563425367,0.9957519302157998,0.0014203992278577085
P08657,Average,0.9999999989968402,1.003159831628095e-09,8.673170186070987e-25
P09283,Average,0.9989490761045674,0.0010509238929341923,2.4985302219794874e-12
P09088,Excellent,4.9012285801589946e-11,0.004941652714936184,0.9950583472360516
P06263,Good,2.7048006935104523e-06,0.6200794385371472,0.37991785666215927
P01315,Good,0.007015448355465572,0.9929716412715964,1.2910372937884814e-05
P06451,Good,0.0002832013931669122,0.9906759208450516,0.009040877761781429
P02649,Good,0.012300677942929661,0.9870095394882292,0.0006897825688411656
P02432,Average,0.9967322761586725,0.003267723839957638,1.3699850195059458e-12
P04269,Excellent,3.4434398888351075e-17,4.994894450526828e-06,0.9999950051055494
P02997,Excellent,1.993185939323134e-10,0.0037915163700375934,0.9962084834306436
P03455,Excellent,1.2271531713971465e-07,0.3491014753004809,0.6508984019842019
P07795,Excellent,1.415246314904782e-10,0.0052688922905660416,0.9947311075679094
P09333,Excellent,1.436137556373053e-15,2.599838087939965e-05,0.9999740016191193
P04047,Good,0.012380685205240568,0.9873038089293128,0.00031550586544662343
P01129,Excellent,2.402567860507824e-05,0.7610422534326134,0.23893372088878143
P07836,Average,0.9434455198971924,0.05655447618139433,3.921413229198261e-09
P09092,Excellent,3.1685489302131464e-09,0.04797804329360981,0.9520219535378412
P04587,Excellent,2.863974211453443e-10,0.009088926584785039,0.9909110731288175
P03607,Excellent,1.0011927490322144e-11,0.0022938708072976024,0.9977061291826904
P06580,Excellent,5.674776054018479e-13,0.00040540387263174733,0.9995945961268007
P04487,Good,0.09435804753540822,0.9056284473109987,1.3505153593158178e-05
P09600,Good,0.038538757949021146,0.9614497752568779,1.1466794100921233e-05
P06612,Average,0.9070984039689017,0.09290158572701313,1.0304085053114883e-08
P07439,Excellent,2.066625760018993e-07,0.18854235539229036,0.8114574379451337
P00008,Average,0.9999999923124719,7.687528121865108e-09,6.020275556604852e-23
P07359,Excellent,3.6845035648080504e-11,0.0015161676495631543,0.998483832313592
P07449,Excellent,2.982226361299209e-08,0.1172190472027597,0.8827809229749768
P01325,Average,0.999999917554825,8.244517500975396e-08,3.7042271818802303e-20
P09982,Average,0.7909579677245014,0.2090419286025186,1.0367297994290607e-07
P01734,Average,0.6518855936656269,0.3481143294808976,7.685347554235818e-08
P05837,Good,0.5843984720010493,0.4156013754859086,1.5251304203586378e-07
P02841,Good,0.0002561656149378203,0.9899723897608225,0.009771444624239645
P05217,Excellent,7.796801386396447e-08,0.2834134311733079,0.7165864908586781
P06968,Average,0.9992138812003545,0.0007861187970048356,2.64067277889076e-12
P01336,Average,0.9999840957906454,1.590420935421575e-05,3.625451218771803e-16
P07100,Excellent,1.1024326763025961e-19,1.631274078294458e-07,0.9999998368725922
P05557,Excellent,2.4481170658957982e-14,9.363908874887029e-05,0.9999063609112266
P00094,Average,0.9998559734066731,0.00014402659329649308,3.04261348408837e-14
P06018,Excellent,7.5343919954678266e-06,0.7020233270272889,0.2979691385807156
P04215,Good,5.849183756670806e-05,0.9844175143078467,0.01552399385458664
P03184,Excellent,4.876006116300761e-10,0.0339048271695056,0.9660951723428938
P09531,Good,0.03947087278640232,0.9605087180189283,2.0409194669263007e-05
P09118,Good,1.0875004557563653e-05,0.8853632020484266,0.11462592294701603
P06625,Good,0.09159264721163565,0.9083719562248629,3.539656350151806e-05
P04113,Average,0.9933793023461315,0.006620697622283484,3.1584986481671676e-11
P04135,Good,3.5817327723293385e-06,0.5205793570948724,0.4794170611723554
P03451,Good,0.00012397368877394672,0.9242160469427944,0.07565997936843173
P00020,Excellent,2.326813623929001e-13,0.00018586155203193284,0.9998141384477355
P00661,Average,0.9999999976784486,2.321551284204435e-09,1.26378858846692e-23
P09761,Excellent,1.222364198008821e-07,0.18982717153014395,0.8101727062334363
P06106,Excellent,1.94429103952245e-12,0.0009230131749770982,0.9990769868230787
P01082,Good,0.03705983084373062,0.9627551439168522,0.00018502523941707906
P02639,Excellent,4.523079925657708e-05,0.8033906036281776,0.1965641655725659
P01241,Good,0.00013818280308240734,0.9963738940172686,0.003487923179649052
P07443,Excellent,1.6455524548934938e-19,2.5764115243120305e-07,0.9999997423588476
P03543,Good,0.0002748270173868923,0.9991116621495492,0.0006135108330639148
P06652,Average,0.9723641135794808,0.02763588602708632,3.934328983895229e-10
P06794,Good,0.0005164886890970004,0.9958182190136382,0.0036652922972648908
P07768,Excellent,9.759096263683933e-12,0.0014138911313540605,0.998586108858887
P02580,Good,0.018871959500194598,0.9809895323303581,0.00013850816944728668
P08331,Good,0.2616145008793496,0.738383982432788,1.5166878622926753e-06
P02855,Average,0.9997043974421123,0.00029560255787135833,1.6372624272879292e-14
P00088,Good,0.0006558851409780307,0.9942930385025591,0.0050510763564628304
P02473,Good,0.25009218506942793,0.7499020792073559,5.735723216237414e-06
P01840,Excellent,3.275147115956207e-13,0.0005362790491031369,0.9994637209505692
P01775,Good,0.3863091236035827,0.6136896689388054,1.2074576120008738e-06
P03370,Good,0.001181832141444491,0.9981771714202913,0.000640996438264268
P05771,Excellent,6.087994230276258e-08,0.057824892593500356,0.9421750465265574
P02493,Good,0.0006759346326278643,0.9972755270690148,0.0020485382983573726
P00397,Good,0.0006090680899189684,0.995572542386941,0.003818389523139974
P00507,Good,8.071227630176137e-07,0.3258665024372181,0.6741326904400189
P09469,Good,0.0007498493400908068,0.9941118024621863,0.005138348197722751
P07929,Good,0.0006019791117388155,0.9984108377093989,0.0009871831788624504
P01941,Good,0.0006033645344218007,0.9792860942146642,0.020110541250914014
P03553,Good,1.736089192436614e-05,0.7520097340280775,0.24797290507999828
P08832,Excellent,3.4960482625600085e-11,0.0038534478866823476,0.9961465520783572
P00271,Average,0.9999350853046152,6.491469537235905e-05,1.2430605014972938e-14
P08248,Average,0.9992895023237914,0.0007104976760975263,1.1103540991742082e-13
P04776,Average,0.9132111137614233,0.08678888432765818,1.910918589589876e-09
P00938,Good,0.3977093234675181,0.6022859959235872,4.680608894751659e-06
P09004,Average,0.9999991384907819,8.615092179527319e-07,9.110408879318621e-20
P00233,Good,3.166800524998531e-05,0.8120699075401271,0.187898424454623
P07034,Excellent,8.029555336533488e-23,6.62678847244897e-09,0.9999999933732115
P07416,Good,5.974562513051907e-05,0.9790943128722607,0.02084594150260882
P09381,Excellent,7.428757274839012e-11,0.0026459457357940032,0.9973540541899185
P02388,Average,0.9999865883217468,1.3411678252977048e-05,2.8539927958532096e-16
P09859,Good,0.00689222860738697,0.9930562073580395,5.1564034573588814e-05
P08310,Excellent,8.658444515232117e-08,0.049182049400770395,0.9508178640147844
P01001,Excellent,1.8882168039588962e-06,0.39230363277292674,0.6076944790102693
P02458,Average,0.9999937045056017,6.295494398413799e-06,9.932755738634581e-17
P08477,Good,0.3284704003339085,0.6715100266905892,1.9572975502312075e-05
P08557,Good,0.12800764342543422,0.8719903159930238,2.0405815418680684e-06
P02822,Excellent,2.2897594425187755e-18,5.294826213184547e-07,0.9999994705173786
P07580,Good,2.6394085723753625e-06,0.8127187205345203,0.1872786400569073
P06363,Good,4.961453044003932e-06,0.7823299653350795,0.21766507321187648
P04740,Excellent,6.173322200808666e-08,0.13468078871793454,0.8653191495488434
P00954,Average,0.9953043912656556,0.004695608724475173,9.869128162739046e-12
P03205,Good,0.2905806796591493,0.7094184893557196,8.309851310900839e-07
P02164,Average,0.9999711658142925,2.883418570564922e-05,1.913912562054151e-15
P08526,Excellent,4.295582307829232e-21,1.2396214652314503e-08,0.9999999876037854
P04918,Good,5.056610287374911e-05,0.9495353369001222,0.050414096997004096
P05666,Good,2.8724195492847857e-05,0.9904410145509994,0.00953026125350774
P06176,Good,0.01365253629164921,0.9857967832450251,0.0005506804633256723
P07392,Good,0.06714603476574771,0.9328158566759381,3.8108558314019984e-05
P05872,Excellent,1.674024756478342e-20,1.3178730150505374e-07,0.9999998682126985
P07475,Excellent,7.690931075556975e-06,0.5978051223461635,0.40218718672276105
P03447,Excellent,1.499544991202527e-09,0.016375413030850064,0.9836245854696051
P02862,Good,0.00015904364633148273,0.9611159741159175,0.03872498223775103
P06930,Average,0.9998134372769878,0.00018656272230608027,7.061483738738546e-13
P00711,Excellent,5.789348066730805e-13,0.0007782421404300009,0.999221757858991
P02867,Excellent,1.9692856274776566e-13,0.00020044211147574013,0.9997995578883273
P00921,Average,0.14593547651234312,0.8540642388835157,2.8460414124162343e-07
P04719,Good,4.893525546058641e-07,0.3074965343468951,0.6925029763005502
P09025,Good,7.618212293133645e-08,0.15831151194925272,0.8416884118686244
P00895,Average,0.9999993584574419,6.415425580151212e-07,1.6705718333185238e-19
P02616,Good,0.5056544574572043,0.49434394364797346,1.5988948221207925e-06
P05894,Average,0.999760529120747,0.0002394708791850108,6.782185376155686e-14
P00740,Excellent,4.7001671686023635e-08,0.055744024276072286,0.9442559287222562
P06300,Average,0.9999840712100618,1.5928789937793875e-05,3.5529310992149048e-16
P07423,Excellent,1.4637645309708102e-21,1.7230962220707995e-08,0.9999999827690379
P06969,Excellent,5.924509361686095e-09,0.02538733753312269,0.974612656542368
P03298,Excellent,3.8578228067405626e-12,0.0010188847532487234,0.9989811152428935
P05701,Good,2.2720958177905847e-05,0.9411123069236342,0.05886497211818792
P04667,Excellent,7.974318969994533e-10,0.012083034444269074,0.987916964758299
P07116,Good,0.21386810835973938,0.7861196513912903,1.2240248970283337e-05
P04265,Average,0.9786449642182131,0.021355027479129336,8.302657556860162e-09
P05150,Good,0.00022446103663415097,0.9616924995283609,0.03808303943500502
P02963,Excellent,1.0413356678137058e-14,0.00020753403496215833,0.9997924659650275
P00265,Excellent,6.580370874263975e-13,0.000451624264076525,0.9995483757352656
P02316,Good,0.0004674756226694712,0.9838335162125456,0.01569900816478494
P09147,Good,1.8717618758037192e-05,0.9183051940652275,0.08167608831601454
P07402,Average,0.2777891448294859,0.7222082662489894,2.5889215247958375e-06
P00043,Good,0.00097920595630128,0.9939572939360969,0.00506350010760192
P03586,Excellent,7.39645173080368e-12,0.0014920884410459232,0.9985079115515578
P05330,Good,0.0002552544740125688,0.9849522765193093,0.014792469006678183
P00005,Average,0.9839756162026188,0.01602438360822671,1.8915450083412978e-10
P09188,Average,0.4549139061855241,0.5450859333289307,1.604855451092546e-07
P04844,Excellent,1.8214363914230334e-08,0.03547634613966722,0.9645236356459689
P03548,Good,0.008212567149326937,0.9913390836907251,0.00044834915994796233
P06939,Good,0.05623994349303891,0.9437432795006139,1.6777006347266607e-05
P01569,Average,0.9999926343586905,7.365641309421181e-06,1.1043662022080205e-16
P02100,Average,0.9999995714993146,4.2850068548203957e-07,8.598043724211698e-20
P07495,Excellent,5.605656044347095e-11,0.008624864790528632,0.9913751351534147
P08055,Average,0.9999995924728997,4.075271002415888e-07,3.9617344732912573e-19
P07134,Excellent,4.436118158826609e-07,0.2784655907167402,0.721533965671444
P03622,Good,0.0007105978882170482,0.9989791831841986,0.0003102189275842746
P04513,Good,1.9468522475983475e-05,0.7549774807725745,0.2450030507049495
P00501,Good,1.2806475487282493e-05,0.6513224209031,0.34866477262141266
P06282,Average,0.9992236457622634,0.0007763542363183254,1.4181922777354034e-12
P06065,Good,0.0004206876235560141,0.9962990796426829,0.0032802327337611505
P08977,Good,3.1801238922459964e-07,0.5635643795049928,0.4364353024826179
P03639,Good,0.29755616194464407,0.702440930223441,2.9078319148785217e-06
P03733,Excellent,2.6073392295733676e-17,3.3026958455178355e-06,0.9999966973041544
P03697,Good,0.00018381154346977337,0.9968807700972244,0.0029354183593058693
P01371,Good,2.0259806257475e-05,0.825472157803407,0.1745075823903355
P00519,Average,0.9998262618477988,0.00017373815214806143,5.314521435113779e-14
P05200,Excellent,5.085932813218036e-10,0.009598019962898692,0.990401979528508
P03907,Average,0.9999844504363474,1.5549563652669406e-05,4.6060018742570625e-17
P08929,Good,0.030258732788112277,0.9696811739788113,6.009323307657057e-05
P03648,Excellent,1.3228294587657488e-17,1.7328407955475285e-06,0.9999982671592045
P04012,Excellent,1.8410631724049713e-18,4.597796584353294e-07,0.9999995402203417
P09358,Average,0.8571306753150435,0.14286891001610363,4.1466885303239426e-07
P07333,Excellent,1.3162197683826326e-09,0.033983451818965664,0.9660165468648145
P09357,Excellent,7.403482505395207e-16,1.2387460454719645e-05,0.9999876125395446
P06448,Average,0.9999949617735701,5.038226429913555e-06,1.06205548625551e-18
P00811,Average,0.9997625909649559,0.00023740903495584264,8.827799852269008e-14
P06039,Average,0.6184848879469286,0.38151481605379056,2.959992810316895e-07
P07739,Good,1.6598967795571425e-08,0.07542364701224462,0.9245763363887877
P09274,Excellent,3.3708390117239694e-10,0.005605403961042395,0.9943945957018737
P03518,Excellent,3.610777893526395e-06,0.634284642509664,0.36571174671244244
P03473,Good,0.006087663803695806,0.9933864229909615,0.0005259132053426676
P09686,Good,0.0002143514040072929,0.9896944145062382,0.010091234089754543
P02756,Good,0.027376046901627402,0.9726025048170268,2.1448281345783912e-05
P04252,Good,3.1807235192890006e-06,0.8619676656208877,0.13802915365559304
P03204,Good,0.003015877992918312,0.9965825640924587,0.00040155791462296437
P07121,Good,0.00472187347164856,0.9950683928933464,0.00020973363500504232
P04706,Good,0.548287664196224,0.4517118632026201,4.7260115598272116e-07
P06908,Good,0.001503748962874808,0.9979829312239267,0.0005133198131984493
P01361,Excellent,2.2115102226564828e-16,3.1582956436464347e-06,0.9999968417043561
P03772,Average,0.9999999999998772,1.227381922558026e-13,1.2598839719998383e-31
P05350,Average,0.9992810806891483,0.0007189193102660144,5.856800975619293e-13
P02834,Excellent,8.235319192461739e-07,0.4070238858099705,0.5929752906581103
P09846,Good,1.1463523375566276e-05,0.9433569116877083,0.05663162478891623
P01421,Good,7.165593451118754e-05,0.9477850301103821,0.05214331395510675
P09533,Excellent,4.8337990634268875e-19,2.605302887319733e-07,0.9999997394697112
P05274,Good,0.008370132295408094,0.9887849344838157,0.002844933220776314
P05459,Good,0.001447160471381646,0.9961437582988732,0.0024090812297452085
P07993,Average,0.9577205869780523,0.042279406524306395,6.497641420323698e-09
P02471,Good,0.8828572270514544,0.11714270372474496,6.922380071111694e-08
P05033,Good,4.874262948688381e-05,0.9541484309960404,0.04580282637447266
P04560,Good,0.042970772485131856,0.956961633142097,6.759437277111017e-05
P05752,Excellent,3.166597834713638e-11,0.0031262964239062987,0.9968737035444278
P06049,Good,3.1109645871992475e-05,0.9665065815637147,0.033462308790413293
P05750,Average,0.9999978399048652,2.1600951347954874e-06,3.4057924554151877e-18
P01715,Excellent,3.9946945864566515e-08,0.14089809606092543,0.8591018639921287
P03254,Excellent,3.787040924545716e-16,3.944772616805181e-06,0.9999960552273828
P01405,Good,6.712233337796753e-06,0.7214746001850598,0.27851868758160236
P02675,Excellent,1.1669119665448929e-08,0.026716300338529654,0.9732836879923508
P06681,Excellent,4.459761718512055e-07,0.590701297156997,0.40929825686683113
P03417,Excellent,8.315165202361534e-08,0.15344824192833942,0.8465516749200084
P06057,Good,0.006890735247659908,0.9918788996151967,0.0012303651371433596
P03878,Excellent,1.6586014974025035e-10,0.00798533558277121,0.9920146642513685
P03660,Good,0.0056446783628471475,0.9941991568786637,0.000156164758489227
P00346,Average,0.999999592818107,4.071818928822707e-07,7.625218632820809e-19
P01117,Average,0.9999870437863713,1.2956213628590792e-05,3.757648975168149e-17
P06430,Good,1.4695941663048189e-05,0.8077600723759898,0.19222523168234726
P05928,Good,3.412675813372992e-05,0.9424016653917587,0.057564207850107595
P08695,Good,0.0032996943589258267,0.9961826294476769,0.0005176761933972637
P05978,Good,1.2945240259346116e-06,0.2671277910163955,0.7328709144595785
P03276,Average,0.9999996146511774,3.853488226490525e-07,6.4443802878766525e-21
P09039,Average,0.9982197931716861,0.001780206826258314,2.0556073604917057e-12
P05620,Average,0.6524368460385546,0.3475628481265,3.058349454554496e-07
P04953,Good,0.15224636494315338,0.8477013582987154,5.227675813119802e-05
P05946,Good,0.012318467064279505,0.9867433674464482,0.0009381654892723697
P05203,Good,0.02718523966676328,0.972801332624892,1.3427708344693655e-05
P09436,Excellent,2.8732894650362886e-05,0.9020226204211382,0.09794864668421142
P09910,Good,3.9422364470487925e-07,0.6722918215332134,0.3277077842431419
P05232,Good,0.7487633407320541,0.2512364203926988,2.388752472020508e-07
P09586,Excellent,2.0350680038206665e-09,0.03172800339115567,0.9682719945737764
P02096,Good,0.0876141949942472,0.9123761009164366,9.70408931629103e-06
P06609,Average,0.9990065075202603,0.000993492477985053,1.7545766980268114e-12
P04168,Good,0.0029431427248587496,0.9918569128444475,0.005199944430693854
P01322,Good,0.0021118520555480705,0.9959146715615997,0.001973476382852154
P07731,Average,0.9989386437304543,0.0010613562681116395,1.4340474151853254e-12
P04605,Excellent,3.794595925182897e-16,2.4690571768897947e-05,0.9999753094282305
P05421,Average,0.9999992203769085,7.796230915687694e-07,4.2800181589090183e-19
P04502,Good,6.237009853955413e-05,0.9789067457798919,0.021030884121568623
P07539,Excellent,9.0863680153522e-13,0.0009785931059819904,0.9990214068931094
P04524,Good,0.48206865529140414,0.5179301438464374,1.200862158466001e-06
P03147,Good,0.0005845294155652221,0.9840545399447126,0.01536093063972229
P08017,Excellent,1.7848755117706263e-20,9.807255552861667e-08,0.9999999019274445
P09946,Average,0.11336459764367812,0.8866326092324377,2.793123884067497e-06
P03912,Excellent,3.123821909653785e-08,0.09762620078793195,0.902373767973849
P08458,Good,0.026010844773823105,0.9739336951651336,5.546006104339014e-05
P00987,Good,9.820166840423221e-05,0.9104425199688049,0.089459278362791
P05233,Good,3.7556265445238478e-06,0.909494829333435,0.09050141504002053
P06615,Excellent,5.0625951855318375e-12,0.0008995553880717594,0.9991004446068658
P03823,Average,0.2327108408911689,0.7672839475347418,5.211574089368857e-06
P03864,Good,0.055221004305831836,0.9447777477559253,1.2479382429446325e-06
P00741,Good,1.2129789028834972e-05,0.8696837603233496,0.1303041098876216
P05276,Good,0.0013889356810970438,0.9974642256278705,0.0011468386910325023
P00852,Good,0.19050892327522245,0.8094769461634408,1.413056133688612e-05
P09755,Average,0.9990049019681199,0.000995098030661961,1.2180983739622435e-12
P03050,Excellent,4.706083504236274e-16,5.482633310927282e-06,0.9999945173666885
P06125,Average,0.9620912620263509,0.03790873615925312,1.8143960280874986e-09
P04162,Excellent,3.0947493092371436e-06,0.6574841097184625,0.34251279553222835
P09026,Average,0.9981508820628598,0.0018491179296244054,7.51581278612776e-12
P03494,Good,0.10628767921970467,0.893691654287172,2.0666493123365382e-05
P03290,Excellent,1.159617461858645e-15,3.140539818005644e-05,0.9999685946018187
P03669,Average,0.999747886742202,0.0002521132577720215,2.599710811364314e-14
P05269,Good,0.8676218506748581,0.13237803903207243,1.102930693389078e-07
P07254,Excellent,1.0437224898091464e-10,0.008273016389118083,0.9917269835065097
P02065,Average,0.997395494508829,0.002604505487286145,3.88491512799035e-12
P01035,Excellent,4.037512554520169e-12,0.002146231145560099,0.9978537688504024
P01409,Excellent,1.625865659847716e-18,7.637001708948976e-07,0.999999236299829
P05912,Excellent,3.4036686639000567e-16,2.0140471587882643e-05,0.9999798595284116
P01894,Good,1.1667955724793947e-07,0.18702710535825978,0.8129727779621829
P04924,Excellent,4.715881028036616e-08,0.09104166721033544,0.9089582856308541
P01993,Good,1.0443702842352074e-08,0.053316023429099205,0.9466839661271979
P05296,Excellent,8.466776911607916e-11,0.006669298395893156,0.993330701519439
P07125,Good,2.111075199790361e-06,0.45890590248068014,0.54109198644412
P03632,Excellent,1.5355391881900115e-12,0.0012931732265236554,0.9987068267719408
P09503,Good,3.421315110203981e-06,0.8080919527671074,0.19190462591778232
P03769,Excellent,2.257354844449307e-11,0.0018707211019672032,0.9981292788754591
P00857,Good,0.0014142950590005008,0.9954207595346694,0.0031649454063299954
P07740,Good,0.8306791100844051,0.16932088001672987,9.898864914501253e-09
P08577,Good,0.15061264877570016,0.8493756749922687,1.1676232031137381e-05
P04308,Excellent,1.5431854510781465e-11,0.0009332002230390165,0.9990667997615292
P00744,Excellent,2.54937955103467e-11,0.0021726291399482476,0.997827370834558
P09664,Average,0.9998197490304686,0.00018025096950017056,3.119236803010232e-14
P05778,Excellent,1.6573633278920877e-10,0.006950161786431307,0.9930498380478323
P00609,Average,0.9999999758978099,2.4102190194787866e-08,2.0621859489041667e-21
P02221,Average,0.5632804767369326,0.43671932833379484,1.9492927269256573e-07
P08074,Average,0.9305290580773364,0.0694709377404904,4.1821730091479546e-09
P04508,Excellent,5.1290424942842614e-06,0.8834857860241528,0.11650908493335287
P09931,Excellent,2.947322853109875e-07,0.1205393091227137,0.879460396145001
P00422,Good,1.990974815432347e-05,0.8906351280940643,0.10934496215778133
P05465,Average,0.7173265077269281,0.2826731161304066,3.76142665335564e-07
P09271,Average,0.9999999915516479,8.448352086648002e-09,5.79420711310514e-23
P09951,Excellent,1.5758293516748928e-18,5.034813710432386e-07,0.9999994965186288
P00174,Good,8.075229047656778e-05,0.9936800377055274,0.0062392100039961335
P04820,Average,0.9998503748864926,0.00014962511345732957,4.996006613208385e-14
P03951,Good,0.034280208759772064,0.965569862796432,0.0001499284437960198
P04486,Excellent,1.1686840420471317e-08,0.08986719327031131,0.9101327950428482
P09816,Average,0.6746210875005307,0.32537847852854196,4.3397092717214207e-07
P06663,Good,0.015931356996628114,0.9839246834916487,0.0001439595117231527
P09013,Good,0.4447826719412556,0.555216427389421,9.006693234842235e-07
P04153,Excellent,2.1416594022737685e-08,0.11129301037959076,0.8887069682038152
P01773,Average,0.9767855472167633,0.02321444982797076,2.955266043899569e-09
P09668,Average,0.4499405258169744,0.5500587798642288,6.943187966550709e-07
P03533,Good,0.5111818174193766,0.4888167376939381,1.4448866853745152e-06
P00379,Average,0.9999837180862832,1.6281913715457485e-05,1.2969086168275758e-15
P03891,Average,0.9080866427156546,0.0919133437654002,1.3518945267416276e-08
P06247,Good,0.0031064422699324306,0.9888524890281467,0.008041068701920947
P01159,Good,0.06095699844940329,0.9390003386284579,4.266292213884132e-05
P05049,Good,2.487945764093573e-05,0.8461463909856174,0.1538287295567418
P01280,Excellent,3.0019247084833593e-12,0.000954815005792571,0.9990451849912055
P02430,Good,0.0005343191610469489,0.9933241971851741,0.0061414836537789065
P01135,Excellent,1.0734848495127033e-09,0.015163524249763367,0.984836474676752
P08634,Excellent,6.550807640521098e-11,0.005408683929262156,0.9945913160052297
P04165,Excellent,4.186249956612731e-19,1.792113943121035e-07,0.9999998207886057
P06598,Average,0.9999774984410571,2.2501558942576194e-05,1.489717643359186e-16
P01103,Excellent,3.16120412590548e-06,0.44850909834333785,0.5514877404525362
P02860,Good,3.64295561099902e-05,0.9923708801652525,0.007592690278637545
P09808,Average,0.999825708361588,0.00017429163841012918,1.8494578093561983e-15
P09391,Good,1.103864810766036e-05,0.8503775269797607,0.14961143437213167
P04368,Good,0.9426668619120141,0.05733312996121162,8.12677418400191e-09
P01636,Excellent,2.42201527084052e-17,2.6899176255605712e-06,0.9999973100823744
P05614,Average,0.9999259206643095,7.407933568838051e-05,1.997970499435296e-15
P05787,Excellent,1.4957009144792159e-13,0.00016392819092153643,0.9998360718089289
P04709,Good,5.973878827678582e-07,0.6816885652767956,0.3183108373353217
P04063,Good,0.001181533210070132,0.9971529348200544,0.0016655319698755282
P01725,Excellent,2.981443208550683e-08,0.045831395373113835,0.9541685748124541
P06718,Average,0.5179713586120301,0.4820279868522961,6.545356737409207e-07
P04274,Average,0.9999998075736101,1.9242639002958876e-07,8.134342829664781e-21
P06689,Excellent,2.2900940942802818e-09,0.04863954413616607,0.9513604535737398
P00808,Excellent,3.339709182310855e-11,0.0019163184574208158,0.998083681509182
P03634,Excellent,3.7720952153606005e-06,0.6428859829660328,0.3571102449387519
P01969,Good,1.1780871653046246e-05,0.7775280929601001,0.22246012616824687
P08307,Good,0.009586052913166401,0.98992990106576,0.00048404602107358685
P02029,Good,0.5392938457404657,0.4607055891042593,5.651552749940764e-07
P07236,Excellent,5.799467952168563e-12,0.00033978181980801053,0.9996602181743927
P06614,Excellent,4.3046477785695765e-15,2.4689483692428914e-05,0.9999753105163033
P03003,Good,0.1361239842883199,0.8638719639921988,4.051719481357211e-06
P03219,Average,0.9955911919273777,0.004408808064947158,7.675257216198898e-12
P05520,Excellent,1.725704229212786e-10,0.011326138689268704,0.988673861138161
P04060,Good,0.03995749274894664,0.9600380275604034,4.479690650107557e-06
P04618,Good,0.24775529908239874,0.7522345489551961,1.0151962405135394e-05
P06266,Good,0.002623383425247994,0.9953047501639822,0.00207186641076965
P02131,Excellent,5.2521919511256063e-11,0.0040006540256440305,0.9959993459218339
P04211,Excellent,2.6420740696976566e-11,0.00317943740332527,0.9968205625702539
P02638,Good,0.008604740941743903,0.9906353136219878,0.0007599454362682516
P03159,Excellent,3.382653087890074e-21,2.0688070538326763e-08,0.9999999793119294
P01127,Good,0.7545911040487774,0.2454084099523022,4.859989204350655e-07
P07096,Good,0.6431119903432316,0.3568868981214489,1.111535319414273e-06
P02926,Average,0.9999995325757718,4.6742422812657e-07,1.9158458701066732e-19
P07887,Excellent,8.589120118865845e-16,3.720491908446774e-06,0.9999962795080907
P01240,Good,0.0006048720516753888,0.9832029459663358,0.016192181981988796
P09484,Excellent,1.2415883988301337e-18,2.8070435972812233e-07,0.9999997192956402
P07280,Good,1.0261837214156978e-05,0.9249709366682125,0.0750188014945732
P08999,Excellent,2.7719198746929866e-09,0.04256384901772317,0.9574361482103568
P06846,Excellent,6.4319322916656465e-06,0.923244242127603,0.07674932594010542
P02046,Excellent,3.1204383785656576e-19,2.1196878117299235e-07,0.9999997880312189
P00138,Excellent,3.247274643864898e-12,0.0007170795912706091,0.9992829204054821
P03001,Excellent,1.8194616407900686e-13,0.00023060438608653235,0.9997693956137315
P06173,Good,0.00010860274548326509,0.9981225872830956,0.0017688099714212968
P01749,Good,1.4310067593684507e-05,0.99353492101094,0.006450768921466413
P06486,Good,0.0033671510935407768,0.9957040841693725,0.000928764737086782
P06986,Good,1.632722443243282e-05,0.5825358748007213,0.4174477979748463
P02543,Excellent,1.636405703004419e-10,0.00827673136496842,0.991723268471391
P08693,Good,0.0002550250883725799,0.9964058923505499,0.003339082561077579
P09936,Excellent,1.077293408103561e-20,8.464448048728897e-08,0.9999999153555196
P03602,Good,6.6487024918533436e-06,0.701541464136004,0.29845188716150406
P04979,Excellent,4.1375158232326244e-11,0.0030389955448945896,0.9969610044137303
P08077,Excellent,5.651411834984944e-07,0.43534508177837133,0.5646543530804451
P08190,Average,0.4669938281913587,0.5330060706612165,1.0114742476078584e-07
P01807,Average,0.9931717965699196,0.006828203176197404,2.538829203211804e-10
P07893,Excellent,1.4196247574312257e-12,0.00045841578831742885,0.9995415842102631
P05171,Good,1.0090836606475097e-06,0.9287756250823559,0.0712233658339834
P07184,Excellent,1.2174272115125525e-12,0.0007563531665869257,0.9992436468321956
P03858,Good,0.825540994616034,0.17445896868923388,3.669473201229168e-08
P08148,Good,0.46270736690861647,0.5372916603273038,9.727640797996278e-07
P02597,Average,0.7828060133651894,0.2171939770771845,9.557626160497654e-09
P05031,Average,0.35220185297387024,0.6477935879593182,4.559066811683739e-06
P04054,Good,0.06781200123093777,0.9321663040109914,2.1694758070889874e-05
P08584,Good,5.1545353993291225e-05,0.8742042906044893,0.1257441640415175
P04057,Average,0.9999999529473607,4.70526392669064e-08,9.10924416180806e-22
P07989,Excellent,8.460740887152927e-18,7.7188589643138e-07,0.9999992281141036
P06278,Good,0.0014850150613519722,0.9959203286546083,0.0025946562840396432
P03252,Excellent,3.058184012656339e-21,2.988631532924921e-08,0.9999999701136846
P01754,Good,0.006752120003110917,0.9927924146632743,0.0004554653336147342
P03677,Average,0.43499764345632413,0.5650010145732013,1.3419704745012568e-06
P06180,Excellent,3.802939581828507e-10,0.010518876062216853,0.9894811235574893
P07301,Good,8.48609625625326e-07,0.483791523526505,0.5162076278638694
P00716,Excellent,3.780616775189685e-09,0.02624542016699916,0.9737545760523842
P03530,Excellent,6.859203798139551e-17,3.769984845936372e-06,0.9999962300151541
P05796,Excellent,3.861169023677846e-06,0.9324368323160123,0.067559306514964
P05235,Good,0.0004198623082024762,0.9950000119217215,0.0045801257700759
P04259,Excellent,9.998050119687312e-11,0.007136962066521058,0.9928630378334984
P00925,Excellent,1.2192749787495842e-18,4.461814346132672e-07,0.9999995538185654
P02267,Excellent,2.637075157823986e-07,0.23866926647624517,0.7613304698162391
P02806,Excellent,5.258065661405824e-14,4.6404269231746657e-05,0.9999535957307156
P05707,Excellent,5.390779752674802e-13,0.00032201194159472605,0.9996779880578661
P07067,Good,9.528759293372554e-06,0.8830739578168438,0.11691651342386268
P05507,Average,0.9910439696052712,0.008956030376227888,1.8500920107863132e-11
P04542,Average,0.3138542040616135,0.6861446872274347,1.108710951688133e-06
P02941,Good,7.72334006980572e-06,0.671081136360931,0.32891114029899915
P03056,Average,0.9455095720312496,0.05449041127876003,1.6689990405339205e-08
P08735,Good,9.07777052298409e-06,0.8911444605089142,0.1088464617205628
P00062,Excellent,9.434295504496204e-18,1.6773712917742857e-06,0.9999983226287081
P00579,Good,0.0014456261323703323,0.9949487255241619,0.003605648343467803
P03054,Average,0.5355654172938389,0.4644344403806075,1.4232555370265403e-07
P09468,Good,5.364678638698933e-05,0.9880587766012051,0.011887576612407946
P03130,Good,0.04975660032913997,0.9502328704887264,1.0529182133704244e-05
P04043,Excellent,1.0062751141660398e-07,0.1513705496478166,0.8486293497246719
P05275,Good,8.121829023417839e-07,0.6191811862457085,0.38081800157138923
P03313,Excellent,4.5072857065704445e-17,5.850249419336635e-06,0.9999941497505808
P08680,Excellent,1.3518249341431522e-11,0.005020314489268669,0.9949796854972132
P06436,Good,9.191399617206093e-07,0.4857644326605123,0.514234648199526
P05246,Good,0.04057415699309569,0.9593092445528004,0.00011659845410383368
P04461,Good,9.683816044456671e-07,0.806782198549843,0.19321683306855253
P03238,Average,0.9954666777220496,0.004533322186327524,9.16229419938674e-11
P05093,Good,0.7477075918696555,0.25229233435700177,7.377334283206405e-08
P03695,Excellent,3.850704513819066e-12,0.0014196076665473599,0.9985803923296019
P09740,Good,0.0007895252754611639,0.9913873538147265,0.007823120909812279
P06731,Good,0.6527487655105376,0.3472510847842857,1.4970517670815952e-07
P04671,Average,0.9847755565015646,0.015224442983431808,5.150036337320401e-10
P02590,Excellent,5.547732818497297e-15,5.004249242372609e-05,0.9999499575075707
P03454,Good,0.02457388414723285,0.9752725226011508,0.00015359325161645805
P05887,Excellent,5.228333561127044e-06,0.7791921060278566,0.22080266563858233
P05642,Good,0.24912445628570087,0.7508747584182872,7.852960119204623e-07
P06830,Good,0.5193128568437005,0.4806863369407728,8.062155265724875e-07
P05320,Good,0.032980456734496504,0.9669809299807741,3.8613284729531014e-05
P04550,Average,0.20145677252074393,0.7985410159530256,2.211526230501324e-06
P08644,Good,2.895916381305045e-05,0.910864459384265,0.08910658145192198
P08566,Average,0.6855462396851641,0.3144537034113743,5.690346147951101e-08
P02982,Average,0.9999974333002005,2.566699799415598e-06,3.6217525934557755e-18
P06431,Excellent,1.411133290979989e-07,0.30963120015449647,0.6903686587321745
P01227,Average,0.99999733266624,2.6673337598816343e-06,7.390311476351689e-18
P08768,Average,0.9996755861249884,0.0003244138748338619,1.7777497708818113e-13
P06476,Good,0.34052100039217886,0.6594772094442546,1.7901635665065937e-06
P04977,Good,0.016056143491261072,0.9836882179648696,0.00025563854386940154
P02204,Good,1.7655301997718492e-05,0.9602709661061746,0.03971137859182774
P07288,Good,0.03814442829146593,0.9618312686221638,2.4303086370280053e-05
P07025,Good,2.51972450611006e-05,0.9137234445652401,0.08625135818969881
P03010,Excellent,3.364096594026572e-11,0.0023912456852532163,0.9976087542811056
P02922,Good,5.0905191925737924e-05,0.8738101673349533,0.12613892747312086
P06130,Excellent,8.95342464213966e-09,0.05503911074531425,0.944960880301261
P06242,Excellent,3.5842762781282885e-10,0.007305188680685952,0.9926948109608865
P09870,Good,0.5473504217480609,0.4526491097217411,4.68530198055887e-07
P04523,Good,0.001758233213907137,0.9930307862687998,0.005210980517292971
P01370,Excellent,1.2828011101343954e-16,3.732098439512346e-06,0.9999962679015604
P03601,Good,0.10037901363594187,0.8995747949383536,4.619142570456001e-05
P07490,Average,0.7649944895872562,0.23500546935460467,4.1058139055448786e-08
P01025,Excellent,7.743039146024051e-08,0.13699542796921838,0.8630044946003903
P08207,Good,0.00025089399607819527,0.989653458149283,0.010095647854638987
P00611,Good,0.0007596031193776118,0.9963864320547184,0.0028539648259040015
P04963,Excellent,1.1751177491170934e-14,3.8220143647458786e-05,0.9999617798563407
P03926,Excellent,1.7205959543875192e-08,0.07508562485045127,0.9249143579435891
P01307,Excellent,1.5155033142800165e-11,0.002075194963284038,0.997924805021561
P05786,Good,0.0033508311310119173,0.9956883230060521,0.0009608458629358671
P07972,Good,8.287957550412463e-06,0.5271903617612484,0.4728013502812011
P05413,Good,2.336596148740912e-06,0.48445151693955635,0.5155461464642949
P06248,Good,0.03341597109086713,0.9664704537992577,0.00011357510987530308
P00015,Excellent,6.859149881380821e-19,3.579344763958889e-07,0.9999996420655235
P03952,Average,0.9997195865904035,0.00028041340958467404,1.177990326140596e-14
P03916,Good,1.9897404620801504e-05,0.9168092047574676,0.08317089783791158
P01357,Excellent,1.683552483515237e-10,0.007926951798848374,0.9920730480327964
P03381,Average,0.9799677069012422,0.02003229268170472,4.1705284909850574e-10
P09628,Good,0.0012254394150223158,0.9972831032355733,0.0014914573494042372
P01581,Excellent,1.0581657931601537e-09,0.035167241882808974,0.9648327570590253
P05583,Excellent,1.0112659292031657e-12,0.0004306499502274259,0.9995693500487614
P07461,Good,0.4503069012814093,0.5496895579593188,3.5407592718398258e-06
P07491,Good,0.01378247532537749,0.9858928567353965,0.0003246679392260403
P00226,Excellent,9.0608327200289e-18,4.0142915263361814e-07,0.9999995985708473
P05972,Good,0.0013806549261524618,0.9949385462325477,0.003680798841299837
P03924,Excellent,5.457956347822479e-19,2.3938697854944573e-07,0.9999997606130215
P01850,Excellent,6.506573427249912e-12,0.001830158350063782,0.9981698416434295
P06599,Average,0.9993097531482928,0.0006902468507778996,9.293740570217672e-13
P07382,Average,0.8119871136352965,0.18801284616955685,4.019514657577087e-08
P01743,Good,2.647124842947656e-06,0.6550119348786172,0.3449854179965398
P01046,Average,0.9978378607987072,0.002162139200697704,5.950262294934826e-13
P02332,Excellent,5.3156663974967174e-20,4.616541581382669e-08,0.9999999538345842
P06084,Excellent,5.828580006746834e-07,0.37276833044870955,0.6272310866932898
P01404,Excellent,4.380094919336726e-12,0.0020372270093230904,0.9979627729862969
P04126,Good,6.148995738949782e-05,0.9915382466238662,0.008400263418744391
P05768,Good,0.00030214197838913714,0.9744553902127321,0.02524246780887884
P00732,Good,4.488456889829858e-05,0.821242235411073,0.17871288002002875
P09193,Good,0.0013262358054985796,0.9938363071788047,0.004837457015696796
P05063,Good,2.8067999727196268e-06,0.7142727993602942,0.28572439383973314
P04376,Good,0.5467183830245069,0.4532815865468938,3.042859929432033e-08
P05792,Good,0.006672574983850279,0.9929273340262293,0.00040009098992030754
P00926,Good,8.255408465606918e-05,0.986332966444441,0.013584479470902815
P04905,Good,2.5275892215811124e-06,0.4346519036687212,0.5653455687420573
P04581,Good,0.007737525845396951,0.9913889430118695,0.0008735311427335951
P08875,Good,1.6091817243310184e-05,0.9217808465791095,0.07820306160364716
P04324,Good,0.5169774365368403,0.48302233708947134,2.263736883598689e-07
P09644,Average,0.19776490446963615,0.8022336398964652,1.4556338985460146e-06
P06169,Excellent,8.149155623323305e-07,0.726965943266195,0.27303324181824273
P02269,Excellent,2.0608686614717898e-14,9.706648604254826e-05,0.9999029335139368
P06210,Excellent,1.2606727492949709e-14,0.00010531486648616536,0.9998946851335012
P06757,Good,0.697102649462058,0.3028972252274602,1.2531048177796615e-07
P02155,Good,0.040239386800074786,0.959753544711088,7.068488837141071e-06
P05790,Excellent,2.0934083919450288e-08,0.10573503866568072,0.8942649404002354
P02896,Good,0.00030393757618500525,0.978964861899188,0.020731200524626976
P03271,Good,0.05093283951327289,0.9490610186801844,6.141806542635886e-06
P08685,Excellent,2.880937741649338e-13,0.0004194554693089732,0.999580544530403
P04960,Excellent,1.3402247913368652e-12,0.0007560630265372806,0.9992439369721225
P02462,Excellent,4.347222305482171e-07,0.28966407381140685,0.7103354914663625
P04812,Excellent,2.230401477478044e-12,0.0005761695693348139,0.9994238304284346
P01924,Good,0.0008974522225927058,0.988868332899855,0.010234214877552215
P06354,Average,0.9999958030821038,4.196917896298079e-06,2.7550429539598726e-17
P09407,Average,0.9999998412309171,1.5876908277964686e-07,1.0342873068521656e-20
P03613,Excellent,1.5344995552270537e-07,0.18830942087357255,0.8116904256764718
P00839,Excellent,3.5499607253799177e-09,0.10815910146261713,0.8918408949874221
P01520,Excellent,6.956772548332194e-10,0.012597051078798454,0.9874029482255243
P04908,Average,0.9999993730931529,6.269068471012792e-07,2.3269611390779816e-18
P01136,Good,9.905530080441665e-07,0.7188284445309185,0.28117056491607334
P00007,Good,0.0034876799344827126,0.9963598778343852,0.00015244223113217698
P04386,Good,5.832478506100152e-06,0.9029542053743037,0.09703996214719024
P00956,Excellent,3.6438540446445204e-08,0.1327397416083066,0.8672602219531529
P04805,Good,0.002016769462689551,0.9972987893393773,0.0006844411979331597
P01298,Excellent,7.997614233405659e-12,0.0027963058624864753,0.9972036941295159
P01616,Excellent,3.6734817893872485e-09,0.07317079006358634,0.9268292062629319
P05432,Average,0.9985249832093209,0.0014750167873584677,3.3206302137624354e-12
P00575,Average,0.9877250077050651,0.012274992191015193,1.0391963259039406e-10
P01657,Good,0.0009696592139769642,0.9899750128911031,0.009055327894919918
P04800,Average,0.9999999007598105,9.92401895284971e-08,1.3474724448134676e-21
P05686,Good,2.617296773103024e-06,0.7767447323934987,0.22325265030972816
P05696,Excellent,2.9380132992912964e-19,1.2023871882894478e-07,0.9999998797612812
P03100,Good,0.0004675624867565465,0.9872892222646692,0.012243215248574283
P05793,Good,1.951688716825686e-05,0.9512303511350257,0.04875013197780592
P03067,Good,6.833929497546284e-05,0.9279876399812804,0.07194402072374408
P02364,Excellent,6.408002343198054e-12,0.0020106339512375934,0.9979893660423544
P05698,Good,0.016472771340321945,0.9834237054392467,0.00010352322043132364
P08478,Average,0.9834632594940987,0.01653674030039736,2.055037807689511e-10
P01261,Average,0.9989312054261463,0.0010687945714667583,2.3867945332811102e-12
P05188,Excellent,1.753232594157386e-08,0.12490116044057537,0.8750988220270987
P02028,Good,0.8527902034654974,0.14720969235769094,1.0417681156853142e-07
P02633,Good,4.942769879949844e-05,0.9139333645316989,0.0860172077695015
P02320,Good,0.6219991743666548,0.3780005531295279,2.7250381736680435e-07
P03008,Excellent,1.4925316449282136e-19,2.1365223885744632e-07,0.9999997863477611
P04898,Average,0.78555495991826,0.21444502549558309,1.4586157023076944e-08
P09735,Average,0.912418690974325,0.08758128907913991,1.9946535112102634e-08
P00663,Excellent,3.430497155883315e-14,4.1246935756494546e-05,0.9999587530642091
P03523,Good,0.008811963501909357,0.9911540714136057,3.396508448490524e-05
P06488,Good,0.44779463453104607,0.5521974897486428,7.87572031117018e-06
P06876,Good,0.15022403250142957,0.8497624430187071,1.3524479863372692e-05
P06390,Good,0.0006939864592264221,0.9969724441614183,0.0023335693793552575
P09832,Good,3.1382846688340396e-05,0.9795017870986646,0.020466830054646938
P00274,Average,0.9089435250194546,0.0910564659242176,9.056327814880356e-09
P03253,Good,0.08869196028235668,0.9112913805598828,1.6659157760608377e-05
P03018,Excellent,1.424070045618416e-16,5.697412791995532e-06,0.9999943025872078
P02710,Good,9.997377454162518e-06,0.9230823305219907,0.07690767210055502
P04857,Good,3.0109547446623484e-05,0.6695339672777308,0.33043592317482257
P01493,Excellent,1.8683184878750466e-18,6.024504698642982e-07,0.9999993975495302
P06343,Good,0.0024645596856654934,0.996813426990802,0.000722013323532589
P07095,Excellent,3.381484035207075e-10,0.021087626162888822,0.9789123734989628
P02977,Good,0.03472777291633644,0.9652421569783414,3.0070105322096735e-05
P04420,Good,0.00023233174119514983,0.9952617917788815,0.004505876479923292
P08180,Good,0.0004337905362562124,0.9914475094014512,0.008118700062292596
P01760,Excellent,1.1792041450571641e-08,0.10260460071554116,0.8973953874924175
P05375,Average,0.9898009609272717,0.010199038390990763,6.817374454893033e-10
P02901,Excellent,1.648939767756359e-08,0.05988224745836638,0.940117736052236
P09117,Good,0.0014019103664528825,0.9959143261260744,0.002683763507472621
P05743,Good,0.3328085295852599,0.6671885221137036,2.948301036527441e-06
P07027,Excellent,3.1840217119061136e-16,1.252446189557785e-05,0.9999874755381042
P09322,Average,0.9999999980881082,1.9118917810542638e-09,1.5100748038065572e-24
P04008,Excellent,4.551318417752065e-11,0.0021262454946900248,0.9978737544597969
P01036,Average,0.9999956894365952,4.310563404810426e-06,1.3748126518513677e-17
P09107,Good,0.01966097442330431,0.9801615227748345,0.00017750280186106906
P08884,Good,0.001747412534373373,0.9981661402102423,8.644725538445206e-05
P02179,Good,1.6346356500100809e-06,0.27488332742670757,0.7251150379376424
P03636,Good,4.056535444190335e-08,0.059479909552645926,0.9405200498819997
P08590,Good,4.02253943454938e-08,0.12564470297730018,0.8743552567973055
P05288,Good,0.002246889032597515,0.9966379305291645,0.0011151804382381265
P05118,Good,0.00027807115205087093,0.9873640642582906,0.012357864589658549
P00998,Good,1.4957646761737376e-05,0.8182515211992296,0.18173352115400856
P06981,Good,0.0010972986964335944,0.9963882439701924,0.0025144573333739026
P09647,Good,0.003417994450628591,0.9962024918099194,0.0003795137394520929
P08168,Excellent,3.516673151814807e-06,0.5459540395824564,0.4540424437443918
P05973,Good,0.23099013634503707,0.7690017804769034,8.083178059586346e-06
P07222,Excellent,2.088379209731155e-06,0.8039644729190227,0.1960334387017675
P04083,Excellent,3.8821176831571704e-05,0.8461653509229949,0.15379582790017343
P03850,Excellent,8.839763682198018e-07,0.4768583447319549,0.5231407712916769
P09348,Excellent,9.253622610465617e-09,0.07666459610937879,0.9233353946369985
P07824,Average,0.9929493037289591,0.007050696201312343,6.972852696961945e-11
P03867,Excellent,7.335376048564779e-06,0.6859588547288622,0.3140338098950893
P04334,Good,0.01329543019098755,0.9866300497281673,7.452008084509879e-05
P04534,Excellent,4.966548621356607e-07,0.24830438289386922,0.7516951204512685
P05559,Good,0.00017100643905140618,0.9922118426227147,0.0076171509382340005
P05873,Average,0.9986821653388589,0.0013178346581767025,2.96433537923961e-12
P00283,Excellent,4.500077837916055e-12,0.0005544731424033701,0.9994455268530964
P05908,Excellent,3.3570278082878223e-19,3.3573770533413634e-07,0.9999996642622947
P02624,Excellent,2.2268601123967707e-16,4.905922284796426e-06,0.999995094077715
P01618,Average,0.99999993535113,6.464887004735731e-08,2.886567683292993e-20
P03754,Good,0.005608144934952693,0.9937529845411913,0.0006388705238559288
P06308,Excellent,2.930725824661592e-12,0.000673537477750675,0.9993264625193186
P07914,Excellent,4.396443007498949e-11,0.0029030137207010356,0.9970969862353346
P00553,Excellent,9.849299145533052e-08,0.13453409477526007,0.8654658067317487
P05609,Average,0.9822563200288252,0.017743678743914575,1.2272601966153043e-09
P07800,Excellent,3.506265279620264e-13,0.00035954322503685236,0.9996404567746124
P04558,Good,0.20590575460188498,0.7940857790457471,8.46635236788513e-06
P09978,Good,8.172703410497606e-05,0.9521523488084497,0.0477659241574453
P08861,Good,0.00013291993267333115,0.998189387011774,0.0016776930555527606
P06280,Excellent,3.921225125446224e-07,0.465909807959019,0.5340897999184684
P04965,Average,0.8811229138732933,0.11887704515465476,4.0972051907628636e-08
P04050,Good,9.164066338319411e-07,0.8475216344550648,0.15247744913830133
P09259,Average,0.9999886893713904,1.1310628609314597e-05,1.898092733134741e-16
P06955,Excellent,1.6411375866820036e-09,0.030447296007424726,0.9695527023514378
P01823,Excellent,2.3270431060883134e-11,0.0029409647225458586,0.9970590352541836
P06459,Good,9.709125364971377e-07,0.4745034517793033,0.5254955773081602
P06724,Good,7.986927042627265e-05,0.9927133691495765,0.007206761579997301
P09082,Average,0.9999999992341351,7.658649151725833e-10,9.922238223615867e-25
P01802,Good,0.030657131465146644,0.9691210332161821,0.00022183531867117195
P09891,Average,0.99999506423289,4.9357671101591056e-06,1.18525082169181e-17
P07589,Average,0.9999999964778912,3.52210883921949e-09,7.203581895696057e-24
P05068,Good,0.0002498720795099538,0.9832149566468595,0.016535171273630488
P02313,Good,4.2266682026872694e-07,0.40080496126040105,0.5991946160727788
P09565,Good,3.840901541500059e-05,0.9532501323357775,0.04671145864880747
P03569,Good,0.003555142403450572,0.9962118000289568,0.00023305756759270393
P02163,Good,0.0004580367791869698,0.9866060067598766,0.012935956460936452
P04577,Excellent,2.33092871981856e-09,0.014628055080053146,0.9853719425890182
P03041,Good,0.7024889275706677,0.29751087845212254,1.9397720976352715e-07
P05096,Average,0.9064735628214449,0.09352642503434923,1.214420573202697e-08
P02420,Excellent,7.487079405349412e-06,0.6411423273233696,0.358850185597225
P07340,Average,0.9972473275926094,0.002752672368290303,3.910025164098567e-11
P00097,Good,0.18137288689298883,0.8186231151707741,3.997936236949594e-06
P08166,Good,0.743089612269535,0.2569101742848596,2.134456054656605e-07
P04035,Average,0.9667842802264641,0.03321571332086169,6.4526742334016296e-09
P00817,Good,0.023861850236985744,0.9755116422390223,0.0006265075239920119
P08951,Good,0.22238502751624725,0.7775970804787106,1.789200504218741e-05
P03793,Good,0.022983261176581567,0.9769165001765269,0.00010023864689161325
P01290,Excellent,4.0738792739286584e-10,0.012456329160514012,0.9875436704320981
P00621,Excellent,2.6434549044074776e-12,0.0010732469248130958,0.9989267530725435
P00482,Average,0.9993880846627122,0.0006119153352780939,2.009559796810443e-12
P02828,Good,0.0061071963881243535,0.9928257136201558,0.0010670899917198965
P02229,Good,2.0464859358194637e-05,0.9494927522974796,0.05048678284316206
P00300,Average,0.9999999837273412,1.627265874204526e-08,6.166225187647151e-22
P00802,Average,0.9999972610478242,2.738952175759056e-06,3.0955336745079422e-18
P01444,Average,0.8058416796213781,0.19415808923253622,2.3114608568392753e-07
P00853,Good,8.978410272130422e-05,0.962954749378509,0.036955466518769756
P03800,Good,0.0026727007274036803,0.9972878720301157,3.942724248068273e-05
P06950,Excellent,3.6523204722794775e-10,0.01733203317624764,0.9826679664585205
P07224,Excellent,8.925435807384423e-20,5.641436810668757e-08,0.9999999435856318
P06392,Good,0.0003945245050004931,0.9966007486920352,0.0030047268029642386
P05132,Good,0.018450779482769963,0.981435779419551,0.00011344109767899937
P08838,Excellent,1.0705392449665942e-16,4.8324431464753745e-06,0.9999951675568535
P02530,Average,0.9843762467330872,0.015623752270787423,9.961253158981941e-10
P07383,Excellent,1.137915304501547e-19,1.5219327691166536e-07,0.999999847806723
P02738,Good,0.020186657935536312,0.9797764001949519,3.69418695116823e-05
P00330,Good,0.00021580105532026224,0.9503903296693629,0.04939386927531676
P03356,Good,0.000509254515930785,0.9899664145848859,0.009524330899183203
P05514,Good,7.00392726843492e-06,0.6516719835053041,0.3483210125674275
P05646,Good,9.378278144294256e-05,0.985224291487681,0.014681925730875999
P07851,Average,0.581627896061864,0.4183720422721919,6.166594401097734e-08
P00205,Average,0.8084741403193683,0.1915258080303294,5.165030235225664e-08
P08911,Good,3.9992515883741405e-05,0.9465167512290062,0.05344325625511003
P07566,Good,0.3476138628935041,0.6523842388596772,1.898246818724454e-06
P06898,Good,8.327229256794217e-05,0.9026804929136549,0.09723623479377716
P02428,Excellent,1.725730794894187e-10,0.0021180742982570395,0.9978819255291698
P03438,Good,0.010279400357802514,0.9884824130762964,0.0012381865659011507
P02094,Excellent,9.114788058162183e-14,8.930581698295248e-05,0.9999106941829258
P08876,Average,0.9912450158373182,0.008754984136720214,2.5961434806328647e-11
P04662,Excellent,1.0080087684027031e-06,0.6727768425457084,0.32722214944552325
P04717,Excellent,4.329683576173964e-11,0.002154226116834141,0.9978457738398688
P04771,Good,1.7957133231043373e-05,0.9079092191680628,0.0920728236987061
P09746,Average,0.9999999875389968,1.2461003112834985e-08,6.284429201937487e-23
P08371,Good,0.00035324299288797743,0.9834036757590773,0.016243081248034703
P04676,Excellent,3.826829716966073e-13,0.0005719789404576717,0.9994280210591596
P08110,Excellent,5.779056914393094e-15,5.980060719481607e-05,0.9999401993927993
P03945,Good,0.04329250926613288,0.9566772065805029,3.0284153364109085e-05
P03476,Excellent,9.260864779803611e-11,0.008539148399814688,0.9914608515075767
P04770,Good,0.049749641758425694,0.950209346139389,4.101210218517038e-05
P02524,Good,0.0053847153485564285,0.9942776532517343,0.0003376313997093251
P04937,Good,0.16018675927747597,0.8397972186084678,1.6022114056225155e-05
P07969,Good,0.00046890014435422526,0.9952101900237582,0.00432090983188756
P05772,Excellent,2.497154315106397e-06,0.6706790327680149,0.32931847007767007
P01549,Excellent,7.175824753820656e-20,5.995900727571666e-08,0.9999999400409927
P00902,Average,0.9999537034833246,4.629651667378084e-05,1.6728844164311e-15
P06907,Excellent,3.902151216317819e-06,0.9490523053954275,0.050943792453356215
P03360,Average,0.9999068404877498,9.315951222375834e-05,2.6527414879316875e-14
P06151,Good,0.003961936464576077,0.9955801036142372,0.00045795992118676876
P02910,Average,0.9774298924148216,0.02257010364635061,3.938827647546684e-09
P08314,Good,0.0033120615520694074,0.9966455705820252,4.2367865905356975e-05
P02044,Average,0.6207787106812921,0.3792204492828874,8.40035820400182e-07
P09920,Excellent,3.565743496563103e-07,0.1498629333517006,0.8501367100739498
P05806,Good,0.18609764253672437,0.8138800718999841,2.2285563291538177e-05
P02959,Good,0.0018479671011379809,0.995379626238221,0.0027724066606411154
P08198,Average,0.9998902874044756,0.00010971259551576202,8.59906939740632e-15
P02474,Excellent,1.0637334867196541e-18,3.7045320749528955e-06,0.999996295467925
P08796,Good,0.5963302186815895,0.4036691250033156,6.563150948205675e-07
P06237,Excellent,4.707161505663185e-16,2.4909145625518268e-05,0.9999750908543741
P00198,Average,0.9971822701653742,0.0028177298281795975,6.446185787993559e-12
P00305,Average,0.6492722281379515,0.35072775426625885,1.7595789600603276e-08
P02619,Good,6.98883149837993e-05,0.9409305470334901,0.05899956465152608
P07161,Good,6.825593212809944e-05,0.992513359792618,0.007418384275253929
P02183,Average,0.993425127666269,0.006574872258537349,7.519357909779931e-11
P09195,Excellent,2.3888424527779112e-11,0.0036983930788875687,0.9963016068972241
P05428,Good,0.5017872854545293,0.49820803451577883,4.6800296918801895e-06
P00787,Good,9.69740877373662e-06,0.826567670330528,0.17342263226069823
P03642,Good,0.003847228336991581,0.9959170889019693,0.0002356827610390765
P07629,Excellent,6.346850677865188e-21,2.8643739452442766e-08,0.9999999713562605
P09475,Good,0.0001467301495885361,0.9196759053076503,0.08017736454276116
P06126,Good,5.0065568098745817e-05,0.8910556622337489,0.10889427219815233
P02124,Excellent,6.089088372494016e-07,0.295083677140081,0.7049157139510818
P00026,Excellent,2.6914108288890175e-08,0.14908899857537264,0.850910974510519
P03431,Average,0.9997456742033789,0.00025432579640773546,2.1336250840007205e-13
P08987,Average,0.9999211031589991,7.88968410005396e-05,3.9351064063798987e-16
P06306,Good,0.001601328081932295,0.995316431525622,0.0030822403924456805
P02284,Average,0.9999587305064582,4.126949353443334e-05,7.353531066712563e-15
P03040,Average,0.9999336804568277,6.631954316791477e-05,4.458091465165074e-15
P09439,Good,0.0002236477403533721,0.9991307234061798,0.0006456288534668864
P09954,Excellent,1.1148361924627293e-07,0.13194617805553027,0.8680537104608504
P08824,Good,2.0890107524347463e-06,0.3865316733075866,0.613466237681661
P03482,Good,0.1012697554689052,0.8987163617440547,1.3882787040219868e-05
P06758,Good,1.1918365366623824e-05,0.9600689350613132,0.03991914657332033
P07035,Good,0.7570782541902227,0.2429210788334528,6.669763244873193e-07
P05952,Excellent,1.6204223234490698e-08,0.03717608700390301,0.9628238967918737
P03378,Average,0.9645586804835258,0.03544131108477173,8.431702435700538e-09
P02836,Good,6.839720825510925e-05,0.8822247876568633,0.11770681513488165
P08565,Good,0.023530296216524662,0.9763886330652699,8.107071820538265e-05
P08825,Good,0.004426983940056845,0.9950748274186773,0.0004981886412658284
P04237,Average,0.9593095011648992,0.04069049097352754,7.861573326135383e-09
P02568,Average,0.9930027492456369,0.006997250637442314,1.1692078416161564e-10
P03596,Average,0.984632063491706,0.015367936426772843,8.152114097630783e-11
P08899,Excellent,1.9807929436617474e-08,0.05489024200788002,0.9451097381841904
P06097,Good,0.0025962296608528002,0.9965402489058607,0.0008635214332864763
P04053,Excellent,7.489817908502855e-07,0.5309490502425197,0.46905020077568943
P07472,Good,1.33403497203174e-07,0.1684752297478991,0.8315246368486037
P05644,Excellent,1.2965661521622092e-15,1.791695115346522e-05,0.9999820830488452
P01697,Excellent,3.1994224682206585e-15,3.0609122416503446e-05,0.9999693908775803
P09398,Good,0.0011810197408257583,0.9982004500096253,0.0006185302495490367
P01606,Good,7.272859501926998e-05,0.9748351169760681,0.02509215442891271
P03598,Excellent,3.1540704603533065e-14,0.00011124366992159252,0.9998887563300469
P06331,Good,0.07433396262030044,0.925622883920653,4.315345904662195e-05
P03391,Good,0.0051866196208129175,0.9945022427374749,0.0003111376417120815
P08037,Excellent,1.3073527129544586e-13,0.00011701362093590052,0.9998829863789334
P01828,Good,0.014174206470865501,0.9852007102654171,0.0006250832637175129
P03804,Excellent,3.9833753615165615e-12,0.002420628922285241,0.9975793710737314
P08163,Excellent,2.081089454894197e-16,4.341262182453316e-06,0.9999956587378173
P08870,Good,2.1431686942281553e-06,0.26074743273032125,0.7392504241009845
P01377,Average,0.9999999976222489,2.377751155113957e-09,6.433220476763157e-24
P02512,Excellent,7.599485922136024e-16,1.0728447411033304e-05,0.9999892715525882
P03486,Good,0.0005005361266993672,0.9987064780461062,0.000792985827194441
P00999,Good,0.0013182697685327311,0.9971925723740115,0.0014891578574556738
P04446,Average,0.9968884410717329,0.003111558911198217,1.7068736750841134e-11
P04621,Average,0.9994956666137307,0.0005043333860951244,1.74226529346342e-13
P09572,Excellent,1.1096854818883515e-16,6.760370003920747e-06,0.9999932396299961
P09344,Good,0.05806024207898782,0.9419016728053299,3.808511568235582e-05
P08894,Good,0.22586096681297518,0.7741322662435629,6.7669434619018796e-06
P02613,Excellent,2.361690459480382e-06,0.7353477733567912,0.26464986495274934
P03118,Good,1.9089931117235174e-05,0.9857229378492334,0.014257972219649383
P01975,Good,0.02049771523509769,0.9794751442439067,2.714052099548978e-05
P01711,Excellent,5.369283690986099e-11,0.004838561071215278,0.9951614388750918
P01193,Average,0.9998688103376363,0.000131189662362092,1.6414051835912014e-15
P08948,Excellent,1.6549989409674302e-12,0.0005722940050729073,0.9994277059932719
P03967,Average,0.99762652508793,0.0023734748583958453,5.367408835514511e-11
P00809,Good,0.0004503818060212868,0.9903492757898268,0.00920034240415192
P01354,Good,0.006266691842901844,0.9931468785553672,0.0005864296017309811
P01661,Average,0.9406918028629093,0.05930818900452624,8.132564429664718e-09
P01646,Excellent,5.193781016429327e-11,0.015064347486452646,0.9849356524616094
P08635,Good,0.015050947634442629,0.9849190032758492,3.0049089707987444e-05
P00831,Average,0.999716145567095,0.0002838544326705107,2.345364678200949e-13
P02513,Average,0.9999993421679352,6.578320648497045e-07,5.498110317571198e-19
P04458,Good,0.0031156354912081356,0.9965623331410833,0.0003220313677085362
P04996,Excellent,1.2691169247824649e-11,0.003538085509279701,0.9964619144780291
P04532,Excellent,1.7756621342115814e-09,0.023522175199440408,0.9764778230248976
P03251,Average,0.9997722797453317,0.00022772025458263966,8.56816174436245e-14
P08461,Excellent,2.1750529125728086e-16,4.0090787164073565e-06,0.9999959909212833
P03531,Good,1.7470878953302726e-05,0.931435560636398,0.06854696848464877
P07976,Excellent,1.5067919937802167e-10,0.010805178452274345,0.9891948213970465
P02103,Average,0.9993244836890318,0.0006755163102311678,7.368654928635316e-13
P02577,Good,0.05340853266513832,0.9465399907236912,5.14766111703372e-05
P03268,Excellent,2.0777931355266503e-09,0.0208031110017239,0.979196886920483
P09605,Average,0.8635958857373977,0.13640407327666199,4.0985940445059044e-08
P09174,Excellent,1.309037862620136e-10,0.012650833586443769,0.9873491662826526
P06202,Average,0.9964007234059382,0.0035992765595756447,3.4486281833039456e-11
P01287,Average,0.9999999947660485,5.233951446588872e-09,1.348203711694289e-23
P00779,Excellent,9.192385869436453e-13,0.0003371235580537114,0.9996628764410271
P09969,Excellent,9.02232329199894e-06,0.9104051058524307,0.08958587182427719
P01106,Good,0.3519107113722465,0.6480879285979181,1.3600298354861338e-06
P03834,Excellent,8.971885234795403e-09,0.19026377163163363,0.809736219396481
P02363,Good,0.0004951592028659291,0.9988448947156363,0.0006599460814978288
P07394,Good,0.006988617769581682,0.9929130689550093,9.831327540904214e-05
P08537,Good,0.02830030035908648,0.9715182744137563,0.00018142522715722703
P01428,Good,0.8713618430842054,0.12863810496523678,5.1950557848349846e-08
P01250,Good,0.07616072500224753,0.923795050472842,4.4224524910463506e-05
P00528,Good,0.18837603647481735,0.8116139487296978,1.0014795484824526e-05
P07112,Good,4.583701102291713e-05,0.9707538845414269,0.029200278447550247
P01422,Good,0.0001527261156517275,0.9740283722662222,0.025818901618125945
P09723,Average,0.9955036558990359,0.0044963440543987964,4.656534570946573e-11
P09156,Excellent,2.1138290014907923e-11,0.001270630939607638,0.9987293690392539
P02986,Excellent,1.065700088166339e-15,1.588897307981079e-05,0.9999841110269191
P02962,Average,0.9905708196826081,0.009429179845307424,4.720844919283496e-10
P08836,Good,0.8535139067946557,0.1464860858326164,7.372727803396171e-09
P00532,Excellent,7.140308576914503e-07,0.2654130994467721,0.7345861865223702
P00944,Good,7.458579476054507e-08,0.07999894465447875,0.9200009807597265
P00143,Excellent,2.5263669571633376e-11,0.0026450012075566434,0.9973549987671797
P02256,Good,0.05944407067134383,0.9405185735724765,3.735575617960194e-05
P04573,Good,0.11053065130938892,0.8894423485384326,2.7000152178563173e-05
P00945,Good,0.09751892294404967,0.9024388857256245,4.219133032594473e-05
P08137,Average,0.856248842379567,0.14375111852556702,3.9094866026203835e-08
P07682,Excellent,1.2689958607773502e-09,0.03285078093688332,0.9671492177941208
P05903,Excellent,2.4529353904050312e-08,0.13428174192788803,0.865718233542758
P08900,Good,6.036915051729909e-06,0.7415424463384827,0.25845151674646555
P05002,Excellent,1.5825554152411013e-16,6.269735509213355e-06,0.9999937302644905
P03247,Good,2.6501270834084952e-05,0.9217657585719536,0.07820774015721231
P03444,Good,0.06739200747831466,0.9326039927208294,3.999800855902149e-06
P08330,Average,0.9999999991854258,8.145742766490398e-10,4.332058823240292e-25
P09209,Average,0.999996921185055,3.078814944951187e-06,1.3321368021170273e-17
P03715,Average,0.7957637547170601,0.20423620353219624,4.1750743701641894e-08
P09939,Excellent,5.144017427843628e-13,0.0001415521980336858,0.9998584478014518
P02153,Good,0.6354681926144652,0.3645306557595856,1.1516259492422717e-06
P00104,Excellent,6.9166222004691695e-12,0.0016988663467118117,0.9983011336463714
P04956,Average,0.9993544384629146,0.0006455615355790481,1.5063138396311144e-12
P05552,Excellent,1.2699133805451633e-06,0.3350608839215887,0.6649378461650306
P06840,Excellent,3.8572021399657616e-17,1.4334032197602132e-06,0.9999985665967802
P07915,Excellent,3.639363128836774e-11,0.00648899381499997,0.9935110061486063
P02118,Average,0.8309425788026551,0.1690573937154927,2.7481852232522035e-08
P08529,Good,0.00017036981194766453,0.9854983529593496,0.014331277228702572
P05080,Good,0.013569249930802193,0.9863488554568476,8.189461235028013e-05
P02237,Good,0.0007867763229067268,0.9798765365834948,0.019336687093598565
P03549,Average,0.90040827860176,0.09959166340941536,5.798882457176483e-08
P08722,Average,0.5668321996071632,0.43316768189001875,1.1850281800940617e-07
P03630,Excellent,1.387029345452047e-09,0.021445078344960886,0.9785549202680097
P09616,Excellent,1.1854015260833963e-11,0.0013088550353438152,0.998691144952802
P04239,Good,0.00042837678698603814,0.9991899160273864,0.0003817071856275575
P05115,Good,5.613712968098768e-07,0.3671358766671627,0.6328635619615405
P07819,Good,0.011725100483419638,0.988031362619072,0.0002435368975083372
P09132,Excellent,3.68975659710805e-07,0.29429619273718066,0.7057034382871596
P05501,Good,6.720179893034653e-05,0.904862506986562,0.09507029121450762
P05862,Good,7.732868984411341e-05,0.9937296462636075,0.006193025046548349
P03655,Average,0.8064752556412498,0.19352470676202999,3.759672021727182e-08
P07037,Average,0.9999989840919521,1.0159080478328906e-06,5.07132566727806e-19
P00440,Excellent,3.006877293087459e-13,0.00011953789538059114,0.9998804621043187
P09792,Good,0.33787199596851997,0.6621270307600511,9.732714290094811e-07
P05714,Good,0.010780673321704088,0.9891861198534275,3.3206824868364436e-05
P06750,Good,0.04174188423737294,0.9582255686827855,3.2547079841528956e-05
P08683,Excellent,1.0215102425581128e-08,0.05540635526756062,0.9445936345173368
P02842,Excellent,8.003455604486356e-07,0.6289436824369494,0.37105551721749
P08047,Good,0.39792624162466916,0.6020693324621936,4.425913137238788e-06
P03452,Good,0.00012803105348141702,0.9421134138273335,0.05775855511918504
P08012,Excellent,8.297316721114243e-07,0.23459850543159336,0.7654006648367345
P00474,Good,0.8472912106789781,0.15270873504930899,5.427171288753323e-08
P03193,Good,0.014494742056563995,0.985350349654735,0.00015490828870096178
P09791,Excellent,2.6311180428010825e-14,0.00015296472205471572,0.999847035277919
P01170,Good,1.46897109692004e-05,0.9109387404953376,0.08904656979369323
P05363,Average,0.11093685468536672,0.8890410904886015,2.2054826031820286e-05
P04242,Excellent,4.5969830879831834e-09,0.05523968986935783,0.9447603055336591
P04030,Good,3.1528116143283114e-06,0.956536936873078,0.043459910315307694
P04871,Excellent,3.931706799844655e-08,0.04218182135770085,0.9578181393252311
P05060,Good,0.0021957311918712323,0.9967089780414183,0.0010952907667104274
P07593,Good,0.18705053409215416,0.8129380884916252,1.1377416220597608e-05
P07319,Excellent,1.444518904250817e-12,0.0003476381207203532,0.999652361877835
P01518,Average,0.9999995659506301,4.340493698882293e-07,9.6939518884619e-20
P03427,Good,9.451463181799474e-05,0.9679065316030782,0.031998953765103935
P05265,Excellent,4.542569936473821e-09,0.044890263385084235,0.9551097320723458
P05911,Excellent,9.9323381289571e-17,4.4662685828302935e-06,0.999995533731417
P01075,Good,1.757278484881233e-05,0.8892199826269704,0.1107624445881807
P06893,Excellent,9.03103454686754e-09,0.08295599611841391,0.9170439948505514
P09793,Average,0.9960555165900264,0.003944483381806716,2.8166924044051846e-11
P03554,Average,0.9930993044186474,0.006900695478082903,1.0326966486132185e-10
P08743,Good,0.009939388420810017,0.9895298895341752,0.0005307220450147613
P09599,Excellent,3.71617818653152e-07,0.22966562419959985,0.7703340041825815
P04663,Average,0.9998421396321672,0.000157860367829937,2.848469607429966e-15
P03191,Average,0.9802330883072268,0.019766909618502325,2.074271036316729e-09
P06653,Good,0.00040559034305031043,0.998897434951043,0.0006969747059066392
P03848,Good,0.31552204376971793,0.6844757803946356,2.1758356464707457e-06
P05249,Excellent,2.782907657219361e-06,0.42882946285088636,0.5711677542414564
P00712,Excellent,1.0103642203366434e-15,1.3636488909997966e-05,0.9999863635110888
P08614,Excellent,2.1314920453533428e-19,2.892784084125832e-07,0.9999997107215917
P09527,Good,0.0038222203224791895,0.9956392653099492,0.000538514367571624
P01039,Good,0.0007352385116900486,0.9972827940129108,0.0019819674753992008
P05542,Average,0.999999174448407,8.255515929997039e-07,6.87974661996647e-19
P03324,Excellent,2.17999900029615e-11,0.0039440656646210995,0.9960559343135791
P08156,Excellent,2.1695064105731365e-15,1.853101404315862e-05,0.9999814689859547
P01166,Good,1.3706594531158366e-05,0.962359034444392,0.03762725896107693
P09049,Good,2.3780351996160672e-06,0.6254298309891121,0.3745677909756882
P07492,Good,0.05520010279202696,0.943772797598332,0.0010270996096409105
P02625,Average,0.998592011418302,0.0014079885785334418,3.164594126730524e-12
P02770,Excellent,3.1927938170124345e-17,1.3957788233097212e-06,0.9999986042211768
P09063,Good,2.9053887698517007e-05,0.9450375390642668,0.05493340704803465
P07375,Excellent,9.109868219025051e-21,4.847712864160076e-08,0.9999999515228714
P04360,Excellent,1.4632863065270524e-06,0.6699156559730921,0.3300828807406015
P02604,Good,0.17934759048898496,0.8205940215779388,5.838793307622269e-05
P00318,Excellent,8.60614828286608e-14,0.00021151578206811327,0.9997884842178458
P09623,Good,2.9261942144752287e-06,0.6556743214590608,0.34432275234672477
P09052,Excellent,5.910670897314643e-06,0.6496276945593117,0.3503663947697909
P04535,Excellent,4.352030979786966e-07,0.36153872952232785,0.6384608352745743
P07680,Good,9.531681762551537e-05,0.9922259721245755,0.007678711057798909
P09083,Good,0.011430031512121188,0.9882743733447072,0.000295595143171664
P01196,Good,5.341197921827314e-06,0.6590817135626728,0.34091294523940546
P00266,Good,0.0004868336683532644,0.9932827457023164,0.006230420629330221
P04188,Good,3.7795353569845813e-06,0.9065832934544844,0.09341292701015863
P03676,Good,8.405669046281982e-08,0.14195655404030655,0.858043361903003
P08655,Excellent,3.3588333685261657e-10,0.011922999604221945,0.9880770000598948
P06187,Average,0.9904456569055085,0.009554343008405516,8.608615376811355e-11
P04209,Good,0.00022787222618130665,0.9766640019615919,0.02310812581222686
P01009,Excellent,5.8300121224981185e-12,0.00036844827832504455,0.9996315517158448
P04902,Average,0.9876296839685634,0.012370315778084518,2.533518921998119e-10
P02193,Good,0.017659989546745164,0.9821453847471637,0.0001946257060911514
P09074,Good,1.6758272899927585e-05,0.8835289213429007,0.11645432038419931
P08427,Excellent,3.604067219318602e-06,0.6526901481635025,0.34730624776927815
P05053,Excellent,2.1500514922303195e-13,0.0004010457440217353,0.9995989542557632
P01209,Average,0.9999973104002069,2.6895997930370827e-06,2.8817681349607714e-17
P05213,Excellent,4.491565996673169e-16,1.1807860559152334e-05,0.9999881921394403
P04280,Average,0.09514500043740116,0.9048536809437473,1.3186188514860574e-06
P00506,Good,0.0654514122718732,0.9344639158929078,8.467183521897451e-05
P09164,Average,0.6466364285592484,0.35336289607789895,6.753628526063754e-07
P01083,Excellent,1.7248069456542596e-10,0.006675912061660746,0.9933240877658586
P04430,Good,6.765060332315719e-07,0.20435204009261157,0.7956472834013552
P00635,Average,0.916593634073031,0.08340631318194361,5.2745025311416234e-08
P04190,Average,0.847380879217355,0.15261882786133318,2.929213118648979e-07
P06441,Average,0.9989639893300455,0.0010360106685356062,1.4188413880664e-12
P00544,Average,0.9923056893198023,0.0076943106384159375,4.1781727137614554e-11
P05109,Good,0.001502804900713133,0.9982093764494991,0.0002878186497878632
P01305,Good,0.0006706589668858463,0.9965995927583163,0.002729748274797838
P01580,Good,0.43570180649601925,0.5642968179788989,1.375525081972945e-06
P01736,Good,1.6165998761828768e-06,0.35420132244187724,0.6457970609582466
P06626,Excellent,1.4814333790100516e-07,0.45286964601722557,0.5471302058394365
P08185,Excellent,1.890173835525571e-08,0.043661496193552606,0.9563384849047091
P04626,Good,0.0025840703525825473,0.9970402748133593,0.00037565483405819946
P05931,Good,0.005327689045518529,0.994286623549611,0.0003856874048703982
P07896,Excellent,7.05654703238844e-08,0.1064195182947182,0.8935804111398113
P03609,Excellent,3.7166016004994e-12,0.001431566530619879,0.9985684334656635
P01740,Good,0.0003081417941366155,0.9891580343900124,0.01053382381585101
P03421,Excellent,8.647375423687198e-16,2.1576038070296178e-05,0.9999784239619288
P05988,Excellent,1.3678574198564369e-17,9.237441834361874e-06,0.9999907625581657
P07516,Excellent,1.498673750793334e-15,1.4610478740211322e-05,0.9999853895212583
P00667,Good,2.8694912787111805e-05,0.8035701516174169,0.19640115346979609
P06963,Average,0.22463121661139365,0.7753413340612878,2.744932731860695e-05
P08717,Good,0.0050134714852495465,0.9947885595004039,0.00019796901434651867
P04946,Good,0.0015614566696739423,0.9914196834885202,0.0070188598418058565
P01459,Good,0.0022053650090199215,0.9962859080214632,0.001508726969516957
P09138,Excellent,2.0991613100130616e-08,0.0989417496528966,0.9010582293554903
P00942,Excellent,3.4754086450988045e-15,1.8472027977341322e-05,0.9999815279720192
P02372,Good,0.01770872476321426,0.981872556403612,0.00041871883317376804
P06769,Average,0.9999869468768056,1.3053123194240018e-05,1.6818160259379096e-16
P03603,Good,0.0012198221747888433,0.9971206570256521,0.0016595207995591802
P06235,Average,0.9999999977086915,2.2913085268740132e-09,1.1397784134969717e-23
P06965,Average,0.9999999994354698,5.645302637419487e-10,1.728231342504554e-25
P01631,Good,2.5284800944032598e-05,0.9291223734115424,0.07085234178751369
P07152,Good,0.0014645026187195198,0.9976201852984614,0.0009153120828190816
P09733,Excellent,5.74059851872518e-13,0.0003136594393868185,0.999686340560039
P01979,Good,0.019181962575409352,0.9804807021693878,0.00033733525520280943
P05381,Good,0.0019973417743444585,0.997770892204351,0.00023176602130461958
P05234,Excellent,1.5710181413335218e-16,1.2484077877456121e-05,0.9999875159221222
P05632,Excellent,4.608644886331751e-15,2.9654621587479274e-05,0.9999703453784078
P00602,Average,0.9999997535621089,2.46437891117881e-07,4.235965461657968e-20
P06042,Excellent,4.619170335229532e-13,0.0003970997872621335,0.999602900212276
P02717,Excellent,4.3390768076563544e-10,0.01365977466496124,0.9863402249011312
P02630,Excellent,2.708003370185841e-15,6.008540590715668e-05,0.9999399145940903
P09012,Good,0.00023123150160064525,0.9969676870187505,0.0028010814796488883
P04864,Good,0.07410217203946823,0.9258745097862191,2.3318174312561228e-05
P03363,Excellent,3.229242508975178e-16,1.3424562595581574e-05,0.9999865754374041
P03749,Good,0.006058761350041598,0.9935213313236803,0.000419907326278028
P01937,Excellent,5.1245846664580525e-15,3.6908067952746816e-05,0.9999630919320422
P03870,Excellent,6.293547712538051e-17,2.7947142121913854e-06,0.9999972052857877
P05371,Good,1.9253155534483705e-06,0.6178058554796856,0.3821922192047609
P05650,Excellent,2.568800019489688e-11,0.008557363105363553,0.9914426368689484
P07415,Good,0.006230264521802523,0.9924793978986058,0.0012903375795916643
P07954,Excellent,1.0172879167720718e-07,0.0869676483461695,0.913032249925039
P04677,Average,0.990417082852086,0.00958291656609814,5.818158606685512e-10
P05739,Excellent,9.000999121024256e-10,0.01688154998183775,0.9831184491180623
P03137,Excellent,1.3162960878290446e-18,6.166227040393053e-07,0.9999993833772959
P08183,Average,0.9999988723141626,1.1276858374333139e-06,3.3596396822005353e-18
P02832,Good,0.00015254977462549895,0.9765397567846906,0.023307693440683896
P01514,Good,0.5654169135911812,0.4345826114676802,4.7494113861490843e-07
P02810,Good,0.10887399428542226,0.8911197432892588,6.262425318904707e-06
P08983,Excellent,8.489146190146487e-20,1.35173607120974e-07,0.9999998648263929
P00777,Excellent,2.2491766157643104e-06,0.8356895524658334,0.16430819835755073
P08598,Average,0.9955393934101038,0.004460606541848595,4.804766637710831e-11
P06382,Average,0.7607116965799446,0.23928818071505598,1.227049994798334e-07
P01274,Excellent,1.4310677091044752e-06,0.6328575820411607,0.3671409868911302
P00914,Excellent,7.573197013795375e-15,9.28291532626405e-05,0.9999071708467299
P07574,Good,2.2436998238439256e-05,0.8451691871273156,0.15480837587444599
P02255,Excellent,8.084920900370926e-11,0.0041426990147283215,0.9958573009044225
P07613,Excellent,5.743124039188349e-12,0.0009864946677484037,0.9990135053265086
P00360,Average,0.9999999793480152,2.0651984758171614e-08,2.7310428051155556e-21
P05438,Good,0.32101483320662844,0.6789839980150794,1.1687782923437134e-06
P01635,Excellent,7.60983098385879e-15,1.434290938280062e-05,0.9999856570906097
P07599,Excellent,4.717663643376868e-18,8.319547166152075e-07,0.9999991680452833
P07812,Good,4.247329739179932e-06,0.9250072159309257,0.074988536739335
P04363,Excellent,4.358356763392394e-11,0.007957825691612333,0.9920421742648041
P09991,Excellent,2.087268988549825e-11,0.0008207117594226614,0.9991792882197048
P00680,Excellent,1.3387972169483694e-12,0.0013035284715429561,0.9986964715271183
P03538,Good,0.0007394070491027735,0.9842893319583593,0.014971260992537911
P02298,Average,0.9999952892475815,4.710752418442498e-06,5.526114996925237e-18
P00596,Good,0.03308761205326425,0.9669057229911469,6.664955588941489e-06
P09374,Good,0.016428844664638877,0.9835221992559535,4.8956079407561185e-05
P09842,Average,0.8991350295113769,0.10086492439689891,4.609172429588369e-08
P06983,Average,0.8689324330143952,0.13106752231961713,4.466598765523634e-08
P00039,Excellent,5.5699489064541905e-18,1.3795769941108604e-06,0.9999986204230059
P08130,Excellent,1.407368348664334e-13,7.520494280496141e-05,0.9999247950570542
P02559,Good,0.0011577275889168757,0.9956808086644559,0.0031614637466273227
P01432,Average,0.9371168613067993,0.06288312775789463,1.093530616581491e-08
P09135,Good,0.05729516195537348,0.9427025386836393,2.2993609872166626e-06
P00443,Excellent,3.7717821333918294e-09,0.017267736337651652,0.9827322598905661
P03600,Good,0.7710937755241905,0.22890616215047793,6.232533166000744e-08
P03681,Average,0.9999999477954197,5.2204580464197813e-08,1.1800759262376581e-21
P05201,Excellent,4.0562592329977456e-14,2.402643739756305e-05,0.9999759735625617
P00238,Excellent,3.6579767759423545e-12,0.0007722456291875629,0.9992277543671545
P07666,Good,0.04101814820821579,0.9589645266132238,1.7325178560387645e-05
P07141,Average,0.9965079876812131,0.003492012308431027,1.035577869970663e-11
P00498,Good,0.014454300522169918,0.9854400486018157,0.00010565087601436759
P01574,Good,0.019594090141374827,0.9803588788323851,4.703102623991902e-05
P07611,Average,0.4929883360861487,0.5070114793048988,1.8460895247051991e-07
P01130,Excellent,2.066166142646693e-06,0.6557967753208499,0.3442011585130075
P05297,Excellent,3.8548284048179166e-16,1.2840315680114027e-05,0.9999871596843194
P05695,Good,0.00892619272990262,0.9900524044455513,0.0010214028245461597
P08600,Average,0.8907085086387688,0.10929143531932091,5.604191012848115e-08
P05492,Good,1.732095595478439e-06,0.5378375207123881,0.46216074719201655
P01121,Average,0.8377281294238528,0.1622718604442389,1.0131908310792581e-08
P01770,Excellent,1.9425394853480232e-15,3.194861040670731e-05,0.9999680513895913
P04658,Excellent,3.868335395299897e-07,0.3161612873244595,0.6838383258420011
P03610,Average,0.9994245744773117,0.0005754255211680245,1.520339894768234e-12
P09109,Average,0.9999694753427801,3.052465721471361e-05,5.181550373152143e-15
P04233,Good,0.04861767194205929,0.9508954455057433,0.0004868825521973965
P08625,Average,0.99664553042661,0.003354469570928697,2.4613632921029017e-12
P07716,Excellent,2.5529592580500626e-15,2.9105081617455785e-05,0.9999708949183802
P08070,Good,6.195211172470404e-05,0.9630812226197014,0.0368568252685738
P03894,Excellent,1.0582108584135277e-09,0.014421307002066104,0.985578691939723
P04531,Average,0.9654297263019814,0.034570272558681614,1.1393369602910741e-09
P01672,Average,0.9617389736203682,0.03826102423310981,2.146522128327547e-09
P06424,Excellent,1.482730819024389e-14,5.684181665894404e-05,0.9999431581833262
P07982,Good,1.236227522873119e-06,0.49357135528156676,0.5064274084909104
P01986,Excellent,1.355131483529622e-07,0.22384807383427593,0.7761517906525757
P08592,Good,0.0033391856930335886,0.9952553900602602,0.0014054242467063413
P03058,Average,0.9264359744421164,0.07356402128597955,4.271904031667916e-09
P08035,Excellent,1.7807977493974613e-12,0.0007444385436584349,0.9992555614545607
P05194,Good,0.00026402269696662665,0.9925685508431048,0.007167426459928507
P07155,Good,0.02539198058394755,0.9745808217673492,2.7197648703270077e-05
P08229,Excellent,1.4550827859456518e-16,7.034762218391972e-06,0.9999929652377813
P01344,Good,0.5304344067068083,0.4695537045567851,1.1888736406765996e-05
P01705,Average,0.9988095729970794,0.001190427001630934,1.28975784854043e-12
P06792,Good,0.0006397171186636849,0.9984958869565084,0.000864395924827954
P03906,Good,1.1163173333411356e-07,0.04154826826972515,0.9584516200985417
P06985,Excellent,2.576843964005897e-17,1.0497314416210775e-06,0.9999989502685583
P07278,Average,0.999877244902812,0.00012275509701127968,1.7672528973010657e-13
P07455,Good,0.04943850914693806,0.9505190558967078,4.243495635406066e-05
P05448,Good,2.3365483693931178e-05,0.9611008130882925,0.03887582142801363
P08092,Good,0.0011182027911012286,0.9984596946661017,0.00042210254279710966
P07837,Good,0.0004722922187844833,0.9985220315616765,0.0010056762195390194
P02122,Excellent,1.7097380851844369e-06,0.45115531074368576,0.5488429795182289
P02297,Average,0.9995325043470964,0.00046749565276214074,1.413984225939744e-13
P07507,Excellent,1.0956201034152583e-15,1.0805938443599443e-05,0.9999891940615554
P08978,Good,5.9970709931586686e-05,0.9589575253003124,0.04098250398975601
P03004,Excellent,5.494476330156319e-10,0.004090047340091965,0.9959099521104603
P08375,Good,1.3199463629801609e-05,0.9582420085015655,0.04174479203480477
P06971,Excellent,1.2873421077054694e-07,0.26141125061723625,0.738588620648553
P00675,Good,0.02450001650961306,0.9753811754496929,0.00011880804069404562
P09781,Excellent,4.006542245002888e-15,4.439985811131486e-05,0.9999556001418847
P05444,Excellent,6.767746880902732e-11,0.007634405433610939,0.9923655944987116
P01020,Good,0.002462028516271397,0.9963788481734128,0.001159123310315711
P09707,Excellent,4.1452503877847984e-10,0.012964656068357457,0.9870353435171174
P02037,Good,0.03387038486229033,0.9660594069602298,7.020817747973944e-05
P04552,Excellent,8.188366039120904e-08,0.14106023243807939,0.8589396856782602
P01957,Excellent,9.462575055562103e-10,0.015541685051696215,0.9844583140020463
P07192,Good,0.007274286982655477,0.9921823765273866,0.0005433364899579458
P03200,Excellent,1.3907253512893257e-17,2.281895180030812e-06,0.99999771810482
P01040,Excellent,1.2722148276212401e-14,5.338659942221222e-05,0.999946613400565
P02366,Good,0.4848366399586055,0.5151625835190131,7.765223813454983e-07
P01994,Excellent,4.964472743296445e-12,0.001609050883303428,0.998390949111732
P07527,Good,0.003110734766494688,0.9966370832425244,0.0002521819909808281
P07213,Good,1.4365683567608322e-05,0.9282501674741656,0.07173546684226685
P03383,Good,0.0006107706964684544,0.9954108376730012,0.003978391630530334
P03827,Good,0.0007767353520242044,0.9971762660352133,0.002046998612762474
P07411,Good,6.607444386197902e-06,0.8464833643892278,0.15351002816638593
P04850,Average,0.9999755643648924,2.4435635106921402e-05,6.888809530602072e-16
P09084,Good,9.337928649618399e-07,0.337957571300606,0.662041494906529
P07581,Good,1.231191665288816e-05,0.9059962485482214,0.09399143953512576
P00183,Excellent,2.8557595737314874e-15,1.6391254074544846e-05,0.9999836087459225
P05486,Good,0.8618098873079119,0.13819008440295086,2.828913731880329e-08
P01195,Average,0.9999999930441064,6.95589361469682e-09,2.961308385186683e-22
P03446,Excellent,2.171163713473402e-17,2.3988519335466747e-06,0.9999976011480665
P00948,Good,0.05534499084986674,0.944620596208869,3.4412941264256135e-05
P03498,Good,0.000963285403084907,0.9961732213560768,0.0028634932408383774
P03857,Average,0.9561693435334061,0.04383065524913358,1.217460230543012e-09
P00854,Good,0.004890981084736477,0.9947184310818069,0.00039058783345669533
P06209,Average,0.9810214793740936,0.018978518584931894,2.0409744823498596e-09
P00700,Excellent,1.0808734587872904e-16,7.540944009946453e-06,0.9999924590559901
P02500,Good,0.0006044906137828206,0.9913723835070143,0.008023125879202871
P07512,Good,6.86478577810376e-05,0.8951050867386805,0.10482626540353851
P06262,Excellent,1.8178090930332356e-21,1.496996255521828e-08,0.9999999850300374
P00250,Good,0.03799993159275849,0.9619809258154652,1.9142591776198432e-05
P01140,Good,0.0016900533664477018,0.9944733949431893,0.003836551690362933
P09298,Excellent,1.0368541313064085e-09,0.03215730148438156,0.9678426974787643
P02916,Average,0.18114672723741712,0.8188529970831953,2.756793875668701e-07
P03338,Excellent,1.6915357214754592e-11,0.0023954843181884494,0.9976045156648962
P09341,Excellent,2.0297247266064894e-11,0.0024668418379005723,0.9975331581418022
P08389,Average,0.9995317334553506,0.0004682665435999624,1.0492250287563787e-12
P07646,Excellent,1.768219200509213e-12,0.0004956879986361561,0.9995043119995958
P00810,Good,0.27394133361957174,0.7260560051612838,2.6612191444733017e-06
P00626,Excellent,2.3828723103710128e-11,0.0023393620002201384,0.9976606379759512
P07607,Average,0.9382948330684666,0.061705162376734984,4.554798487992727e-09
P00726,Excellent,2.8447230302133686e-07,0.4385557611585698,0.5614439543691272
P01648,Good,0.19128395219441136,0.8087128663383409,3.181467247685059e-06
P05215,Good,0.0001997889515514515,0.9848010131716153,0.014999197876833124
P02763,Excellent,8.324770012293388e-07,0.4524913952304133,0.5475077722925855
P01995,Excellent,8.221277782613504e-08,0.24831718927499172,0.7516827285122305
P05468,Excellent,2.4564480026309204e-19,2.679553984675648e-07,0.9999997320446016
P04580,Good,0.21570033979803063,0.7842857697579743,1.3890443995190066e-05
P06464,Good,0.003264734258811061,0.9940071680803764,0.0027280976608125215
P08935,Excellent,4.5860391301296645e-10,0.00937039831854834,0.9906296012228476
P09362,Good,0.1586483400907352,0.8412705055937082,8.115431555674132e-05
P01612,Good,4.7939258061879086e-05,0.9474510835797497,0.05250097716218834
P06243,Excellent,5.19358982595407e-10,0.01611039593146378,0.9838896035491771
P06966,Good,0.0018711277855856042,0.9958825223170055,0.0022463498974088017
P09912,Average,0.999999346139845,6.538601551168381e-07,9.72804580609876e-20
P01753,Excellent,2.621116286945643e-08,0.12254411157576951,0.8774558622130675
P03339,Excellent,1.9983240201777812e-17,1.0817970760233757e-06,0.999998918202924
P03939,Excellent,5.849577789664935e-10,0.03046004498963529,0.969539954425407
P05812,Average,0.7483007584183086,0.2516988228923718,4.1868931944891816e-07
P06514,Excellent,2.4585794399702506e-05,0.791486236273852,0.20848917793174832
P01682,Good,8.926574553521346e-05,0.9342560957599783,0.06565463849448647
P08179,Good,0.032715537005501734,0.9672130295584224,7.143343607598238e-05
P04821,Excellent,8.330465207933129e-23,3.322762739320288e-09,0.9999999966772373
P02381,Excellent,6.096674418679734e-14,0.00010254570647858736,0.9998974542934604
P02953,Average,0.940122504147127,0.0598774902942705,5.558602568228415e-09
P06152,Good,0.00038481302778466396,0.996181806288251,0.003433380683964374
P01573,Good,0.0005803568776670316,0.9963032415002792,0.003116401622053712
P03925,Average,0.9999623611432941,3.7638856705004403e-05,8.991242314808644e-16
P03466,Excellent,4.337454906874697e-07,0.3539415265894365,0.6460580396650728
P04417,Good,2.7534275683820697e-06,0.7658199807768872,0.23417726579554446
P07056,Excellent,2.782638778884845e-08,0.042712201595038767,0.9572877705785735
P06365,Good,0.12380072153420871,0.8761900342642932,9.244201498036857e-06
P03352,Good,0.00013567802303615087,0.9657667554948651,0.034097566482098614
P02767,Excellent,1.7002002921879604e-05,0.9284121833792485,0.07157081461782966
P00556,Excellent,2.2384413838334962e-07,0.2400998434579577,0.7598999326979039
P02535,Good,0.008277608894336081,0.9904593429213437,0.0012630481843200912
P09498,Excellent,5.9409793012713e-16,7.721859670602763e-06,0.9999922781403286
P05494,Good,0.45071081222015313,0.5492741182938703,1.5069485976621796e-05
P08259,Average,0.2737101730633737,0.7262848677577278,4.959178898534995e-06
P01901,Good,2.1721271224592698e-07,0.19462622332288373,0.805373559464404
P08914,Excellent,1.1495991939185582e-17,1.5882667900630674e-06,0.9999984117332099
P02924,Excellent,7.41700278635564e-09,0.05854560407598688,0.9414543885070104
P01256,Excellent,3.0218119769753106e-21,1.3218424744993074e-08,0.9999999867815752
P02582,Average,0.9999999999695275,3.047246775974813e-11,5.135158286783846e-28
P02406,Good,1.6412903761645302e-05,0.8384473666771801,0.16153622041905816
P04101,Excellent,1.5826673697951075e-18,3.6293066273189714e-07,0.9999996370693371
P08774,Good,0.6316029999204292,0.36839656131320947,4.387663612897095e-07
P03334,Good,0.0001295916339996098,0.9837336433680856,0.0161367649979148
P04277,Excellent,9.58742230446626e-07,0.3006986655177731,0.6993003757399964
P07627,Excellent,9.810486206104447e-19,3.452019602644106e-07,0.9999996547980398
P09612,Good,0.10009027305869672,0.8999065030263759,3.223914927418167e-06
P08522,Good,4.7332411783535153e-07,0.33214524044264476,0.6678542862332374
P05072,Excellent,1.1435660762179265e-17,1.6741847909569517e-06,0.999998325815209
P05556,Average,0.9958279678812012,0.004172032113231933,5.566814672241058e-12
P08940,Good,0.7050941934296616,0.2949032555135921,2.5510567462813704e-06
P04528,Good,0.0002102746358060112,0.9725692008267196,0.02722052453747438
P05046,Good,0.0012673176096446525,0.9980982048814634,0.0006344775088919143
P04642,Excellent,7.4273654081612e-08,0.24876584795976783,0.7512340777665781
P07633,Good,5.300720570056809e-05,0.9657757178892415,0.03417127490505798
P01122,Excellent,1.4731218598708811e-05,0.8190221819992768,0.18096308678212447
P09353,Average,0.9999979869722491,2.0130277509185845e-06,7.119544197832505e-18
P03228,Good,7.414927647491345e-05,0.9712938259302811,0.02863202479324388
P05050,Good,0.00022441855347618547,0.9801546280302821,0.019620953416241666
P03817,Excellent,3.848621513959807e-09,0.05933495198796964,0.9406650441634087
P05196,Excellent,2.223503539516974e-16,5.706291854710892e-06,0.999994293708145
P09787,Good,3.1345469871116865e-06,0.6203082155098927,0.3796886499431201
P04026,Average,0.9980001132170848,0.0019998867812197423,1.6953822154300883e-12
P06025,Average,0.9999994812937555,5.187062443764233e-07,9.211941419563937e-19
P05535,Excellent,5.733058778484019e-08,0.21834696003075008,0.781652982638662
P07709,Good,8.73653858367385e-05,0.9886125848699573,0.011300049744206037
P06657,Excellent,4.5363992271947176e-10,0.00938538128945396,0.990614618256906
P01699,Excellent,1.8120245697661467e-16,1.4502727415830386e-05,0.9999854972725839
P03272,Good,0.0004676005495459986,0.980113890507146,0.019418508943307933
P09976,Excellent,1.4955121621100225e-12,0.0007621739037524289,0.9992378260947521
P07079,Good,0.12395673874280846,0.8759532561150289,9.000514216265959e-05
P02107,Excellent,2.675519342280439e-07,0.09229570208554205,0.9077040303625238
P09133,Average,0.9518349414065326,0.04816505491169297,3.6817743158107024e-09
P08324,Average,0.5007004704114004,0.4992993776055455,1.5198305421209128e-07
P06728,Excellent,4.187198829207109e-07,0.17847718238819102,0.821522398891926
P00673,Excellent,6.218151608915502e-11,0.01121233090485074,0.9887876690329678
P04891,Average,0.9999998223951991,1.7760480083401534e-07,2.309427251818349e-20
P08748,Good,0.0007832592113513047,0.9922506567492408,0.006966084039407873
P05866,Average,0.8140954714331332,0.18590450896675556,1.9600111181279006e-08
P02111,Good,6.6000584801219e-07,0.6339609873464671,0.3660383526476848
P00660,Average,0.9999601333684265,3.9866631550985134e-05,2.274730074336433e-14
P06362,Good,0.5166594574579071,0.483339181805073,1.3607370199221568e-06
P09429,Good,3.327197365334145e-05,0.9049343342593045,0.09503239376704213
P03052,Excellent,2.4897983358750873e-17,1.1402937774027543e-06,0.9999988597062226
P01154,Good,6.569006874306514e-05,0.8749530518974867,0.12498125803377023
P03364,Good,0.0012879130185367127,0.9982822930818673,0.0004297938995959564
P09835,Excellent,5.4332919004135544e-08,0.18102782873715945,0.8189721169299216
P06501,Good,4.1140710442148106e-05,0.9067140137854018,0.09324484550415607
P04254,Good,0.000498057804951074,0.9980958362331406,0.001406105961908445
P02273,Good,0.00013416694452932372,0.9759201963772991,0.023945636678171518
P03740,Good,0.6154309663628352,0.38456815514481124,8.784923533664843e-07
P08303,Average,0.9999971032975937,2.8967024063743036e-06,8.863560492728096e-18
P08038,Average,0.9953415785781832,0.004658421382612692,3.9204032081111475e-11
P05860,Average,0.9995767781061231,0.00042322189217602386,1.7007282081557094e-12
P05886,Good,0.002441221911417662,0.9971963577654684,0.0003624203231139632
P05592,Excellent,1.1049365896978024e-14,3.4110605386169285e-05,0.9999658893946027
P08972,Excellent,7.282048499351431e-07,0.37316246607067555,0.6268368057244744
P06538,Average,0.9997964052878617,0.00020359471208580347,5.2331759336802934e-14
P04484,Good,0.024693697639252728,0.9752619923216964,4.4310039050885166e-05
P04763,Excellent,9.482871219140308e-07,0.5736918948632385,0.4263071568496396
P02748,Good,0.0015811607529744609,0.9971207865586658,0.001298052688359712
P06739,Average,0.9996271807521042,0.00037281924080935307,7.0865329779547766e-12
P05251,Excellent,9.514268444694329e-08,0.4129044706112721,0.5870954342460435
P09173,Good,0.012037614213286474,0.9878939699973325,6.841578938103767e-05
P02279,Average,0.6880098134106121,0.31199003373856704,1.528508207530348e-07
P03132,Good,0.0709329335466651,0.9290350514494743,3.201500386059948e-05
P01341,Good,5.744402136775577e-05,0.9418392053449979,0.05810335063363435
P07845,Average,0.9555007807888435,0.04449921528847996,3.922676337055886e-09
P06449,Excellent,3.028324919439808e-12,0.001584479570294573,0.9984155204266772
P06043,Good,5.46159334864512e-05,0.9744502293428527,0.0254951547236607
P07600,Excellent,4.987928574431491e-08,0.1833812027536793,0.816618747367035
P08928,Excellent,1.2750193221315343e-08,0.057799214953751246,0.9422007722960555
P09584,Good,1.3829506674561273e-07,0.180815314789732,0.8191845469152012
P02110,Excellent,7.65215123454487e-15,2.657372003856372e-05,0.9999734262799538
P04364,Good,8.088384383039554e-06,0.7261704580939881,0.27382145352162884
P04495,Excellent,1.5386056224323444e-17,1.952313132876916e-06,0.9999980476868672
P00389,Good,0.7463553038367462,0.2536445711407934,1.2502246021378627e-07
P01959,Excellent,5.121676055424941e-07,0.28973378465743976,0.7102657031749546
P01016,Good,1.127045541310178e-05,0.9812947035411642,0.01869402600342264
P06310,Average,0.9996634310867947,0.0003365689118645048,1.340652353171866e-12
P00909,Excellent,8.923667893699443e-10,0.012821831438942832,0.9871781676686904
P06070,Good,0.10375626836745208,0.8962418961030506,1.8355294974471358e-06
P09887,Good,4.662855944166727e-06,0.9322455823377217,0.0677497548063341
P08961,Good,0.002766030401235421,0.9960960560217148,0.0011379135770497306
P06849,Good,0.23156481304051194,0.76842429062495,1.0896334537937712e-05
P01173,Good,0.00022786938476920303,0.9799899977240112,0.019782132891219637
P07576,Excellent,2.149550470995443e-14,3.957332757067658e-05,0.9999604266724077
P02265,Average,0.7368993617509539,0.2631006234625903,1.4786455798531925e-08
P01703,Average,0.9889350850872144,0.011064914832088333,8.069710485248277e-11
P05777,Good,0.002048763552340477,0.9966828954270415,0.0012683410206180412
P00672,Good,7.828930522275646e-05,0.9632743540487045,0.03664735664607278
P07129,Excellent,4.465528734787279e-10,0.041172287227929566,0.9588277123255177
P04833,Average,0.9997555336059926,0.0002444663940006287,6.876581408551269e-15
P01965,Good,5.62837149348009e-07,0.27045498876803836,0.7295444483948123
P04381,Excellent,3.435190221587409e-07,0.6061731321009679,0.39382652438001
P01809,Good,6.555407346331598e-06,0.9618294433846333,0.038164001208020354
P07846,Excellent,2.898750625709593e-15,1.7674699841728352e-05,0.9999823253001554
P07104,Excellent,4.097605114147631e-12,0.0009948153780758552,0.9990051846178266
P07356,Average,0.9708659955060884,0.029134003059987867,1.4339236518258284e-09
P06537,Excellent,7.232692806722229e-11,0.005622666089758985,0.9943773338379142
P01181,Excellent,4.4678823581915847e-10,0.023435081435799806,0.9765649181174119
P01411,Excellent,8.07281719299163e-12,0.0004489722333319014,0.9995510277585953
P06023,Good,0.07436550098816194,0.9256339818156518,5.171961863647543e-07
P06095,Good,0.3760068791221023,0.623991542953915,1.5779239827681157e-06
P07489,Average,0.9999996370426875,3.6295731260488693e-07,1.8204249505513089e-19
P05699,Good,0.4141162487013475,0.5858824552052715,1.2960933810354155e-06
P09225,Excellent,3.0916734573266095e-11,0.00274094947128299,0.9972590504978003
P06938,Good,0.0125729669553534,0.987130819681052,0.00029621336359463566
P01878,Good,0.0013179539523229355,0.9955443284097746,0.0031377176379024487
P09255,Average,0.9997361239913554,0.0002638760084915274,1.5310338767551318e-13
P09489,Excellent,7.719919025861686e-09,0.03977085714310644,0.9602291351369746
P09812,Average,0.9999928773758644,7.1226241354636084e-06,5.010825349012504e-17
P08495,Good,7.887696864695239e-06,0.8139529686215078,0.18603914368162755
P04380,Average,0.9955792349986498,0.0044207649398064035,6.154395920840994e-11
P08596,Average,0.9915223841215467,0.008477615855459357,2.2993936170182818e-11
P06407,Average,0.9866855118596156,0.013314487426057883,7.14326518385618e-10
P01926,Excellent,1.523198364218706e-14,9.369833800962563e-05,0.9999063016619751
P07066,Good,0.9426300184615602,0.05736995327002571,2.8268414078858312e-08
P00083,Good,0.019742482330043876,0.9797848918327303,0.0004726258372259347
P03806,Good,2.0065845555194064e-05,0.8201572979999242,0.17982263615452068
P09244,Excellent,5.690634349698918e-20,2.1905412178575007e-07,0.9999997809458783
P00665,Excellent,1.7655379419198407e-07,0.15806861161783012,0.8419312118283757
P00184,Good,0.16988008723420472,0.830116991575379,2.9211904162361257e-06
P03728,Good,0.00029165276195550096,0.9572073250306493,0.04250102220739514
P00139,Excellent,1.6969161485247428e-09,0.038646039490997555,0.9613539588120862
P08432,Average,0.9992697817379137,0.0007302182569512468,5.1350637800550226e-12
P04332,Good,0.0009388697149914741,0.9893811853805425,0.009679944904465963
P01347,Good,0.0012101716027347975,0.9923835572918632,0.006406271105402016
P09894,Good,0.007855556532317117,0.9920973227920121,4.712067567073568e-05
P05376,Excellent,3.388102193006076e-13,0.0006573589862225605,0.9993426410134387
P02670,Average,0.998823104962004,0.0011768950330276373,4.9683443458975775e-12
P02135,Average,0.9570787567008088,0.042921239667024796,3.6321665407121923e-09
P09544,Excellent,8.126000084919983e-10,0.0077144399431975,0.9922855592442025
P07861,Good,9.467936393090914e-05,0.9799166937480338,0.01998862688803532
P06759,Excellent,8.490146086859362e-10,0.02363842765816759,0.9763615714928178
P09184,Good,9.463877602026658e-05,0.9804895107548247,0.01941585046915497
P04703,Average,0.9999998967331682,1.0326683169099474e-07,4.052952060755528e-21
P01433,Average,0.9999771248142382,2.28751857609326e-05,9.244114679163903e-16
P04536,Good,0.07029015815575719,0.9296987561249996,1.1085719243061171e-05
P03028,Excellent,1.2736078485513911e-09,0.01857631240088098,0.9814236863255111
P04246,Excellent,3.979892818240785e-12,0.0005959214459527512,0.9994040785500673
P02846,Good,1.2085167820966712e-05,0.9124326845207948,0.08755523031138432
P02585,Excellent,3.168068573090369e-08,0.11150526349514227,0.888494704824172
P04371,Good,8.006266061853299e-06,0.9098729722570748,0.09011902147686336
P06303,Excellent,4.57864933957159e-06,0.559361576450523,0.4406338449001374
P03594,Average,0.9999950954498902,4.904550109937845e-06,1.2103294855157565e-17
P07136,Good,0.542916328371418,0.4570804734054659,3.1982231159208347e-06
P07552,Average,0.999997948371706,2.0516282941006422e-06,9.017803444472095e-18
P06293,Good,0.0004102387725355195,0.9962098989097778,0.003379862317686646
P02974,Average,0.9804454483406565,0.019554550827277105,8.320663760064445e-10
P03269,Good,0.0005188704324902294,0.9923806827897865,0.007100446777723173
P00448,Average,0.9999999967417101,3.258289864001628e-09,8.321469234839402e-24
P08962,Good,0.010273808651415047,0.9869727967561055,0.002753394592479552
P00696,Excellent,1.157392822812059e-12,0.0011166679258198526,0.9988833320730228
P05305,Good,1.4672169721866665e-05,0.8839857877483103,0.11599954008196794
P04863,Good,1.3075464735117144e-05,0.9881749594983525,0.01181196503691243
P06596,Average,0.5853061536069174,0.4146929387162495,9.076768331078316e-07
P09854,Average,0.9836367879540183,0.01636320930224526,2.7437363583015957e-09
P01719,Excellent,7.702045656823646e-19,5.323936360829682e-07,0.9999994676063638
P01822,Good,0.11089141906180651,0.8890994613830223,9.119555171217541e-06
P03142,Average,0.9980387321605966,0.001961267823917894,1.5485434825620612e-11
P06487,Excellent,8.801165282546651e-06,0.6941136368644205,0.3058775619702968
P09180,Average,0.9998758179499674,0.00012418205000983554,2.2971717225890348e-14
P06878,Excellent,1.0781385113577824e-18,2.8384897311069055e-07,0.999999716151027
P06105,Excellent,5.354876099219296e-13,0.00041779921558868504,0.9995822007838757
P08791,Good,0.03201381598536508,0.9679720012011337,1.4182813501159879e-05
P08309,Good,0.00021852748534694811,0.9977142006818279,0.002067271832825246
P05657,Excellent,2.2525557813965292e-24,7.149195526683749e-10,0.9999999992850805
P07093,Average,0.9997395839434899,0.000260416056486312,2.384154359219182e-14
P03710,Excellent,1.6569461352735575e-11,0.003225766748051016,0.9967742332353795
P03126,Excellent,7.597337333644047e-15,2.6629946829004894e-05,0.9999733700531634
P00843,Good,0.0011491376058850148,0.991347095522626,0.007503766871488926
P05185,Good,0.06734787978625059,0.9323582820112706,0.00029383820247876253
P03585,Excellent,1.6685050164005095e-09,0.02578670895978953,0.9742132893717054
P02874,Good,0.02615758771223311,0.9738061366886644,3.6275599102371256e-05
P01776,Good,1.4774957533058826e-06,0.5044218441103394,0.49557667839390723
P05502,Good,0.013328695985815212,0.9863881652652498,0.0002831387489350163
P07110,Good,0.21326553965741582,0.7867323242027979,2.136139786299565e-06
P01758,Excellent,5.720786246285277e-14,0.00012852729524951404,0.9998714727046932
P00504,Good,0.18623132094745481,0.8137385820304354,3.009702210975227e-05
P05974,Good,2.2701246896770187e-07,0.12514022828148166,0.8748595447060494
P00874,Excellent,1.7037228275442572e-15,1.6651414090490525e-05,0.9999833485859078
P09081,Excellent,7.540659961562985e-09,0.02687854744926218,0.9731214450100777
P01221,Excellent,9.239789287661034e-09,0.1418311410996813,0.8581688496605294
P08760,Average,0.9775035148418086,0.022496483845428735,1.3127626111196415e-09
P04516,Excellent,3.554110609016994e-17,1.8005920878800911e-06,0.9999981994079122
P01575,Average,0.9959454087230282,0.004054591273063454,3.908496613342924e-12
P08430,Average,0.9999965671862193,3.432813780665668e-06,2.5633379269669513e-17
P07220,Excellent,4.592198148743212e-15,4.340650827968563e-05,0.9999565934917156
P07847,Excellent,1.127571334243937e-08,0.055899556267282956,0.9441004324570036
P01875,Good,0.7759075135096399,0.22409244369909184,4.2791268127217085e-08
P07705,Excellent,3.0010688572567894e-19,2.816118326214122e-07,0.9999997183881673
P01584,Average,0.999999861145523,1.38854476981032e-07,4.7587424319822015e-21
P00134,Good,0.0016891414723239435,0.9970407358988818,0.001270122628794233
P08830,Good,0.15348244692408003,0.8465149549102203,2.598165699637877e-06
P00933,Excellent,4.412946187450117e-08,0.17972669992577506,0.8202732559447631
P07957,Excellent,2.2616819497421728e-08,0.06988883384589374,0.9301111435372869
P08359,Excellent,7.259663055011174e-12,0.0010616506678784068,0.998938349324862
P04525,Excellent,5.4089515149703724e-12,0.0017495880947871053,0.9982504118998041
P00334,Good,0.21683013945376614,0.783168852108152,1.0084380818756742e-06
P03185,Good,0.00011441204517225636,0.9504843301357804,0.04940125781904724
P06408,Excellent,1.491048668442267e-14,2.997212042383086e-05,0.9999700278795614
P01527,Good,1.692890271783767e-05,0.8047976746327918,0.1951853964644903
P02310,Good,0.0012993683157883132,0.9979412851945711,0.000759346489640519
P05221,Excellent,1.9997944101762516e-22,9.259606206360475e-09,0.9999999907403939
P05626,Average,0.999999995464792,4.5352080348007795e-09,9.272620892612739e-24
P04070,Excellent,2.7809369639761506e-11,0.0027609273412491867,0.9972390726309415
P09163,Good,0.10381211644176899,0.8961817970197603,6.086538470724709e-06
P08757,Excellent,2.394360386611851e-12,0.0003909109469639554,0.9996090890506417
P06513,Excellent,6.570541274723069e-15,7.277571801209e-05,0.9999272242819812
P05266,Good,0.042923796353670135,0.9570103216265049,6.588201982501945e-05
P04483,Average,0.9925441670966663,0.007455832488910535,4.1442311894435933e-10
P07557,Good,0.0036173207348103773,0.9953229597183223,0.0010597195468672763
P06811,Good,0.1100356003664445,0.8899603347105479,4.06492300761041e-06
P05414,Average,0.9663125933205934,0.03368740603328856,6.461180762487255e-10
P01252,Excellent,9.078177366455262e-11,0.005734294206676457,0.9942657057025417
P00066,Good,1.5097052380446004e-06,0.39441180188901387,0.6055866884057481
P07469,Excellent,1.469829068545125e-14,4.170395680973343e-05,0.9999582960431758
P03472,Good,7.378112357211404e-05,0.9853321095211727,0.014594109355255224
P06505,Average,0.9999965490734575,3.45092654256139e-06,1.237968258615634e-18
P02743,Good,0.00015365089101771604,0.9993781152466717,0.0004682338623106415
P05130,Average,0.989106701649359,0.010893298334247072,1.6394033345389988e-11
P05224,Excellent,2.3342345653715194e-13,0.00018759137097738792,0.9998124086287892
P02262,Excellent,2.3152650115592323e-10,0.012201849653898571,0.9877981501145748
P01654,Excellent,3.9248479994089025e-09,0.036335113852574735,0.9636648822225772
P03625,Good,0.002458521659604954,0.996102346698255,0.0014391316421401175
P08456,Average,0.8921395374504513,0.10786033624658187,1.2630296682310474e-07
P00475,Good,8.709407834644043e-06,0.6626612161634423,0.3373300744287231
P08780,Average,0.4902462303560588,0.5097515721726418,2.197471299473285e-06
P04443,Average,0.9366849137994324,0.06331507841696704,7.783600556999906e-09
P06773,Excellent,5.699012293087483e-11,0.003626419626633381,0.9963735803163764
P07471,Good,1.3010415636011774e-06,0.3473567417585713,0.6526419571998652
P06188,Excellent,2.5943950605179142e-15,4.1765758717809205e-05,0.9999582342412796
P00432,Average,0.9999938138806885,6.186119311525691e-06,3.2405511760920446e-17
P09300,Excellent,2.2606914929256076e-17,3.747660920694952e-06,0.9999962523390793
P04547,Excellent,9.753716105865024e-20,5.207294908843938e-07,0.9999994792705091
P08969,Excellent,1.6118902172886026e-07,0.1624264149734663,0.837573423837512
P06138,Average,0.9370988214422064,0.06290117283517593,5.72261778031124e-09
P08703,Average,0.9999613195295394,3.8680470455559806e-05,5.088742225133264e-15
P05270,Excellent,7.021813923470482e-16,6.396453812080505e-06,0.9999936035461873
P03934,Good,0.0008102224413995669,0.9927998961758218,0.006389881382778566
P07854,Average,0.9999999996941202,3.058798381621547e-10,9.397958049134752e-26
P01732,Excellent,2.3737292378958646e-08,0.1105091209164621,0.8894908553462455
P01543,Average,0.999776076070031,0.00022392392980549855,1.6341633291539364e-13
P00877,Good,0.23133048834900846,0.7686464610805447,2.3050570446789182e-05
P04145,Average,0.9999962231190648,3.776880935359798e-06,1.1859994998650818e-17
P06103,Average,0.9980189984423466,0.001981001556520842,1.1325402531842563e-12
P03411,Good,4.926413254959655e-05,0.9493776448997097,0.050573090967740764
P01116,Excellent,3.0847179928194055e-18,2.809146372721224e-07,0.9999997190853628
P09040,Good,3.791250709821043e-05,0.8991902572106741,0.1007718302822276
P04255,Excellent,1.857286191026934e-08,0.05930639126635767,0.9406935901607805
P01279,Good,0.6043776928526986,0.3956212710362224,1.03611107900608e-06
P08865,Excellent,2.458013834330286e-12,0.0008785206246871109,0.9991214793728547
P04767,Average,0.967412329011406,0.032587669991237904,9.973561741991826e-10
P07597,Excellent,6.593189794101965e-10,0.01172774625722822,0.9882722530834529
P02247,Excellent,1.324538199332631e-09,0.012859920941673922,0.9871400777337879
P01557,Average,0.9999999219081336,7.809186644360604e-08,3.2697823311489467e-21
P08016,Excellent,5.874682331284756e-15,4.5334109277913754e-05,0.9999546658907164
P08024,Average,0.7271916716593083,0.27280797225977976,3.560809119070484e-07
P03468,Good,0.11126349621424918,0.8887104675185762,2.6036267174587497e-05
P05656,Excellent,7.254290651455504e-08,0.08889286551005765,0.9111070619470361
P09260,Excellent,1.8700019685226303e-13,0.00022354423534857532,0.9997764557644644
P08121,Average,0.9995872576560229,0.000412742343904048,7.301820666989695e-14
P04816,Average,0.9870409971836399,0.012959001411968082,1.4043921351458287e-09
P09014,Good,1.183157992414073e-05,0.7300162663385429,0.269971902081533
P06964,Good,0.00859367090561312,0.9912597614982481,0.00014656759613875328
P09880,Good,1.1495885354916461e-05,0.862904543043635,0.13708396107101023
P04354,Good,0.03131880188494724,0.9685079981860669,0.00017319992898590743
P02218,Good,0.2176781279947999,0.7823192335323791,2.638472821039803e-06
P08892,Good,0.00016106021077193705,0.9790778366730141,0.020761103116213927
P06393,Average,0.9995945157832063,0.0004054842161931979,6.002874507665021e-13
P06472,Good,0.00017541065315096414,0.9206603036844448,0.07916428566240419
P00439,Good,0.1060252708941617,0.8939367505508624,3.7978554975828884e-05
P04964,Average,0.9999848873945406,1.511260545910439e-05,1.5160035058239658e-16
P00585,Average,0.995542142444968,0.0044578575541463945,8.855279926960949e-13
P00375,Excellent,2.184470296870172e-13,0.0004211910785461189,0.9995788089212356
P07726,Average,0.18846867266353634,0.8115125162431832,1.8811093280464533e-05
P03766,Good,0.9195872834861996,0.08041269841272616,1.8101074156420398e-08
P07053,Excellent,3.2528334752016425e-15,5.290367813840487e-05,0.9999470963218583
P01990,Excellent,2.369463649319254e-11,0.0011386466301886002,0.9988613533461167
P09999,Good,1.3242682796882244e-06,0.7637395933054946,0.23625908242622573
P05178,Good,2.5184448567930875e-06,0.49511681752649095,0.5048806640286523
P05089,Average,0.9173974927409223,0.08260249136871489,1.589036284634066e-08
P05865,Excellent,3.138390219002342e-08,0.32924619157596885,0.670753777040129
P06083,Excellent,1.3076682253208193e-11,0.0017277369519527607,0.9982722630349706
P04823,Excellent,3.0072674357234864e-08,0.10954358470911515,0.8904563852182104
P06918,Good,0.00018882674607488962,0.9893190397423375,0.010492133511587625
P01923,Average,0.5825095815011491,0.41749016620463963,2.5229421132513986e-07
P02060,Good,1.0104169283701625e-05,0.8561122135781591,0.14387768225255726
P06311,Excellent,1.0148950964394631e-07,0.04693867823796601,0.9530612202725245
P00254,Average,0.6402169873783856,0.3597829523021434,6.031947081458384e-08
P05136,Good,2.840103939872804e-07,0.4654432653823233,0.5345564506072827
P00708,Excellent,4.073374442272959e-17,5.4831536424783945e-06,0.9999945168463577
P01827,Good,0.0021607673188048884,0.9926922842713946,0.005146948409800612
P09438,Good,0.004767469802476075,0.994610847495128,0.0006216827023959974
P03529,Good,0.10332989651813963,0.8966184118552569,5.169162660333746e-05
P02108,Good,0.2750713588290195,0.7248962732545424,3.236791643817919e-05
P04475,Average,0.26585701453590693,0.7341411713729671,1.8140911259471317e-06
P09384,Good,0.0008242382649058257,0.9978168781082652,0.0013588836268289108
P02465,Excellent,6.087039142636908e-11,0.004012975751531611,0.9959870241875981
P00625,Good,0.003504425555938049,0.9941946532196422,0.002300921224419705
P09615,Good,1.6146553863998286e-05,0.9607583187240727,0.03922553472206339
P00781,Excellent,2.2451535645961496e-09,0.03722266741188655,0.9627773303429599
P02799,Excellent,6.795398743258855e-15,4.181962398995756e-05,0.9999581803760031
P04773,Good,0.04299745787199815,0.9569774431412901,2.509898671186421e-05
P05177,Good,0.05262310778510403,0.947335239837606,4.16523772897731e-05
P03286,Good,0.0025336167283912334,0.9942148280674983,0.0032515552041104774
P08469,Average,0.37894396346934733,0.6210543814188461,1.655111806698777e-06
P08873,Good,7.489334886466741e-06,0.7824837890426034,0.21750872162251003
P08442,Good,0.002267380278821061,0.9963244985056816,0.0014081212154972503
P07284,Good,0.04149657760975674,0.9583918839002139,0.00011153849002932585
P06850,Good,0.04390186847864062,0.9560418947317013,5.623678965801403e-05
P07654,Average,0.796048924786367,0.20395091170062238,1.6351301065567725e-07
P00237,Excellent,6.113468036527094e-15,2.3907209674159064e-05,0.9999760927903196
P09099,Excellent,3.385942478379532e-10,0.0032391236979922747,0.9967608759634135
P02169,Excellent,4.204507128835325e-13,0.0001693284027683022,0.9998306715968113
P09780,Average,0.9002998230950615,0.09970016535813128,1.1546807117637379e-08
P07351,Good,0.12464861459696193,0.8753403413442239,1.1044058814132112e-05
P05335,Average,0.8470938228458699,0.1529061535224221,2.3631708046178422e-08
P05256,Good,0.0027433868755168027,0.9945245604110966,0.0027320527133866367
P02655,Good,0.014698791078082061,0.985286018049422,1.5190872496019518e-05
P06551,Average,0.9788327806510279,0.021167219275011383,7.396080729196957e-11
P09379,Excellent,1.3903809251109293e-14,3.4503350486152326e-05,0.9999654966494999
P08904,Average,0.9953715152351258,0.004628484735040694,2.9833619043026004e-11
P09834,Good,0.0015867944983147875,0.9962398993046749,0.00217330619701013
P09360,Good,0.03988154887665375,0.9600722180161645,4.6233107181627075e-05
P04064,Good,0.17227246944640184,0.8276982588111356,2.927174246259113e-05
P07675,Excellent,4.2797337501260254e-17,2.523483631775368e-06,0.9999974765163682
P03042,Excellent,2.598958561617479e-08,0.1044488093312468,0.8955511646791676
P01741,Average,0.9819025448336796,0.018097455110280505,5.6039926878885486e-11
P02305,Excellent,4.949846479047667e-15,1.7665578196717638e-05,0.9999823344217984
P08588,Good,0.012908472340004197,0.9869535732145784,0.00013795444541740093
P09365,Good,0.4737736883293202,0.5262247729862716,1.538684408283103e-06
P01507,Excellent,1.0236999847714022e-19,1.0502079270692476e-07,0.9999998949792072
P04468,Average,0.9999967601665706,3.2398334295591666e-06,4.83520684322984e-18
P07934,Good,1.7601500835390069e-06,0.4685312987006766,0.53146694114924
P08176,Average,0.9988718071796552,0.0011281928184292125,1.9155934693877164e-12
P00762,Excellent,4.309787378891259e-07,0.42020348239607325,0.5797960866251889
P01833,Excellent,4.4567793394196867e-13,0.00010966279208498538,0.9998903372074694
P06970,Good,0.001078607248981061,0.9974643626445431,0.0014570301064757262
P08986,Good,2.214222152235104e-05,0.9518893545361565,0.04808850324232112
P09994,Good,5.231862720357654e-06,0.928568948181187,0.0714258199560927
P08119,Excellent,3.844314901667677e-08,0.15013941137619963,0.8498605501806513
P06707,Excellent,5.536468025701834e-11,0.004334967555810667,0.9956650323888245
P09828,Average,0.9999392382940753,6.076170592108537e-05,3.528051085818674e-15
P07623,Good,1.0311176448257195e-05,0.8380249217677236,0.1619647670558281
P08909,Average,0.9380629477572369,0.06193704870059536,3.5421677908983747e-09
P07431,Excellent,1.9265000353119902e-11,0.007425605707031827,0.9925743942737033
P01671,Good,0.6532298401760716,0.34677006709489927,9.272902915779788e-08
P06342,Excellent,7.019886308302603e-20,6.180048551180602e-08,0.9999999381995144
P05852,Good,2.820622928626327e-05,0.9526441956990106,0.04732759807170304
P01294,Good,0.1674421646345029,0.8325391684819371,1.866688356010563e-05
P08669,Average,0.9670618795556488,0.03293812004729344,3.9705768472868703e-10
P00638,Excellent,6.554091685798791e-22,1.3036867784035292e-08,0.9999999869631322
P04892,Average,0.9999823129180248,1.7687081973879218e-05,1.2331549018438522e-15
P00796,Good,0.0025481235205295247,0.9953852592945179,0.002066617184952464
P06696,Good,0.0014224665602222057,0.9977626448254896,0.000814888614288075
P04669,Good,0.037944724079420504,0.9620245710210379,3.0704899541545414e-05
P00148,Excellent,2.6861661692535494e-11,0.00267349823835868,0.9973265017347799
P06620,Good,0.00010923940806325163,0.9505503840749342,0.04934037651700251
P03757,Average,0.9841994146957771,0.015800585247875032,5.634774538810753e-11
P00678,Good,5.613929316635145e-06,0.6072434426149846,0.3927509434556988
P04385,Good,0.00010975944500023867,0.9279866466288953,0.07190359392610453
P04046,Excellent,4.015383632806124e-11,0.003955864425336119,0.9960441355345101
P07160,Good,0.3058526821381156,0.694144895336986,2.422524898385064e-06
P01625,Good,0.00023062449695537222,0.9776443950524654,0.022124980450579323
P06319,Good,1.3631456235123674e-06,0.6318699247490913,0.3681287121052851
P06841,Excellent,5.792413509031676e-09,0.06639763882188703,0.9336023553856994
P08379,Excellent,1.6175263230728144e-19,2.7232520769851465e-07,0.9999997276747923
P02823,Good,0.0037041960284813677,0.9935579315143106,0.0027378724572080203
P09918,Average,0.9999999491412993,5.0858700613923554e-08,1.4971802481310181e-21
P09890,Good,9.301758526166531e-05,0.9571789509961002,0.042728031418638304
P01663,Excellent,2.9247853355611113e-13,0.00043443293942239855,0.9995655670602851
P05164,Good,0.8543924884399221,0.14560737687075023,1.346893276897373e-07
P00420,Good,0.10879741862686677,0.8911773714457148,2.520992741831295e-05
P07749,Excellent,1.949870172907423e-07,0.26211694747171,0.7378828575412727
P08217,Excellent,1.447543807083428e-12,0.0006680686915707596,0.9993319313069816
P02567,Good,0.42997484012443477,0.5700243638492898,7.960262753598757e-07
P07080,Excellent,3.981105641482744e-13,0.00015743226036753148,0.9998425677392345
P09848,Excellent,7.515747545515445e-07,0.4278727314319355,0.57212651699331
P00834,Good,7.054707406843838e-05,0.925138972447607,0.07479048047832444
P02166,Average,0.945526970827006,0.054473011149153046,1.8023840817435024e-08
P06092,Average,0.999514883117213,0.00048511687845745826,4.3294684691166985e-12
P05985,Average,0.9999459102229471,5.408977705078241e-05,1.951025172445498e-15
P06839,Good,0.01277643317933915,0.986983982120115,0.00023958470054602978
P09675,Excellent,1.8522459378215312e-16,4.817404897141496e-06,0.9999951825951027
P07582,Good,5.812103728502624e-06,0.8514759835312905,0.14851820436498106
P00561,Average,0.9999999859605071,1.4039492961100881e-08,5.755602497200152e-22
P02712,Excellent,4.856243068884381e-07,0.28701194164493743,0.7129875727307557
P04782,Average,0.9999901265875212,9.873412478491211e-06,5.214977370917644e-16
P05874,Average,0.9999998092582509,1.9074174915678256e-07,7.097417292766828e-20
P08811,Excellent,9.289785742643554e-11,0.009231393514948573,0.9907686063921536
P03088,Good,7.543464431948818e-07,0.3300653669382825,0.6699338787152744
P05205,Average,0.493638551612143,0.5063612213188448,2.2706901224566899e-07
P05990,Good,0.01487712090490822,0.9851144354612861,8.443633805706083e-06
P03699,Excellent,3.4803776992155505e-12,0.0016069401384287355,0.9983930598580909
P04551,Excellent,3.6508035810681773e-09,0.04503533540086973,0.9549646609483268
P04972,Average,0.9999999945326932,5.467306903591492e-09,2.78884262455215e-23
P00487,Average,0.9832570904651804,0.016742909369498817,1.6532064215446083e-10
P06685,Excellent,1.3005869826397151e-17,1.1837472484083949e-06,0.9999988162527514
P01704,Excellent,5.7830293498616037e-11,0.0072509959387313,0.9927490040034384
P04877,Excellent,6.06942851624133e-08,0.05800475279495647,0.9419951865107584
P00023,Good,7.532189901574254e-05,0.9192736240514213,0.08065105404956278
P09945,Good,0.06961989008467155,0.9303678421914418,1.2267723886769537e-05
P00169,Excellent,2.6155144398186875e-14,0.0001725464140449755,0.9998274535859288
P08992,Excellent,2.7756907236585062e-11,0.002769200260113455,0.9972307997121298
P05470,Average,0.8605510513480709,0.13944892002265694,2.8629272260057483e-08
P06687,Good,1.1139416961903777e-06,0.44935133986104403,0.5506475461972599
P07379,Average,0.999999999947256,5.2744028537703363e-11,4.972787707073198e-27
P00719,Average,0.9806955711531883,0.01930442789771592,9.490955827815864e-10
P00757,Excellent,4.3300411339337955e-08,0.134122846571564,0.8658771101280246
P07007,Good,0.01226082317457535,0.9876420597066896,9.71171187349611e-05
P09825,Good,0.0007002249900907167,0.9983316097309156,0.0009681652789937
P03535,Excellent,1.9521957524363426e-06,0.838359648464963,0.1616383993392845
P06481,Good,0.011502554471013894,0.9881780315818592,0.000319413947126944
P07704,Good,2.0253612730949614e-06,0.5416724806438855,0.45832549399484146
P06595,Good,7.71675611479085e-06,0.7995391835285838,0.2004530997153015
P03787,Good,0.01873260500246728,0.9807006656274977,0.0005667293700351225
P08174,Average,0.9204510925748485,0.07954889425320417,1.3171947393432618e-08
P06621,Average,0.9999999987580679,1.2419321844790377e-09,1.5187199912078957e-25
P00962,Average,0.9995490385272865,0.00045096147259206275,1.2147708644357625e-13
P09045,Good,0.001786122776606078,0.9971048850653292,0.0011089921580647248
P02782,Good,2.293846484281329e-05,0.8747133863043886,0.1252636752307686
P02850,Good,0.00012879248780403102,0.9883730295090309,0.01149817800316499
P03027,Excellent,1.6479162811231743e-08,0.0627722715377179,0.9372277119831194
P05032,Excellent,6.324178368640238e-21,4.976235366951426e-08,0.9999999502376462
P02709,Good,0.056700191716281136,0.9431384911981511,0.00016131708556777182
P01296,Average,0.9998966526465025,0.00010334735332979289,1.677404132852428e-13
P07353,Excellent,2.7057304334111445e-10,0.009401452155097821,0.9905985475743291
P02548,Excellent,2.8661686073814407e-09,0.03449049610747845,0.9655095010263529
P05107,Excellent,5.968768394014979e-17,4.35043875861238e-06,0.9999956495612414
P07206,Good,0.0011449318223645411,0.9950991845692171,0.003755883608418355
P00698,Good,6.675425902737701e-06,0.9250411946087104,0.07495212996538694
P03019,Good,9.193144749181149e-06,0.9233282444753652,0.07666256237988571
P03516,Good,0.13355118068428237,0.8664066174299685,4.220188574904863e-05
P05587,Excellent,7.625204960697771e-11,0.006056368833026262,0.9939436310907217
P03583,Average,0.9977130983898231,0.0022869016041121098,6.064843135983726e-12
P06352,Good,0.01351692516458242,0.986424097216309,5.897761910855432e-05
P01177,Good,0.7185957536818665,0.2814041130735572,1.332445763914464e-07
P02080,Good,0.023594784798766505,0.9762587563349167,0.00014645886631678084
P00718,Excellent,1.2976219129589085e-08,0.07639567452708684,0.9236043124966941
P04971,Good,0.3879108830264971,0.6120878451818187,1.2717916842761723e-06
P07875,Good,1.8108308513229114e-05,0.9059185986425898,0.09406329304889688
P02154,Excellent,8.50031905306377e-12,0.0012767154069967949,0.9987232845845029
P00181,Average,0.9999739773954587,2.602260454081708e-05,3.6963177960035777e-16
P07805,Good,0.00017891670144406304,0.9950062242224312,0.004814859076124698
P01049,Average,0.9885294530594149,0.011470546671552043,2.69033267493124e-10
P03540,Good,0.8232206359974017,0.17677930845880843,5.5543789891674535e-08
P00153,Good,0.010536699721230709,0.9894325273749506,3.0772903818859045e-05
P02175,Average,0.9998534678175808,0.00014653218218961685,2.2965156704364815e-13
P02475,Excellent,2.232113879252772e-17,1.3984518991980638e-06,0.9999986015481007
P04432,Excellent,4.283381716837498e-12,0.003572841166187383,0.9964271588295291
P08720,Average,0.9999966983188232,3.301681176872438e-06,1.29230591289669e-18
P06274,Good,0.7003047058943261,0.29969477779111975,5.163145541156367e-07
P05146,Excellent,1.573946396877732e-06,0.5488515396906245,0.45114688636297856
P04441,Good,0.029170097794402456,0.9707825130750499,4.738913054762761e-05
P06469,Excellent,3.867704692227831e-11,0.004167619843379955,0.9958323801179428
P04967,Excellent,8.035054888973554e-19,2.552807591300419e-07,0.9999997447192409
P01615,Good,0.0011054945661721678,0.987295151008164,0.011599354425663705
P03968,Excellent,9.585059089852467e-11,0.0055886197224737,0.9944113801816755
P06477,Excellent,4.847615086608191e-15,0.00010637315260943406,0.9998936268473857
P00307,Good,0.0003267687200463888,0.9956292529216704,0.004043978358283307
P05969,Good,0.0007097315806973216,0.9932682226393776,0.0060220457799250934
P05423,Good,0.18730341271854106,0.812695150745561,1.4365358978572166e-06
P04843,Good,1.2879574879209559e-05,0.8983236913759649,0.10166342904915593
P00403,Good,1.3505938327104576e-05,0.9199308208950624,0.08005567316661046
P09206,Average,0.996723702115958,0.0032762978660772985,1.7964713629767838e-11
P03854,Average,0.9982467052634246,0.0017532947113939861,2.5181355003738256e-11
P00049,Good,9.673843621341648e-06,0.8210191600258289,0.17897116613054975
P00339,Good,0.05156987690769001,0.9484207812959761,9.34179633379702e-06
P07234,Excellent,7.009560715014479e-09,0.07273964008429762,0.9272603529061416
P01235,Good,0.0013947659275873514,0.9981175038795712,0.000487730192841378
P01925,Average,0.9770791905574435,0.02292080925877441,1.837820473421495e-10
P01019,Excellent,5.239918224047881e-10,0.04671978385457257,0.9532802156214357
P05758,Good,0.07586843260363813,0.9241226430896783,8.924306683694947e-06
P03877,Good,0.043971283032811594,0.956002676861282,2.6040105906337344e-05
P05759,Good,0.00255304599456134,0.9945194657731551,0.002927488232283607
P02448,Good,0.0010173115969698164,0.9966412100652239,0.0023414783378062068
P07788,Average,0.9279302064948195,0.072069786944016,6.5611645361163925e-09
P07578,Good,1.2615454884271703e-07,0.1305302620537208,0.8694696117917304
P08214,Good,0.013197289598608847,0.986628305176921,0.0001744052244702032
P07015,Excellent,3.0588916612231883e-10,0.005875841558395787,0.994124158135715
P07320,Good,9.49959598983703e-05,0.985155330698957,0.014749673341144593
P06549,Excellent,1.0527186465585015e-06,0.6511625864136847,0.3488363608676687
P00870,Average,0.9999988862780635,1.1137219365082788e-06,4.570515865919292e-18
P03923,Excellent,1.668350414293316e-07,0.15844286861907636,0.8415569645458822
P05512,Excellent,2.933571763769863e-08,0.05165710016184631,0.9483428705024359
P09361,Average,0.6543002942087385,0.34569950655008863,1.9924117289941393e-07
P02839,Average,0.9595578388696905,0.040442153487598706,7.642710642388773e-09
P01611,Excellent,5.6587286699403245e-08,0.05588319201215847,0.9441167514005547
P02386,Excellent,9.919600626564242e-13,0.0004963940900452349,0.9995036059089627
P01396,Excellent,4.267395709468566e-10,0.008234639298110642,0.9917653602751499
P01533,Average,0.10170064589497971,0.8982894247020763,9.929402943971757e-06
P09177,Good,0.0008749142878842493,0.994611867605606,0.0045132181065096625
P01447,Good,0.07923601975738093,0.9207385545819616,2.54256606575041e-05
P02048,Good,0.0015153881451558581,0.9969324649521704,0.001552146902673925
P06055,Good,3.435405051968188e-06,0.8765595233884994,0.12343704120644862
P09901,Good,5.382163913830991e-05,0.9044904431494917,0.09545573521137002
P07575,Good,0.019176776669228346,0.9802574986272331,0.0005657247035385738
P04311,Average,0.8510405229064649,0.14895940467094151,7.242259366772217e-08
P00063,Excellent,1.871330995328936e-10,0.009079313278699186,0.9909206865341678
P00780,Good,0.00014792169460269613,0.9964910993327212,0.003360978972676211
P03797,Average,0.9999996878201545,3.1217984557944714e-07,3.1496894913522174e-19
P01093,Excellent,2.1675579459446053e-08,0.07588534101661731,0.9241146373078031
P09935,Average,0.9999999997887705,2.1122955971571654e-10,1.5124776989525932e-27
P01908,Good,0.027188517875196768,0.9727658584611725,4.562366363069009e-05
P09727,Excellent,8.710666117976758e-13,0.0005474118543893672,0.9994525881447396
P08338,Excellent,3.048661089743156e-10,0.009888249781020363,0.9901117499141135
P08112,Good,0.00010254387349834908,0.8833002665542632,0.11659718957223857
P04345,Good,0.00012256346550126922,0.9359463974577827,0.06393103907671585
P09906,Average,0.9999998012976308,1.9870236936010707e-07,1.0443170070233285e-20
P03883,Good,0.21873406462855274,0.7812599075672494,6.027804197967704e-06
P01536,Good,0.0020486219210681584,0.990358229042204,0.007593149036727861
P09129,Average,0.8332659239534027,0.16673402203752524,5.400907202161103e-08
P06664,Excellent,6.047167034915408e-06,0.8192466436492393,0.1807473091837259
P08381,Average,0.999985473987747,1.452601225314123e-05,7.671653759670805e-17
P08348,Excellent,3.557032994444446e-15,1.5136229084951736e-05,0.9999848637709114
P00558,Excellent,9.670159642124597e-21,2.7737898489911658e-08,0.9999999722621015
P08603,Excellent,8.354591126247134e-19,4.2839639370989285e-07,0.9999995716036062
P01916,Good,7.943319911259678e-05,0.9459990666993117,0.053921500101575724
P01217,Excellent,3.631143633170838e-11,0.0027611516297736255,0.9972388483339149
P07330,Good,0.01760351921569024,0.9820618367760698,0.00033464400823984543
P05360,Good,0.00022682433233286545,0.9950228738062756,0.004750301861391378
P06771,Excellent,2.703648438542399e-06,0.6651318479568162,0.33486544839474514
P01693,Good,6.841439621556914e-05,0.9658170670045846,0.03411451859919978
P05331,Good,1.1285515286736804e-05,0.8910649708629124,0.108923743621801
P03062,Excellent,1.8505901714491788e-10,0.022347051360520773,0.9776529484544203
P04757,Good,0.03370214403897863,0.9662495015630204,4.835439800096632e-05
P05651,Good,7.084738517817444e-05,0.9517956468704765,0.04813350574434527
P03500,Good,0.0005056560288605263,0.9833197649411123,0.016174579030027288
P06281,Excellent,9.355031234621039e-17,3.4519153186340446e-06,0.9999965480846813
P05648,Good,0.0014064368543663386,0.995989663979035,0.0026038991665985932
P02405,Average,0.9382020389578852,0.061797956718454096,4.323660595801591e-09
P05538,Good,0.010668178326725198,0.9892467151269749,8.510654629980464e-05
P09043,Good,0.00036823400763770053,0.9927825477555255,0.006849218236836672
P04402,Average,0.9166643810931165,0.08333561529966242,3.607221020325982e-09
P01928,Good,2.4577621567494483e-06,0.5887434138807658,0.4112541283570775
P04572,Good,0.00042363820053850025,0.9956789108780785,0.0038974509213830937
P07663,Average,0.9925140310455997,0.0074859689443241145,1.0076030439170191e-11
P02356,Excellent,3.415135020503847e-09,0.05618948299082928,0.9438105135940357
P08808,Excellent,3.522255874838868e-18,9.404913829231899e-07,0.9999990595086171
P03124,Excellent,5.15413829295012e-12,0.0004471681029410622,0.9995528318919048
P09483,Average,0.9980098022142743,0.0019901977781499112,7.576002778669394e-12
P05594,Good,9.746033182678489e-05,0.9657052085385897,0.034197331129583584
P00393,Average,0.9999138852648674,8.611473510456181e-05,2.8168020210407696e-14
P04271,Excellent,5.9053831131721595e-15,1.7067535195232297e-05,0.9999829324647987
P02569,Good,0.00010725882788388995,0.9140404675684722,0.08585227360364385
P01559,Excellent,2.193635129864011e-21,2.7193204017579513e-08,0.999999972806796
P00881,Excellent,3.0777841981411508e-15,3.714712692308709e-05,0.9999628528730738
P05377,Excellent,1.7734587015222602e-12,0.0003792312525306193,0.999620768745696
P03652,Good,2.980549398030275e-05,0.9863349683070859,0.013635226198933795
P03344,Excellent,4.575925084470253e-10,0.007600779822687147,0.9923992197197203
P08316,Good,7.305341611758715e-07,0.19381591374284113,0.8061833557229977
P02325,Good,3.694623169236498e-05,0.8080006543102977,0.19196239945801002
P07923,Good,0.023453433204002318,0.9764557070238538,9.085977214399987e-05
P05292,Good,0.34265974068034377,0.6573394059852614,8.533343946902254e-07
P00388,Excellent,3.6502886704529437e-13,0.0003401358574049112,0.99965986414223
P09756,Excellent,1.717994155511855e-17,1.5470543344154795e-06,0.9999984529456656
P09934,Excellent,1.9179811192784004e-15,2.1418739915671285e-05,0.9999785812600824
P04548,Good,0.0011105760432163587,0.997771867085604,0.001117556871179636
P08365,Excellent,1.0003907907066945e-12,0.00036201525282872457,0.9996379847461709
P09155,Good,0.001452040121356987,0.9961964153115507,0.0023515445670924413
P08499,Good,0.009254224363133735,0.9906580258998728,8.774973699330841e-05
P07493,Excellent,1.367634472330664e-13,0.00026752073512142807,0.9997324792647418
P03059,Excellent,1.0517092664460443e-06,0.5182184539028526,0.4817804943878809
P02207,Average,0.9999284092478015,7.159075219807853e-05,5.105069009646867e-16
P00257,Good,0.09527514187886582,0.9046636489214483,6.120919968570946e-05
P01964,Good,0.08223854743132655,0.9177545513151036,6.901253569841241e-06
P06686,Good,3.101400779314189e-05,0.9849534944242538,0.015015491567952888
P00823,Excellent,6.332292361470672e-21,2.4765528376247936e-08,0.9999999752344717
P05163,Good,0.0002798016207321411,0.9943999769752905,0.005320221403977337
P02424,Excellent,6.249431250354347e-14,5.355647617155117e-05,0.999946443523766
P01614,Good,2.5958160762572997e-05,0.6301653269136764,0.369808714925561
P03618,Excellent,2.631021866179816e-10,0.006797656318310127,0.9932023434185876
P04899,Average,0.9914634495923926,0.008536550397123047,1.0484097607780628e-11
P08869,Excellent,5.146348680109588e-08,0.15859592413789014,0.8414040243986232
P07341,Good,0.4317433373042534,0.5682564886243288,1.7407141786822357e-07
P09607,Average,0.9988680782620285,0.0011319217341192454,3.852358543821582e-12
P05051,Average,0.9995291418839156,0.0004708581159916772,9.27276250382772e-14
P09106,Excellent,3.4391200497450493e-09,0.03741813616652221,0.9625818603943579
P01660,Average,0.999870320264255,0.00012967973573820707,6.6550929198734794e-15
P04009,Good,0.03465036883282446,0.9652918458196283,5.7785347547215735e-05
P09375,Excellent,2.1574683815080232e-18,3.709507300878971e-07,0.9999996290492698
P09734,Excellent,8.529183229732845e-07,0.11920339077964803,0.880795756302029
P01263,Average,0.6667584565409724,0.3332413332471982,2.1021182954328346e-07
P04701,Good,0.03692353149395186,0.9630630906446689,1.3377861379154352e-05
P00207,Excellent,9.03672490129982e-10,0.009223499255372315,0.9907764998409552
P03303,Average,0.9993818261453156,0.0006181738540527159,6.318195031352338e-13
P01501,Good,0.000508438996601984,0.9979717387023501,0.0015198223010478276
P01156,Excellent,1.2415892831578192e-13,8.795145171486975e-05,0.9999120485481611
P04969,Average,0.6367177671004477,0.3632820697735343,1.6312601794656965e-07
P09520,Average,0.9778535141033352,0.022146476328616705,9.568048101907348e-09
P00263,Excellent,6.868932417998134e-10,0.010412004500664948,0.989587994812442
P02394,Good,0.4382475843079638,0.5617502233870345,2.192305001710696e-06
P01431,Good,0.043032874402524075,0.9569478392488441,1.928634863180498e-05
P05129,Average,0.9998045339229553,0.00019546607679703264,2.477406968931261e-13
P04590,Good,0.02273597916671644,0.9772060419741002,5.7978859183248635e-05
P04885,Good,0.000155174895172687,0.992367411900525,0.007477413204302343
P03145,Good,1.1772897755222752e-05,0.5100861325646121,0.4899020945376327
P09639,Good,8.420395227653339e-07,0.31335848725561705,0.6866406707048601
P01825,Good,0.0006703862156616,0.9919736306225181,0.007355983161820375
P01146,Average,0.9791739097633284,0.02082609001897475,2.1769675571939136e-10
P08759,Good,4.173318096881532e-05,0.928380534472998,0.07157773234603315
P07111,Average,0.9999758682510357,2.413174896408619e-05,3.1016797040304727e-16
P07256,Good,0.00023899988924521264,0.9960182737536736,0.003742726357081297
P06307,Average,0.9777807799902559,0.022219219191447506,8.182965778928e-10
P08484,Excellent,1.0263474533164015e-07,0.25265010135707155,0.7473497960081832
P09165,Good,0.004866786382137781,0.9949652328411095,0.00016798077675273245
P06594,Average,0.9999810524055368,1.8947594463268165e-05,2.339609982157857e-17
P04791,Excellent,1.1705766254331293e-07,0.7619292324039817,0.23807065053835563
P01980,Excellent,3.409667930463719e-06,0.30909569569597745,0.6909008946360921
P04216,Average,0.996024902029803,0.003975097890502168,7.969481473785581e-11
P06519,Average,0.35255868612976116,0.6474402242646883,1.0896055505182073e-06
P06760,Excellent,2.6670912457957145e-13,0.0003486507236052864,0.999651349276128
P08192,Good,9.413866141548066e-06,0.5813254144412261,0.41866517169263234
P09732,Good,5.702869471177707e-05,0.9229290685352439,0.07701390277004433
P05042,Excellent,7.95163001918688e-12,0.001991435411387571,0.9980085645806609
P01897,Excellent,5.3433014075758924e-11,0.0019119236856329947,0.9980880762609341
P09327,Excellent,4.5378196794610694e-08,0.07650098965072147,0.9234989649710815
P04243,Excellent,1.6255031153162267e-12,0.0007496983748710777,0.9992503016235034
P00755,Average,0.7623577486200307,0.23764222885980277,2.2520166632099004e-08
P08376,Excellent,9.304334322298929e-18,1.1387101406116477e-06,0.9999988612898593
P04652,Excellent,7.346797973873654e-11,0.004228860349870708,0.9957711395766612
P00835,Good,1.7464987350847454e-05,0.8929480528903146,0.10703448212233452
P06818,Excellent,3.3244247781526914e-13,0.0002480615092515572,0.999751938490416
P02872,Average,0.03298651287932757,0.9670082113199551,5.2758007173356795e-06
P05723,Good,0.022016211828157887,0.9779663966955832,1.7391476259022864e-05
P09405,Excellent,1.997100926676841e-12,0.002331710753426084,0.9976682892445768
P02550,Good,0.00024129026882355845,0.9938910190385982,0.005867690692578205
P04103,Good,0.013960818324801241,0.9853251917169846,0.0007139899582140869
P02001,Good,8.066380098373023e-05,0.9858399662900076,0.014079369909008706
P02119,Excellent,1.2064281398965905e-14,4.7993098786098265e-05,0.999952006901202
P01251,Excellent,1.4682836493776294e-11,0.006843428149830204,0.993156571835487
P08036,Good,0.015605481108374343,0.9841257636330724,0.00026875525855335074
P00563,Good,0.5916889625470413,0.4083110018703543,3.558260438394848e-08
P06947,Good,1.7292608312371114e-05,0.9313973454355854,0.06858536195610211
P00603,Good,0.01954313655752105,0.980318543860878,0.00013831958160097357
P05186,Good,1.7896517679754295e-05,0.8237074906760989,0.17627461280622134
P08405,Average,0.996849178959502,0.003150821015327146,2.517087418748668e-11
P04886,Good,0.0001703273922264874,0.9911301350265708,0.008699537581202801
P00583,Average,0.9955214062658395,0.004478593716855631,1.7304923872821104e-11
P04564,Excellent,1.0218182207705756e-14,3.92977671769271e-05,0.9999607022328129
P00080,Excellent,5.2469692206403106e-11,0.006306733405144406,0.9936932665423859
P07694,Good,0.007415309885249486,0.990487157146634,0.0020975329681163866
P03469,Good,0.3948622079839078,0.6051345049649178,3.2870511743497822e-06
P09611,Good,0.001167156825111598,0.9957968577232583,0.003035985451630183
P08840,Average,0.3987008056789445,0.6012939860036366,5.208317418782233e-06
P04029,Excellent,2.115996901947311e-12,0.0009697575008741366,0.9990302424970098
P00776,Good,0.6669155802393535,0.3330841580999178,2.616607287177999e-07
P03239,Good,0.00013297558743975146,0.9929804067325407,0.006886617680019657
P08132,Excellent,6.455455948678407e-16,8.044615370406466e-06,0.9999919553846289
P05449,Average,0.9998704619250088,0.00012953807497780465,1.3314634743024183e-14
P02739,Excellent,6.116582109343822e-11,0.0018990720412584772,0.9981009278975758
P05968,Good,0.3177666029452142,0.6822173726985928,1.6024356192928906e-05
P09883,Good,0.4728474153354926,0.5271523870384986,1.976260086309582e-07
P00017,Average,0.8831764403413478,0.11682352725257503,3.24060772500502e-08
P04705,Excellent,5.11664221873504e-09,0.03331759305297982,0.966682401830378
P08335,Average,0.9680306761133401,0.03196932160148682,2.2851731196966775e-09
P02682,Average,0.9994285456804937,0.0005714543130671338,6.439078385640497e-12
P03789,Good,0.007035420741119006,0.9928836026098984,8.097664898274437e-05
P03661,Average,0.8995113049704732,0.10048867281392676,2.221559996597641e-08
P03747,Average,0.11350792332726173,0.8864784875091648,1.3589163573430374e-05
P07223,Excellent,7.515157790788398e-10,0.014499279611609092,0.9855007196368752
P04066,Excellent,1.8919355465855764e-10,0.005968537278526475,0.9940314625322799
P06445,Average,0.9977829142450724,0.0022170857114337363,4.349378467734745e-11
P08945,Excellent,8.045412167323161e-18,9.982347762732647e-07,0.9999990017652237
P04519,Good,0.0004071397794471822,0.9883861626010623,0.011206697619490556
P05797,Excellent,4.5294470187262873e-07,0.339165783371678,0.6608337636836202
P00710,Excellent,4.756123619333698e-09,0.06718055474146525,0.9328194405024113
P07648,Good,0.03960765962520397,0.9601342666243997,0.000258073750396191
P00160,Excellent,2.593727532542675e-06,0.3640241662198963,0.6359732400525712
P01288,Excellent,1.7556185930159627e-08,0.1660185310378424,0.8339814514059717
P02078,Average,0.9342597900497248,0.06574019956436851,1.038590658798094e-08
P09284,Excellent,1.9638633512808027e-08,0.17696509339404523,0.8230348869673212
P07632,Excellent,4.805157539804802e-10,0.00824447131697119,0.9917555282025132
P07706,Good,0.6666121206805895,0.33338681767430356,1.0616451069031468e-06
P00374,Good,7.329245380396336e-05,0.9827634259193111,0.017163281626884814
P00527,Good,0.2478523263350588,0.75212364484679,2.4028818151337678e-05
P05551,Good,0.6207801539421847,0.37921870866859286,1.1373892225580354e-06
P02407,Excellent,3.1201461908070134e-10,0.01822449804489128,0.9817755016430941
P07913,Good,7.197805022948008e-06,0.7257408350119829,0.2742519671829941
P04435,Good,0.05244530864343826,0.9475089510303697,4.5740326192128964e-05
P06003,Good,0.5535145502602025,0.4464836392545446,1.8104852530313144e-06
P05655,Good,0.00016317993278993763,0.9883145481031528,0.01152227196405739
P06586,Good,0.004566646323534119,0.9945155270579654,0.0009178266185004692
P02606,Excellent,1.2029224897344523e-13,9.585989359726332e-05,0.9999041401062824
P00767,Excellent,4.19825611539024e-07,0.2521173643095581,0.7478822158648303
P08129,Good,0.12474645394010585,0.875240439740373,1.3106319521186988e-05
P03843,Excellent,1.63458038693336e-14,7.359363931707308e-05,0.9999264063606664
P03790,Good,0.0001812891834923249,0.982190055121774,0.01762865569473363
P05569,Good,3.815442862972254e-05,0.9425830543358849,0.057378791235485394
P07426,Good,0.008019989663498919,0.9919283745355243,5.163580097680288e-05
P01413,Average,0.9939560180350979,0.006043981926470752,3.843135074730959e-11
P07050,Excellent,1.4117498185806814e-14,7.075685080347518e-05,0.9999292431491824
P00591,Good,0.864330933240441,0.13566863738089036,4.293786688689749e-07
P08701,Excellent,2.0207530648788654e-07,0.3595243726098655,0.640475425314828
P07231,Average,0.9717536575341911,0.02824633649610249,5.969706259725074e-09
P06764,Good,0.009016018619892407,0.9905219587914565,0.0004620225886510331
P03672,Good,0.14968694452328368,0.850301002918895,1.2052557821189565e-05
P04176,Average,0.8878813955423894,0.1121185250213024,7.943630812907037e-08
P02252,Excellent,1.290485158523514e-17,7.117369995778415e-07,0.9999992882630006
P07609,Good,0.0026499192572754654,0.9956684319642347,0.001681648778489749
P03264,Good,7.442857396948995e-07,0.3352413895981624,0.664757866116098
P07364,Good,0.01950900665873476,0.9801394367414613,0.00035155659980387074
P09112,Average,0.9807831374724914,0.0192168623994568,1.2805197339288996e-10
P09433,Excellent,5.216195532383215e-11,0.00246753815253129,0.9975324617953067
P02376,Average,0.9999999999981402,1.8599501542348986e-12,3.606748008822716e-31
P03719,Average,0.9987831302788673,0.001216869719974356,1.1583600012891876e-12
P08872,Excellent,2.770534853962243e-10,0.004529447745455609,0.9954705519774909
P05484,Excellent,7.012906924068577e-07,0.21541133847253865,0.784587960236769
P03736,Excellent,1.060445067245787e-19,1.7465481440074392e-07,0.9999998253451857
P04476,Good,0.7460667652705887,0.25393314595326877,8.877614248463603e-08
P04423,Good,6.536360783077884e-06,0.76657716681923,0.23341629681998682
P01201,Average,0.9999990755938005,9.244061995690629e-07,1.1394513208317147e-18
P02294,Average,0.999970167236038,2.9832763958296494e-05,3.763797094305579e-15
P05617,Excellent,7.568513298832838e-11,0.009396355640261516,0.9906036442840533
P05355,Average,0.9999826328961069,1.7367103891922512e-05,1.1798696845866896e-15
P09744,Good,0.018372701319704438,0.9814575814693565,0.00016971721093914357
P06466,Good,0.0003570693252250017,0.9915799434666881,0.008062987208086864
P09884,Good,6.848627151577415e-05,0.9030934734375345,0.09683804029094963
P06022,Good,0.0004415460050416946,0.9970035354859819,0.0025549185089764307
P03561,Excellent,2.663495590694029e-16,4.776556823505247e-06,0.9999952234431763
P09513,Average,0.18092564899908178,0.8190690523462332,5.298654685097773e-06
P06447,Excellent,5.311705283538707e-10,0.015425439280836938,0.9845745601879924
P06146,Average,0.814142196943729,0.185857706968673,9.608759809256738e-08
P07479,Excellent,4.773054429069639e-09,0.027318841529549637,0.972681153697396
P00883,Good,2.203814497278249e-05,0.9388456139318054,0.06113234792322171
P08595,Good,4.172318615962919e-05,0.9536495146716105,0.04630876214222976
P01399,Good,0.00015349998570706006,0.9948276327335956,0.005018867280697325
P03889,Excellent,9.857437605463008e-09,0.1634193835777956,0.836580606564767
P05493,Good,0.001834018183015471,0.9926669534738275,0.005499028343157068
P07757,Good,0.0007996235298904868,0.9964494254536091,0.002750951016500403
P08770,Good,0.0002949570665941673,0.9995194578131508,0.00018558512025507442
P07339,Excellent,1.715429192253171e-09,0.035038431322218413,0.9649615669623525
P01860,Excellent,4.906072371030231e-15,3.897696440553561e-05,0.9999610230355895
P04453,Average,0.9882378861376154,0.011762113804816983,5.7567496723967675e-11
P07438,Excellent,9.44651132658045e-15,2.5974480813838345e-05,0.9999740255191767
P01534,Good,6.734773260773544e-05,0.9911577290472998,0.008774923220092358
P08001,Excellent,2.018687250852695e-18,4.7374472460657283e-07,0.9999995262552754
P02242,Average,0.9997243471784812,0.0002756528214980757,2.0537556011159398e-14
P04760,Good,2.5013609766031525e-06,0.6904203299408324,0.30957716869819096
P09987,Good,0.00010614928262169584,0.8766583520796818,0.12323549863769656
P06404,Good,0.07155579090614628,0.9284086202531235,3.558884073010174e-05
P09853,Excellent,1.6685432507909644e-08,0.10139334284944077,0.8986066404651267
P07191,Excellent,2.3998844934681172e-08,0.1254804417582556,0.8745195342428995
P05257,Average,0.7471994859734471,0.25280026742138567,2.4660516733351197e-07
P01504,Excellent,1.129071260626334e-20,5.0315520537338456e-08,0.9999999496844795
P02707,Excellent,5.633786645538434e-14,0.00014526821497476595,0.9998547317849689
P02047,Excellent,3.29410121420091e-11,0.0030017791001122193,0.9969982208669468
P01071,Excellent,3.2990104080687936e-11,0.002338293648350016,0.99766170631866
P05814,Good,0.022873903218461767,0.9769707649602625,0.00015533182127577014
P03453,Good,0.4217584869728555,0.578241293001738,2.2002540642981155e-07
P04335,Good,0.02866176313968826,0.9712572831961971,8.095366411479398e-05
P09778,Excellent,3.96300102894635e-18,4.112682275767268e-07,0.9999995887317724
P07823,Good,0.0016688118316089654,0.9959693759889521,0.0023618121794389247
P01851,Excellent,2.0626864096564527e-18,2.608566792081051e-07,0.9999997391433207
P01375,Average,0.8279470407674993,0.17205244267173048,5.165607703751142e-07
P06671,Average,0.3636401824478483,0.636357910671175,1.906880976630269e-06
P03896,Excellent,5.63891276230024e-18,1.0540864804725765e-06,0.9999989459135195
P07634,Good,5.608590593391905e-06,0.41829847873371717,0.5816959126756894
P09840,Average,0.8106193576141982,0.18938057845088738,6.393491448440008e-08
P08508,Good,6.528667507009345e-05,0.9502380475835728,0.0496966657413572
P06422,Good,0.00025870792537223343,0.9862853491938407,0.013455942880786952
P04712,Average,0.9990752245673077,0.0009247754320666288,6.255832180306325e-13
P00114,Average,0.6449196960015714,0.35507925255209416,1.0514463344429956e-06
P05920,Good,0.00578848332134848,0.9941832403272475,2.8276351403974392e-05
P03240,Good,4.62942948851702e-05,0.9835330186328832,0.016420687072231606
P04418,Excellent,7.260721838058754e-16,3.4589561489972208e-06,0.9999965410438503
P09000,Good,0.0014249101471674288,0.9956092949873397,0.0029657948654928747
P03689,Excellent,1.9045424697257626e-08,0.09256414453455179,0.9074358364200235
P02656,Excellent,1.0480894947601985e-07,0.2848211424713024,0.7151787527197481
P09534,Good,0.0010239030930353167,0.9972284157262364,0.0017476811807282573
P03295,Good,0.006520366319074865,0.9904227916259989,0.00305684205492619
P00234,Good,8.166136786851674e-05,0.9973888934897903,0.002529445142341177
P00931,Average,0.8001419883586983,0.1998579526185942,5.902270749108233e-08
P01291,Excellent,2.2431742158958515e-13,0.00027514499404753543,0.999724855005728
P02151,Good,0.0009046737677018351,0.9929659075084657,0.006129418723832372
P01835,Good,1.2692687592033622e-06,0.35868869986145335,0.6413100308697874
P04001,Good,1.1319773249469456e-06,0.25939983100468106,0.7405990370179941
P07089,Excellent,1.5311817570221377e-07,0.23622945446817373,0.7637703924136505
P05036,Average,0.49010259237443904,0.5098940808848097,3.326740751280806e-06
P06429,Excellent,4.72311073157207e-19,8.76729467865411e-07,0.9999991232705322
P05616,Excellent,1.478569693967093e-13,0.00021496450712408846,0.999785035492728
P06520,Good,0.0024431288577179506,0.9972710192912888,0.00028585185099325834
P08559,Good,0.09044013387132974,0.909522531192093,3.7334936577358506e-05
P06432,Excellent,2.0176613973932523e-14,7.550860647682514e-05,0.999924491393503
P09240,Excellent,1.0067795867108281e-09,0.015991692231642547,0.9840083067615779
P03432,Good,0.005917655913786847,0.9926628821024716,0.0014194619837416317
P03323,Excellent,2.4394680268702377e-07,0.16055056379108146,0.8394491922621158
P08880,Good,0.00025875883952733284,0.9816652170400184,0.018076024120454254
P09024,Average,0.9999614638372368,3.853616275649671e-05,6.735314664229728e-15
P03974,Average,0.9999999996257867,3.742134187028881e-10,4.0417235872162966e-26
P04893,Average,0.9935123475343017,0.006487652306435005,1.5926341888773351e-10
P08713,Excellent,5.945001883049797e-11,0.0062410212937928965,0.993758978646757
P03732,Excellent,3.2207621155161435e-11,0.001773670205031239,0.9982263297627613
P04352,Good,0.00025352187688826435,0.9966126722325886,0.003133805890523135
P00615,Good,0.075484825080773,0.9245066283406658,8.546578561212396e-06
P01052,Excellent,2.887094862015758e-09,0.026626369474508235,0.973373627638397
P06698,Average,0.9991911085840731,0.0008088914121455626,3.7811885372550305e-12
P03507,Average,0.9999999915105214,8.489478623502318e-09,1.6862328836291616e-22
P03385,Average,0.9999965444830765,3.4555169234331924e-06,1.0851838440070812e-17
P06133,Average,0.9992538345015758,0.0007461654979008086,5.235164900241346e-13
P03986,Good,0.00011289747863277034,0.9651547062996348,0.034732396221732346
P00668,Good,0.00023241419888543675,0.9967452131756145,0.0030223726255000217
P06910,Good,6.737407995568837e-05,0.9937459690186207,0.006186656901423719
P04411,Good,2.0779477101934777e-07,0.6133229063361116,0.38667688586911736
P00580,Good,0.022473859809061192,0.9772919836640945,0.00023415652684430986
P08255,Excellent,5.260179029416076e-18,1.7437645840410724e-06,0.9999982562354159
P07429,Average,0.9634325444851799,0.036567454851849444,6.629707186861875e-10
P05230,Average,0.9999999739850098,2.6014990076865734e-08,1.2320920523641355e-22
P00045,Excellent,3.758080349268213e-07,0.0974401800640418,0.9025594441279232
P01678,Excellent,8.552634135621506e-06,0.7182502315919034,0.2817412157739611
P01400,Good,9.231449230274138e-07,0.642027961666951,0.35797111518812597
P05584,Average,0.9998213145820957,0.0001786854178166677,8.764476802104474e-14
P02871,Good,0.010514380095989952,0.9893103977641238,0.00017522213988627126
P04205,Excellent,9.140970617819212e-14,0.00019984587976809912,0.9998001541201403
P09011,Average,0.9754193376524354,0.024580659787757232,2.5598074245679727e-09
P02704,Excellent,1.242851732828716e-10,0.008326661451417264,0.9916733384242976
P08485,Good,0.0004489840511358557,0.9891543949055653,0.010396621043298833
P08817,Excellent,7.804005447178934e-11,0.0029203613810528098,0.997079638540907
P00168,Good,0.000434962734693269,0.9963615795602893,0.003203457705017342
P05981,Average,0.9983434637134887,0.0016565362807721442,5.739147215154873e-12
P00989,Good,7.249656442905064e-09,0.08623108690415092,0.9137689058461927
P05403,Good,0.026774988747511212,0.9731319420412855,9.306921120324604e-05
P01440,Excellent,3.6162926862082655e-12,0.000696430165483684,0.9993035698308999
P03115,Excellent,7.746803597695458e-15,2.107183664002569e-05,0.9999789281633522
P00462,Excellent,1.1714517999511184e-17,2.9605106232628254e-06,0.9999970394893768
P09769,Average,0.9955658173371823,0.004434182388124528,2.7469326321906357e-10
P03930,Excellent,3.632394040377868e-11,0.00640255183785116,0.9935974481258248
P09684,Average,0.9905174740468621,0.009482525061248442,8.918893874883247e-10
P04300,Good,0.0065731245548460455,0.9932198636235978,0.00020701182155616297
P01057,Average,0.9999779698434117,2.203015658706679e-05,1.0386889308728566e-15
P02932,Good,0.00016787721852267392,0.9791313694352816,0.020700753346195803
P04711,Excellent,1.0066066595275625e-09,0.012199038212710057,0.9878009607806834
P06047,Excellent,3.598822389863138e-11,0.0014055408194723327,0.9985944591445394
P04835,Average,0.9994623977704039,0.0005376022291881732,4.079579948593416e-13
P03107,Good,0.0004959726562794978,0.9872584590341739,0.012245568309546645
P05515,Good,0.6092440074293892,0.39075542735789015,5.652127205709752e-07
P00587,Good,0.0007668398179557813,0.9970238746693052,0.002209285512739161
P09273,Good,0.001575336938561414,0.995455111924779,0.002969551136659644
P09556,Good,0.48976545210023453,0.5102331516524418,1.3962473237440743e-06
P07855,Excellent,2.9132585702374105e-19,2.3855064165349494e-07,0.9999997614493584
P05601,Good,0.00032805255870899515,0.9972626456656398,0.002409301775651236
P01779,Good,0.0017755558801205986,0.9980518718908983,0.0001725722289810088
P06328,Good,0.00011074049677708204,0.9242242703690349,0.07566498913418801
P01018,Good,0.07897119097840305,0.9210016168744364,2.7192147160606495e-05
P00885,Good,0.3224602198369973,0.6775381959349097,1.5842280929672018e-06
P06102,Excellent,1.6517820494495727e-10,0.007860269673996981,0.9921397301608248
P09152,Excellent,9.806112449851217e-07,0.39475530949668564,0.6052437098920694
P04636,Excellent,2.0176684246610824e-19,8.767880075256661e-08,0.9999999123211992
P00512,Excellent,9.90175842019167e-20,1.2609135628059479e-07,0.9999998739086436
P07745,Average,0.9993729726040972,0.0006270273955894238,3.1326808001754576e-13
P08061,Good,0.00011948997677870651,0.9727245044833123,0.02715600553990893
P05407,Good,6.60083716114502e-05,0.9726592907183186,0.02727470091006984
P08204,Excellent,2.1505917449282126e-09,0.021251800203072418,0.9787481976463358
P08135,Excellent,3.076218728265629e-19,3.650886055315997e-07,0.9999996349113945
P03838,Good,0.0004275716076432264,0.9825181159261257,0.017054312466231094
P08982,Average,0.7438592702272756,0.25614059425834057,1.3551438380014792e-07
P01218,Excellent,9.324624335005097e-07,0.4148602145577712,0.5851388529797953
P08057,Excellent,3.688109017996827e-15,4.684439558450423e-05,0.9999531556044118
P02975,Excellent,1.2677613177397563e-13,0.00018077788056819976,0.9998192221193051
P01011,Average,0.9985681643419213,0.0014318356569620963,1.1166834255913087e-12
P07279,Good,1.998362863628312e-05,0.9768315674848063,0.023148448886557482
P03991,Good,2.4597388672641847e-05,0.9641664333666264,0.035808969244700936
P01101,Excellent,1.1816537384632574e-10,0.005519177793438639,0.9944808220883958
P03914,Good,0.512885052394398,0.48711486877818033,7.882742175213994e-08
P01378,Good,0.0008183789298921801,0.9920050733653687,0.007176547704739082
P02387,Excellent,6.391879741085413e-11,0.0020309743824051454,0.9979690255536761
P03831,Good,0.0007838226406377248,0.9980131835634986,0.0012029937958636552
P07868,Good,0.13598991097525978,0.8640080049873357,2.0840374044716297e-06
P06143,Excellent,6.721201309593594e-11,0.00910117617863575,0.9908988237541522
P02595,Good,0.0022222921500241713,0.9966976510582464,0.0010800567917294388
P04396,Excellent,6.807509305446622e-06,0.7179140522402476,0.28207914025044695
P02751,Good,0.01936092479971856,0.980547486955427,9.158824485453085e-05
P00915,Good,0.7133931795069998,0.2866047555270461,2.0649659543197563e-06
P01499,Good,0.008988313417059184,0.9909104653708425,0.00010122121209832856
P04860,Good,0.003122887095260047,0.9660632278605814,0.030813885044158582
P06351,Average,0.983557351975197,0.01644264683101271,1.1937902207607611e-09
P06388,Good,0.0001385582475664941,0.9650177520006088,0.0348436897518246
P07503,Good,0.0025216573024153155,0.9971143124825811,0.00036403021500352296
P04227,Average,0.9999999999999949,5.1330171273729445e-15,3.628331342249353e-35
P03818,Excellent,2.4860520977855036e-10,0.011432818481807881,0.988567181269587
P03997,Excellent,5.153716883736383e-18,8.188731679808083e-07,0.9999991811268321
P00370,Excellent,1.727668239620553e-17,3.3392675892997345e-06,0.9999966607324108
P05193,Excellent,9.907663291406175e-10,0.029484724481070184,0.9705152745281636
P00444,Good,1.0471117046203942e-06,0.45152742609983626,0.5484715267884592
P05732,Excellent,7.762602970659878e-11,0.003957607097800501,0.9960423928245733
P06617,Good,7.072431592119624e-06,0.8931531869890383,0.10683974057936951
P05813,Excellent,6.267898985314663e-09,0.056035491249678646,0.9439645024824224
P07009,Good,0.04178825346933785,0.9581716518891756,4.009464148663603e-05
P06630,Excellent,1.2170774884003376e-10,0.008209264379560665,0.9917907354987314
P07072,Good,0.0004480882125687984,0.9856139900840041,0.013937921703427215
P05400,Average,0.9999999159895596,8.401044047265061e-08,5.268051914663607e-20
P08220,Excellent,1.021295753688792e-09,0.009266779649697233,0.990733219329007
P06720,Excellent,1.1826911280703476e-07,0.19775582199057073,0.8022440597403164
P06272,Excellent,6.1448963980312934e-09,0.04776101716428897,0.9522389766908147
P05149,Excellent,2.769478907699925e-13,0.00013805833474521545,0.9998619416649779
P07678,Good,7.252313821814806e-05,0.9673705383132868,0.032556938548495
P02665,Excellent,2.0547467861807542e-16,7.681693628419643e-06,0.9999923183063714
P02736,Excellent,3.3388061807234866e-17,7.517971726780192e-06,0.9999924820282733
P08423,Good,2.533792704313535e-07,0.18544646612230148,0.8145532804984281
P00657,Good,0.0003442493868442781,0.9995321710206709,0.00012357959248466286
P01638,Good,2.1881674563715263e-05,0.7506896095643003,0.24928850876113595
P01821,Good,0.04393729779200687,0.955963649117507,9.905309048616114e-05
P05238,Good,0.480856346331471,0.5191414292414943,2.2244270346612027e-06
P07702,Good,1.2922136865568818e-05,0.8496432481289803,0.1503438297341541
P00875,Average,0.6687173596095992,0.33128220580943807,4.345809627182192e-07
P09116,Good,7.395058515377625e-05,0.9198287692563631,0.08009728015848308
P00110,Good,0.025062500531090198,0.9749168535325698,2.0645936339933854e-05
P09062,Good,1.834185564254469e-05,0.9325230707511769,0.06745858739318068
P07605,Excellent,1.998170862184942e-17,1.6854341104260195e-06,0.9999983145658896
P00426,Good,1.8406919192302143e-08,0.07721163818998912,0.9227883434030918
P01467,Average,0.9962227204719842,0.003777279508136827,1.9878870251599802e-11
P07803,Good,0.012619168866060843,0.9870547822780046,0.00032604885593451023
P02591,Good,0.00010806387662502895,0.991554148028306,0.008337788095069095
P05496,Average,0.999999755741188,2.4425881201357087e-07,8.124506827735721e-20
P04426,Good,7.23107720719285e-05,0.9898414288756562,0.010086260352271833
P00101,Average,0.438624020101508,0.5613750600890948,9.198093972858573e-07
P01551,Good,4.1779025873294624e-05,0.9480229199140074,0.05193530106011926
P04827,Excellent,8.005347007444739e-09,0.086221812418669,0.9137781795759841
P05880,Good,0.3050502240435793,0.6949437788657348,5.997090685888706e-06
P00130,Good,0.0062789709046779775,0.9936243346785136,9.669441680829633e-05
P07596,Average,0.9999972811601916,2.718839808399847e-06,7.102359217690447e-18
P00865,Excellent,2.618765267230734e-09,0.025568398406924764,0.97443159897431
P01874,Excellent,3.7123423215482323e-09,0.025306941199861197,0.9746930550877966
P00685,Good,0.006870320800081664,0.9924949088010839,0.0006347703988344967
P03902,Excellent,3.207969029069146e-11,0.006582568690466821,0.9934174312774536
P07804,Excellent,1.1914721890529234e-12,0.0007322928216749384,0.9992677071771336
P05091,Excellent,1.0229171762664135e-07,0.3653146940610216,0.6346852036472607
P07984,Excellent,2.0722153723332372e-08,0.05333544116212298,0.9466645381157232
P03813,Average,0.9987954700929662,0.001204529894725908,1.23078892592041e-11
P05499,Excellent,4.507256300377997e-17,1.4745496260636652e-06,0.9999985254503738
P08965,Good,3.657646098682128e-06,0.6522886284710893,0.3477077138828122
P06564,Good,0.0010623659975574054,0.9908334358253067,0.008104198177135993
P04624,Good,0.15292868509659818,0.8470606695310606,1.064537234121705e-05
P06700,Average,0.9999979256619328,2.0743380672436832e-06,5.0349699502439376e-17
P04185,Good,5.739288853847943e-07,0.5723910330992632,0.42760839297185144
P09646,Good,0.008903450754310031,0.9908353892528158,0.00026115999287428833
P05008,Average,0.9931874746524477,0.0068125252377479115,1.0980449489002278e-10
P00655,Good,0.0008972853691548798,0.9932391739259175,0.005863540704927608
P08659,Good,0.00011313889970801904,0.9907795914363298,0.009107269663962109
P02422,Good,5.360473899939042e-07,0.2355790086711819,0.7644204552814282
P01210,Good,0.3420761155161676,0.6579221029331933,1.781550639011889e-06
P08593,Excellent,8.33961132212064e-12,0.0014320803056959298,0.9985679196859646
P06906,Excellent,8.977119058969463e-17,2.8409681300350013e-06,0.9999971590318699
P00306,Good,0.0017484944664692833,0.9978667958271266,0.0003847097064041812
P03510,Good,0.0002528620429881578,0.9887230645993785,0.011024073357633318
P08308,Excellent,1.0044836397094056e-09,0.0177541142814298,0.9822458847140866
P08798,Excellent,2.1154414879421782e-13,0.0006935262260286904,0.9993064737737598
P06413,Excellent,2.5439267271981105e-15,1.7869077680419132e-05,0.9999821309223171
P08752,Excellent,4.960504439326506e-19,9.126464871276566e-07,0.9999990873535127
P05075,Excellent,1.668820722959071e-15,1.4041067142837116e-05,0.9999859589328552
P03011,Good,0.00027353898949265,0.9842001759573638,0.015526285053143633
P07487,Average,0.9941525849227126,0.005847414665486925,4.1180044002692707e-10
P09545,Excellent,5.605565457803132e-09,0.020177372559202458,0.9798226218352319
P00416,Excellent,1.0381446578386253e-13,9.520678195262773e-05,0.9999047932179435
P09232,Average,0.9997272549058456,0.00027274509398076877,1.7350821282465343e-13
P05462,Good,0.004482921778278106,0.9953295517145214,0.0001875265072004699
P01268,Good,1.5335802634764475e-07,0.09122654076406424,0.9087733058779095
P07565,Excellent,1.0430893295674386e-08,0.04245168150843744,0.9575483080606692
P00102,Good,0.06912633685964802,0.9307884303288272,8.52328115247822e-05
P03722,Good,0.0002699926909245061,0.9980845088939689,0.0016454984151065347
P02498,Good,0.008095169656475817,0.9915826014649842,0.00032222887853999393
P04144,Average,0.9858964604329803,0.014103538600970652,9.66048919548496e-10
P01972,Average,0.7354329779185311,0.2645667330111441,2.8907032476952064e-07
P09802,Good,0.009254732899640255,0.9905153038470683,0.0002299632532914379
P05303,Excellent,1.0800787626269358e-11,0.002719907647513255,0.9972800923416859
P04784,Excellent,2.1634754418119264e-13,0.00019849407343199306,0.9998015059263515
P07026,Excellent,2.8216417957420107e-10,0.01214515028074983,0.987854849437086
P01812,Good,0.005774562617038409,0.9939619640859481,0.0002634732970134216
P08507,Excellent,7.210389896060819e-10,0.01473494725349103,0.98526505202547
P05906,Good,0.006455569973740604,0.9931820394628257,0.0003623905634335976
P08322,Average,0.6617973688943772,0.338202191782542,4.3932308090815765e-07
P02031,Good,0.0004808072338050827,0.9964951810075758,0.003024011758619051
P07052,Average,0.8569690147439898,0.1430309492690824,3.5986927721687334e-08
P08053,Excellent,1.1128323424683475e-16,9.882676008832237e-06,0.999990117323991
P05534,Excellent,4.865831553596389e-12,0.0011942225371538897,0.9988057774579804
P00213,Excellent,1.1316595378334111e-12,0.0003852730334800567,0.9996147269653881
P00296,Excellent,6.576655128020644e-11,0.00801157358799153,0.9919884263462421
P03989,Average,0.998956591595465,0.0010434084032544305,1.2804968092880997e-12
P09262,Excellent,5.433196520543882e-15,2.5907174847839604e-05,0.9999740928251468
P04326,Average,0.9992842332882859,0.0007157667109177499,7.963358470106581e-13
P09592,Good,0.23246078720178154,0.7675360042123291,3.2085858893022536e-06
P08050,Good,0.24260361441643474,0.7573958087089561,5.768746091887725e-07
P03995,Excellent,5.984528000694276e-18,1.4313918064760623e-06,0.9999985686081935
P02075,Excellent,9.873569128262786e-08,0.0942244270841682,0.9057754741801406
P02685,Average,0.9871205028518919,0.012879496916961122,2.311469965278583e-10
P00249,Average,0.9997877932805144,0.00021220671946217296,2.3477539769334688e-14
P06733,Good,0.003701526911311139,0.994660464925192,0.0016380081634968754
P04526,Good,0.013360209944611371,0.9865363283476032,0.0001034617077853645
P02583,Good,0.001269331562922822,0.9975426488814929,0.0011880195555842234
P08826,Average,0.991659181067971,0.008340818179819114,7.522100600830401e-10
P07667,Good,4.610109807786122e-07,0.28289431631445505,0.7171052226745642
P02654,Average,0.9999876393510505,1.236064894898887e-05,4.952034229342568e-16
P02272,Average,0.4708974439438857,0.5290991001189513,3.455937163044252e-06
P04130,Good,5.2216570480749625e-05,0.956908419178537,0.04303936425098225
P01169,Good,0.029011027479293187,0.9704517966885814,0.0005371758321254897
P04479,Average,0.9999999997742539,2.2574611167764867e-10,1.2870136113768143e-26
P05430,Excellent,1.3435417689389821e-14,0.00012205927587855915,0.999877940724108
P02813,Excellent,1.4956605931340326e-15,2.9819275806773972e-05,0.9999701807241917
P07553,Good,0.0014876725149683223,0.9635813987808494,0.0349309287041823
P08624,Excellent,1.6760088953410639e-06,0.3743483118289681,0.6256500121621366
P09642,Good,0.1381298677584966,0.8618655578582886,4.574383214957346e-06
P04251,Average,0.10656597134715026,0.8934288390846469,5.189568202738957e-06
P05382,Average,0.9999989051322188,1.0948677811625412e-06,2.517791880033021e-19
P05993,Excellent,2.6119817156990627e-21,1.7970253216084937e-08,0.9999999820297468
P00735,Good,8.830017642275628e-07,0.5502628175384386,0.4497362994597972
P08083,Good,2.7867990914134687e-07,0.30351952682643046,0.6964801944936604
P07729,Good,0.006541014272825125,0.9927179584560044,0.0007410272711704187
P08447,Excellent,1.6698671905195422e-15,1.5677344670858622e-05,0.9999843226553273
P09212,Good,0.16318630815521265,0.8368089965771357,4.6952676517019585e-06
P02647,Good,0.00019041842314304418,0.9872045461285092,0.01260503544834793
P01090,Average,0.9771795296190873,0.022820470257451358,1.2346140866627255e-10
P04038,Good,9.369233550640512e-06,0.8508643215333594,0.1491263092330898
P07763,Good,0.01947082433344781,0.9804580828934932,7.109277305901175e-05
P05427,Good,0.003266138577392294,0.9965530615434862,0.0001807998791216274
P03187,Average,0.9993802709472774,0.0006197290525386409,1.8400236452732926e-13
P07187,Average,0.45700741027308994,0.5429924804173722,1.0930953778934804e-07
P02345,Good,4.0491452042235806e-05,0.9869015768359289,0.013057931712028757
P07427,Excellent,3.859981285506123e-08,0.3156629560451877,0.6843370053549995
P08196,Good,0.061251725565351904,0.9387068078486684,4.146658597959954e-05
P01367,Excellent,2.7348497183710877e-15,1.8120918050838752e-05,0.9999818790819465
P00399,Good,0.0006012206087684834,0.9877206226755714,0.011678156715660222
P05228,Good,0.07064982674373849,0.929317075748993,3.309750726836447e-05
P03582,Good,0.43422198094556097,0.5657774929037569,5.261506820980757e-07
P03445,Good,0.0010460745584562562,0.995970142778543,0.0029837826630007523
P09256,Average,0.9999999999656222,3.437787251903878e-11,2.290575401050192e-27
P06279,Average,0.9970000947622274,0.002999905174065356,6.370716520721394e-11
P01304,Good,0.9520648778659715,0.047935110480006086,1.1654022339606794e-08
P05585,Good,0.0032982879568156345,0.9957619120009971,0.0009398000421871582
P02225,Good,0.006284883279592991,0.9934727209093126,0.00024239581109438056
P01555,Excellent,3.332165370838491e-06,0.5651614486358769,0.4348352191987523
P04611,Good,0.0033246353532532203,0.9965108838791593,0.0001644807675875866
P08679,Excellent,1.0059072848914283e-18,1.686167827085468e-07,0.9999998313832172
P06837,Average,0.7760005429838429,0.223999408313671,4.870248605696477e-08
P02035,Excellent,4.9110690275158944e-14,0.00020741530705090263,0.9997925846929
P06213,Good,0.004526274367755316,0.994862631936337,0.0006110936959077552
P05323,Average,0.9999999998262017,1.7379827029284529e-10,1.708604073356897e-25
P07746,Excellent,7.511265682681512e-15,3.168196107818849e-05,0.9999683180389144
P06502,Good,0.6757038516199263,0.3242927396988429,3.4086812306859234e-06
P02968,Average,0.30719054912391414,0.6928091557709223,2.9510516359223684e-07
P03135,Excellent,1.8199558430050214e-11,0.0027840017673000034,0.9972159982145005
P04625,Excellent,5.252772661213534e-09,0.043940365440331475,0.9560596293068958
P07978,Average,0.9265438866168888,0.07345610012921883,1.3253892327316762e-08
P07139,Excellent,3.6559632071927416e-07,0.3033192050496536,0.6966804293540257
P05834,Excellent,5.6958869249296555e-06,0.5228195378189222,0.4771747662941529
P05415,Good,0.5008721332398003,0.49912123377644724,6.632983752475848e-06
P05131,Good,0.0023617441671078413,0.9969806865898808,0.0006575692430112774
P05936,Excellent,4.073244037491104e-06,0.7559380048301737,0.24405792192578873
P03700,Excellent,4.369666981885471e-08,0.0750360217560233,0.9249639345473069
P09677,Average,0.9999999999934954,6.5045191155629e-12,2.7983101018011275e-30
P04292,Average,0.8783805756750137,0.12161938632095956,3.8004026803978106e-08
P00559,Average,0.01761974745444175,0.9823208380059567,5.9414539601553345e-05
P03682,Average,0.9999977172635304,2.2827364696702756e-06,1.1557221438555314e-17
P07354,Good,6.927157521285565e-05,0.9493135700599011,0.050617158364886054
P01956,Good,5.1381343703046406e-05,0.9911723144033425,0.008776304252954448
P06191,Good,0.0002241285433849183,0.9953658208736538,0.004410050582961239
P04457,Good,0.12943528397868131,0.8705584437738764,6.272247442321878e-06
P08004,Good,0.00026561404540559693,0.9877343234993258,0.012000062455268608
P06894,Good,0.0001633291928398765,0.964664288068376,0.035172382738784085
P09829,Average,0.9914646687757013,0.00853533091035155,3.139470605776756e-10
P04310,Good,0.0005044913163412267,0.9964309913059034,0.003064517377755308
P05570,Average,0.9999135942474665,8.640575237448534e-05,1.5900734773890604e-13
P04377,Good,0.0022581586849973016,0.9797966608912192,0.017945180423783597
P01453,Average,0.9987989358445546,0.001201064154284705,1.160690084167391e-12
P08123,Good,0.010206603310035523,0.9892927296222099,0.0005006670677546085
P04139,Good,0.0019369337744612023,0.9966450153749712,0.0014180508505676516
P06013,Good,0.537932301655908,0.4620643611615044,3.3371825874833175e-06
P00941,Good,0.007154090974247571,0.9925862294079706,0.00025967961778189906
P09317,Excellent,4.102583962257851e-10,0.007079076263817803,0.9929209233259239
P01110,Excellent,2.780916466807824e-09,0.0428545584819679,0.9571454387371157
P09110,Good,0.00014665263870138653,0.9862447460495688,0.013608601311729755
P00491,Good,0.02161117612262804,0.9783397015051752,4.912237219658969e-05
P07420,Good,0.00032092973886935564,0.9040684231712002,0.09561064708993047
P06954,Excellent,7.581666636750236e-08,0.041693348542161356,0.9583065756411724
P06784,Good,0.812118474238421,0.18788124852578456,2.7723579440479165e-07
P05017,Excellent,6.397586754333248e-11,0.009136550956763946,0.9908634489792603
P04431,Excellent,3.3980005850164535e-09,0.02010321966772868,0.9798967769342707
P00983,Good,1.4537764295175264e-05,0.8004084272482778,0.19957703498742704
P08161,Good,0.9270954882461174,0.07290450348806896,8.265813773866408e-09
P06607,Good,1.671271297059216e-05,0.8993852448337571,0.10059804245327235
P07801,Excellent,1.021615283161346e-07,0.1385632743369776,0.861436623501494
P07466,Excellent,4.90018932783742e-08,0.09107238299069895,0.9089275680074076
P02741,Excellent,2.0862326815596645e-21,1.0673936226752832e-08,0.9999999893260637
P02679,Good,0.01770533247132816,0.9822553782755031,3.928925316871219e-05
P09944,Excellent,8.795168305465457e-14,0.00022322519780343053,0.9997767748021086
P09481,Average,0.4065759093225463,0.5934233320731391,7.586043144667648e-07
P01567,Good,0.013899095218338443,0.9857336057414684,0.0003672990401932361
P04115,Average,0.9964937829231453,0.0035062170695054104,7.349280342193351e-12
P04328,Good,0.003927202047952094,0.9943633632399849,0.0017094347120630961
P05391,Excellent,1.2594075137437227e-06,0.6343091107272515,0.36568962986523484
P01180,Excellent,2.9668565238415024e-13,0.00017725173730412616,0.9998227482623993
P08924,Average,0.7940788558698234,0.2059208210330007,3.230971758938371e-07
P02911,Average,0.8842703598927927,0.11572960989484825,3.021235915086703e-08
P02949,Average,0.999393063717732,0.000606936272833444,9.434746697425323e-12
P00537,Excellent,3.952435541085169e-20,1.0646915609672568e-07,0.9999998935308438
P05629,Excellent,1.496322618558991e-07,0.4471916755566761,0.552808174811062
P09090,Excellent,3.561743685131279e-18,1.010962737567579e-06,0.9999989890372625
P03534,Good,0.00987505186730281,0.9898768944791447,0.0002480536535524013
P05183,Excellent,1.0791345265479431e-17,3.0141828355391305e-06,0.9999969858171643
P06067,Average,0.8743890380030825,0.12561094794616176,1.4050755659301853e-08
P01383,Good,4.308525883268224e-07,0.2544690937126568,0.7455304754347547
P03738,Excellent,3.822708963032266e-07,0.5800410055107439,0.4199586122183598
P03291,Excellent,1.3542269552795324e-11,0.003107543365679239,0.9968924566207785
P04855,Good,1.68962088299485e-05,0.7967788519479748,0.20320425184319524
P02439,Average,0.9998380777700826,0.00016192222988518435,3.2280549721889497e-14
P02006,Average,0.999964192363467,3.5807636532881754e-05,1.445763751969778e-16
P01619,Excellent,5.083063875937319e-10,0.007636571832352856,0.9923634276593406
P08341,Good,2.0056650400895953e-06,0.7618546555289216,0.2381433388060383
P05483,Good,0.01296688240020588,0.9869312305349591,0.00010188706483505664
P08254,Good,0.035655622027927304,0.9642163216149698,0.00012805635710295155
P08666,Excellent,5.432788426870087e-10,0.016507714989868794,0.9834922844668524
P07202,Good,0.000559710399236906,0.9952323634721146,0.004207926128648579
P07380,Good,1.4231350465174252e-05,0.8790249668150123,0.12096080183452254
P09216,Good,0.5344992297536075,0.4654992565929854,1.513653407042638e-06
P05202,Good,0.0003017860387161626,0.9985074867170215,0.0011907272442623648
P06318,Good,0.04046740890131402,0.9595027570992255,2.9833999460443447e-05
P05995,Excellent,1.9411619394247038e-14,6.338094080967739e-05,0.9999366190591711
P07497,Excellent,1.7623737359556836e-17,1.683639303023947e-06,0.9999983163606969
P09171,Average,0.9999999980727274,1.9272726150210454e-09,4.830114608047474e-25
P06360,Good,1.7250120903865786e-05,0.8038509729726319,0.19613177690646427
P06692,Good,0.031048833719526055,0.9688516537984456,9.951248202821977e-05
P03418,Average,0.9353219969052163,0.06467800150544878,1.589335028059034e-09
P04080,Excellent,1.4317127599526598e-16,6.006343603404285e-06,0.9999939936563963
P08898,Good,0.030363400679775252,0.9691515037742853,0.000485095545939486
P03262,Average,0.9952399777487527,0.004760022239111215,1.2136130690855436e-11
P00098,Excellent,4.090924451300383e-14,7.351260976859655e-05,0.9999264873901905
P07858,Excellent,7.820513251665691e-07,0.2349595277934524,0.7650396901552226
P09851,Good,0.02698043700722126,0.9730002756210853,1.9287371693337177e-05
P06009,Good,2.9697241729884845e-05,0.9182964471808996,0.08167385557737038
P04002,Excellent,2.3983516797434125e-24,1.244104816248751e-09,0.9999999987558952
P07483,Excellent,2.790379148998984e-09,0.06814143008714638,0.9318585671224745
P06509,Good,1.5112096236994809e-05,0.9825849336163447,0.01739995428741824
P02383,Excellent,4.998270159480779e-09,0.04058264424826489,0.959417350753465
P05159,Good,0.020731017411268537,0.9791060507989301,0.00016293178980135106
P09015,Good,0.0007485410592805092,0.9955764344473571,0.003675024493362369
P02102,Average,0.9999983328091815,1.667190818553248e-06,7.425769601294487e-18
P08414,Average,0.9995647921755764,0.00043520782343259214,9.90995608439053e-13
P07831,Good,0.044297461011543575,0.9556996334256188,2.9055628376276967e-06
P04556,Excellent,6.446234108441604e-10,0.016229044178661164,0.9837709551767153
P06797,Good,1.3300930861195462e-05,0.7299901755037175,0.26999652356542136
P04133,Good,0.045987158050503886,0.953693053237239,0.0003197887122571018
P08116,Good,7.153770135806419e-07,0.1962391151476862,0.8037601694753002
P09546,Excellent,8.926454579480788e-09,0.05547235847058773,0.9445276326029576
P04997,Good,0.002253030718241847,0.9952773776735172,0.0024695916082410133
P02733,Average,0.9834974985296748,0.016502501234887806,2.3543724726369157e-10
P00125,Good,0.00010482027029797881,0.9818923352976567,0.01800284443204534
P05596,Good,0.05371367018204567,0.9462737947748722,1.2535043082090847e-05
P02234,Excellent,2.0947876414451805e-15,1.5108861358136562e-05,0.99998489113864
P02882,Good,0.03740967274480945,0.9625255596695376,6.476758565303124e-05
P05935,Excellent,6.356482968407408e-08,0.10928479585531903,0.8907151405798515
P02907,Good,0.10316649468458845,0.8968259262336575,7.5790817540132794e-06
P05374,Good,2.600072469654988e-05,0.9139110737277207,0.08606292554758262
P07796,Average,0.9999961140696295,3.88593037041433e-06,1.8101817387679356e-17
P08173,Good,8.351791614743053e-06,0.6785229621279909,0.3214686860803944
P08691,Good,0.06722619624167374,0.9327609350089522,1.2868749374112811e-05
P05703,Average,0.9999681589032835,3.1841096716015746e-05,4.088711627962179e-16
P08378,Average,0.3088509515356065,0.6911478535479093,1.1949164841108701e-06
P09943,Excellent,1.543852406004804e-13,0.00016531320784872827,0.9998346867919969
P04289,Excellent,5.654149634140425e-07,0.25619774713602705,0.7438016874490094
P04818,Good,0.503614338521714,0.49638504144053797,6.200377480315408e-07
P02017,Good,1.9102119439435767e-05,0.9859848028010335,0.01399609507952702
P02672,Excellent,9.820094801139187e-10,0.08171671906264268,0.918283279955348
P07839,Good,0.00286563237794909,0.9966165301999828,0.0005178374220681928
P00729,Excellent,1.3730983266618582e-13,0.0002823001503029533,0.9997176998495596
P04591,Good,0.07527041092779106,0.9246983012004745,3.128787173439699e-05
P06881,Good,8.332763470076512e-06,0.9136748833358787,0.08631678390065137
P00919,Good,7.970733989220277e-06,0.7955454475654343,0.20444658170057656
P06959,Excellent,4.98954746000458e-08,0.23161714023680446,0.768382809867721
P01419,Average,0.9791087877522824,0.02089121203784904,2.0986856425092844e-10
P01128,Good,0.0005313673758770359,0.9967682785307008,0.002700354093422073
P06921,Good,0.0004809478213555598,0.9953059935545892,0.004213058624055303
P02934,Average,0.9990594221442133,0.0009405778557191527,6.764185764627439e-14
P02635,Good,0.010934891400788014,0.9882937473985592,0.0007713612006527836
P07186,Good,7.077296817045872e-07,0.3982262168968388,0.6017730753734795
P08094,Excellent,5.714311116404384e-09,0.09273161195164992,0.9072683823340388
P04954,Average,0.9999934756640294,6.52433597071986e-06,4.2313569118105365e-17
P09601,Excellent,2.5069634537442036e-12,0.0005298111644628196,0.9994701888330304
P03693,Average,0.9948659474419167,0.005134052459591552,9.849187520080082e-11
P04884,Average,0.999979113667815,2.0886332170163686e-05,1.478562899540557e-14
P05689,Average,0.9998520156269506,0.0001479843727228243,3.2663938714343735e-13
P01595,Good,0.32247430948378764,0.6775224220604211,3.2684557912303125e-06
P08955,Good,0.0705534387746008,0.9288156110655708,0.0006309501598284154
P08587,Good,0.04863863585210309,0.9513265376023241,3.482654557284323e-05
P05283,Excellent,4.0847855813459407e-19,5.311923306747729e-07,0.9999994688076694
P03552,Average,0.9966355558305969,0.0033644441654652607,3.937878629625063e-12
P07707,Average,0.9946606732200377,0.005339326732942067,4.7020300725001675e-11
P03233,Good,0.649445106606857,0.35055488094693926,1.2446203719525329e-08
P07357,Good,0.00010274372451649585,0.9960149114682653,0.003882344807218286
P07829,Good,0.19537374973217894,0.8046232732443885,2.9770234324597097e-06
P08938,Excellent,8.225556133211772e-08,0.12615920661570404,0.8738407111287345
P02181,Excellent,1.138523176291629e-07,0.1934036573754976,0.8065962287721847
P05970,Good,0.0008828252566170446,0.9923921859600969,0.00672498878328593
P08165,Excellent,4.541090584686832e-21,4.1268948537015646e-08,0.9999999587310514
P03760,Good,0.0003634037880532459,0.9957839273727678,0.003852668839178982
P05406,Excellent,6.515555249436923e-19,4.1161102988510347e-07,0.9999995883889701
P09895,Excellent,5.586647347602422e-06,0.8006590703724719,0.1993353429801806
P00437,Average,0.792845036688252,0.20715483795269002,1.2535905800372337e-07
P08725,Good,0.6026581324332442,0.39734177031853024,9.724822562188821e-08
P08243,Good,0.00015987014727286708,0.9672509525439734,0.03258917730875361
P00552,Average,0.9999994898985483,5.101014516711904e-07,1.4358934223136846e-20
P09688,Average,0.8991845255366308,0.10081546641519348,8.048175813343085e-09
P03188,Excellent,3.8567061251051854e-11,0.016026864533854882,0.9839731354275779
P01766,Excellent,2.8774561179217873e-11,0.005357632051426207,0.9946423679197992
P02865,Average,0.9984552685775346,0.0015447314182104727,4.2549308841385044e-12
P02851,Good,0.3102375930602145,0.6897597145363445,2.6924034409808612e-06
P01484,Average,0.5118640299457419,0.48813587377734663,9.627691146372391e-08
P07691,Excellent,4.592869196858084e-12,0.003699675408252508,0.9963003245871546
P02833,Average,0.5031126412230797,0.4968850271329736,2.33164394678204e-06
P02952,Excellent,1.506403098278775e-07,0.1343741613293883,0.8656256880303018
P08473,Good,3.7895658859030446e-05,0.9587993788957957,0.04116272544534523
P05853,Excellent,6.476455757319043e-09,0.09535422037458006,0.9046457731489642
P07860,Average,0.9999832323200128,1.6767679985188755e-05,2.0543151640821378e-15
P01051,Excellent,6.907159185738203e-13,0.00034456851370585646,0.9996554314856034
P08076,Good,0.002337992051295818,0.9969175625345961,0.0007444454141080794
P02188,Good,0.16268989793310068,0.8373055853023874,4.516764511929601e-06
P02966,Good,0.002998436582633742,0.9949675409280406,0.0020340224893257404
P01439,Excellent,5.622186053668964e-09,0.03765506139545596,0.9623449329823581
P04903,Good,1.3307191569977516e-07,0.28326571368625714,0.7167341532418271
P02389,Excellent,2.6041411738041848e-11,0.007481088987684543,0.992518910986274
P08352,Average,0.9797693705019845,0.020230629336576184,1.6143912840964918e-10
P03708,Average,0.9545629062392648,0.045437087388472755,6.37226267326606e-09
P01846,Excellent,2.3104014924710655e-12,0.0006615373798274071,0.9993384626178623
P00887,Good,0.007452686835718653,0.9925125272985251,3.478586575635427e-05
P08225,Excellent,7.664584751084701e-06,0.38629868175962373,0.6136936536556252
P05817,Good,0.02075882232081842,0.9790984316693173,0.00014274600986414896
P09419,Good,1.2486894370891092e-05,0.9127754983474039,0.08721201475822522
P02402,Good,9.211735380699997e-08,0.4191989065596319,0.5808010013230143
P08040,Good,0.00041828880281247405,0.9949561139789724,0.004625597218214938
P04670,Good,0.36362029161582793,0.6363715844117555,8.123972416669305e-06
P00769,Good,0.10708246440830822,0.8929172624897249,2.7310196695804087e-07
P02927,Good,9.963462179551303e-06,0.6927900966080686,0.30719993992975175
P08302,Average,0.9870823166612048,0.012917683091149025,2.4764617142265937e-10
P00122,Average,0.999988688858921,1.1311141079010042e-05,3.866624772483054e-17
P05358,Average,0.9973598911242912,0.002640108845089399,3.0619276328474645e-11
P05000,Good,7.584740652731823e-06,0.4569740436613074,0.5430183715980399
P06668,Excellent,6.23047856128296e-13,0.000192539245454161,0.999807460753923
P04901,Excellent,1.8535450857280228e-06,0.4654396771847081,0.5345584692702061
P06790,Good,0.00034840192549612773,0.997149537632531,0.0025020604419727756
P00358,Good,0.22596690734831867,0.7740237402106547,9.35244102674521e-06
P02373,Excellent,1.8799975476587712e-13,0.00018540067797851643,0.9998145993218335
P06433,Average,0.999967674738732,3.232526126276727e-05,5.249916217671588e-15
P06230,Excellent,3.127530534222709e-23,2.7623013127671484e-09,0.9999999972376987
P05410,Good,3.6895464653473465e-05,0.8515395692340644,0.14842353530128222
P09915,Good,1.0333746867617306e-05,0.7189072713751661,0.28108239487796627
P03075,Excellent,1.540456884341745e-10,0.008819989123766123,0.9911800107221882
P06483,Excellent,3.897518651402919e-10,0.0058955154132268464,0.9941044841970212
P06948,Good,6.4016679592893596e-06,0.5545426774959334,0.4454509208361072
P05383,Average,0.9993449610603722,0.0006550389355804155,4.047544506817862e-12
P06494,Excellent,1.4043471106944918e-14,0.00010753602966906771,0.999892463970317
P01027,Good,0.00010642219117428299,0.9258235995183515,0.07406997829047418
P07107,Excellent,3.049294946947522e-08,0.04800992240123828,0.9519900471058123
P01002,Excellent,2.5892876152561906e-08,0.06531247601408834,0.9346874980930354
P00010,Good,0.0711709906701696,0.9287839102421366,4.509908769377814e-05
P02150,Average,0.9999440890127673,5.591098722669437e-05,6.063574537061629e-15
P00695,Good,3.596200450256824e-06,0.40428774559258535,0.5957086582069644
P06428,Excellent,1.1082756917468729e-08,0.07965578669870056,0.9203442022185426
P06740,Excellent,2.8166970571775067e-10,0.00666105491628123,0.993338944802049
P01466,Good,0.21724354898650128,0.7827520564905069,4.39452299177262e-06
P09335,Average,0.9955060009393818,0.004493998992711363,6.790693959305706e-11
P05342,Average,0.9999843776903843,1.562230961444238e-05,1.3631457952525406e-15
P07925,Good,9.081872259618289e-05,0.9136150089848167,0.08629417229258719
P05154,Good,4.766373674030198e-06,0.42485935092167315,0.5751358827046528
P02678,Good,0.005267313213934477,0.9926592443159835,0.0020734424700820106
P04353,Average,0.9999985937609048,1.4062390952902968e-06,2.890456819016372e-18
P02472,Average,0.9999816165097718,1.8383490228058726e-05,2.4615087914991813e-17
P07544,Good,0.022911069550627904,0.9769252730196548,0.00016365742971723862
P02984,Good,2.504664420798931e-05,0.9545137870657795,0.04546116629001252
P07047,Average,0.9999999999999745,2.553962296691984e-14,1.4179650792168628e-34
P04786,Excellent,9.68461081824814e-11,0.00872465677138691,0.9912753431317669
P01179,Excellent,1.413039059938772e-15,9.30113327356447e-06,0.9999906988667251
P05003,Good,0.005089753615125429,0.994804418721683,0.00010582766319158532
P07990,Average,0.9990650890260566,0.0009349109734894878,4.538272424853949e-13
P07519,Good,0.005126531434675535,0.9945968382448768,0.00027663032044761054
P08370,Average,0.9833135414683953,0.016686458431720043,9.988454455431433e-11
P05452,Good,4.8082214078995035e-06,0.8966494774534124,0.10334571432517965
P08828,Good,1.2478222056879688e-07,0.17782054963410707,0.8221793255836723
P05199,Good,0.00012179598128382786,0.9811639943251479,0.018714209693568417
P09637,Average,0.07791700415498119,0.9220199397864394,6.305605857935438e-05
P01246,Average,0.9989893893591372,0.0010106106375963834,3.266374724370081e-12
P06511,Good,4.048270504286917e-06,0.44869258399480266,0.551303367734693
P02399,Good,1.7498549933361657e-05,0.9552503454969955,0.04473215595307111
P07577,Good,0.007562299629335677,0.9915234463203068,0.0009142540503575502
P06940,Average,0.9993428294660038,0.0006571705334478215,5.483656024939926e-13
P02380,Good,0.01889077301488751,0.9809333128515947,0.00017591413351774303
P08610,Good,0.021756673903314087,0.9782155311254517,2.7794971234291327e-05
P08312,Good,0.6502584635536421,0.3497410374376113,4.990087466260109e-07
P05957,Excellent,2.330933379772734e-08,0.14122211601494125,0.8587778606757249
P06480,Average,0.9981919839692028,0.001808016019425263,1.1371935485794263e-11
P07782,Average,0.9999991438037078,8.561962922011658e-07,7.901449887994979e-19
P09528,Average,0.3577494718226436,0.6422442915986193,6.2365787370463835e-06
P02445,Good,0.00484823971284159,0.9950396815583864,0.00011207872877198699
P02223,Good,0.027122731643751462,0.9727630407987312,0.00011422755751726088
P04862,Good,0.014429047734417746,0.9854606274985873,0.00011032476699483269
P08369,Good,0.11830381620242293,0.8816827799504674,1.3403847109680869e-05
P07036,Good,5.2421311286326067e-05,0.8378027403799267,0.16214483830878684
P03885,Average,0.9976685678266599,0.0023314321679581917,5.381717021414945e-12
P02526,Average,0.9913919195444939,0.008608080377711007,7.77951464958685e-11
P04358,Average,0.9496284887826693,0.05037151033669764,8.806332058736143e-10
P07040,Average,0.9999767013351442,2.329866485505819e-05,7.995638341641827e-16
P00814,Good,7.178737777875336e-05,0.9665635115676244,0.03336470105459679
P04520,Excellent,7.906189115010582e-17,7.125465362727471e-06,0.9999928745346373
P09282,Average,0.982584732746135,0.017415267023347905,2.3051719581959e-10
P09886,Excellent,6.303005815057712e-11,0.004291407182947171,0.9957085927540227
P01596,Excellent,1.3878129464620137e-15,3.052225295640839e-05,0.9999694777470423
P00935,Excellent,2.7997904844998484e-09,0.023399564908412832,0.9766004322917968
P08096,Excellent,2.3516968660286128e-09,0.009115300949807371,0.9908846966984959
P07039,Good,0.14107340336321336,0.8589255466938132,1.049942973490865e-06
P09714,Average,0.9999992841413132,7.15858686694225e-07,1.5654537228495141e-18
P01585,Good,0.0015601751403408796,0.9969242373396081,0.0015155875200509668
P03822,Good,0.00023513242520624783,0.9942289660115291,0.00553590156326474
P08524,Good,0.003496748535030867,0.9959529694013854,0.0005502820635838071
P09924,Good,0.0009813943039753122,0.9963495026110122,0.0026691030850123677
P06016,Average,0.9995927671714471,0.000407232828184199,3.6874564592396563e-13
P02902,Excellent,2.5833943867074835e-08,0.04418586246660472,0.9558141116994514
P09597,Average,0.7352113141656565,0.2647885255933698,1.602409737866835e-07
P05719,Average,0.9999990556946481,9.443053518617989e-07,3.084819519209356e-19
P03777,Average,0.9991115337940651,0.0008884662049872012,9.477880008937446e-13
P07460,Good,0.004676257768249671,0.9949102574843665,0.00041348474738383417
P07266,Good,0.0013213580001900712,0.9942303127667075,0.004448329233102443
P05547,Average,0.8929864786346444,0.10701349429091181,2.7074443804964663e-08
P08002,Good,0.4794876605832564,0.520511096943487,1.242473256568074e-06
P09115,Excellent,2.6938660198478667e-08,0.19991235893133968,0.8000876141300002
P01066,Good,0.38214123184758925,0.617857391329835,1.3768225757761803e-06
P07347,Good,1.0313132820772231e-05,0.818478087846733,0.18151159902044622
P07955,Excellent,9.527707399499765e-15,8.261285851812183e-05,0.9999173871414725
P07230,Excellent,2.515596203963602e-19,1.1189851573015176e-07,0.9999998881014843
P07841,Good,0.27052217275993673,0.7294760952876447,1.7319524185449453e-06
P09789,Average,0.9886207648050972,0.011379235077369473,1.1753323035649233e-10
P04609,Average,0.9998982564964259,0.00010174350356996525,4.058541036648143e-15
P09961,Good,0.0005892174962266869,0.9963537744326478,0.003057008071125449
P00564,Excellent,3.5609516790445916e-08,0.1071528976686863,0.8928470667217969
P02260,Good,0.13333261645995423,0.866663889425852,3.4941141937292567e-06
P04504,Excellent,1.5017476609627208e-09,0.007922544582580718,0.9920774539156716
P05045,Excellent,1.5961209777558011e-12,0.0002768277999551858,0.9997231721984489
P02992,Good,5.856618648247453e-05,0.9900003650065987,0.009941068806918923
P06610,Excellent,2.682126805033204e-15,1.394990065861859e-05,0.9999860500993386
P07827,Good,0.0006955645816332182,0.9983619856958837,0.0009424497224830052
P06087,Good,0.4298573408151567,0.5701422266631475,4.325216957994511e-07
P09473,Good,0.00018963965379588282,0.9895250002206203,0.010285360125583768
P02173,Good,0.0009730138583578187,0.9961299140146911,0.0028970721269511285
P08637,Excellent,2.0530039388436043e-11,0.007944053014357496,0.9920559469651125
P03022,Good,0.7785714907351867,0.22142846142789835,4.783691472217314e-08
P03650,Good,6.716975184933995e-07,0.5743241712040473,0.4256751570984341
P08602,Average,0.9925619923132615,0.00743800766206826,2.4670356549872948e-11
P02436,Good,6.00061291983594e-07,0.7603603661923471,0.23963903374636086
P08889,Good,0.012079027598993281,0.9871640225748008,0.0007569498262059144
P09307,Excellent,4.3728735650607105e-13,0.00017848436459691513,0.9998215156349658
P08594,Average,0.9999987420021648,1.2579978351165798e-06,3.3843139249409775e-19
P00425,Average,0.999999655579793,3.444202069093584e-07,7.486911897341552e-20
P06775,Excellent,2.002436297280347e-05,0.9674577347795011,0.03252224085752605
P05762,Excellent,1.3101322202931358e-10,0.03172219221224996,0.9682778076567368
P04921,Excellent,2.1269872757076593e-14,0.0001363005173634104,0.9998636994826152
P03544,Good,0.0227955241972761,0.9771979518453906,6.523957333302232e-06
P06322,Good,0.00010712367033371281,0.9663852416200971,0.03350763470956924
P06030,Excellent,5.122477161066439e-07,0.30969776464513266,0.6903017231071513
P01881,Excellent,6.616754971859156e-16,7.928052698705286e-06,0.9999920719473007
P02754,Good,0.001407834909825474,0.9977749802973978,0.000817184792776702
P08510,Excellent,6.513261675624189e-10,0.01275003899495309,0.9872499603537207
P08408,Good,0.00017188273925397004,0.9097596771175703,0.09006844014317578
P06669,Excellent,5.986156578740328e-08,0.2519433012901001,0.7480566388483341
P06290,Good,0.0064553001387685684,0.993424006520659,0.00012069334057249903
P04598,Average,0.9999998934741559,1.0652584422872578e-07,8.37293865546828e-20
P00086,Good,0.009849284876892777,0.9901082370173082,4.24781057989777e-05
P07250,Good,0.10798760792433684,0.8919870412923933,2.5350783269914992e-05
P09001,Excellent,2.369509099075907e-09,0.018329638861289504,0.9816703587692015
P09964,Good,0.19699589828125041,0.8029631035960966,4.099812265302966e-05
P09523,Good,0.023344325889992596,0.9766495599842393,6.114125768127012e-06
P06608,Average,0.9862314469311824,0.01376855126723825,1.801579275251716e-09
P01160,Excellent,1.9196168540703332e-07,0.24919266978877647,0.7508071382495382
P09310,Average,0.08217738701688683,0.9178218451823394,7.678007738427888e-07
P05252,Excellent,4.4330459897508815e-10,0.008367516669787254,0.9916324828869081
P00050,Good,0.10256338633762216,0.8974173114849094,1.930217746833624e-05
P02253,Excellent,1.6965329810137331e-18,5.167473520948629e-07,0.9999994832526479
P02781,Good,0.0065833719853952855,0.9911573425606046,0.0022592854540002105
P02250,Excellent,6.996452409707596e-10,0.016264738069555074,0.9837352612307997
P01963,Good,0.3551340504467457,0.644856492550635,9.457002619166536e-06
P02003,Good,5.841264911980197e-05,0.9842821280987792,0.015659459252100938
P06680,Average,0.9999946625497009,5.3374502990082115e-06,3.9874547843356266e-17
P06312,Good,0.5283954266501503,0.471603912248144,6.61101705606574e-07
P07510,Good,0.007006709710875312,0.9925835678180623,0.0004097224710624375
P09797,Average,0.9998930922714996,0.00010690772847319184,2.7347564010915438e-14
P00193,Average,0.9806963369980084,0.019303662750771916,2.512197439823579e-10
P05871,Excellent,2.113302922394671e-18,6.523592021346672e-07,0.9999993476407979
P06358,Excellent,9.045837553870738e-15,4.291566792302894e-05,0.9999570843320678
P01838,Good,0.0019871716673394314,0.9962568808437243,0.0017559474889362995
P09571,Average,0.9999998980362048,1.0196379524319418e-07,3.1829129199108344e-20
P03182,Good,0.021484076969581527,0.9784821512897286,3.377174068992042e-05
P00155,Good,0.0012679941716912352,0.968831057403941,0.0299009484243678
P07078,Good,0.00011895849477255537,0.9907526517317643,0.009128389773463235
P02053,Good,0.020085627927437073,0.9799018466515094,1.252542105360159e-05
P03278,Good,0.002139251266416949,0.984070448932308,0.013790299801275026
P06162,Excellent,1.1122946228474412e-07,0.15891677888138903,0.8410831098891486
P06941,Good,0.6386285974181014,0.3613711114109731,2.911709255380208e-07
P03960,Average,0.9838923910751007,0.016107608864408166,6.049088449344491e-11
P01576,Good,0.02052683779275551,0.9793981983425694,7.496386467510992e-05
P06098,Average,0.9997562433279666,0.00024375667200710323,2.611427551514535e-14
P09213,Good,8.556093416940105e-07,0.25532817462071467,0.7446709697699436
P09949,Average,0.9997174915269676,0.00028250847283289474,1.9933260581401017e-13
P05654,Good,0.07368367094589075,0.9262469856373973,6.93434167119012e-05
P03840,Good,0.0017099131193617054,0.9964756503524167,0.0018144365282217502
P01579,Excellent,9.465857550144657e-11,0.0047158109355057015,0.9952841889698356
P00004,Excellent,1.4236878442995045e-08,0.03879275087432266,0.9612072348887988
P04356,Excellent,5.9841865935911786e-15,2.7794959008616824e-05,0.9999722050409855
P08170,Good,3.9746092742423254e-05,0.9719416613581816,0.02801859254907604
P07326,Excellent,4.883758880771074e-06,0.8339392996119805,0.16605581662913854
P01070,Excellent,2.435976102666243e-20,7.421820396817151e-08,0.999999925781796
P02923,Good,0.9134432958307703,0.08655652740862525,1.7676060455855676e-07
P06795,Excellent,4.050458015292989e-19,4.130267717207366e-07,0.9999995869732284
P05295,Good,0.01612545391040993,0.9837871403496954,8.740573989463418e-05
P02729,Excellent,6.912532688749142e-08,0.12942260264453995,0.8705773282301331
P03617,Good,8.15568853744558e-06,0.8589148964505353,0.1410769478609273
P07700,Good,0.12604992609228496,0.8739442492930302,5.824614684912334e-06
P09593,Excellent,1.0496064871391336e-06,0.6137460020106073,0.38625294838290564
P09708,Average,0.9373177981014966,0.06268220050930615,1.3891973361190092e-09
P06119,Excellent,9.53025705969526e-11,0.0028695474484130264,0.9971304524562844
P04987,Good,0.0033788748635012063,0.9956923228907533,0.0009288022457454218
P06778,Good,0.008573806309334148,0.9911908398230976,0.00023535386756815484
P05916,Good,1.4980225759249054e-05,0.8830032368077708,0.11698178296646997
P02520,Good,0.0009792547610398708,0.9956129278246638,0.0034078174142963677
P03231,Average,0.991877900181163,0.008122099729332793,8.95041471737844e-11
P05451,Excellent,1.933762011592642e-07,0.2024446564740597,0.7975551501497393
P09120,Excellent,3.886373333526334e-18,1.1545404167917655e-06,0.9999988454595832
P05932,Excellent,1.0265982968578736e-12,0.0020723640306946987,0.9979276359682787
P04867,Excellent,8.628638559618104e-18,1.059441868697422e-06,0.9999989405581313
P08306,Excellent,4.688561395173182e-10,0.015247614241957919,0.9847523852891858
P08719,Excellent,5.47052790710784e-07,0.19821501718299828,0.8017844357642109
P01512,Average,0.5831249364263867,0.41687474736491653,3.1620869672741287e-07
P01849,Excellent,4.013638568046154e-09,0.019985752672975827,0.9800142433133857
P00404,Average,0.9998530613377657,0.00014693866214493092,8.917512137642127e-14
P08766,Good,0.7996579603337883,0.20034203708858883,2.577622719847789e-09
P04369,Good,0.0017613878037465128,0.9979452581636558,0.0002933540325977068
P03770,Excellent,9.728091453147728e-11,0.004394448903591851,0.9956055509991272
P08010,Excellent,1.1338154437059943e-10,0.005077438671221817,0.9949225612153966
P05322,Good,7.394233216592459e-06,0.9074672789044291,0.09252532686235425
P09879,Average,0.9999999999996054,3.9447378163373895e-13,1.0536054059112981e-32
P04874,Good,0.0014243616743459383,0.9968590531759276,0.001716585149726413
P02066,Excellent,1.343484576204222e-16,1.0566016350594498e-05,0.9999894339836491
P00433,Good,2.390236875564635e-05,0.7273018416747259,0.27267425595651856
P05219,Excellent,1.1776903286793003e-14,7.941661534910789e-05,0.9999205833846391
P00763,Excellent,3.3327444257405736e-08,0.06764548086324013,0.9323544858093157
P03913,Good,0.00036443702377330516,0.9945333869549121,0.005102176021314627
P01211,Average,0.9999999819633144,1.8036685603027227e-08,1.1285056027230069e-22
P00087,Average,0.8984612197769719,0.1015387771660675,3.0569606301964975e-09
P01249,Good,0.00485043057540253,0.9948851087926907,0.00026446063190685535
P07002,Average,0.9756593946913583,0.02434060465351175,6.551298714824758e-10
P01264,Good,0.0011289899575568597,0.9913289480934234,0.00754206194901962
P07021,Good,0.5241018582132622,0.4758952629482844,2.878838453453801e-06
P02514,Good,0.1211148235291563,0.8788758170205067,9.359450337160432e-06
P01816,Good,1.5245801564245651e-05,0.7841424265127269,0.21584232768570874
P08744,Average,0.9999539618043695,4.6038195629380536e-05,1.1117505489535088e-15
P02646,Average,0.9998150562730894,0.00018494372668642842,2.2400325614738893e-13
P02730,Good,0.0011954795774516745,0.996738138803057,0.002066381619491397
P07140,Excellent,2.484585361094951e-20,7.468580049917264e-08,0.9999999253141996
P00044,Good,0.0006006407380213652,0.998747319147026,0.0006520401149527736
P06553,Good,0.0002155941614098688,0.9765984904171187,0.023185915421471432
P00850,Excellent,6.683538198879129e-18,1.2679199353183634e-06,0.9999987320800647
P04109,Excellent,8.515525492553034e-15,2.698690042907911e-05,0.9999730130995624
P07396,Average,0.999999999575298,4.2470209896552e-10,3.0893567387068173e-25
P06976,Average,0.28563595483300847,0.7143593585549348,4.686612056605018e-06
P08108,Average,0.9990379787327793,0.0009620212632199011,4.000734931244902e-12
P07583,Excellent,4.9105733626898184e-08,0.0726828838473724,0.927317067046894
P00090,Excellent,1.439815541573108e-11,0.001561918852030588,0.9984380811335714
P00533,Excellent,7.264804261605977e-15,1.3604251925038168e-05,0.9999863957480677
P06462,Good,0.0024872482851303166,0.9973697283614312,0.00014302335343852415
P05859,Good,5.4531745327220606e-05,0.9558374297582829,0.044108038496389904
P02184,Average,0.999998540095551,1.4599044489592856e-06,8.808351054588776e-18
P01899,Good,0.7098293303153179,0.2901702895521058,3.8013257629820746e-07
P09366,Good,0.000797802299820487,0.9989578950396194,0.00024430266056019894
P04293,Average,0.9980233129301914,0.001976687069670616,1.377723107878938e-13
P00356,Good,0.00029031766832438445,0.9653584685143638,0.03435121381731173
P02030,Good,0.005890721028046716,0.9939958372239841,0.00011344174796915853
P04576,Average,0.9999999119269907,8.807300929921148e-08,1.073324496671155e-21
P09367,Excellent,1.477110110608566e-13,0.0009865720821533705,0.9990134279176988
P08344,Good,0.0003262499596835752,0.9854176515824504,0.014256098457866068
P08011,Good,0.000265472538723799,0.9994280906438665,0.00030643681740971434
P00709,Average,0.9702756719530952,0.029724326688944706,1.357960205585661e-09
P07822,Good,0.0028987254597833767,0.9958228742626792,0.0012784002775373742
P09602,Excellent,9.257976590001705e-10,0.010522205303423574,0.9894777937707788
P09831,Excellent,5.355737172357415e-13,0.0001730395838257656,0.9998269604156387
P01366,Good,0.00026735605248505705,0.9964596900323449,0.0032729539151700664
P03591,Excellent,5.79587989457647e-10,0.01039602002090463,0.9896039793995075
P07647,Good,0.0011762641438204154,0.9967926481405293,0.002031087715650347
P04978,Average,0.9996557663104082,0.00034423368931997,2.718090541727055e-13
P06636,Good,0.00014431188091731424,0.9855642232371178,0.014291464881964814
P09771,Good,0.009054524347903568,0.9908564286033106,8.904704878585521e-05
P07046,Good,0.8807102179380868,0.11928950437335946,2.776885536826082e-07
P00216,Excellent,3.189596662067633e-08,0.0796234782367228,0.9203764898673105
P06026,Average,0.9999526661699412,4.7333830053690104e-05,5.1976214095055175e-15
P08677,Good,0.09315776399847235,0.9068358061536422,6.429847885411568e-06
P09703,Average,0.999999990768282,9.2317179908026e-09,5.667653377579574e-22
P04116,Good,0.004245001672990911,0.995222161558405,0.0005328367686041499
P02627,Excellent,1.7319522504448258e-06,0.43336280339341615,0.5666354646543333
P06190,Average,0.9981374775590331,0.001862522430761388,1.0205535781496557e-11
P07260,Excellent,1.2149999049250735e-05,0.7636261038121905,0.23636174618876019
P07736,Excellent,1.4362432732737528e-07,0.20490252078582405,0.7950973355898485
P00598,Good,0.06496769727883979,0.9349942206945098,3.808202665052533e-05
P05168,Good,0.3551255165205767,0.6448626271450372,1.1856334386213248e-05
P07764,Excellent,2.2553182614415423e-09,0.011884492487349954,0.9881155052573317
P00170,Excellent,2.4064701774298083e-07,0.16661710012494277,0.8333826592280396
P05926,Good,0.1003373880789426,0.8996431116477261,1.9500273331349683e-05
P05498,Excellent,3.060416560320928e-11,0.0035125178799293643,0.9964874820894664
P03477,Excellent,6.617193254437209e-12,0.0018732924946112553,0.9981267074987715
P08313,Average,0.9968760885337954,0.0031239114210304436,4.5174173150323626e-11
P07246,Good,0.00011189885670256854,0.9757707420932985,0.024117359049998833
P03782,Excellent,4.43371027142823e-06,0.8110163844232751,0.18897918186645346
P07259,Average,0.9723002851513096,0.02769971431600506,5.326853002617129e-10
P00059,Good,4.608145848603572e-06,0.5628788371180934,0.43711655473605804
P07189,Excellent,2.5525061099495527e-13,0.00033283974970625213,0.9996671602500385
P03353,Good,0.00029124284873393365,0.993562788728026,0.006145968423240189
P09285,Average,0.9994336755990694,0.0005663244009234544,7.0872380300219926e-15
P02507,Excellent,4.6859908584710985e-15,3.6583707745866564e-05,0.9999634162922494
P06967,Excellent,1.968424815599708e-14,0.0002801180816402282,0.99971988191834
P00151,Average,0.9078045446209613,0.09219545010003118,5.279007579685158e-09
P02796,Excellent,2.8534118093418408e-11,0.0032419656323259913,0.99675803433914
P00028,Good,0.719207163533254,0.28079273846346703,9.800327897845298e-08
P01073,Good,8.790052406021412e-05,0.9245253413660635,0.07538675810987629
P02560,Good,0.001255321129057074,0.9965078540159154,0.0022368248550274673
P00037,Excellent,1.897595446703803e-16,1.959745021981574e-05,0.9999804025497799
P04975,Excellent,5.9043282991996864e-08,0.16504083476931206,0.8349591061874049
P04769,Excellent,1.0070800598931859e-18,1.2826006020809402e-07,0.9999998717399399
P07020,Average,0.7266252929978971,0.27337468429673967,2.2705363160102016e-08
P08244,Average,0.9996435212077656,0.0003564787917901761,4.4429522013229923e-13
P08107,Excellent,1.7200834244599878e-08,0.09585696408765866,0.904143018711507
P09186,Good,0.6899235679133239,0.3100763549021314,7.718454465918767e-08
P04015,Average,0.9056432447955938,0.09435673792420078,1.7280205442155916e-08
P02300,Excellent,1.637196562364529e-11,0.001467642608979924,0.9985323573746481
P07638,Good,1.3949172843244693e-06,0.5483089694108928,0.45168963567182285
P02418,Average,0.9999999419889003,5.8011099749950886e-08,2.4968822413121062e-20
P01479,Good,0.001911405790905389,0.9910044375730451,0.007084156636049448
P02609,Good,4.819085779537829e-06,0.6136030769972951,0.3863921039169253
P09970,Average,0.8897894646015376,0.11021052846552037,6.93294181225907e-09
P02883,Excellent,1.028993206551578e-16,2.379972284744109e-06,0.9999976200277153
P07180,Excellent,1.5208808837808507e-10,0.010259295570711867,0.9897407042771998
P03257,Good,9.915390552886907e-07,0.25894522114165347,0.7410537873192912
P00555,Excellent,1.576648228445577e-15,1.621813040793868e-05,0.9999837818695905
P05039,Excellent,3.7168763770283085e-07,0.2626968828418745,0.7373027454704878
P09749,Average,0.9696556358132836,0.030344358297565432,5.889150879082103e-09
P09426,Excellent,7.428599419253244e-09,0.02797317442084934,0.9720268181505513
P03497,Average,0.997024145472238,0.002975854478435648,4.932629727101833e-11
P05688,Excellent,4.736745060789876e-08,0.09620540624898902,0.9037945463835603
P02603,Good,0.0016264711648404566,0.9979305602442154,0.0004429685909441783
P06164,Good,0.17923398041423227,0.8207635266852013,2.4929005664074695e-06
P01356,Good,4.80274974872314e-06,0.9021519709773499,0.0978432262729013
P08628,Excellent,6.019795049824535e-12,0.0010586361586024608,0.9989413638353778
P01987,Excellent,4.707206310071119e-08,0.13739206792293773,0.862607885004999
P01465,Good,7.429137088089095e-05,0.9353182705134891,0.06460743811562991
P00627,Excellent,4.428916197693303e-08,0.11581997256400928,0.8841799831468288
P05079,Good,0.00046743843566414076,0.9968567714772536,0.0026757900870822307
P06683,Excellent,5.872892006178048e-07,0.3791610952192187,0.6208383174915806
P04099,Good,7.421913675846899e-07,0.5459690393271124,0.45403021848152
P01656,Good,7.239971426119266e-06,0.8070662703995944,0.1929264896289794
P04392,Excellent,5.6982795279548685e-18,2.145069482281835e-06,0.9999978549305176
P05369,Average,0.9999930398274521,6.960172547841359e-06,5.74502462989896e-17
P06453,Good,0.968730760820687,0.03126923560266824,3.576644687186764e-09
P09389,Excellent,2.95758239246274e-10,0.013319447911995482,0.9866805517922463
P00449,Average,0.999998800731812,1.199268187962914e-06,8.689928093609702e-19
P03160,Excellent,8.965004541936476e-10,0.02588106730857521,0.9741189317949243
P01382,Excellent,4.525990710340918e-12,0.003761642405699769,0.9962383575897742
P05141,Good,0.00161552737073623,0.9979965244003843,0.0003879482288793063
P01999,Excellent,6.825458248199187e-09,0.03465720925397065,0.965342783920571
P00041,Excellent,3.974510065254969e-15,7.0913694653378154e-06,0.9999929086305307
P09591,Average,0.9883078130834297,0.011692185460972303,1.4555981635144128e-09
P09967,Good,4.341437560626029e-05,0.9708562057802473,0.029100379844146512
P07348,Excellent,1.8138569382139768e-06,0.6884907610414446,0.31150742510161716
P09141,Average,0.9884792208503949,0.011520778492674631,6.569305562364217e-10
P08648,Good,0.8045529195063149,0.1954470388046062,4.168907883669404e-08
P02095,Good,1.4815254131658442e-05,0.7888702929972639,0.21111489174860448
P06719,Good,0.00028974859543256734,0.9849502563055171,0.01475999509905021
P09604,Average,0.8287194485731246,0.17128053112740788,2.0299467379583262e-08
P05195,Average,0.9994668019967711,0.0005331980019035574,1.3253474317381924e-12
P09378,Average,0.9924061358162408,0.0075938641358177525,4.794138134592108e-11
P01007,Good,0.09317590621028717,0.9067655510415294,5.854274818344002e-05
P08139,Average,0.9999999999394684,6.053164748237137e-11,1.4874272079365236e-27
P05218,Average,0.8972407393954243,0.10275924750294722,1.3101628559629506e-08
P07956,Good,0.03074626389259486,0.9692457726427551,7.963464650111325e-06
P01276,Good,0.0003768429192673336,0.9980968094510116,0.001526347629721066
P04586,Excellent,4.878173401864186e-12,0.0009651468693284064,0.9990348531257933
P04699,Average,0.8716572436753547,0.1283426711210414,8.520360400083241e-08
P05321,Good,8.839109544811065e-08,0.12030568449021305,0.8796942271186915
P04985,Excellent,8.751214670674712e-07,0.3062966418300937,0.6937024830484393
P08106,Good,0.0019486213126650503,0.9974439787887475,0.0006073998985874265
P00365,Good,0.008821225838351642,0.9910534998441078,0.00012527431754053847
P08031,Good,0.018249126325250963,0.9817234686261153,2.7405048633764008e-05
P07101,Excellent,1.2869909972953614e-16,1.0617280628425071e-05,0.9999893827193713
P04201,Good,0.00023471467359683737,0.9971087483014591,0.0026565370249441445
P05143,Excellent,7.46705310592543e-09,0.022130211570610934,0.9778697809623361
P03809,Good,2.3230065455830233e-06,0.6028555227240345,0.39714215426941984
P06798,Good,5.3303483852917416e-05,0.9334541824446102,0.0664925140715368
P00517,Good,0.2469332954759569,0.7530642787851618,2.42573888132669e-06
P01060,Good,8.343692777399254e-05,0.9769513210943748,0.022965241977851346
P09980,Excellent,3.193507822221846e-14,0.00013140522402848388,0.9998685947759396
P04959,Good,0.00117666224974217,0.9706901255748417,0.028133212175416117
P02680,Average,0.9999499874855082,5.001251448980158e-05,2.0800259430288503e-15
P07504,Good,5.610776901040504e-06,0.7465418250753368,0.25345256414776207
P05741,Good,0.00020304086042779583,0.994748664776297,0.005048294363275246
P04730,Good,0.010494653104710256,0.9893879164669183,0.00011743042837154132
P01266,Average,0.999579780274506,0.0004202197250016602,4.923558072537529e-13
P06473,Average,0.9926246120002933,0.007375387967374438,3.233237495667005e-11
P05937,Average,0.46560711748106687,0.5343921346772272,7.478417058404416e-07
P09979,Average,0.9890793634608483,0.010920636449572784,8.957895894185238e-11
P02233,Average,0.9999999999988378,1.162224632973444e-12,4.437359294606539e-30
P05120,Excellent,9.187500133552705e-13,0.0005048080432612827,0.9994951919558199
P08809,Good,0.0002569036439640321,0.9803480781932198,0.019395018162816136
P04575,Good,0.00037664869426572406,0.9937601491139295,0.005863202191804735
P08850,Good,0.0015905725842980038,0.9975435506540636,0.0008658767616383279
P07973,Average,0.9988509454065996,0.0011490545756358036,1.7764698208084256e-11
P03458,Excellent,1.841589257755618e-13,0.000325443560161489,0.9996745564396543
P00123,Good,0.12182982364955802,0.8781676330885259,2.5432619160794083e-06
P00252,Average,0.07781681732715134,0.9221573046004312,2.58780724173517e-05
P05652,Average,0.9879356679888088,0.012064331734840063,2.7635114937832314e-10
P02837,Excellent,1.2308646111520829e-08,0.05971121386480729,0.9402887738265467
P05009,Good,0.0002269141291482443,0.9811062701836878,0.018666815687164065
P08816,Excellent,9.619040684514873e-13,0.00023253417201983314,0.9997674658270183
P09018,Good,0.37351371103355235,0.6264858591447412,4.2982170634748517e-07
P06799,Good,0.00030190167019972073,0.9943586507448149,0.005339447584985234
P04847,Excellent,1.2241703874408163e-07,0.23974744799058043,0.7602524295923808
P00642,Good,0.013467634801418875,0.9862899084693738,0.00024245672920728223
P08819,Good,0.34071721385718934,0.6592786233425368,4.16280027377726e-06
P03862,Good,0.7003895858679634,0.29961018170634124,2.3242569537448756e-07
P01306,Good,2.674829596388536e-05,0.9626697706989319,0.037303481005104125
P07327,Good,0.003798326030932457,0.9940606498036081,0.0021410241654594327
P01961,Good,0.044407891259737944,0.955371293383058,0.0002208153572039127
P02413,Average,0.8545067629854823,0.1454931725532326,6.446128497364191e-08
P08029,Excellent,3.101789616524626e-09,0.08534711396844753,0.914652882929763
P05392,Good,3.9432393250814695e-07,0.5743704277668559,0.4256291779092117
P04538,Good,0.24206894137594512,0.7579126007201353,1.8457903919516155e-05
P04056,Excellent,2.181250058064153e-12,0.0008360566963249641,0.9991639433014936
P02942,Excellent,3.118544280042479e-18,6.814202944648444e-07,0.9999993185797056
P06108,Good,0.004078207033058793,0.9947341526129951,0.0011876403539460808
P06725,Excellent,4.7087040109849314e-17,3.7876145387691647e-06,0.9999962123854613
P06122,Average,0.03822841802256101,0.9617639212083919,7.660769047042524e-06
P06890,Excellent,6.797651512513331e-14,0.00010827394671684954,0.9998917260532153
P08756,Good,8.505801493170944e-06,0.6692068670098594,0.3307846271886473
P00878,Excellent,1.0185183825252593e-15,5.76551464873171e-05,0.9999423448535115
P00731,Excellent,6.086967198085068e-09,0.02891507164308631,0.9710849222699464
P04276,Good,0.0004194968387776851,0.9986315322900938,0.0009489708711283712
P01918,Good,0.00013460467842183675,0.9813796579373816,0.018485737384196493
P04851,Good,0.8665243915565638,0.13347556319652623,4.524690988831771e-08
P07511,Excellent,8.780097476108645e-11,0.012910799317474287,0.9870892005947247
P06446,Good,3.069672259177222e-07,0.27368315889092004,0.726316534141854
P07970,Excellent,1.6651948407982503e-21,2.161058719088902e-08,0.9999999783894127
P05324,Excellent,1.577245538546656e-07,0.15212195135156004,0.8478778909238862
P00888,Good,0.004967844556688519,0.9947878259759201,0.0002443294673915019
P08433,Good,0.00021569412411967317,0.9744019044370665,0.025382401438813807
P01831,Excellent,2.3373958031e-12,0.0005171910052858875,0.9994828089923766
P09669,Good,4.681363410347472e-05,0.6895552218505643,0.31039796451533214
P05272,Good,8.102349587512583e-05,0.9713517431777838,0.028567233326340948
P05962,Good,0.002911955976875135,0.9960787866917566,0.0010092573313681328
P03457,Good,0.13990263421256474,0.8600894161256475,7.949661787724393e-06
P05044,Average,0.9999513250471609,4.867495283802392e-05,1.169809328211325e-15
P00357,Good,0.0003481228219608612,0.998374233051451,0.00127764412658806
P04779,Good,0.004600505596896813,0.9914460985327073,0.003953395870395987
P06295,Excellent,1.1012966022916343e-07,0.08960978953149895,0.9103901003388408
P06116,Good,0.00013020029276148866,0.9719205984246057,0.02794920128263281
P01542,Good,0.004384852738347905,0.9951559463652294,0.0004592008964225884
P04940,Good,0.0033379558708842047,0.993405594626619,0.0032564495024967302
P08169,Good,1.0122851415413521e-05,0.6974561897886012,0.3025336873599834
P02467,Good,0.002077870450510138,0.9969949476327534,0.000927181916736474
P05457,Good,0.734220719764019,0.265778988895467,2.9134051392226575e-07
P07406,Good,0.001038913114267812,0.9984270374313455,0.0005340494543865278
P00479,Good,8.259582355405281e-08,0.17676030766351922,0.8232396097406574
P03150,Average,0.9058033253608437,0.09419655689360396,1.1774555239772784e-07
P00079,Good,0.00544669817826256,0.994188710189906,0.0003645916318315147
P08321,Good,0.03677556309596781,0.9632141940161518,1.0242887880432906e-05
P06184,Average,0.987764899202994,0.01223509863324785,2.163758211862823e-09
P02746,Good,0.0007012441154182536,0.9855681853994577,0.013730570485123975
P05083,Average,0.9999921798146254,7.820185374503028e-06,1.2236253905205589e-17
P00067,Good,0.004594525872814351,0.9947593821465855,0.0006460919806001992
P07172,Good,0.14132738978345621,0.8586639712206211,8.638995922651698e-06
P01014,Average,0.9466536462328893,0.05334635195793431,1.80917636239765e-09
P04337,Excellent,4.221974592191493e-12,0.0008710406056236043,0.9991289593901543
P00190,Excellent,2.3615063977669274e-08,0.07218653037850163,0.9278134460064345
P00650,Good,0.007800248970189589,0.9916549644226654,0.0005447866071449847
P09181,Good,0.5441092334588927,0.4558896559005279,1.1106405794449838e-06
P04546,Excellent,8.449831063572177e-09,0.04328772042774807,0.956712271122421
P04445,Average,0.9999990843044567,9.156955434107829e-07,5.557770202935294e-20
P08910,Excellent,2.744824880439061e-06,0.7342707826010608,0.2657264725740588
P03270,Good,0.16044509075507127,0.8395072611181453,4.764812678330432e-05
P01502,Excellent,2.711045541967866e-15,2.5439510156568043e-05,0.9999745604898409
P08849,Good,0.014759407468244388,0.9845670023557587,0.0006735901759967965
P09794,Good,0.001141983402621286,0.9976218528352937,0.001236163762085086
P05539,Good,0.2806335177298471,0.7193644748062723,2.007463880547255e-06
P08060,Good,6.307260918640985e-05,0.9431193918536263,0.05681753553718739
P02555,Good,0.00010407747711238484,0.9988214895159827,0.00107443300690484
P04114,Excellent,6.639024449447764e-07,0.6404336578547316,0.3595656782428235
P05216,Average,0.9999687614755038,3.123852449490671e-05,1.3746762040806287e-15
P05923,Excellent,2.208147891591432e-09,0.04946767859508567,0.9505323191967666
P03564,Average,0.9767207042483514,0.0232792948224789,9.291694257199846e-10
P06233,Good,0.0013991508086984414,0.9958412093103953,0.0027596398809063057
P07902,Good,0.00010006034963608742,0.9947605061737606,0.005139433476603395
P03435,Average,0.853505488038608,0.14649445842787207,5.3533519827594405e-08
P08342,Average,0.7064687569819565,0.29353099293074636,2.5008729698615946e-07
P02446,Excellent,3.933567035833205e-09,0.030144184165729764,0.9698558119007032
P09413,Excellent,3.194248651563437e-08,0.13296465316975636,0.8670353148877571
P04951,Excellent,3.4825247014440133e-12,0.000810773789677025,0.9991892262068404
P08773,Good,9.238678180307984e-05,0.9157991228122133,0.08410849040598362
P00166,Good,6.525738472699697e-05,0.9908569980800349,0.009077744535238165
P08902,Excellent,8.207622144496202e-11,0.0018809564795921332,0.9981190434383317
P06517,Average,0.9730137827113041,0.026986216900774546,3.879212801913225e-10
P05113,Good,0.22698578837396885,0.7730089597893783,5.251836652723404e-06
P09056,Good,0.1458074388600214,0.8541823715982739,1.0189541704597547e-05
P01313,Excellent,2.1055279330219834e-07,0.09702529494829394,0.9029744944989129
P00920,Good,3.2117386024792194e-05,0.5966733238806133,0.4032945587333619
P03012,Good,0.8688974108462418,0.13110254059032356,4.856343450188848e-08
P07750,Good,0.01902551684214838,0.9808264081042505,0.00014807505360111005
P05024,Good,1.4669390020232856e-05,0.934666022099714,0.06531930851026582
P02528,Good,0.6303694102280583,0.36963015438059293,4.3539134886744454e-07
P07296,Excellent,7.626632054264642e-13,0.0007196287211632559,0.9992803712780741
P08915,Good,0.00044433779526431805,0.9915432692520864,0.008012392952649267
P07713,Good,2.267570477131357e-06,0.8255958003563499,0.174401932073173
P07650,Good,0.0001418943853551628,0.9937779206567455,0.006080184957899347
P03448,Excellent,3.099419440177528e-15,1.688227303152997e-05,0.9999831177269652
P08822,Average,0.9287757452581614,0.07122425153489018,3.2069485837051085e-09
P08383,Good,0.020944171724105367,0.9789007965319008,0.0001550317439939192
P09940,Good,1.239974358259921e-07,0.21412230309178296,0.7858775729107812
P07251,Good,0.015114070998717968,0.9839963607696114,0.000889568231670567
P08767,Good,1.217876294976072e-05,0.5461158045003783,0.45387201673667193
P07649,Good,5.476567059783893e-07,0.5563294993466582,0.44366995299663575
P08966,Excellent,2.5834234673719322e-17,1.4444861576622861e-06,0.9999985555138424
P00311,Average,0.9998935897049217,0.00010641029506111914,1.7181765385703004e-14
P02127,Good,0.030780033744891987,0.9679198559803585,0.0013001102747494675
P05317,Excellent,1.9879089342515353e-13,0.0002378715942814886,0.9997621284055199
P00605,Good,1.2654068071706703e-05,0.9565928033700356,0.0433945425618927
P05476,Excellent,5.226568856100392e-13,0.000569221816404397,0.999430778183073
P05092,Good,0.0024509175556736472,0.9907215212465466,0.0068275611977796765
P00608,Good,0.02523863395605703,0.974725618268,3.574777594311817e-05
P01791,Excellent,1.6477733746123739e-09,0.028782143663061498,0.971217854689165
P05671,Good,0.059123210661264754,0.9408167526849345,6.003665380083622e-05
P06129,Good,0.0004837599119776264,0.9978194204962326,0.0016968195917897067
P06460,Average,0.9999231766988393,7.68233011587961e-05,1.819523172509399e-15
P06897,Excellent,6.823582876970376e-17,4.669554948174466e-06,0.9999953304450518
P04644,Average,0.2967426544269368,0.7032566974655458,6.481075173924983e-07
P01150,Good,2.7765247499160622e-06,0.6266703025132322,0.3733269209620179
P03380,Excellent,8.633711937078339e-10,0.03714659105265946,0.9628534080839692
P04191,Excellent,1.5370173924169003e-17,9.364010421532905e-07,0.999999063598958
P05061,Good,3.9656411183162244e-07,0.3408783899723936,0.6591212134634945
P01486,Good,0.002044746371966087,0.9962677403602056,0.001687513267828318
P06361,Average,0.9536480924815377,0.04635184744401785,6.007444439642891e-08
P04398,Average,0.7056420691364722,0.29435787143244935,5.9431078566009315e-08
P06992,Excellent,4.2648489010050903e-07,0.2982112772955281,0.7017882962195818
P05268,Excellent,2.297117909275231e-07,0.16108948114691912,0.83891028914129
P01398,Average,0.9998979448047983,0.00010205519518815489,1.3596094002315445e-14
P06316,Average,0.545080247404628,0.4549189445481418,8.080472302814938e-07
P05243,Good,0.008293324874633223,0.9863251981017936,0.005381477023573095
P09096,Excellent,2.1905325432493226e-11,0.0014213646907714054,0.9985786352873234
P07769,Excellent,2.4633107605753342e-09,0.01706252642491702,0.9829374711117722
P05328,Excellent,1.592045599340683e-10,0.005296934643502334,0.994703065197293
P00093,Excellent,5.917219153149934e-11,0.0022229438746512327,0.9977770560661765
P07538,Good,1.660615218769793e-06,0.7614658008210334,0.23853253856374787
P00112,Excellent,5.604912864914399e-10,0.01702110225921627,0.9829788971802924
P08319,Good,0.46483315506986345,0.5351663719887552,4.7294138133191624e-07
P07451,Excellent,4.2527624744564e-12,0.0012196749245041336,0.9987803250712431
P09029,Average,0.9980408463283168,0.001959153648661416,2.3021660934060642e-11
P04831,Average,0.9999999998355689,1.6443121608454843e-10,5.1481453215429666e-26
P09660,Good,0.0008231113280140229,0.9954130301766013,0.003763858495384727
P06100,Excellent,9.920693211633752e-09,0.04868736198299739,0.9513126280963093
P01804,Good,0.0037071106880198104,0.9956563151836423,0.0006365741283379031
P06628,Good,8.422024337626684e-10,0.02396558962089948,0.9760344095368979
P07924,Excellent,5.635276419922932e-16,1.075339570471597e-05,0.9999892466042947
P02856,Excellent,5.731396010614128e-19,2.1578282199141888e-07,0.9999997842171781
P04362,Good,0.011694134738436453,0.9882228911961725,8.297406539113198e-05
P03908,Average,0.9982891855745881,0.0017108143991052458,2.630671482842491e-11
P07685,Good,0.0005041412961117404,0.9941142899943537,0.005381568709534533
P08349,Excellent,1.468799756660208e-12,0.0007065592332835495,0.9992934407652475
P01349,Excellent,9.23385021226507e-08,0.2649666783237284,0.7350332293377695
P06861,Average,0.9999993981594181,6.018405819001572e-07,2.696565685336157e-18
P00186,Good,9.35313578069966e-06,0.9700752378643993,0.02991540899981994
P03410,Average,0.99959989414725,0.0004001058527332745,1.6590785861122457e-14
P09318,Excellent,2.5199311997672866e-16,2.7690297471719455e-05,0.9999723097025279
P03487,Average,0.9723874943042522,0.027612505260527453,4.352202442852654e-10
P04309,Good,0.00017550362972366522,0.9887178043845412,0.011106691985735282
P01535,Good,0.4770435375021246,0.5229553493154719,1.113182403595381e-06
P09741,Average,0.9999931090306395,6.890969360410544e-06,8.418852323143149e-17
P02470,Good,0.016187071157975137,0.9838015695342247,1.1359307800212892e-05
P08769,Good,0.0006655638518886607,0.9937768905106515,0.005557545637459799
P05336,Excellent,2.457464807305027e-16,6.741171054187965e-06,0.9999932588289455
P06149,Average,0.9994040994554666,0.0005959005438884699,6.44961735179366e-13
P06591,Excellent,8.85958882596386e-09,0.05181555534135687,0.9481844357990543
P08445,Excellent,2.754015218074217e-08,0.27647669061467955,0.7235232818451682
P08765,Good,0.29673197565246184,0.7032665845540057,1.4397935325338595e-06
P04075,Good,0.26266186561423377,0.7373361093952939,2.0249904723342827e-06
P05919,Good,7.605774752956427e-06,0.8300202171892311,0.16997217703601594
P05917,Excellent,1.6165906961332134e-09,0.017111989909660202,0.982888008473749
P02246,Average,0.9900862757620787,0.00991372421009949,2.7821763025389275e-11
P04122,Good,0.00011950696436703301,0.980457103988121,0.019423389047512025
P09021,Excellent,7.961846980485924e-09,0.06838891122572925,0.9316110808124237
P05676,Good,0.0001590139991010141,0.9779266646275757,0.021914321373323213
P04842,Average,0.7139669004470153,0.28603304960974707,4.994323771035961e-08
P00099,Good,3.1462051842319084e-05,0.9362774461582299,0.06369109178992777
P00951,Excellent,9.897017294352314e-07,0.41334450381390975,0.5866545064843609
P06096,Excellent,2.03295289215766e-14,0.00015899554382163065,0.9998410044561581
P03016,Good,0.1188068105113218,0.8811656157779438,2.757371073443021e-05
P07361,Average,0.4455648636581599,0.5544350882803795,4.8061460557566045e-08
P02795,Good,0.07323713099830256,0.9267555956460882,7.273355609183451e-06
P02673,Excellent,1.197025794670729e-09,0.008486791872492492,0.9915132069304817
P06321,Good,0.005001134290220074,0.9949784571858769,2.0408523903125772e-05
P07163,Excellent,1.3456065719148026e-08,0.07398349809055887,0.9260164884533755
P05479,Good,0.06300753562291116,0.936959088897045,3.3375480043832245e-05
P07612,Excellent,3.3426783696542125e-10,0.020300657547562457,0.9796993421181696
P08723,Good,7.307169091315242e-09,0.04608264995269513,0.9539173427401358
P04167,Good,0.00037819146546310805,0.99854517421273,0.0010766343218069163
P05482,Good,9.915581627671656e-05,0.993604710394469,0.006296133789254268
P02790,Excellent,8.574921815504942e-20,3.749033501078802e-07,0.9999996250966499
P04682,Average,0.1151976513542328,0.8847974986143523,4.850031414931323e-06
P07225,Good,6.239647804598926e-06,0.8622054405991146,0.13778831975308092
P08078,Excellent,2.8662832436421494e-15,2.070046776666117e-05,0.9999792995322304
P01793,Average,0.3650806797361729,0.6349117466492407,7.573614586449382e-06
P04365,Average,0.999817744584034,0.00018225541570733502,2.5872811758800806e-13
P06892,Average,0.9996090135967571,0.0003909864022214304,1.021531760234446e-12
P00060,Excellent,3.958738742161713e-06,0.656348740343553,0.343647300917705
P03402,Excellent,1.5546970724656808e-13,0.00018559497012168763,0.9998144050297229
P00968,Good,8.362149423295279e-05,0.9977835591713327,0.002132819334434303
P00396,Excellent,2.3026515120158676e-23,5.253095271625886e-09,0.9999999947469047
P03456,Good,0.003922556982713158,0.9945817458578124,0.001495697159474338
P05755,Good,0.011377526582575806,0.9885765057585444,4.5967658879855124e-05
P00261,Good,0.0005313946164364578,0.998226165972936,0.001242439410627504
P04615,Good,0.8676837582537962,0.1323161748873599,6.685884399030303e-08
P07758,Good,1.6839024165036479e-06,0.5072030308116182,0.4927952852859652
P06989,Average,0.8835861878966039,0.11641380740704337,4.696352847693901e-09
P03933,Good,0.03905617497583858,0.9609176795525811,2.6145471580269265e-05
P04102,Excellent,2.9056433254022175e-10,0.005476043929558204,0.9945239557798774
P05128,Good,6.0035172346273724e-05,0.8581363357941604,0.14180362903349336
P09066,Excellent,5.910338791637476e-19,2.7394658060491003e-07,0.9999997260534195
P04210,Excellent,3.277497520231351e-11,0.003345009754626373,0.9966549902125985
P02390,Average,0.9938033293309197,0.0061966703435223855,3.2555776999995565e-10
P01174,Average,0.999804985803823,0.00019501419615178215,2.5299078164423284e-14
P03104,Excellent,3.92993421244946e-15,3.751085894613964e-05,0.9999624891410499
P05527,Excellent,8.34493197185669e-13,0.0002591637279943231,0.9997408362711713
P06803,Average,0.7364727769996419,0.2635271772716588,4.5728699367140176e-08
P01605,Good,1.3368058297564551e-07,0.09122305960088392,0.9087768067185332
P01423,Good,0.011549411953261514,0.9883923191634189,5.826888331978442e-05
P05298,Good,0.0007417862124120268,0.9981046338302448,0.00115357995734317
P03294,Good,0.000400967064812128,0.987603445442407,0.01199558749278085
P09144,Good,0.0013523252174128106,0.9983940104016279,0.00025366438095918517
P02021,Good,0.0010408476590680145,0.9954770858224353,0.00348206651849679
P08599,Excellent,4.666078329472738e-13,0.0007581817067047655,0.9992418182928285
P02773,Good,0.008994703396254912,0.9909010676814102,0.00010422892233486524
P09124,Average,0.9992670665246083,0.0007329334732597958,2.132006356313407e-12
P03302,Excellent,1.6014853664462777e-09,0.018966915046902552,0.9810330833516119
P00223,Average,0.928458476477136,0.07154149478354281,2.873932132584803e-08
P00368,Good,0.019659785754368584,0.9802288868164434,0.0001113274291879557
P08697,Excellent,5.284219405834264e-11,0.0037620034759529323,0.9962379964712048
P07817,Excellent,8.59077526671472e-11,0.015705181074603863,0.9842948188394886
P00548,Excellent,6.84132331421883e-13,0.0010294365280222866,0.9989705634712935
P01803,Average,0.9895724040214928,0.010427595907077937,7.142935546872408e-11
P09097,Excellent,2.395924779180344e-06,0.3107746128269315,0.6892229912482893
P06157,Average,0.9967045811032961,0.003295418894843734,1.860068271611756e-12
P02093,Excellent,1.4289304778039623e-16,2.7568381821272657e-06,0.9999972431618176
P05271,Good,3.3098957265889915e-05,0.9537651637135321,0.046201737329201874
P03830,Average,0.46323406301439546,0.5367599435797462,5.993405858340605e-06
P07082,Average,0.9999999685948991,3.140510092083849e-08,5.415196010917891e-23
P04284,Excellent,1.261315479600946e-08,0.051292172398080586,0.9487078149887646
P07899,Good,1.3753798586073516e-05,0.9388902871271053,0.06109595907430864
P04690,Average,0.9981034565546627,0.0018965434430506158,2.2868080766642354e-12
P09927,Excellent,3.87425818232645e-09,0.017083748631609566,0.9829162474941322
P04869,Good,0.00341613449972144,0.9951556729188373,0.0014281925814413842
P09811,Average,0.9998162941017766,0.00018370589818143905,4.2066904783879804e-14
P09168,Good,0.059284315913203295,0.940698564452671,1.7119634125835375e-05
P06192,Good,7.217444491396785e-05,0.7990659046131369,0.20086192094194924
P06405,Good,2.7715714376614702e-05,0.9831500298798993,0.016822254405724154
P05578,Excellent,1.4157897754693685e-17,1.7904137949853773e-06,0.9999982095862049
P08357,Good,3.652154762663422e-06,0.6608611610275458,0.3391351868176916
P01893,Excellent,3.773483756540876e-11,0.0026081537328218494,0.9973918462294433
P07381,Good,0.0077537374490733845,0.9921579140565836,8.83484943429522e-05
P09526,Good,4.580097096830982e-06,0.8700733143556436,0.12992210554725966
P09139,Average,0.9999998265914635,1.7340853650003515e-07,9.692084424030046e-20
P01966,Excellent,6.011170586760408e-11,0.0072487501977184215,0.9927512497421699
P00326,Good,0.01782265274174339,0.982084635068866,9.27121893905455e-05
P02788,Average,0.9957216254935548,0.004278374464036549,4.24084981178876e-11
P06822,Good,0.00031999818638467765,0.9910415561429136,0.008638445670701704
P05922,Good,1.0434345732900402e-05,0.8550521086517777,0.1449374570024894
P07321,Good,0.010811647863567322,0.9891621813343291,2.6170802103605447e-05
P05544,Excellent,5.749192436124659e-12,0.0029703995872846717,0.9970296004069661
P02683,Good,0.019204467852330685,0.9807362400254108,5.92921222585485e-05
P09268,Good,0.3819560679201927,0.6180330719181049,1.0860161702450083e-05
P07865,Good,5.747625156882724e-05,0.9849678376445661,0.014974686103865183
P01891,Good,0.0011877115901221,0.9954707761029891,0.003341512306888975
P01801,Average,0.9841042465723648,0.015895753000033583,4.276016680059573e-10
P02222,Average,0.9965246375494313,0.0034753623220462747,1.2852244660954527e-10
P03788,Excellent,3.1849625606681695e-07,0.11962227003009938,0.8803774114736445
P04540,Good,0.041998185941275655,0.9579796853429519,2.2128715772597177e-05
P01781,Good,0.0035664361386111695,0.9933811549218747,0.0030524089395140507
P09328,Good,0.0003716586213516307,0.9964928486870258,0.0031354926916225467
P00838,Excellent,1.0630601691257233e-15,4.1133407795770467e-05,0.9999588665922031
P01745,Good,0.1056539107162283,0.8943150981890801,3.099109469159437e-05
P01623,Excellent,5.677448997519512e-09,0.034503466571467536,0.9654965277510836
P03739,Good,0.0001431909452575757,0.9943414312370711,0.005515377817671363
P05474,Average,0.7122813769841659,0.28771825851819827,3.6449763580953084e-07
P03314,Excellent,2.7404196942584445e-09,0.028087238422380235,0.9719127588372001
P02469,Average,0.980019228672095,0.01998077068074889,6.471561432026197e-10
P00287,Good,0.03018624311428196,0.9696760413198147,0.0001377155659033214
P06869,Good,0.0003115541988855144,0.9969910939958062,0.0026973518053082105
P09643,Good,0.0004994134716614691,0.9924983871298417,0.007002199398496742
P02070,Average,0.9999980060082655,1.99399173450595e-06,4.005913653837101e-19
P00694,Good,0.00021510013713679584,0.9782486399992781,0.02153625986358496
P02660,Good,0.02532739549916509,0.9746467441772992,2.5860323535540047e-05
P01892,Excellent,3.825368937983747e-10,0.010311156979202641,0.9896888426382606
P07743,Good,0.00016098346520347005,0.9767993559964677,0.023039660538328934
P00082,Good,0.01042141189244357,0.9894210545256437,0.0001575335819128666
P02464,Good,0.004874553639583143,0.994318424781657,0.0008070215787599748
P08247,Excellent,2.5404911383629895e-10,0.009844604532704894,0.9901553952132461
P04825,Excellent,1.8023639004813822e-07,0.046636907268973155,0.9533629124946369
P04700,Good,3.697673848865128e-06,0.6269715233466604,0.37302477897949077
P04752,Excellent,2.9083566598703816e-14,4.811894486103109e-05,0.9999518810551099
P06721,Average,0.9999999979770045,2.02299551849157e-09,4.7498098379055695e-24
P09759,Good,1.9229358747377764e-06,0.5318732388932047,0.46812483817092054
P05456,Good,0.0001921734422728922,0.9931188435177772,0.006688983039949797
P00401,Excellent,2.759083503211998e-06,0.7164106932514607,0.28358654766503616
P00799,Good,0.04955290192417357,0.9504072285203964,3.986955543014256e-05
P00911,Good,6.792221703519749e-05,0.9827442965029315,0.017187781280033336
P04643,Average,0.9886136085705404,0.011386391120680675,3.08778938353649e-10
P06554,Excellent,1.135279690365456e-11,0.0023296372979886926,0.9976703626906583
P03752,Excellent,1.722181879994511e-13,0.0005256169712864986,0.9994743830285413
P03698,Good,0.0008878994169818599,0.9968032155618386,0.002308885021179645
P07478,Good,0.6788601561201331,0.32113975044873233,9.343113473534412e-08
P02362,Good,6.235418288918429e-06,0.7627337420135408,0.23726002256817022
P05820,Good,0.5592109693630161,0.440787560904745,1.4697322389653735e-06
P06884,Good,0.004146724858043437,0.99268396811944,0.003169307022516422
P08475,Good,0.5774187172243405,0.4225799004171951,1.3823584645243905e-06
P03325,Good,0.49646973625147633,0.5035286073163244,1.6564321991839312e-06
P01526,Good,0.7579460874635747,0.24205350231851153,4.1021791381647843e-07
P09973,Excellent,1.809849983602076e-18,2.1017470253719495e-06,0.9999978982529747
P00384,Good,0.00027681658709878776,0.9988004720823229,0.0009227113305783133
P05823,Average,0.9537172740227806,0.0462827182290747,7.74814481914303e-09
P01684,Good,0.024630261277875303,0.9752676440885424,0.00010209463358220333
P06249,Excellent,1.0637844936834418e-17,2.006232485728033e-06,0.9999979937675143
P09743,Excellent,2.93947949916422e-16,1.8568785469425778e-05,0.9999814312145303
P05450,Average,0.8531660006841222,0.14683394551458373,5.380129400151254e-08
P06265,Excellent,6.043474299774014e-12,0.0010557702051683022,0.9989442297887882
P03384,Good,0.004816769394791604,0.9942802106572608,0.0009030199479476269
P09189,Good,0.1301109831966145,0.8698857905465305,3.2262568549817873e-06
P09656,Excellent,5.347266960977841e-10,0.022328838952283003,0.9776711605129904
P07665,Good,0.005231802977174939,0.9932950755470049,0.001473121475820124
P01658,Good,0.0017199535531892901,0.9890787870933454,0.009201259353465281
P09726,Average,0.8073954346156935,0.1926044677818379,9.760246859961032e-08
P05260,Good,0.01527667303107568,0.9846698444347666,5.34825341577785e-05
P07434,Good,8.884052444510862e-07,0.88177271099817,0.11822640059658555
P08964,Average,0.9904842075389106,0.009515792004754714,4.563347602075833e-10
P00622,Good,3.085804762219227e-05,0.9478582457387563,0.0521108962136215
P01055,Good,0.11383200074852406,0.8861618204006526,6.178850823231275e-06
P05184,Excellent,4.454787172090541e-16,3.636397014861685e-05,0.9999636360298509
P03470,Excellent,2.0064372824055634e-19,1.299906369973196e-07,0.9999998700093631
P03351,Excellent,4.283982721307779e-06,0.8348121659248305,0.1651835500924481
P05240,Excellent,2.30275069222485e-12,0.0005196484792149824,0.9994803515184824
P07476,Good,0.0636331063347068,0.9363639227451677,2.9709201255212385e-06
P02239,Average,0.9999999123373647,8.76626353059031e-08,2.403586929759556e-20
P06641,Good,0.00015093111330380168,0.9858488612351928,0.014000207651503473
P02434,Average,0.9949440117580794,0.0050559881994570064,4.2463545979650394e-11
P07958,Average,0.9992671096184876,0.0007328903802549559,1.2574430367693958e-12
P05166,Good,0.00021196745603197236,0.9971114809960183,0.002676551547949684
P06780,Average,0.9857945124253451,0.014205487163592727,4.1106229191564865e-10
P09510,Good,0.006507814355396289,0.9927276735690486,0.0007645120755552568
P06872,Good,3.5426383870991395e-06,0.9235300043685577,0.07646645299305521
P08334,Good,0.8841034710927922,0.1158965135921853,1.531502239815965e-08
P03545,Average,0.48717913720116884,0.5128201212248128,7.415740183945992e-07
P04034,Average,0.8550038283111403,0.14499590801435053,2.636745090865267e-07
P04738,Excellent,4.306280304199006e-10,0.012220289170615316,0.9877797103987568
P09377,Good,0.02241790628797565,0.9773735176401541,0.00020857607187034627
P00315,Excellent,4.772271277712492e-13,0.0005569400393580986,0.9994430599601648
P04228,Good,1.3353004717430142e-06,0.5959748392069587,0.4040238254925696
P08300,Excellent,2.226984585100289e-07,0.31844448053857455,0.681555296762967
P07870,Average,0.9806478627967737,0.019352136942757277,2.6046895517843013e-10
P03872,Good,2.6121407613932803e-06,0.27741144399283574,0.7225859438664027
P09019,Good,0.05132152460429687,0.9486022572566555,7.621813904766227e-05
P09589,Excellent,1.7171303786287556e-07,0.28807008761280495,0.7119297406741572
P02758,Excellent,2.8744302441849596e-14,0.00012736149128113412,0.9998726385086903
P03157,Good,7.961652362231828e-06,0.9383568893099835,0.061635149037654345
P00963,Excellent,5.150491126858017e-10,0.008079247126072867,0.9919207523588781
P03215,Excellent,3.7651378876022966e-15,8.795112156783373e-05,0.9999120488784283
P02658,Excellent,1.1011361686723436e-07,0.1623130782355735,0.8376868116508097
P07844,Excellent,4.359408347445327e-13,0.0002464523709205942,0.9997535476286434
P08555,Average,0.999996639705196,3.3602948040256084e-06,1.4210654009947865e-18
P08489,Average,0.9578928228321599,0.04210717561096781,1.5568721778061404e-09
P09393,Average,0.9956410417093914,0.004358958285283941,5.324573252699294e-12
P00367,Average,0.9745351994441779,0.025464800141400307,4.1442182300849135e-10
P08530,Average,0.9451070100156155,0.05489298176722153,8.217163024286866e-09
P05842,Good,0.003619309535195549,0.9930776179160953,0.0033030725487091135
P08864,Good,3.2106668719783656e-07,0.33896391591507363,0.6610357630182392
P05329,Excellent,6.556150601271533e-18,1.0242615083570091e-06,0.9999989757384917
P07014,Good,0.08036943736352846,0.9195896398005394,4.092283593220255e-05
P03826,Average,0.986642926233015,0.013357073746678109,2.03068530646884e-11
P07687,Good,0.5150567366758491,0.4849405002074493,2.7631167016368915e-06
P06463,Average,0.9999992703459594,7.296540404811129e-07,8.855479432735182e-18
P09590,Good,0.0058648417665727445,0.9938986937740456,0.0002364644593816264
P09340,Excellent,2.4882248155575793e-18,1.1026328084605007e-06,0.9999988973671915
P02379,Average,0.8431158397140592,0.15688400441525338,1.5587068734567688e-07
P05630,Excellent,1.3119661171388131e-15,2.7202055564385586e-05,0.9999727979444343
P07876,Excellent,2.466503906098545e-18,3.832908800117796e-07,0.99999961670912
P06027,Excellent,4.594107154837826e-20,1.0937951791603171e-07,0.9999998906204821
P01774,Excellent,6.54113328135088e-09,0.027905485812052988,0.9720945076468137
P03978,Excellent,3.2270946544633597e-08,0.18371777595732203,0.8162821917717313
P08403,Average,0.9003139047829992,0.0996860844525128,1.0764488056973404e-08
P07618,Good,6.422659547689978e-07,0.20397866471248235,0.7960206930215628
P04222,Good,0.001989253936382273,0.9958347341063989,0.0021760119572189814
P02433,Average,0.9702584730083361,0.029741526684397727,3.0726602300351107e-10
P01622,Excellent,6.354573945276159e-07,0.3419593325370516,0.6580400320055539
P02034,Excellent,2.1405627585990553e-12,0.00024342675686050305,0.9997565732409989
P06734,Good,0.005961519714287487,0.9923055671664363,0.0017329131192762779
P08692,Excellent,1.5002548566083832e-08,0.23735957195986876,0.7626404130375826
P03593,Excellent,7.544048938646605e-18,1.6118597063648007e-06,0.9999983881402936
P09093,Excellent,2.0461624102788272e-10,0.008292875252125409,0.9917071245432584
P08023,Good,0.00033447057653344925,0.9871846469728244,0.012480882450642189
P01165,Good,0.0007432231198057933,0.9976230722098262,0.0016337046703680082
P02566,Excellent,2.319255498687955e-06,0.479762708008896,0.5202349727356054
P07980,Good,0.6998324832278088,0.30016735686753526,1.5990465590777285e-07
P01490,Good,0.00017740310569253724,0.9720290590404556,0.027793537853851923
P04158,Good,0.0022705379141393965,0.9937294510005193,0.0040000110853412865
P09324,Average,0.999671638716173,0.00032836128327942395,5.474116838430201e-13
P06755,Excellent,8.232231721298077e-10,0.016532954257118346,0.9834670449196586
P03950,Good,2.5641505083510366e-05,0.8293547171070986,0.1706196413878178
P00203,Good,1.0866389311191331e-05,0.741737804634574,0.2582513289761148
P03154,Good,1.4006030954143244e-06,0.6406082531214571,0.3593903462754474
P04320,Excellent,2.668538132553485e-06,0.21382623442969176,0.7861710970321758
P01529,Good,0.8114483012051817,0.18855164527784823,5.351696987666513e-08
P00387,Good,0.0005670904671074034,0.979632606898501,0.01980030263439162
P05318,Average,0.9968440025543768,0.0031559974453116446,3.1172452478513165e-13
P09575,Excellent,1.5573741390360794e-05,0.9418082578924131,0.05817616836619659
P06374,Average,0.9961254637224994,0.0038745362513733276,2.612722602418801e-11
P08449,Excellent,5.766384307058794e-15,1.9202317178884215e-05,0.9999807976828153
P08494,Excellent,8.253796155784475e-14,9.323880905260396e-05,0.9999067611908647
P06600,Excellent,7.250845915019483e-09,0.06013534389410299,0.9398646488550509
P04141,Excellent,1.5018295715877754e-07,0.17682371061693772,0.8231761392001052
P01065,Excellent,1.823142441779501e-06,0.6063242565796693,0.393673920277889
P07065,Good,1.1313521481678852e-07,0.10885579203615485,0.8911440948286302
P02881,Average,0.26086734919277843,0.7391030880582774,2.9562748944320294e-05
P01365,Excellent,7.901694512681166e-11,0.003442087391354088,0.996557912529629
P07771,Good,1.0586711639515096e-05,0.7563627858327565,0.243626627455604
P09869,Average,0.9686907232701396,0.031309267702146856,9.027713425723345e-09
P08127,Good,0.007468810230402448,0.99085398955178,0.0016772002178176374
P04920,Excellent,3.9006275946750555e-09,0.05725889438206173,0.9427411017173106
P03741,Good,1.6071231207821507e-05,0.9047951262437193,0.09518880252507295
P09495,Excellent,7.022192438574628e-10,0.02368591952093138,0.9763140797768494
P03423,Average,0.9995944227791926,0.00040557721694771214,3.859770121282231e-12
P04704,Good,1.0228857936110324e-05,0.7786925107210637,0.2212972604210001
P08188,Good,2.5396963001841443e-05,0.9650617904575299,0.03491281257946818
P07241,Good,0.0005419074534187303,0.9978645393491313,0.001593553197450047
P08881,Average,0.9999999999598497,4.0150323257566514e-11,2.803831528887691e-28
P07927,Average,0.8853570472118154,0.11464294523994199,7.548242644127052e-09
P06379,Good,1.699890703867178e-05,0.8965631377260918,0.1034198633668696
P01076,Good,2.748806001789121e-05,0.9640521950462566,0.03592031689372544
P06845,Average,0.9937073760065747,0.006292623840224698,1.532007583884436e-10
P07988,Good,0.658782189890007,0.34121619040344925,1.6197065436508898e-06
P05473,Good,6.759392670826606e-06,0.8004969793026082,0.199496261304721
P01464,Good,0.0015225117188823422,0.9978498528515894,0.0006276354295281847
P01593,Excellent,1.5888406127418032e-12,0.000365685534353609,0.9996343144640576
P07442,Good,4.821412509705669e-05,0.9567713247102301,0.04318046116467292
P01488,Excellent,4.412529843931128e-11,0.004262158295644677,0.9957378416602302
P01868,Excellent,3.1707368792760816e-12,0.0007665888729103141,0.999233411123919
P07316,Excellent,7.559879372324786e-09,0.05430555149838356,0.9456944409417372
P03279,Excellent,8.658798885492049e-20,1.5432091610180506e-07,0.9999998456790838
P09396,Good,1.7520484550482091e-06,0.522106659956191,0.47789158799535386
P07862,Good,0.13682475504374284,0.8631479453394948,2.7299616762270532e-05
P02570,Excellent,8.417616384779447e-14,6.165455354987483e-05,0.9999383454463658
P07010,Good,0.14701792569362473,0.8529781722470462,3.9020593290516254e-06
P04900,Good,0.0024570928839270476,0.9826637847931288,0.014879122322944093
P01929,Average,0.9464709646031113,0.05352903429614563,1.1007431124676585e-09
P04333,Average,0.9961683168473217,0.003831683060584875,9.209355928128862e-11
P02440,Excellent,3.672083693748409e-05,0.8819893294484245,0.11797394971463801
P01857,Good,0.01354953214050497,0.9864406024108504,9.86544864467983e-06
P01028,Good,2.6680709965136586e-05,0.9755465679341023,0.024426751355932537
P04735,Average,0.9595188955415108,0.04048110256640866,1.8920803968682633e-09
P00466,Excellent,6.106284919040221e-10,0.009120051595575274,0.9908799477937964
P07181,Excellent,3.1350816802355465e-10,0.00730507795421761,0.9926949217322742
P02191,Excellent,1.4553423020264568e-12,0.0006707419167964714,0.9993292580817482
P01952,Average,0.6906948838132599,0.30930471918998825,3.969967516826279e-07
P06556,Excellent,1.6744129534495448e-06,0.4310547700971405,0.568943555489906
P05310,Average,0.8682832908128084,0.13171651438442883,1.9480276285233485e-07
P07243,Excellent,8.448695944761902e-10,0.014050893074327619,0.9859491060808029
P08893,Good,0.003502569199438108,0.9963483539727248,0.00014907682783715394
P08042,Average,0.9486984283320905,0.051301569586958286,2.080951019102789e-09
P06565,Average,0.9785611417157868,0.021438858190678534,9.35346654144057e-11
P00771,Good,0.10764554932368452,0.8923068244136698,4.762626264570178e-05
P02705,Good,0.36655005348627906,0.633447700368448,2.246145273020139e-06
P05619,Average,0.9999999769570199,2.3042980164939884e-08,1.3851607063384327e-21
P07051,Excellent,3.3286919595203114e-09,0.20175879752481624,0.7982411991464917
P09731,Good,2.712731132511394e-05,0.8839291364994548,0.11604373618922016
P09034,Excellent,4.547641952556727e-07,0.30960727571561836,0.6903922695201865
P00446,Excellent,7.162209213392663e-13,0.0002329456517685279,0.9997670543475153
P02793,Excellent,9.22022671411411e-09,0.037276081290363604,0.9627239094894098
P06273,Good,5.672368588103139e-05,0.9495008292430617,0.050442447071057314
P09738,Good,0.00014651259047284587,0.9368591447660078,0.06299434264351939
P08467,Excellent,4.5930620115279756e-08,0.22307874564271038,0.7769212084266696
P03119,Average,0.6555939022526671,0.3444060774885144,2.0258818382580507e-08
P09205,Average,0.9999506101428141,4.9389857171952806e-05,1.4043327638428646e-14
P05077,Excellent,1.2850423484684515e-13,0.0003806787364109165,0.9996193212634606
P08681,Excellent,1.1773286346846808e-18,6.055738913124486e-07,0.9999993944261086
P02197,Good,0.0007608943463854914,0.9984376076545844,0.0008014979990300842
P06175,Good,0.004361261977633077,0.9945967317385739,0.001042006283793007
P05314,Good,0.002533303349344239,0.9948140926629904,0.0026526039876654793
P02385,Average,0.999999996441264,3.5587360537460024e-09,4.9124499604680356e-24
P02843,Average,0.9999980701369366,1.9298630632776717e-06,6.543885106622248e-18
P00924,Good,4.4326991264917306e-05,0.9793396188493773,0.020616054159357796
P00670,Excellent,2.6976685157400434e-07,0.29428531241028655,0.7057144178228619
P09440,Excellent,1.0969491171161701e-07,0.3348689891991474,0.6651309011059409
P06406,Good,0.2953589453009958,0.7046401248804203,9.298185838422056e-07
P09823,Good,7.533375088065809e-05,0.9445623110111709,0.055362355237948364
P02551,Excellent,1.9087854714103702e-07,0.15405078601127914,0.8459490231101736
P05763,Good,8.948291976574628e-06,0.8551988559717325,0.1447921957362909
P02409,Excellent,8.898993708478533e-21,3.271198293634474e-08,0.9999999672880171
P08404,Excellent,1.0915253873687235e-12,0.0008514544771377873,0.9991485455217707
P04783,Good,5.17315537111964e-05,0.9083900448327568,0.09155822361353207
P04856,Excellent,7.023058726171044e-15,3.0881808855373445e-05,0.9999691181911374
P08402,Excellent,7.856943556326383e-09,0.03135314135807989,0.9686468507849765
P06052,Good,0.00015955497784755487,0.9875159093719093,0.012324535650243211
P03033,Average,0.8979184680059935,0.10208140216978348,1.2982422289415095e-07
P00867,Excellent,1.6488294925986875e-11,0.005334383919965582,0.9946656160635461
P08706,Good,8.091175618321263e-05,0.9144530504995373,0.08546603774427951
P05282,Good,1.433576648010063e-05,0.8172405046000569,0.18274515963346288
P02668,Good,0.1379159330973978,0.8620734011215597,1.0665781042545125e-05
P00815,Excellent,2.6049086942896775e-06,0.6544863248803938,0.3455110702109118
P07048,Excellent,1.2122146168178308e-08,0.031212672087003176,0.9687873157908508
P00022,Excellent,1.6565519901873005e-11,0.0016989671395448978,0.9983010328438897
P01449,Average,0.9999060587759233,9.394122402496995e-05,5.183164916269463e-14
P06926,Average,0.8422346000549534,0.15776539280935206,7.135694450493918e-09
P07786,Average,0.17945769886872398,0.8205400165119914,2.2846192846481434e-06
P06584,Average,0.9472034811375758,0.05279651342513576,5.437288456294338e-09
P00526,Good,1.53230692007973e-05,0.917857587309267,0.08212708962153205
P04297,Good,0.4628164801543523,0.5371816777160153,1.8421296323446194e-06
P04322,Average,0.9999999923366766,7.663323413406926e-09,2.405476360109559e-23
P07314,Excellent,6.180341586829689e-15,2.0444765589738987e-05,0.999979555234404
P07309,Average,0.9566390702232574,0.04336092877266069,1.0040816947715725e-09
P09695,Good,0.0024116196675580035,0.9973367397173836,0.0002516406150584351
P03186,Good,0.0018520342381458475,0.9899536835328782,0.008194282228975865
P08044,Good,3.2070958676190776e-05,0.9378060574305296,0.06216187161079434
P04522,Good,1.1771931770299765e-05,0.9677369222960858,0.03225130577214403
P08358,Excellent,2.3035477574952528e-05,0.8463377336657415,0.15363923085668363
P08654,Good,2.0495350439649486e-06,0.5279866018476713,0.4720113486172847
P06345,Good,0.00905021014219195,0.9908570084908215,9.278136698651266e-05
P09418,Good,0.16980657588985942,0.8301812139226556,1.22101874848527e-05
P08102,Average,0.9986529633152089,0.0013470366843315884,4.595469164638501e-13
P05882,Good,0.00023665154451194844,0.9950915438510393,0.004671804604448737
P01454,Good,0.3751084533624825,0.624889339213551,2.2074239664692297e-06
P05127,Average,0.9999596538197978,4.0346180199986724e-05,2.2037322025063093e-15
P09958,Good,9.967220847204782e-05,0.9716244706446272,0.028275857146900757
P05590,Average,0.9669977608672651,0.0330022370452786,2.087456266704036e-09
P05668,Good,0.0005183610166097106,0.9435338169602926,0.055947822023097636
P04042,Good,8.379309870672745e-06,0.6180300282898311,0.3819615924002983
P09267,Good,2.816803690001096e-05,0.9777861841712328,0.022185647791867217
P04007,Average,0.9999999962385018,3.761498118102437e-09,2.4134384301663724e-24
P04714,Excellent,1.743493406287858e-09,0.025366976258680965,0.9746330219978255
P07277,Good,8.447393162283224e-07,0.7035466479415525,0.29645250731913136
P05108,Good,0.12444948536704736,0.8755069944420328,4.352019091974416e-05
P06421,Excellent,3.630202053345635e-14,7.346806112983804e-05,0.9999265319388339
P09521,Good,6.543170169942681e-06,0.6940052267415721,0.30598823008825804
P06412,Excellent,2.5942944434019392e-08,0.11451368605212357,0.885486288004932
P04021,Good,0.000601916616511572,0.9983900068125231,0.0010080765709653118
P09258,Good,0.2263880698322867,0.7736111183819867,8.117857264778391e-07
P06745,Average,0.7955505165140301,0.204449317883571,1.6560239880923378e-07
P07028,Good,0.000844379884135395,0.9924674153575322,0.006688204758332417
P01852,Excellent,7.413990194069422e-17,3.871854376964017e-06,0.9999961281456231
P00141,Average,0.9780726190946898,0.02192738073750626,1.6780382846015118e-10
P09172,Average,0.999941239279896,5.876072010139228e-05,2.555538986020714e-15
P05422,Excellent,1.2387288382788875e-09,0.020991479722684805,0.9790085190385862
P00177,Good,0.0007762767547103462,0.9977707078315136,0.0014530154137762368
P00202,Good,0.0020462207830335513,0.9973503141910346,0.0006034650259318098
P01818,Excellent,5.120924601876768e-07,0.24623714912429046,0.7537623387832494
P03218,Good,0.00033269261530506156,0.9873420743560145,0.012325233028680436
P08564,Good,0.0035743184907121683,0.9953949531742058,0.0010307283350819683
P03638,Excellent,8.492014971695679e-08,0.1328350683648337,0.8671648467150165
P08470,Good,0.0030018258795058163,0.9948990122766362,0.002099161843857906
P02090,Average,0.9984807321515536,0.0015192678375292722,1.091711279253982e-11
P00381,Good,0.00038268066031914993,0.9936593288009167,0.005957990538764031
P02586,Good,0.02031821659255974,0.9795556103792611,0.00012617302817925137
P02261,Good,0.0016983279140625588,0.9963171525582991,0.0019845195276383164
P06697,Good,0.3307132911713293,0.6692792232368547,7.4855918160066356e-06
P02370,Good,0.0003752078305616734,0.9891680867388879,0.010456705430550483
P08641,Good,0.0015345516320830392,0.9974922859693298,0.0009731623985872588
P07935,Excellent,2.650139029702752e-17,1.7621470798355053e-06,0.9999982378529201
P00376,Good,0.038043162851829376,0.9619263799194794,3.045722869118242e-05
P06207,Excellent,1.1088785323851784e-15,6.673824716737765e-06,0.9999933261752821
P08134,Excellent,1.9052791111555636e-07,0.20261688979939682,0.7973829196726921
P05522,Good,0.00019800847481058284,0.976119174635367,0.023682816889822444
P05069,Excellent,3.397443587770205e-16,1.5180365923372846e-05,0.9999848196340761
P01571,Good,2.2346707603278083e-06,0.6022918188374099,0.3977059464918297
P08154,Good,1.9894212654437668e-05,0.7524820485210204,0.24749805726632515
P07892,Good,7.287930267327201e-06,0.8898066190836742,0.11018609298605855
P07697,Good,1.386776840571728e-06,0.27721873556756765,0.7227798776555917
P08387,Good,0.007034669200007069,0.9928915041092432,7.382669074959012e-05
P06214,Excellent,1.4298483158422768e-18,1.1329269759622154e-06,0.9999988670730241
P07480,Good,0.11006711250789745,0.8899252013758702,7.686116232354784e-06
P04795,Excellent,3.935162424049669e-11,0.007175792162296726,0.9928242077983516
P08384,Average,0.9999999918518269,8.148173133287301e-09,4.7323013077102986e-24
P04003,Good,0.00013321457429716062,0.978907886597653,0.020958898828049737
P01497,Good,0.04044496780719797,0.959408025737531,0.00014700645527114347
P01882,Good,0.00039828043115533397,0.9984530548180209,0.0011486647508237254
P06101,Good,0.00013222460470516445,0.9786299722875537,0.02123780310774109
P00646,Good,0.003227587079573296,0.9966629431813749,0.00010946973905165641
P02374,Average,0.9995781286421672,0.0004218713569605232,8.723772522838823e-13
P07853,Good,0.014678938034267069,0.9851997544130952,0.00012130755263784923
P06041,Average,0.999990792982087,9.20701791298784e-06,1.2053715759809124e-17
P01056,Excellent,2.2891240751583361e-07,0.23096889139900917,0.7690308796885832
P01591,Excellent,2.0242262343826697e-06,0.8520414694412545,0.1479565063325112
P09061,Excellent,1.45993912899763e-16,7.404628548241489e-06,0.9999925953714516
P09922,Average,0.9501451011053883,0.049854862005732074,3.6888879638448104e-08
P05237,Average,0.14871082422347795,0.8512851665905411,4.0091859809293654e-06
P00908,Good,0.00011708617605249877,0.9899409128555904,0.009942000968357099
P02791,Good,8.608139434109708e-05,0.8919687411472814,0.10794517745837748
P04510,Excellent,4.922240070494453e-14,0.00017716807663317486,0.9998228319233174
P06427,Good,3.77519856984571e-05,0.9911244870607101,0.008837760953591412
P01728,Good,0.00011191466102584533,0.9828566217298305,0.017031463609143708
P08385,Excellent,3.929326075282776e-08,0.04726624236684782,0.9527337183398915
P09376,Good,2.55092224035675e-08,0.10142118544711107,0.8985787890436666
P07013,Good,5.806143628422781e-06,0.7574081422293197,0.24258605162705185
P06722,Excellent,4.4401987453872574e-11,0.00217436208878469,0.9978256378668132
P03441,Good,1.1638290945364722e-06,0.155124555189245,0.8448742809816604
P03556,Average,0.9907102533672122,0.009289746493881212,1.3890665745678458e-10
P03684,Excellent,1.9616684429256606e-12,0.000701660331391515,0.9992983396666468
P00267,Average,0.3876348563194313,0.6123642570869416,8.865936270718593e-07
P03936,Excellent,1.1824844190436965e-18,5.575588220258288e-07,0.999999442441178
P04596,Good,0.0649357859009177,0.9350217532869645,4.2460812117850924e-05
P08571,Excellent,1.6624286737247205e-07,0.4447827540482434,0.5552170797088891
P02787,Good,0.35540732783304435,0.6445878476359973,4.824530958255485e-06
P02024,Excellent,2.4975947667331737e-05,0.9117148923033288,0.08826013174900377
P08246,Average,0.9985875915798289,0.0014124084191475686,1.023559448768432e-12
P04111,Excellent,3.6508274028188036e-21,3.914320810205056e-08,0.999999960856792
P02477,Good,2.3227355920345046e-05,0.8935670673796903,0.10640970526438939
P06244,Average,0.02057187661242253,0.9794177435281471,1.037985943030567e-05
P03069,Good,0.009135954685130109,0.9902926009492641,0.0005714443656058989
P03505,Excellent,1.517308132629949e-11,0.0011250172675758006,0.9988749827172513
P05519,Good,3.729141948524348e-05,0.8737468161036874,0.12621589247682746
P06980,Good,0.03359443304705789,0.9662928975818726,0.00011266937106953057
P02099,Good,0.0021913294470980766,0.992042578811481,0.0057660917414209395
P04592,Good,0.02680476949360518,0.9729450215705576,0.00025020893583719016
P05362,Excellent,1.0062612749299339e-08,0.1295773340960675,0.8704226558413197
P05720,Excellent,1.4769257800529806e-14,0.00010873218041893438,0.9998912678195662
P08111,Good,1.407990356627206e-06,0.4668984845826621,0.5331001074269813
P09799,Good,0.029671042523414813,0.970298934170791,3.0023305794077394e-05
P07281,Good,0.0003063271793321659,0.9801390711944746,0.019554601626193224
P02594,Good,3.9419424304294014e-05,0.9285543608522607,0.07140621972343497
P04465,Excellent,2.1482968669750944e-10,0.01835593118843949,0.9816440685967309
P07546,Average,0.9983192905106679,0.0016807094863301307,3.001973904365592e-12
P07041,Good,6.1146360680015355e-06,0.7533383412118232,0.2466555441521088
P04649,Excellent,2.2753332023229073e-08,0.12746751251242774,0.8725324647342402
P05938,Good,0.45602477290947535,0.5439629871883133,1.2239902211441867e-05
P05653,Good,0.005401878614064984,0.9944052607273104,0.00019286065862468332
P00133,Good,1.3826524395900767e-06,0.32433668576430846,0.6756619315832518
P03977,Good,0.0034699780309847433,0.9964444891227993,8.553284621610533e-05
P03492,Good,2.0207403278763143e-06,0.5178569887493087,0.4821409905103633
P06212,Excellent,3.214936866947367e-14,0.0002031388022423935,0.9997968611977255
P09237,Average,0.9620611487401498,0.03793885000549968,1.2543503580459583e-09
P08871,Good,6.520656418491719e-07,0.40141914167774684,0.5985802062566113
P06276,Excellent,1.0733588549553947e-16,4.892122375096597e-06,0.9999951078776249
P06851,Excellent,1.4124545864891235e-15,7.171140755346786e-06,0.9999928288592433
P05041,Good,0.015876848258290055,0.9840742266294409,4.8925112269047076e-05
P05054,Excellent,9.6486301487051e-16,2.1989609588130498e-05,0.9999780103904109
P08985,Excellent,2.9222634829056946e-14,4.657840357134057e-05,0.9999534215963993
P03061,Good,0.00017109479838128833,0.9777108720069257,0.02211803319469287
P01429,Excellent,5.6105084870682165e-08,0.18082757784233972,0.8191723660525753
P01485,Average,0.9946426395251474,0.005357360333646299,1.412063264250323e-10
P07233,Excellent,1.5684535658601438e-11,0.004053990062354953,0.9959460099219606
P04137,Excellent,1.0094118405012761e-14,4.9310459758109764e-05,0.9999506895402319
P09904,Excellent,6.274658446503046e-09,0.06823907866939719,0.9317609150559444
P09845,Average,0.9576357617127227,0.04236422951919258,8.768084748935264e-09
P04138,Good,2.9147284330494412e-06,0.5656038584730391,0.434393226798528
P02023,Average,0.9909798646702103,0.009020134917537002,4.1225289155200217e-10
P06325,Excellent,4.055804195322136e-18,3.0326636694942454e-06,0.9999969673363305
P07474,Good,0.010723868052091388,0.9889813531844537,0.00029477876345482056
P04559,Good,0.000945136754623919,0.9902899830888582,0.008764880156517931
P05409,Average,0.9999999971434903,2.8565096173971878e-09,3.5395500531112957e-25
P06014,Average,0.9999999810575938,1.894240624279676e-08,1.0355597618931955e-21
P00200,Excellent,3.945321600880726e-14,8.4667680872776e-05,0.9999153323190877
P05289,Excellent,4.529872157829744e-08,0.26248023551362815,0.7375197191876504
P04648,Good,0.0059387254937329085,0.9925200425499423,0.0015412319563247454
P06855,Excellent,6.900984624736671e-16,1.2343760718013898e-05,0.9999876562392813
P00778,Good,0.0007379549286600468,0.9941527027551192,0.00510934231622078
P09409,Good,0.007161785241557904,0.9928009817342056,3.723302423647466e-05
P01550,Good,1.8108956714994777e-06,0.6321237166009002,0.36787447250342836
P06870,Average,0.8643634237530653,0.13563657317731231,3.069622421807969e-09
P01588,Excellent,9.318983606446648e-12,0.0014445448486867238,0.9985554551419943
P09875,Average,0.9999999999999996,4.384502196479251e-16,1.1637750243215322e-38
P02091,Excellent,9.084329622007808e-16,2.1672625602002072e-05,0.9999783273743972
P03379,Excellent,5.841248406502256e-13,0.0001959373131730354,0.9998040626862428
P07919,Good,0.015265638026577589,0.9846453943691117,8.896760431084098e-05
P09806,Good,0.04163368434289183,0.9583305372296615,3.577842744664424e-05
P05019,Excellent,2.35527241528013e-13,0.00032561567388995867,0.9996743843258744
P05020,Average,0.999999991414321,8.585678969107814e-09,1.0503308643492721e-23
P04809,Average,0.9999878447254256,1.2155274574015005e-05,3.7392947391936783e-16
P00262,Good,0.9522204740867317,0.04777951687036211,9.04290610325905e-09
P00562,Average,0.9999718199699043,2.818003009440693e-05,1.3505766921380457e-15
P02195,Excellent,1.8875222559648717e-08,0.10389245090780894,0.8961075302169685
P06340,Good,0.0003844079586217008,0.9842423221923198,0.015373269849058546
P05191,Excellent,6.022805646391651e-18,1.1529375241866253e-06,0.9999988470624758
P02621,Excellent,1.0051297220340066e-10,0.0041847636332643335,0.9958152362662228
P05509,Excellent,7.047777268583261e-15,5.274873982799924e-05,0.9999472512601649
P07744,Excellent,7.269701844910434e-10,0.017309281672126062,0.9826907176009037
P08731,Excellent,7.623970485235444e-11,0.005093511760091438,0.9949064881636688
P05212,Excellent,2.8520771182982053e-10,0.010045356211025227,0.9899546435037672
P04093,Average,0.9995522661265359,0.0004477338734369457,2.6994026309273008e-14
P02602,Average,0.9957212431954165,0.004278756747742693,5.6840804785300607e-11
P05062,Average,0.381732570996159,0.6182662225542079,1.2064496329520399e-06
P07465,Excellent,1.0345288442410266e-07,0.14178286561514372,0.8582170309319719
P08265,Good,8.37644412862211e-06,0.8131832028504977,0.18680842070537368
P00241,Average,0.9999985990276997,1.4009723003048964e-06,2.163451245115234e-18
P07077,Average,0.9592124378066688,0.04078755954752243,2.6458087541666386e-09
P07849,Good,0.002458353440705326,0.9962977797338581,0.0012438668254366658
P04058,Excellent,1.5656418853769712e-15,2.2585879859024294e-05,0.9999774141201394
P02587,Excellent,2.698005287233575e-13,0.00023351881182955675,0.9997664811879008
P00904,Average,0.9861753095128681,0.01382468735192865,3.1352031261938134e-09
P01092,Good,2.554276114905304e-05,0.8267273759672603,0.1732470812715907
P02645,Average,0.3282909030565401,0.6717081157803936,9.81163066357051e-07
P09683,Excellent,2.5762011530761534e-09,0.03376501807414658,0.9662349793496523
P08709,Good,3.6406289276452977e-07,0.20215241566051478,0.7978472202765925
P05794,Excellent,7.642790920535802e-08,0.09250632990744713,0.9074935936646437
P07232,Excellent,3.9869990249506985e-07,0.6500576551533801,0.3499419461467174
P01805,Excellent,2.799495794766114e-07,0.19644780153763974,0.8035519185127806
P04389,Average,0.4480076956395437,0.5519796922681844,1.2612092271923723e-05
P06154,Good,1.5597684216082148e-05,0.9679902336852575,0.03199416863052648
P09902,Excellent,1.446495693740838e-09,0.038891837407789155,0.9611081611457152
P06999,Good,0.023226411979233655,0.9767333737829414,4.021423782499544e-05
P04518,Average,0.9999987747253815,1.2252746185728928e-06,1.2696609766184092e-19
P00402,Good,0.41121503599587844,0.5887830562734341,1.9077306875045483e-06
P07948,Good,0.008728315976415945,0.9910991183964217,0.00017256562716224798
P02628,Good,0.02921675717770591,0.9706439074006705,0.00013933542162349985
P07690,Excellent,3.6393925303227156e-10,0.00465597235482267,0.9953440272812379
P07133,Average,0.6321036187840343,0.36789599306443493,3.881515307361397e-07
P04694,Good,0.0028495790584948297,0.9961316501065186,0.0010187708349865643
P03316,Good,1.6345952548766766e-05,0.9777560114091933,0.02222764263825782
P00721,Excellent,3.804404044296692e-07,0.3487361673252557,0.6512634522343399
P00633,Excellent,2.4324698250542257e-07,0.4411439861373719,0.5588557706156456
P09543,Excellent,4.347875521049011e-12,0.0013617360199313536,0.9986382639757206
P05810,Good,0.00029238440082911276,0.9974752219311874,0.002232393667983551
P01806,Average,0.9822265147775049,0.017773483576040635,1.6464546226301485e-09
P00797,Excellent,7.27671334840535e-08,0.20868946030456184,0.7913104669283046
P09175,Excellent,1.7132954494546389e-09,0.014933653510090392,0.985066344776614
P09760,Good,5.990491549588078e-05,0.9846757751078568,0.015264319976647296
P03083,Average,0.9963967186642215,0.0036032813198392907,1.593916579992957e-11
P02050,Excellent,5.597276021259249e-08,0.09207837562847931,0.9079215683987604
P03836,Average,0.9999764380018072,2.356199819257893e-05,2.7460435282778874e-16
P00057,Excellent,2.5609340116862517e-18,1.2814044203084063e-06,0.9999987185955796
P09373,Good,4.9513752058707944e-05,0.9737744452565643,0.026176040991377002
P03842,Excellent,2.158134367964599e-08,0.13981387101279963,0.8601861074058567
P08145,Good,1.4078156380995095e-06,0.552426214812858,0.44757237737150385
P03568,Good,0.0010469318794705804,0.9983600093976994,0.0005930587228299163
P03856,Average,0.9104078310350014,0.08959216526820933,3.696789207371671e-09
P06496,Good,1.7861346271495385e-05,0.8772287233432138,0.12275341531051477
P04405,Excellent,1.3068649503698e-09,0.026416291121764367,0.9735837075713707
P08291,Excellent,1.0393282309498755e-08,0.07856511903867047,0.9214348705680472
P00096,Average,0.9385751848919653,0.061424813820155605,1.2878790838795248e-09
P04175,Excellent,3.83943179900844e-12,0.0009562125491423374,0.9990437874470182
P03666,Excellent,1.7933085304056135e-08,0.0851753546055689,0.914824627461346
P01839,Excellent,1.4352197843871522e-11,0.0022993746584424445,0.9977006253272052
P04397,Good,2.5336225225410136e-08,0.07300762773292556,0.9269923469308492
P02571,Excellent,6.962305778585672e-14,0.00018064263978339587,0.9998193573601469
P06527,Good,0.03181171638794286,0.9680433678584983,0.00014491575355877052
P00800,Good,0.2999245377815248,0.700065472140123,9.990078352171538e-06
P04654,Excellent,4.895321734150211e-10,0.0038583765774722854,0.9961416229329957
P04014,Average,0.9983068448453218,0.0016931551440207819,1.0657467720081623e-11
P05554,Excellent,9.380789278267045e-15,7.825493594718933e-05,0.9999217450640435
P01034,Average,0.9999958113920272,4.18860797288995e-06,2.2402076092793435e-18
P03071,Good,4.880780041613271e-08,0.2340180197326584,0.7659819314595413
P06155,Good,0.00017804268873336903,0.92329655549225,0.07652540181901675
P08646,Average,0.6625482803676667,0.3374505408444522,1.178787881209714e-06
P07057,Excellent,9.940330431378388e-17,4.11269336784684e-06,0.9999958873066322
P00994,Good,2.4078020692943027e-07,0.628284898143191,0.3717148610766021
P02354,Excellent,1.3251081782738195e-06,0.6165648969433987,0.383433777948423
P06570,Good,0.7400010200948949,0.259998936039333,4.3865772058047714e-08
P05443,Good,0.038715484821211635,0.9609683397775963,0.00031617540119189874
P08608,Average,0.9999986205843837,1.379415616309116e-06,2.6285370705460092e-17
P06920,Excellent,3.7390509655759895e-21,3.808042772463298e-08,0.9999999619195722
P01229,Good,0.04606033306695933,0.9538908287348675,4.8838198173192444e-05
P04041,Excellent,1.7331775760662918e-15,1.858034159564912e-05,0.9999814196584026
P05394,Average,0.9993529308129935,0.0006470691865400225,4.664835992956519e-13
P02708,Excellent,3.872161429359078e-09,0.010984822056146676,0.9890151740716918
P04088,Excellent,5.180202291050251e-19,3.139212275076099e-07,0.9999996860787725
P02713,Good,0.6822872218060532,0.3177121828134812,5.953804656022889e-07
P05658,Good,4.090008970973314e-06,0.8656001590255564,0.13439575096547257
P08827,Good,0.003392452284083227,0.9953213710977737,0.0012861766181430315
P01537,Excellent,1.4173517252093484e-15,1.1961224178739616e-05,0.9999880387758199
P05572,Average,0.9748001877645337,0.02519979971573862,1.2519727612055707e-08
P04107,Good,2.1316462404693254e-05,0.8788029642223582,0.12117571931523717
P07561,Excellent,4.4424467000825514e-07,0.23344497503693515,0.7665545807183948
P09151,Good,7.118914400183843e-05,0.7980283241908039,0.2019004866651942
P08754,Excellent,9.037236168388568e-06,0.7068364868763716,0.2931544758874599
P03651,Good,0.0607761865197966,0.9392053240065377,1.848947366579419e-05
P00756,Excellent,1.4909097874607874e-19,7.849872918884748e-08,0.9999999215012709
P04174,Excellent,8.05623967616191e-11,0.0032604499392188515,0.9967395499802186
P08464,Excellent,1.1836882440915627e-06,0.3634437605628014,0.6365550557489544
P01841,Good,0.00011069952166978935,0.9649759026776478,0.03491339780068245
P05453,Average,0.9999993322634473,6.677365526007424e-07,1.3443129403744589e-18
P04810,Good,0.025691551745442243,0.9742993432371366,9.105017421226613e-06
P02172,Average,0.9394193396212043,0.06058065600280125,4.375994476886711e-09
P07247,Excellent,6.496415048040602e-11,0.0035710031669347795,0.996428996768101
P06638,Average,0.9999891689656397,1.0831034360264537e-05,7.657645423174065e-17
P02350,Excellent,1.586269964963736e-08,0.10724487995132284,0.8927551041859776
P05717,Excellent,5.6403693875045905e-14,9.702249498086852e-05,0.9999029775049627
P07753,Excellent,1.0638780139181853e-13,0.00016902860504177083,0.9998309713948518
P09728,Excellent,4.43508442670721e-13,0.0001416552878908713,0.9998583447116657
P03841,Average,0.9999999960519519,3.948048195357197e-09,4.8793256551732696e-24
P07900,Good,0.004490831010004377,0.9952715625684367,0.00023760642155884964
P08295,Good,0.011959055994603184,0.9875951091987246,0.00044583480667215105
P07168,Average,0.9945644465672494,0.005435553297249043,1.3550156435351013e-10
P04720,Good,8.023456257490601e-06,0.7964933979555429,0.2034985785881996
P07271,Good,0.7900683462984495,0.20993160350499565,5.019655481480586e-08
P01284,Good,0.00486975631007502,0.9945195730580447,0.0006106706318802043
P04790,Average,0.9400823034693804,0.05991768925797802,7.272641662131504e-09
P00929,Good,0.0008007665794596997,0.9790306871226234,0.0201685462979169
P00940,Good,0.00223242816087404,0.9971783170675178,0.0005892547716081974
P04182,Average,0.3218596476473569,0.6781392317795877,1.1205730553825312e-06
P09208,Good,2.7943762802394688e-05,0.984054554013115,0.015917502224082506
P00766,Good,0.06981397700828085,0.9301482533013007,3.7769690418470764e-05
P09423,Good,4.1403574648795565e-06,0.6775939881873523,0.32240187145518295
P09461,Average,0.989698449031499,0.010301550814858822,1.5364214001928201e-10
P02289,Good,0.006251094171785633,0.993272293330304,0.00047661249791040465
P09583,Good,0.4815388814501279,0.5184589794511913,2.139098680770327e-06
P02632,Average,0.43995463181006816,0.560042244947544,3.1232423878761642e-06
P03133,Good,0.0001773985628042649,0.9268967408079483,0.07292586062924744
P04589,Good,0.7274227646455568,0.27257591959159533,1.3157628479939353e-06
P00805,Average,0.9999998814993489,1.1850065112632348e-07,6.983385795037702e-20
P03791,Good,9.979147410258008e-06,0.8890690315551016,0.11092098929748823
P09596,Good,0.006656377157272407,0.9929286413732978,0.0004149814694298098
P05258,Good,0.07638444723135464,0.923345294018342,0.0002702587503034608
P00269,Good,0.16942472629391267,0.8305679754496538,7.2982564335568665e-06
P09680,Excellent,4.260193072542493e-12,0.0009070597099407321,0.999092940285799
P04600,Average,0.9847332364929736,0.015266763248149542,2.5887685616032304e-10
P09253,Average,0.9514183165556852,0.04858167938549379,4.0588208168261905e-09
P07312,Excellent,2.3293346429189817e-09,0.01852020351908713,0.9814797941515783
P02990,Average,0.8641844502736672,0.13581550637959355,4.33467392596336e-08
P04234,Good,5.993842046504491e-07,0.34566371217234226,0.654335688443453
P07137,Good,0.0018371185203654666,0.9980654942944357,9.738718519881926e-05
P04681,Good,0.4979797560638356,0.5020170665432598,3.1773929045641235e-06
P09488,Excellent,2.7526515398596815e-14,4.581134521346067e-05,0.999954188654759
P00774,Average,0.999999991181631,8.818369134624176e-09,5.061701064793272e-23
P03895,Good,8.483717552791407e-06,0.6832445343818793,0.31674698190056794
P01054,Average,0.9951221753899447,0.004877824550861487,5.919392892894613e-11
P06417,Average,0.880154867962172,0.11984511901404152,1.3023786478460304e-08
P02618,Good,0.5810203611789294,0.41897911924208225,5.195789883575324e-07
P02083,Good,0.0071860170602210775,0.9927640599381949,4.9923001584012757e-05
P00910,Average,0.9997670244245723,0.00023297557539978949,2.787177095579919e-14
P02348,Good,0.00016873870384252992,0.9678569613749045,0.031974299921252856
P03328,Good,0.025199769146119457,0.974770960602229,2.927025165158694e-05
P08278,Excellent,3.179087255440463e-13,0.0004908396382322818,0.99950916036145
P01858,Average,0.6009548190832718,0.3990448931636123,2.8775311592877606e-07
P05341,Average,0.5557642842258252,0.44423563377235126,8.200182352770362e-08
P00824,Good,0.032811665711452505,0.967172264706537,1.606958201033449e-05
P03152,Good,0.6293506132849512,0.37064300297461183,6.383740437034597e-06
P01142,Good,0.08455691451381768,0.9154372120474515,5.873438730819838e-06
P09160,Good,0.0014812853430043493,0.9973868572722177,0.0011318573847779814
P09725,Good,0.9378032779064182,0.06219671958940996,2.504171977641514e-09
P04948,Excellent,7.893886169701247e-12,0.0015438502104125871,0.9984561497816935
P08280,Good,0.06949453938365445,0.9303687076352437,0.00013675298110190197
P03224,Excellent,6.827041723349415e-16,1.6694130766655337e-05,0.9999833058692327
P02947,Average,0.9999979839074687,2.016092531305662e-06,9.757254762588775e-18
P00570,Excellent,1.1235480459243698e-07,0.2789620588396129,0.7210378288055825
P07506,Excellent,7.938822377056555e-07,0.659593892777032,0.3404053133407303
P07398,Excellent,8.701786465615281e-20,1.792030967430067e-07,0.9999998207969033
P07217,Good,0.004394032623880867,0.995073411983539,0.0005325553925801036
P08639,Good,1.4280528366212904e-05,0.990087742917912,0.00989797655372171
P02816,Good,8.642334955304401e-08,0.18706818461316715,0.8129317289634834
P02727,Good,0.023333742258430136,0.9766259380755157,4.0319666054248035e-05
P03221,Good,0.0009293052464174417,0.9956159055598556,0.003454789193727041
P02518,Excellent,9.537651286045335e-12,0.0012771051058718809,0.9987228948845903
P02311,Excellent,4.89204669512972e-18,1.2898719949030879e-06,0.999998710128005
P06350,Excellent,8.31103287554615e-11,0.0029495310808448703,0.9970504688360448
P00768,Average,0.9999981832629231,1.8167370768258232e-06,9.759514257301623e-18
P02403,Good,0.8020971034959301,0.19790281469727294,8.180679694380851e-08
P07591,Good,0.1443563340560938,0.8556050182376981,3.864770620813958e-05
P04911,Excellent,1.7115116380879868e-08,0.15047372673066126,0.8495262561542224
P03801,Excellent,3.0780415835781413e-11,0.004263545751714786,0.9957364542175049
P03917,Good,0.03244451575899944,0.9675220457137426,3.343852725803436e-05
P00760,Excellent,7.071783896192361e-11,0.00245315990149778,0.9975468400277844
P01172,Good,3.006019229179676e-06,0.6336465174471354,0.36635047653363534
P01096,Excellent,6.773339988519522e-10,0.013384070930974771,0.9866159283916912
P01037,Excellent,5.48319599610445e-22,1.18897929156329e-08,0.999999988110207
P00782,Average,0.9944373545142473,0.0055626453997567665,8.599605780570751e-11
P04916,Good,0.015890391488382873,0.9838244257209332,0.0002851827906839935
P02652,Good,0.020538146130393883,0.9794077520146269,5.410185497907229e-05
P02342,Average,0.9999998981753785,1.0182462145821899e-07,5.472274514208266e-21
P04707,Excellent,2.469448597326665e-08,0.0645596869130081,0.9354402883925059
P02726,Good,2.387084243789685e-06,0.6597983120824497,0.3401993008333067
P07446,Good,0.006032359436235424,0.9932935181911633,0.0006741223726011692
P04037,Average,0.9957316029700097,0.004268396939862319,9.012780887023556e-11
P03762,Good,0.0018616780951764128,0.9977851313920865,0.0003531905127371434
P09346,Good,0.005763123149425222,0.9941839286601771,5.29481903976118e-05
P01445,Good,0.0026899281435404767,0.9953342200889105,0.001975851767549041
P08721,Excellent,1.7732903551142505e-18,7.598095831707811e-07,0.9999992401904167
P08580,Good,0.00026173759266597186,0.995888529124888,0.0038497332824460407
P09065,Good,0.20524189759046266,0.7947163308382519,4.177157128539141e-05
P04651,Average,0.9615593216592868,0.038440673939437404,4.401275852294827e-09
P03668,Excellent,2.7366089136454786e-16,5.1333292725104415e-06,0.9999948666707273
P07054,Average,0.9999999474626328,5.25373672229081e-08,1.6658490696514273e-21
P01088,Excellent,7.823331929893686e-20,5.7816236846244494e-08,0.9999999421837631
P00347,Average,0.9999999999995939,4.0616437368485776e-13,4.232511999166093e-32
P00322,Excellent,1.1434741222296378e-16,2.307749172806438e-06,0.9999976922508269
P07331,Good,1.2015528556930848e-05,0.8395910616131748,0.16039692285826831
P08835,Excellent,1.134463211097942e-09,0.0357033149470153,0.9642966839185216
P04393,Good,0.19457908371963373,0.8054199582771444,9.580032218118081e-07
P00355,Good,2.1365326553411515e-05,0.7696486060702806,0.23033002860316587
P06975,Excellent,1.726544380793071e-08,0.08274970471538852,0.9172502780191677
P04751,Excellent,8.185359451843211e-14,0.00015161340948501232,0.9998483865904331
P05182,Good,0.0008778203268649062,0.9987874055426958,0.0003347741304392437
P00033,Good,0.018841634740855494,0.9809938394478636,0.00016452581128090568
P06367,Excellent,1.1767371155143517e-07,0.3106588762679931,0.6893410060582954
P02732,Good,0.00041882487153775883,0.9951726127781165,0.004408562350345714
P02123,Excellent,2.460545332101586e-17,1.8577591393241721e-06,0.9999981422408606
P06193,Average,0.9981545820127248,0.0018454179772282749,1.0046899629847344e-11
P06616,Excellent,3.336139461646937e-14,7.501515054587865e-05,0.9999249848494207
P05291,Excellent,8.659346027750346e-11,0.0034899257903971367,0.9965100741230094
P02906,Good,0.000323963684675416,0.972279967474758,0.02739606884056661
P04226,Good,0.0010699909716584738,0.9981372913545923,0.0007927176737493315
P07385,Average,0.6982133584016936,0.3017858199331275,8.216651789916864e-07
P08627,Good,4.358324097008609e-08,0.039067095358231545,0.9609328610585276
P06862,Average,0.9999999999874631,1.253691222830053e-11,9.149873937941768e-28
P01163,Excellent,6.9177875042086694e-18,9.50999032593381e-07,0.9999990490009674
P02696,Good,0.0030304671591011886,0.9944493770190412,0.002520155821857552
P07044,Excellent,2.891724960937778e-08,0.07817739634860443,0.9218225747341459
P04295,Average,0.7854168230225745,0.21458293345483942,2.4352258594046773e-07
P09312,Good,0.0001031848504642449,0.9508121923022738,0.04908462284726201
P02971,Excellent,1.4449215844177804e-07,0.18706848064385,0.8129313748639916
P08212,Excellent,4.97767503692261e-09,0.12739669680524013,0.8726032982170848
P00967,Excellent,1.67834626158967e-08,0.1752656082729154,0.8247343749436221
P07173,Excellent,1.379253702046054e-17,2.091374292237969e-06,0.9999979086257078
P07742,Average,0.9999998424765546,1.5752344541693595e-07,9.095793512867873e-20
P09332,Good,0.00020113044281857285,0.9506752044390402,0.04912366511814131
P07985,Excellent,9.78327742651431e-07,0.16684109811168205,0.8331579235605753
P01123,Excellent,3.6889358296970865e-19,4.2649538079559236e-07,0.9999995735046192
P04888,Good,0.0010601263393049544,0.9979610204737311,0.0009788531869639556
P07857,Excellent,2.1270707864601937e-08,0.0731483222596207,0.9268516564696714
P08412,Good,0.06813956918156153,0.931776992453566,8.343836487242936e-05
P08563,Excellent,9.983625363266632e-07,0.8194513333139057,0.18054766832355784
P06518,Good,0.0029877166603977964,0.9959353947667423,0.0010768885728599136
P05121,Good,0.5793039476479753,0.42069584889730227,2.0345472241794373e-07
P07237,Good,0.4736979771022211,0.5262987407066387,3.2821911400951516e-06
P03429,Excellent,5.54048759441773e-16,1.6974522387363303e-05,0.9999830254776121
P09558,Good,1.4032763038387165e-05,0.9207848561707247,0.07920111106623695
P00742,Excellent,6.554521953061836e-16,1.4458706118871093e-05,0.9999855412938805
P06368,Excellent,1.0053889783750296e-08,0.05996935723351873,0.9400306327125915
P03055,Good,0.0003699343335667891,0.9869964374599144,0.012633628206518675
P07752,Excellent,1.5775678971425017e-10,0.008781887633357337,0.9912181122088858
P06434,Excellent,6.936700591532746e-19,7.749097351438755e-07,0.9999992250902648
P04619,Average,0.9996981119934125,0.00030188800658143407,5.914050196613514e-15
P03646,Good,4.533128939998672e-05,0.9048123264393365,0.0951423422712635
P08728,Good,0.00012395885526151476,0.9964387739152447,0.0034372672294936727
P07542,Average,0.9997155074079287,0.00028449259199410235,7.715173006890759e-14
P08410,Average,0.9999999123308673,8.766913260915058e-08,7.212665796920604e-21
P00973,Good,0.5947928265885042,0.4052068392487114,3.3416278438700375e-07
P08271,Average,0.9999999995594671,4.405328777599299e-10,5.850198178876594e-26
P07126,Average,0.881302802432414,0.11869718199208071,1.5575505368126184e-08
P02357,Average,0.9999999994900597,5.099403019830953e-10,3.7589972440834144e-25
P05114,Average,0.9601209719296564,0.039879026449749284,1.6205944279007322e-09
P08206,Excellent,6.2621767186215985e-09,0.030707404199390317,0.969292589538433
P03092,Good,0.00037451902785676553,0.9339281760673651,0.0656973049047781
P03203,Good,0.026331407509326003,0.9736111606648088,5.743182586530037e-05
P07962,Average,0.9950004614736508,0.004999538519293116,7.055984423040243e-12
P08578,Good,1.4387463156255593e-05,0.8984174354523256,0.10156817708451832
P03647,Good,4.6774284247479576e-07,0.3361869373190349,0.6638125949381227
P01639,Average,0.9999989837360147,1.0162639853450226e-06,2.1273470000645633e-18
P07866,Good,0.030422123498520748,0.9695584465956963,1.9429905783013654e-05
P07257,Average,0.9999998760272053,1.2397279475167235e-07,7.825695755381087e-21
P08675,Good,0.016422345889013396,0.9835385244709159,3.912964007069671e-05
P07486,Good,0.029611619904180837,0.9703750470706864,1.3333025132819948e-05
P03532,Good,0.0062896214006274,0.9936155939545177,9.478464485496707e-05
P04336,Average,0.999867832150285,0.00013216784968484176,3.017993513191789e-14
P07644,Good,6.117873158119269e-06,0.7845831531979742,0.21541072892886762
P03687,Excellent,1.4506058831054383e-09,0.017333240075195388,0.9826667584741987
P06770,Good,0.00012208394719027577,0.9809639354214493,0.018913980631360402
P07408,Good,0.00013264655036219946,0.9806737662360503,0.019193587213587385
P02419,Excellent,3.487181445078008e-08,0.18541628107684957,0.8145836840513361
P08885,Average,0.999998091146417,1.9088535830338355e-06,1.1170673054998266e-18
P01342,Average,0.9340565388590235,0.06594345882338983,2.3175865946842733e-09
P07518,Good,0.00677239984076423,0.9931838654870173,4.37346722185515e-05
P01470,Excellent,1.6886339409023903e-11,0.0033285408640465106,0.9966714591190672
P04919,Excellent,2.8921435158292845e-17,3.0412182737716016e-06,0.9999969587817263
P08463,Average,0.9873378755621093,0.012662124418330855,1.9560047438652282e-11
P05429,Excellent,1.5247328539017178e-12,0.0005009407550876898,0.9994990592433877
P03161,Good,0.009222031520621465,0.990693712113679,8.425636569962045e-05
P09130,Good,0.0002484718216442962,0.9993374335834989,0.0004140945948568366
P03017,Excellent,1.7642389556049507e-06,0.6968802429413465,0.3031179928196978
P09006,Average,0.9399348609387302,0.06006512200493171,1.7056338129771002e-08
P09850,Excellent,1.9661924694919956e-16,3.7235907560912705e-06,0.9999962764092436
P02868,Excellent,4.1414021747776633e-08,0.09500341032909601,0.9049965482568821
P09254,Good,0.0002280590967009228,0.9878402088101667,0.011931732093132561
P00714,Good,0.2518873528468361,0.7481082464614623,4.400691701548144e-06
P04214,Excellent,6.7181978594094294e-18,8.604516038353898e-07,0.9999991395483961
P07559,Good,0.0014579338705368048,0.9973784955304341,0.0011635705990289502
P01909,Excellent,3.782010862663611e-09,0.02760365806499566,0.9723963381529936
P05086,Excellent,2.2531964618530998e-14,2.506782465404408e-05,0.9999749321753235
P05780,Good,4.758899194806994e-06,0.4372173871295015,0.5627778539713038
P05396,Average,0.9999999988971411,1.1028590071449274e-09,9.619923509612098e-26
P01475,Average,0.9999999880070435,1.1992956587270236e-08,6.594210113344543e-22
P00342,Good,4.218421795863286e-05,0.9019573698358299,0.09800044594621152
P00210,Good,0.229899703334125,0.7700996837316632,6.12934211882431e-07
P01072,Good,0.08657501870692444,0.913413289690627,1.1691602448576144e-05
P04098,Average,0.9987989851527921,0.0012010148447666928,2.441280448704614e-12
P01063,Good,4.6915881814165905e-08,0.1432460755671725,0.8567538775169456
P00131,Excellent,1.8813350447022658e-16,4.605678246623119e-06,0.9999953943217532
P08199,Good,0.001501227948960448,0.9975444594914225,0.0009543125596171494
P04909,Good,1.6493965026188266e-05,0.8930509540846959,0.10693255195027787
P02893,Good,1.4455209864561394e-05,0.7848549407961555,0.21513060399397993
P09105,Excellent,1.4507675743919933e-07,0.13367071709734177,0.8663291378259008
P00595,Good,0.01918685600193406,0.9807303695182421,8.277447982387343e-05
P00679,Good,0.0006568375173124271,0.9766501752659845,0.022692987216703084
P02220,Good,3.2017944328879466e-07,0.4502005208392935,0.5497991589812632
P00798,Average,0.9989554241001833,0.0010445758996816183,1.350857651571048e-13
P04962,Good,2.5964626569087165e-07,0.24770560410297515,0.7522941362507591
P03090,Good,0.0010164158056924035,0.9870812480732687,0.011902336121038875
P06688,Excellent,3.4701113069991748e-15,1.838907581415136e-05,0.9999816109241823
P02051,Good,0.0014743086985455187,0.9968233447312284,0.0017023465702260556
P02082,Good,0.00032022689709720485,0.9896687892610267,0.010010983841876066
P00201,Average,0.9999999236321445,7.636785562467632e-08,2.699664871993828e-21
P07735,Good,5.959933111095653e-06,0.6091928497110176,0.39080119035587135
P04490,Good,0.0010014411588823505,0.9977716246850877,0.00122693415602988
P02190,Average,0.7723543483258526,0.22764560804080206,4.3633345330704776e-08
P03131,Good,2.545115356038135e-07,0.12232126291250195,0.8776784825759625
P08712,Excellent,8.590365552511535e-11,0.004897514195401206,0.9951024857186951
P07073,Good,0.011176434088850998,0.9886335801557025,0.00018998575544661766
P05925,Excellent,4.020951327803312e-17,1.8267115606908954e-06,0.9999981732884393
P07931,Average,0.9231303099788778,0.07686965861726706,3.140385512111993e-08
P06651,Average,0.5680246473028707,0.4319737581684284,1.5945287008796849e-06
P07912,Excellent,3.803284736069173e-16,1.626590039413944e-05,0.9999837340996055
P03164,Excellent,2.316511029773944e-09,0.0210260711953622,0.9789739264881266
P07454,Good,2.08853760042738e-05,0.9166045174479338,0.0833745971760619
P09007,Good,0.015492971043367344,0.9844953864304664,1.164252616624917e-05
P06624,Average,0.999639258021764,0.0003607419769901289,1.2458665619274679e-12
P03515,Good,0.001853479251809165,0.9957051889195382,0.0024413318286526805
P06147,Excellent,2.966194809124435e-11,0.005400932126373857,0.9945990678439641
P09456,Excellent,1.0204064932453287e-16,9.123390583737459e-06,0.9999908766094163
P01587,Average,0.99987231305835,0.00012768694164373107,6.156670175885909e-15
P04039,Good,0.00012023949272907943,0.9945795148540562,0.005300245653214807
P04966,Average,0.9999999525115877,4.7488412228917087e-08,9.211394224603149e-22
P08997,Good,1.3732185298615836e-05,0.835431054748294,0.1645552130664074
P02152,Excellent,2.1209128312914603e-12,0.0009230476340354829,0.9990769523638435
P03179,Excellent,2.9765101888561557e-12,0.0004574983190604965,0.999542501677963
P00801,Good,0.00017851033342610408,0.9956231595119245,0.004198330154649299
P01359,Excellent,7.276852997999351e-06,0.6905183570053304,0.30947436614167156
P09125,Excellent,5.5244301733169485e-17,5.597790335098781e-06,0.999994402209665
P03937,Excellent,1.0309681344413825e-12,0.0003732779771364956,0.9996267220218324
P02728,Average,0.9985151129690025,0.001484887025712887,5.2844897842898624e-12
P08496,Good,0.007551036531773098,0.9922517141699692,0.00019724929825767621
P08451,Good,2.7656856938656876e-05,0.9723490514779046,0.02762329166515686
P00730,Excellent,1.0523378289290109e-12,0.0011698738223965748,0.998830126176551
P05030,Good,0.0008081063368774482,0.9969234758805341,0.002268417782588492
P09042,Average,0.9999954193725377,4.580627462387418e-06,1.0731155367977892e-16
P06186,Good,0.026680837563299174,0.9730752469062768,0.00024391553042405327
P07686,Good,6.771352121210795e-06,0.8783359330543048,0.12165729559357408
P06231,Good,0.0023924388846476956,0.9970476526080111,0.0005599085073411138
P07594,Good,4.962277574823052e-08,0.05185471530215912,0.9481452350750651
P04641,Good,0.19195110422107806,0.8080431420364423,5.753742479682562e-06
P00524,Excellent,8.163151838050743e-08,0.18194992807981858,0.8180499902886631
P05713,Excellent,4.0142703880931006e-08,0.1629921847514078,0.8370077751058882
P05965,Average,0.9999999949599874,5.040012703486384e-09,2.1781459223244758e-23
P03362,Good,0.0023481130089334896,0.9945178180258595,0.003134068965207001
P04341,Good,0.000731211103536668,0.998537041340644,0.0007317475558193159
P06808,Average,0.8767113473698341,0.12328854645785847,1.0617230733848606e-07
P00734,Good,0.028505324893517096,0.9711282289787617,0.0003664461277212667
P09535,Excellent,1.3390923381122193e-13,0.00023414604325809772,0.999765853956608
P02040,Average,0.9999987204550412,1.2795449587689293e-06,2.0713952986099803e-18
P07084,Good,0.09802323275100815,0.901934098028483,4.266922050891567e-05
P00613,Average,0.9971347100333349,0.0028652899447393783,2.19258859647594e-11
P04235,Excellent,3.798810263051747e-17,1.6433564378397246e-06,0.9999983566435621
P03861,Excellent,2.207133538442418e-07,0.34913406860902313,0.650865710677623
P06081,Excellent,1.929953472575687e-14,0.0002499134734803483,0.9997500865265004
P05753,Excellent,1.7375380989020137e-10,0.0034502801350820363,0.9965497196911641
P03259,Excellent,2.4251325812549325e-09,0.04916140023970863,0.9508385973351587
P01627,Good,2.7681979186202618e-06,0.32454991209838874,0.6754473197036927
P08221,Good,2.4698716968843896e-05,0.9933461554694492,0.006629145813582042
P00828,Excellent,3.849753921212298e-14,0.00010303915125061918,0.9998969608487109
P00975,Good,0.00014653307215339878,0.8374317527335785,0.16242171419426815
P09550,Good,0.0015782427245340338,0.9978583810469646,0.0005633762285013169
P08839,Excellent,1.4146501906744341e-13,5.708960950155051e-05,0.999942910390357
P09699,Good,0.004939423797187789,0.9938049496876704,0.0012556265151417538
P01756,Average,0.9991572748616947,0.0008427251379931902,3.120879287462642e-13
P09933,Good,6.753586454854682e-05,0.994872451875947,0.005060012259504447
P04180,Average,0.9681350258594122,0.03186497392965424,2.109335959922278e-10
P00653,Excellent,9.792830207314634e-08,0.06192365017753735,0.9380762518941604
P00500,Good,0.4023790433337013,0.5976177589034309,3.1977628677852417e-06
P09403,Excellent,1.5879064589091809e-07,0.20077955780800796,0.7992202834013461
P01782,Good,0.00014105031855106632,0.9842266356479061,0.015632314033542875
P04485,Average,0.99998589667695,1.4103323049691404e-05,2.538558556323064e-16
P06559,Good,3.768380844250168e-05,0.952737551418981,0.04722476477257662
P09315,Average,0.9603597886952764,0.03964021070915709,5.955663738910498e-10
P08749,Average,0.9999802605617502,1.973943824948615e-05,2.504537551143725e-16
P06836,Average,0.9999958588489717,4.141151028260958e-06,4.8540660486232976e-18
P09717,Good,0.7995327775157284,0.2004671848934213,3.7590850196215626e-08
P01058,Average,0.9056113592663317,0.09438862991813017,1.0815538043738448e-08
P03305,Good,7.823283632654108e-05,0.9981718722292151,0.001749894934458357
P06040,Good,0.4051208017362255,0.594875792299933,3.405963841314825e-06
P03222,Average,0.9999989835438681,1.0164561319049013e-06,6.89379442407046e-19
P01562,Excellent,3.5623509005129327e-09,0.030592850884650323,0.9694071455529987
P08867,Good,2.384460169013847e-05,0.8107316531890394,0.18924450220927042
P08542,Average,0.9955844451016328,0.0044155548239131134,7.445419348211358e-11
P07603,Excellent,9.22998214156648e-19,3.0809688628286463e-07,0.9999996919031137
P09926,Excellent,5.027456819441926e-15,1.2602833444298809e-05,0.9999873971665505
P00849,Average,0.9921634050817859,0.00783659393910984,9.791042704812033e-10
P07502,Excellent,1.3072972138151194e-10,0.0072636429334294785,0.9927363569358408
P08160,Good,0.00035495536140046696,0.9955872255373034,0.004057819101296085
P02651,Average,0.9999995336446098,4.6635539013040957e-07,1.9448137109458414e-19
P04329,Good,0.006775785817161213,0.9926052489202972,0.0006189652625414242
P06048,Average,0.9999999451928839,5.48071161599772e-08,3.467375893018802e-20
P01463,Good,0.018940391526563273,0.9808353441449899,0.0002242643284468191
P04172,Good,1.1381134775962443e-05,0.9750082231296342,0.0249803957355897
P02617,Average,0.9990532455944714,0.0009467544054079835,1.2067774137981193e-13
P00841,Good,0.13642693343542417,0.863522132211524,5.0934353051804985e-05
P04759,Good,0.0012184937272093632,0.996722579481788,0.002058926791002586
P03405,Excellent,6.324508313578426e-13,0.0003910677241412435,0.9996089322752264
P04106,Average,0.9262648635534512,0.07373513102356838,5.4229803344925575e-09
P00706,Average,0.9396675288683765,0.06033246941498066,1.7166428281909136e-09
P07692,Good,4.076393346473409e-05,0.853322025434822,0.14663721063171328
P09351,Good,0.008706642656559994,0.9908943401033496,0.00039901724009035416
P05472,Average,0.980580524695974,0.0194194750666866,2.3733943621696817e-10
P00936,Good,0.17968262960641693,0.8202860567606685,3.131363291451689e-05
P07777,Good,6.008507632292561e-06,0.8416873490016813,0.1583066424906864
P06465,Average,0.9657945226183563,0.034205476339372404,1.0422714572317915e-09
P06423,Excellent,1.3688413834714866e-18,4.66486717097794e-07,0.999999533513283
P01722,Average,0.999989709732677,1.0290267322864264e-05,2.3185300109446933e-16
P01971,Excellent,2.1123055964081545e-07,0.10260608100472686,0.8973937077647135
P07313,Good,0.006203497752637543,0.9937163277098603,8.017453750216858e-05
P08242,Good,0.9024181586395543,0.09758179378394119,4.757650452698064e-08
P02611,Good,1.909895558439134e-05,0.8988475169367578,0.10113338410765788
P01171,Good,2.8867211384695728e-05,0.937889592494684,0.062081540293931384
P09321,Good,0.000148273025159953,0.946155659955843,0.0536960670189971
P06051,Excellent,3.2887288283008073e-09,0.015242060260619758,0.9847579364506515
P02347,Excellent,2.117697352959215e-09,0.029732151313520964,0.9702678465687817
P05338,Excellent,2.8727749715287504e-12,0.00034260252677901674,0.9996573974703482
P08913,Good,0.00011167548537993673,0.9982041148096947,0.001684209704925425
P02509,Good,2.547434053708123e-09,0.02631672455720994,0.973683272895356
P04627,Excellent,3.002045322369686e-15,1.640908153226621e-05,0.9999835909184647
P08184,Average,0.9999981067298005,1.8932701994922622e-06,2.7019770062868785e-17
P08886,Good,0.0005452391779730768,0.9709982480065684,0.02845651281545859
P09843,Average,0.9999947146660698,5.285333930049421e-06,7.673730464709134e-18
P05057,Excellent,1.1192334546824596e-06,0.432353310414917,0.5676455703516283
P01935,Excellent,1.4889112215183053e-13,0.00020385094485836225,0.9997961490549928
P06889,Average,0.5334691107837328,0.4665297846407627,1.1045755045099605e-06
P01644,Good,0.3909037799470954,0.6090949317568263,1.2882960783783505e-06
P00619,Average,0.9999359240522847,6.407594771332527e-05,2.100500170009482e-15
P05531,Good,0.020047443547999203,0.9798861888198864,6.636763211432648e-05
P06946,Excellent,9.331379784945547e-17,6.878853255639067e-06,0.9999931211467444
P05048,Good,0.0016016164604756994,0.9938080459503279,0.004590337589196411
P04995,Excellent,2.6231476953248675e-11,0.00317648255917285,0.9968235174145955
P02208,Average,0.9995906098688785,0.0004093901296784134,1.4431888324443633e-12
P06909,Excellent,6.892453099571772e-11,0.004700020308896083,0.9952999796221794
P07751,Excellent,1.1667710226148262e-12,0.0016156970541566602,0.9983843029446766
P03275,Average,0.7709595299048028,0.2290404662997344,3.795462879117347e-09
P08704,Good,0.0008848923217481879,0.9871326169080806,0.011982490770171064
P01970,Average,0.9816975885150324,0.018302410311526785,1.173440810446017e-09
P04917,Excellent,2.633824117799006e-13,0.00017144454936677135,0.9998285554503701
P09587,Excellent,9.567330355610096e-16,4.552388099765763e-05,0.9999544761190015
P02459,Excellent,1.0821600010259167e-09,0.010957774916637417,0.9890422240012026
P01867,Good,4.74617754848756e-07,0.6594418194359422,0.3405577059463029
P06153,Good,0.03612230952039363,0.963817013425676,6.067705393025091e-05
P05097,Good,0.8554217092556555,0.14457827484280777,1.5901536661715976e-08
P05555,Good,0.007052554278300797,0.9925999342831685,0.00034751143853071174
P00146,Good,7.443213454454779e-05,0.9738807180509905,0.026044849814464827
P00329,Good,8.94527095842082e-07,0.4839564999433637,0.5160426055295405
P09861,Excellent,2.529695165965496e-09,0.03607002308817518,0.9639299743821297
P08852,Excellent,1.8353960535841604e-14,0.00017173776162958892,0.9998282622383521
P09005,Excellent,1.351945920178615e-15,4.0455906264747496e-05,0.9999595440937339
P06383,Average,0.9978829835517116,0.0021170164395090778,8.779484823690349e-12
P00450,Good,0.022880915231477235,0.976862262635603,0.00025682213291973097
P01670,Good,0.05021814445409367,0.9496269493525886,0.0001549061933176807
P09149,Excellent,5.658981852501565e-19,8.666771282705452e-07,0.9999991333228717
P07453,Good,0.0018056620887919607,0.9971384396207446,0.0010558982904635564
P08601,Excellent,3.4220096950113393e-10,0.008472565676319443,0.9915274339814796
P05940,Excellent,2.455446531313987e-13,0.00016962138167456306,0.9998303786180798
P02330,Good,2.8223880072668784e-05,0.9752251579164631,0.024746618203464136
P01119,Average,0.8369457890063776,0.16305419903209817,1.1961524169058338e-08
P09603,Good,0.0015974153348828433,0.994522574731917,0.003880009933200164
P03785,Excellent,4.172532261604406e-09,0.03677076093086384,0.963229234896604
P05504,Excellent,6.122698901273369e-13,0.0003261636006195403,0.9996738363987683
P02488,Good,0.03323111938756853,0.9667165376314864,5.234298094521169e-05
P07342,Excellent,1.4670999874276463e-06,0.47185424055120184,0.5281442923488108
P07693,Average,0.9765189987410096,0.023481000459161853,7.998285841350721e-10
P08971,Good,2.9609010520915066e-05,0.9321225283941672,0.06784786259531178
P01723,Excellent,6.0446694881632586e-18,9.7253675585056e-07,0.9999990274632441
P00162,Average,0.9859959922279796,0.014004007597980234,1.740403123939646e-10
P04036,Good,0.02915895727376078,0.9707161999400405,0.00012484278619860365
P08252,Average,0.849145780845983,0.15085395035912852,2.6879488850964375e-07
P01692,Excellent,1.6124748157191786e-17,1.7706006146586398e-06,0.9999982293993854
P06555,Excellent,1.6593360594182554e-19,2.7683129212127463e-07,0.9999997231687079
P09422,Good,0.005982160264519819,0.9938617300117163,0.00015610972376385493
P03821,Good,0.008632053985663017,0.9910892703162839,0.0002786756980530834
P09411,Good,0.0038535225986386424,0.9959432554791192,0.0002032219222420325
P01865,Good,0.2525303487549365,0.7474617872075141,7.864037549324608e-06
P00081,Excellent,2.499099602587901e-10,0.01344006123897039,0.9865599385111197
P01446,Good,3.0257545353388884e-05,0.9691495020012368,0.030820240453409902
P01553,Excellent,4.404902285866628e-08,0.14475658339183822,0.8552433725591388
P08937,Excellent,1.3482515784223295e-18,6.499860457251837e-07,0.9999993500139542
P00898,Good,0.00022401145632294038,0.9929112981305916,0.006864690413085487
P05160,Good,0.0004890525029550577,0.9982525079120934,0.0012584395849514754
P09031,Average,0.21333437459878432,0.7866647688454151,8.565558003963772e-07
P04323,Average,0.9999726878261731,2.73121738250313e-05,1.7052428451982095e-15
P02761,Good,6.7945470127947445e-06,0.9174098477671717,0.08258335768581554
P01125,Good,0.0005323687035737418,0.9993609585996506,0.00010667269677561943
P07891,Good,1.3194581135419974e-05,0.9811547071838636,0.018832098235000996
P06348,Average,0.9999972800068303,2.7199931697208224e-06,1.2063808859745123e-17
P01257,Good,0.005559027994356198,0.9935685644559707,0.0008724075496730126
P07494,Excellent,9.817537676044034e-11,0.003753489177268337,0.9962465107245563
P08415,Excellent,1.5154396102601252e-09,0.01795387043098893,0.9820461280535716
P05574,Excellent,2.394538116548061e-07,0.5477162692006551,0.45228349134553325
P09627,Good,0.012055898774052002,0.9879089050741797,3.5196151768384366e-05
P02130,Average,0.999999996342553,3.6574469476219594e-09,1.0508742405149745e-23
P04045,Good,0.029719241235259916,0.9702368630485902,4.389571614979543e-05
P06291,Average,0.9627252509649831,0.03727473369305698,1.5341960046350926e-08
P02158,Average,0.9999999907542442,9.245755923951948e-09,2.0781639578660517e-22
P07640,Excellent,1.0229378025703406e-11,0.0026258866227952915,0.9973741133669755
P01314,Good,0.464141120786729,0.535858593159484,2.8605378693727046e-07
P02525,Excellent,3.699255298115778e-17,9.649522212284076e-07,0.9999990350477789
P06371,Excellent,1.966807300146924e-06,0.4452762899269697,0.5547217432657301
P06838,Excellent,1.0132976009077796e-12,0.0004569430038478275,0.9995430569951389
P07673,Good,0.0004470260397413369,0.9966198796843053,0.0029330942759532505
P06478,Excellent,7.74247559365729e-14,6.838767444218792e-05,0.9999316123254803
P01938,Excellent,1.5385906897145968e-06,0.32219016571080017,0.6778082956985101
P09441,Average,0.5983357200291007,0.4016638260762079,4.5389469142704243e-07
P04500,Average,0.7336975122265245,0.2663015899840754,8.977894001013392e-07
P05345,Good,2.3511985443679277e-06,0.4858453496143494,0.5141522991871063
P08497,Good,0.0003065916523105456,0.9947109378110632,0.004982470536626268
P04879,Good,0.010411133056021376,0.9887785332048012,0.0008103337391774629
P06699,Excellent,9.322405774455498e-08,0.1229865259949426,0.8770133807809997
P02951,Excellent,6.923479474817834e-11,0.0015363423135708613,0.9984636576171942
P02529,Excellent,4.111458241809262e-06,0.39826845865949495,0.6017274298822632
P05902,Good,6.430760985716323e-07,0.3281806714884081,0.6718186854354933
P03526,Excellent,3.3787756181872206e-15,4.8917842011296874e-05,0.9999510821579852
P00794,Average,0.9646538017753864,0.035346198039664246,1.8494950064556767e-10
P09224,Average,0.9996839450747373,0.0003160549250122989,2.5044737064519287e-13
P07712,Average,0.997648543229046,0.0023514567616018025,9.352265031801908e-12
P06863,Good,0.6176175540602167,0.38238094401358685,1.5019261963748014e-06
P02180,Excellent,1.1254922042553353e-13,0.000371353906465543,0.999628646093422
P07531,Excellent,1.6556265792487223e-08,0.029906279199527427,0.9700937042442068
P06033,Good,0.0014561841298347227,0.9963914600277264,0.002152355842438851
P01198,Good,0.00112804179686899,0.9958433940170517,0.0030285641860792645
P06604,Average,0.9726572565413867,0.0273427422767284,1.181884868479702e-09
P03315,Excellent,2.2957825672468097e-16,8.076640194774892e-06,0.999991923359805
P02876,Good,0.2051297579670837,0.7948685766294816,1.6654034345981738e-06
P07710,Good,2.9059787753034097e-06,0.6849565130333021,0.3150405809879226
P04834,Good,0.006531176052857641,0.9930272621252483,0.0004415618218940765
P01104,Average,0.9997821098643414,0.00021789013545958654,1.9915782069245733e-13
P08142,Average,0.9999961854146563,3.81458534376699e-06,8.06575139944637e-17
P00978,Good,0.009918280549421319,0.9898183983494514,0.0002633211011273224
P09230,Good,0.0005341392221799835,0.9951265045999037,0.004339356177916382
P07579,Excellent,4.048006554557644e-20,2.4664772389192e-07,0.9999997533522762
P06387,Average,0.9255011445210483,0.07449884515560817,1.0323343557304437e-08
P00325,Good,6.40901543674148e-05,0.9738927267667249,0.026043183078907642
P09614,Good,0.01358506838823086,0.986334659477555,8.027213421407798e-05
P08690,Excellent,1.0117000515901813e-14,8.46691110237868e-05,0.999915330888966
P06847,Good,0.03390633378702135,0.9660767411820689,1.6925030909634683e-05
P04132,Good,8.189805211405349e-05,0.972749513719518,0.02716858822836797
P02844,Good,0.24722406180058565,0.7527677640060085,8.174193405736106e-06
P09091,Good,0.004629663369476475,0.994583017075863,0.0007873195546605351
P03928,Excellent,3.4853791198734765e-14,0.00012820752684953812,0.9998717924731156
P01203,Excellent,5.7430591500438754e-21,4.762569013078415e-08,0.9999999523743097
P08887,Excellent,6.42868524861003e-11,0.0030114079215377517,0.9969885920141752
P02410,Good,0.036329083217147194,0.9634419469701182,0.00022896981273462302
P09470,Excellent,2.477505682126417e-08,0.07891808423208038,0.9210818909928628
P00027,Average,0.9987621845859902,0.0012378154134655393,5.441176302423923e-13
P08856,Good,0.3653612559967628,0.6346370570299127,1.6869733245364066e-06
P08696,Excellent,7.111956092618748e-08,0.09247318183084072,0.9075267470495983
P08547,Good,0.0013308309781565636,0.9947233570340239,0.003945811987819589
P05680,Good,0.0017085829259496424,0.995393013018821,0.0028984040552293556
P09985,Excellent,3.785299788242557e-10,0.019171004770847464,0.9808289948506225
P09073,Average,0.9951964128086418,0.0048035869818456416,2.0951256706025982e-10
P08459,Excellent,1.9321771335699028e-08,0.17688466063577504,0.8231153200424537
P08888,Good,0.8531320771620783,0.14686785529376617,6.754415559607894e-08
P01600,Good,9.001152596851775e-06,0.7579128583527175,0.24207814049468562
P09223,Excellent,1.0734285507593109e-19,1.124625394923141e-07,0.9999998875374605
P01144,Good,0.0004360369109492863,0.9850097400957604,0.014554222993290329
P06639,Good,1.2999254986821861e-06,0.7051552179948097,0.2948434820796916
P05267,Average,0.9953163521955061,0.00468364765387704,1.5061691108219567e-10
P09178,Good,0.40774611435587244,0.5922512147028067,2.6709413208043197e-06
P00126,Good,0.0062963243547143515,0.993213450953726,0.0004902246915595543
P00494,Excellent,7.328744311087995e-15,2.8966726681168635e-05,0.9999710332733115
P04000,Excellent,7.612780252256355e-16,1.5182866791503087e-05,0.9999848171332077
P02701,Excellent,5.363899291705223e-11,0.0033981928345489633,0.996601807111812
P08374,Good,0.002652506311849054,0.9972521647050484,9.532898310246117e-05
P09246,Good,5.494332079634766e-06,0.9004111270949465,0.09958337857297385
P07045,Average,0.9992097799931541,0.000790220006371489,4.745116279317586e-13
P00483,Average,0.5567369427901744,0.4432628503841392,2.068256864532129e-07
P03932,Good,0.13826198428663092,0.8617314807962755,6.5349170935474755e-06
P09501,Excellent,1.1696412054050717e-12,0.0005755545652831789,0.9994244454335471
P03433,Excellent,5.820140296329823e-12,0.0009308934506579349,0.999069106543522
P03192,Average,0.9991885009411429,0.0008114990581881411,6.68936676272408e-13
P05765,Excellent,5.579315609052176e-10,0.015402073388298042,0.9845979260537703
P02136,Good,4.220490400732823e-06,0.6567178963929026,0.34327788311669655
P03979,Good,0.06053698337473233,0.9394411323153368,2.188430993081913e-05
P07622,Good,0.019537854888470915,0.9802800233618175,0.00018212174971163632
P07890,Excellent,3.896700344541304e-10,0.004845742047361303,0.9951542575629688
P00681,Average,0.9687150365840187,0.031284961484572854,1.9314082826225172e-09
P06470,Excellent,1.5371118729346738e-16,8.560391534162584e-06,0.9999914396084657
P02623,Excellent,6.652585668581932e-07,0.5114215610540227,0.48857777368741045
P03412,Average,0.9576991206500786,0.042300862893937814,1.6455983595406616e-08
P03326,Excellent,2.8461061471491424e-16,5.800168165732294e-06,0.999994199831834
P06984,Excellent,1.0293650332352574e-07,0.10151625850187106,0.8984836385616257
P09974,Good,0.03001073348549019,0.969938091057636,5.117545687389118e-05
P05174,Good,0.033289552182699876,0.9666672450484968,4.3202768803385636e-05
P07509,Good,0.0001946191057513471,0.9825631786384044,0.017242202255844215
P07145,Good,0.001536675409148849,0.9964932786048254,0.0019700459860256246
P09233,Good,0.00024056135577489105,0.9962919903881691,0.0034674482560559322
P07570,Good,0.0018020412696951574,0.9980515901696807,0.00014636856062423808
P07501,Average,0.9932278738920175,0.006772126086540988,2.144143556489261e-11
P09955,Good,0.05895430883023355,0.9410032271968994,4.2463972866913646e-05
P03727,Good,0.019456907076752454,0.9803168361273921,0.00022625679585547222
P08837,Good,0.0038430128112244616,0.9943861486541152,0.0017708385346602098
P06479,Good,2.104066070106448e-05,0.9819307330922123,0.01804822624708652
P08323,Excellent,2.294927272106989e-06,0.8315306369867697,0.16846706808595832
P01729,Average,0.999373510351883,0.0006264896475604296,5.564377801579371e-13
P05826,Average,0.8027427784825878,0.1972570508671115,1.7065030075338966e-07
P08411,Excellent,5.087479551667243e-07,0.31225141745250673,0.6877480737995381
P02063,Average,0.967590120875468,0.03240987336319902,5.761332977071576e-09
P04991,Good,0.0003109286410638038,0.9939725883148988,0.005716483044037326
P03209,Excellent,3.0033849684516235e-14,7.652315943193293e-05,0.9999234768405382
P00167,Good,0.032066491854806284,0.9679248975409065,8.610604287107126e-06
P08487,Excellent,1.5477167363459022e-14,4.4677388871787994e-05,0.9999553226111128
P09907,Good,0.0023117408149298593,0.9972625545823934,0.0004257046026767254
P00715,Good,9.927368546808911e-07,0.9108939856506751,0.08910502161247008
P02913,Good,0.16564849764720843,0.8343312959306264,2.0206422165226747e-05
P05286,Excellent,1.61776907453831e-08,0.08142130263282195,0.9185786811894872
P06842,Average,0.9999638980419289,3.610195806451399e-05,6.733036716424643e-15
P05947,Average,0.3872077716637704,0.6127919495989943,2.7873723528583423e-07
P06886,Excellent,8.157542031008323e-13,0.000571275879055856,0.9994287241201283
P09477,Good,1.8323712939720593e-05,0.9466592392113536,0.05332243707570662
P05565,Good,0.014242461232646974,0.9854174457411218,0.0003400930262313512
P01391,Excellent,6.839209432808466e-12,0.0010066317992796052,0.9989933681938811
P01343,Excellent,1.5998418777735343e-13,0.0001603264252700256,0.99983967357457
P08068,Good,7.823352957954011e-06,0.7638528718042957,0.23613930484274626
P01641,Good,4.7577487074244995e-08,0.08668494256589872,0.9133150098566142
P08745,Average,0.9265852615336871,0.07341473662228667,1.8440261370393215e-09
P03627,Good,4.6003240744357636e-05,0.9405111021091401,0.05944289465011556
P05870,Average,0.9996047359428349,0.00039526405708713194,7.782336551714116e-14
P00965,Average,0.9757963141680961,0.024203684253014602,1.578889377281369e-09
P03443,Average,0.9991762975721308,0.0008237024267559186,1.1131924724348094e-12
P07564,Good,0.0028517366186562496,0.9969792219171125,0.0001690414642312029
P04146,Good,3.499124384209447e-05,0.9489651684299623,0.05099984032619564
P08087,Good,0.007573441949753947,0.9915331290311232,0.0008934290191227054
P09862,Excellent,4.55134514092917e-16,9.767054510530897e-06,0.9999902329454889
P01420,Average,0.9993308714826321,0.0006691285161497854,1.2179596945260534e-12
P06198,Good,0.03503783893003976,0.9647607999076614,0.00020136116229885052
P05571,Excellent,1.5202457043059544e-19,6.979702014082503e-08,0.9999999302029798
P06576,Excellent,6.469329069601435e-11,0.0037892577814185955,0.9962107421538882
P09963,Average,0.9169260461793282,0.0830739013170069,5.250366484608803e-08
P08980,Good,8.181848818317911e-05,0.993565665638981,0.006352515872835813
P01601,Average,0.988187454535414,0.011812545062339096,4.0224685719291586e-10
P01752,Excellent,3.707078252999694e-16,9.17714035812784e-06,0.9999908228596415
P06796,Good,0.08033795552274352,0.9196579258135428,4.118663713638624e-06
P02538,Good,0.0002944361768731021,0.9756894460222433,0.024016117800883596
P04728,Average,0.9999999999731759,2.6824015623541843e-11,1.0412770193276735e-26
P09855,Excellent,3.508095114959775e-18,6.881189061481086e-07,0.9999993118810938
P08448,Good,0.00039614703953100863,0.9945111951444868,0.005092657815982144
P06923,Good,2.9709842628383406e-06,0.9068030745158656,0.09319395449987156
P08290,Good,0.002165704419645889,0.9972776458787255,0.0005566497016287979
P08367,Average,0.9613498681161541,0.038650128535570906,3.3482750577274423e-09
P04562,Average,0.9999999370284056,6.297159440089736e-08,1.004770846666665e-20
P00363,Excellent,5.051909286684269e-15,2.252853493955534e-05,0.9999774714650554
P00136,Good,1.1299280165891332e-05,0.9887356378333921,0.011253062886442093
P09554,Excellent,5.0588316187372983e-14,6.819011302799141e-05,0.9999318098869214
P09820,Excellent,1.8623516358274063e-09,0.009546820507804976,0.9904531776298433
P01089,Average,0.9999999709074121,2.9092587997195023e-08,3.882647277935031e-21
P08996,Excellent,3.0222444953730645e-21,2.466361544042592e-08,0.9999999753363845
P05900,Good,0.011598043434473739,0.988287151113357,0.00011480545216930822
P00345,Average,0.9982501775486368,0.0017498224485623368,2.8009458801049703e-12
P03189,Good,0.00024373360471207205,0.9604612506243175,0.03929501577097036
P01388,Good,0.00024493399419970793,0.9916493172031281,0.008105748802672223
P02058,Excellent,2.7904271871113987e-10,0.009475157374522872,0.9905248423464345
P08222,Good,8.139455576807001e-07,0.36364215628391783,0.6363570297705244
P01133,Good,0.0014211857678825205,0.996569476447743,0.0020093377843745084
P05134,Good,0.0024183989777611763,0.996535252711649,0.0010463483105898775
P06020,Excellent,2.1900069870429526e-09,0.017561543843765196,0.9824384539662276
P05621,Good,6.011664656963288e-06,0.8612730011166478,0.1387209872186952
P05807,Excellent,5.7982718905023476e-08,0.16770451750953444,0.8322954245077465
P04408,Good,0.0007841528389329669,0.9978546034149026,0.001361243746164408
P01137,Excellent,1.941266163633599e-09,0.026934581340673013,0.9730654167180609
P01958,Good,0.3024198626439137,0.6975789944258637,1.1429302225274646e-06
P06831,Average,0.9694088444827168,0.030591153207554848,2.309728176463712e-09
P03176,Good,0.00017885132010865562,0.9585360215722767,0.041285127107614734
P02177,Average,0.9309733374109087,0.06902665445794323,8.131148006867068e-09
P00648,Excellent,4.5706800261874545e-10,0.017299313804883185,0.9827006857380489
P04305,Average,0.9999503843276666,4.961567233286422e-05,4.849248329639547e-16
P05884,Excellent,8.525590122868108e-18,2.4080617856438937e-06,0.9999975919382144
P01757,Excellent,2.8260487352275e-10,0.00657958238797305,0.9934204173294221
P01178,Excellent,8.481326299852861e-09,0.07020940062947217,0.9297905908892017
P08015,Good,1.5075931653181077e-05,0.9462199687449803,0.05376495532336658
P04934,Excellent,4.417374874580377e-10,0.012527972843124732,0.9874720267151378
P00455,Average,0.9997865907469745,0.0002134092528525772,1.7294034790851862e-13
P05576,Excellent,2.0863968080421047e-14,8.368058559473916e-05,0.9999163194143843
P09076,Excellent,9.180868289494424e-11,0.0066465859689063215,0.993353413939285
P03985,Excellent,1.7704652724237794e-07,0.23323993197133017,0.7667598909821426
P01547,Good,1.8739985575807636e-06,0.21390648146773286,0.7860916445337096
P01905,Excellent,2.9230451821447417e-13,0.00010373184046614259,0.9998962681592414
P09476,Excellent,3.2426161977855035e-07,0.151462527705697,0.8485371480326832
P09478,Excellent,2.7794687968271153e-18,9.804897254551668e-07,0.9999990195102745
P05951,Excellent,2.312806357968187e-09,0.05596113838058305,0.9440388593066106
P03330,Excellent,1.122816342052834e-18,1.3736338661850902e-07,0.9999998626366133
P03550,Good,0.3556064734219356,0.6443851028798534,8.423698210957975e-06
P01560,Average,0.9581156396081287,0.0418843597497194,6.421518921570337e-10
P08878,Good,6.437814651737413e-05,0.9703127625550956,0.029622859298387004
P05665,Good,0.003995667382465485,0.9942315798918545,0.0017727527256800402
P04980,Excellent,4.828657815803256e-19,4.552688006826909e-07,0.9999995447311992
P02502,Excellent,3.954173864771667e-09,0.047929965560319567,0.9520700304855065
P08101,Good,0.0005295363026525736,0.9971455491160996,0.0023249145812478528
P04477,Good,0.2202752502600502,0.7797115265935338,1.322314641598055e-05
P08054,Good,0.008983168878910153,0.9903404651837476,0.0006763659373420963
P09414,Good,0.38357495537761743,0.6164222115073488,2.8331150338698044e-06
P07540,Excellent,2.922420064350932e-11,0.003095409623019396,0.9969045903477564
P00182,Good,0.0034770109096503134,0.9963846228922528,0.00013836619809678356
P02416,Good,0.0053655005922342335,0.9943260482405121,0.0003084511672536431
P08585,Good,0.0013650104289084203,0.9868934434742915,0.011741546096800096
P02425,Excellent,5.683134808190244e-18,1.5996463235669057e-06,0.9999984003536764
P01669,Excellent,6.275180638021856e-08,0.21003219351638897,0.7899677437318048
P08041,Good,0.000549560123443033,0.9988754630390129,0.0005749768375439884
P04765,Excellent,2.632763963980921e-10,0.03277815211060337,0.9672218476261204
P09937,Excellent,1.8339986690797336e-06,0.427137848046904,0.5728603179544268
P08751,Average,0.998663425352086,0.0013365746451316615,2.782546534837203e-12
P02589,Average,0.9999999964876631,3.512336799826673e-09,1.1037804718930384e-23
P03948,Average,0.9988308355816057,0.0011691644161436346,2.2506863010190965e-12
P07907,Good,0.00021819800754538902,0.9929481657760431,0.006833636216411579
P09292,Average,0.35778786831528187,0.6422119150184948,2.1666622334323284e-07
P00246,Good,0.020487192329919374,0.9794473208695614,6.54868005193048e-05
P04890,Average,0.9929820547345798,0.007017945220619343,4.480083270479472e-11
P01032,Average,0.9986579387697553,0.0013420612217345234,8.510107027697545e-12
P09724,Good,0.15026301288315097,0.8497312762567408,5.710860108261693e-06
P00243,Average,0.7777924571459114,0.22220740661068247,1.362434061587228e-07
P07688,Good,0.002444838919468371,0.996870969790525,0.000684191290006571
P04244,Good,5.5546194450048416e-05,0.9243839743282356,0.07556047947731444
P08671,Average,0.997193181578836,0.0028068184088671433,1.2296793206962485e-11
P08534,Average,0.7541364613425057,0.24586336923920582,1.6941828853053337e-07
P01500,Good,0.36043941795474926,0.6395587945676843,1.7874775664103927e-06
P08546,Average,0.9972689279709128,0.0027310719959766244,3.311052384368214e-11
P07733,Excellent,8.61159394475795e-25,1.440492769410614e-09,0.9999999985595072
P09788,Average,0.9982697691308348,0.001730230868326458,8.387288089084451e-13
P01792,Average,0.9885822505909349,0.011417749254641094,1.544240379253598e-10
P05573,Average,0.36973763008302274,0.6302615956681898,7.742487872741303e-07
P03674,Excellent,6.6992287726240815e-09,0.12067929137353767,0.8793207019272334
P00577,Good,0.3094673612963258,0.6904980515694354,3.458713423873147e-05
P05277,Excellent,2.4084996567706224e-11,0.001577044923524149,0.9984229550523909
P04794,Excellent,2.3490034370325327e-11,0.0030907182569022418,0.9969092817196077
P02920,Good,0.008578603702077612,0.9912107376944792,0.00021065860344332104
P09742,Good,0.13348980939195731,0.8665070521350231,3.1384730197079207e-06
P03880,Average,0.9990911722549914,0.0009088277425494969,2.459094930175944e-12
P01848,Good,0.07848205647051568,0.9215167861801129,1.1573493714365074e-06
P00566,Good,2.6133932297331073e-05,0.8029752763343524,0.19699858973335024
P09462,Good,0.0034748784756946515,0.9807696279055498,0.015755493618755622
P03580,Good,0.0013311186853270335,0.9982686035590584,0.00040027775561439705
P06710,Excellent,5.534846082616265e-08,0.09535660560474894,0.9046433390467903
P03884,Excellent,3.5430197693452494e-18,6.881083812305164e-07,0.9999993118916187
P00725,Average,0.9999777462252891,2.2253774709645483e-05,1.2795573440518461e-15
P08616,Average,0.9860340772551757,0.013965922196427377,5.483969241085466e-10
P03816,Good,4.062361830174397e-06,0.5434190637411508,0.4565768738970191
P09316,Excellent,2.334279049194474e-09,0.025466260252036643,0.9745337374136844
P00294,Good,1.815122235666339e-06,0.772217440596057,0.2277807442817073
P07390,Good,0.6194919192815656,0.38050614837038144,1.932348052994132e-06
P06450,Good,1.525646418170016e-07,0.31709713569252584,0.6829027117428322
P04999,Average,0.9999692611975497,3.073880244954057e-05,8.158354505305091e-16
P08013,Excellent,3.1562004851561227e-19,3.4331237016793846e-07,0.9999996566876299
P02875,Good,0.0025691491958166183,0.9973385638181496,9.228698603392282e-05
P09305,Good,0.007986484815803089,0.991667905666748,0.00034560951744891117
P08747,Average,0.60637814946375,0.39362181288030657,3.765594341612949e-08
P00593,Good,1.3909632863920491e-05,0.7323485807613828,0.2676375096057533
P02636,Good,4.237351809363399e-06,0.8339681304508766,0.16602763219731412
P04955,Average,0.6448244611497169,0.3551754517953082,8.705497480942813e-08
P07809,Good,9.362925920958906e-07,0.9584565517701347,0.04154251193727326
P06800,Average,0.9998533944780353,0.00014660552193455282,3.016447794987152e-14
P09908,Excellent,3.6601717204161126e-06,0.590321636441408,0.40967470338687156
P08401,Excellent,9.652687742686296e-20,1.9992399792875432e-07,0.999999800076002
P07754,Good,0.008020130429702985,0.9919481327609022,3.173680939465099e-05
P08707,Good,0.09821238499595822,0.9017846531550995,2.9618489423303747e-06
P00247,Good,2.8876036612566758e-05,0.978091724802817,0.02187939916057033
P07793,Average,0.2738761911398859,0.7261228149288539,9.939312600560768e-07
P01095,Good,0.12965137555658116,0.8703125176887873,3.6106754631615744e-05
P06332,Good,0.0005144624880703269,0.9951125545171944,0.004372982994735323
P07797,Excellent,7.880913991629968e-13,0.00012370997548493816,0.999876290023727
P02995,Good,0.0005501879313898632,0.9987427811596634,0.0007070309089468036
P05991,Excellent,6.559652306115271e-11,0.004388885917096333,0.9956111140173071
P05220,Excellent,2.219395475166573e-17,2.3644724630633904e-06,0.999997635527537
P06150,Good,0.00030751445807920873,0.9882196847117997,0.011472800830121206
P07816,Good,0.13542381654147342,0.864567606419488,8.577039038515717e-06
P01311,Average,0.9999803278631417,1.9672136858328565e-05,1.577639006706179e-17
P03307,Good,0.00018058311602882004,0.9542940643149502,0.045525352569021016
P06221,Excellent,3.649868479229684e-12,0.0015898490231952159,0.9984101509731549
P07272,Good,1.1406461205602332e-06,0.40351346925497866,0.5964853900989008
P09486,Good,0.48973550595184645,0.5102629773531394,1.516695014097389e-06
P06063,Excellent,5.849556413437691e-07,0.5686909076550425,0.43130850738931614
P06736,Excellent,1.1468888921351449e-12,0.0032209733019298446,0.9967790266969232
P05854,Average,0.968949859280241,0.031050137033934482,3.6858245359475946e-09
P04788,Excellent,1.7360077634063724e-08,0.03073148014036369,0.9692685024995585
P03983,Excellent,6.205093434923153e-07,0.2868151470348233,0.7131842324558332
P00773,Good,2.7743053431414646e-05,0.8344033299582605,0.16556892698830813
P07517,Excellent,4.971018969278739e-12,0.0018244587553934758,0.9981755412396356
P05511,Excellent,7.040468928571179e-13,0.0005182193710091809,0.9994817806282869
P02671,Average,0.9999999998746036,1.2539636419010474e-10,1.306580804939991e-25
P05905,Excellent,5.083202125893188e-09,0.06998915776241688,0.930010837154381
P02212,Good,3.7074242777218506e-05,0.9710824363436755,0.028880489413547285
P08380,Good,0.002375108927548831,0.9975913161809853,3.357489146594004e-05
P06583,Average,0.9999842317827486,1.5768217249556864e-05,1.8539215605265983e-15
P01702,Good,1.0330147932564874e-05,0.6338214669515272,0.36616820290054025
P07315,Excellent,2.010142506142731e-09,0.03319213150461902,0.9668078664852385
P06991,Good,1.4395055569178892e-05,0.9547706255508047,0.04521497939362598
P07877,Good,8.710460587041879e-05,0.9744881555317632,0.025424739862366468
P02537,Average,0.9999968714080563,3.128591943777276e-06,2.158623947523124e-17
P07625,Excellent,4.9018038050269975e-20,2.1382107481915788e-07,0.9999997861789252
P05253,Excellent,3.1531761268098655e-18,3.017735562694995e-07,0.9999996982264436
P00750,Average,0.9997822267575833,0.00021777324231877888,9.780086086333924e-14
P01328,Excellent,3.5193643624158063e-07,0.2035001431294431,0.7964995049341207
P00014,Good,2.2907629979218498e-06,0.8155750746207763,0.18442263461622593
P00803,Good,0.1855373382391892,0.8144596571712625,3.004589548377364e-06
P05425,Average,0.9999998497781809,1.5022181913271642e-07,3.233150455161266e-20
P03460,Excellent,1.4429732701309372e-14,6.889732606464672e-05,0.999931102673921
P05110,Excellent,1.7388141367843568e-07,0.32297373994834894,0.6770260861702374
P06931,Average,0.9999999983906445,1.6093554530943653e-09,4.912295186642533e-24
P07468,Average,0.9808360784915338,0.019163921409026084,9.944029280780497e-11
P03511,Good,0.0005259926911831031,0.9907023921696722,0.008771615139144692
P00251,Average,0.9999259669715627,7.403302843389101e-05,3.2791346482033472e-15
P02489,Average,0.6961369745137853,0.3038628112733598,2.1421285480562483e-07
P05782,Good,0.033749518055768674,0.9661499994747259,0.00010048246950544982
P02547,Average,0.7938503655259834,0.20614955786405023,7.660996639069235e-08
P09888,Good,2.6566412942276725e-06,0.5529156526455132,0.4470816907131925
P07908,Good,0.0025524017258656126,0.9956248593439695,0.0018227389301649463
P02929,Good,0.0018861828207859413,0.9970662517048325,0.0010475654743814665
P07586,Excellent,3.508931784275737e-12,0.0007027505097654701,0.9992972494867256
P06268,Average,0.9973071856213324,0.0026928143696069405,9.060779050461891e-12
P07602,Good,8.942517078130318e-05,0.9499977680744552,0.0499128067547634
P04897,Good,0.0008386608775442843,0.9928057085328087,0.006355630589647074
P02648,Good,0.30310964693476805,0.6968896718837325,6.811814993172042e-07
P00917,Excellent,1.0002769356128197e-09,0.007413608819584184,0.9925863901801389
P09020,Good,0.0005685854109068646,0.9977958543491076,0.0016355602399856788
P05841,Excellent,1.1215851419901333e-07,0.0973768835663328,0.902623004275153
P06701,Excellent,9.980363209828562e-09,0.09785844725075153,0.9021415427688853
P02940,Average,0.9954725241752872,0.0045274757956256665,2.9087287665329886e-11
P07355,Excellent,3.051480586365599e-11,0.0032621293679718595,0.9967378706015133
P01689,Good,5.549876906661365e-07,0.4370045952694572,0.5629948497428522
P09128,Good,0.005631118169418202,0.9936957920894478,0.0006730897411339026
P01698,Average,0.8285216806652078,0.17147830087200938,1.846278273852722e-08
P03296,Excellent,1.2412654785875565e-12,0.0002324971505543554,0.9997675028482046
P09492,Good,0.558464090813496,0.4415355860885994,3.23097904752766e-07
P03714,Good,0.026938670917199748,0.9730384395278219,2.2889554978358402e-05
P04907,Good,4.812047300597006e-05,0.9948998053289022,0.005052074198091754
P07484,Good,5.021094435415629e-06,0.8063021752348203,0.19369280367074426
P00430,Good,1.4761191565892298e-06,0.598769853680305,0.4012286702005384
P02326,Average,0.5746259472723713,0.42537390427996447,1.4844766430435064e-07
P05805,Average,0.8148662185159709,0.1851336366193825,1.448646467864581e-07
P05357,Average,0.9999972859044688,2.714095531203695e-06,1.258115153443347e-17
P07325,Good,0.0003010806229699974,0.8796357499628038,0.12006316941422614
P07965,Excellent,6.932339892836392e-16,1.568959552687086e-05,0.9999843104044726
P02392,Excellent,1.2316544901293817e-05,0.6327392313870789,0.3672484520680198
P05367,Good,1.3136915570362329e-06,0.5034756444625356,0.49652304184590745
P00594,Excellent,5.395760797120024e-07,0.2976909796501115,0.7023084807738089
P06037,Good,0.0588125645287037,0.9411410950081569,4.6340463139282866e-05
P08356,Excellent,1.5688698238716926e-12,0.0005851746803160174,0.999414825318115
P05157,Good,5.290703272078835e-06,0.839316771068778,0.16067793822794993
P03202,Excellent,1.0202844072763535e-15,2.5955567913158704e-05,0.9999740444320858
P01700,Good,0.10405201925478558,0.895947069108569,9.116366454004256e-07
P07245,Excellent,2.68457914377068e-05,0.8940113343043972,0.10596181990416512
P03255,Good,0.006822630105433865,0.9931179871752117,5.938271935426239e-05
P08251,Excellent,2.0852287008644924e-07,0.20546742443141067,0.7945323670457192
P00073,Excellent,4.3157270877811427e-19,1.9857247695847193e-07,0.999999801427523
P09837,Good,0.01826838680149392,0.9816614580606855,7.015513782051239e-05
P03881,Good,0.011599540025729167,0.9871149703025797,0.0012854896716912772
P03656,Good,0.8933561298742865,0.10664385235437646,1.7771336944261694e-08
P00671,Excellent,9.485536399530826e-09,0.041238705522878276,0.9587612849915853
P07286,Average,0.951258574449241,0.04874139497447692,3.05762820696563e-08
P03053,Excellent,1.0750940743828222e-11,0.0011205801745933868,0.9988794198146557
P01525,Average,0.9989406685205579,0.0010593314742594474,5.182677845539317e-12
P05857,Good,8.20651902510265e-06,0.6868877563024022,0.3131040371785727
P01474,Good,0.0024171186816247803,0.9973652195100964,0.00021766180827878376
P03675,Average,0.999972962311586,2.703768841326263e-05,6.190355313141584e-16
P01824,Average,0.3912826221428537,0.6087164666973247,9.111598215772176e-07
P00272,Good,0.01556463044119755,0.9844120018978972,2.336766090528776e-05
P05122,Good,0.0038821655389142872,0.9958550120230606,0.0002628224380251103
P02719,Excellent,4.982300383393342e-09,0.04648705147062957,0.9535129435470702
P03641,Excellent,6.72017622936177e-13,0.0002981766091078863,0.9997018233902202
P05843,Average,0.9999978047262341,2.1952737659766468e-06,4.4766658693951384e-18
P05546,Excellent,4.347274028307066e-17,1.3427403357272205e-06,0.9999986572596644
P09553,Average,0.8842490104070583,0.11575096346368495,2.6129256947537917e-08
P09103,Good,0.00036456883223498433,0.9898986056744049,0.009736825493360043
P09306,Excellent,4.030334810259816e-13,0.00017839979755079918,0.9998216002020462
P09636,Good,0.02043127222127191,0.9794855629461242,8.316483260386556e-05
P02631,Average,0.9999145536791778,8.544632079151706e-05,3.0643089067910323e-14
P00900,Good,0.21891095879143868,0.781074660357997,1.4380850564373238e-05
P06401,Excellent,2.570037430326381e-07,0.23497237474747315,0.7650273682487838
P06416,Good,0.021737065608709805,0.9778820108411374,0.0003809235501529682
P06246,Average,0.9997838761455591,0.00021612385409304038,3.479087542553953e-13
P06961,Excellent,8.136682098460263e-12,0.0008273723384579352,0.9991726276534053
P08062,Good,0.9872156050347883,0.012784394481957326,4.832543992669189e-10
P04299,Excellent,1.3945644846994476e-16,1.331708144782973e-05,0.999986682918552
P00582,Excellent,2.468750332690472e-15,1.9883983207041417e-05,0.9999801160167905
P08046,Excellent,2.4134389240037007e-18,9.184174865571842e-07,0.9999990815825134
P07023,Average,0.42987116404726433,0.5701274167232571,1.4192294786655914e-06
P04913,Good,0.014191698972408589,0.9855913611130904,0.00021693991450097232
P08020,Good,0.19919407484227555,0.8007983118735452,7.613284179286693e-06
P05702,Excellent,1.104072550494728e-07,0.14441108455629223,0.8555888050364526
P05803,Good,2.3542951352819566e-08,0.096449271334186,0.9035507051228626
P08228,Good,0.0008764027503509903,0.9989631613850875,0.00016043586456163767
P04290,Average,0.9995597550568178,0.00044024494270003593,4.820293297564811e-13
P08543,Average,0.9999468129907907,5.318700915954361e-05,4.9643047086324864e-14
P01724,Excellent,3.1847838593617602e-18,8.233693776255847e-07,0.9999991766306224
P09767,Good,5.271238173900565e-06,0.6938925207101718,0.30610220805165433
P06226,Excellent,1.0739136518604185e-08,0.06248825903956094,0.9375117302213025
P03910,Excellent,8.858514997068146e-07,0.3498850385500278,0.6501140755984727
P06613,Average,0.9994216926576192,0.0005783073422854715,9.547107467604184e-14
P02491,Average,0.09132160383375078,0.9086773302323425,1.0659339065678367e-06
P03109,Excellent,4.823765018252538e-17,4.907062473664734e-06,0.9999950929375263
P06659,Excellent,2.610263431433952e-15,3.7466034480077596e-05,0.9999625339655173
P09169,Excellent,7.467192256987845e-13,0.00040010126025455633,0.9995998987389988
P03839,Good,0.24866837982541137,0.7513208441415801,1.07760330086461e-05
P07360,Good,5.2606907563666184e-05,0.9108186826175637,0.08912871047487268
P01436,Excellent,1.203805401811916e-15,1.2727276738331636e-05,0.9999872727232605
P07071,Good,0.0011842817974849057,0.9970043525622126,0.0018113656403023442
P05914,Good,1.880637657166129e-06,0.5516399156321611,0.4483582037301818
P04675,Excellent,3.016990186297286e-14,8.928080516980693e-05,0.9999107191948
P00682,Average,0.7673447920178144,0.2326548723819773,3.3560020821431043e-07
P03166,Excellent,5.399768201859807e-09,0.01777991858530451,0.9822200760149273
P02012,Good,1.4391805491153186e-05,0.9049587615865835,0.09502684660792544
P03358,Good,2.6970030706646296e-07,0.2594734073975538,0.7405263229021392
P04595,Average,0.9999983360483761,1.6639516239559572e-06,6.106927437167053e-18
P03146,Excellent,2.733246185179875e-14,5.3206734951580814e-05,0.9999467932650211
P09702,Good,9.467334459934408e-07,0.7084732689122576,0.2915257843542965
P05934,Excellent,3.6494438225894465e-08,0.4661650783237235,0.5338348851818383
P02664,Excellent,2.622393119954498e-06,0.3541709593537586,0.6458264182531214
