Person_ID,Predicted_Wellness_Category,Probability_Average,Probability_Good,Probability_Excellent
P00001,Excellent,0.0,0.0,1.0
P00002,Good,0.0,1.0,0.0
P00003,Good,0.0,1.0,0.0
P00004,Excellent,0.0,0.0,1.0
P00005,Average,1.0,0.0,0.0
P00006,Average,1.0,0.0,0.0
P00007,Good,0.0,1.0,0.0
P00008,Average,1.0,0.0,0.0
P00009,Good,0.0,1.0,0.0
P00010,Good,0.0,1.0,0.0
P00011,Good,0.0,1.0,0.0
P00012,Good,0.0,1.0,0.0
P00013,Average,1.0,0.0,0.0
P00014,Good,0.0,1.0,0.0
P00015,Excellent,0.0,0.0,1.0
P00016,Average,1.0,0.0,0.0
P00017,Average,1.0,0.0,0.0
P00018,Good,0.0,1.0,0.0
P00019,Excellent,0.0,0.0,1.0
P00020,Excellent,0.0,0.0,1.0
P00021,Excellent,0.0,0.0,1.0
P00022,Excellent,0.0,0.0,1.0
P00023,Good,0.0,1.0,0.0
P00024,Excellent,0.0,0.0,1.0
P00025,Excellent,0.0,0.0,1.0
P00026,Excellent,0.0,0.0,1.0
P00027,Average,1.0,0.0,0.0
P00028,Good,0.0,1.0,0.0
P00029,Average,1.0,0.0,0.0
P00030,Excellent,0.0,0.0,1.0
P00031,Good,0.0,1.0,0.0
P00032,Good,0.0,1.0,0.0
P00033,Good,0.0,1.0,0.0
P00034,Excellent,0.0,0.0,1.0
P00035,Good,0.0,1.0,0.0
P00036,Good,0.0,1.0,0.0
P00037,Excellent,0.0,0.0,1.0
P00038,Excellent,0.0,0.0,1.0
P00039,Excellent,0.0,0.0,1.0
P00040,Average,1.0,0.0,0.0
P00041,Excellent,0.0,0.0,1.0
P00042,Good,0.0,1.0,0.0
P00043,Good,0.0,1.0,0.0
P00044,Good,0.0,1.0,0.0
P00045,Excellent,0.0,0.0,1.0
P00046,Excellent,0.0,0.0,1.0
P00047,Good,0.0,1.0,0.0
P00048,Good,0.0,1.0,0.0
P00049,Good,0.0,1.0,0.0
P00050,Good,0.0,1.0,0.0
P00051,Average,1.0,0.0,0.0
P00052,Average,1.0,0.0,0.0
P00053,Average,1.0,0.0,0.0
P00054,Excellent,0.0,0.0,1.0
P00055,Good,0.0,1.0,0.0
P00056,Excellent,0.0,0.0,1.0
P00057,Excellent,0.0,0.0,1.0
P00058,Average,1.0,0.0,0.0
P00059,Good,0.0,1.0,0.0
P00060,Excellent,0.0,0.0,1.0
P00061,Excellent,0.0,0.0,1.0
P00062,Excellent,0.0,0.0,1.0
P00063,Excellent,0.0,0.0,1.0
P00064,Excellent,0.0,0.0,1.0
P00065,Average,1.0,0.0,0.0
P00066,Good,0.0,1.0,0.0
P00067,Good,0.0,1.0,0.0
P00068,Excellent,0.0,0.0,1.0
P00069,Good,0.0,1.0,0.0
P00070,Average,1.0,0.0,0.0
P00071,Average,1.0,0.0,0.0
P00072,Good,0.0,1.0,0.0
P00073,Excellent,0.0,0.0,1.0
P00074,Average,1.0,0.0,0.0
P00075,Excellent,0.0,0.0,1.0
P00076,Good,0.0,1.0,0.0
P00077,Good,0.0,1.0,0.0
P00078,Good,0.0,1.0,0.0
P00079,Good,0.0,1.0,0.0
P00080,Excellent,0.0,0.0,1.0
P00081,Excellent,0.0,0.0,1.0
P00082,Good,0.0,1.0,0.0
P00083,Good,0.0,1.0,0.0
P00084,Good,0.0,1.0,0.0
P00085,Good,0.0,1.0,0.0
P00086,Good,0.0,1.0,0.0
P00087,Average,1.0,0.0,0.0
P00088,Good,0.0,1.0,0.0
P00089,Excellent,0.0,0.0,1.0
P00090,Excellent,0.0,0.0,1.0
P00091,Good,0.0,1.0,0.0
P00092,Good,0.0,1.0,0.0
P00093,Excellent,0.0,0.0,1.0
P00094,Average,1.0,0.0,0.0
P00095,Excellent,0.0,0.0,1.0
P00096,Average,1.0,0.0,0.0
P00097,Good,0.0,1.0,0.0
P00098,Excellent,0.0,0.0,1.0
P00099,Good,0.0,1.0,0.0
P00100,Good,0.0,1.0,0.0
P00101,Average,1.0,0.0,0.0
P00102,Good,0.0,1.0,0.0
P00103,Excellent,0.0,0.0,1.0
P00104,Excellent,0.0,0.0,1.0
P00105,Excellent,0.0,0.0,1.0
P00106,Average,1.0,0.0,0.0
P00107,Average,1.0,0.0,0.0
P00108,Excellent,0.0,0.0,1.0
P00109,Excellent,0.0,0.0,1.0
P00110,Good,0.0,1.0,0.0
P00111,Good,0.0,1.0,0.0
P00112,Excellent,0.0,0.0,1.0
P00113,Average,1.0,0.0,0.0
P00114,Average,1.0,0.0,0.0
P00115,Good,0.0,1.0,0.0
P00116,Good,0.0,1.0,0.0
P00117,Excellent,0.0,0.0,1.0
P00118,Excellent,0.0,0.0,1.0
P00119,Good,0.0,1.0,0.0
P00120,Good,0.0,1.0,0.0
P00121,Good,0.0,1.0,0.0
P00122,Average,1.0,0.0,0.0
P00123,Good,0.0,1.0,0.0
P00124,Average,1.0,0.0,0.0
P00125,Good,0.0,1.0,0.0
P00126,Good,0.0,1.0,0.0
P00127,Good,0.0,1.0,0.0
P00128,Good,0.0,1.0,0.0
P00129,Average,1.0,0.0,0.0
P00130,Good,0.0,1.0,0.0
P00131,Excellent,0.0,0.0,1.0
P00132,Good,0.0,1.0,0.0
P00133,Good,0.0,1.0,0.0
P00134,Good,0.0,1.0,0.0
P00135,Excellent,0.0,0.0,1.0
P00136,Good,0.0,1.0,0.0
P00137,Average,1.0,0.0,0.0
P00138,Excellent,0.0,0.0,1.0
P00139,Excellent,0.0,0.0,1.0
P00140,Good,0.0,1.0,0.0
P00141,Average,1.0,0.0,0.0
P00142,Good,0.0,1.0,0.0
P00143,Excellent,0.0,0.0,1.0
P00144,Excellent,0.0,0.0,1.0
P00145,Good,0.0,1.0,0.0
P00146,Good,0.0,1.0,0.0
P00147,Good,0.0,1.0,0.0
P00148,Excellent,0.0,0.0,1.0
P00149,Average,1.0,0.0,0.0
P00150,Excellent,0.0,0.0,1.0
P00151,Average,1.0,0.0,0.0
P00152,Excellent,0.0,0.0,1.0
P00153,Good,0.0,1.0,0.0
P00154,Good,0.0,1.0,0.0
P00155,Good,0.0,1.0,0.0
P00156,Average,1.0,0.0,0.0
P00157,Good,0.0,1.0,0.0
P00158,Excellent,0.0,0.0,1.0
P00159,Good,0.0,1.0,0.0
P00160,Excellent,0.0,0.0,1.0
P00161,Average,1.0,0.0,0.0
P00162,Average,1.0,0.0,0.0
P00163,Average,1.0,0.0,0.0
P00164,Good,0.0,1.0,0.0
P00165,Good,0.0,1.0,0.0
P00166,Good,0.0,1.0,0.0
P00167,Good,0.0,1.0,0.0
P00168,Good,0.0,1.0,0.0
P00169,Excellent,0.0,0.0,1.0
P00170,Excellent,0.0,0.0,1.0
P00171,Excellent,0.0,0.0,1.0
P00172,Good,0.0,1.0,0.0
P00173,Excellent,0.0,0.0,1.0
P00174,Good,0.0,1.0,0.0
P00175,Good,0.0,1.0,0.0
P00176,Excellent,0.0,0.0,1.0
P00177,Good,0.0,1.0,0.0
P00178,Excellent,0.0,0.0,1.0
P00179,Good,0.0,1.0,0.0
P00180,Average,1.0,0.0,0.0
P00181,Average,1.0,0.0,0.0
P00182,Good,0.0,1.0,0.0
P00183,Excellent,0.0,0.0,1.0
P00184,Good,0.0,1.0,0.0
P00185,Good,0.0,1.0,0.0
P00186,Good,0.0,1.0,0.0
P00187,Good,0.0,1.0,0.0
P00188,Average,1.0,0.0,0.0
P00189,Good,0.0,1.0,0.0
P00190,Excellent,0.0,0.0,1.0
P00191,Average,1.0,0.0,0.0
P00192,Excellent,0.0,0.0,1.0
P00193,Average,1.0,0.0,0.0
P00194,Good,0.0,1.0,0.0
P00195,Excellent,0.0,0.0,1.0
P00196,Good,0.0,1.0,0.0
P00197,Average,1.0,0.0,0.0
P00198,Average,1.0,0.0,0.0
P00199,Average,1.0,0.0,0.0
P00200,Excellent,0.0,0.0,1.0
P00201,Average,1.0,0.0,0.0
P00202,Good,0.0,1.0,0.0
P00203,Good,0.0,1.0,0.0
P00204,Excellent,0.0,0.0,1.0
P00205,Average,1.0,0.0,0.0
P00206,Average,1.0,0.0,0.0
P00207,Excellent,0.0,0.0,1.0
P00208,Excellent,0.0,0.0,1.0
P00209,Excellent,0.0,0.0,1.0
P00210,Good,0.0,1.0,0.0
P00211,Good,0.0,1.0,0.0
P00212,Good,0.0,1.0,0.0
P00213,Excellent,0.0,0.0,1.0
P00214,Excellent,0.0,0.0,1.0
P00215,Excellent,0.0,0.0,1.0
P00216,Excellent,0.0,0.0,1.0
P00217,Excellent,0.0,0.0,1.0
P00218,Average,1.0,0.0,0.0
P00219,Good,0.0,1.0,0.0
P00220,Excellent,0.0,0.0,1.0
P00221,Average,1.0,0.0,0.0
P00222,Average,1.0,0.0,0.0
P00223,Average,1.0,0.0,0.0
P00224,Excellent,0.0,0.0,1.0
P00225,Good,0.0,1.0,0.0
P00226,Excellent,0.0,0.0,1.0
P00227,Good,0.0,1.0,0.0
P00228,Excellent,0.0,0.0,1.0
P00229,Good,0.0,1.0,0.0
P00230,Good,0.0,1.0,0.0
P00231,Average,1.0,0.0,0.0
P00232,Good,0.0,1.0,0.0
P00233,Good,0.0,1.0,0.0
P00234,Good,0.0,1.0,0.0
P00235,Average,1.0,0.0,0.0
P00236,Good,0.0,1.0,0.0
P00237,Excellent,0.0,0.0,1.0
P00238,Excellent,0.0,0.0,1.0
P00239,Excellent,0.0,0.0,1.0
P00240,Excellent,0.0,0.0,1.0
P00241,Average,1.0,0.0,0.0
P00242,Good,0.0,1.0,0.0
P00243,Average,1.0,0.0,0.0
P00244,Excellent,0.0,0.0,1.0
P00245,Good,0.0,1.0,0.0
P00246,Good,0.0,1.0,0.0
P00247,Good,0.0,1.0,0.0
P00248,Good,0.0,1.0,0.0
P00249,Average,1.0,0.0,0.0
P00250,Good,0.0,1.0,0.0
P00251,Average,1.0,0.0,0.0
P00252,Average,1.0,0.0,0.0
P00253,Good,0.0,1.0,0.0
P00254,Average,1.0,0.0,0.0
P00255,Good,0.0,1.0,0.0
P00256,Good,0.0,1.0,0.0
P00257,Good,0.0,1.0,0.0
P00258,Good,0.0,1.0,0.0
P00259,Good,0.0,1.0,0.0
P00260,Excellent,0.0,0.0,1.0
P00261,Good,0.0,1.0,0.0
P00262,Good,0.0,1.0,0.0
P00263,Excellent,0.0,0.0,1.0
P00264,Excellent,0.0,0.0,1.0
P00265,Excellent,0.0,0.0,1.0
P00266,Good,0.0,1.0,0.0
P00267,Average,1.0,0.0,0.0
P00268,Good,0.0,1.0,0.0
P00269,Good,0.0,1.0,0.0
P00270,Average,1.0,0.0,0.0
P00271,Average,1.0,0.0,0.0
P00272,Good,0.0,1.0,0.0
P00273,Excellent,0.0,0.0,1.0
P00274,Average,1.0,0.0,0.0
P00275,Good,0.0,1.0,0.0
P00276,Excellent,0.0,0.0,1.0
P00277,Good,0.0,1.0,0.0
P00278,Good,0.0,1.0,0.0
P00279,Excellent,0.0,0.0,1.0
P00280,Excellent,0.0,0.0,1.0
P00281,Average,1.0,0.0,0.0
P00282,Average,1.0,0.0,0.0
P00283,Excellent,0.0,0.0,1.0
P00284,Good,0.0,1.0,0.0
P00285,Excellent,0.0,0.0,1.0
P00286,Good,0.0,1.0,0.0
P00287,Good,0.0,1.0,0.0
P00288,Good,0.0,1.0,0.0
P00289,Good,0.0,1.0,0.0
P00290,Average,1.0,0.0,0.0
P00291,Excellent,0.0,0.0,1.0
P00292,Good,0.0,1.0,0.0
P00293,Average,1.0,0.0,0.0
P00294,Good,0.0,1.0,0.0
P00295,Excellent,0.0,0.0,1.0
P00296,Excellent,0.0,0.0,1.0
P00297,Good,0.0,1.0,0.0
P00298,Excellent,0.0,0.0,1.0
P00299,Average,1.0,0.0,0.0
P00300,Average,1.0,0.0,0.0
P00301,Excellent,0.0,0.0,1.0
P00302,Average,1.0,0.0,0.0
P00303,Average,1.0,0.0,0.0
P00304,Good,0.0,1.0,0.0
P00305,Average,1.0,0.0,0.0
P00306,Good,0.0,1.0,0.0
P00307,Good,0.0,1.0,0.0
P00308,Good,0.0,1.0,0.0
P00309,Excellent,0.0,0.0,1.0
P00310,Excellent,0.0,0.0,1.0
P00311,Average,1.0,0.0,0.0
P00312,Good,0.0,1.0,0.0
P00313,Excellent,0.0,0.0,1.0
P00314,Average,1.0,0.0,0.0
P00315,Excellent,0.0,0.0,1.0
P00316,Excellent,0.0,0.0,1.0
P00317,Good,0.0,1.0,0.0
P00318,Excellent,0.0,0.0,1.0
P00319,Good,0.0,1.0,0.0
P00320,Average,1.0,0.0,0.0
P00321,Average,1.0,0.0,0.0
P00322,Excellent,0.0,0.0,1.0
P00323,Average,1.0,0.0,0.0
P00324,Good,0.0,1.0,0.0
P00325,Good,0.0,1.0,0.0
P00326,Good,0.0,1.0,0.0
P00327,Excellent,0.0,0.0,1.0
P00328,Average,1.0,0.0,0.0
P00329,Good,0.0,1.0,0.0
P00330,Good,0.0,1.0,0.0
P00331,Good,0.0,1.0,0.0
P00332,Good,0.0,1.0,0.0
P00333,Excellent,0.0,0.0,1.0
P00334,Good,0.0,1.0,0.0
P00335,Good,0.0,1.0,0.0
P00336,Excellent,0.0,0.0,1.0
P00337,Good,0.0,1.0,0.0
P00338,Good,0.0,1.0,0.0
P00339,Good,0.0,1.0,0.0
P00340,Excellent,0.0,0.0,1.0
P00341,Excellent,0.0,0.0,1.0
P00342,Good,0.0,1.0,0.0
P00343,Good,0.0,1.0,0.0
P00344,Excellent,0.0,0.0,1.0
P00345,Average,1.0,0.0,0.0
P00346,Average,1.0,0.0,0.0
P00347,Average,1.0,0.0,0.0
P00348,Good,0.0,1.0,0.0
P00349,Good,0.0,1.0,0.0
P00350,Good,0.0,1.0,0.0
P00351,Excellent,0.0,0.0,1.0
P00352,Good,0.0,1.0,0.0
P00353,Excellent,0.0,0.0,1.0
P00354,Good,0.0,1.0,0.0
P00355,Good,0.0,1.0,0.0
P00356,Good,0.0,1.0,0.0
P00357,Good,0.0,1.0,0.0
P00358,Good,0.0,1.0,0.0
P00359,Excellent,0.0,0.0,1.0
P00360,Average,1.0,0.0,0.0
P00361,Average,1.0,0.0,0.0
P00362,Good,0.0,1.0,0.0
P00363,Excellent,0.0,0.0,1.0
P00364,Average,1.0,0.0,0.0
P00365,Good,0.0,1.0,0.0
P00366,Good,0.0,1.0,0.0
P00367,Average,1.0,0.0,0.0
P00368,Good,0.0,1.0,0.0
P00369,Excellent,0.0,0.0,1.0
P00370,Excellent,0.0,0.0,1.0
P00371,Average,1.0,0.0,0.0
P00372,Excellent,0.0,0.0,1.0
P00373,Good,0.0,1.0,0.0
P00374,Good,0.0,1.0,0.0
P00375,Excellent,0.0,0.0,1.0
P00376,Good,0.0,1.0,0.0
P00377,Good,0.0,1.0,0.0
P00378,Good,0.0,1.0,0.0
P00379,Average,1.0,0.0,0.0
P00380,Average,1.0,0.0,0.0
P00381,Good,0.0,1.0,0.0
P00382,Average,1.0,0.0,0.0
P00383,Good,0.0,1.0,0.0
P00384,Good,0.0,1.0,0.0
P00385,Excellent,0.0,0.0,1.0
P00386,Good,0.0,1.0,0.0
P00387,Good,0.0,1.0,0.0
P00388,Excellent,0.0,0.0,1.0
P00389,Good,0.0,1.0,0.0
P00390,Excellent,0.0,0.0,1.0
P00391,Excellent,0.0,0.0,1.0
P00392,Good,0.0,1.0,0.0
P00393,Average,1.0,0.0,0.0
P00394,Good,0.0,1.0,0.0
P00395,Good,0.0,1.0,0.0
P00396,Excellent,0.0,0.0,1.0
P00397,Good,0.0,1.0,0.0
P00398,Good,0.0,1.0,0.0
P00399,Good,0.0,1.0,0.0
P00400,Excellent,0.0,0.0,1.0
P00401,Excellent,0.0,0.0,1.0
P00402,Good,0.0,1.0,0.0
P00403,Good,0.0,1.0,0.0
P00404,Average,1.0,0.0,0.0
P00405,Excellent,0.0,0.0,1.0
P00406,Good,0.0,1.0,0.0
P00407,Average,1.0,0.0,0.0
P00408,Excellent,0.0,0.0,1.0
P00409,Good,0.0,1.0,0.0
P00410,Average,1.0,0.0,0.0
P00411,Good,0.0,1.0,0.0
P00412,Good,0.0,1.0,0.0
P00413,Good,0.0,1.0,0.0
P00414,Good,0.0,1.0,0.0
P00415,Good,0.0,1.0,0.0
P00416,Excellent,0.0,0.0,1.0
P00417,Average,1.0,0.0,0.0
P00418,Average,1.0,0.0,0.0
P00419,Excellent,0.0,0.0,1.0
P00420,Good,0.0,1.0,0.0
P00421,Excellent,0.0,0.0,1.0
P00422,Good,0.0,1.0,0.0
P00423,Excellent,0.0,0.0,1.0
P00424,Excellent,0.0,0.0,1.0
P00425,Average,1.0,0.0,0.0
P00426,Good,0.0,1.0,0.0
P00427,Good,0.0,1.0,0.0
P00428,Good,0.0,1.0,0.0
P00429,Average,1.0,0.0,0.0
P00430,Good,0.0,1.0,0.0
P00431,Good,0.0,1.0,0.0
P00432,Average,1.0,0.0,0.0
P00433,Good,0.0,1.0,0.0
P00434,Average,1.0,0.0,0.0
P00435,Excellent,0.0,0.0,1.0
P00436,Excellent,0.0,0.0,1.0
P00437,Average,1.0,0.0,0.0
P00438,Average,1.0,0.0,0.0
P00439,Good,0.0,1.0,0.0
P00440,Excellent,0.0,0.0,1.0
P00441,Excellent,0.0,0.0,1.0
P00442,Excellent,0.0,0.0,1.0
P00443,Excellent,0.0,0.0,1.0
P00444,Good,0.0,1.0,0.0
P00445,Excellent,0.0,0.0,1.0
P00446,Excellent,0.0,0.0,1.0
P00447,Good,0.0,1.0,0.0
P00448,Average,1.0,0.0,0.0
P00449,Average,1.0,0.0,0.0
P00450,Good,0.0,1.0,0.0
P00451,Excellent,0.0,0.0,1.0
P00452,Excellent,0.0,0.0,1.0
P00453,Average,1.0,0.0,0.0
P00454,Excellent,0.0,0.0,1.0
P00455,Average,1.0,0.0,0.0
P00456,Good,0.0,1.0,0.0
P00457,Excellent,0.0,0.0,1.0
P00458,Good,0.0,1.0,0.0
P00459,Good,0.0,1.0,0.0
P00460,Good,0.0,1.0,0.0
P00461,Good,0.0,1.0,0.0
P00462,Excellent,0.0,0.0,1.0
P00463,Excellent,0.0,0.0,1.0
P00464,Good,0.0,1.0,0.0
P00465,Average,1.0,0.0,0.0
P00466,Excellent,0.0,0.0,1.0
P00467,Good,0.0,1.0,0.0
P00468,Average,1.0,0.0,0.0
P00469,Excellent,0.0,0.0,1.0
P00470,Average,1.0,0.0,0.0
P00471,Excellent,0.0,0.0,1.0
P00472,Average,1.0,0.0,0.0
P00473,Excellent,0.0,0.0,1.0
P00474,Good,0.0,1.0,0.0
P00475,Good,0.0,1.0,0.0
P00476,Excellent,0.0,0.0,1.0
P00477,Good,0.0,1.0,0.0
P00478,Good,0.0,1.0,0.0
P00479,Good,0.0,1.0,0.0
P00480,Good,0.0,1.0,0.0
P00481,Good,0.0,1.0,0.0
P00482,Average,1.0,0.0,0.0
P00483,Average,1.0,0.0,0.0
P00484,Excellent,0.0,0.0,1.0
P00485,Good,0.0,1.0,0.0
P00486,Good,0.0,1.0,0.0
P00487,Average,1.0,0.0,0.0
P00488,Good,0.0,1.0,0.0
P00489,Excellent,0.0,0.0,1.0
P00490,Good,0.0,1.0,0.0
P00491,Good,0.0,1.0,0.0
P00492,Good,0.0,1.0,0.0
P00493,Good,0.0,1.0,0.0
P00494,Excellent,0.0,0.0,1.0
P00495,Good,0.0,1.0,0.0
P00496,Excellent,0.0,0.0,1.0
P00497,Excellent,0.0,0.0,1.0
P00498,Good,0.0,1.0,0.0
P00499,Good,0.0,1.0,0.0
P00500,Good,0.0,1.0,0.0
P00501,Good,0.0,1.0,0.0
P00502,Good,0.0,1.0,0.0
P00503,Good,0.0,1.0,0.0
P00504,Good,0.0,1.0,0.0
P00505,Average,1.0,0.0,0.0
P00506,Good,0.0,1.0,0.0
P00507,Good,0.0,1.0,0.0
P00508,Average,1.0,0.0,0.0
P00509,Average,1.0,0.0,0.0
P00510,Average,1.0,0.0,0.0
P00511,Good,0.0,1.0,0.0
P00512,Excellent,0.0,0.0,1.0
P00513,Excellent,0.0,0.0,1.0
P00514,Good,0.0,1.0,0.0
P00515,Excellent,0.0,0.0,1.0
P00516,Good,0.0,1.0,0.0
P00517,Good,0.0,1.0,0.0
P00518,Average,1.0,0.0,0.0
P00519,Average,1.0,0.0,0.0
P00520,Good,0.0,1.0,0.0
P00521,Excellent,0.0,0.0,1.0
P00522,Good,0.0,1.0,0.0
P00523,Excellent,0.0,0.0,1.0
P00524,Excellent,0.0,0.0,1.0
P00525,Excellent,0.0,0.0,1.0
P00526,Good,0.0,1.0,0.0
P00527,Good,0.0,1.0,0.0
P00528,Good,0.0,1.0,0.0
P00529,Good,0.0,1.0,0.0
P00530,Excellent,0.0,0.0,1.0
P00531,Good,0.0,1.0,0.0
P00532,Excellent,0.0,0.0,1.0
P00533,Excellent,0.0,0.0,1.0
P00534,Good,0.0,1.0,0.0
P00535,Good,0.0,1.0,0.0
P00536,Excellent,0.0,0.0,1.0
P00537,Excellent,0.0,0.0,1.0
P00538,Good,0.0,1.0,0.0
P00539,Excellent,0.0,0.0,1.0
P00540,Excellent,0.0,0.0,1.0
P00541,Excellent,0.0,0.0,1.0
P00542,Good,0.0,1.0,0.0
P00543,Excellent,0.0,0.0,1.0
P00544,Average,1.0,0.0,0.0
P00545,Good,0.0,1.0,0.0
P00546,Excellent,0.0,0.0,1.0
P00547,Excellent,0.0,0.0,1.0
P00548,Excellent,0.0,0.0,1.0
P00549,Excellent,0.0,0.0,1.0
P00550,Excellent,0.0,0.0,1.0
P00551,Average,1.0,0.0,0.0
P00552,Average,1.0,0.0,0.0
P00553,Excellent,0.0,0.0,1.0
P00554,Good,0.0,1.0,0.0
P00555,Excellent,0.0,0.0,1.0
P00556,Excellent,0.0,0.0,1.0
P00557,Good,0.0,1.0,0.0
P00558,Excellent,0.0,0.0,1.0
P00559,Average,1.0,0.0,0.0
P00560,Excellent,0.0,0.0,1.0
P00561,Average,1.0,0.0,0.0
P00562,Average,1.0,0.0,0.0
P00563,Good,0.0,1.0,0.0
P00564,Excellent,0.0,0.0,1.0
P00565,Excellent,0.0,0.0,1.0
P00566,Good,0.0,1.0,0.0
P00567,Good,0.0,1.0,0.0
P00568,Excellent,0.0,0.0,1.0
P00569,Good,0.0,1.0,0.0
P00570,Excellent,0.0,0.0,1.0
P00571,Good,0.0,1.0,0.0
P00572,Good,0.0,1.0,0.0
P00573,Good,0.0,1.0,0.0
P00574,Average,1.0,0.0,0.0
P00575,Average,1.0,0.0,0.0
P00576,Good,0.0,1.0,0.0
P00577,Good,0.0,1.0,0.0
P00578,Excellent,0.0,0.0,1.0
P00579,Good,0.0,1.0,0.0
P00580,Good,0.0,1.0,0.0
P00581,Good,0.0,1.0,0.0
P00582,Excellent,0.0,0.0,1.0
P00583,Average,1.0,0.0,0.0
P00584,Average,1.0,0.0,0.0
P00585,Average,1.0,0.0,0.0
P00586,Good,0.0,1.0,0.0
P00587,Good,0.0,1.0,0.0
P00588,Good,0.0,1.0,0.0
P00589,Excellent,0.0,0.0,1.0
P00590,Excellent,0.0,0.0,1.0
P00591,Good,0.0,1.0,0.0
P00592,Average,1.0,0.0,0.0
P00593,Good,0.0,1.0,0.0
P00594,Excellent,0.0,0.0,1.0
P00595,Good,0.0,1.0,0.0
P00596,Good,0.0,1.0,0.0
P00597,Good,0.0,1.0,0.0
P00598,Good,0.0,1.0,0.0
P00599,Good,0.0,1.0,0.0
P00600,Excellent,0.0,0.0,1.0
P00601,Excellent,0.0,0.0,1.0
P00602,Average,1.0,0.0,0.0
P00603,Good,0.0,1.0,0.0
P00604,Average,1.0,0.0,0.0
P00605,Good,0.0,1.0,0.0
P00606,Good,0.0,1.0,0.0
P00607,Excellent,0.0,0.0,1.0
P00608,Good,0.0,1.0,0.0
P00609,Average,1.0,0.0,0.0
P00610,Good,0.0,1.0,0.0
P00611,Good,0.0,1.0,0.0
P00612,Good,0.0,1.0,0.0
P00613,Average,1.0,0.0,0.0
P00614,Average,1.0,0.0,0.0
P00615,Good,0.0,1.0,0.0
P00616,Excellent,0.0,0.0,1.0
P00617,Excellent,0.0,0.0,1.0
P00618,Good,0.0,1.0,0.0
P00619,Average,1.0,0.0,0.0
P00620,Excellent,0.0,0.0,1.0
P00621,Excellent,0.0,0.0,1.0
P00622,Good,0.0,1.0,0.0
P00623,Average,1.0,0.0,0.0
P00624,Excellent,0.0,0.0,1.0
P00625,Good,0.0,1.0,0.0
P00626,Excellent,0.0,0.0,1.0
P00627,Excellent,0.0,0.0,1.0
P00628,Excellent,0.0,0.0,1.0
P00629,Good,0.0,1.0,0.0
P00630,Good,0.0,1.0,0.0
P00631,Good,0.0,1.0,0.0
P00632,Excellent,0.0,0.0,1.0
P00633,Excellent,0.0,0.0,1.0
P00634,Good,0.0,1.0,0.0
P00635,Average,1.0,0.0,0.0
P00636,Excellent,0.0,0.0,1.0
P00637,Average,1.0,0.0,0.0
P00638,Excellent,0.0,0.0,1.0
P00639,Good,0.0,1.0,0.0
P00640,Good,0.0,1.0,0.0
P00641,Excellent,0.0,0.0,1.0
P00642,Good,0.0,1.0,0.0
P00643,Excellent,0.0,0.0,1.0
P00644,Excellent,0.0,0.0,1.0
P00645,Good,0.0,1.0,0.0
P00646,Good,0.0,1.0,0.0
P00647,Excellent,0.0,0.0,1.0
P00648,Excellent,0.0,0.0,1.0
P00649,Good,0.0,1.0,0.0
P00650,Good,0.0,1.0,0.0
P00651,Excellent,0.0,0.0,1.0
P00652,Excellent,0.0,0.0,1.0
P00653,Excellent,0.0,0.0,1.0
P00654,Good,0.0,1.0,0.0
P00655,Good,0.0,1.0,0.0
P00656,Excellent,0.0,0.0,1.0
P00657,Good,0.0,1.0,0.0
P00658,Good,0.0,1.0,0.0
P00659,Average,1.0,0.0,0.0
P00660,Average,1.0,0.0,0.0
P00661,Average,1.0,0.0,0.0
P00662,Excellent,0.0,0.0,1.0
P00663,Excellent,0.0,0.0,1.0
P00664,Excellent,0.0,0.0,1.0
P00665,Excellent,0.0,0.0,1.0
P00666,Good,0.0,1.0,0.0
P00667,Good,0.0,1.0,0.0
P00668,Good,0.0,1.0,0.0
P00669,Excellent,0.0,0.0,1.0
P00670,Excellent,0.0,0.0,1.0
P00671,Excellent,0.0,0.0,1.0
P00672,Good,0.0,1.0,0.0
P00673,Excellent,0.0,0.0,1.0
P00674,Excellent,0.0,0.0,1.0
P00675,Good,0.0,1.0,0.0
P00676,Good,0.0,1.0,0.0
P00677,Excellent,0.0,0.0,1.0
P00678,Good,0.0,1.0,0.0
P00679,Good,0.0,1.0,0.0
P00680,Excellent,0.0,0.0,1.0
P00681,Average,1.0,0.0,0.0
P00682,Average,1.0,0.0,0.0
P00683,Good,0.0,1.0,0.0
P00684,Average,1.0,0.0,0.0
P00685,Good,0.0,1.0,0.0
P00686,Good,0.0,1.0,0.0
P00687,Average,1.0,0.0,0.0
P00688,Good,0.0,1.0,0.0
P00689,Excellent,0.0,0.0,1.0
P00690,Excellent,0.0,0.0,1.0
P00691,Good,0.0,1.0,0.0
P00692,Average,1.0,0.0,0.0
P00693,Good,0.0,1.0,0.0
P00694,Good,0.0,1.0,0.0
P00695,Good,0.0,1.0,0.0
P00696,Excellent,0.0,0.0,1.0
P00697,Excellent,0.0,0.0,1.0
P00698,Good,0.0,1.0,0.0
P00699,Good,0.0,1.0,0.0
P00700,Excellent,0.0,0.0,1.0
P00701,Average,1.0,0.0,0.0
P00702,Good,0.0,1.0,0.0
P00703,Average,1.0,0.0,0.0
P00704,Average,1.0,0.0,0.0
P00705,Good,0.0,1.0,0.0
P00706,Average,1.0,0.0,0.0
P00707,Excellent,0.0,0.0,1.0
P00708,Excellent,0.0,0.0,1.0
P00709,Average,1.0,0.0,0.0
P00710,Excellent,0.0,0.0,1.0
P00711,Excellent,0.0,0.0,1.0
P00712,Excellent,0.0,0.0,1.0
P00713,Good,0.0,1.0,0.0
P00714,Good,0.0,1.0,0.0
P00715,Good,0.0,1.0,0.0
P00716,Excellent,0.0,0.0,1.0
P00717,Excellent,0.0,0.0,1.0
P00718,Excellent,0.0,0.0,1.0
P00719,Average,1.0,0.0,0.0
P00720,Good,0.0,1.0,0.0
P00721,Excellent,0.0,0.0,1.0
P00722,Excellent,0.0,0.0,1.0
P00723,Excellent,0.0,0.0,1.0
P00724,Good,0.0,1.0,0.0
P00725,Average,1.0,0.0,0.0
P00726,Excellent,0.0,0.0,1.0
P00727,Excellent,0.0,0.0,1.0
P00728,Good,0.0,1.0,0.0
P00729,Excellent,0.0,0.0,1.0
P00730,Excellent,0.0,0.0,1.0
P00731,Excellent,0.0,0.0,1.0
P00732,Good,0.0,1.0,0.0
P00733,Good,0.0,1.0,0.0
P00734,Good,0.0,1.0,0.0
P00735,Good,0.0,1.0,0.0
P00736,Average,1.0,0.0,0.0
P00737,Excellent,0.0,0.0,1.0
P00738,Excellent,0.0,0.0,1.0
P00739,Excellent,0.0,0.0,1.0
P00740,Excellent,0.0,0.0,1.0
P00741,Good,0.0,1.0,0.0
P00742,Excellent,0.0,0.0,1.0
P00743,Excellent,0.0,0.0,1.0
P00744,Excellent,0.0,0.0,1.0
P00745,Excellent,0.0,0.0,1.0
P00746,Excellent,0.0,0.0,1.0
P00747,Good,0.0,1.0,0.0
P00748,Good,0.0,1.0,0.0
P00749,Excellent,0.0,0.0,1.0
P00750,Average,1.0,0.0,0.0
P00751,Good,0.0,1.0,0.0
P00752,Good,0.0,1.0,0.0
P00753,Excellent,0.0,0.0,1.0
P00754,Average,1.0,0.0,0.0
P00755,Average,1.0,0.0,0.0
P00756,Excellent,0.0,0.0,1.0
P00757,Excellent,0.0,0.0,1.0
P00758,Average,1.0,0.0,0.0
P00759,Good,0.0,1.0,0.0
P00760,Excellent,0.0,0.0,1.0
P00761,Good,0.0,1.0,0.0
P00762,Excellent,0.0,0.0,1.0
P00763,Excellent,0.0,0.0,1.0
P00764,Good,0.0,1.0,0.0
P00765,Good,0.0,1.0,0.0
P00766,Good,0.0,1.0,0.0
P00767,Excellent,0.0,0.0,1.0
P00768,Average,1.0,0.0,0.0
P00769,Good,0.0,1.0,0.0
P00770,Excellent,0.0,0.0,1.0
P00771,Good,0.0,1.0,0.0
P00772,Average,1.0,0.0,0.0
P00773,Good,0.0,1.0,0.0
P00774,Average,1.0,0.0,0.0
P00775,Good,0.0,1.0,0.0
P00776,Good,0.0,1.0,0.0
P00777,Excellent,0.0,0.0,1.0
P00778,Good,0.0,1.0,0.0
P00779,Excellent,0.0,0.0,1.0
P00780,Good,0.0,1.0,0.0
P00781,Excellent,0.0,0.0,1.0
P00782,Average,1.0,0.0,0.0
P00783,Excellent,0.0,0.0,1.0
P00784,Excellent,0.0,0.0,1.0
P00785,Good,0.0,1.0,0.0
P00786,Average,1.0,0.0,0.0
P00787,Good,0.0,1.0,0.0
P00788,Excellent,0.0,0.0,1.0
P00789,Good,0.0,1.0,0.0
P00790,Excellent,0.0,0.0,1.0
P00791,Excellent,0.0,0.0,1.0
P00792,Average,1.0,0.0,0.0
P00793,Good,0.0,1.0,0.0
P00794,Average,1.0,0.0,0.0
P00795,Good,0.0,1.0,0.0
P00796,Good,0.0,1.0,0.0
P00797,Excellent,0.0,0.0,1.0
P00798,Average,1.0,0.0,0.0
P00799,Good,0.0,1.0,0.0
P00800,Good,0.0,1.0,0.0
P00801,Good,0.0,1.0,0.0
P00802,Average,1.0,0.0,0.0
P00803,Good,0.0,1.0,0.0
P00804,Excellent,0.0,0.0,1.0
P00805,Average,1.0,0.0,0.0
P00806,Average,1.0,0.0,0.0
P00807,Average,1.0,0.0,0.0
P00808,Excellent,0.0,0.0,1.0
P00809,Good,0.0,1.0,0.0
P00810,Good,0.0,1.0,0.0
P00811,Average,1.0,0.0,0.0
P00812,Good,0.0,1.0,0.0
P00813,Good,0.0,1.0,0.0
P00814,Good,0.0,1.0,0.0
P00815,Excellent,0.0,0.0,1.0
P00816,Average,1.0,0.0,0.0
P00817,Good,0.0,1.0,0.0
P00818,Good,0.0,1.0,0.0
P00819,Average,1.0,0.0,0.0
P00820,Excellent,0.0,0.0,1.0
P00821,Average,1.0,0.0,0.0
P00822,Good,0.0,1.0,0.0
P00823,Excellent,0.0,0.0,1.0
P00824,Good,0.0,1.0,0.0
P00825,Excellent,0.0,0.0,1.0
P00826,Average,1.0,0.0,0.0
P00827,Good,0.0,1.0,0.0
P00828,Excellent,0.0,0.0,1.0
P00829,Good,0.0,1.0,0.0
P00830,Average,1.0,0.0,0.0
P00831,Average,1.0,0.0,0.0
P00832,Average,1.0,0.0,0.0
P00833,Excellent,0.0,0.0,1.0
P00834,Good,0.0,1.0,0.0
P00835,Good,0.0,1.0,0.0
P00836,Excellent,0.0,0.0,1.0
P00837,Excellent,0.0,0.0,1.0
P00838,Excellent,0.0,0.0,1.0
P00839,Excellent,0.0,0.0,1.0
P00840,Good,0.0,1.0,0.0
P00841,Good,0.0,1.0,0.0
P00842,Excellent,0.0,0.0,1.0
P00843,Good,0.0,1.0,0.0
P00844,Average,1.0,0.0,0.0
P00845,Excellent,0.0,0.0,1.0
P00846,Good,0.0,1.0,0.0
P00847,Good,0.0,1.0,0.0
P00848,Good,0.0,1.0,0.0
P00849,Average,1.0,0.0,0.0
P00850,Excellent,0.0,0.0,1.0
P00851,Good,0.0,1.0,0.0
P00852,Good,0.0,1.0,0.0
P00853,Good,0.0,1.0,0.0
P00854,Good,0.0,1.0,0.0
P00855,Good,0.0,1.0,0.0
P00856,Good,0.0,1.0,0.0
P00857,Good,0.0,1.0,0.0
P00858,Good,0.0,1.0,0.0
P00859,Average,1.0,0.0,0.0
P00860,Average,1.0,0.0,0.0
P00861,Excellent,0.0,0.0,1.0
P00862,Excellent,0.0,0.0,1.0
P00863,Average,1.0,0.0,0.0
P00864,Good,0.0,1.0,0.0
P00865,Excellent,0.0,0.0,1.0
P00866,Good,0.0,1.0,0.0
P00867,Excellent,0.0,0.0,1.0
P00868,Good,0.0,1.0,0.0
P00869,Excellent,0.0,0.0,1.0
P00870,Average,1.0,0.0,0.0
P00871,Average,1.0,0.0,0.0
P00872,Good,0.0,1.0,0.0
P00873,Excellent,0.0,0.0,1.0
P00874,Excellent,0.0,0.0,1.0
P00875,Average,1.0,0.0,0.0
P00876,Average,1.0,0.0,0.0
P00877,Good,0.0,1.0,0.0
P00878,Excellent,0.0,0.0,1.0
P00879,Average,1.0,0.0,0.0
P00880,Average,1.0,0.0,0.0
P00881,Excellent,0.0,0.0,1.0
P00882,Average,1.0,0.0,0.0
P00883,Good,0.0,1.0,0.0
P00884,Good,0.0,1.0,0.0
P00885,Good,0.0,1.0,0.0
P00886,Excellent,0.0,0.0,1.0
P00887,Good,0.0,1.0,0.0
P00888,Good,0.0,1.0,0.0
P00889,Good,0.0,1.0,0.0
P00890,Good,0.0,1.0,0.0
P00891,Excellent,0.0,0.0,1.0
P00892,Good,0.0,1.0,0.0
P00893,Good,0.0,1.0,0.0
P00894,Good,0.0,1.0,0.0
P00895,Average,1.0,0.0,0.0
P00896,Average,1.0,0.0,0.0
P00897,Good,0.0,1.0,0.0
P00898,Good,0.0,1.0,0.0
P00899,Excellent,0.0,0.0,1.0
P00900,Good,0.0,1.0,0.0
P00901,Good,0.0,1.0,0.0
P00902,Average,1.0,0.0,0.0
P00903,Good,0.0,1.0,0.0
P00904,Average,1.0,0.0,0.0
P00905,Good,0.0,1.0,0.0
P00906,Good,0.0,1.0,0.0
P00907,Good,0.0,1.0,0.0
P00908,Good,0.0,1.0,0.0
P00909,Excellent,0.0,0.0,1.0
P00910,Average,1.0,0.0,0.0
P00911,Good,0.0,1.0,0.0
P00912,Excellent,0.0,0.0,1.0
P00913,Good,0.0,1.0,0.0
P00914,Excellent,0.0,0.0,1.0
P00915,Good,0.0,1.0,0.0
P00916,Good,0.0,1.0,0.0
P00917,Excellent,0.0,0.0,1.0
P00918,Good,0.0,1.0,0.0
P00919,Good,0.0,1.0,0.0
P00920,Good,0.0,1.0,0.0
P00921,Average,1.0,0.0,0.0
P00922,Good,0.0,1.0,0.0
P00923,Average,1.0,0.0,0.0
P00924,Good,0.0,1.0,0.0
P00925,Excellent,0.0,0.0,1.0
P00926,Good,0.0,1.0,0.0
P00927,Excellent,0.0,0.0,1.0
P00928,Average,1.0,0.0,0.0
P00929,Good,0.0,1.0,0.0
P00930,Good,0.0,1.0,0.0
P00931,Average,1.0,0.0,0.0
P00932,Excellent,0.0,0.0,1.0
P00933,Excellent,0.0,0.0,1.0
P00934,Excellent,0.0,0.0,1.0
P00935,Excellent,0.0,0.0,1.0
P00936,Good,0.0,1.0,0.0
P00937,Excellent,0.0,0.0,1.0
P00938,Good,0.0,1.0,0.0
P00939,Average,1.0,0.0,0.0
P00940,Good,0.0,1.0,0.0
P00941,Good,0.0,1.0,0.0
P00942,Excellent,0.0,0.0,1.0
P00943,Average,1.0,0.0,0.0
P00944,Good,0.0,1.0,0.0
P00945,Good,0.0,1.0,0.0
P00946,Good,0.0,1.0,0.0
P00947,Average,1.0,0.0,0.0
P00948,Good,0.0,1.0,0.0
P00949,Good,0.0,1.0,0.0
P00950,Good,0.0,1.0,0.0
P00951,Excellent,0.0,0.0,1.0
P00952,Excellent,0.0,0.0,1.0
P00953,Excellent,0.0,0.0,1.0
P00954,Average,1.0,0.0,0.0
P00955,Excellent,0.0,0.0,1.0
P00956,Excellent,0.0,0.0,1.0
P00957,Excellent,0.0,0.0,1.0
P00958,Excellent,0.0,0.0,1.0
P00959,Excellent,0.0,0.0,1.0
P00960,Average,1.0,0.0,0.0
P00961,Good,0.0,1.0,0.0
P00962,Average,1.0,0.0,0.0
P00963,Excellent,0.0,0.0,1.0
P00964,Excellent,0.0,0.0,1.0
P00965,Average,1.0,0.0,0.0
P00966,Good,0.0,1.0,0.0
P00967,Excellent,0.0,0.0,1.0
P00968,Good,0.0,1.0,0.0
P00969,Average,1.0,0.0,0.0
P00970,Good,0.0,1.0,0.0
P00971,Excellent,0.0,0.0,1.0
P00972,Good,0.0,1.0,0.0
P00973,Good,0.0,1.0,0.0
P00974,Excellent,0.0,0.0,1.0
P00975,Good,0.0,1.0,0.0
P00976,Excellent,0.0,0.0,1.0
P00977,Good,0.0,1.0,0.0
P00978,Good,0.0,1.0,0.0
P00979,Average,1.0,0.0,0.0
P00980,Good,0.0,1.0,0.0
P00981,Good,0.0,1.0,0.0
P00982,Excellent,0.0,0.0,1.0
P00983,Good,0.0,1.0,0.0
P00984,Good,0.0,1.0,0.0
P00985,Good,0.0,1.0,0.0
P00986,Excellent,0.0,0.0,1.0
P00987,Good,0.0,1.0,0.0
P00988,Good,0.0,1.0,0.0
P00989,Good,0.0,1.0,0.0
P00990,Excellent,0.0,0.0,1.0
P00991,Excellent,0.0,0.0,1.0
P00992,Excellent,0.0,0.0,1.0
P00993,Average,1.0,0.0,0.0
P00994,Good,0.0,1.0,0.0
P00995,Excellent,0.0,0.0,1.0
P00996,Good,0.0,1.0,0.0
P00997,Good,0.0,1.0,0.0
P00998,Good,0.0,1.0,0.0
P00999,Good,0.0,1.0,0.0
P01000,Good,0.0,1.0,0.0
P01001,Excellent,0.0,0.0,1.0
P01002,Excellent,0.0,0.0,1.0
P01003,Excellent,0.0,0.0,1.0
P01004,Good,0.0,1.0,0.0
P01005,Good,0.0,1.0,0.0
P01006,Good,0.0,1.0,0.0
P01007,Good,0.0,1.0,0.0
P01008,Excellent,0.0,0.0,1.0
P01009,Excellent,0.0,0.0,1.0
P01010,Average,1.0,0.0,0.0
P01011,Average,1.0,0.0,0.0
P01012,Good,0.0,1.0,0.0
P01013,Good,0.0,1.0,0.0
P01014,Average,1.0,0.0,0.0
P01015,Average,1.0,0.0,0.0
P01016,Good,0.0,1.0,0.0
P01017,Good,0.0,1.0,0.0
P01018,Good,0.0,1.0,0.0
P01019,Excellent,0.0,0.0,1.0
P01020,Good,0.0,1.0,0.0
P01021,Average,1.0,0.0,0.0
P01022,Average,1.0,0.0,0.0
P01023,Average,1.0,0.0,0.0
P01024,Excellent,0.0,0.0,1.0
P01025,Excellent,0.0,0.0,1.0
P01026,Good,0.0,1.0,0.0
P01027,Good,0.0,1.0,0.0
P01028,Good,0.0,1.0,0.0
P01029,Excellent,0.0,0.0,1.0
P01030,Excellent,0.0,0.0,1.0
P01031,Excellent,0.0,0.0,1.0
P01032,Average,1.0,0.0,0.0
P01033,Good,0.0,1.0,0.0
P01034,Average,1.0,0.0,0.0
P01035,Excellent,0.0,0.0,1.0
P01036,Average,1.0,0.0,0.0
P01037,Excellent,0.0,0.0,1.0
P01038,Average,1.0,0.0,0.0
P01039,Good,0.0,1.0,0.0
P01040,Excellent,0.0,0.0,1.0
P01041,Excellent,0.0,0.0,1.0
P01042,Average,1.0,0.0,0.0
P01043,Good,0.0,1.0,0.0
P01044,Good,0.0,1.0,0.0
P01045,Excellent,0.0,0.0,1.0
P01046,Average,1.0,0.0,0.0
P01047,Good,0.0,1.0,0.0
P01048,Good,0.0,1.0,0.0
P01049,Average,1.0,0.0,0.0
P01050,Excellent,0.0,0.0,1.0
P01051,Excellent,0.0,0.0,1.0
P01052,Excellent,0.0,0.0,1.0
P01053,Good,0.0,1.0,0.0
P01054,Average,1.0,0.0,0.0
P01055,Good,0.0,1.0,0.0
P01056,Excellent,0.0,0.0,1.0
P01057,Average,1.0,0.0,0.0
P01058,Average,1.0,0.0,0.0
P01059,Average,1.0,0.0,0.0
P01060,Good,0.0,1.0,0.0
P01061,Average,1.0,0.0,0.0
P01062,Excellent,0.0,0.0,1.0
P01063,Good,0.0,1.0,0.0
P01064,Good,0.0,1.0,0.0
P01065,Excellent,0.0,0.0,1.0
P01066,Good,0.0,1.0,0.0
P01067,Good,0.0,1.0,0.0
P01068,Average,1.0,0.0,0.0
P01069,Average,1.0,0.0,0.0
P01070,Excellent,0.0,0.0,1.0
P01071,Excellent,0.0,0.0,1.0
P01072,Good,0.0,1.0,0.0
P01073,Good,0.0,1.0,0.0
P01074,Excellent,0.0,0.0,1.0
P01075,Good,0.0,1.0,0.0
P01076,Good,0.0,1.0,0.0
P01077,Average,1.0,0.0,0.0
P01078,Excellent,0.0,0.0,1.0
P01079,Good,0.0,1.0,0.0
P01080,Good,0.0,1.0,0.0
P01081,Excellent,0.0,0.0,1.0
P01082,Good,0.0,1.0,0.0
P01083,Excellent,0.0,0.0,1.0
P01084,Good,0.0,1.0,0.0
P01085,Excellent,0.0,0.0,1.0
P01086,Good,0.0,1.0,0.0
P01087,Excellent,0.0,0.0,1.0
P01088,Excellent,0.0,0.0,1.0
P01089,Average,1.0,0.0,0.0
P01090,Average,1.0,0.0,0.0
P01091,Good,0.0,1.0,0.0
P01092,Good,0.0,1.0,0.0
P01093,Excellent,0.0,0.0,1.0
P01094,Average,1.0,0.0,0.0
P01095,Good,0.0,1.0,0.0
P01096,Excellent,0.0,0.0,1.0
P01097,Average,1.0,0.0,0.0
P01098,Good,0.0,1.0,0.0
P01099,Excellent,0.0,0.0,1.0
P01100,Average,1.0,0.0,0.0
P01101,Excellent,0.0,0.0,1.0
P01102,Good,0.0,1.0,0.0
P01103,Excellent,0.0,0.0,1.0
P01104,Average,1.0,0.0,0.0
P01105,Average,1.0,0.0,0.0
P01106,Good,0.0,1.0,0.0
P01107,Average,1.0,0.0,0.0
P01108,Average,1.0,0.0,0.0
P01109,Good,0.0,1.0,0.0
P01110,Excellent,0.0,0.0,1.0
P01111,Excellent,0.0,0.0,1.0
P01112,Excellent,0.0,0.0,1.0
P01113,Good,0.0,1.0,0.0
P01114,Good,0.0,1.0,0.0
P01115,Excellent,0.0,0.0,1.0
P01116,Excellent,0.0,0.0,1.0
P01117,Average,1.0,0.0,0.0
P01118,Good,0.0,1.0,0.0
P01119,Average,1.0,0.0,0.0
P01120,Good,0.0,1.0,0.0
P01121,Average,1.0,0.0,0.0
P01122,Excellent,0.0,0.0,1.0
P01123,Excellent,0.0,0.0,1.0
P01124,Good,0.0,1.0,0.0
P01125,Good,0.0,1.0,0.0
P01126,Average,1.0,0.0,0.0
P01127,Good,0.0,1.0,0.0
P01128,Good,0.0,1.0,0.0
P01129,Excellent,0.0,0.0,1.0
P01130,Excellent,0.0,0.0,1.0
P01131,Good,0.0,1.0,0.0
P01132,Excellent,0.0,0.0,1.0
P01133,Good,0.0,1.0,0.0
P01134,Excellent,0.0,0.0,1.0
P01135,Excellent,0.0,0.0,1.0
P01136,Good,0.0,1.0,0.0
P01137,Excellent,0.0,0.0,1.0
P01138,Good,0.0,1.0,0.0
P01139,Good,0.0,1.0,0.0
P01140,Good,0.0,1.0,0.0
P01141,Good,0.0,1.0,0.0
P01142,Good,0.0,1.0,0.0
P01143,Excellent,0.0,0.0,1.0
P01144,Good,0.0,1.0,0.0
P01145,Excellent,0.0,0.0,1.0
P01146,Average,1.0,0.0,0.0
P01147,Excellent,0.0,0.0,1.0
P01148,Good,0.0,1.0,0.0
P01149,Excellent,0.0,0.0,1.0
P01150,Good,0.0,1.0,0.0
P01151,Excellent,0.0,0.0,1.0
P01152,Good,0.0,1.0,0.0
P01153,Excellent,0.0,0.0,1.0
P01154,Good,0.0,1.0,0.0
P01155,Excellent,0.0,0.0,1.0
P01156,Excellent,0.0,0.0,1.0
P01157,Excellent,0.0,0.0,1.0
P01158,Good,0.0,1.0,0.0
P01159,Good,0.0,1.0,0.0
P01160,Excellent,0.0,0.0,1.0
P01161,Good,0.0,1.0,0.0
P01162,Excellent,0.0,0.0,1.0
P01163,Excellent,0.0,0.0,1.0
P01164,Good,0.0,1.0,0.0
P01165,Good,0.0,1.0,0.0
P01166,Good,0.0,1.0,0.0
P01167,Good,0.0,1.0,0.0
P01168,Average,1.0,0.0,0.0
P01169,Good,0.0,1.0,0.0
P01170,Good,0.0,1.0,0.0
P01171,Good,0.0,1.0,0.0
P01172,Good,0.0,1.0,0.0
P01173,Good,0.0,1.0,0.0
P01174,Average,1.0,0.0,0.0
P01175,Good,0.0,1.0,0.0
P01176,Excellent,0.0,0.0,1.0
P01177,Good,0.0,1.0,0.0
P01178,Excellent,0.0,0.0,1.0
P01179,Excellent,0.0,0.0,1.0
P01180,Excellent,0.0,0.0,1.0
P01181,Excellent,0.0,0.0,1.0
P01182,Good,0.0,1.0,0.0
P01183,Average,1.0,0.0,0.0
P01184,Good,0.0,1.0,0.0
P01185,Excellent,0.0,0.0,1.0
P01186,Good,0.0,1.0,0.0
P01187,Good,0.0,1.0,0.0
P01188,Average,1.0,0.0,0.0
P01189,Good,0.0,1.0,0.0
P01190,Average,1.0,0.0,0.0
P01191,Excellent,0.0,0.0,1.0
P01192,Average,1.0,0.0,0.0
P01193,Average,1.0,0.0,0.0
P01194,Good,0.0,1.0,0.0
P01195,Average,1.0,0.0,0.0
P01196,Good,0.0,1.0,0.0
P01197,Excellent,0.0,0.0,1.0
P01198,Good,0.0,1.0,0.0
P01199,Good,0.0,1.0,0.0
P01200,Good,0.0,1.0,0.0
P01201,Average,1.0,0.0,0.0
P01202,Good,0.0,1.0,0.0
P01203,Excellent,0.0,0.0,1.0
P01204,Good,0.0,1.0,0.0
P01205,Average,1.0,0.0,0.0
P01206,Good,0.0,1.0,0.0
P01207,Excellent,0.0,0.0,1.0
P01208,Excellent,0.0,0.0,1.0
P01209,Average,1.0,0.0,0.0
P01210,Good,0.0,1.0,0.0
P01211,Average,1.0,0.0,0.0
P01212,Good,0.0,1.0,0.0
P01213,Excellent,0.0,0.0,1.0
P01214,Average,1.0,0.0,0.0
P01215,Average,1.0,0.0,0.0
P01216,Good,0.0,1.0,0.0
P01217,Excellent,0.0,0.0,1.0
P01218,Excellent,0.0,0.0,1.0
P01219,Good,0.0,1.0,0.0
P01220,Good,0.0,1.0,0.0
P01221,Excellent,0.0,0.0,1.0
P01222,Good,0.0,1.0,0.0
P01223,Good,0.0,1.0,0.0
P01224,Good,0.0,1.0,0.0
P01225,Good,0.0,1.0,0.0
P01226,Excellent,0.0,0.0,1.0
P01227,Average,1.0,0.0,0.0
P01228,Average,1.0,0.0,0.0
P01229,Good,0.0,1.0,0.0
P01230,Average,1.0,0.0,0.0
P01231,Excellent,0.0,0.0,1.0
P01232,Good,0.0,1.0,0.0
P01233,Excellent,0.0,0.0,1.0
P01234,Average,1.0,0.0,0.0
P01235,Good,0.0,1.0,0.0
P01236,Excellent,0.0,0.0,1.0
P01237,Average,1.0,0.0,0.0
P01238,Good,0.0,1.0,0.0
P01239,Excellent,0.0,0.0,1.0
P01240,Good,0.0,1.0,0.0
P01241,Good,0.0,1.0,0.0
P01242,Average,1.0,0.0,0.0
P01243,Excellent,0.0,0.0,1.0
P01244,Average,1.0,0.0,0.0
P01245,Average,1.0,0.0,0.0
P01246,Average,1.0,0.0,0.0
P01247,Average,1.0,0.0,0.0
P01248,Excellent,0.0,0.0,1.0
P01249,Good,0.0,1.0,0.0
P01250,Good,0.0,1.0,0.0
P01251,Excellent,0.0,0.0,1.0
P01252,Excellent,0.0,0.0,1.0
P01253,Good,0.0,1.0,0.0
P01254,Average,1.0,0.0,0.0
P01255,Excellent,0.0,0.0,1.0
P01256,Excellent,0.0,0.0,1.0
P01257,Good,0.0,1.0,0.0
P01258,Average,1.0,0.0,0.0
P01259,Good,0.0,1.0,0.0
P01260,Good,0.0,1.0,0.0
P01261,Average,1.0,0.0,0.0
P01262,Good,0.0,1.0,0.0
P01263,Average,1.0,0.0,0.0
P01264,Good,0.0,1.0,0.0
P01265,Excellent,0.0,0.0,1.0
P01266,Average,1.0,0.0,0.0
P01267,Excellent,0.0,0.0,1.0
P01268,Good,0.0,1.0,0.0
P01269,Good,0.0,1.0,0.0
P01270,Average,1.0,0.0,0.0
P01271,Good,0.0,1.0,0.0
P01272,Average,1.0,0.0,0.0
P01273,Good,0.0,1.0,0.0
P01274,Excellent,0.0,0.0,1.0
P01275,Good,0.0,1.0,0.0
P01276,Good,0.0,1.0,0.0
P01277,Excellent,0.0,0.0,1.0
P01278,Good,0.0,1.0,0.0
P01279,Good,0.0,1.0,0.0
P01280,Excellent,0.0,0.0,1.0
P01281,Good,0.0,1.0,0.0
P01282,Good,0.0,1.0,0.0
P01283,Good,0.0,1.0,0.0
P01284,Good,0.0,1.0,0.0
P01285,Average,1.0,0.0,0.0
P01286,Good,0.0,1.0,0.0
P01287,Average,1.0,0.0,0.0
P01288,Excellent,0.0,0.0,1.0
P01289,Good,0.0,1.0,0.0
P01290,Excellent,0.0,0.0,1.0
P01291,Excellent,0.0,0.0,1.0
P01292,Excellent,0.0,0.0,1.0
P01293,Good,0.0,1.0,0.0
P01294,Good,0.0,1.0,0.0
P01295,Excellent,0.0,0.0,1.0
P01296,Average,1.0,0.0,0.0
P01297,Excellent,0.0,0.0,1.0
P01298,Excellent,0.0,0.0,1.0
P01299,Good,0.0,1.0,0.0
P01300,Good,0.0,1.0,0.0
P01301,Average,1.0,0.0,0.0
P01302,Excellent,0.0,0.0,1.0
P01303,Good,0.0,1.0,0.0
P01304,Good,0.0,1.0,0.0
P01305,Good,0.0,1.0,0.0
P01306,Good,0.0,1.0,0.0
P01307,Excellent,0.0,0.0,1.0
P01308,Average,1.0,0.0,0.0
P01309,Good,0.0,1.0,0.0
P01310,Average,1.0,0.0,0.0
P01311,Average,1.0,0.0,0.0
P01312,Excellent,0.0,0.0,1.0
P01313,Excellent,0.0,0.0,1.0
P01314,Good,0.0,1.0,0.0
P01315,Good,0.0,1.0,0.0
P01316,Excellent,0.0,0.0,1.0
P01317,Excellent,0.0,0.0,1.0
P01318,Good,0.0,1.0,0.0
P01319,Excellent,0.0,0.0,1.0
P01320,Excellent,0.0,0.0,1.0
P01321,Good,0.0,1.0,0.0
P01322,Good,0.0,1.0,0.0
P01323,Good,0.0,1.0,0.0
P01324,Average,1.0,0.0,0.0
P01325,Average,1.0,0.0,0.0
P01326,Excellent,0.0,0.0,1.0
P01327,Excellent,0.0,0.0,1.0
P01328,Excellent,0.0,0.0,1.0
P01329,Good,0.0,1.0,0.0
P01330,Good,0.0,1.0,0.0
P01331,Good,0.0,1.0,0.0
P01332,Good,0.0,1.0,0.0
P01333,Excellent,0.0,0.0,1.0
P01334,Excellent,0.0,0.0,1.0
P01335,Good,0.0,1.0,0.0
P01336,Average,1.0,0.0,0.0
P01337,Good,0.0,1.0,0.0
P01338,Good,0.0,1.0,0.0
P01339,Good,0.0,1.0,0.0
P01340,Average,1.0,0.0,0.0
P01341,Good,0.0,1.0,0.0
P01342,Average,1.0,0.0,0.0
P01343,Excellent,0.0,0.0,1.0
P01344,Good,0.0,1.0,0.0
P01345,Excellent,0.0,0.0,1.0
P01346,Good,0.0,1.0,0.0
P01347,Good,0.0,1.0,0.0
P01348,Good,0.0,1.0,0.0
P01349,Excellent,0.0,0.0,1.0
P01350,Excellent,0.0,0.0,1.0
P01351,Good,0.0,1.0,0.0
P01352,Good,0.0,1.0,0.0
P01353,Average,1.0,0.0,0.0
P01354,Good,0.0,1.0,0.0
P01355,Good,0.0,1.0,0.0
P01356,Good,0.0,1.0,0.0
P01357,Excellent,0.0,0.0,1.0
P01358,Good,0.0,1.0,0.0
P01359,Excellent,0.0,0.0,1.0
P01360,Good,0.0,1.0,0.0
P01361,Excellent,0.0,0.0,1.0
P01362,Good,0.0,1.0,0.0
P01363,Average,1.0,0.0,0.0
P01364,Average,1.0,0.0,0.0
P01365,Excellent,0.0,0.0,1.0
P01366,Good,0.0,1.0,0.0
P01367,Excellent,0.0,0.0,1.0
P01368,Excellent,0.0,0.0,1.0
P01369,Good,0.0,1.0,0.0
P01370,Excellent,0.0,0.0,1.0
P01371,Good,0.0,1.0,0.0
P01372,Good,0.0,1.0,0.0
P01373,Excellent,0.0,0.0,1.0
P01374,Average,1.0,0.0,0.0
P01375,Average,1.0,0.0,0.0
P01376,Good,0.0,1.0,0.0
P01377,Average,1.0,0.0,0.0
P01378,Good,0.0,1.0,0.0
P01379,Average,1.0,0.0,0.0
P01380,Average,1.0,0.0,0.0
P01381,Good,0.0,1.0,0.0
P01382,Excellent,0.0,0.0,1.0
P01383,Good,0.0,1.0,0.0
P01384,Good,0.0,1.0,0.0
P01385,Excellent,0.0,0.0,1.0
P01386,Excellent,0.0,0.0,1.0
P01387,Excellent,0.0,0.0,1.0
P01388,Good,0.0,1.0,0.0
P01389,Excellent,0.0,0.0,1.0
P01390,Average,1.0,0.0,0.0
P01391,Excellent,0.0,0.0,1.0
P01392,Good,0.0,1.0,0.0
P01393,Excellent,0.0,0.0,1.0
P01394,Average,1.0,0.0,0.0
P01395,Excellent,0.0,0.0,1.0
P01396,Excellent,0.0,0.0,1.0
P01397,Good,0.0,1.0,0.0
P01398,Average,1.0,0.0,0.0
P01399,Good,0.0,1.0,0.0
P01400,Good,0.0,1.0,0.0
P01401,Average,1.0,0.0,0.0
P01402,Excellent,0.0,0.0,1.0
P01403,Excellent,0.0,0.0,1.0
P01404,Excellent,0.0,0.0,1.0
P01405,Good,0.0,1.0,0.0
P01406,Average,1.0,0.0,0.0
P01407,Excellent,0.0,0.0,1.0
P01408,Average,1.0,0.0,0.0
P01409,Excellent,0.0,0.0,1.0
P01410,Excellent,0.0,0.0,1.0
P01411,Excellent,0.0,0.0,1.0
P01412,Good,0.0,1.0,0.0
P01413,Average,1.0,0.0,0.0
P01414,Excellent,0.0,0.0,1.0
P01415,Excellent,0.0,0.0,1.0
P01416,Good,0.0,1.0,0.0
P01417,Good,0.0,1.0,0.0
P01418,Good,0.0,1.0,0.0
P01419,Average,1.0,0.0,0.0
P01420,Average,1.0,0.0,0.0
P01421,Good,0.0,1.0,0.0
P01422,Good,0.0,1.0,0.0
P01423,Good,0.0,1.0,0.0
P01424,Excellent,0.0,0.0,1.0
P01425,Excellent,0.0,0.0,1.0
P01426,Good,0.0,1.0,0.0
P01427,Excellent,0.0,0.0,1.0
P01428,Good,0.0,1.0,0.0
P01429,Excellent,0.0,0.0,1.0
P01430,Excellent,0.0,0.0,1.0
P01431,Good,0.0,1.0,0.0
P01432,Average,1.0,0.0,0.0
P01433,Average,1.0,0.0,0.0
P01434,Average,1.0,0.0,0.0
P01435,Good,0.0,1.0,0.0
P01436,Excellent,0.0,0.0,1.0
P01437,Good,0.0,1.0,0.0
P01438,Average,1.0,0.0,0.0
P01439,Excellent,0.0,0.0,1.0
P01440,Excellent,0.0,0.0,1.0
P01441,Good,0.0,1.0,0.0
P01442,Excellent,0.0,0.0,1.0
P01443,Good,0.0,1.0,0.0
P01444,Average,1.0,0.0,0.0
P01445,Good,0.0,1.0,0.0
P01446,Good,0.0,1.0,0.0
P01447,Good,0.0,1.0,0.0
P01448,Excellent,0.0,0.0,1.0
P01449,Average,1.0,0.0,0.0
P01450,Excellent,0.0,0.0,1.0
P01451,Average,1.0,0.0,0.0
P01452,Average,1.0,0.0,0.0
P01453,Average,1.0,0.0,0.0
P01454,Good,0.0,1.0,0.0
P01455,Excellent,0.0,0.0,1.0
P01456,Good,0.0,1.0,0.0
P01457,Average,1.0,0.0,0.0
P01458,Excellent,0.0,0.0,1.0
P01459,Good,0.0,1.0,0.0
P01460,Good,0.0,1.0,0.0
P01461,Good,0.0,1.0,0.0
P01462,Average,1.0,0.0,0.0
P01463,Good,0.0,1.0,0.0
P01464,Good,0.0,1.0,0.0
P01465,Good,0.0,1.0,0.0
P01466,Good,0.0,1.0,0.0
P01467,Average,1.0,0.0,0.0
P01468,Excellent,0.0,0.0,1.0
P01469,Excellent,0.0,0.0,1.0
P01470,Excellent,0.0,0.0,1.0
P01471,Good,0.0,1.0,0.0
P01472,Average,1.0,0.0,0.0
P01473,Good,0.0,1.0,0.0
P01474,Good,0.0,1.0,0.0
P01475,Average,1.0,0.0,0.0
P01476,Excellent,0.0,0.0,1.0
P01477,Excellent,0.0,0.0,1.0
P01478,Average,1.0,0.0,0.0
P01479,Good,0.0,1.0,0.0
P01480,Average,1.0,0.0,0.0
P01481,Good,0.0,1.0,0.0
P01482,Good,0.0,1.0,0.0
P01483,Good,0.0,1.0,0.0
P01484,Average,1.0,0.0,0.0
P01485,Average,1.0,0.0,0.0
P01486,Good,0.0,1.0,0.0
P01487,Average,1.0,0.0,0.0
P01488,Excellent,0.0,0.0,1.0
P01489,Good,0.0,1.0,0.0
P01490,Good,0.0,1.0,0.0
P01491,Excellent,0.0,0.0,1.0
P01492,Excellent,0.0,0.0,1.0
P01493,Excellent,0.0,0.0,1.0
P01494,Excellent,0.0,0.0,1.0
P01495,Average,1.0,0.0,0.0
P01496,Excellent,0.0,0.0,1.0
P01497,Good,0.0,1.0,0.0
P01498,Excellent,0.0,0.0,1.0
P01499,Good,0.0,1.0,0.0
P01500,Good,0.0,1.0,0.0
P01501,Good,0.0,1.0,0.0
P01502,Excellent,0.0,0.0,1.0
P01503,Good,0.0,1.0,0.0
P01504,Excellent,0.0,0.0,1.0
P01505,Good,0.0,1.0,0.0
P01506,Good,0.0,1.0,0.0
P01507,Excellent,0.0,0.0,1.0
P01508,Average,1.0,0.0,0.0
P01509,Good,0.0,1.0,0.0
P01510,Excellent,0.0,0.0,1.0
P01511,Excellent,0.0,0.0,1.0
P01512,Average,1.0,0.0,0.0
P01513,Good,0.0,1.0,0.0
P01514,Good,0.0,1.0,0.0
P01515,Good,0.0,1.0,0.0
P01516,Average,1.0,0.0,0.0
P01517,Good,0.0,1.0,0.0
P01518,Average,1.0,0.0,0.0
P01519,Average,1.0,0.0,0.0
P01520,Excellent,0.0,0.0,1.0
P01521,Good,0.0,1.0,0.0
P01522,Good,0.0,1.0,0.0
P01523,Excellent,0.0,0.0,1.0
P01524,Good,0.0,1.0,0.0
P01525,Average,1.0,0.0,0.0
P01526,Good,0.0,1.0,0.0
P01527,Good,0.0,1.0,0.0
P01528,Excellent,0.0,0.0,1.0
P01529,Good,0.0,1.0,0.0
P01530,Excellent,0.0,0.0,1.0
P01531,Excellent,0.0,0.0,1.0
P01532,Good,0.0,1.0,0.0
P01533,Average,1.0,0.0,0.0
P01534,Good,0.0,1.0,0.0
P01535,Good,0.0,1.0,0.0
P01536,Good,0.0,1.0,0.0
P01537,Excellent,0.0,0.0,1.0
P01538,Good,0.0,1.0,0.0
P01539,Good,0.0,1.0,0.0
P01540,Good,0.0,1.0,0.0
P01541,Good,0.0,1.0,0.0
P01542,Good,0.0,1.0,0.0
P01543,Average,1.0,0.0,0.0
P01544,Excellent,0.0,0.0,1.0
P01545,Excellent,0.0,0.0,1.0
P01546,Average,1.0,0.0,0.0
P01547,Good,0.0,1.0,0.0
P01548,Average,1.0,0.0,0.0
P01549,Excellent,0.0,0.0,1.0
P01550,Good,0.0,1.0,0.0
P01551,Good,0.0,1.0,0.0
P01552,Excellent,0.0,0.0,1.0
P01553,Excellent,0.0,0.0,1.0
P01554,Good,0.0,1.0,0.0
P01555,Excellent,0.0,0.0,1.0
P01556,Good,0.0,1.0,0.0
P01557,Average,1.0,0.0,0.0
P01558,Excellent,0.0,0.0,1.0
P01559,Excellent,0.0,0.0,1.0
P01560,Average,1.0,0.0,0.0
P01561,Good,0.0,1.0,0.0
P01562,Excellent,0.0,0.0,1.0
P01563,Excellent,0.0,0.0,1.0
P01564,Average,1.0,0.0,0.0
P01565,Good,0.0,1.0,0.0
P01566,Average,1.0,0.0,0.0
P01567,Good,0.0,1.0,0.0
P01568,Good,0.0,1.0,0.0
P01569,Average,1.0,0.0,0.0
P01570,Good,0.0,1.0,0.0
P01571,Good,0.0,1.0,0.0
P01572,Good,0.0,1.0,0.0
P01573,Good,0.0,1.0,0.0
P01574,Good,0.0,1.0,0.0
P01575,Average,1.0,0.0,0.0
P01576,Good,0.0,1.0,0.0
P01577,Good,0.0,1.0,0.0
P01578,Average,1.0,0.0,0.0
P01579,Excellent,0.0,0.0,1.0
P01580,Good,0.0,1.0,0.0
P01581,Excellent,0.0,0.0,1.0
P01582,Good,0.0,1.0,0.0
P01583,Good,0.0,1.0,0.0
P01584,Average,1.0,0.0,0.0
P01585,Good,0.0,1.0,0.0
P01586,Good,0.0,1.0,0.0
P01587,Average,1.0,0.0,0.0
P01588,Excellent,0.0,0.0,1.0
P01589,Good,0.0,1.0,0.0
P01590,Good,0.0,1.0,0.0
P01591,Excellent,0.0,0.0,1.0
P01592,Excellent,0.0,0.0,1.0
P01593,Excellent,0.0,0.0,1.0
P01594,Average,1.0,0.0,0.0
P01595,Good,0.0,1.0,0.0
P01596,Excellent,0.0,0.0,1.0
P01597,Good,0.0,1.0,0.0
P01598,Good,0.0,1.0,0.0
P01599,Good,0.0,1.0,0.0
P01600,Good,0.0,1.0,0.0
P01601,Average,1.0,0.0,0.0
P01602,Good,0.0,1.0,0.0
P01603,Good,0.0,1.0,0.0
P01604,Good,0.0,1.0,0.0
P01605,Good,0.0,1.0,0.0
P01606,Good,0.0,1.0,0.0
P01607,Average,1.0,0.0,0.0
P01608,Good,0.0,1.0,0.0
P01609,Good,0.0,1.0,0.0
P01610,Good,0.0,1.0,0.0
P01611,Excellent,0.0,0.0,1.0
P01612,Good,0.0,1.0,0.0
P01613,Excellent,0.0,0.0,1.0
P01614,Good,0.0,1.0,0.0
P01615,Good,0.0,1.0,0.0
P01616,Excellent,0.0,0.0,1.0
P01617,Good,0.0,1.0,0.0
P01618,Average,1.0,0.0,0.0
P01619,Excellent,0.0,0.0,1.0
P01620,Good,0.0,1.0,0.0
P01621,Good,0.0,1.0,0.0
P01622,Excellent,0.0,0.0,1.0
P01623,Excellent,0.0,0.0,1.0
P01624,Average,1.0,0.0,0.0
P01625,Good,0.0,1.0,0.0
P01626,Good,0.0,1.0,0.0
P01627,Good,0.0,1.0,0.0
P01628,Good,0.0,1.0,0.0
P01629,Good,0.0,1.0,0.0
P01630,Average,1.0,0.0,0.0
P01631,Good,0.0,1.0,0.0
P01632,Average,1.0,0.0,0.0
P01633,Good,0.0,1.0,0.0
P01634,Average,1.0,0.0,0.0
P01635,Excellent,0.0,0.0,1.0
P01636,Excellent,0.0,0.0,1.0
P01637,Average,1.0,0.0,0.0
P01638,Good,0.0,1.0,0.0
P01639,Average,1.0,0.0,0.0
P01640,Good,0.0,1.0,0.0
P01641,Good,0.0,1.0,0.0
P01642,Excellent,0.0,0.0,1.0
P01643,Excellent,0.0,0.0,1.0
P01644,Good,0.0,1.0,0.0
P01645,Good,0.0,1.0,0.0
P01646,Excellent,0.0,0.0,1.0
P01647,Good,0.0,1.0,0.0
P01648,Good,0.0,1.0,0.0
P01649,Excellent,0.0,0.0,1.0
P01650,Good,0.0,1.0,0.0
P01651,Excellent,0.0,0.0,1.0
P01652,Good,0.0,1.0,0.0
P01653,Excellent,0.0,0.0,1.0
P01654,Excellent,0.0,0.0,1.0
P01655,Excellent,0.0,0.0,1.0
P01656,Good,0.0,1.0,0.0
P01657,Good,0.0,1.0,0.0
P01658,Good,0.0,1.0,0.0
P01659,Average,1.0,0.0,0.0
P01660,Average,1.0,0.0,0.0
P01661,Average,1.0,0.0,0.0
P01662,Good,0.0,1.0,0.0
P01663,Excellent,0.0,0.0,1.0
P01664,Good,0.0,1.0,0.0
P01665,Average,1.0,0.0,0.0
P01666,Average,1.0,0.0,0.0
P01667,Good,0.0,1.0,0.0
P01668,Excellent,0.0,0.0,1.0
P01669,Excellent,0.0,0.0,1.0
P01670,Good,0.0,1.0,0.0
P01671,Good,0.0,1.0,0.0
P01672,Average,1.0,0.0,0.0
P01673,Average,1.0,0.0,0.0
P01674,Good,0.0,1.0,0.0
P01675,Good,0.0,1.0,0.0
P01676,Excellent,0.0,0.0,1.0
P01677,Excellent,0.0,0.0,1.0
P01678,Excellent,0.0,0.0,1.0
P01679,Excellent,0.0,0.0,1.0
P01680,Good,0.0,1.0,0.0
P01681,Average,1.0,0.0,0.0
P01682,Good,0.0,1.0,0.0
P01683,Average,1.0,0.0,0.0
P01684,Good,0.0,1.0,0.0
P01685,Average,1.0,0.0,0.0
P01686,Average,1.0,0.0,0.0
P01687,Excellent,0.0,0.0,1.0
P01688,Excellent,0.0,0.0,1.0
P01689,Good,0.0,1.0,0.0
P01690,Excellent,0.0,0.0,1.0
P01691,Good,0.0,1.0,0.0
P01692,Excellent,0.0,0.0,1.0
P01693,Good,0.0,1.0,0.0
P01694,Excellent,0.0,0.0,1.0
P01695,Good,0.0,1.0,0.0
P01696,Good,0.0,1.0,0.0
P01697,Excellent,0.0,0.0,1.0
P01698,Average,1.0,0.0,0.0
P01699,Excellent,0.0,0.0,1.0
P01700,Good,0.0,1.0,0.0
P01701,Good,0.0,1.0,0.0
P01702,Good,0.0,1.0,0.0
P01703,Average,1.0,0.0,0.0
P01704,Excellent,0.0,0.0,1.0
P01705,Average,1.0,0.0,0.0
P01706,Good,0.0,1.0,0.0
P01707,Excellent,0.0,0.0,1.0
P01708,Good,0.0,1.0,0.0
P01709,Excellent,0.0,0.0,1.0
P01710,Good,0.0,1.0,0.0
P01711,Excellent,0.0,0.0,1.0
P01712,Excellent,0.0,0.0,1.0
P01713,Average,1.0,0.0,0.0
P01714,Average,1.0,0.0,0.0
P01715,Excellent,0.0,0.0,1.0
P01716,Good,0.0,1.0,0.0
P01717,Good,0.0,1.0,0.0
P01718,Good,0.0,1.0,0.0
P01719,Excellent,0.0,0.0,1.0
P01720,Excellent,0.0,0.0,1.0
P01721,Good,0.0,1.0,0.0
P01722,Average,1.0,0.0,0.0
P01723,Excellent,0.0,0.0,1.0
P01724,Excellent,0.0,0.0,1.0
P01725,Excellent,0.0,0.0,1.0
P01726,Average,1.0,0.0,0.0
P01727,Average,1.0,0.0,0.0
P01728,Good,0.0,1.0,0.0
P01729,Average,1.0,0.0,0.0
P01730,Good,0.0,1.0,0.0
P01731,Excellent,0.0,0.0,1.0
P01732,Excellent,0.0,0.0,1.0
P01733,Good,0.0,1.0,0.0
P01734,Average,1.0,0.0,0.0
P01735,Good,0.0,1.0,0.0
P01736,Good,0.0,1.0,0.0
P01737,Good,0.0,1.0,0.0
P01738,Good,0.0,1.0,0.0
P01739,Average,1.0,0.0,0.0
P01740,Good,0.0,1.0,0.0
P01741,Average,1.0,0.0,0.0
P01742,Average,1.0,0.0,0.0
P01743,Good,0.0,1.0,0.0
P01744,Excellent,0.0,0.0,1.0
P01745,Good,0.0,1.0,0.0
P01746,Good,0.0,1.0,0.0
P01747,Good,0.0,1.0,0.0
P01748,Excellent,0.0,0.0,1.0
P01749,Good,0.0,1.0,0.0
P01750,Good,0.0,1.0,0.0
P01751,Excellent,0.0,0.0,1.0
P01752,Excellent,0.0,0.0,1.0
P01753,Excellent,0.0,0.0,1.0
P01754,Good,0.0,1.0,0.0
P01755,Average,1.0,0.0,0.0
P01756,Average,1.0,0.0,0.0
P01757,Excellent,0.0,0.0,1.0
P01758,Excellent,0.0,0.0,1.0
P01759,Excellent,0.0,0.0,1.0
P01760,Excellent,0.0,0.0,1.0
P01761,Excellent,0.0,0.0,1.0
P01762,Excellent,0.0,0.0,1.0
P01763,Average,1.0,0.0,0.0
P01764,Average,1.0,0.0,0.0
P01765,Excellent,0.0,0.0,1.0
P01766,Excellent,0.0,0.0,1.0
P01767,Good,0.0,1.0,0.0
P01768,Excellent,0.0,0.0,1.0
P01769,Good,0.0,1.0,0.0
P01770,Excellent,0.0,0.0,1.0
P01771,Excellent,0.0,0.0,1.0
P01772,Excellent,0.0,0.0,1.0
P01773,Average,1.0,0.0,0.0
P01774,Excellent,0.0,0.0,1.0
P01775,Good,0.0,1.0,0.0
P01776,Good,0.0,1.0,0.0
P01777,Good,0.0,1.0,0.0
P01778,Good,0.0,1.0,0.0
P01779,Good,0.0,1.0,0.0
P01780,Good,0.0,1.0,0.0
P01781,Good,0.0,1.0,0.0
P01782,Good,0.0,1.0,0.0
P01783,Good,0.0,1.0,0.0
P01784,Good,0.0,1.0,0.0
P01785,Good,0.0,1.0,0.0
P01786,Average,1.0,0.0,0.0
P01787,Average,1.0,0.0,0.0
P01788,Average,1.0,0.0,0.0
P01789,Excellent,0.0,0.0,1.0
P01790,Good,0.0,1.0,0.0
P01791,Excellent,0.0,0.0,1.0
P01792,Average,1.0,0.0,0.0
P01793,Average,1.0,0.0,0.0
P01794,Excellent,0.0,0.0,1.0
P01795,Excellent,0.0,0.0,1.0
P01796,Excellent,0.0,0.0,1.0
P01797,Average,1.0,0.0,0.0
P01798,Excellent,0.0,0.0,1.0
P01799,Good,0.0,1.0,0.0
P01800,Average,1.0,0.0,0.0
P01801,Average,1.0,0.0,0.0
P01802,Good,0.0,1.0,0.0
P01803,Average,1.0,0.0,0.0
P01804,Good,0.0,1.0,0.0
P01805,Excellent,0.0,0.0,1.0
P01806,Average,1.0,0.0,0.0
P01807,Average,1.0,0.0,0.0
P01808,Good,0.0,1.0,0.0
P01809,Good,0.0,1.0,0.0
P01810,Average,1.0,0.0,0.0
P01811,Average,1.0,0.0,0.0
P01812,Good,0.0,1.0,0.0
P01813,Good,0.0,1.0,0.0
P01814,Excellent,0.0,0.0,1.0
P01815,Average,1.0,0.0,0.0
P01816,Good,0.0,1.0,0.0
P01817,Average,1.0,0.0,0.0
P01818,Excellent,0.0,0.0,1.0
P01819,Average,1.0,0.0,0.0
P01820,Excellent,0.0,0.0,1.0
P01821,Good,0.0,1.0,0.0
P01822,Good,0.0,1.0,0.0
P01823,Excellent,0.0,0.0,1.0
P01824,Average,1.0,0.0,0.0
P01825,Good,0.0,1.0,0.0
P01826,Good,0.0,1.0,0.0
P01827,Good,0.0,1.0,0.0
P01828,Good,0.0,1.0,0.0
P01829,Good,0.0,1.0,0.0
P01830,Excellent,0.0,0.0,1.0
P01831,Excellent,0.0,0.0,1.0
P01832,Good,0.0,1.0,0.0
P01833,Excellent,0.0,0.0,1.0
P01834,Average,1.0,0.0,0.0
P01835,Good,0.0,1.0,0.0
P01836,Good,0.0,1.0,0.0
P01837,Excellent,0.0,0.0,1.0
P01838,Good,0.0,1.0,0.0
P01839,Excellent,0.0,0.0,1.0
P01840,Excellent,0.0,0.0,1.0
P01841,Good,0.0,1.0,0.0
P01842,Average,1.0,0.0,0.0
P01843,Good,0.0,1.0,0.0
P01844,Excellent,0.0,0.0,1.0
P01845,Average,1.0,0.0,0.0
P01846,Excellent,0.0,0.0,1.0
P01847,Excellent,0.0,0.0,1.0
P01848,Good,0.0,1.0,0.0
P01849,Excellent,0.0,0.0,1.0
P01850,Excellent,0.0,0.0,1.0
P01851,Excellent,0.0,0.0,1.0
P01852,Excellent,0.0,0.0,1.0
P01853,Excellent,0.0,0.0,1.0
P01854,Excellent,0.0,0.0,1.0
P01855,Excellent,0.0,0.0,1.0
P01856,Excellent,0.0,0.0,1.0
P01857,Good,0.0,1.0,0.0
P01858,Average,1.0,0.0,0.0
P01859,Average,1.0,0.0,0.0
P01860,Excellent,0.0,0.0,1.0
P01861,Excellent,0.0,0.0,1.0
P01862,Excellent,0.0,0.0,1.0
P01863,Excellent,0.0,0.0,1.0
P01864,Excellent,0.0,0.0,1.0
P01865,Good,0.0,1.0,0.0
P01866,Good,0.0,1.0,0.0
P01867,Good,0.0,1.0,0.0
P01868,Excellent,0.0,0.0,1.0
P01869,Good,0.0,1.0,0.0
P01870,Excellent,0.0,0.0,1.0
P01871,Good,0.0,1.0,0.0
P01872,Excellent,0.0,0.0,1.0
P01873,Good,0.0,1.0,0.0
P01874,Excellent,0.0,0.0,1.0
P01875,Good,0.0,1.0,0.0
P01876,Good,0.0,1.0,0.0
P01877,Excellent,0.0,0.0,1.0
P01878,Good,0.0,1.0,0.0
P01879,Excellent,0.0,0.0,1.0
P01880,Good,0.0,1.0,0.0
P01881,Excellent,0.0,0.0,1.0
P01882,Good,0.0,1.0,0.0
P01883,Good,0.0,1.0,0.0
P01884,Average,1.0,0.0,0.0
P01885,Good,0.0,1.0,0.0
P01886,Good,0.0,1.0,0.0
P01887,Good,0.0,1.0,0.0
P01888,Excellent,0.0,0.0,1.0
P01889,Excellent,0.0,0.0,1.0
P01890,Good,0.0,1.0,0.0
P01891,Good,0.0,1.0,0.0
P01892,Excellent,0.0,0.0,1.0
P01893,Excellent,0.0,0.0,1.0
P01894,Good,0.0,1.0,0.0
P01895,Average,1.0,0.0,0.0
P01896,Good,0.0,1.0,0.0
P01897,Excellent,0.0,0.0,1.0
P01898,Average,1.0,0.0,0.0
P01899,Good,0.0,1.0,0.0
P01900,Average,1.0,0.0,0.0
P01901,Good,0.0,1.0,0.0
P01902,Good,0.0,1.0,0.0
P01903,Average,1.0,0.0,0.0
P01904,Good,0.0,1.0,0.0
P01905,Excellent,0.0,0.0,1.0
P01906,Average,1.0,0.0,0.0
P01907,Good,0.0,1.0,0.0
P01908,Good,0.0,1.0,0.0
P01909,Excellent,0.0,0.0,1.0
P01910,Excellent,0.0,0.0,1.0
P01911,Good,0.0,1.0,0.0
P01912,Good,0.0,1.0,0.0
P01913,Average,1.0,0.0,0.0
P01914,Excellent,0.0,0.0,1.0
P01915,Good,0.0,1.0,0.0
P01916,Good,0.0,1.0,0.0
P01917,Good,0.0,1.0,0.0
P01918,Good,0.0,1.0,0.0
P01919,Good,0.0,1.0,0.0
P01920,Excellent,0.0,0.0,1.0
P01921,Excellent,0.0,0.0,1.0
P01922,Excellent,0.0,0.0,1.0
P01923,Average,1.0,0.0,0.0
P01924,Good,0.0,1.0,0.0
P01925,Average,1.0,0.0,0.0
P01926,Excellent,0.0,0.0,1.0
P01927,Excellent,0.0,0.0,1.0
P01928,Good,0.0,1.0,0.0
P01929,Average,1.0,0.0,0.0
P01930,Good,0.0,1.0,0.0
P01931,Good,0.0,1.0,0.0
P01932,Good,0.0,1.0,0.0
P01933,Average,1.0,0.0,0.0
P01934,Excellent,0.0,0.0,1.0
P01935,Excellent,0.0,0.0,1.0
P01936,Excellent,0.0,0.0,1.0
P01937,Excellent,0.0,0.0,1.0
P01938,Excellent,0.0,0.0,1.0
P01939,Good,0.0,1.0,0.0
P01940,Average,1.0,0.0,0.0
P01941,Good,0.0,1.0,0.0
P01942,Excellent,0.0,0.0,1.0
P01943,Average,1.0,0.0,0.0
P01944,Good,0.0,1.0,0.0
P01945,Excellent,0.0,0.0,1.0
P01946,Average,1.0,0.0,0.0
P01947,Average,1.0,0.0,0.0
P01948,Good,0.0,1.0,0.0
P01949,Excellent,0.0,0.0,1.0
P01950,Good,0.0,1.0,0.0
P01951,Average,1.0,0.0,0.0
P01952,Average,1.0,0.0,0.0
P01953,Excellent,0.0,0.0,1.0
P01954,Average,1.0,0.0,0.0
P01955,Good,0.0,1.0,0.0
P01956,Good,0.0,1.0,0.0
P01957,Excellent,0.0,0.0,1.0
P01958,Good,0.0,1.0,0.0
P01959,Excellent,0.0,0.0,1.0
P01960,Good,0.0,1.0,0.0
P01961,Good,0.0,1.0,0.0
P01962,Excellent,0.0,0.0,1.0
P01963,Good,0.0,1.0,0.0
P01964,Good,0.0,1.0,0.0
P01965,Good,0.0,1.0,0.0
P01966,Excellent,0.0,0.0,1.0
P01967,Good,0.0,1.0,0.0
P01968,Excellent,0.0,0.0,1.0
P01969,Good,0.0,1.0,0.0
P01970,Average,1.0,0.0,0.0
P01971,Excellent,0.0,0.0,1.0
P01972,Average,1.0,0.0,0.0
P01973,Average,1.0,0.0,0.0
P01974,Good,0.0,1.0,0.0
P01975,Good,0.0,1.0,0.0
P01976,Good,0.0,1.0,0.0
P01977,Good,0.0,1.0,0.0
P01978,Excellent,0.0,0.0,1.0
P01979,Good,0.0,1.0,0.0
P01980,Excellent,0.0,0.0,1.0
P01981,Good,0.0,1.0,0.0
P01982,Average,1.0,0.0,0.0
P01983,Excellent,0.0,0.0,1.0
P01984,Good,0.0,1.0,0.0
P01985,Good,0.0,1.0,0.0
P01986,Excellent,0.0,0.0,1.0
P01987,Excellent,0.0,0.0,1.0
P01988,Good,0.0,1.0,0.0
P01989,Excellent,0.0,0.0,1.0
P01990,Excellent,0.0,0.0,1.0
P01991,Excellent,0.0,0.0,1.0
P01992,Excellent,0.0,0.0,1.0
P01993,Good,0.0,1.0,0.0
P01994,Excellent,0.0,0.0,1.0
P01995,Excellent,0.0,0.0,1.0
P01996,Average,1.0,0.0,0.0
P01997,Good,0.0,1.0,0.0
P01998,Good,0.0,1.0,0.0
P01999,Excellent,0.0,0.0,1.0
P02000,Good,0.0,1.0,0.0
P02001,Good,0.0,1.0,0.0
P02002,Excellent,0.0,0.0,1.0
P02003,Good,0.0,1.0,0.0
P02004,Excellent,0.0,0.0,1.0
P02005,Good,0.0,1.0,0.0
P02006,Average,1.0,0.0,0.0
P02007,Excellent,0.0,0.0,1.0
P02008,Good,0.0,1.0,0.0
P02009,Excellent,0.0,0.0,1.0
P02010,Average,1.0,0.0,0.0
P02011,Excellent,0.0,0.0,1.0
P02012,Good,0.0,1.0,0.0
P02013,Excellent,0.0,0.0,1.0
P02014,Good,0.0,1.0,0.0
P02015,Good,0.0,1.0,0.0
P02016,Good,0.0,1.0,0.0
P02017,Good,0.0,1.0,0.0
P02018,Good,0.0,1.0,0.0
P02019,Good,0.0,1.0,0.0
P02020,Excellent,0.0,0.0,1.0
P02021,Good,0.0,1.0,0.0
P02022,Good,0.0,1.0,0.0
P02023,Average,1.0,0.0,0.0
P02024,Excellent,0.0,0.0,1.0
P02025,Good,0.0,1.0,0.0
P02026,Excellent,0.0,0.0,1.0
P02027,Average,1.0,0.0,0.0
P02028,Good,0.0,1.0,0.0
P02029,Good,0.0,1.0,0.0
P02030,Good,0.0,1.0,0.0
P02031,Good,0.0,1.0,0.0
P02032,Excellent,0.0,0.0,1.0
P02033,Good,0.0,1.0,0.0
P02034,Excellent,0.0,0.0,1.0
P02035,Excellent,0.0,0.0,1.0
P02036,Good,0.0,1.0,0.0
P02037,Good,0.0,1.0,0.0
P02038,Good,0.0,1.0,0.0
P02039,Good,0.0,1.0,0.0
P02040,Average,1.0,0.0,0.0
P02041,Good,0.0,1.0,0.0
P02042,Excellent,0.0,0.0,1.0
P02043,Average,1.0,0.0,0.0
P02044,Average,1.0,0.0,0.0
P02045,Good,0.0,1.0,0.0
P02046,Excellent,0.0,0.0,1.0
P02047,Excellent,0.0,0.0,1.0
P02048,Good,0.0,1.0,0.0
P02049,Good,0.0,1.0,0.0
P02050,Excellent,0.0,0.0,1.0
P02051,Good,0.0,1.0,0.0
P02052,Excellent,0.0,0.0,1.0
P02053,Good,0.0,1.0,0.0
P02054,Excellent,0.0,0.0,1.0
P02055,Excellent,0.0,0.0,1.0
P02056,Average,1.0,0.0,0.0
P02057,Good,0.0,1.0,0.0
P02058,Excellent,0.0,0.0,1.0
P02059,Good,0.0,1.0,0.0
P02060,Good,0.0,1.0,0.0
P02061,Average,1.0,0.0,0.0
P02062,Average,1.0,0.0,0.0
P02063,Average,1.0,0.0,0.0
P02064,Good,0.0,1.0,0.0
P02065,Average,1.0,0.0,0.0
P02066,Excellent,0.0,0.0,1.0
P02067,Good,0.0,1.0,0.0
P02068,Average,1.0,0.0,0.0
P02069,Good,0.0,1.0,0.0
P02070,Average,1.0,0.0,0.0
P02071,Excellent,0.0,0.0,1.0
P02072,Average,1.0,0.0,0.0
P02073,Average,1.0,0.0,0.0
P02074,Good,0.0,1.0,0.0
P02075,Excellent,0.0,0.0,1.0
P02076,Average,1.0,0.0,0.0
P02077,Average,1.0,0.0,0.0
P02078,Average,1.0,0.0,0.0
P02079,Average,1.0,0.0,0.0
P02080,Good,0.0,1.0,0.0
P02081,Good,0.0,1.0,0.0
P02082,Good,0.0,1.0,0.0
P02083,Good,0.0,1.0,0.0
P02084,Good,0.0,1.0,0.0
P02085,Excellent,0.0,0.0,1.0
P02086,Excellent,0.0,0.0,1.0
P02087,Good,0.0,1.0,0.0
P02088,Good,0.0,1.0,0.0
P02089,Excellent,0.0,0.0,1.0
P02090,Average,1.0,0.0,0.0
P02091,Excellent,0.0,0.0,1.0
P02092,Excellent,0.0,0.0,1.0
P02093,Excellent,0.0,0.0,1.0
P02094,Excellent,0.0,0.0,1.0
P02095,Good,0.0,1.0,0.0
P02096,Good,0.0,1.0,0.0
P02097,Average,1.0,0.0,0.0
P02098,Excellent,0.0,0.0,1.0
P02099,Good,0.0,1.0,0.0
P02100,Average,1.0,0.0,0.0
P02101,Good,0.0,1.0,0.0
P02102,Average,1.0,0.0,0.0
P02103,Average,1.0,0.0,0.0
P02104,Good,0.0,1.0,0.0
P02105,Good,0.0,1.0,0.0
P02106,Average,1.0,0.0,0.0
P02107,Excellent,0.0,0.0,1.0
P02108,Good,0.0,1.0,0.0
P02109,Average,1.0,0.0,0.0
P02110,Excellent,0.0,0.0,1.0
P02111,Good,0.0,1.0,0.0
P02112,Average,1.0,0.0,0.0
P02113,Average,1.0,0.0,0.0
P02114,Excellent,0.0,0.0,1.0
P02115,Excellent,0.0,0.0,1.0
P02116,Excellent,0.0,0.0,1.0
P02117,Excellent,0.0,0.0,1.0
P02118,Average,1.0,0.0,0.0
P02119,Excellent,0.0,0.0,1.0
P02120,Average,1.0,0.0,0.0
P02121,Good,0.0,1.0,0.0
P02122,Excellent,0.0,0.0,1.0
P02123,Excellent,0.0,0.0,1.0
P02124,Excellent,0.0,0.0,1.0
P02125,Good,0.0,1.0,0.0
P02126,Excellent,0.0,0.0,1.0
P02127,Good,0.0,1.0,0.0
P02128,Good,0.0,1.0,0.0
P02129,Good,0.0,1.0,0.0
P02130,Average,1.0,0.0,0.0
P02131,Excellent,0.0,0.0,1.0
P02132,Average,1.0,0.0,0.0
P02133,Average,1.0,0.0,0.0
P02134,Excellent,0.0,0.0,1.0
P02135,Average,1.0,0.0,0.0
P02136,Good,0.0,1.0,0.0
P02137,Good,0.0,1.0,0.0
P02138,Average,1.0,0.0,0.0
P02139,Good,0.0,1.0,0.0
P02140,Good,0.0,1.0,0.0
P02141,Good,0.0,1.0,0.0
P02142,Good,0.0,1.0,0.0
P02143,Good,0.0,1.0,0.0
P02144,Good,0.0,1.0,0.0
P02145,Excellent,0.0,0.0,1.0
P02146,Good,0.0,1.0,0.0
P02147,Good,0.0,1.0,0.0
P02148,Good,0.0,1.0,0.0
P02149,Good,0.0,1.0,0.0
P02150,Average,1.0,0.0,0.0
P02151,Good,0.0,1.0,0.0
P02152,Excellent,0.0,0.0,1.0
P02153,Good,0.0,1.0,0.0
P02154,Excellent,0.0,0.0,1.0
P02155,Good,0.0,1.0,0.0
P02156,Excellent,0.0,0.0,1.0
P02157,Average,1.0,0.0,0.0
P02158,Average,1.0,0.0,0.0
P02159,Excellent,0.0,0.0,1.0
P02160,Average,1.0,0.0,0.0
P02161,Excellent,0.0,0.0,1.0
P02162,Excellent,0.0,0.0,1.0
P02163,Good,0.0,1.0,0.0
P02164,Average,1.0,0.0,0.0
P02165,Average,1.0,0.0,0.0
P02166,Average,1.0,0.0,0.0
P02167,Good,0.0,1.0,0.0
P02168,Good,0.0,1.0,0.0
P02169,Excellent,0.0,0.0,1.0
P02170,Good,0.0,1.0,0.0
P02171,Excellent,0.0,0.0,1.0
P02172,Average,1.0,0.0,0.0
P02173,Good,0.0,1.0,0.0
P02174,Excellent,0.0,0.0,1.0
P02175,Average,1.0,0.0,0.0
P02176,Good,0.0,1.0,0.0
P02177,Average,1.0,0.0,0.0
P02178,Excellent,0.0,0.0,1.0
P02179,Good,0.0,1.0,0.0
P02180,Excellent,0.0,0.0,1.0
P02181,Excellent,0.0,0.0,1.0
P02182,Average,1.0,0.0,0.0
P02183,Average,1.0,0.0,0.0
P02184,Average,1.0,0.0,0.0
P02185,Average,1.0,0.0,0.0
P02186,Excellent,0.0,0.0,1.0
P02187,Good,0.0,1.0,0.0
P02188,Good,0.0,1.0,0.0
P02189,Good,0.0,1.0,0.0
P02190,Average,1.0,0.0,0.0
P02191,Excellent,0.0,0.0,1.0
P02192,Excellent,0.0,0.0,1.0
P02193,Good,0.0,1.0,0.0
P02194,Excellent,0.0,0.0,1.0
P02195,Excellent,0.0,0.0,1.0
P02196,Good,0.0,1.0,0.0
P02197,Good,0.0,1.0,0.0
P02198,Average,1.0,0.0,0.0
P02199,Excellent,0.0,0.0,1.0
P02200,Average,1.0,0.0,0.0
P02201,Excellent,0.0,0.0,1.0
P02202,Good,0.0,1.0,0.0
P02203,Average,1.0,0.0,0.0
P02204,Good,0.0,1.0,0.0
P02205,Excellent,0.0,0.0,1.0
P02206,Average,1.0,0.0,0.0
P02207,Average,1.0,0.0,0.0
P02208,Average,1.0,0.0,0.0
P02209,Excellent,0.0,0.0,1.0
P02210,Good,0.0,1.0,0.0
P02211,Good,0.0,1.0,0.0
P02212,Good,0.0,1.0,0.0
P02213,Excellent,0.0,0.0,1.0
P02214,Average,1.0,0.0,0.0
P02215,Excellent,0.0,0.0,1.0
P02216,Excellent,0.0,0.0,1.0
P02217,Average,1.0,0.0,0.0
P02218,Good,0.0,1.0,0.0
P02219,Average,1.0,0.0,0.0
P02220,Good,0.0,1.0,0.0
P02221,Average,1.0,0.0,0.0
P02222,Average,1.0,0.0,0.0
P02223,Good,0.0,1.0,0.0
P02224,Average,1.0,0.0,0.0
P02225,Good,0.0,1.0,0.0
P02226,Excellent,0.0,0.0,1.0
P02227,Good,0.0,1.0,0.0
P02228,Excellent,0.0,0.0,1.0
P02229,Good,0.0,1.0,0.0
P02230,Average,1.0,0.0,0.0
P02231,Average,1.0,0.0,0.0
P02232,Excellent,0.0,0.0,1.0
P02233,Average,1.0,0.0,0.0
P02234,Excellent,0.0,0.0,1.0
P02235,Excellent,0.0,0.0,1.0
P02236,Good,0.0,1.0,0.0
P02237,Good,0.0,1.0,0.0
P02238,Good,0.0,1.0,0.0
P02239,Average,1.0,0.0,0.0
P02240,Average,1.0,0.0,0.0
P02241,Good,0.0,1.0,0.0
P02242,Average,1.0,0.0,0.0
P02243,Good,0.0,1.0,0.0
P02244,Good,0.0,1.0,0.0
P02245,Good,0.0,1.0,0.0
P02246,Average,1.0,0.0,0.0
P02247,Excellent,0.0,0.0,1.0
P02248,Excellent,0.0,0.0,1.0
P02249,Good,0.0,1.0,0.0
P02250,Excellent,0.0,0.0,1.0
P02251,Average,1.0,0.0,0.0
P02252,Excellent,0.0,0.0,1.0
P02253,Excellent,0.0,0.0,1.0
P02254,Good,0.0,1.0,0.0
P02255,Excellent,0.0,0.0,1.0
P02256,Good,0.0,1.0,0.0
P02257,Excellent,0.0,0.0,1.0
P02258,Good,0.0,1.0,0.0
P02259,Good,0.0,1.0,0.0
P02260,Good,0.0,1.0,0.0
P02261,Good,0.0,1.0,0.0
P02262,Excellent,0.0,0.0,1.0
P02263,Good,0.0,1.0,0.0
P02264,Good,0.0,1.0,0.0
P02265,Average,1.0,0.0,0.0
P02266,Excellent,0.0,0.0,1.0
P02267,Excellent,0.0,0.0,1.0
P02268,Average,1.0,0.0,0.0
P02269,Excellent,0.0,0.0,1.0
P02270,Excellent,0.0,0.0,1.0
P02271,Good,0.0,1.0,0.0
P02272,Average,1.0,0.0,0.0
P02273,Good,0.0,1.0,0.0
P02274,Average,1.0,0.0,0.0
P02275,Average,1.0,0.0,0.0
P02276,Good,0.0,1.0,0.0
P02277,Excellent,0.0,0.0,1.0
P02278,Average,1.0,0.0,0.0
P02279,Average,1.0,0.0,0.0
P02280,Excellent,0.0,0.0,1.0
P02281,Excellent,0.0,0.0,1.0
P02282,Excellent,0.0,0.0,1.0
P02283,Good,0.0,1.0,0.0
P02284,Average,1.0,0.0,0.0
P02285,Good,0.0,1.0,0.0
P02286,Excellent,0.0,0.0,1.0
P02287,Good,0.0,1.0,0.0
P02288,Average,1.0,0.0,0.0
P02289,Good,0.0,1.0,0.0
P02290,Excellent,0.0,0.0,1.0
P02291,Good,0.0,1.0,0.0
P02292,Good,0.0,1.0,0.0
P02293,Excellent,0.0,0.0,1.0
P02294,Average,1.0,0.0,0.0
P02295,Good,0.0,1.0,0.0
P02296,Excellent,0.0,0.0,1.0
P02297,Average,1.0,0.0,0.0
P02298,Average,1.0,0.0,0.0
P02299,Excellent,0.0,0.0,1.0
P02300,Excellent,0.0,0.0,1.0
P02301,Excellent,0.0,0.0,1.0
P02302,Good,0.0,1.0,0.0
P02303,Good,0.0,1.0,0.0
P02304,Good,0.0,1.0,0.0
P02305,Excellent,0.0,0.0,1.0
P02306,Excellent,0.0,0.0,1.0
P02307,Average,1.0,0.0,0.0
P02308,Average,1.0,0.0,0.0
P02309,Excellent,0.0,0.0,1.0
P02310,Good,0.0,1.0,0.0
P02311,Excellent,0.0,0.0,1.0
P02312,Good,0.0,1.0,0.0
P02313,Good,0.0,1.0,0.0
P02314,Good,0.0,1.0,0.0
P02315,Good,0.0,1.0,0.0
P02316,Good,0.0,1.0,0.0
P02317,Average,1.0,0.0,0.0
P02318,Excellent,0.0,0.0,1.0
P02319,Good,0.0,1.0,0.0
P02320,Good,0.0,1.0,0.0
P02321,Average,1.0,0.0,0.0
P02322,Average,1.0,0.0,0.0
P02323,Average,1.0,0.0,0.0
P02324,Average,1.0,0.0,0.0
P02325,Good,0.0,1.0,0.0
P02326,Average,1.0,0.0,0.0
P02327,Excellent,0.0,0.0,1.0
P02328,Average,1.0,0.0,0.0
P02329,Average,1.0,0.0,0.0
P02330,Good,0.0,1.0,0.0
P02331,Excellent,0.0,0.0,1.0
P02332,Excellent,0.0,0.0,1.0
P02333,Excellent,0.0,0.0,1.0
P02334,Excellent,0.0,0.0,1.0
P02335,Good,0.0,1.0,0.0
P02336,Excellent,0.0,0.0,1.0
P02337,Excellent,0.0,0.0,1.0
P02338,Excellent,0.0,0.0,1.0
P02339,Good,0.0,1.0,0.0
P02340,Excellent,0.0,0.0,1.0
P02341,Good,0.0,1.0,0.0
P02342,Average,1.0,0.0,0.0
P02343,Good,0.0,1.0,0.0
P02344,Good,0.0,1.0,0.0
P02345,Good,0.0,1.0,0.0
P02346,Excellent,0.0,0.0,1.0
P02347,Excellent,0.0,0.0,1.0
P02348,Good,0.0,1.0,0.0
P02349,Good,0.0,1.0,0.0
P02350,Excellent,0.0,0.0,1.0
P02351,Excellent,0.0,0.0,1.0
P02352,Excellent,0.0,0.0,1.0
P02353,Good,0.0,1.0,0.0
P02354,Excellent,0.0,0.0,1.0
P02355,Excellent,0.0,0.0,1.0
P02356,Excellent,0.0,0.0,1.0
P02357,Average,1.0,0.0,0.0
P02358,Excellent,0.0,0.0,1.0
P02359,Good,0.0,1.0,0.0
P02360,Excellent,0.0,0.0,1.0
P02361,Good,0.0,1.0,0.0
P02362,Good,0.0,1.0,0.0
P02363,Good,0.0,1.0,0.0
P02364,Excellent,0.0,0.0,1.0
P02365,Good,0.0,1.0,0.0
P02366,Good,0.0,1.0,0.0
P02367,Average,1.0,0.0,0.0
P02368,Excellent,0.0,0.0,1.0
P02369,Excellent,0.0,0.0,1.0
P02370,Good,0.0,1.0,0.0
P02371,Good,0.0,1.0,0.0
P02372,Good,0.0,1.0,0.0
P02373,Excellent,0.0,0.0,1.0
P02374,Average,1.0,0.0,0.0
P02375,Good,0.0,1.0,0.0
P02376,Average,1.0,0.0,0.0
P02377,Good,0.0,1.0,0.0
P02378,Good,0.0,1.0,0.0
P02379,Average,1.0,0.0,0.0
P02380,Good,0.0,1.0,0.0
P02381,Excellent,0.0,0.0,1.0
P02382,Good,0.0,1.0,0.0
P02383,Excellent,0.0,0.0,1.0
P02384,Good,0.0,1.0,0.0
P02385,Average,1.0,0.0,0.0
P02386,Excellent,0.0,0.0,1.0
P02387,Excellent,0.0,0.0,1.0
P02388,Average,1.0,0.0,0.0
P02389,Excellent,0.0,0.0,1.0
P02390,Average,1.0,0.0,0.0
P02391,Good,0.0,1.0,0.0
P02392,Excellent,0.0,0.0,1.0
P02393,Average,1.0,0.0,0.0
P02394,Good,0.0,1.0,0.0
P02395,Excellent,0.0,0.0,1.0
P02396,Excellent,0.0,0.0,1.0
P02397,Excellent,0.0,0.0,1.0
P02398,Excellent,0.0,0.0,1.0
P02399,Good,0.0,1.0,0.0
P02400,Excellent,0.0,0.0,1.0
P02401,Average,1.0,0.0,0.0
P02402,Good,0.0,1.0,0.0
P02403,Good,0.0,1.0,0.0
P02404,Excellent,0.0,0.0,1.0
P02405,Average,1.0,0.0,0.0
P02406,Good,0.0,1.0,0.0
P02407,Excellent,0.0,0.0,1.0
P02408,Excellent,0.0,0.0,1.0
P02409,Excellent,0.0,0.0,1.0
P02410,Good,0.0,1.0,0.0
P02411,Average,1.0,0.0,0.0
P02412,Good,0.0,1.0,0.0
P02413,Average,1.0,0.0,0.0
P02414,Good,0.0,1.0,0.0
P02415,Average,1.0,0.0,0.0
P02416,Good,0.0,1.0,0.0
P02417,Excellent,0.0,0.0,1.0
P02418,Average,1.0,0.0,0.0
P02419,Excellent,0.0,0.0,1.0
P02420,Excellent,0.0,0.0,1.0
P02421,Average,1.0,0.0,0.0
P02422,Good,0.0,1.0,0.0
P02423,Good,0.0,1.0,0.0
P02424,Excellent,0.0,0.0,1.0
P02425,Excellent,0.0,0.0,1.0
P02426,Average,1.0,0.0,0.0
P02427,Good,0.0,1.0,0.0
P02428,Excellent,0.0,0.0,1.0
P02429,Good,0.0,1.0,0.0
P02430,Good,0.0,1.0,0.0
P02431,Average,1.0,0.0,0.0
P02432,Average,1.0,0.0,0.0
P02433,Average,1.0,0.0,0.0
P02434,Average,1.0,0.0,0.0
P02435,Excellent,0.0,0.0,1.0
P02436,Good,0.0,1.0,0.0
P02437,Average,1.0,0.0,0.0
P02438,Good,0.0,1.0,0.0
P02439,Average,1.0,0.0,0.0
P02440,Excellent,0.0,0.0,1.0
P02441,Good,0.0,1.0,0.0
P02442,Good,0.0,1.0,0.0
P02443,Average,1.0,0.0,0.0
P02444,Good,0.0,1.0,0.0
P02445,Good,0.0,1.0,0.0
P02446,Excellent,0.0,0.0,1.0
P02447,Excellent,0.0,0.0,1.0
P02448,Good,0.0,1.0,0.0
P02449,Average,1.0,0.0,0.0
P02450,Average,1.0,0.0,0.0
P02451,Good,0.0,1.0,0.0
P02452,Good,0.0,1.0,0.0
P02453,Excellent,0.0,0.0,1.0
P02454,Average,1.0,0.0,0.0
P02455,Good,0.0,1.0,0.0
P02456,Average,1.0,0.0,0.0
P02457,Excellent,0.0,0.0,1.0
P02458,Average,1.0,0.0,0.0
P02459,Excellent,0.0,0.0,1.0
P02460,Good,0.0,1.0,0.0
P02461,Excellent,0.0,0.0,1.0
P02462,Excellent,0.0,0.0,1.0
P02463,Average,1.0,0.0,0.0
P02464,Good,0.0,1.0,0.0
P02465,Excellent,0.0,0.0,1.0
P02466,Excellent,0.0,0.0,1.0
P02467,Good,0.0,1.0,0.0
P02468,Excellent,0.0,0.0,1.0
P02469,Average,1.0,0.0,0.0
P02470,Good,0.0,1.0,0.0
P02471,Good,0.0,1.0,0.0
P02472,Average,1.0,0.0,0.0
P02473,Good,0.0,1.0,0.0
P02474,Excellent,0.0,0.0,1.0
P02475,Excellent,0.0,0.0,1.0
P02476,Average,1.0,0.0,0.0
P02477,Good,0.0,1.0,0.0
P02478,Average,1.0,0.0,0.0
P02479,Good,0.0,1.0,0.0
P02480,Excellent,0.0,0.0,1.0
P02481,Good,0.0,1.0,0.0
P02482,Good,0.0,1.0,0.0
P02483,Excellent,0.0,0.0,1.0
P02484,Good,0.0,1.0,0.0
P02485,Good,0.0,1.0,0.0
P02486,Excellent,0.0,0.0,1.0
P02487,Good,0.0,1.0,0.0
P02488,Good,0.0,1.0,0.0
P02489,Average,1.0,0.0,0.0
P02490,Good,0.0,1.0,0.0
P02491,Average,1.0,0.0,0.0
P02492,Good,0.0,1.0,0.0
P02493,Good,0.0,1.0,0.0
P02494,Average,1.0,0.0,0.0
P02495,Average,1.0,0.0,0.0
P02496,Good,0.0,1.0,0.0
P02497,Excellent,0.0,0.0,1.0
P02498,Good,0.0,1.0,0.0
P02499,Average,1.0,0.0,0.0
P02500,Good,0.0,1.0,0.0
P02501,Good,0.0,1.0,0.0
P02502,Excellent,0.0,0.0,1.0
P02503,Excellent,0.0,0.0,1.0
P02504,Excellent,0.0,0.0,1.0
P02505,Excellent,0.0,0.0,1.0
P02506,Good,0.0,1.0,0.0
P02507,Excellent,0.0,0.0,1.0
P02508,Good,0.0,1.0,0.0
P02509,Good,0.0,1.0,0.0
P02510,Average,1.0,0.0,0.0
P02511,Excellent,0.0,0.0,1.0
P02512,Excellent,0.0,0.0,1.0
P02513,Average,1.0,0.0,0.0
P02514,Good,0.0,1.0,0.0
P02515,Excellent,0.0,0.0,1.0
P02516,Average,1.0,0.0,0.0
P02517,Excellent,0.0,0.0,1.0
P02518,Excellent,0.0,0.0,1.0
P02519,Good,0.0,1.0,0.0
P02520,Good,0.0,1.0,0.0
P02521,Good,0.0,1.0,0.0
P02522,Good,0.0,1.0,0.0
P02523,Excellent,0.0,0.0,1.0
P02524,Good,0.0,1.0,0.0
P02525,Excellent,0.0,0.0,1.0
P02526,Average,1.0,0.0,0.0
P02527,Excellent,0.0,0.0,1.0
P02528,Good,0.0,1.0,0.0
P02529,Excellent,0.0,0.0,1.0
P02530,Average,1.0,0.0,0.0
P02531,Excellent,0.0,0.0,1.0
P02532,Average,1.0,0.0,0.0
P02533,Good,0.0,1.0,0.0
P02534,Excellent,0.0,0.0,1.0
P02535,Good,0.0,1.0,0.0
P02536,Excellent,0.0,0.0,1.0
P02537,Average,1.0,0.0,0.0
P02538,Good,0.0,1.0,0.0
P02539,Good,0.0,1.0,0.0
P02540,Good,0.0,1.0,0.0
P02541,Average,1.0,0.0,0.0
P02542,Excellent,0.0,0.0,1.0
P02543,Excellent,0.0,0.0,1.0
P02544,Average,1.0,0.0,0.0
P02545,Excellent,0.0,0.0,1.0
P02546,Good,0.0,1.0,0.0
P02547,Average,1.0,0.0,0.0
P02548,Excellent,0.0,0.0,1.0
P02549,Good,0.0,1.0,0.0
P02550,Good,0.0,1.0,0.0
P02551,Excellent,0.0,0.0,1.0
P02552,Good,0.0,1.0,0.0
P02553,Excellent,0.0,0.0,1.0
P02554,Good,0.0,1.0,0.0
P02555,Good,0.0,1.0,0.0
P02556,Average,1.0,0.0,0.0
P02557,Good,0.0,1.0,0.0
P02558,Good,0.0,1.0,0.0
P02559,Good,0.0,1.0,0.0
P02560,Good,0.0,1.0,0.0
P02561,Excellent,0.0,0.0,1.0
P02562,Good,0.0,1.0,0.0
P02563,Good,0.0,1.0,0.0
P02564,Good,0.0,1.0,0.0
P02565,Excellent,0.0,0.0,1.0
P02566,Excellent,0.0,0.0,1.0
P02567,Good,0.0,1.0,0.0
P02568,Average,1.0,0.0,0.0
P02569,Good,0.0,1.0,0.0
P02570,Excellent,0.0,0.0,1.0
P02571,Excellent,0.0,0.0,1.0
P02572,Excellent,0.0,0.0,1.0
P02573,Average,1.0,0.0,0.0
P02574,Excellent,0.0,0.0,1.0
P02575,Excellent,0.0,0.0,1.0
P02576,Average,1.0,0.0,0.0
P02577,Good,0.0,1.0,0.0
P02578,Average,1.0,0.0,0.0
P02579,Good,0.0,1.0,0.0
P02580,Good,0.0,1.0,0.0
P02581,Average,1.0,0.0,0.0
P02582,Average,1.0,0.0,0.0
P02583,Good,0.0,1.0,0.0
P02584,Excellent,0.0,0.0,1.0
P02585,Excellent,0.0,0.0,1.0
P02586,Good,0.0,1.0,0.0
P02587,Excellent,0.0,0.0,1.0
P02588,Good,0.0,1.0,0.0
P02589,Average,1.0,0.0,0.0
P02590,Excellent,0.0,0.0,1.0
P02591,Good,0.0,1.0,0.0
P02592,Excellent,0.0,0.0,1.0
P02593,Excellent,0.0,0.0,1.0
P02594,Good,0.0,1.0,0.0
P02595,Good,0.0,1.0,0.0
P02596,Good,0.0,1.0,0.0
P02597,Average,1.0,0.0,0.0
P02598,Excellent,0.0,0.0,1.0
P02599,Good,0.0,1.0,0.0
P02600,Average,1.0,0.0,0.0
P02601,Excellent,0.0,0.0,1.0
P02602,Average,1.0,0.0,0.0
P02603,Good,0.0,1.0,0.0
P02604,Good,0.0,1.0,0.0
P02605,Good,0.0,1.0,0.0
P02606,Excellent,0.0,0.0,1.0
P02607,Excellent,0.0,0.0,1.0
P02608,Excellent,0.0,0.0,1.0
P02609,Good,0.0,1.0,0.0
P02610,Good,0.0,1.0,0.0
P02611,Good,0.0,1.0,0.0
P02612,Excellent,0.0,0.0,1.0
P02613,Excellent,0.0,0.0,1.0
P02614,Excellent,0.0,0.0,1.0
P02615,Good,0.0,1.0,0.0
P02616,Good,0.0,1.0,0.0
P02617,Average,1.0,0.0,0.0
P02618,Good,0.0,1.0,0.0
P02619,Good,0.0,1.0,0.0
P02620,Good,0.0,1.0,0.0
P02621,Excellent,0.0,0.0,1.0
P02622,Good,0.0,1.0,0.0
P02623,Excellent,0.0,0.0,1.0
P02624,Excellent,0.0,0.0,1.0
P02625,Average,1.0,0.0,0.0
P02626,Good,0.0,1.0,0.0
P02627,Excellent,0.0,0.0,1.0
P02628,Good,0.0,1.0,0.0
P02629,Good,0.0,1.0,0.0
P02630,Excellent,0.0,0.0,1.0
P02631,Average,1.0,0.0,0.0
P02632,Average,1.0,0.0,0.0
P02633,Good,0.0,1.0,0.0
P02634,Good,0.0,1.0,0.0
P02635,Good,0.0,1.0,0.0
P02636,Good,0.0,1.0,0.0
P02637,Excellent,0.0,0.0,1.0
P02638,Good,0.0,1.0,0.0
P02639,Excellent,0.0,0.0,1.0
P02640,Good,0.0,1.0,0.0
P02641,Excellent,0.0,0.0,1.0
P02642,Average,1.0,0.0,0.0
P02643,Good,0.0,1.0,0.0
P02644,Average,1.0,0.0,0.0
P02645,Average,1.0,0.0,0.0
P02646,Average,1.0,0.0,0.0
P02647,Good,0.0,1.0,0.0
P02648,Good,0.0,1.0,0.0
P02649,Good,0.0,1.0,0.0
P02650,Good,0.0,1.0,0.0
P02651,Average,1.0,0.0,0.0
P02652,Good,0.0,1.0,0.0
P02653,Good,0.0,1.0,0.0
P02654,Average,1.0,0.0,0.0
P02655,Good,0.0,1.0,0.0
P02656,Excellent,0.0,0.0,1.0
P02657,Excellent,0.0,0.0,1.0
P02658,Excellent,0.0,0.0,1.0
P02659,Average,1.0,0.0,0.0
P02660,Good,0.0,1.0,0.0
P02661,Good,0.0,1.0,0.0
P02662,Good,0.0,1.0,0.0
P02663,Good,0.0,1.0,0.0
P02664,Excellent,0.0,0.0,1.0
P02665,Excellent,0.0,0.0,1.0
P02666,Good,0.0,1.0,0.0
P02667,Excellent,0.0,0.0,1.0
P02668,Good,0.0,1.0,0.0
P02669,Average,1.0,0.0,0.0
P02670,Average,1.0,0.0,0.0
P02671,Average,1.0,0.0,0.0
P02672,Excellent,0.0,0.0,1.0
P02673,Excellent,0.0,0.0,1.0
P02674,Excellent,0.0,0.0,1.0
P02675,Excellent,0.0,0.0,1.0
P02676,Excellent,0.0,0.0,1.0
P02677,Average,1.0,0.0,0.0
P02678,Good,0.0,1.0,0.0
P02679,Good,0.0,1.0,0.0
P02680,Average,1.0,0.0,0.0
P02681,Average,1.0,0.0,0.0
P02682,Average,1.0,0.0,0.0
P02683,Good,0.0,1.0,0.0
P02684,Excellent,0.0,0.0,1.0
P02685,Average,1.0,0.0,0.0
P02686,Good,0.0,1.0,0.0
P02687,Good,0.0,1.0,0.0
P02688,Excellent,0.0,0.0,1.0
P02689,Good,0.0,1.0,0.0
P02690,Good,0.0,1.0,0.0
P02691,Average,1.0,0.0,0.0
P02692,Good,0.0,1.0,0.0
P02693,Good,0.0,1.0,0.0
P02694,Good,0.0,1.0,0.0
P02695,Average,1.0,0.0,0.0
P02696,Good,0.0,1.0,0.0
P02697,Good,0.0,1.0,0.0
P02698,Good,0.0,1.0,0.0
P02699,Excellent,0.0,0.0,1.0
P02700,Excellent,0.0,0.0,1.0
P02701,Excellent,0.0,0.0,1.0
P02702,Average,1.0,0.0,0.0
P02703,Excellent,0.0,0.0,1.0
P02704,Excellent,0.0,0.0,1.0
P02705,Good,0.0,1.0,0.0
P02706,Excellent,0.0,0.0,1.0
P02707,Excellent,0.0,0.0,1.0
P02708,Excellent,0.0,0.0,1.0
P02709,Good,0.0,1.0,0.0
P02710,Good,0.0,1.0,0.0
P02711,Excellent,0.0,0.0,1.0
P02712,Excellent,0.0,0.0,1.0
P02713,Good,0.0,1.0,0.0
P02714,Excellent,0.0,0.0,1.0
P02715,Good,0.0,1.0,0.0
P02716,Average,1.0,0.0,0.0
P02717,Excellent,0.0,0.0,1.0
P02718,Average,1.0,0.0,0.0
P02719,Excellent,0.0,0.0,1.0
P02720,Average,1.0,0.0,0.0
P02721,Excellent,0.0,0.0,1.0
P02722,Good,0.0,1.0,0.0
P02723,Excellent,0.0,0.0,1.0
P02724,Good,0.0,1.0,0.0
P02725,Average,1.0,0.0,0.0
P02726,Good,0.0,1.0,0.0
P02727,Good,0.0,1.0,0.0
P02728,Average,1.0,0.0,0.0
P02729,Excellent,0.0,0.0,1.0
P02730,Good,0.0,1.0,0.0
P02731,Excellent,0.0,0.0,1.0
P02732,Good,0.0,1.0,0.0
P02733,Average,1.0,0.0,0.0
P02734,Average,1.0,0.0,0.0
P02735,Average,1.0,0.0,0.0
P02736,Excellent,0.0,0.0,1.0
P02737,Good,0.0,1.0,0.0
P02738,Good,0.0,1.0,0.0
P02739,Excellent,0.0,0.0,1.0
P02740,Good,0.0,1.0,0.0
P02741,Excellent,0.0,0.0,1.0
P02742,Average,1.0,0.0,0.0
P02743,Good,0.0,1.0,0.0
P02744,Average,1.0,0.0,0.0
P02745,Good,0.0,1.0,0.0
P02746,Good,0.0,1.0,0.0
P02747,Average,1.0,0.0,0.0
P02748,Good,0.0,1.0,0.0
P02749,Average,1.0,0.0,0.0
P02750,Good,0.0,1.0,0.0
P02751,Good,0.0,1.0,0.0
P02752,Good,0.0,1.0,0.0
P02753,Average,1.0,0.0,0.0
P02754,Good,0.0,1.0,0.0
P02755,Excellent,0.0,0.0,1.0
P02756,Good,0.0,1.0,0.0
P02757,Excellent,0.0,0.0,1.0
P02758,Excellent,0.0,0.0,1.0
P02759,Average,1.0,0.0,0.0
P02760,Good,0.0,1.0,0.0
P02761,Good,0.0,1.0,0.0
P02762,Excellent,0.0,0.0,1.0
P02763,Excellent,0.0,0.0,1.0
P02764,Good,0.0,1.0,0.0
P02765,Good,0.0,1.0,0.0
P02766,Excellent,0.0,0.0,1.0
P02767,Excellent,0.0,0.0,1.0
P02768,Good,0.0,1.0,0.0
P02769,Good,0.0,1.0,0.0
P02770,Excellent,0.0,0.0,1.0
P02771,Average,1.0,0.0,0.0
P02772,Average,1.0,0.0,0.0
P02773,Good,0.0,1.0,0.0
P02774,Good,0.0,1.0,0.0
P02775,Average,1.0,0.0,0.0
P02776,Excellent,0.0,0.0,1.0
P02777,Good,0.0,1.0,0.0
P02778,Good,0.0,1.0,0.0
P02779,Excellent,0.0,0.0,1.0
P02780,Excellent,0.0,0.0,1.0
P02781,Good,0.0,1.0,0.0
P02782,Good,0.0,1.0,0.0
P02783,Average,1.0,0.0,0.0
P02784,Average,1.0,0.0,0.0
P02785,Excellent,0.0,0.0,1.0
P02786,Excellent,0.0,0.0,1.0
P02787,Good,0.0,1.0,0.0
P02788,Average,1.0,0.0,0.0
P02789,Average,1.0,0.0,0.0
P02790,Excellent,0.0,0.0,1.0
P02791,Good,0.0,1.0,0.0
P02792,Good,0.0,1.0,0.0
P02793,Excellent,0.0,0.0,1.0
P02794,Good,0.0,1.0,0.0
P02795,Good,0.0,1.0,0.0
P02796,Excellent,0.0,0.0,1.0
P02797,Good,0.0,1.0,0.0
P02798,Average,1.0,0.0,0.0
P02799,Excellent,0.0,0.0,1.0
P02800,Good,0.0,1.0,0.0
P02801,Good,0.0,1.0,0.0
P02802,Good,0.0,1.0,0.0
P02803,Good,0.0,1.0,0.0
P02804,Excellent,0.0,0.0,1.0
P02805,Good,0.0,1.0,0.0
P02806,Excellent,0.0,0.0,1.0
P02807,Good,0.0,1.0,0.0
P02808,Good,0.0,1.0,0.0
P02809,Excellent,0.0,0.0,1.0
P02810,Good,0.0,1.0,0.0
P02811,Good,0.0,1.0,0.0
P02812,Excellent,0.0,0.0,1.0
P02813,Excellent,0.0,0.0,1.0
P02814,Excellent,0.0,0.0,1.0
P02815,Excellent,0.0,0.0,1.0
P02816,Good,0.0,1.0,0.0
P02817,Excellent,0.0,0.0,1.0
P02818,Good,0.0,1.0,0.0
P02819,Good,0.0,1.0,0.0
P02820,Good,0.0,1.0,0.0
P02821,Excellent,0.0,0.0,1.0
P02822,Excellent,0.0,0.0,1.0
P02823,Good,0.0,1.0,0.0
P02824,Excellent,0.0,0.0,1.0
P02825,Excellent,0.0,0.0,1.0
P02826,Good,0.0,1.0,0.0
P02827,Excellent,0.0,0.0,1.0
P02828,Good,0.0,1.0,0.0
P02829,Good,0.0,1.0,0.0
P02830,Good,0.0,1.0,0.0
P02831,Average,1.0,0.0,0.0
P02832,Good,0.0,1.0,0.0
P02833,Average,1.0,0.0,0.0
P02834,Excellent,0.0,0.0,1.0
P02835,Good,0.0,1.0,0.0
P02836,Good,0.0,1.0,0.0
P02837,Excellent,0.0,0.0,1.0
P02838,Good,0.0,1.0,0.0
P02839,Average,1.0,0.0,0.0
P02840,Average,1.0,0.0,0.0
P02841,Good,0.0,1.0,0.0
P02842,Excellent,0.0,0.0,1.0
P02843,Average,1.0,0.0,0.0
P02844,Good,0.0,1.0,0.0
P02845,Average,1.0,0.0,0.0
P02846,Good,0.0,1.0,0.0
P02847,Excellent,0.0,0.0,1.0
P02848,Excellent,0.0,0.0,1.0
P02849,Average,1.0,0.0,0.0
P02850,Good,0.0,1.0,0.0
P02851,Good,0.0,1.0,0.0
P02852,Average,1.0,0.0,0.0
P02853,Good,0.0,1.0,0.0
P02854,Excellent,0.0,0.0,1.0
P02855,Average,1.0,0.0,0.0
P02856,Excellent,0.0,0.0,1.0
P02857,Average,1.0,0.0,0.0
P02858,Average,1.0,0.0,0.0
P02859,Average,1.0,0.0,0.0
P02860,Good,0.0,1.0,0.0
P02861,Average,1.0,0.0,0.0
P02862,Good,0.0,1.0,0.0
P02863,Good,0.0,1.0,0.0
P02864,Average,1.0,0.0,0.0
P02865,Average,1.0,0.0,0.0
P02866,Good,0.0,1.0,0.0
P02867,Excellent,0.0,0.0,1.0
P02868,Excellent,0.0,0.0,1.0
P02869,Average,1.0,0.0,0.0
P02870,Excellent,0.0,0.0,1.0
P02871,Good,0.0,1.0,0.0
P02872,Average,1.0,0.0,0.0
P02873,Average,1.0,0.0,0.0
P02874,Good,0.0,1.0,0.0
P02875,Good,0.0,1.0,0.0
P02876,Good,0.0,1.0,0.0
P02877,Excellent,0.0,0.0,1.0
P02878,Good,0.0,1.0,0.0
P02879,Average,1.0,0.0,0.0
P02880,Good,0.0,1.0,0.0
P02881,Average,1.0,0.0,0.0
P02882,Good,0.0,1.0,0.0
P02883,Excellent,0.0,0.0,1.0
P02884,Good,0.0,1.0,0.0
P02885,Excellent,0.0,0.0,1.0
P02886,Average,1.0,0.0,0.0
P02887,Excellent,0.0,0.0,1.0
P02888,Good,0.0,1.0,0.0
P02889,Average,1.0,0.0,0.0
P02890,Good,0.0,1.0,0.0
P02891,Good,0.0,1.0,0.0
P02892,Good,0.0,1.0,0.0
P02893,Good,0.0,1.0,0.0
P02894,Good,0.0,1.0,0.0
P02895,Good,0.0,1.0,0.0
P02896,Good,0.0,1.0,0.0
P02897,Excellent,0.0,0.0,1.0
P02898,Excellent,0.0,0.0,1.0
P02899,Average,1.0,0.0,0.0
P02900,Average,1.0,0.0,0.0
P02901,Excellent,0.0,0.0,1.0
P02902,Excellent,0.0,0.0,1.0
P02903,Excellent,0.0,0.0,1.0
P02904,Good,0.0,1.0,0.0
P02905,Good,0.0,1.0,0.0
P02906,Good,0.0,1.0,0.0
P02907,Good,0.0,1.0,0.0
P02908,Excellent,0.0,0.0,1.0
P02909,Good,0.0,1.0,0.0
P02910,Average,1.0,0.0,0.0
P02911,Average,1.0,0.0,0.0
P02912,Good,0.0,1.0,0.0
P02913,Good,0.0,1.0,0.0
P02914,Excellent,0.0,0.0,1.0
P02915,Good,0.0,1.0,0.0
P02916,Average,1.0,0.0,0.0
P02917,Good,0.0,1.0,0.0
P02918,Good,0.0,1.0,0.0
P02919,Good,0.0,1.0,0.0
P02920,Good,0.0,1.0,0.0
P02921,Average,1.0,0.0,0.0
P02922,Good,0.0,1.0,0.0
P02923,Good,0.0,1.0,0.0
P02924,Excellent,0.0,0.0,1.0
P02925,Average,1.0,0.0,0.0
P02926,Average,1.0,0.0,0.0
P02927,Good,0.0,1.0,0.0
P02928,Good,0.0,1.0,0.0
P02929,Good,0.0,1.0,0.0
P02930,Average,1.0,0.0,0.0
P02931,Good,0.0,1.0,0.0
P02932,Good,0.0,1.0,0.0
P02933,Good,0.0,1.0,0.0
P02934,Average,1.0,0.0,0.0
P02935,Good,0.0,1.0,0.0
P02936,Excellent,0.0,0.0,1.0
P02937,Good,0.0,1.0,0.0
P02938,Excellent,0.0,0.0,1.0
P02939,Good,0.0,1.0,0.0
P02940,Average,1.0,0.0,0.0
P02941,Good,0.0,1.0,0.0
P02942,Excellent,0.0,0.0,1.0
P02943,Good,0.0,1.0,0.0
P02944,Good,0.0,1.0,0.0
P02945,Average,1.0,0.0,0.0
P02946,Good,0.0,1.0,0.0
P02947,Average,1.0,0.0,0.0
P02948,Good,0.0,1.0,0.0
P02949,Average,1.0,0.0,0.0
P02950,Excellent,0.0,0.0,1.0
P02951,Excellent,0.0,0.0,1.0
P02952,Excellent,0.0,0.0,1.0
P02953,Average,1.0,0.0,0.0
P02954,Average,1.0,0.0,0.0
P02955,Excellent,0.0,0.0,1.0
P02956,Excellent,0.0,0.0,1.0
P02957,Excellent,0.0,0.0,1.0
P02958,Excellent,0.0,0.0,1.0
P02959,Good,0.0,1.0,0.0
P02960,Average,1.0,0.0,0.0
P02961,Average,1.0,0.0,0.0
P02962,Average,1.0,0.0,0.0
P02963,Excellent,0.0,0.0,1.0
P02964,Excellent,0.0,0.0,1.0
P02965,Average,1.0,0.0,0.0
P02966,Good,0.0,1.0,0.0
P02967,Average,1.0,0.0,0.0
P02968,Average,1.0,0.0,0.0
P02969,Good,0.0,1.0,0.0
P02970,Excellent,0.0,0.0,1.0
P02971,Excellent,0.0,0.0,1.0
P02972,Good,0.0,1.0,0.0
P02973,Average,1.0,0.0,0.0
P02974,Average,1.0,0.0,0.0
P02975,Excellent,0.0,0.0,1.0
P02976,Excellent,0.0,0.0,1.0
P02977,Good,0.0,1.0,0.0
P02978,Average,1.0,0.0,0.0
P02979,Good,0.0,1.0,0.0
P02980,Good,0.0,1.0,0.0
P02981,Good,0.0,1.0,0.0
P02982,Average,1.0,0.0,0.0
P02983,Excellent,0.0,0.0,1.0
P02984,Good,0.0,1.0,0.0
P02985,Excellent,0.0,0.0,1.0
P02986,Excellent,0.0,0.0,1.0
P02987,Average,1.0,0.0,0.0
P02988,Good,0.0,1.0,0.0
P02989,Excellent,0.0,0.0,1.0
P02990,Average,1.0,0.0,0.0
P02991,Average,1.0,0.0,0.0
P02992,Good,0.0,1.0,0.0
P02993,Good,0.0,1.0,0.0
P02994,Excellent,0.0,0.0,1.0
P02995,Good,0.0,1.0,0.0
P02996,Average,1.0,0.0,0.0
P02997,Excellent,0.0,0.0,1.0
P02998,Excellent,0.0,0.0,1.0
P02999,Good,0.0,1.0,0.0
P03000,Excellent,0.0,0.0,1.0
P03001,Excellent,0.0,0.0,1.0
P03002,Excellent,0.0,0.0,1.0
P03003,Good,0.0,1.0,0.0
P03004,Excellent,0.0,0.0,1.0
P03005,Average,1.0,0.0,0.0
P03006,Good,0.0,1.0,0.0
P03007,Good,0.0,1.0,0.0
P03008,Excellent,0.0,0.0,1.0
P03009,Good,0.0,1.0,0.0
P03010,Excellent,0.0,0.0,1.0
P03011,Good,0.0,1.0,0.0
P03012,Good,0.0,1.0,0.0
P03013,Good,0.0,1.0,0.0
P03014,Average,1.0,0.0,0.0
P03015,Excellent,0.0,0.0,1.0
P03016,Good,0.0,1.0,0.0
P03017,Excellent,0.0,0.0,1.0
P03018,Excellent,0.0,0.0,1.0
P03019,Good,0.0,1.0,0.0
P03020,Excellent,0.0,0.0,1.0
P03021,Good,0.0,1.0,0.0
P03022,Good,0.0,1.0,0.0
P03023,Average,1.0,0.0,0.0
P03024,Good,0.0,1.0,0.0
P03025,Good,0.0,1.0,0.0
P03026,Excellent,0.0,0.0,1.0
P03027,Excellent,0.0,0.0,1.0
P03028,Excellent,0.0,0.0,1.0
P03029,Good,0.0,1.0,0.0
P03030,Average,1.0,0.0,0.0
P03031,Good,0.0,1.0,0.0
P03032,Good,0.0,1.0,0.0
P03033,Average,1.0,0.0,0.0
P03034,Excellent,0.0,0.0,1.0
P03035,Average,1.0,0.0,0.0
P03036,Excellent,0.0,0.0,1.0
P03037,Good,0.0,1.0,0.0
P03038,Excellent,0.0,0.0,1.0
P03039,Good,0.0,1.0,0.0
P03040,Average,1.0,0.0,0.0
P03041,Good,0.0,1.0,0.0
P03042,Excellent,0.0,0.0,1.0
P03043,Good,0.0,1.0,0.0
P03044,Good,0.0,1.0,0.0
P03045,Excellent,0.0,0.0,1.0
P03046,Good,0.0,1.0,0.0
P03047,Good,0.0,1.0,0.0
P03048,Average,1.0,0.0,0.0
P03049,Excellent,0.0,0.0,1.0
P03050,Excellent,0.0,0.0,1.0
P03051,Average,1.0,0.0,0.0
P03052,Excellent,0.0,0.0,1.0
P03053,Excellent,0.0,0.0,1.0
P03054,Average,1.0,0.0,0.0
P03055,Good,0.0,1.0,0.0
P03056,Average,1.0,0.0,0.0
P03057,Excellent,0.0,0.0,1.0
P03058,Average,1.0,0.0,0.0
P03059,Excellent,0.0,0.0,1.0
P03060,Good,0.0,1.0,0.0
P03061,Good,0.0,1.0,0.0
P03062,Excellent,0.0,0.0,1.0
P03063,Good,0.0,1.0,0.0
P03064,Good,0.0,1.0,0.0
P03065,Excellent,0.0,0.0,1.0
P03066,Excellent,0.0,0.0,1.0
P03067,Good,0.0,1.0,0.0
P03068,Excellent,0.0,0.0,1.0
P03069,Good,0.0,1.0,0.0
P03070,Excellent,0.0,0.0,1.0
P03071,Good,0.0,1.0,0.0
P03072,Good,0.0,1.0,0.0
P03073,Average,1.0,0.0,0.0
P03074,Excellent,0.0,0.0,1.0
P03075,Excellent,0.0,0.0,1.0
P03076,Good,0.0,1.0,0.0
P03077,Good,0.0,1.0,0.0
P03078,Average,1.0,0.0,0.0
P03079,Average,1.0,0.0,0.0
P03080,Good,0.0,1.0,0.0
P03081,Good,0.0,1.0,0.0
P03082,Good,0.0,1.0,0.0
P03083,Average,1.0,0.0,0.0
P03084,Excellent,0.0,0.0,1.0
P03085,Excellent,0.0,0.0,1.0
P03086,Excellent,0.0,0.0,1.0
P03087,Good,0.0,1.0,0.0
P03088,Good,0.0,1.0,0.0
P03089,Average,1.0,0.0,0.0
P03090,Good,0.0,1.0,0.0
P03091,Good,0.0,1.0,0.0
P03092,Good,0.0,1.0,0.0
P03093,Average,1.0,0.0,0.0
P03094,Good,0.0,1.0,0.0
P03095,Excellent,0.0,0.0,1.0
P03096,Good,0.0,1.0,0.0
P03097,Excellent,0.0,0.0,1.0
P03098,Good,0.0,1.0,0.0
P03099,Average,1.0,0.0,0.0
P03100,Good,0.0,1.0,0.0
P03101,Good,0.0,1.0,0.0
P03102,Good,0.0,1.0,0.0
P03103,Excellent,0.0,0.0,1.0
P03104,Excellent,0.0,0.0,1.0
P03105,Average,1.0,0.0,0.0
P03106,Good,0.0,1.0,0.0
P03107,Good,0.0,1.0,0.0
P03108,Excellent,0.0,0.0,1.0
P03109,Excellent,0.0,0.0,1.0
P03110,Average,1.0,0.0,0.0
P03111,Good,0.0,1.0,0.0
P03112,Good,0.0,1.0,0.0
P03113,Excellent,0.0,0.0,1.0
P03114,Excellent,0.0,0.0,1.0
P03115,Excellent,0.0,0.0,1.0
P03116,Excellent,0.0,0.0,1.0
P03117,Good,0.0,1.0,0.0
P03118,Good,0.0,1.0,0.0
P03119,Average,1.0,0.0,0.0
P03120,Average,1.0,0.0,0.0
P03121,Excellent,0.0,0.0,1.0
P03122,Excellent,0.0,0.0,1.0
P03123,Excellent,0.0,0.0,1.0
P03124,Excellent,0.0,0.0,1.0
P03125,Average,1.0,0.0,0.0
P03126,Excellent,0.0,0.0,1.0
P03127,Average,1.0,0.0,0.0
P03128,Average,1.0,0.0,0.0
P03129,Good,0.0,1.0,0.0
P03130,Good,0.0,1.0,0.0
P03131,Good,0.0,1.0,0.0
P03132,Good,0.0,1.0,0.0
P03133,Good,0.0,1.0,0.0
P03134,Excellent,0.0,0.0,1.0
P03135,Excellent,0.0,0.0,1.0
P03136,Good,0.0,1.0,0.0
P03137,Excellent,0.0,0.0,1.0
P03138,Good,0.0,1.0,0.0
P03139,Excellent,0.0,0.0,1.0
P03140,Average,1.0,0.0,0.0
P03141,Good,0.0,1.0,0.0
P03142,Average,1.0,0.0,0.0
P03143,Good,0.0,1.0,0.0
P03144,Average,1.0,0.0,0.0
P03145,Good,0.0,1.0,0.0
P03146,Excellent,0.0,0.0,1.0
P03147,Good,0.0,1.0,0.0
P03148,Excellent,0.0,0.0,1.0
P03149,Good,0.0,1.0,0.0
P03150,Average,1.0,0.0,0.0
P03151,Good,0.0,1.0,0.0
P03152,Good,0.0,1.0,0.0
P03153,Average,1.0,0.0,0.0
P03154,Good,0.0,1.0,0.0
P03155,Good,0.0,1.0,0.0
P03156,Average,1.0,0.0,0.0
P03157,Good,0.0,1.0,0.0
P03158,Excellent,0.0,0.0,1.0
P03159,Excellent,0.0,0.0,1.0
P03160,Excellent,0.0,0.0,1.0
P03161,Good,0.0,1.0,0.0
P03162,Good,0.0,1.0,0.0
P03163,Excellent,0.0,0.0,1.0
P03164,Excellent,0.0,0.0,1.0
P03165,Excellent,0.0,0.0,1.0
P03166,Excellent,0.0,0.0,1.0
P03167,Excellent,0.0,0.0,1.0
P03168,Good,0.0,1.0,0.0
P03169,Excellent,0.0,0.0,1.0
P03170,Good,0.0,1.0,0.0
P03171,Excellent,0.0,0.0,1.0
P03172,Average,1.0,0.0,0.0
P03173,Average,1.0,0.0,0.0
P03174,Good,0.0,1.0,0.0
P03175,Average,1.0,0.0,0.0
P03176,Good,0.0,1.0,0.0
P03177,Average,1.0,0.0,0.0
P03178,Good,0.0,1.0,0.0
P03179,Excellent,0.0,0.0,1.0
P03180,Good,0.0,1.0,0.0
P03181,Good,0.0,1.0,0.0
P03182,Good,0.0,1.0,0.0
P03183,Excellent,0.0,0.0,1.0
P03184,Excellent,0.0,0.0,1.0
P03185,Good,0.0,1.0,0.0
P03186,Good,0.0,1.0,0.0
P03187,Average,1.0,0.0,0.0
P03188,Excellent,0.0,0.0,1.0
P03189,Good,0.0,1.0,0.0
P03190,Good,0.0,1.0,0.0
P03191,Average,1.0,0.0,0.0
P03192,Average,1.0,0.0,0.0
P03193,Good,0.0,1.0,0.0
P03194,Good,0.0,1.0,0.0
P03195,Average,1.0,0.0,0.0
P03196,Excellent,0.0,0.0,1.0
P03197,Good,0.0,1.0,0.0
P03198,Average,1.0,0.0,0.0
P03199,Excellent,0.0,0.0,1.0
P03200,Excellent,0.0,0.0,1.0
P03201,Excellent,0.0,0.0,1.0
P03202,Excellent,0.0,0.0,1.0
P03203,Good,0.0,1.0,0.0
P03204,Good,0.0,1.0,0.0
P03205,Good,0.0,1.0,0.0
P03206,Good,0.0,1.0,0.0
P03207,Good,0.0,1.0,0.0
P03208,Average,1.0,0.0,0.0
P03209,Excellent,0.0,0.0,1.0
P03210,Excellent,0.0,0.0,1.0
P03211,Average,1.0,0.0,0.0
P03212,Excellent,0.0,0.0,1.0
P03213,Average,1.0,0.0,0.0
P03214,Good,0.0,1.0,0.0
P03215,Excellent,0.0,0.0,1.0
P03216,Average,1.0,0.0,0.0
P03217,Average,1.0,0.0,0.0
P03218,Good,0.0,1.0,0.0
P03219,Average,1.0,0.0,0.0
P03220,Good,0.0,1.0,0.0
P03221,Good,0.0,1.0,0.0
P03222,Average,1.0,0.0,0.0
P03223,Excellent,0.0,0.0,1.0
P03224,Excellent,0.0,0.0,1.0
P03225,Good,0.0,1.0,0.0
P03226,Excellent,0.0,0.0,1.0
P03227,Excellent,0.0,0.0,1.0
P03228,Good,0.0,1.0,0.0
P03229,Excellent,0.0,0.0,1.0
P03230,Good,0.0,1.0,0.0
P03231,Average,1.0,0.0,0.0
P03232,Average,1.0,0.0,0.0
P03233,Good,0.0,1.0,0.0
P03234,Average,1.0,0.0,0.0
P03235,Excellent,0.0,0.0,1.0
P03236,Excellent,0.0,0.0,1.0
P03237,Good,0.0,1.0,0.0
P03238,Average,1.0,0.0,0.0
P03239,Good,0.0,1.0,0.0
P03240,Good,0.0,1.0,0.0
P03241,Good,0.0,1.0,0.0
P03242,Good,0.0,1.0,0.0
P03243,Good,0.0,1.0,0.0
P03244,Good,0.0,1.0,0.0
P03245,Excellent,0.0,0.0,1.0
P03246,Average,1.0,0.0,0.0
P03247,Good,0.0,1.0,0.0
P03248,Excellent,0.0,0.0,1.0
P03249,Excellent,0.0,0.0,1.0
P03250,Excellent,0.0,0.0,1.0
P03251,Average,1.0,0.0,0.0
P03252,Excellent,0.0,0.0,1.0
P03253,Good,0.0,1.0,0.0
P03254,Excellent,0.0,0.0,1.0
P03255,Good,0.0,1.0,0.0
P03256,Excellent,0.0,0.0,1.0
P03257,Good,0.0,1.0,0.0
P03258,Excellent,0.0,0.0,1.0
P03259,Excellent,0.0,0.0,1.0
P03260,Good,0.0,1.0,0.0
P03261,Average,1.0,0.0,0.0
P03262,Average,1.0,0.0,0.0
P03263,Good,0.0,1.0,0.0
P03264,Good,0.0,1.0,0.0
P03265,Excellent,0.0,0.0,1.0
P03266,Average,1.0,0.0,0.0
P03267,Average,1.0,0.0,0.0
P03268,Excellent,0.0,0.0,1.0
P03269,Good,0.0,1.0,0.0
P03270,Good,0.0,1.0,0.0
P03271,Good,0.0,1.0,0.0
P03272,Good,0.0,1.0,0.0
P03273,Excellent,0.0,0.0,1.0
P03274,Excellent,0.0,0.0,1.0
P03275,Average,1.0,0.0,0.0
P03276,Average,1.0,0.0,0.0
P03277,Good,0.0,1.0,0.0
P03278,Good,0.0,1.0,0.0
P03279,Excellent,0.0,0.0,1.0
P03280,Average,1.0,0.0,0.0
P03281,Excellent,0.0,0.0,1.0
P03282,Good,0.0,1.0,0.0
P03283,Excellent,0.0,0.0,1.0
P03284,Average,1.0,0.0,0.0
P03285,Excellent,0.0,0.0,1.0
P03286,Good,0.0,1.0,0.0
P03287,Good,0.0,1.0,0.0
P03288,Good,0.0,1.0,0.0
P03289,Excellent,0.0,0.0,1.0
P03290,Excellent,0.0,0.0,1.0
P03291,Excellent,0.0,0.0,1.0
P03292,Good,0.0,1.0,0.0
P03293,Average,1.0,0.0,0.0
P03294,Good,0.0,1.0,0.0
P03295,Good,0.0,1.0,0.0
P03296,Excellent,0.0,0.0,1.0
P03297,Excellent,0.0,0.0,1.0
P03298,Excellent,0.0,0.0,1.0
P03299,Good,0.0,1.0,0.0
P03300,Good,0.0,1.0,0.0
P03301,Good,0.0,1.0,0.0
P03302,Excellent,0.0,0.0,1.0
P03303,Average,1.0,0.0,0.0
P03304,Good,0.0,1.0,0.0
P03305,Good,0.0,1.0,0.0
P03306,Good,0.0,1.0,0.0
P03307,Good,0.0,1.0,0.0
P03308,Average,1.0,0.0,0.0
P03309,Good,0.0,1.0,0.0
P03310,Excellent,0.0,0.0,1.0
P03311,Excellent,0.0,0.0,1.0
P03312,Good,0.0,1.0,0.0
P03313,Excellent,0.0,0.0,1.0
P03314,Excellent,0.0,0.0,1.0
P03315,Excellent,0.0,0.0,1.0
P03316,Good,0.0,1.0,0.0
P03317,Good,0.0,1.0,0.0
P03318,Excellent,0.0,0.0,1.0
P03319,Excellent,0.0,0.0,1.0
P03320,Excellent,0.0,0.0,1.0
P03321,Good,0.0,1.0,0.0
P03322,Excellent,0.0,0.0,1.0
P03323,Excellent,0.0,0.0,1.0
P03324,Excellent,0.0,0.0,1.0
P03325,Good,0.0,1.0,0.0
P03326,Excellent,0.0,0.0,1.0
P03327,Good,0.0,1.0,0.0
P03328,Good,0.0,1.0,0.0
P03329,Average,1.0,0.0,0.0
P03330,Excellent,0.0,0.0,1.0
P03331,Good,0.0,1.0,0.0
P03332,Excellent,0.0,0.0,1.0
P03333,Excellent,0.0,0.0,1.0
P03334,Good,0.0,1.0,0.0
P03335,Good,0.0,1.0,0.0
P03336,Excellent,0.0,0.0,1.0
P03337,Average,1.0,0.0,0.0
P03338,Excellent,0.0,0.0,1.0
P03339,Excellent,0.0,0.0,1.0
P03340,Average,1.0,0.0,0.0
P03341,Average,1.0,0.0,0.0
P03342,Excellent,0.0,0.0,1.0
P03343,Excellent,0.0,0.0,1.0
P03344,Excellent,0.0,0.0,1.0
P03345,Average,1.0,0.0,0.0
P03346,Average,1.0,0.0,0.0
P03347,Excellent,0.0,0.0,1.0
P03348,Good,0.0,1.0,0.0
P03349,Excellent,0.0,0.0,1.0
P03350,Excellent,0.0,0.0,1.0
P03351,Excellent,0.0,0.0,1.0
P03352,Good,0.0,1.0,0.0
P03353,Good,0.0,1.0,0.0
P03354,Average,1.0,0.0,0.0
P03355,Excellent,0.0,0.0,1.0
P03356,Good,0.0,1.0,0.0
P03357,Average,1.0,0.0,0.0
P03358,Good,0.0,1.0,0.0
P03359,Average,1.0,0.0,0.0
P03360,Average,1.0,0.0,0.0
P03361,Excellent,0.0,0.0,1.0
P03362,Good,0.0,1.0,0.0
P03363,Excellent,0.0,0.0,1.0
P03364,Good,0.0,1.0,0.0
P03365,Excellent,0.0,0.0,1.0
P03366,Average,1.0,0.0,0.0
P03367,Excellent,0.0,0.0,1.0
P03368,Good,0.0,1.0,0.0
P03369,Excellent,0.0,0.0,1.0
P03370,Good,0.0,1.0,0.0
P03371,Excellent,0.0,0.0,1.0
P03372,Good,0.0,1.0,0.0
P03373,Average,1.0,0.0,0.0
P03374,Good,0.0,1.0,0.0
P03375,Good,0.0,1.0,0.0
P03376,Good,0.0,1.0,0.0
P03377,Excellent,0.0,0.0,1.0
P03378,Average,1.0,0.0,0.0
P03379,Excellent,0.0,0.0,1.0
P03380,Excellent,0.0,0.0,1.0
P03381,Average,1.0,0.0,0.0
P03382,Excellent,0.0,0.0,1.0
P03383,Good,0.0,1.0,0.0
P03384,Good,0.0,1.0,0.0
P03385,Average,1.0,0.0,0.0
P03386,Excellent,0.0,0.0,1.0
P03387,Excellent,0.0,0.0,1.0
P03388,Good,0.0,1.0,0.0
P03389,Good,0.0,1.0,0.0
P03390,Excellent,0.0,0.0,1.0
P03391,Good,0.0,1.0,0.0
P03392,Good,0.0,1.0,0.0
P03393,Average,1.0,0.0,0.0
P03394,Good,0.0,1.0,0.0
P03395,Excellent,0.0,0.0,1.0
P03396,Good,0.0,1.0,0.0
P03397,Average,1.0,0.0,0.0
P03398,Good,0.0,1.0,0.0
P03399,Good,0.0,1.0,0.0
P03400,Good,0.0,1.0,0.0
P03401,Average,1.0,0.0,0.0
P03402,Excellent,0.0,0.0,1.0
P03403,Good,0.0,1.0,0.0
P03404,Good,0.0,1.0,0.0
P03405,Excellent,0.0,0.0,1.0
P03406,Excellent,0.0,0.0,1.0
P03407,Excellent,0.0,0.0,1.0
P03408,Average,1.0,0.0,0.0
P03409,Average,1.0,0.0,0.0
P03410,Average,1.0,0.0,0.0
P03411,Good,0.0,1.0,0.0
P03412,Average,1.0,0.0,0.0
P03413,Excellent,0.0,0.0,1.0
P03414,Good,0.0,1.0,0.0
P03415,Good,0.0,1.0,0.0
P03416,Good,0.0,1.0,0.0
P03417,Excellent,0.0,0.0,1.0
P03418,Average,1.0,0.0,0.0
P03419,Average,1.0,0.0,0.0
P03420,Average,1.0,0.0,0.0
P03421,Excellent,0.0,0.0,1.0
P03422,Good,0.0,1.0,0.0
P03423,Average,1.0,0.0,0.0
P03424,Excellent,0.0,0.0,1.0
P03425,Excellent,0.0,0.0,1.0
P03426,Good,0.0,1.0,0.0
P03427,Good,0.0,1.0,0.0
P03428,Good,0.0,1.0,0.0
P03429,Excellent,0.0,0.0,1.0
P03430,Excellent,0.0,0.0,1.0
P03431,Average,1.0,0.0,0.0
P03432,Good,0.0,1.0,0.0
P03433,Excellent,0.0,0.0,1.0
P03434,Average,1.0,0.0,0.0
P03435,Average,1.0,0.0,0.0
P03436,Excellent,0.0,0.0,1.0
P03437,Excellent,0.0,0.0,1.0
P03438,Good,0.0,1.0,0.0
P03439,Good,0.0,1.0,0.0
P03440,Good,0.0,1.0,0.0
P03441,Good,0.0,1.0,0.0
P03442,Excellent,0.0,0.0,1.0
P03443,Average,1.0,0.0,0.0
P03444,Good,0.0,1.0,0.0
P03445,Good,0.0,1.0,0.0
P03446,Excellent,0.0,0.0,1.0
P03447,Excellent,0.0,0.0,1.0
P03448,Excellent,0.0,0.0,1.0
P03449,Excellent,0.0,0.0,1.0
P03450,Good,0.0,1.0,0.0
P03451,Good,0.0,1.0,0.0
P03452,Good,0.0,1.0,0.0
P03453,Good,0.0,1.0,0.0
P03454,Good,0.0,1.0,0.0
P03455,Excellent,0.0,0.0,1.0
P03456,Good,0.0,1.0,0.0
P03457,Good,0.0,1.0,0.0
P03458,Excellent,0.0,0.0,1.0
P03459,Good,0.0,1.0,0.0
P03460,Excellent,0.0,0.0,1.0
P03461,Good,0.0,1.0,0.0
P03462,Average,1.0,0.0,0.0
P03463,Good,0.0,1.0,0.0
P03464,Average,1.0,0.0,0.0
P03465,Excellent,0.0,0.0,1.0
P03466,Excellent,0.0,0.0,1.0
P03467,Good,0.0,1.0,0.0
P03468,Good,0.0,1.0,0.0
P03469,Good,0.0,1.0,0.0
P03470,Excellent,0.0,0.0,1.0
P03471,Good,0.0,1.0,0.0
P03472,Good,0.0,1.0,0.0
P03473,Good,0.0,1.0,0.0
P03474,Excellent,0.0,0.0,1.0
P03475,Good,0.0,1.0,0.0
P03476,Excellent,0.0,0.0,1.0
P03477,Excellent,0.0,0.0,1.0
P03478,Excellent,0.0,0.0,1.0
P03479,Good,0.0,1.0,0.0
P03480,Good,0.0,1.0,0.0
P03481,Excellent,0.0,0.0,1.0
P03482,Good,0.0,1.0,0.0
P03483,Average,1.0,0.0,0.0
P03484,Excellent,0.0,0.0,1.0
P03485,Average,1.0,0.0,0.0
P03486,Good,0.0,1.0,0.0
P03487,Average,1.0,0.0,0.0
P03488,Average,1.0,0.0,0.0
P03489,Good,0.0,1.0,0.0
P03490,Good,0.0,1.0,0.0
P03491,Excellent,0.0,0.0,1.0
P03492,Good,0.0,1.0,0.0
P03493,Average,1.0,0.0,0.0
P03494,Good,0.0,1.0,0.0
P03495,Excellent,0.0,0.0,1.0
P03496,Excellent,0.0,0.0,1.0
P03497,Average,1.0,0.0,0.0
P03498,Good,0.0,1.0,0.0
P03499,Average,1.0,0.0,0.0
P03500,Good,0.0,1.0,0.0
P03501,Good,0.0,1.0,0.0
P03502,Good,0.0,1.0,0.0
P03503,Good,0.0,1.0,0.0
P03504,Excellent,0.0,0.0,1.0
P03505,Excellent,0.0,0.0,1.0
P03506,Good,0.0,1.0,0.0
P03507,Average,1.0,0.0,0.0
P03508,Excellent,0.0,0.0,1.0
P03509,Good,0.0,1.0,0.0
P03510,Good,0.0,1.0,0.0
P03511,Good,0.0,1.0,0.0
P03512,Average,1.0,0.0,0.0
P03513,Good,0.0,1.0,0.0
P03514,Average,1.0,0.0,0.0
P03515,Good,0.0,1.0,0.0
P03516,Good,0.0,1.0,0.0
P03517,Excellent,0.0,0.0,1.0
P03518,Excellent,0.0,0.0,1.0
P03519,Excellent,0.0,0.0,1.0
P03520,Average,1.0,0.0,0.0
P03521,Excellent,0.0,0.0,1.0
P03522,Good,0.0,1.0,0.0
P03523,Good,0.0,1.0,0.0
P03524,Good,0.0,1.0,0.0
P03525,Excellent,0.0,0.0,1.0
P03526,Excellent,0.0,0.0,1.0
P03527,Average,1.0,0.0,0.0
P03528,Excellent,0.0,0.0,1.0
P03529,Good,0.0,1.0,0.0
P03530,Excellent,0.0,0.0,1.0
P03531,Good,0.0,1.0,0.0
P03532,Good,0.0,1.0,0.0
P03533,Good,0.0,1.0,0.0
P03534,Good,0.0,1.0,0.0
P03535,Excellent,0.0,0.0,1.0
P03536,Good,0.0,1.0,0.0
P03537,Average,1.0,0.0,0.0
P03538,Good,0.0,1.0,0.0
P03539,Average,1.0,0.0,0.0
P03540,Good,0.0,1.0,0.0
P03541,Good,0.0,1.0,0.0
P03542,Excellent,0.0,0.0,1.0
P03543,Good,0.0,1.0,0.0
P03544,Good,0.0,1.0,0.0
P03545,Average,1.0,0.0,0.0
P03546,Good,0.0,1.0,0.0
P03547,Good,0.0,1.0,0.0
P03548,Good,0.0,1.0,0.0
P03549,Average,1.0,0.0,0.0
P03550,Good,0.0,1.0,0.0
P03551,Excellent,0.0,0.0,1.0
P03552,Average,1.0,0.0,0.0
P03553,Good,0.0,1.0,0.0
P03554,Average,1.0,0.0,0.0
P03555,Average,1.0,0.0,0.0
P03556,Average,1.0,0.0,0.0
P03557,Good,0.0,1.0,0.0
P03558,Average,1.0,0.0,0.0
P03559,Average,1.0,0.0,0.0
P03560,Good,0.0,1.0,0.0
P03561,Excellent,0.0,0.0,1.0
P03562,Good,0.0,1.0,0.0
P03563,Good,0.0,1.0,0.0
P03564,Average,1.0,0.0,0.0
P03565,Excellent,0.0,0.0,1.0
P03566,Excellent,0.0,0.0,1.0
P03567,Average,1.0,0.0,0.0
P03568,Good,0.0,1.0,0.0
P03569,Good,0.0,1.0,0.0
P03570,Good,0.0,1.0,0.0
P03571,Good,0.0,1.0,0.0
P03572,Good,0.0,1.0,0.0
P03573,Good,0.0,1.0,0.0
P03574,Excellent,0.0,0.0,1.0
P03575,Good,0.0,1.0,0.0
P03576,Excellent,0.0,0.0,1.0
P03577,Good,0.0,1.0,0.0
P03578,Average,1.0,0.0,0.0
P03579,Good,0.0,1.0,0.0
P03580,Good,0.0,1.0,0.0
P03581,Good,0.0,1.0,0.0
P03582,Good,0.0,1.0,0.0
P03583,Average,1.0,0.0,0.0
P03584,Excellent,0.0,0.0,1.0
P03585,Excellent,0.0,0.0,1.0
P03586,Excellent,0.0,0.0,1.0
P03587,Good,0.0,1.0,0.0
P03588,Average,1.0,0.0,0.0
P03589,Good,0.0,1.0,0.0
P03590,Excellent,0.0,0.0,1.0
P03591,Excellent,0.0,0.0,1.0
P03592,Average,1.0,0.0,0.0
P03593,Excellent,0.0,0.0,1.0
P03594,Average,1.0,0.0,0.0
P03595,Excellent,0.0,0.0,1.0
P03596,Average,1.0,0.0,0.0
P03597,Excellent,0.0,0.0,1.0
P03598,Excellent,0.0,0.0,1.0
P03599,Average,1.0,0.0,0.0
P03600,Good,0.0,1.0,0.0
P03601,Good,0.0,1.0,0.0
P03602,Good,0.0,1.0,0.0
P03603,Good,0.0,1.0,0.0
P03604,Excellent,0.0,0.0,1.0
P03605,Good,0.0,1.0,0.0
P03606,Good,0.0,1.0,0.0
P03607,Excellent,0.0,0.0,1.0
P03608,Good,0.0,1.0,0.0
P03609,Excellent,0.0,0.0,1.0
P03610,Average,1.0,0.0,0.0
P03611,Good,0.0,1.0,0.0
P03612,Average,1.0,0.0,0.0
P03613,Excellent,0.0,0.0,1.0
P03614,Excellent,0.0,0.0,1.0
P03615,Average,1.0,0.0,0.0
P03616,Excellent,0.0,0.0,1.0
P03617,Good,0.0,1.0,0.0
P03618,Excellent,0.0,0.0,1.0
P03619,Average,1.0,0.0,0.0
P03620,Excellent,0.0,0.0,1.0
P03621,Good,0.0,1.0,0.0
P03622,Good,0.0,1.0,0.0
P03623,Good,0.0,1.0,0.0
P03624,Average,1.0,0.0,0.0
P03625,Good,0.0,1.0,0.0
P03626,Average,1.0,0.0,0.0
P03627,Good,0.0,1.0,0.0
P03628,Good,0.0,1.0,0.0
P03629,Average,1.0,0.0,0.0
P03630,Excellent,0.0,0.0,1.0
P03631,Good,0.0,1.0,0.0
P03632,Excellent,0.0,0.0,1.0
P03633,Average,1.0,0.0,0.0
P03634,Excellent,0.0,0.0,1.0
P03635,Good,0.0,1.0,0.0
P03636,Good,0.0,1.0,0.0
P03637,Excellent,0.0,0.0,1.0
P03638,Excellent,0.0,0.0,1.0
P03639,Good,0.0,1.0,0.0
P03640,Good,0.0,1.0,0.0
P03641,Excellent,0.0,0.0,1.0
P03642,Good,0.0,1.0,0.0
P03643,Good,0.0,1.0,0.0
P03644,Excellent,0.0,0.0,1.0
P03645,Good,0.0,1.0,0.0
P03646,Good,0.0,1.0,0.0
P03647,Good,0.0,1.0,0.0
P03648,Excellent,0.0,0.0,1.0
P03649,Excellent,0.0,0.0,1.0
P03650,Good,0.0,1.0,0.0
P03651,Good,0.0,1.0,0.0
P03652,Good,0.0,1.0,0.0
P03653,Good,0.0,1.0,0.0
P03654,Excellent,0.0,0.0,1.0
P03655,Average,1.0,0.0,0.0
P03656,Good,0.0,1.0,0.0
P03657,Good,0.0,1.0,0.0
P03658,Good,0.0,1.0,0.0
P03659,Excellent,0.0,0.0,1.0
P03660,Good,0.0,1.0,0.0
P03661,Average,1.0,0.0,0.0
P03662,Average,1.0,0.0,0.0
P03663,Average,1.0,0.0,0.0
P03664,Excellent,0.0,0.0,1.0
P03665,Excellent,0.0,0.0,1.0
P03666,Excellent,0.0,0.0,1.0
P03667,Excellent,0.0,0.0,1.0
P03668,Excellent,0.0,0.0,1.0
P03669,Average,1.0,0.0,0.0
P03670,Average,1.0,0.0,0.0
P03671,Good,0.0,1.0,0.0
P03672,Good,0.0,1.0,0.0
P03673,Good,0.0,1.0,0.0
P03674,Excellent,0.0,0.0,1.0
P03675,Average,1.0,0.0,0.0
P03676,Good,0.0,1.0,0.0
P03677,Average,1.0,0.0,0.0
P03678,Excellent,0.0,0.0,1.0
P03679,Good,0.0,1.0,0.0
P03680,Good,0.0,1.0,0.0
P03681,Average,1.0,0.0,0.0
P03682,Average,1.0,0.0,0.0
P03683,Excellent,0.0,0.0,1.0
P03684,Excellent,0.0,0.0,1.0
P03685,Excellent,0.0,0.0,1.0
P03686,Excellent,0.0,0.0,1.0
P03687,Excellent,0.0,0.0,1.0
P03688,Excellent,0.0,0.0,1.0
P03689,Excellent,0.0,0.0,1.0
P03690,Good,0.0,1.0,0.0
P03691,Good,0.0,1.0,0.0
P03692,Average,1.0,0.0,0.0
P03693,Average,1.0,0.0,0.0
P03694,Excellent,0.0,0.0,1.0
P03695,Excellent,0.0,0.0,1.0
P03696,Excellent,0.0,0.0,1.0
P03697,Good,0.0,1.0,0.0
P03698,Good,0.0,1.0,0.0
P03699,Excellent,0.0,0.0,1.0
P03700,Excellent,0.0,0.0,1.0
P03701,Good,0.0,1.0,0.0
P03702,Good,0.0,1.0,0.0
P03703,Excellent,0.0,0.0,1.0
P03704,Average,1.0,0.0,0.0
P03705,Good,0.0,1.0,0.0
P03706,Good,0.0,1.0,0.0
P03707,Good,0.0,1.0,0.0
P03708,Average,1.0,0.0,0.0
P03709,Good,0.0,1.0,0.0
P03710,Excellent,0.0,0.0,1.0
P03711,Excellent,0.0,0.0,1.0
P03712,Average,1.0,0.0,0.0
P03713,Average,1.0,0.0,0.0
P03714,Good,0.0,1.0,0.0
P03715,Average,1.0,0.0,0.0
P03716,Excellent,0.0,0.0,1.0
P03717,Good,0.0,1.0,0.0
P03718,Excellent,0.0,0.0,1.0
P03719,Average,1.0,0.0,0.0
P03720,Good,0.0,1.0,0.0
P03721,Good,0.0,1.0,0.0
P03722,Good,0.0,1.0,0.0
P03723,Excellent,0.0,0.0,1.0
P03724,Excellent,0.0,0.0,1.0
P03725,Excellent,0.0,0.0,1.0
P03726,Good,0.0,1.0,0.0
P03727,Good,0.0,1.0,0.0
P03728,Good,0.0,1.0,0.0
P03729,Excellent,0.0,0.0,1.0
P03730,Good,0.0,1.0,0.0
P03731,Good,0.0,1.0,0.0
P03732,Excellent,0.0,0.0,1.0
P03733,Excellent,0.0,0.0,1.0
P03734,Excellent,0.0,0.0,1.0
P03735,Good,0.0,1.0,0.0
P03736,Excellent,0.0,0.0,1.0
P03737,Excellent,0.0,0.0,1.0
P03738,Excellent,0.0,0.0,1.0
P03739,Good,0.0,1.0,0.0
P03740,Good,0.0,1.0,0.0
P03741,Good,0.0,1.0,0.0
P03742,Good,0.0,1.0,0.0
P03743,Excellent,0.0,0.0,1.0
P03744,Average,1.0,0.0,0.0
P03745,Good,0.0,1.0,0.0
P03746,Excellent,0.0,0.0,1.0
P03747,Average,1.0,0.0,0.0
P03748,Excellent,0.0,0.0,1.0
P03749,Good,0.0,1.0,0.0
P03750,Excellent,0.0,0.0,1.0
P03751,Good,0.0,1.0,0.0
P03752,Excellent,0.0,0.0,1.0
P03753,Good,0.0,1.0,0.0
P03754,Good,0.0,1.0,0.0
P03755,Excellent,0.0,0.0,1.0
P03756,Average,1.0,0.0,0.0
P03757,Average,1.0,0.0,0.0
P03758,Good,0.0,1.0,0.0
P03759,Excellent,0.0,0.0,1.0
P03760,Good,0.0,1.0,0.0
P03761,Excellent,0.0,0.0,1.0
P03762,Good,0.0,1.0,0.0
P03763,Average,1.0,0.0,0.0
P03764,Average,1.0,0.0,0.0
P03765,Good,0.0,1.0,0.0
P03766,Good,0.0,1.0,0.0
P03767,Good,0.0,1.0,0.0
P03768,Good,0.0,1.0,0.0
P03769,Excellent,0.0,0.0,1.0
P03770,Excellent,0.0,0.0,1.0
P03771,Good,0.0,1.0,0.0
P03772,Average,1.0,0.0,0.0
P03773,Excellent,0.0,0.0,1.0
P03774,Good,0.0,1.0,0.0
P03775,Good,0.0,1.0,0.0
P03776,Good,0.0,1.0,0.0
P03777,Average,1.0,0.0,0.0
P03778,Excellent,0.0,0.0,1.0
P03779,Good,0.0,1.0,0.0
P03780,Excellent,0.0,0.0,1.0
P03781,Excellent,0.0,0.0,1.0
P03782,Excellent,0.0,0.0,1.0
P03783,Average,1.0,0.0,0.0
P03784,Excellent,0.0,0.0,1.0
P03785,Excellent,0.0,0.0,1.0
P03786,Good,0.0,1.0,0.0
P03787,Good,0.0,1.0,0.0
P03788,Excellent,0.0,0.0,1.0
P03789,Good,0.0,1.0,0.0
P03790,Good,0.0,1.0,0.0
P03791,Good,0.0,1.0,0.0
P03792,Good,0.0,1.0,0.0
P03793,Good,0.0,1.0,0.0
P03794,Average,1.0,0.0,0.0
P03795,Average,1.0,0.0,0.0
P03796,Average,1.0,0.0,0.0
P03797,Average,1.0,0.0,0.0
P03798,Good,0.0,1.0,0.0
P03799,Average,1.0,0.0,0.0
P03800,Good,0.0,1.0,0.0
P03801,Excellent,0.0,0.0,1.0
P03802,Good,0.0,1.0,0.0
P03803,Good,0.0,1.0,0.0
P03804,Excellent,0.0,0.0,1.0
P03805,Excellent,0.0,0.0,1.0
P03806,Good,0.0,1.0,0.0
P03807,Good,0.0,1.0,0.0
P03808,Good,0.0,1.0,0.0
P03809,Good,0.0,1.0,0.0
P03810,Good,0.0,1.0,0.0
P03811,Good,0.0,1.0,0.0
P03812,Excellent,0.0,0.0,1.0
P03813,Average,1.0,0.0,0.0
P03814,Good,0.0,1.0,0.0
P03815,Good,0.0,1.0,0.0
P03816,Good,0.0,1.0,0.0
P03817,Excellent,0.0,0.0,1.0
P03818,Excellent,0.0,0.0,1.0
P03819,Excellent,0.0,0.0,1.0
P03820,Good,0.0,1.0,0.0
P03821,Good,0.0,1.0,0.0
P03822,Good,0.0,1.0,0.0
P03823,Average,1.0,0.0,0.0
P03824,Good,0.0,1.0,0.0
P03825,Good,0.0,1.0,0.0
P03826,Average,1.0,0.0,0.0
P03827,Good,0.0,1.0,0.0
P03828,Excellent,0.0,0.0,1.0
P03829,Good,0.0,1.0,0.0
P03830,Average,1.0,0.0,0.0
P03831,Good,0.0,1.0,0.0
P03832,Good,0.0,1.0,0.0
P03833,Excellent,0.0,0.0,1.0
P03834,Excellent,0.0,0.0,1.0
P03835,Average,1.0,0.0,0.0
P03836,Average,1.0,0.0,0.0
P03837,Average,1.0,0.0,0.0
P03838,Good,0.0,1.0,0.0
P03839,Good,0.0,1.0,0.0
P03840,Good,0.0,1.0,0.0
P03841,Average,1.0,0.0,0.0
P03842,Excellent,0.0,0.0,1.0
P03843,Excellent,0.0,0.0,1.0
P03844,Excellent,0.0,0.0,1.0
P03845,Good,0.0,1.0,0.0
P03846,Good,0.0,1.0,0.0
P03847,Excellent,0.0,0.0,1.0
P03848,Good,0.0,1.0,0.0
P03849,Average,1.0,0.0,0.0
P03850,Excellent,0.0,0.0,1.0
P03851,Average,1.0,0.0,0.0
P03852,Average,1.0,0.0,0.0
P03853,Good,0.0,1.0,0.0
P03854,Average,1.0,0.0,0.0
P03855,Average,1.0,0.0,0.0
P03856,Average,1.0,0.0,0.0
P03857,Average,1.0,0.0,0.0
P03858,Good,0.0,1.0,0.0
P03859,Average,1.0,0.0,0.0
P03860,Excellent,0.0,0.0,1.0
P03861,Excellent,0.0,0.0,1.0
P03862,Good,0.0,1.0,0.0
P03863,Good,0.0,1.0,0.0
P03864,Good,0.0,1.0,0.0
P03865,Excellent,0.0,0.0,1.0
P03866,Excellent,0.0,0.0,1.0
P03867,Excellent,0.0,0.0,1.0
P03868,Average,1.0,0.0,0.0
P03869,Average,1.0,0.0,0.0
P03870,Excellent,0.0,0.0,1.0
P03871,Excellent,0.0,0.0,1.0
P03872,Good,0.0,1.0,0.0
P03873,Good,0.0,1.0,0.0
P03874,Excellent,0.0,0.0,1.0
P03875,Good,0.0,1.0,0.0
P03876,Excellent,0.0,0.0,1.0
P03877,Good,0.0,1.0,0.0
P03878,Excellent,0.0,0.0,1.0
P03879,Good,0.0,1.0,0.0
P03880,Average,1.0,0.0,0.0
P03881,Good,0.0,1.0,0.0
P03882,Average,1.0,0.0,0.0
P03883,Good,0.0,1.0,0.0
P03884,Excellent,0.0,0.0,1.0
P03885,Average,1.0,0.0,0.0
P03886,Excellent,0.0,0.0,1.0
P03887,Good,0.0,1.0,0.0
P03888,Good,0.0,1.0,0.0
P03889,Excellent,0.0,0.0,1.0
P03890,Average,1.0,0.0,0.0
P03891,Average,1.0,0.0,0.0
P03892,Excellent,0.0,0.0,1.0
P03893,Good,0.0,1.0,0.0
P03894,Excellent,0.0,0.0,1.0
P03895,Good,0.0,1.0,0.0
P03896,Excellent,0.0,0.0,1.0
P03897,Average,1.0,0.0,0.0
P03898,Excellent,0.0,0.0,1.0
P03899,Excellent,0.0,0.0,1.0
P03900,Good,0.0,1.0,0.0
P03901,Good,0.0,1.0,0.0
P03902,Excellent,0.0,0.0,1.0
P03903,Good,0.0,1.0,0.0
P03904,Good,0.0,1.0,0.0
P03905,Average,1.0,0.0,0.0
P03906,Good,0.0,1.0,0.0
P03907,Average,1.0,0.0,0.0
P03908,Average,1.0,0.0,0.0
P03909,Good,0.0,1.0,0.0
P03910,Excellent,0.0,0.0,1.0
P03911,Average,1.0,0.0,0.0
P03912,Excellent,0.0,0.0,1.0
P03913,Good,0.0,1.0,0.0
P03914,Good,0.0,1.0,0.0
P03915,Average,1.0,0.0,0.0
P03916,Good,0.0,1.0,0.0
P03917,Good,0.0,1.0,0.0
P03918,Average,1.0,0.0,0.0
P03919,Excellent,0.0,0.0,1.0
P03920,Good,0.0,1.0,0.0
P03921,Excellent,0.0,0.0,1.0
P03922,Excellent,0.0,0.0,1.0
P03923,Excellent,0.0,0.0,1.0
P03924,Excellent,0.0,0.0,1.0
P03925,Average,1.0,0.0,0.0
P03926,Excellent,0.0,0.0,1.0
P03927,Good,0.0,1.0,0.0
P03928,Excellent,0.0,0.0,1.0
P03929,Average,1.0,0.0,0.0
P03930,Excellent,0.0,0.0,1.0
P03931,Average,1.0,0.0,0.0
P03932,Good,0.0,1.0,0.0
P03933,Good,0.0,1.0,0.0
P03934,Good,0.0,1.0,0.0
P03935,Good,0.0,1.0,0.0
P03936,Excellent,0.0,0.0,1.0
P03937,Excellent,0.0,0.0,1.0
P03938,Average,1.0,0.0,0.0
P03939,Excellent,0.0,0.0,1.0
P03940,Good,0.0,1.0,0.0
P03941,Good,0.0,1.0,0.0
P03942,Good,0.0,1.0,0.0
P03943,Average,1.0,0.0,0.0
P03944,Excellent,0.0,0.0,1.0
P03945,Good,0.0,1.0,0.0
P03946,Good,0.0,1.0,0.0
P03947,Average,1.0,0.0,0.0
P03948,Average,1.0,0.0,0.0
P03949,Excellent,0.0,0.0,1.0
P03950,Good,0.0,1.0,0.0
P03951,Good,0.0,1.0,0.0
P03952,Average,1.0,0.0,0.0
P03953,Average,1.0,0.0,0.0
P03954,Good,0.0,1.0,0.0
P03955,Good,0.0,1.0,0.0
P03956,Excellent,0.0,0.0,1.0
P03957,Good,0.0,1.0,0.0
P03958,Average,1.0,0.0,0.0
P03959,Good,0.0,1.0,0.0
P03960,Average,1.0,0.0,0.0
P03961,Excellent,0.0,0.0,1.0
P03962,Good,0.0,1.0,0.0
P03963,Good,0.0,1.0,0.0
P03964,Excellent,0.0,0.0,1.0
P03965,Average,1.0,0.0,0.0
P03966,Excellent,0.0,0.0,1.0
P03967,Average,1.0,0.0,0.0
P03968,Excellent,0.0,0.0,1.0
P03969,Good,0.0,1.0,0.0
P03970,Good,0.0,1.0,0.0
P03971,Average,1.0,0.0,0.0
P03972,Good,0.0,1.0,0.0
P03973,Good,0.0,1.0,0.0
P03974,Average,1.0,0.0,0.0
P03975,Good,0.0,1.0,0.0
P03976,Excellent,0.0,0.0,1.0
P03977,Good,0.0,1.0,0.0
P03978,Excellent,0.0,0.0,1.0
P03979,Good,0.0,1.0,0.0
P03980,Good,0.0,1.0,0.0
P03981,Excellent,0.0,0.0,1.0
P03982,Good,0.0,1.0,0.0
P03983,Excellent,0.0,0.0,1.0
P03984,Excellent,0.0,0.0,1.0
P03985,Excellent,0.0,0.0,1.0
P03986,Good,0.0,1.0,0.0
P03987,Average,1.0,0.0,0.0
P03988,Good,0.0,1.0,0.0
P03989,Average,1.0,0.0,0.0
P03990,Excellent,0.0,0.0,1.0
P03991,Good,0.0,1.0,0.0
P03992,Good,0.0,1.0,0.0
P03993,Excellent,0.0,0.0,1.0
P03994,Excellent,0.0,0.0,1.0
P03995,Excellent,0.0,0.0,1.0
P03996,Excellent,0.0,0.0,1.0
P03997,Excellent,0.0,0.0,1.0
P03998,Average,1.0,0.0,0.0
P03999,Good,0.0,1.0,0.0
P04000,Excellent,0.0,0.0,1.0
P04001,Good,0.0,1.0,0.0
P04002,Excellent,0.0,0.0,1.0
P04003,Good,0.0,1.0,0.0
P04004,Good,0.0,1.0,0.0
P04005,Good,0.0,1.0,0.0
P04006,Excellent,0.0,0.0,1.0
P04007,Average,1.0,0.0,0.0
P04008,Excellent,0.0,0.0,1.0
P04009,Good,0.0,1.0,0.0
P04010,Excellent,0.0,0.0,1.0
P04011,Good,0.0,1.0,0.0
P04012,Excellent,0.0,0.0,1.0
P04013,Excellent,0.0,0.0,1.0
P04014,Average,1.0,0.0,0.0
P04015,Average,1.0,0.0,0.0
P04016,Average,1.0,0.0,0.0
P04017,Excellent,0.0,0.0,1.0
P04018,Good,0.0,1.0,0.0
P04019,Good,0.0,1.0,0.0
P04020,Average,1.0,0.0,0.0
P04021,Good,0.0,1.0,0.0
P04022,Excellent,0.0,0.0,1.0
P04023,Good,0.0,1.0,0.0
P04024,Good,0.0,1.0,0.0
P04025,Good,0.0,1.0,0.0
P04026,Average,1.0,0.0,0.0
P04027,Average,1.0,0.0,0.0
P04028,Excellent,0.0,0.0,1.0
P04029,Excellent,0.0,0.0,1.0
P04030,Good,0.0,1.0,0.0
P04031,Good,0.0,1.0,0.0
P04032,Average,1.0,0.0,0.0
P04033,Good,0.0,1.0,0.0
P04034,Average,1.0,0.0,0.0
P04035,Average,1.0,0.0,0.0
P04036,Good,0.0,1.0,0.0
P04037,Average,1.0,0.0,0.0
P04038,Good,0.0,1.0,0.0
P04039,Good,0.0,1.0,0.0
P04040,Good,0.0,1.0,0.0
P04041,Excellent,0.0,0.0,1.0
P04042,Good,0.0,1.0,0.0
P04043,Excellent,0.0,0.0,1.0
P04044,Average,1.0,0.0,0.0
P04045,Good,0.0,1.0,0.0
P04046,Excellent,0.0,0.0,1.0
P04047,Good,0.0,1.0,0.0
P04048,Good,0.0,1.0,0.0
P04049,Good,0.0,1.0,0.0
P04050,Good,0.0,1.0,0.0
P04051,Excellent,0.0,0.0,1.0
P04052,Excellent,0.0,0.0,1.0
P04053,Excellent,0.0,0.0,1.0
P04054,Good,0.0,1.0,0.0
P04055,Average,1.0,0.0,0.0
P04056,Excellent,0.0,0.0,1.0
P04057,Average,1.0,0.0,0.0
P04058,Excellent,0.0,0.0,1.0
P04059,Good,0.0,1.0,0.0
P04060,Good,0.0,1.0,0.0
P04061,Good,0.0,1.0,0.0
P04062,Average,1.0,0.0,0.0
P04063,Good,0.0,1.0,0.0
P04064,Good,0.0,1.0,0.0
P04065,Excellent,0.0,0.0,1.0
P04066,Excellent,0.0,0.0,1.0
P04067,Good,0.0,1.0,0.0
P04068,Good,0.0,1.0,0.0
P04069,Good,0.0,1.0,0.0
P04070,Excellent,0.0,0.0,1.0
P04071,Good,0.0,1.0,0.0
P04072,Good,0.0,1.0,0.0
P04073,Excellent,0.0,0.0,1.0
P04074,Average,1.0,0.0,0.0
P04075,Good,0.0,1.0,0.0
P04076,Excellent,0.0,0.0,1.0
P04077,Good,0.0,1.0,0.0
P04078,Excellent,0.0,0.0,1.0
P04079,Excellent,0.0,0.0,1.0
P04080,Excellent,0.0,0.0,1.0
P04081,Good,0.0,1.0,0.0
P04082,Good,0.0,1.0,0.0
P04083,Excellent,0.0,0.0,1.0
P04084,Excellent,0.0,0.0,1.0
P04085,Excellent,0.0,0.0,1.0
P04086,Good,0.0,1.0,0.0
P04087,Average,1.0,0.0,0.0
P04088,Excellent,0.0,0.0,1.0
P04089,Excellent,0.0,0.0,1.0
P04090,Excellent,0.0,0.0,1.0
P04091,Good,0.0,1.0,0.0
P04092,Good,0.0,1.0,0.0
P04093,Average,1.0,0.0,0.0
P04094,Good,0.0,1.0,0.0
P04095,Average,1.0,0.0,0.0
P04096,Excellent,0.0,0.0,1.0
P04097,Excellent,0.0,0.0,1.0
P04098,Average,1.0,0.0,0.0
P04099,Good,0.0,1.0,0.0
P04100,Excellent,0.0,0.0,1.0
P04101,Excellent,0.0,0.0,1.0
P04102,Excellent,0.0,0.0,1.0
P04103,Good,0.0,1.0,0.0
P04104,Good,0.0,1.0,0.0
P04105,Good,0.0,1.0,0.0
P04106,Average,1.0,0.0,0.0
P04107,Good,0.0,1.0,0.0
P04108,Excellent,0.0,0.0,1.0
P04109,Excellent,0.0,0.0,1.0
P04110,Excellent,0.0,0.0,1.0
P04111,Excellent,0.0,0.0,1.0
P04112,Average,1.0,0.0,0.0
P04113,Average,1.0,0.0,0.0
P04114,Excellent,0.0,0.0,1.0
P04115,Average,1.0,0.0,0.0
P04116,Good,0.0,1.0,0.0
P04117,Average,1.0,0.0,0.0
P04118,Good,0.0,1.0,0.0
P04119,Good,0.0,1.0,0.0
P04120,Average,1.0,0.0,0.0
P04121,Good,0.0,1.0,0.0
P04122,Good,0.0,1.0,0.0
P04123,Good,0.0,1.0,0.0
P04124,Good,0.0,1.0,0.0
P04125,Average,1.0,0.0,0.0
P04126,Good,0.0,1.0,0.0
P04127,Excellent,0.0,0.0,1.0
P04128,Good,0.0,1.0,0.0
P04129,Good,0.0,1.0,0.0
P04130,Good,0.0,1.0,0.0
P04131,Average,1.0,0.0,0.0
P04132,Good,0.0,1.0,0.0
P04133,Good,0.0,1.0,0.0
P04134,Excellent,0.0,0.0,1.0
P04135,Good,0.0,1.0,0.0
P04136,Excellent,0.0,0.0,1.0
P04137,Excellent,0.0,0.0,1.0
P04138,Good,0.0,1.0,0.0
P04139,Good,0.0,1.0,0.0
P04140,Average,1.0,0.0,0.0
P04141,Excellent,0.0,0.0,1.0
P04142,Excellent,0.0,0.0,1.0
P04143,Excellent,0.0,0.0,1.0
P04144,Average,1.0,0.0,0.0
P04145,Average,1.0,0.0,0.0
P04146,Good,0.0,1.0,0.0
P04147,Excellent,0.0,0.0,1.0
P04148,Good,0.0,1.0,0.0
P04149,Good,0.0,1.0,0.0
P04150,Excellent,0.0,0.0,1.0
P04151,Average,1.0,0.0,0.0
P04152,Good,0.0,1.0,0.0
P04153,Excellent,0.0,0.0,1.0
P04154,Good,0.0,1.0,0.0
P04155,Good,0.0,1.0,0.0
P04156,Good,0.0,1.0,0.0
P04157,Excellent,0.0,0.0,1.0
P04158,Good,0.0,1.0,0.0
P04159,Excellent,0.0,0.0,1.0
P04160,Good,0.0,1.0,0.0
P04161,Good,0.0,1.0,0.0
P04162,Excellent,0.0,0.0,1.0
P04163,Excellent,0.0,0.0,1.0
P04164,Excellent,0.0,0.0,1.0
P04165,Excellent,0.0,0.0,1.0
P04166,Excellent,0.0,0.0,1.0
P04167,Good,0.0,1.0,0.0
P04168,Good,0.0,1.0,0.0
P04169,Good,0.0,1.0,0.0
P04170,Excellent,0.0,0.0,1.0
P04171,Excellent,0.0,0.0,1.0
P04172,Good,0.0,1.0,0.0
P04173,Good,0.0,1.0,0.0
P04174,Excellent,0.0,0.0,1.0
P04175,Excellent,0.0,0.0,1.0
P04176,Average,1.0,0.0,0.0
P04177,Excellent,0.0,0.0,1.0
P04178,Excellent,0.0,0.0,1.0
P04179,Good,0.0,1.0,0.0
P04180,Average,1.0,0.0,0.0
P04181,Average,1.0,0.0,0.0
P04182,Average,1.0,0.0,0.0
P04183,Average,1.0,0.0,0.0
P04184,Good,0.0,1.0,0.0
P04185,Good,0.0,1.0,0.0
P04186,Good,0.0,1.0,0.0
P04187,Excellent,0.0,0.0,1.0
P04188,Good,0.0,1.0,0.0
P04189,Excellent,0.0,0.0,1.0
P04190,Average,1.0,0.0,0.0
P04191,Excellent,0.0,0.0,1.0
P04192,Excellent,0.0,0.0,1.0
P04193,Excellent,0.0,0.0,1.0
P04194,Average,1.0,0.0,0.0
P04195,Good,0.0,1.0,0.0
P04196,Good,0.0,1.0,0.0
P04197,Good,0.0,1.0,0.0
P04198,Excellent,0.0,0.0,1.0
P04199,Excellent,0.0,0.0,1.0
P04200,Average,1.0,0.0,0.0
P04201,Good,0.0,1.0,0.0
P04202,Excellent,0.0,0.0,1.0
P04203,Excellent,0.0,0.0,1.0
P04204,Good,0.0,1.0,0.0
P04205,Excellent,0.0,0.0,1.0
P04206,Good,0.0,1.0,0.0
P04207,Good,0.0,1.0,0.0
P04208,Average,1.0,0.0,0.0
P04209,Good,0.0,1.0,0.0
P04210,Excellent,0.0,0.0,1.0
P04211,Excellent,0.0,0.0,1.0
P04212,Good,0.0,1.0,0.0
P04213,Excellent,0.0,0.0,1.0
P04214,Excellent,0.0,0.0,1.0
P04215,Good,0.0,1.0,0.0
P04216,Average,1.0,0.0,0.0
P04217,Excellent,0.0,0.0,1.0
P04218,Good,0.0,1.0,0.0
P04219,Excellent,0.0,0.0,1.0
P04220,Good,0.0,1.0,0.0
P04221,Average,1.0,0.0,0.0
P04222,Good,0.0,1.0,0.0
P04223,Average,1.0,0.0,0.0
P04224,Good,0.0,1.0,0.0
P04225,Average,1.0,0.0,0.0
P04226,Good,0.0,1.0,0.0
P04227,Average,1.0,0.0,0.0
P04228,Good,0.0,1.0,0.0
P04229,Good,0.0,1.0,0.0
P04230,Excellent,0.0,0.0,1.0
P04231,Average,1.0,0.0,0.0
P04232,Excellent,0.0,0.0,1.0
P04233,Good,0.0,1.0,0.0
P04234,Good,0.0,1.0,0.0
P04235,Excellent,0.0,0.0,1.0
P04236,Excellent,0.0,0.0,1.0
P04237,Average,1.0,0.0,0.0
P04238,Excellent,0.0,0.0,1.0
P04239,Good,0.0,1.0,0.0
P04240,Excellent,0.0,0.0,1.0
P04241,Good,0.0,1.0,0.0
P04242,Excellent,0.0,0.0,1.0
P04243,Excellent,0.0,0.0,1.0
P04244,Good,0.0,1.0,0.0
P04245,Good,0.0,1.0,0.0
P04246,Excellent,0.0,0.0,1.0
P04247,Good,0.0,1.0,0.0
P04248,Average,1.0,0.0,0.0
P04249,Average,1.0,0.0,0.0
P04250,Excellent,0.0,0.0,1.0
P04251,Average,1.0,0.0,0.0
P04252,Good,0.0,1.0,0.0
P04253,Good,0.0,1.0,0.0
P04254,Good,0.0,1.0,0.0
P04255,Excellent,0.0,0.0,1.0
P04256,Good,0.0,1.0,0.0
P04257,Good,0.0,1.0,0.0
P04258,Good,0.0,1.0,0.0
P04259,Excellent,0.0,0.0,1.0
P04260,Excellent,0.0,0.0,1.0
P04261,Good,0.0,1.0,0.0
P04262,Excellent,0.0,0.0,1.0
P04263,Excellent,0.0,0.0,1.0
P04264,Good,0.0,1.0,0.0
P04265,Average,1.0,0.0,0.0
P04266,Good,0.0,1.0,0.0
P04267,Good,0.0,1.0,0.0
P04268,Excellent,0.0,0.0,1.0
P04269,Excellent,0.0,0.0,1.0
P04270,Excellent,0.0,0.0,1.0
P04271,Excellent,0.0,0.0,1.0
P04272,Average,1.0,0.0,0.0
P04273,Good,0.0,1.0,0.0
P04274,Average,1.0,0.0,0.0
P04275,Average,1.0,0.0,0.0
P04276,Good,0.0,1.0,0.0
P04277,Excellent,0.0,0.0,1.0
P04278,Excellent,0.0,0.0,1.0
P04279,Good,0.0,1.0,0.0
P04280,Average,1.0,0.0,0.0
P04281,Good,0.0,1.0,0.0
P04282,Good,0.0,1.0,0.0
P04283,Good,0.0,1.0,0.0
P04284,Excellent,0.0,0.0,1.0
P04285,Good,0.0,1.0,0.0
P04286,Good,0.0,1.0,0.0
P04287,Excellent,0.0,0.0,1.0
P04288,Good,0.0,1.0,0.0
P04289,Excellent,0.0,0.0,1.0
P04290,Average,1.0,0.0,0.0
P04291,Average,1.0,0.0,0.0
P04292,Average,1.0,0.0,0.0
P04293,Average,1.0,0.0,0.0
P04294,Good,0.0,1.0,0.0
P04295,Average,1.0,0.0,0.0
P04296,Good,0.0,1.0,0.0
P04297,Good,0.0,1.0,0.0
P04298,Good,0.0,1.0,0.0
P04299,Excellent,0.0,0.0,1.0
P04300,Good,0.0,1.0,0.0
P04301,Excellent,0.0,0.0,1.0
P04302,Good,0.0,1.0,0.0
P04303,Average,1.0,0.0,0.0
P04304,Good,0.0,1.0,0.0
P04305,Average,1.0,0.0,0.0
P04306,Good,0.0,1.0,0.0
P04307,Average,1.0,0.0,0.0
P04308,Excellent,0.0,0.0,1.0
P04309,Good,0.0,1.0,0.0
P04310,Good,0.0,1.0,0.0
P04311,Average,1.0,0.0,0.0
P04312,Average,1.0,0.0,0.0
P04313,Average,1.0,0.0,0.0
P04314,Good,0.0,1.0,0.0
P04315,Excellent,0.0,0.0,1.0
P04316,Good,0.0,1.0,0.0
P04317,Average,1.0,0.0,0.0
P04318,Good,0.0,1.0,0.0
P04319,Average,1.0,0.0,0.0
P04320,Excellent,0.0,0.0,1.0
P04321,Good,0.0,1.0,0.0
P04322,Average,1.0,0.0,0.0
P04323,Average,1.0,0.0,0.0
P04324,Good,0.0,1.0,0.0
P04325,Excellent,0.0,0.0,1.0
P04326,Average,1.0,0.0,0.0
P04327,Good,0.0,1.0,0.0
P04328,Good,0.0,1.0,0.0
P04329,Good,0.0,1.0,0.0
P04330,Good,0.0,1.0,0.0
P04331,Average,1.0,0.0,0.0
P04332,Good,0.0,1.0,0.0
P04333,Average,1.0,0.0,0.0
P04334,Good,0.0,1.0,0.0
P04335,Good,0.0,1.0,0.0
P04336,Average,1.0,0.0,0.0
P04337,Excellent,0.0,0.0,1.0
P04338,Average,1.0,0.0,0.0
P04339,Excellent,0.0,0.0,1.0
P04340,Good,0.0,1.0,0.0
P04341,Good,0.0,1.0,0.0
P04342,Good,0.0,1.0,0.0
P04343,Excellent,0.0,0.0,1.0
P04344,Good,0.0,1.0,0.0
P04345,Good,0.0,1.0,0.0
P04346,Excellent,0.0,0.0,1.0
P04347,Good,0.0,1.0,0.0
P04348,Good,0.0,1.0,0.0
P04349,Good,0.0,1.0,0.0
P04350,Good,0.0,1.0,0.0
P04351,Average,1.0,0.0,0.0
P04352,Good,0.0,1.0,0.0
P04353,Average,1.0,0.0,0.0
P04354,Good,0.0,1.0,0.0
P04355,Good,0.0,1.0,0.0
P04356,Excellent,0.0,0.0,1.0
P04357,Good,0.0,1.0,0.0
P04358,Average,1.0,0.0,0.0
P04359,Excellent,0.0,0.0,1.0
P04360,Excellent,0.0,0.0,1.0
P04361,Excellent,0.0,0.0,1.0
P04362,Good,0.0,1.0,0.0
P04363,Excellent,0.0,0.0,1.0
P04364,Good,0.0,1.0,0.0
P04365,Average,1.0,0.0,0.0
P04366,Average,1.0,0.0,0.0
P04367,Good,0.0,1.0,0.0
P04368,Good,0.0,1.0,0.0
P04369,Good,0.0,1.0,0.0
P04370,Good,0.0,1.0,0.0
P04371,Good,0.0,1.0,0.0
P04372,Good,0.0,1.0,0.0
P04373,Good,0.0,1.0,0.0
P04374,Good,0.0,1.0,0.0
P04375,Excellent,0.0,0.0,1.0
P04376,Good,0.0,1.0,0.0
P04377,Good,0.0,1.0,0.0
P04378,Good,0.0,1.0,0.0
P04379,Excellent,0.0,0.0,1.0
P04380,Average,1.0,0.0,0.0
P04381,Excellent,0.0,0.0,1.0
P04382,Average,1.0,0.0,0.0
P04383,Average,1.0,0.0,0.0
P04384,Good,0.0,1.0,0.0
P04385,Good,0.0,1.0,0.0
P04386,Good,0.0,1.0,0.0
P04387,Good,0.0,1.0,0.0
P04388,Good,0.0,1.0,0.0
P04389,Average,1.0,0.0,0.0
P04390,Average,1.0,0.0,0.0
P04391,Excellent,0.0,0.0,1.0
P04392,Excellent,0.0,0.0,1.0
P04393,Good,0.0,1.0,0.0
P04394,Good,0.0,1.0,0.0
P04395,Good,0.0,1.0,0.0
P04396,Excellent,0.0,0.0,1.0
P04397,Good,0.0,1.0,0.0
P04398,Average,1.0,0.0,0.0
P04399,Good,0.0,1.0,0.0
P04400,Good,0.0,1.0,0.0
P04401,Good,0.0,1.0,0.0
P04402,Average,1.0,0.0,0.0
P04403,Average,1.0,0.0,0.0
P04404,Good,0.0,1.0,0.0
P04405,Excellent,0.0,0.0,1.0
P04406,Excellent,0.0,0.0,1.0
P04407,Good,0.0,1.0,0.0
P04408,Good,0.0,1.0,0.0
P04409,Excellent,0.0,0.0,1.0
P04410,Good,0.0,1.0,0.0
P04411,Good,0.0,1.0,0.0
P04412,Average,1.0,0.0,0.0
P04413,Good,0.0,1.0,0.0
P04414,Good,0.0,1.0,0.0
P04415,Excellent,0.0,0.0,1.0
P04416,Excellent,0.0,0.0,1.0
P04417,Good,0.0,1.0,0.0
P04418,Excellent,0.0,0.0,1.0
P04419,Excellent,0.0,0.0,1.0
P04420,Good,0.0,1.0,0.0
P04421,Excellent,0.0,0.0,1.0
P04422,Good,0.0,1.0,0.0
P04423,Good,0.0,1.0,0.0
P04424,Excellent,0.0,0.0,1.0
P04425,Good,0.0,1.0,0.0
P04426,Good,0.0,1.0,0.0
P04427,Good,0.0,1.0,0.0
P04428,Average,1.0,0.0,0.0
P04429,Good,0.0,1.0,0.0
P04430,Good,0.0,1.0,0.0
P04431,Excellent,0.0,0.0,1.0
P04432,Excellent,0.0,0.0,1.0
P04433,Good,0.0,1.0,0.0
P04434,Good,0.0,1.0,0.0
P04435,Good,0.0,1.0,0.0
P04436,Excellent,0.0,0.0,1.0
P04437,Average,1.0,0.0,0.0
P04438,Excellent,0.0,0.0,1.0
P04439,Excellent,0.0,0.0,1.0
P04440,Average,1.0,0.0,0.0
P04441,Good,0.0,1.0,0.0
P04442,Average,1.0,0.0,0.0
P04443,Average,1.0,0.0,0.0
P04444,Average,1.0,0.0,0.0
P04445,Average,1.0,0.0,0.0
P04446,Average,1.0,0.0,0.0
P04447,Average,1.0,0.0,0.0
P04448,Excellent,0.0,0.0,1.0
P04449,Good,0.0,1.0,0.0
P04450,Good,0.0,1.0,0.0
P04451,Average,1.0,0.0,0.0
P04452,Excellent,0.0,0.0,1.0
P04453,Average,1.0,0.0,0.0
P04454,Excellent,0.0,0.0,1.0
P04455,Good,0.0,1.0,0.0
P04456,Excellent,0.0,0.0,1.0
P04457,Good,0.0,1.0,0.0
P04458,Good,0.0,1.0,0.0
P04459,Good,0.0,1.0,0.0
P04460,Good,0.0,1.0,0.0
P04461,Good,0.0,1.0,0.0
P04462,Average,1.0,0.0,0.0
P04463,Good,0.0,1.0,0.0
P04464,Excellent,0.0,0.0,1.0
P04465,Excellent,0.0,0.0,1.0
P04466,Excellent,0.0,0.0,1.0
P04467,Excellent,0.0,0.0,1.0
P04468,Average,1.0,0.0,0.0
P04469,Good,0.0,1.0,0.0
P04470,Excellent,0.0,0.0,1.0
P04471,Average,1.0,0.0,0.0
P04472,Average,1.0,0.0,0.0
P04473,Average,1.0,0.0,0.0
P04474,Good,0.0,1.0,0.0
P04475,Average,1.0,0.0,0.0
P04476,Good,0.0,1.0,0.0
P04477,Good,0.0,1.0,0.0
P04478,Good,0.0,1.0,0.0
P04479,Average,1.0,0.0,0.0
P04480,Excellent,0.0,0.0,1.0
P04481,Good,0.0,1.0,0.0
P04482,Average,1.0,0.0,0.0
P04483,Average,1.0,0.0,0.0
P04484,Good,0.0,1.0,0.0
P04485,Average,1.0,0.0,0.0
P04486,Excellent,0.0,0.0,1.0
P04487,Good,0.0,1.0,0.0
P04488,Average,1.0,0.0,0.0
P04489,Excellent,0.0,0.0,1.0
P04490,Good,0.0,1.0,0.0
P04491,Average,1.0,0.0,0.0
P04492,Average,1.0,0.0,0.0
P04493,Good,0.0,1.0,0.0
P04494,Good,0.0,1.0,0.0
P04495,Excellent,0.0,0.0,1.0
P04496,Good,0.0,1.0,0.0
P04497,Average,1.0,0.0,0.0
P04498,Good,0.0,1.0,0.0
P04499,Excellent,0.0,0.0,1.0
P04500,Average,1.0,0.0,0.0
P04501,Average,1.0,0.0,0.0
P04502,Good,0.0,1.0,0.0
P04503,Good,0.0,1.0,0.0
P04504,Excellent,0.0,0.0,1.0
P04505,Excellent,0.0,0.0,1.0
P04506,Average,1.0,0.0,0.0
P04507,Excellent,0.0,0.0,1.0
P04508,Excellent,0.0,0.0,1.0
P04509,Good,0.0,1.0,0.0
P04510,Excellent,0.0,0.0,1.0
P04511,Average,1.0,0.0,0.0
P04512,Average,1.0,0.0,0.0
P04513,Good,0.0,1.0,0.0
P04514,Good,0.0,1.0,0.0
P04515,Good,0.0,1.0,0.0
P04516,Excellent,0.0,0.0,1.0
P04517,Good,0.0,1.0,0.0
P04518,Average,1.0,0.0,0.0
P04519,Good,0.0,1.0,0.0
P04520,Excellent,0.0,0.0,1.0
P04521,Average,1.0,0.0,0.0
P04522,Good,0.0,1.0,0.0
P04523,Good,0.0,1.0,0.0
P04524,Good,0.0,1.0,0.0
P04525,Excellent,0.0,0.0,1.0
P04526,Good,0.0,1.0,0.0
P04527,Good,0.0,1.0,0.0
P04528,Good,0.0,1.0,0.0
P04529,Good,0.0,1.0,0.0
P04530,Good,0.0,1.0,0.0
P04531,Average,1.0,0.0,0.0
P04532,Excellent,0.0,0.0,1.0
P04533,Excellent,0.0,0.0,1.0
P04534,Excellent,0.0,0.0,1.0
P04535,Excellent,0.0,0.0,1.0
P04536,Good,0.0,1.0,0.0
P04537,Excellent,0.0,0.0,1.0
P04538,Good,0.0,1.0,0.0
P04539,Good,0.0,1.0,0.0
P04540,Good,0.0,1.0,0.0
P04541,Good,0.0,1.0,0.0
P04542,Average,1.0,0.0,0.0
P04543,Good,0.0,1.0,0.0
P04544,Average,1.0,0.0,0.0
P04545,Good,0.0,1.0,0.0
P04546,Excellent,0.0,0.0,1.0
P04547,Excellent,0.0,0.0,1.0
P04548,Good,0.0,1.0,0.0
P04549,Good,0.0,1.0,0.0
P04550,Average,1.0,0.0,0.0
P04551,Excellent,0.0,0.0,1.0
P04552,Excellent,0.0,0.0,1.0
P04553,Excellent,0.0,0.0,1.0
P04554,Excellent,0.0,0.0,1.0
P04555,Excellent,0.0,0.0,1.0
P04556,Excellent,0.0,0.0,1.0
P04557,Excellent,0.0,0.0,1.0
P04558,Good,0.0,1.0,0.0
P04559,Good,0.0,1.0,0.0
P04560,Good,0.0,1.0,0.0
P04561,Good,0.0,1.0,0.0
P04562,Average,1.0,0.0,0.0
P04563,Average,1.0,0.0,0.0
P04564,Excellent,0.0,0.0,1.0
P04565,Excellent,0.0,0.0,1.0
P04566,Average,1.0,0.0,0.0
P04567,Excellent,0.0,0.0,1.0
P04568,Good,0.0,1.0,0.0
P04569,Excellent,0.0,0.0,1.0
P04570,Good,0.0,1.0,0.0
P04571,Good,0.0,1.0,0.0
P04572,Good,0.0,1.0,0.0
P04573,Good,0.0,1.0,0.0
P04574,Excellent,0.0,0.0,1.0
P04575,Good,0.0,1.0,0.0
P04576,Average,1.0,0.0,0.0
P04577,Excellent,0.0,0.0,1.0
P04578,Average,1.0,0.0,0.0
P04579,Good,0.0,1.0,0.0
P04580,Good,0.0,1.0,0.0
P04581,Good,0.0,1.0,0.0
P04582,Good,0.0,1.0,0.0
P04583,Good,0.0,1.0,0.0
P04584,Excellent,0.0,0.0,1.0
P04585,Excellent,0.0,0.0,1.0
P04586,Excellent,0.0,0.0,1.0
P04587,Excellent,0.0,0.0,1.0
P04588,Excellent,0.0,0.0,1.0
P04589,Good,0.0,1.0,0.0
P04590,Good,0.0,1.0,0.0
P04591,Good,0.0,1.0,0.0
P04592,Good,0.0,1.0,0.0
P04593,Excellent,0.0,0.0,1.0
P04594,Good,0.0,1.0,0.0
P04595,Average,1.0,0.0,0.0
P04596,Good,0.0,1.0,0.0
P04597,Excellent,0.0,0.0,1.0
P04598,Average,1.0,0.0,0.0
P04599,Good,0.0,1.0,0.0
P04600,Average,1.0,0.0,0.0
P04601,Good,0.0,1.0,0.0
P04602,Good,0.0,1.0,0.0
P04603,Good,0.0,1.0,0.0
P04604,Excellent,0.0,0.0,1.0
P04605,Excellent,0.0,0.0,1.0
P04606,Good,0.0,1.0,0.0
P04607,Good,0.0,1.0,0.0
P04608,Good,0.0,1.0,0.0
P04609,Average,1.0,0.0,0.0
P04610,Excellent,0.0,0.0,1.0
P04611,Good,0.0,1.0,0.0
P04612,Good,0.0,1.0,0.0
P04613,Average,1.0,0.0,0.0
P04614,Excellent,0.0,0.0,1.0
P04615,Good,0.0,1.0,0.0
P04616,Good,0.0,1.0,0.0
P04617,Good,0.0,1.0,0.0
P04618,Good,0.0,1.0,0.0
P04619,Average,1.0,0.0,0.0
P04620,Average,1.0,0.0,0.0
P04621,Average,1.0,0.0,0.0
P04622,Good,0.0,1.0,0.0
P04623,Good,0.0,1.0,0.0
P04624,Good,0.0,1.0,0.0
P04625,Excellent,0.0,0.0,1.0
P04626,Good,0.0,1.0,0.0
P04627,Excellent,0.0,0.0,1.0
P04628,Average,1.0,0.0,0.0
P04629,Good,0.0,1.0,0.0
P04630,Good,0.0,1.0,0.0
P04631,Good,0.0,1.0,0.0
P04632,Average,1.0,0.0,0.0
P04633,Good,0.0,1.0,0.0
P04634,Excellent,0.0,0.0,1.0
P04635,Average,1.0,0.0,0.0
P04636,Excellent,0.0,0.0,1.0
P04637,Good,0.0,1.0,0.0
P04638,Good,0.0,1.0,0.0
P04639,Good,0.0,1.0,0.0
P04640,Average,1.0,0.0,0.0
P04641,Good,0.0,1.0,0.0
P04642,Excellent,0.0,0.0,1.0
P04643,Average,1.0,0.0,0.0
P04644,Average,1.0,0.0,0.0
P04645,Good,0.0,1.0,0.0
P04646,Good,0.0,1.0,0.0
P04647,Average,1.0,0.0,0.0
P04648,Good,0.0,1.0,0.0
P04649,Excellent,0.0,0.0,1.0
P04650,Good,0.0,1.0,0.0
P04651,Average,1.0,0.0,0.0
P04652,Excellent,0.0,0.0,1.0
P04653,Good,0.0,1.0,0.0
P04654,Excellent,0.0,0.0,1.0
P04655,Excellent,0.0,0.0,1.0
P04656,Average,1.0,0.0,0.0
P04657,Average,1.0,0.0,0.0
P04658,Excellent,0.0,0.0,1.0
P04659,Good,0.0,1.0,0.0
P04660,Average,1.0,0.0,0.0
P04661,Good,0.0,1.0,0.0
P04662,Excellent,0.0,0.0,1.0
P04663,Average,1.0,0.0,0.0
P04664,Excellent,0.0,0.0,1.0
P04665,Excellent,0.0,0.0,1.0
P04666,Good,0.0,1.0,0.0
P04667,Excellent,0.0,0.0,1.0
P04668,Good,0.0,1.0,0.0
P04669,Good,0.0,1.0,0.0
P04670,Good,0.0,1.0,0.0
P04671,Average,1.0,0.0,0.0
P04672,Excellent,0.0,0.0,1.0
P04673,Average,1.0,0.0,0.0
P04674,Excellent,0.0,0.0,1.0
P04675,Excellent,0.0,0.0,1.0
P04676,Excellent,0.0,0.0,1.0
P04677,Average,1.0,0.0,0.0
P04678,Average,1.0,0.0,0.0
P04679,Good,0.0,1.0,0.0
P04680,Excellent,0.0,0.0,1.0
P04681,Good,0.0,1.0,0.0
P04682,Average,1.0,0.0,0.0
P04683,Good,0.0,1.0,0.0
P04684,Excellent,0.0,0.0,1.0
P04685,Average,1.0,0.0,0.0
P04686,Average,1.0,0.0,0.0
P04687,Excellent,0.0,0.0,1.0
P04688,Good,0.0,1.0,0.0
P04689,Good,0.0,1.0,0.0
P04690,Average,1.0,0.0,0.0
P04691,Average,1.0,0.0,0.0
P04692,Excellent,0.0,0.0,1.0
P04693,Average,1.0,0.0,0.0
P04694,Good,0.0,1.0,0.0
P04695,Good,0.0,1.0,0.0
P04696,Excellent,0.0,0.0,1.0
P04697,Excellent,0.0,0.0,1.0
P04698,Excellent,0.0,0.0,1.0
P04699,Average,1.0,0.0,0.0
P04700,Good,0.0,1.0,0.0
P04701,Good,0.0,1.0,0.0
P04702,Excellent,0.0,0.0,1.0
P04703,Average,1.0,0.0,0.0
P04704,Good,0.0,1.0,0.0
P04705,Excellent,0.0,0.0,1.0
P04706,Good,0.0,1.0,0.0
P04707,Excellent,0.0,0.0,1.0
P04708,Good,0.0,1.0,0.0
P04709,Good,0.0,1.0,0.0
P04710,Average,1.0,0.0,0.0
P04711,Excellent,0.0,0.0,1.0
P04712,Average,1.0,0.0,0.0
P04713,Excellent,0.0,0.0,1.0
P04714,Excellent,0.0,0.0,1.0
P04715,Excellent,0.0,0.0,1.0
P04716,Good,0.0,1.0,0.0
P04717,Excellent,0.0,0.0,1.0
P04718,Average,1.0,0.0,0.0
P04719,Good,0.0,1.0,0.0
P04720,Good,0.0,1.0,0.0
P04721,Good,0.0,1.0,0.0
P04722,Good,0.0,1.0,0.0
P04723,Good,0.0,1.0,0.0
P04724,Average,1.0,0.0,0.0
P04725,Average,1.0,0.0,0.0
P04726,Good,0.0,1.0,0.0
P04727,Good,0.0,1.0,0.0
P04728,Average,1.0,0.0,0.0
P04729,Good,0.0,1.0,0.0
P04730,Good,0.0,1.0,0.0
P04731,Average,1.0,0.0,0.0
P04732,Excellent,0.0,0.0,1.0
P04733,Good,0.0,1.0,0.0
P04734,Average,1.0,0.0,0.0
P04735,Average,1.0,0.0,0.0
P04736,Excellent,0.0,0.0,1.0
P04737,Excellent,0.0,0.0,1.0
P04738,Excellent,0.0,0.0,1.0
P04739,Good,0.0,1.0,0.0
P04740,Excellent,0.0,0.0,1.0
P04741,Good,0.0,1.0,0.0
P04742,Good,0.0,1.0,0.0
P04743,Excellent,0.0,0.0,1.0
P04744,Good,0.0,1.0,0.0
P04745,Good,0.0,1.0,0.0
P04746,Average,1.0,0.0,0.0
P04747,Average,1.0,0.0,0.0
P04748,Good,0.0,1.0,0.0
P04749,Excellent,0.0,0.0,1.0
P04750,Excellent,0.0,0.0,1.0
P04751,Excellent,0.0,0.0,1.0
P04752,Excellent,0.0,0.0,1.0
P04753,Excellent,0.0,0.0,1.0
P04754,Excellent,0.0,0.0,1.0
P04755,Good,0.0,1.0,0.0
P04756,Average,1.0,0.0,0.0
P04757,Good,0.0,1.0,0.0
P04758,Good,0.0,1.0,0.0
P04759,Good,0.0,1.0,0.0
P04760,Good,0.0,1.0,0.0
P04761,Average,1.0,0.0,0.0
P04762,Excellent,0.0,0.0,1.0
P04763,Excellent,0.0,0.0,1.0
P04764,Excellent,0.0,0.0,1.0
P04765,Excellent,0.0,0.0,1.0
P04766,Excellent,0.0,0.0,1.0
P04767,Average,1.0,0.0,0.0
P04768,Average,1.0,0.0,0.0
P04769,Excellent,0.0,0.0,1.0
P04770,Good,0.0,1.0,0.0
P04771,Good,0.0,1.0,0.0
P04772,Good,0.0,1.0,0.0
P04773,Good,0.0,1.0,0.0
P04774,Average,1.0,0.0,0.0
P04775,Excellent,0.0,0.0,1.0
P04776,Average,1.0,0.0,0.0
P04777,Good,0.0,1.0,0.0
P04778,Average,1.0,0.0,0.0
P04779,Good,0.0,1.0,0.0
P04780,Good,0.0,1.0,0.0
P04781,Average,1.0,0.0,0.0
P04782,Average,1.0,0.0,0.0
P04783,Good,0.0,1.0,0.0
P04784,Excellent,0.0,0.0,1.0
P04785,Excellent,0.0,0.0,1.0
P04786,Excellent,0.0,0.0,1.0
P04787,Excellent,0.0,0.0,1.0
P04788,Excellent,0.0,0.0,1.0
P04789,Good,0.0,1.0,0.0
P04790,Average,1.0,0.0,0.0
P04791,Excellent,0.0,0.0,1.0
P04792,Average,1.0,0.0,0.0
P04793,Good,0.0,1.0,0.0
P04794,Excellent,0.0,0.0,1.0
P04795,Excellent,0.0,0.0,1.0
P04796,Average,1.0,0.0,0.0
P04797,Average,1.0,0.0,0.0
P04798,Average,1.0,0.0,0.0
P04799,Excellent,0.0,0.0,1.0
P04800,Average,1.0,0.0,0.0
P04801,Average,1.0,0.0,0.0
P04802,Excellent,0.0,0.0,1.0
P04803,Excellent,0.0,0.0,1.0
P04804,Excellent,0.0,0.0,1.0
P04805,Good,0.0,1.0,0.0
P04806,Good,0.0,1.0,0.0
P04807,Good,0.0,1.0,0.0
P04808,Good,0.0,1.0,0.0
P04809,Average,1.0,0.0,0.0
P04810,Good,0.0,1.0,0.0
P04811,Excellent,0.0,0.0,1.0
P04812,Excellent,0.0,0.0,1.0
P04813,Good,0.0,1.0,0.0
P04814,Excellent,0.0,0.0,1.0
P04815,Excellent,0.0,0.0,1.0
P04816,Average,1.0,0.0,0.0
P04817,Good,0.0,1.0,0.0
P04818,Good,0.0,1.0,0.0
P04819,Average,1.0,0.0,0.0
P04820,Average,1.0,0.0,0.0
P04821,Excellent,0.0,0.0,1.0
P04822,Good,0.0,1.0,0.0
P04823,Excellent,0.0,0.0,1.0
P04824,Good,0.0,1.0,0.0
P04825,Excellent,0.0,0.0,1.0
P04826,Good,0.0,1.0,0.0
P04827,Excellent,0.0,0.0,1.0
P04828,Average,1.0,0.0,0.0
P04829,Good,0.0,1.0,0.0
P04830,Average,1.0,0.0,0.0
P04831,Average,1.0,0.0,0.0
P04832,Excellent,0.0,0.0,1.0
P04833,Average,1.0,0.0,0.0
P04834,Good,0.0,1.0,0.0
P04835,Average,1.0,0.0,0.0
P04836,Excellent,0.0,0.0,1.0
P04837,Excellent,0.0,0.0,1.0
P04838,Good,0.0,1.0,0.0
P04839,Average,1.0,0.0,0.0
P04840,Average,1.0,0.0,0.0
P04841,Excellent,0.0,0.0,1.0
P04842,Average,1.0,0.0,0.0
P04843,Good,0.0,1.0,0.0
P04844,Excellent,0.0,0.0,1.0
P04845,Excellent,0.0,0.0,1.0
P04846,Average,1.0,0.0,0.0
P04847,Excellent,0.0,0.0,1.0
P04848,Excellent,0.0,0.0,1.0
P04849,Excellent,0.0,0.0,1.0
P04850,Average,1.0,0.0,0.0
P04851,Good,0.0,1.0,0.0
P04852,Excellent,0.0,0.0,1.0
P04853,Average,1.0,0.0,0.0
P04854,Average,1.0,0.0,0.0
P04855,Good,0.0,1.0,0.0
P04856,Excellent,0.0,0.0,1.0
P04857,Good,0.0,1.0,0.0
P04858,Excellent,0.0,0.0,1.0
P04859,Good,0.0,1.0,0.0
P04860,Good,0.0,1.0,0.0
P04861,Excellent,0.0,0.0,1.0
P04862,Good,0.0,1.0,0.0
P04863,Good,0.0,1.0,0.0
P04864,Good,0.0,1.0,0.0
P04865,Good,0.0,1.0,0.0
P04866,Average,1.0,0.0,0.0
P04867,Excellent,0.0,0.0,1.0
P04868,Good,0.0,1.0,0.0
P04869,Good,0.0,1.0,0.0
P04870,Good,0.0,1.0,0.0
P04871,Excellent,0.0,0.0,1.0
P04872,Good,0.0,1.0,0.0
P04873,Excellent,0.0,0.0,1.0
P04874,Good,0.0,1.0,0.0
P04875,Good,0.0,1.0,0.0
P04876,Average,1.0,0.0,0.0
P04877,Excellent,0.0,0.0,1.0
P04878,Excellent,0.0,0.0,1.0
P04879,Good,0.0,1.0,0.0
P04880,Good,0.0,1.0,0.0
P04881,Excellent,0.0,0.0,1.0
P04882,Good,0.0,1.0,0.0
P04883,Average,1.0,0.0,0.0
P04884,Average,1.0,0.0,0.0
P04885,Good,0.0,1.0,0.0
P04886,Good,0.0,1.0,0.0
P04887,Good,0.0,1.0,0.0
P04888,Good,0.0,1.0,0.0
P04889,Average,1.0,0.0,0.0
P04890,Average,1.0,0.0,0.0
P04891,Average,1.0,0.0,0.0
P04892,Average,1.0,0.0,0.0
P04893,Average,1.0,0.0,0.0
P04894,Average,1.0,0.0,0.0
P04895,Excellent,0.0,0.0,1.0
P04896,Average,1.0,0.0,0.0
P04897,Good,0.0,1.0,0.0
P04898,Average,1.0,0.0,0.0
P04899,Average,1.0,0.0,0.0
P04900,Good,0.0,1.0,0.0
P04901,Excellent,0.0,0.0,1.0
P04902,Average,1.0,0.0,0.0
P04903,Good,0.0,1.0,0.0
P04904,Good,0.0,1.0,0.0
P04905,Good,0.0,1.0,0.0
P04906,Excellent,0.0,0.0,1.0
P04907,Good,0.0,1.0,0.0
P04908,Average,1.0,0.0,0.0
P04909,Good,0.0,1.0,0.0
P04910,Excellent,0.0,0.0,1.0
P04911,Excellent,0.0,0.0,1.0
P04912,Excellent,0.0,0.0,1.0
P04913,Good,0.0,1.0,0.0
P04914,Excellent,0.0,0.0,1.0
P04915,Good,0.0,1.0,0.0
P04916,Good,0.0,1.0,0.0
P04917,Excellent,0.0,0.0,1.0
P04918,Good,0.0,1.0,0.0
P04919,Excellent,0.0,0.0,1.0
P04920,Excellent,0.0,0.0,1.0
P04921,Excellent,0.0,0.0,1.0
P04922,Excellent,0.0,0.0,1.0
P04923,Excellent,0.0,0.0,1.0
P04924,Excellent,0.0,0.0,1.0
P04925,Average,1.0,0.0,0.0
P04926,Good,0.0,1.0,0.0
P04927,Average,1.0,0.0,0.0
P04928,Good,0.0,1.0,0.0
P04929,Good,0.0,1.0,0.0
P04930,Good,0.0,1.0,0.0
P04931,Good,0.0,1.0,0.0
P04932,Average,1.0,0.0,0.0
P04933,Excellent,0.0,0.0,1.0
P04934,Excellent,0.0,0.0,1.0
P04935,Average,1.0,0.0,0.0
P04936,Good,0.0,1.0,0.0
P04937,Good,0.0,1.0,0.0
P04938,Average,1.0,0.0,0.0
P04939,Excellent,0.0,0.0,1.0
P04940,Good,0.0,1.0,0.0
P04941,Average,1.0,0.0,0.0
P04942,Good,0.0,1.0,0.0
P04943,Average,1.0,0.0,0.0
P04944,Good,0.0,1.0,0.0
P04945,Average,1.0,0.0,0.0
P04946,Good,0.0,1.0,0.0
P04947,Excellent,0.0,0.0,1.0
P04948,Excellent,0.0,0.0,1.0
P04949,Excellent,0.0,0.0,1.0
P04950,Excellent,0.0,0.0,1.0
P04951,Excellent,0.0,0.0,1.0
P04952,Good,0.0,1.0,0.0
P04953,Good,0.0,1.0,0.0
P04954,Average,1.0,0.0,0.0
P04955,Average,1.0,0.0,0.0
P04956,Average,1.0,0.0,0.0
P04957,Good,0.0,1.0,0.0
P04958,Excellent,0.0,0.0,1.0
P04959,Good,0.0,1.0,0.0
P04960,Excellent,0.0,0.0,1.0
P04961,Excellent,0.0,0.0,1.0
P04962,Good,0.0,1.0,0.0
P04963,Excellent,0.0,0.0,1.0
P04964,Average,1.0,0.0,0.0
P04965,Average,1.0,0.0,0.0
P04966,Average,1.0,0.0,0.0
P04967,Excellent,0.0,0.0,1.0
P04968,Average,1.0,0.0,0.0
P04969,Average,1.0,0.0,0.0
P04970,Excellent,0.0,0.0,1.0
P04971,Good,0.0,1.0,0.0
P04972,Average,1.0,0.0,0.0
P04973,Excellent,0.0,0.0,1.0
P04974,Average,1.0,0.0,0.0
P04975,Excellent,0.0,0.0,1.0
P04976,Average,1.0,0.0,0.0
P04977,Good,0.0,1.0,0.0
P04978,Average,1.0,0.0,0.0
P04979,Excellent,0.0,0.0,1.0
P04980,Excellent,0.0,0.0,1.0
P04981,Excellent,0.0,0.0,1.0
P04982,Excellent,0.0,0.0,1.0
P04983,Excellent,0.0,0.0,1.0
P04984,Excellent,0.0,0.0,1.0
P04985,Excellent,0.0,0.0,1.0
P04986,Excellent,0.0,0.0,1.0
P04987,Good,0.0,1.0,0.0
P04988,Excellent,0.0,0.0,1.0
P04989,Excellent,0.0,0.0,1.0
P04990,Excellent,0.0,0.0,1.0
P04991,Good,0.0,1.0,0.0
P04992,Average,1.0,0.0,0.0
P04993,Excellent,0.0,0.0,1.0
P04994,Good,0.0,1.0,0.0
P04995,Excellent,0.0,0.0,1.0
P04996,Excellent,0.0,0.0,1.0
P04997,Good,0.0,1.0,0.0
P04998,Average,1.0,0.0,0.0
P04999,Average,1.0,0.0,0.0
P05000,Good,0.0,1.0,0.0
P05001,Good,0.0,1.0,0.0
P05002,Excellent,0.0,0.0,1.0
P05003,Good,0.0,1.0,0.0
P05004,Good,0.0,1.0,0.0
P05005,Good,0.0,1.0,0.0
P05006,Good,0.0,1.0,0.0
P05007,Excellent,0.0,0.0,1.0
P05008,Average,1.0,0.0,0.0
P05009,Good,0.0,1.0,0.0
P05010,Excellent,0.0,0.0,1.0
P05011,Average,1.0,0.0,0.0
P05012,Good,0.0,1.0,0.0
P05013,Average,1.0,0.0,0.0
P05014,Average,1.0,0.0,0.0
P05015,Average,1.0,0.0,0.0
P05016,Good,0.0,1.0,0.0
P05017,Excellent,0.0,0.0,1.0
P05018,Average,1.0,0.0,0.0
P05019,Excellent,0.0,0.0,1.0
P05020,Average,1.0,0.0,0.0
P05021,Excellent,0.0,0.0,1.0
P05022,Good,0.0,1.0,0.0
P05023,Good,0.0,1.0,0.0
P05024,Good,0.0,1.0,0.0
P05025,Good,0.0,1.0,0.0
P05026,Good,0.0,1.0,0.0
P05027,Average,1.0,0.0,0.0
P05028,Excellent,0.0,0.0,1.0
P05029,Excellent,0.0,0.0,1.0
P05030,Good,0.0,1.0,0.0
P05031,Average,1.0,0.0,0.0
P05032,Excellent,0.0,0.0,1.0
P05033,Good,0.0,1.0,0.0
P05034,Good,0.0,1.0,0.0
P05035,Average,1.0,0.0,0.0
P05036,Average,1.0,0.0,0.0
P05037,Excellent,0.0,0.0,1.0
P05038,Good,0.0,1.0,0.0
P05039,Excellent,0.0,0.0,1.0
P05040,Excellent,0.0,0.0,1.0
P05041,Good,0.0,1.0,0.0
P05042,Excellent,0.0,0.0,1.0
P05043,Average,1.0,0.0,0.0
P05044,Average,1.0,0.0,0.0
P05045,Excellent,0.0,0.0,1.0
P05046,Good,0.0,1.0,0.0
P05047,Excellent,0.0,0.0,1.0
P05048,Good,0.0,1.0,0.0
P05049,Good,0.0,1.0,0.0
P05050,Good,0.0,1.0,0.0
P05051,Average,1.0,0.0,0.0
P05052,Excellent,0.0,0.0,1.0
P05053,Excellent,0.0,0.0,1.0
P05054,Excellent,0.0,0.0,1.0
P05055,Excellent,0.0,0.0,1.0
P05056,Good,0.0,1.0,0.0
P05057,Excellent,0.0,0.0,1.0
P05058,Average,1.0,0.0,0.0
P05059,Excellent,0.0,0.0,1.0
P05060,Good,0.0,1.0,0.0
P05061,Good,0.0,1.0,0.0
P05062,Average,1.0,0.0,0.0
P05063,Good,0.0,1.0,0.0
P05064,Good,0.0,1.0,0.0
P05065,Good,0.0,1.0,0.0
P05066,Good,0.0,1.0,0.0
P05067,Good,0.0,1.0,0.0
P05068,Good,0.0,1.0,0.0
P05069,Excellent,0.0,0.0,1.0
P05070,Excellent,0.0,0.0,1.0
P05071,Good,0.0,1.0,0.0
P05072,Excellent,0.0,0.0,1.0
P05073,Good,0.0,1.0,0.0
P05074,Average,1.0,0.0,0.0
P05075,Excellent,0.0,0.0,1.0
P05076,Good,0.0,1.0,0.0
P05077,Excellent,0.0,0.0,1.0
P05078,Good,0.0,1.0,0.0
P05079,Good,0.0,1.0,0.0
P05080,Good,0.0,1.0,0.0
P05081,Average,1.0,0.0,0.0
P05082,Good,0.0,1.0,0.0
P05083,Average,1.0,0.0,0.0
P05084,Excellent,0.0,0.0,1.0
P05085,Excellent,0.0,0.0,1.0
P05086,Excellent,0.0,0.0,1.0
P05087,Excellent,0.0,0.0,1.0
P05088,Excellent,0.0,0.0,1.0
P05089,Average,1.0,0.0,0.0
P05090,Excellent,0.0,0.0,1.0
P05091,Excellent,0.0,0.0,1.0
P05092,Good,0.0,1.0,0.0
P05093,Good,0.0,1.0,0.0
P05094,Average,1.0,0.0,0.0
P05095,Good,0.0,1.0,0.0
P05096,Average,1.0,0.0,0.0
P05097,Good,0.0,1.0,0.0
P05098,Good,0.0,1.0,0.0
P05099,Excellent,0.0,0.0,1.0
P05100,Average,1.0,0.0,0.0
P05101,Average,1.0,0.0,0.0
P05102,Good,0.0,1.0,0.0
P05103,Average,1.0,0.0,0.0
P05104,Good,0.0,1.0,0.0
P05105,Average,1.0,0.0,0.0
P05106,Average,1.0,0.0,0.0
P05107,Excellent,0.0,0.0,1.0
P05108,Good,0.0,1.0,0.0
P05109,Good,0.0,1.0,0.0
P05110,Excellent,0.0,0.0,1.0
P05111,Excellent,0.0,0.0,1.0
P05112,Excellent,0.0,0.0,1.0
P05113,Good,0.0,1.0,0.0
P05114,Average,1.0,0.0,0.0
P05115,Good,0.0,1.0,0.0
P05116,Average,1.0,0.0,0.0
P05117,Average,1.0,0.0,0.0
P05118,Good,0.0,1.0,0.0
P05119,Excellent,0.0,0.0,1.0
P05120,Excellent,0.0,0.0,1.0
P05121,Good,0.0,1.0,0.0
P05122,Good,0.0,1.0,0.0
P05123,Excellent,0.0,0.0,1.0
P05124,Good,0.0,1.0,0.0
P05125,Excellent,0.0,0.0,1.0
P05126,Good,0.0,1.0,0.0
P05127,Average,1.0,0.0,0.0
P05128,Good,0.0,1.0,0.0
P05129,Average,1.0,0.0,0.0
P05130,Average,1.0,0.0,0.0
P05131,Good,0.0,1.0,0.0
P05132,Good,0.0,1.0,0.0
P05133,Good,0.0,1.0,0.0
P05134,Good,0.0,1.0,0.0
P05135,Good,0.0,1.0,0.0
P05136,Good,0.0,1.0,0.0
P05137,Average,1.0,0.0,0.0
P05138,Average,1.0,0.0,0.0
P05139,Good,0.0,1.0,0.0
P05140,Excellent,0.0,0.0,1.0
P05141,Good,0.0,1.0,0.0
P05142,Average,1.0,0.0,0.0
P05143,Excellent,0.0,0.0,1.0
P05144,Average,1.0,0.0,0.0
P05145,Good,0.0,1.0,0.0
P05146,Excellent,0.0,0.0,1.0
P05147,Good,0.0,1.0,0.0
P05148,Excellent,0.0,0.0,1.0
P05149,Excellent,0.0,0.0,1.0
P05150,Good,0.0,1.0,0.0
P05151,Excellent,0.0,0.0,1.0
P05152,Good,0.0,1.0,0.0
P05153,Excellent,0.0,0.0,1.0
P05154,Good,0.0,1.0,0.0
P05155,Good,0.0,1.0,0.0
P05156,Good,0.0,1.0,0.0
P05157,Good,0.0,1.0,0.0
P05158,Excellent,0.0,0.0,1.0
P05159,Good,0.0,1.0,0.0
P05160,Good,0.0,1.0,0.0
P05161,Average,1.0,0.0,0.0
P05162,Good,0.0,1.0,0.0
P05163,Good,0.0,1.0,0.0
P05164,Good,0.0,1.0,0.0
P05165,Excellent,0.0,0.0,1.0
P05166,Good,0.0,1.0,0.0
P05167,Excellent,0.0,0.0,1.0
P05168,Good,0.0,1.0,0.0
P05169,Good,0.0,1.0,0.0
P05170,Average,1.0,0.0,0.0
P05171,Good,0.0,1.0,0.0
P05172,Excellent,0.0,0.0,1.0
P05173,Average,1.0,0.0,0.0
P05174,Good,0.0,1.0,0.0
P05175,Excellent,0.0,0.0,1.0
P05176,Average,1.0,0.0,0.0
P05177,Good,0.0,1.0,0.0
P05178,Good,0.0,1.0,0.0
P05179,Excellent,0.0,0.0,1.0
P05180,Good,0.0,1.0,0.0
P05181,Average,1.0,0.0,0.0
P05182,Good,0.0,1.0,0.0
P05183,Excellent,0.0,0.0,1.0
P05184,Excellent,0.0,0.0,1.0
P05185,Good,0.0,1.0,0.0
P05186,Good,0.0,1.0,0.0
P05187,Excellent,0.0,0.0,1.0
P05188,Excellent,0.0,0.0,1.0
P05189,Average,1.0,0.0,0.0
P05190,Excellent,0.0,0.0,1.0
P05191,Excellent,0.0,0.0,1.0
P05192,Good,0.0,1.0,0.0
P05193,Excellent,0.0,0.0,1.0
P05194,Good,0.0,1.0,0.0
P05195,Average,1.0,0.0,0.0
P05196,Excellent,0.0,0.0,1.0
P05197,Good,0.0,1.0,0.0
P05198,Excellent,0.0,0.0,1.0
P05199,Good,0.0,1.0,0.0
P05200,Excellent,0.0,0.0,1.0
P05201,Excellent,0.0,0.0,1.0
P05202,Good,0.0,1.0,0.0
P05203,Good,0.0,1.0,0.0
P05204,Average,1.0,0.0,0.0
P05205,Average,1.0,0.0,0.0
P05206,Good,0.0,1.0,0.0
P05207,Good,0.0,1.0,0.0
P05208,Average,1.0,0.0,0.0
P05209,Average,1.0,0.0,0.0
P05210,Good,0.0,1.0,0.0
P05211,Excellent,0.0,0.0,1.0
P05212,Excellent,0.0,0.0,1.0
P05213,Excellent,0.0,0.0,1.0
P05214,Excellent,0.0,0.0,1.0
P05215,Good,0.0,1.0,0.0
P05216,Average,1.0,0.0,0.0
P05217,Excellent,0.0,0.0,1.0
P05218,Average,1.0,0.0,0.0
P05219,Excellent,0.0,0.0,1.0
P05220,Excellent,0.0,0.0,1.0
P05221,Excellent,0.0,0.0,1.0
P05222,Good,0.0,1.0,0.0
P05223,Good,0.0,1.0,0.0
P05224,Excellent,0.0,0.0,1.0
P05225,Good,0.0,1.0,0.0
P05226,Good,0.0,1.0,0.0
P05227,Average,1.0,0.0,0.0
P05228,Good,0.0,1.0,0.0
P05229,Good,0.0,1.0,0.0
P05230,Average,1.0,0.0,0.0
P05231,Excellent,0.0,0.0,1.0
P05232,Good,0.0,1.0,0.0
P05233,Good,0.0,1.0,0.0
P05234,Excellent,0.0,0.0,1.0
P05235,Good,0.0,1.0,0.0
P05236,Good,0.0,1.0,0.0
P05237,Average,1.0,0.0,0.0
P05238,Good,0.0,1.0,0.0
P05239,Good,0.0,1.0,0.0
P05240,Excellent,0.0,0.0,1.0
P05241,Good,0.0,1.0,0.0
P05242,Excellent,0.0,0.0,1.0
P05243,Good,0.0,1.0,0.0
P05244,Excellent,0.0,0.0,1.0
P05245,Average,1.0,0.0,0.0
P05246,Good,0.0,1.0,0.0
P05247,Good,0.0,1.0,0.0
P05248,Good,0.0,1.0,0.0
P05249,Excellent,0.0,0.0,1.0
P05250,Excellent,0.0,0.0,1.0
P05251,Excellent,0.0,0.0,1.0
P05252,Excellent,0.0,0.0,1.0
P05253,Excellent,0.0,0.0,1.0
P05254,Average,1.0,0.0,0.0
P05255,Excellent,0.0,0.0,1.0
P05256,Good,0.0,1.0,0.0
P05257,Average,1.0,0.0,0.0
P05258,Good,0.0,1.0,0.0
P05259,Excellent,0.0,0.0,1.0
P05260,Good,0.0,1.0,0.0
P05261,Good,0.0,1.0,0.0
P05262,Average,1.0,0.0,0.0
P05263,Good,0.0,1.0,0.0
P05264,Excellent,0.0,0.0,1.0
P05265,Excellent,0.0,0.0,1.0
P05266,Good,0.0,1.0,0.0
P05267,Average,1.0,0.0,0.0
P05268,Excellent,0.0,0.0,1.0
P05269,Good,0.0,1.0,0.0
P05270,Excellent,0.0,0.0,1.0
P05271,Good,0.0,1.0,0.0
P05272,Good,0.0,1.0,0.0
P05273,Good,0.0,1.0,0.0
P05274,Good,0.0,1.0,0.0
P05275,Good,0.0,1.0,0.0
P05276,Good,0.0,1.0,0.0
P05277,Excellent,0.0,0.0,1.0
P05278,Average,1.0,0.0,0.0
P05279,Excellent,0.0,0.0,1.0
P05280,Good,0.0,1.0,0.0
P05281,Average,1.0,0.0,0.0
P05282,Good,0.0,1.0,0.0
P05283,Excellent,0.0,0.0,1.0
P05284,Excellent,0.0,0.0,1.0
P05285,Excellent,0.0,0.0,1.0
P05286,Excellent,0.0,0.0,1.0
P05287,Excellent,0.0,0.0,1.0
P05288,Good,0.0,1.0,0.0
P05289,Excellent,0.0,0.0,1.0
P05290,Excellent,0.0,0.0,1.0
P05291,Excellent,0.0,0.0,1.0
P05292,Good,0.0,1.0,0.0
P05293,Excellent,0.0,0.0,1.0
P05294,Good,0.0,1.0,0.0
P05295,Good,0.0,1.0,0.0
P05296,Excellent,0.0,0.0,1.0
P05297,Excellent,0.0,0.0,1.0
P05298,Good,0.0,1.0,0.0
P05299,Excellent,0.0,0.0,1.0
P05300,Good,0.0,1.0,0.0
P05301,Excellent,0.0,0.0,1.0
P05302,Average,1.0,0.0,0.0
P05303,Excellent,0.0,0.0,1.0
P05304,Average,1.0,0.0,0.0
P05305,Good,0.0,1.0,0.0
P05306,Good,0.0,1.0,0.0
P05307,Average,1.0,0.0,0.0
P05308,Good,0.0,1.0,0.0
P05309,Good,0.0,1.0,0.0
P05310,Average,1.0,0.0,0.0
P05311,Good,0.0,1.0,0.0
P05312,Good,0.0,1.0,0.0
P05313,Average,1.0,0.0,0.0
P05314,Good,0.0,1.0,0.0
P05315,Good,0.0,1.0,0.0
P05316,Average,1.0,0.0,0.0
P05317,Excellent,0.0,0.0,1.0
P05318,Average,1.0,0.0,0.0
P05319,Excellent,0.0,0.0,1.0
P05320,Good,0.0,1.0,0.0
P05321,Good,0.0,1.0,0.0
P05322,Good,0.0,1.0,0.0
P05323,Average,1.0,0.0,0.0
P05324,Excellent,0.0,0.0,1.0
P05325,Average,1.0,0.0,0.0
P05326,Good,0.0,1.0,0.0
P05327,Good,0.0,1.0,0.0
P05328,Excellent,0.0,0.0,1.0
P05329,Excellent,0.0,0.0,1.0
P05330,Good,0.0,1.0,0.0
P05331,Good,0.0,1.0,0.0
P05332,Good,0.0,1.0,0.0
P05333,Good,0.0,1.0,0.0
P05334,Good,0.0,1.0,0.0
P05335,Average,1.0,0.0,0.0
P05336,Excellent,0.0,0.0,1.0
P05337,Excellent,0.0,0.0,1.0
P05338,Excellent,0.0,0.0,1.0
P05339,Excellent,0.0,0.0,1.0
P05340,Excellent,0.0,0.0,1.0
P05341,Average,1.0,0.0,0.0
P05342,Average,1.0,0.0,0.0
P05343,Excellent,0.0,0.0,1.0
P05344,Average,1.0,0.0,0.0
P05345,Good,0.0,1.0,0.0
P05346,Good,0.0,1.0,0.0
P05347,Average,1.0,0.0,0.0
P05348,Excellent,0.0,0.0,1.0
P05349,Excellent,0.0,0.0,1.0
P05350,Average,1.0,0.0,0.0
P05351,Average,1.0,0.0,0.0
P05352,Good,0.0,1.0,0.0
P05353,Good,0.0,1.0,0.0
P05354,Excellent,0.0,0.0,1.0
P05355,Average,1.0,0.0,0.0
P05356,Good,0.0,1.0,0.0
P05357,Average,1.0,0.0,0.0
P05358,Average,1.0,0.0,0.0
P05359,Excellent,0.0,0.0,1.0
P05360,Good,0.0,1.0,0.0
P05361,Good,0.0,1.0,0.0
P05362,Excellent,0.0,0.0,1.0
P05363,Average,1.0,0.0,0.0
P05364,Excellent,0.0,0.0,1.0
P05365,Good,0.0,1.0,0.0
P05366,Good,0.0,1.0,0.0
P05367,Good,0.0,1.0,0.0
P05368,Average,1.0,0.0,0.0
P05369,Average,1.0,0.0,0.0
P05370,Excellent,0.0,0.0,1.0
P05371,Good,0.0,1.0,0.0
P05372,Excellent,0.0,0.0,1.0
P05373,Excellent,0.0,0.0,1.0
P05374,Good,0.0,1.0,0.0
P05375,Average,1.0,0.0,0.0
P05376,Excellent,0.0,0.0,1.0
P05377,Excellent,0.0,0.0,1.0
P05378,Good,0.0,1.0,0.0
P05379,Good,0.0,1.0,0.0
P05380,Good,0.0,1.0,0.0
P05381,Good,0.0,1.0,0.0
P05382,Average,1.0,0.0,0.0
P05383,Average,1.0,0.0,0.0
P05384,Good,0.0,1.0,0.0
P05385,Good,0.0,1.0,0.0
P05386,Good,0.0,1.0,0.0
P05387,Average,1.0,0.0,0.0
P05388,Average,1.0,0.0,0.0
P05389,Excellent,0.0,0.0,1.0
P05390,Excellent,0.0,0.0,1.0
P05391,Excellent,0.0,0.0,1.0
P05392,Good,0.0,1.0,0.0
P05393,Average,1.0,0.0,0.0
P05394,Average,1.0,0.0,0.0
P05395,Excellent,0.0,0.0,1.0
P05396,Average,1.0,0.0,0.0
P05397,Good,0.0,1.0,0.0
P05398,Average,1.0,0.0,0.0
P05399,Good,0.0,1.0,0.0
P05400,Average,1.0,0.0,0.0
P05401,Average,1.0,0.0,0.0
P05402,Good,0.0,1.0,0.0
P05403,Good,0.0,1.0,0.0
P05404,Excellent,0.0,0.0,1.0
P05405,Excellent,0.0,0.0,1.0
P05406,Excellent,0.0,0.0,1.0
P05407,Good,0.0,1.0,0.0
P05408,Average,1.0,0.0,0.0
P05409,Average,1.0,0.0,0.0
P05410,Good,0.0,1.0,0.0
P05411,Excellent,0.0,0.0,1.0
P05412,Good,0.0,1.0,0.0
P05413,Good,0.0,1.0,0.0
P05414,Average,1.0,0.0,0.0
P05415,Good,0.0,1.0,0.0
P05416,Excellent,0.0,0.0,1.0
P05417,Good,0.0,1.0,0.0
P05418,Excellent,0.0,0.0,1.0
P05419,Good,0.0,1.0,0.0
P05420,Good,0.0,1.0,0.0
P05421,Average,1.0,0.0,0.0
P05422,Excellent,0.0,0.0,1.0
P05423,Good,0.0,1.0,0.0
P05424,Good,0.0,1.0,0.0
P05425,Average,1.0,0.0,0.0
P05426,Excellent,0.0,0.0,1.0
P05427,Good,0.0,1.0,0.0
P05428,Good,0.0,1.0,0.0
P05429,Excellent,0.0,0.0,1.0
P05430,Excellent,0.0,0.0,1.0
P05431,Good,0.0,1.0,0.0
P05432,Average,1.0,0.0,0.0
P05433,Excellent,0.0,0.0,1.0
P05434,Excellent,0.0,0.0,1.0
P05435,Good,0.0,1.0,0.0
P05436,Average,1.0,0.0,0.0
P05437,Excellent,0.0,0.0,1.0
P05438,Good,0.0,1.0,0.0
P05439,Good,0.0,1.0,0.0
P05440,Excellent,0.0,0.0,1.0
P05441,Good,0.0,1.0,0.0
P05442,Excellent,0.0,0.0,1.0
P05443,Good,0.0,1.0,0.0
P05444,Excellent,0.0,0.0,1.0
P05445,Good,0.0,1.0,0.0
P05446,Average,1.0,0.0,0.0
P05447,Excellent,0.0,0.0,1.0
P05448,Good,0.0,1.0,0.0
P05449,Average,1.0,0.0,0.0
P05450,Average,1.0,0.0,0.0
P05451,Excellent,0.0,0.0,1.0
P05452,Good,0.0,1.0,0.0
P05453,Average,1.0,0.0,0.0
P05454,Average,1.0,0.0,0.0
P05455,Good,0.0,1.0,0.0
P05456,Good,0.0,1.0,0.0
P05457,Good,0.0,1.0,0.0
P05458,Good,0.0,1.0,0.0
P05459,Good,0.0,1.0,0.0
P05460,Good,0.0,1.0,0.0
P05461,Excellent,0.0,0.0,1.0
P05462,Good,0.0,1.0,0.0
P05463,Good,0.0,1.0,0.0
P05464,Excellent,0.0,0.0,1.0
P05465,Average,1.0,0.0,0.0
P05466,Average,1.0,0.0,0.0
P05467,Good,0.0,1.0,0.0
P05468,Excellent,0.0,0.0,1.0
P05469,Good,0.0,1.0,0.0
P05470,Average,1.0,0.0,0.0
P05471,Good,0.0,1.0,0.0
P05472,Average,1.0,0.0,0.0
P05473,Good,0.0,1.0,0.0
P05474,Average,1.0,0.0,0.0
P05475,Average,1.0,0.0,0.0
P05476,Excellent,0.0,0.0,1.0
P05477,Good,0.0,1.0,0.0
P05478,Excellent,0.0,0.0,1.0
P05479,Good,0.0,1.0,0.0
P05480,Average,1.0,0.0,0.0
P05481,Average,1.0,0.0,0.0
P05482,Good,0.0,1.0,0.0
P05483,Good,0.0,1.0,0.0
P05484,Excellent,0.0,0.0,1.0
P05485,Good,0.0,1.0,0.0
P05486,Good,0.0,1.0,0.0
P05487,Excellent,0.0,0.0,1.0
P05488,Excellent,0.0,0.0,1.0
P05489,Average,1.0,0.0,0.0
P05490,Good,0.0,1.0,0.0
P05491,Average,1.0,0.0,0.0
P05492,Good,0.0,1.0,0.0
P05493,Good,0.0,1.0,0.0
P05494,Good,0.0,1.0,0.0
P05495,Good,0.0,1.0,0.0
P05496,Average,1.0,0.0,0.0
P05497,Average,1.0,0.0,0.0
P05498,Excellent,0.0,0.0,1.0
P05499,Excellent,0.0,0.0,1.0
P05500,Good,0.0,1.0,0.0
P05501,Good,0.0,1.0,0.0
P05502,Good,0.0,1.0,0.0
P05503,Good,0.0,1.0,0.0
P05504,Excellent,0.0,0.0,1.0
P05505,Good,0.0,1.0,0.0
P05506,Good,0.0,1.0,0.0
P05507,Average,1.0,0.0,0.0
P05508,Average,1.0,0.0,0.0
P05509,Excellent,0.0,0.0,1.0
P05510,Good,0.0,1.0,0.0
P05511,Excellent,0.0,0.0,1.0
P05512,Excellent,0.0,0.0,1.0
P05513,Excellent,0.0,0.0,1.0
P05514,Good,0.0,1.0,0.0
P05515,Good,0.0,1.0,0.0
P05516,Good,0.0,1.0,0.0
P05517,Average,1.0,0.0,0.0
P05518,Excellent,0.0,0.0,1.0
P05519,Good,0.0,1.0,0.0
P05520,Excellent,0.0,0.0,1.0
P05521,Average,1.0,0.0,0.0
P05522,Good,0.0,1.0,0.0
P05523,Average,1.0,0.0,0.0
P05524,Good,0.0,1.0,0.0
P05525,Good,0.0,1.0,0.0
P05526,Average,1.0,0.0,0.0
P05527,Excellent,0.0,0.0,1.0
P05528,Excellent,0.0,0.0,1.0
P05529,Excellent,0.0,0.0,1.0
P05530,Average,1.0,0.0,0.0
P05531,Good,0.0,1.0,0.0
P05532,Excellent,0.0,0.0,1.0
P05533,Excellent,0.0,0.0,1.0
P05534,Excellent,0.0,0.0,1.0
P05535,Excellent,0.0,0.0,1.0
P05536,Excellent,0.0,0.0,1.0
P05537,Average,1.0,0.0,0.0
P05538,Good,0.0,1.0,0.0
P05539,Good,0.0,1.0,0.0
P05540,Average,1.0,0.0,0.0
P05541,Good,0.0,1.0,0.0
P05542,Average,1.0,0.0,0.0
P05543,Excellent,0.0,0.0,1.0
P05544,Excellent,0.0,0.0,1.0
P05545,Average,1.0,0.0,0.0
P05546,Excellent,0.0,0.0,1.0
P05547,Average,1.0,0.0,0.0
P05548,Good,0.0,1.0,0.0
P05549,Good,0.0,1.0,0.0
P05550,Average,1.0,0.0,0.0
P05551,Good,0.0,1.0,0.0
P05552,Excellent,0.0,0.0,1.0
P05553,Average,1.0,0.0,0.0
P05554,Excellent,0.0,0.0,1.0
P05555,Good,0.0,1.0,0.0
P05556,Average,1.0,0.0,0.0
P05557,Excellent,0.0,0.0,1.0
P05558,Excellent,0.0,0.0,1.0
P05559,Good,0.0,1.0,0.0
P05560,Good,0.0,1.0,0.0
P05561,Excellent,0.0,0.0,1.0
P05562,Average,1.0,0.0,0.0
P05563,Excellent,0.0,0.0,1.0
P05564,Good,0.0,1.0,0.0
P05565,Good,0.0,1.0,0.0
P05566,Average,1.0,0.0,0.0
P05567,Average,1.0,0.0,0.0
P05568,Good,0.0,1.0,0.0
P05569,Good,0.0,1.0,0.0
P05570,Average,1.0,0.0,0.0
P05571,Excellent,0.0,0.0,1.0
P05572,Average,1.0,0.0,0.0
P05573,Average,1.0,0.0,0.0
P05574,Excellent,0.0,0.0,1.0
P05575,Excellent,0.0,0.0,1.0
P05576,Excellent,0.0,0.0,1.0
P05577,Good,0.0,1.0,0.0
P05578,Excellent,0.0,0.0,1.0
P05579,Good,0.0,1.0,0.0
P05580,Good,0.0,1.0,0.0
P05581,Excellent,0.0,0.0,1.0
P05582,Good,0.0,1.0,0.0
P05583,Excellent,0.0,0.0,1.0
P05584,Average,1.0,0.0,0.0
P05585,Good,0.0,1.0,0.0
P05586,Average,1.0,0.0,0.0
P05587,Excellent,0.0,0.0,1.0
P05588,Good,0.0,1.0,0.0
P05589,Average,1.0,0.0,0.0
P05590,Average,1.0,0.0,0.0
P05591,Good,0.0,1.0,0.0
P05592,Excellent,0.0,0.0,1.0
P05593,Good,0.0,1.0,0.0
P05594,Good,0.0,1.0,0.0
P05595,Excellent,0.0,0.0,1.0
P05596,Good,0.0,1.0,0.0
P05597,Average,1.0,0.0,0.0
P05598,Excellent,0.0,0.0,1.0
P05599,Good,0.0,1.0,0.0
P05600,Good,0.0,1.0,0.0
P05601,Good,0.0,1.0,0.0
P05602,Excellent,0.0,0.0,1.0
P05603,Average,1.0,0.0,0.0
P05604,Good,0.0,1.0,0.0
P05605,Good,0.0,1.0,0.0
P05606,Excellent,0.0,0.0,1.0
P05607,Good,0.0,1.0,0.0
P05608,Excellent,0.0,0.0,1.0
P05609,Average,1.0,0.0,0.0
P05610,Good,0.0,1.0,0.0
P05611,Excellent,0.0,0.0,1.0
P05612,Good,0.0,1.0,0.0
P05613,Excellent,0.0,0.0,1.0
P05614,Average,1.0,0.0,0.0
P05615,Excellent,0.0,0.0,1.0
P05616,Excellent,0.0,0.0,1.0
P05617,Excellent,0.0,0.0,1.0
P05618,Average,1.0,0.0,0.0
P05619,Average,1.0,0.0,0.0
P05620,Average,1.0,0.0,0.0
P05621,Good,0.0,1.0,0.0
P05622,Good,0.0,1.0,0.0
P05623,Average,1.0,0.0,0.0
P05624,Good,0.0,1.0,0.0
P05625,Average,1.0,0.0,0.0
P05626,Average,1.0,0.0,0.0
P05627,Average,1.0,0.0,0.0
P05628,Good,0.0,1.0,0.0
P05629,Excellent,0.0,0.0,1.0
P05630,Excellent,0.0,0.0,1.0
P05631,Excellent,0.0,0.0,1.0
P05632,Excellent,0.0,0.0,1.0
P05633,Average,1.0,0.0,0.0
P05634,Average,1.0,0.0,0.0
P05635,Good,0.0,1.0,0.0
P05636,Excellent,0.0,0.0,1.0
P05637,Average,1.0,0.0,0.0
P05638,Excellent,0.0,0.0,1.0
P05639,Good,0.0,1.0,0.0
P05640,Average,1.0,0.0,0.0
P05641,Good,0.0,1.0,0.0
P05642,Good,0.0,1.0,0.0
P05643,Average,1.0,0.0,0.0
P05644,Excellent,0.0,0.0,1.0
P05645,Excellent,0.0,0.0,1.0
P05646,Good,0.0,1.0,0.0
P05647,Good,0.0,1.0,0.0
P05648,Good,0.0,1.0,0.0
P05649,Excellent,0.0,0.0,1.0
P05650,Excellent,0.0,0.0,1.0
P05651,Good,0.0,1.0,0.0
P05652,Average,1.0,0.0,0.0
P05653,Good,0.0,1.0,0.0
P05654,Good,0.0,1.0,0.0
P05655,Good,0.0,1.0,0.0
P05656,Excellent,0.0,0.0,1.0
P05657,Excellent,0.0,0.0,1.0
P05658,Good,0.0,1.0,0.0
P05659,Good,0.0,1.0,0.0
P05660,Average,1.0,0.0,0.0
P05661,Good,0.0,1.0,0.0
P05662,Excellent,0.0,0.0,1.0
P05663,Good,0.0,1.0,0.0
P05664,Good,0.0,1.0,0.0
P05665,Good,0.0,1.0,0.0
P05666,Good,0.0,1.0,0.0
P05667,Average,1.0,0.0,0.0
P05668,Good,0.0,1.0,0.0
P05669,Average,1.0,0.0,0.0
P05670,Good,0.0,1.0,0.0
P05671,Good,0.0,1.0,0.0
P05672,Average,1.0,0.0,0.0
P05673,Good,0.0,1.0,0.0
P05674,Excellent,0.0,0.0,1.0
P05675,Good,0.0,1.0,0.0
P05676,Good,0.0,1.0,0.0
P05677,Good,0.0,1.0,0.0
P05678,Excellent,0.0,0.0,1.0
P05679,Excellent,0.0,0.0,1.0
P05680,Good,0.0,1.0,0.0
P05681,Excellent,0.0,0.0,1.0
P05682,Average,1.0,0.0,0.0
P05683,Average,1.0,0.0,0.0
P05684,Good,0.0,1.0,0.0
P05685,Excellent,0.0,0.0,1.0
P05686,Good,0.0,1.0,0.0
P05687,Good,0.0,1.0,0.0
P05688,Excellent,0.0,0.0,1.0
P05689,Average,1.0,0.0,0.0
P05690,Average,1.0,0.0,0.0
P05691,Average,1.0,0.0,0.0
P05692,Excellent,0.0,0.0,1.0
P05693,Average,1.0,0.0,0.0
P05694,Good,0.0,1.0,0.0
P05695,Good,0.0,1.0,0.0
P05696,Excellent,0.0,0.0,1.0
P05697,Good,0.0,1.0,0.0
P05698,Good,0.0,1.0,0.0
P05699,Good,0.0,1.0,0.0
P05700,Good,0.0,1.0,0.0
P05701,Good,0.0,1.0,0.0
P05702,Excellent,0.0,0.0,1.0
P05703,Average,1.0,0.0,0.0
P05704,Good,0.0,1.0,0.0
P05705,Excellent,0.0,0.0,1.0
P05706,Excellent,0.0,0.0,1.0
P05707,Excellent,0.0,0.0,1.0
P05708,Good,0.0,1.0,0.0
P05709,Good,0.0,1.0,0.0
P05710,Good,0.0,1.0,0.0
P05711,Good,0.0,1.0,0.0
P05712,Excellent,0.0,0.0,1.0
P05713,Excellent,0.0,0.0,1.0
P05714,Good,0.0,1.0,0.0
P05715,Good,0.0,1.0,0.0
P05716,Excellent,0.0,0.0,1.0
P05717,Excellent,0.0,0.0,1.0
P05718,Good,0.0,1.0,0.0
P05719,Average,1.0,0.0,0.0
P05720,Excellent,0.0,0.0,1.0
P05721,Average,1.0,0.0,0.0
P05722,Excellent,0.0,0.0,1.0
P05723,Good,0.0,1.0,0.0
P05724,Excellent,0.0,0.0,1.0
P05725,Good,0.0,1.0,0.0
P05726,Good,0.0,1.0,0.0
P05727,Average,1.0,0.0,0.0
P05728,Excellent,0.0,0.0,1.0
P05729,Good,0.0,1.0,0.0
P05730,Good,0.0,1.0,0.0
P05731,Average,1.0,0.0,0.0
P05732,Excellent,0.0,0.0,1.0
P05733,Excellent,0.0,0.0,1.0
P05734,Good,0.0,1.0,0.0
P05735,Good,0.0,1.0,0.0
P05736,Excellent,0.0,0.0,1.0
P05737,Excellent,0.0,0.0,1.0
P05738,Good,0.0,1.0,0.0
P05739,Excellent,0.0,0.0,1.0
P05740,Average,1.0,0.0,0.0
P05741,Good,0.0,1.0,0.0
P05742,Good,0.0,1.0,0.0
P05743,Good,0.0,1.0,0.0
P05744,Excellent,0.0,0.0,1.0
P05745,Good,0.0,1.0,0.0
P05746,Excellent,0.0,0.0,1.0
P05747,Good,0.0,1.0,0.0
P05748,Excellent,0.0,0.0,1.0
P05749,Good,0.0,1.0,0.0
P05750,Average,1.0,0.0,0.0
P05751,Good,0.0,1.0,0.0
P05752,Excellent,0.0,0.0,1.0
P05753,Excellent,0.0,0.0,1.0
P05754,Average,1.0,0.0,0.0
P05755,Good,0.0,1.0,0.0
P05756,Average,1.0,0.0,0.0
P05757,Good,0.0,1.0,0.0
P05758,Good,0.0,1.0,0.0
P05759,Good,0.0,1.0,0.0
P05760,Good,0.0,1.0,0.0
P05761,Average,1.0,0.0,0.0
P05762,Excellent,0.0,0.0,1.0
P05763,Good,0.0,1.0,0.0
P05764,Average,1.0,0.0,0.0
P05765,Excellent,0.0,0.0,1.0
P05766,Good,0.0,1.0,0.0
P05767,Excellent,0.0,0.0,1.0
P05768,Good,0.0,1.0,0.0
P05769,Good,0.0,1.0,0.0
P05770,Good,0.0,1.0,0.0
P05771,Excellent,0.0,0.0,1.0
P05772,Excellent,0.0,0.0,1.0
P05773,Excellent,0.0,0.0,1.0
P05774,Good,0.0,1.0,0.0
P05775,Good,0.0,1.0,0.0
P05776,Average,1.0,0.0,0.0
P05777,Good,0.0,1.0,0.0
P05778,Excellent,0.0,0.0,1.0
P05779,Average,1.0,0.0,0.0
P05780,Good,0.0,1.0,0.0
P05781,Average,1.0,0.0,0.0
P05782,Good,0.0,1.0,0.0
P05783,Excellent,0.0,0.0,1.0
P05784,Good,0.0,1.0,0.0
P05785,Good,0.0,1.0,0.0
P05786,Good,0.0,1.0,0.0
P05787,Excellent,0.0,0.0,1.0
P05788,Good,0.0,1.0,0.0
P05789,Average,1.0,0.0,0.0
P05790,Excellent,0.0,0.0,1.0
P05791,Excellent,0.0,0.0,1.0
P05792,Good,0.0,1.0,0.0
P05793,Good,0.0,1.0,0.0
P05794,Excellent,0.0,0.0,1.0
P05795,Good,0.0,1.0,0.0
P05796,Excellent,0.0,0.0,1.0
P05797,Excellent,0.0,0.0,1.0
P05798,Excellent,0.0,0.0,1.0
P05799,Good,0.0,1.0,0.0
P05800,Good,0.0,1.0,0.0
P05801,Good,0.0,1.0,0.0
P05802,Good,0.0,1.0,0.0
P05803,Good,0.0,1.0,0.0
P05804,Average,1.0,0.0,0.0
P05805,Average,1.0,0.0,0.0
P05806,Good,0.0,1.0,0.0
P05807,Excellent,0.0,0.0,1.0
P05808,Average,1.0,0.0,0.0
P05809,Good,0.0,1.0,0.0
P05810,Good,0.0,1.0,0.0
P05811,Excellent,0.0,0.0,1.0
P05812,Average,1.0,0.0,0.0
P05813,Excellent,0.0,0.0,1.0
P05814,Good,0.0,1.0,0.0
P05815,Average,1.0,0.0,0.0
P05816,Excellent,0.0,0.0,1.0
P05817,Good,0.0,1.0,0.0
P05818,Excellent,0.0,0.0,1.0
P05819,Good,0.0,1.0,0.0
P05820,Good,0.0,1.0,0.0
P05821,Good,0.0,1.0,0.0
P05822,Good,0.0,1.0,0.0
P05823,Average,1.0,0.0,0.0
P05824,Excellent,0.0,0.0,1.0
P05825,Good,0.0,1.0,0.0
P05826,Average,1.0,0.0,0.0
P05827,Good,0.0,1.0,0.0
P05828,Average,1.0,0.0,0.0
P05829,Excellent,0.0,0.0,1.0
P05830,Good,0.0,1.0,0.0
P05831,Excellent,0.0,0.0,1.0
P05832,Average,1.0,0.0,0.0
P05833,Good,0.0,1.0,0.0
P05834,Excellent,0.0,0.0,1.0
P05835,Excellent,0.0,0.0,1.0
P05836,Good,0.0,1.0,0.0
P05837,Good,0.0,1.0,0.0
P05838,Excellent,0.0,0.0,1.0
P05839,Average,1.0,0.0,0.0
P05840,Excellent,0.0,0.0,1.0
P05841,Excellent,0.0,0.0,1.0
P05842,Good,0.0,1.0,0.0
P05843,Average,1.0,0.0,0.0
P05844,Average,1.0,0.0,0.0
P05845,Good,0.0,1.0,0.0
P05846,Excellent,0.0,0.0,1.0
P05847,Average,1.0,0.0,0.0
P05848,Excellent,0.0,0.0,1.0
P05849,Average,1.0,0.0,0.0
P05850,Average,1.0,0.0,0.0
P05851,Average,1.0,0.0,0.0
P05852,Good,0.0,1.0,0.0
P05853,Excellent,0.0,0.0,1.0
P05854,Average,1.0,0.0,0.0
P05855,Good,0.0,1.0,0.0
P05856,Good,0.0,1.0,0.0
P05857,Good,0.0,1.0,0.0
P05858,Good,0.0,1.0,0.0
P05859,Good,0.0,1.0,0.0
P05860,Average,1.0,0.0,0.0
P05861,Excellent,0.0,0.0,1.0
P05862,Good,0.0,1.0,0.0
P05863,Excellent,0.0,0.0,1.0
P05864,Good,0.0,1.0,0.0
P05865,Excellent,0.0,0.0,1.0
P05866,Average,1.0,0.0,0.0
P05867,Good,0.0,1.0,0.0
P05868,Good,0.0,1.0,0.0
P05869,Excellent,0.0,0.0,1.0
P05870,Average,1.0,0.0,0.0
P05871,Excellent,0.0,0.0,1.0
P05872,Excellent,0.0,0.0,1.0
P05873,Average,1.0,0.0,0.0
P05874,Average,1.0,0.0,0.0
P05875,Excellent,0.0,0.0,1.0
P05876,Excellent,0.0,0.0,1.0
P05877,Good,0.0,1.0,0.0
P05878,Average,1.0,0.0,0.0
P05879,Average,1.0,0.0,0.0
P05880,Good,0.0,1.0,0.0
P05881,Excellent,0.0,0.0,1.0
P05882,Good,0.0,1.0,0.0
P05883,Average,1.0,0.0,0.0
P05884,Excellent,0.0,0.0,1.0
P05885,Average,1.0,0.0,0.0
P05886,Good,0.0,1.0,0.0
P05887,Excellent,0.0,0.0,1.0
P05888,Good,0.0,1.0,0.0
P05889,Good,0.0,1.0,0.0
P05890,Average,1.0,0.0,0.0
P05891,Average,1.0,0.0,0.0
P05892,Excellent,0.0,0.0,1.0
P05893,Good,0.0,1.0,0.0
P05894,Average,1.0,0.0,0.0
P05895,Good,0.0,1.0,0.0
P05896,Good,0.0,1.0,0.0
P05897,Excellent,0.0,0.0,1.0
P05898,Average,1.0,0.0,0.0
P05899,Excellent,0.0,0.0,1.0
P05900,Good,0.0,1.0,0.0
P05901,Good,0.0,1.0,0.0
P05902,Good,0.0,1.0,0.0
P05903,Excellent,0.0,0.0,1.0
P05904,Good,0.0,1.0,0.0
P05905,Excellent,0.0,0.0,1.0
P05906,Good,0.0,1.0,0.0
P05907,Excellent,0.0,0.0,1.0
P05908,Excellent,0.0,0.0,1.0
P05909,Good,0.0,1.0,0.0
P05910,Excellent,0.0,0.0,1.0
P05911,Excellent,0.0,0.0,1.0
P05912,Excellent,0.0,0.0,1.0
P05913,Excellent,0.0,0.0,1.0
P05914,Good,0.0,1.0,0.0
P05915,Excellent,0.0,0.0,1.0
P05916,Good,0.0,1.0,0.0
P05917,Excellent,0.0,0.0,1.0
P05918,Good,0.0,1.0,0.0
P05919,Good,0.0,1.0,0.0
P05920,Good,0.0,1.0,0.0
P05921,Excellent,0.0,0.0,1.0
P05922,Good,0.0,1.0,0.0
P05923,Excellent,0.0,0.0,1.0
P05924,Good,0.0,1.0,0.0
P05925,Excellent,0.0,0.0,1.0
P05926,Good,0.0,1.0,0.0
P05927,Excellent,0.0,0.0,1.0
P05928,Good,0.0,1.0,0.0
P05929,Good,0.0,1.0,0.0
P05930,Excellent,0.0,0.0,1.0
P05931,Good,0.0,1.0,0.0
P05932,Excellent,0.0,0.0,1.0
P05933,Good,0.0,1.0,0.0
P05934,Excellent,0.0,0.0,1.0
P05935,Excellent,0.0,0.0,1.0
P05936,Excellent,0.0,0.0,1.0
P05937,Average,1.0,0.0,0.0
P05938,Good,0.0,1.0,0.0
P05939,Good,0.0,1.0,0.0
P05940,Excellent,0.0,0.0,1.0
P05941,Excellent,0.0,0.0,1.0
P05942,Good,0.0,1.0,0.0
P05943,Excellent,0.0,0.0,1.0
P05944,Good,0.0,1.0,0.0
P05945,Excellent,0.0,0.0,1.0
P05946,Good,0.0,1.0,0.0
P05947,Average,1.0,0.0,0.0
P05948,Good,0.0,1.0,0.0
P05949,Average,1.0,0.0,0.0
P05950,Excellent,0.0,0.0,1.0
P05951,Excellent,0.0,0.0,1.0
P05952,Excellent,0.0,0.0,1.0
P05953,Good,0.0,1.0,0.0
P05954,Good,0.0,1.0,0.0
P05955,Good,0.0,1.0,0.0
P05956,Good,0.0,1.0,0.0
P05957,Excellent,0.0,0.0,1.0
P05958,Excellent,0.0,0.0,1.0
P05959,Good,0.0,1.0,0.0
P05960,Excellent,0.0,0.0,1.0
P05961,Excellent,0.0,0.0,1.0
P05962,Good,0.0,1.0,0.0
P05963,Good,0.0,1.0,0.0
P05964,Average,1.0,0.0,0.0
P05965,Average,1.0,0.0,0.0
P05966,Good,0.0,1.0,0.0
P05967,Good,0.0,1.0,0.0
P05968,Good,0.0,1.0,0.0
P05969,Good,0.0,1.0,0.0
P05970,Good,0.0,1.0,0.0
P05971,Average,1.0,0.0,0.0
P05972,Good,0.0,1.0,0.0
P05973,Good,0.0,1.0,0.0
P05974,Good,0.0,1.0,0.0
P05975,Good,0.0,1.0,0.0
P05976,Excellent,0.0,0.0,1.0
P05977,Excellent,0.0,0.0,1.0
P05978,Good,0.0,1.0,0.0
P05979,Good,0.0,1.0,0.0
P05980,Average,1.0,0.0,0.0
P05981,Average,1.0,0.0,0.0
P05982,Good,0.0,1.0,0.0
P05983,Excellent,0.0,0.0,1.0
P05984,Good,0.0,1.0,0.0
P05985,Average,1.0,0.0,0.0
P05986,Good,0.0,1.0,0.0
P05987,Average,1.0,0.0,0.0
P05988,Excellent,0.0,0.0,1.0
P05989,Average,1.0,0.0,0.0
P05990,Good,0.0,1.0,0.0
P05991,Excellent,0.0,0.0,1.0
P05992,Excellent,0.0,0.0,1.0
P05993,Excellent,0.0,0.0,1.0
P05994,Excellent,0.0,0.0,1.0
P05995,Excellent,0.0,0.0,1.0
P05996,Average,1.0,0.0,0.0
P05997,Average,1.0,0.0,0.0
P05998,Good,0.0,1.0,0.0
P05999,Average,1.0,0.0,0.0
P06000,Good,0.0,1.0,0.0
P06001,Excellent,0.0,0.0,1.0
P06002,Excellent,0.0,0.0,1.0
P06003,Good,0.0,1.0,0.0
P06004,Average,1.0,0.0,0.0
P06005,Good,0.0,1.0,0.0
P06006,Average,1.0,0.0,0.0
P06007,Excellent,0.0,0.0,1.0
P06008,Average,1.0,0.0,0.0
P06009,Good,0.0,1.0,0.0
P06010,Average,1.0,0.0,0.0
P06011,Average,1.0,0.0,0.0
P06012,Excellent,0.0,0.0,1.0
P06013,Good,0.0,1.0,0.0
P06014,Average,1.0,0.0,0.0
P06015,Excellent,0.0,0.0,1.0
P06016,Average,1.0,0.0,0.0
P06017,Excellent,0.0,0.0,1.0
P06018,Excellent,0.0,0.0,1.0
P06019,Average,1.0,0.0,0.0
P06020,Excellent,0.0,0.0,1.0
P06021,Good,0.0,1.0,0.0
P06022,Good,0.0,1.0,0.0
P06023,Good,0.0,1.0,0.0
P06024,Average,1.0,0.0,0.0
P06025,Average,1.0,0.0,0.0
P06026,Average,1.0,0.0,0.0
P06027,Excellent,0.0,0.0,1.0
P06028,Excellent,0.0,0.0,1.0
P06029,Average,1.0,0.0,0.0
P06030,Excellent,0.0,0.0,1.0
P06031,Average,1.0,0.0,0.0
P06032,Good,0.0,1.0,0.0
P06033,Good,0.0,1.0,0.0
P06034,Average,1.0,0.0,0.0
P06035,Average,1.0,0.0,0.0
P06036,Excellent,0.0,0.0,1.0
P06037,Good,0.0,1.0,0.0
P06038,Excellent,0.0,0.0,1.0
P06039,Average,1.0,0.0,0.0
P06040,Good,0.0,1.0,0.0
P06041,Average,1.0,0.0,0.0
P06042,Excellent,0.0,0.0,1.0
P06043,Good,0.0,1.0,0.0
P06044,Excellent,0.0,0.0,1.0
P06045,Good,0.0,1.0,0.0
P06046,Good,0.0,1.0,0.0
P06047,Excellent,0.0,0.0,1.0
P06048,Average,1.0,0.0,0.0
P06049,Good,0.0,1.0,0.0
P06050,Good,0.0,1.0,0.0
P06051,Excellent,0.0,0.0,1.0
P06052,Good,0.0,1.0,0.0
P06053,Good,0.0,1.0,0.0
P06054,Good,0.0,1.0,0.0
P06055,Good,0.0,1.0,0.0
P06056,Good,0.0,1.0,0.0
P06057,Good,0.0,1.0,0.0
P06058,Excellent,0.0,0.0,1.0
P06059,Good,0.0,1.0,0.0
P06060,Average,1.0,0.0,0.0
P06061,Excellent,0.0,0.0,1.0
P06062,Excellent,0.0,0.0,1.0
P06063,Excellent,0.0,0.0,1.0
P06064,Good,0.0,1.0,0.0
P06065,Good,0.0,1.0,0.0
P06066,Good,0.0,1.0,0.0
P06067,Average,1.0,0.0,0.0
P06068,Good,0.0,1.0,0.0
P06069,Good,0.0,1.0,0.0
P06070,Good,0.0,1.0,0.0
P06071,Excellent,0.0,0.0,1.0
P06072,Average,1.0,0.0,0.0
P06073,Good,0.0,1.0,0.0
P06074,Excellent,0.0,0.0,1.0
P06075,Good,0.0,1.0,0.0
P06076,Excellent,0.0,0.0,1.0
P06077,Good,0.0,1.0,0.0
P06078,Excellent,0.0,0.0,1.0
P06079,Excellent,0.0,0.0,1.0
P06080,Average,1.0,0.0,0.0
P06081,Excellent,0.0,0.0,1.0
P06082,Average,1.0,0.0,0.0
P06083,Excellent,0.0,0.0,1.0
P06084,Excellent,0.0,0.0,1.0
P06085,Good,0.0,1.0,0.0
P06086,Excellent,0.0,0.0,1.0
P06087,Good,0.0,1.0,0.0
P06088,Excellent,0.0,0.0,1.0
P06089,Good,0.0,1.0,0.0
P06090,Excellent,0.0,0.0,1.0
P06091,Excellent,0.0,0.0,1.0
P06092,Average,1.0,0.0,0.0
P06093,Excellent,0.0,0.0,1.0
P06094,Excellent,0.0,0.0,1.0
P06095,Good,0.0,1.0,0.0
P06096,Excellent,0.0,0.0,1.0
P06097,Good,0.0,1.0,0.0
P06098,Average,1.0,0.0,0.0
P06099,Average,1.0,0.0,0.0
P06100,Excellent,0.0,0.0,1.0
P06101,Good,0.0,1.0,0.0
P06102,Excellent,0.0,0.0,1.0
P06103,Average,1.0,0.0,0.0
P06104,Excellent,0.0,0.0,1.0
P06105,Excellent,0.0,0.0,1.0
P06106,Excellent,0.0,0.0,1.0
P06107,Average,1.0,0.0,0.0
P06108,Good,0.0,1.0,0.0
P06109,Good,0.0,1.0,0.0
P06110,Excellent,0.0,0.0,1.0
P06111,Excellent,0.0,0.0,1.0
P06112,Good,0.0,1.0,0.0
P06113,Good,0.0,1.0,0.0
P06114,Good,0.0,1.0,0.0
P06115,Good,0.0,1.0,0.0
P06116,Good,0.0,1.0,0.0
P06117,Average,1.0,0.0,0.0
P06118,Excellent,0.0,0.0,1.0
P06119,Excellent,0.0,0.0,1.0
P06120,Average,1.0,0.0,0.0
P06121,Average,1.0,0.0,0.0
P06122,Average,1.0,0.0,0.0
P06123,Good,0.0,1.0,0.0
P06124,Good,0.0,1.0,0.0
P06125,Average,1.0,0.0,0.0
P06126,Good,0.0,1.0,0.0
P06127,Good,0.0,1.0,0.0
P06128,Excellent,0.0,0.0,1.0
P06129,Good,0.0,1.0,0.0
P06130,Excellent,0.0,0.0,1.0
P06131,Excellent,0.0,0.0,1.0
P06132,Good,0.0,1.0,0.0
P06133,Average,1.0,0.0,0.0
P06134,Excellent,0.0,0.0,1.0
P06135,Good,0.0,1.0,0.0
P06136,Excellent,0.0,0.0,1.0
P06137,Good,0.0,1.0,0.0
P06138,Average,1.0,0.0,0.0
P06139,Average,1.0,0.0,0.0
P06140,Good,0.0,1.0,0.0
P06141,Average,1.0,0.0,0.0
P06142,Excellent,0.0,0.0,1.0
P06143,Excellent,0.0,0.0,1.0
P06144,Good,0.0,1.0,0.0
P06145,Excellent,0.0,0.0,1.0
P06146,Average,1.0,0.0,0.0
P06147,Excellent,0.0,0.0,1.0
P06148,Excellent,0.0,0.0,1.0
P06149,Average,1.0,0.0,0.0
P06150,Good,0.0,1.0,0.0
P06151,Good,0.0,1.0,0.0
P06152,Good,0.0,1.0,0.0
P06153,Good,0.0,1.0,0.0
P06154,Good,0.0,1.0,0.0
P06155,Good,0.0,1.0,0.0
P06156,Excellent,0.0,0.0,1.0
P06157,Average,1.0,0.0,0.0
P06158,Good,0.0,1.0,0.0
P06159,Excellent,0.0,0.0,1.0
P06160,Good,0.0,1.0,0.0
P06161,Good,0.0,1.0,0.0
P06162,Excellent,0.0,0.0,1.0
P06163,Excellent,0.0,0.0,1.0
P06164,Good,0.0,1.0,0.0
P06165,Excellent,0.0,0.0,1.0
P06166,Good,0.0,1.0,0.0
P06167,Excellent,0.0,0.0,1.0
P06168,Good,0.0,1.0,0.0
P06169,Excellent,0.0,0.0,1.0
P06170,Average,1.0,0.0,0.0
P06171,Excellent,0.0,0.0,1.0
P06172,Excellent,0.0,0.0,1.0
P06173,Good,0.0,1.0,0.0
P06174,Average,1.0,0.0,0.0
P06175,Good,0.0,1.0,0.0
P06176,Good,0.0,1.0,0.0
P06177,Average,1.0,0.0,0.0
P06178,Average,1.0,0.0,0.0
P06179,Excellent,0.0,0.0,1.0
P06180,Excellent,0.0,0.0,1.0
P06181,Average,1.0,0.0,0.0
P06182,Good,0.0,1.0,0.0
P06183,Good,0.0,1.0,0.0
P06184,Average,1.0,0.0,0.0
P06185,Good,0.0,1.0,0.0
P06186,Good,0.0,1.0,0.0
P06187,Average,1.0,0.0,0.0
P06188,Excellent,0.0,0.0,1.0
P06189,Good,0.0,1.0,0.0
P06190,Average,1.0,0.0,0.0
P06191,Good,0.0,1.0,0.0
P06192,Good,0.0,1.0,0.0
P06193,Average,1.0,0.0,0.0
P06194,Excellent,0.0,0.0,1.0
P06195,Good,0.0,1.0,0.0
P06196,Average,1.0,0.0,0.0
P06197,Average,1.0,0.0,0.0
P06198,Good,0.0,1.0,0.0
P06199,Excellent,0.0,0.0,1.0
P06200,Excellent,0.0,0.0,1.0
P06201,Good,0.0,1.0,0.0
P06202,Average,1.0,0.0,0.0
P06203,Good,0.0,1.0,0.0
P06204,Excellent,0.0,0.0,1.0
P06205,Good,0.0,1.0,0.0
P06206,Good,0.0,1.0,0.0
P06207,Excellent,0.0,0.0,1.0
P06208,Excellent,0.0,0.0,1.0
P06209,Average,1.0,0.0,0.0
P06210,Excellent,0.0,0.0,1.0
P06211,Average,1.0,0.0,0.0
P06212,Excellent,0.0,0.0,1.0
P06213,Good,0.0,1.0,0.0
P06214,Excellent,0.0,0.0,1.0
P06215,Average,1.0,0.0,0.0
P06216,Average,1.0,0.0,0.0
P06217,Good,0.0,1.0,0.0
P06218,Excellent,0.0,0.0,1.0
P06219,Good,0.0,1.0,0.0
P06220,Excellent,0.0,0.0,1.0
P06221,Excellent,0.0,0.0,1.0
P06222,Excellent,0.0,0.0,1.0
P06223,Good,0.0,1.0,0.0
P06224,Excellent,0.0,0.0,1.0
P06225,Excellent,0.0,0.0,1.0
P06226,Excellent,0.0,0.0,1.0
P06227,Good,0.0,1.0,0.0
P06228,Excellent,0.0,0.0,1.0
P06229,Good,0.0,1.0,0.0
P06230,Excellent,0.0,0.0,1.0
P06231,Good,0.0,1.0,0.0
P06232,Good,0.0,1.0,0.0
P06233,Good,0.0,1.0,0.0
P06234,Average,1.0,0.0,0.0
P06235,Average,1.0,0.0,0.0
P06236,Excellent,0.0,0.0,1.0
P06237,Excellent,0.0,0.0,1.0
P06238,Good,0.0,1.0,0.0
P06239,Average,1.0,0.0,0.0
P06240,Good,0.0,1.0,0.0
P06241,Excellent,0.0,0.0,1.0
P06242,Excellent,0.0,0.0,1.0
P06243,Excellent,0.0,0.0,1.0
P06244,Average,1.0,0.0,0.0
P06245,Average,1.0,0.0,0.0
P06246,Average,1.0,0.0,0.0
P06247,Good,0.0,1.0,0.0
P06248,Good,0.0,1.0,0.0
P06249,Excellent,0.0,0.0,1.0
P06250,Excellent,0.0,0.0,1.0
P06251,Excellent,0.0,0.0,1.0
P06252,Good,0.0,1.0,0.0
P06253,Good,0.0,1.0,0.0
P06254,Good,0.0,1.0,0.0
P06255,Good,0.0,1.0,0.0
P06256,Excellent,0.0,0.0,1.0
P06257,Average,1.0,0.0,0.0
P06258,Average,1.0,0.0,0.0
P06259,Good,0.0,1.0,0.0
P06260,Good,0.0,1.0,0.0
P06261,Excellent,0.0,0.0,1.0
P06262,Excellent,0.0,0.0,1.0
P06263,Good,0.0,1.0,0.0
P06264,Excellent,0.0,0.0,1.0
P06265,Excellent,0.0,0.0,1.0
P06266,Good,0.0,1.0,0.0
P06267,Good,0.0,1.0,0.0
P06268,Average,1.0,0.0,0.0
P06269,Good,0.0,1.0,0.0
P06270,Good,0.0,1.0,0.0
P06271,Good,0.0,1.0,0.0
P06272,Excellent,0.0,0.0,1.0
P06273,Good,0.0,1.0,0.0
P06274,Good,0.0,1.0,0.0
P06275,Excellent,0.0,0.0,1.0
P06276,Excellent,0.0,0.0,1.0
P06277,Excellent,0.0,0.0,1.0
P06278,Good,0.0,1.0,0.0
P06279,Average,1.0,0.0,0.0
P06280,Excellent,0.0,0.0,1.0
P06281,Excellent,0.0,0.0,1.0
P06282,Average,1.0,0.0,0.0
P06283,Excellent,0.0,0.0,1.0
P06284,Good,0.0,1.0,0.0
P06285,Good,0.0,1.0,0.0
P06286,Good,0.0,1.0,0.0
P06287,Excellent,0.0,0.0,1.0
P06288,Excellent,0.0,0.0,1.0
P06289,Average,1.0,0.0,0.0
P06290,Good,0.0,1.0,0.0
P06291,Average,1.0,0.0,0.0
P06292,Excellent,0.0,0.0,1.0
P06293,Good,0.0,1.0,0.0
P06294,Good,0.0,1.0,0.0
P06295,Excellent,0.0,0.0,1.0
P06296,Good,0.0,1.0,0.0
P06297,Good,0.0,1.0,0.0
P06298,Good,0.0,1.0,0.0
P06299,Excellent,0.0,0.0,1.0
P06300,Average,1.0,0.0,0.0
P06301,Excellent,0.0,0.0,1.0
P06302,Good,0.0,1.0,0.0
P06303,Excellent,0.0,0.0,1.0
P06304,Average,1.0,0.0,0.0
P06305,Average,1.0,0.0,0.0
P06306,Good,0.0,1.0,0.0
P06307,Average,1.0,0.0,0.0
P06308,Excellent,0.0,0.0,1.0
P06309,Good,0.0,1.0,0.0
P06310,Average,1.0,0.0,0.0
P06311,Excellent,0.0,0.0,1.0
P06312,Good,0.0,1.0,0.0
P06313,Excellent,0.0,0.0,1.0
P06314,Good,0.0,1.0,0.0
P06315,Average,1.0,0.0,0.0
P06316,Average,1.0,0.0,0.0
P06317,Excellent,0.0,0.0,1.0
P06318,Good,0.0,1.0,0.0
P06319,Good,0.0,1.0,0.0
P06320,Average,1.0,0.0,0.0
P06321,Good,0.0,1.0,0.0
P06322,Good,0.0,1.0,0.0
P06323,Average,1.0,0.0,0.0
P06324,Good,0.0,1.0,0.0
P06325,Excellent,0.0,0.0,1.0
P06326,Average,1.0,0.0,0.0
P06327,Good,0.0,1.0,0.0
P06328,Good,0.0,1.0,0.0
P06329,Average,1.0,0.0,0.0
P06330,Good,0.0,1.0,0.0
P06331,Good,0.0,1.0,0.0
P06332,Good,0.0,1.0,0.0
P06333,Excellent,0.0,0.0,1.0
P06334,Good,0.0,1.0,0.0
P06335,Average,1.0,0.0,0.0
P06336,Excellent,0.0,0.0,1.0
P06337,Good,0.0,1.0,0.0
P06338,Good,0.0,1.0,0.0
P06339,Excellent,0.0,0.0,1.0
P06340,Good,0.0,1.0,0.0
P06341,Good,0.0,1.0,0.0
P06342,Excellent,0.0,0.0,1.0
P06343,Good,0.0,1.0,0.0
P06344,Excellent,0.0,0.0,1.0
P06345,Good,0.0,1.0,0.0
P06346,Good,0.0,1.0,0.0
P06347,Excellent,0.0,0.0,1.0
P06348,Average,1.0,0.0,0.0
P06349,Good,0.0,1.0,0.0
P06350,Excellent,0.0,0.0,1.0
P06351,Average,1.0,0.0,0.0
P06352,Good,0.0,1.0,0.0
P06353,Good,0.0,1.0,0.0
P06354,Average,1.0,0.0,0.0
P06355,Good,0.0,1.0,0.0
P06356,Excellent,0.0,0.0,1.0
P06357,Excellent,0.0,0.0,1.0
P06358,Excellent,0.0,0.0,1.0
P06359,Good,0.0,1.0,0.0
P06360,Good,0.0,1.0,0.0
P06361,Average,1.0,0.0,0.0
P06362,Good,0.0,1.0,0.0
P06363,Good,0.0,1.0,0.0
P06364,Good,0.0,1.0,0.0
P06365,Good,0.0,1.0,0.0
P06366,Excellent,0.0,0.0,1.0
P06367,Excellent,0.0,0.0,1.0
P06368,Excellent,0.0,0.0,1.0
P06369,Excellent,0.0,0.0,1.0
P06370,Average,1.0,0.0,0.0
P06371,Excellent,0.0,0.0,1.0
P06372,Average,1.0,0.0,0.0
P06373,Average,1.0,0.0,0.0
P06374,Average,1.0,0.0,0.0
P06375,Excellent,0.0,0.0,1.0
P06376,Good,0.0,1.0,0.0
P06377,Good,0.0,1.0,0.0
P06378,Good,0.0,1.0,0.0
P06379,Good,0.0,1.0,0.0
P06380,Excellent,0.0,0.0,1.0
P06381,Average,1.0,0.0,0.0
P06382,Average,1.0,0.0,0.0
P06383,Average,1.0,0.0,0.0
P06384,Average,1.0,0.0,0.0
P06385,Excellent,0.0,0.0,1.0
P06386,Excellent,0.0,0.0,1.0
P06387,Average,1.0,0.0,0.0
P06388,Good,0.0,1.0,0.0
P06389,Excellent,0.0,0.0,1.0
P06390,Good,0.0,1.0,0.0
P06391,Excellent,0.0,0.0,1.0
P06392,Good,0.0,1.0,0.0
P06393,Average,1.0,0.0,0.0
P06394,Good,0.0,1.0,0.0
P06395,Good,0.0,1.0,0.0
P06396,Good,0.0,1.0,0.0
P06397,Excellent,0.0,0.0,1.0
P06398,Excellent,0.0,0.0,1.0
P06399,Good,0.0,1.0,0.0
P06400,Excellent,0.0,0.0,1.0
P06401,Excellent,0.0,0.0,1.0
P06402,Good,0.0,1.0,0.0
P06403,Excellent,0.0,0.0,1.0
P06404,Good,0.0,1.0,0.0
P06405,Good,0.0,1.0,0.0
P06406,Good,0.0,1.0,0.0
P06407,Average,1.0,0.0,0.0
P06408,Excellent,0.0,0.0,1.0
P06409,Average,1.0,0.0,0.0
P06410,Good,0.0,1.0,0.0
P06411,Good,0.0,1.0,0.0
P06412,Excellent,0.0,0.0,1.0
P06413,Excellent,0.0,0.0,1.0
P06414,Average,1.0,0.0,0.0
P06415,Average,1.0,0.0,0.0
P06416,Good,0.0,1.0,0.0
P06417,Average,1.0,0.0,0.0
P06418,Good,0.0,1.0,0.0
P06419,Excellent,0.0,0.0,1.0
P06420,Good,0.0,1.0,0.0
P06421,Excellent,0.0,0.0,1.0
P06422,Good,0.0,1.0,0.0
P06423,Excellent,0.0,0.0,1.0
P06424,Excellent,0.0,0.0,1.0
P06425,Excellent,0.0,0.0,1.0
P06426,Good,0.0,1.0,0.0
P06427,Good,0.0,1.0,0.0
P06428,Excellent,0.0,0.0,1.0
P06429,Excellent,0.0,0.0,1.0
P06430,Good,0.0,1.0,0.0
P06431,Excellent,0.0,0.0,1.0
P06432,Excellent,0.0,0.0,1.0
P06433,Average,1.0,0.0,0.0
P06434,Excellent,0.0,0.0,1.0
P06435,Good,0.0,1.0,0.0
P06436,Good,0.0,1.0,0.0
P06437,Good,0.0,1.0,0.0
P06438,Average,1.0,0.0,0.0
P06439,Good,0.0,1.0,0.0
P06440,Good,0.0,1.0,0.0
P06441,Average,1.0,0.0,0.0
P06442,Good,0.0,1.0,0.0
P06443,Good,0.0,1.0,0.0
P06444,Average,1.0,0.0,0.0
P06445,Average,1.0,0.0,0.0
P06446,Good,0.0,1.0,0.0
P06447,Excellent,0.0,0.0,1.0
P06448,Average,1.0,0.0,0.0
P06449,Excellent,0.0,0.0,1.0
P06450,Good,0.0,1.0,0.0
P06451,Good,0.0,1.0,0.0
P06452,Good,0.0,1.0,0.0
P06453,Good,0.0,1.0,0.0
P06454,Excellent,0.0,0.0,1.0
P06455,Excellent,0.0,0.0,1.0
P06456,Excellent,0.0,0.0,1.0
P06457,Good,0.0,1.0,0.0
P06458,Average,1.0,0.0,0.0
P06459,Good,0.0,1.0,0.0
P06460,Average,1.0,0.0,0.0
P06461,Good,0.0,1.0,0.0
P06462,Good,0.0,1.0,0.0
P06463,Average,1.0,0.0,0.0
P06464,Good,0.0,1.0,0.0
P06465,Average,1.0,0.0,0.0
P06466,Good,0.0,1.0,0.0
P06467,Average,1.0,0.0,0.0
P06468,Excellent,0.0,0.0,1.0
P06469,Excellent,0.0,0.0,1.0
P06470,Excellent,0.0,0.0,1.0
P06471,Average,1.0,0.0,0.0
P06472,Good,0.0,1.0,0.0
P06473,Average,1.0,0.0,0.0
P06474,Average,1.0,0.0,0.0
P06475,Good,0.0,1.0,0.0
P06476,Good,0.0,1.0,0.0
P06477,Excellent,0.0,0.0,1.0
P06478,Excellent,0.0,0.0,1.0
P06479,Good,0.0,1.0,0.0
P06480,Average,1.0,0.0,0.0
P06481,Good,0.0,1.0,0.0
P06482,Good,0.0,1.0,0.0
P06483,Excellent,0.0,0.0,1.0
P06484,Good,0.0,1.0,0.0
P06485,Good,0.0,1.0,0.0
P06486,Good,0.0,1.0,0.0
P06487,Excellent,0.0,0.0,1.0
P06488,Good,0.0,1.0,0.0
P06489,Good,0.0,1.0,0.0
P06490,Average,1.0,0.0,0.0
P06491,Average,1.0,0.0,0.0
P06492,Average,1.0,0.0,0.0
P06493,Average,1.0,0.0,0.0
P06494,Excellent,0.0,0.0,1.0
P06495,Good,0.0,1.0,0.0
P06496,Good,0.0,1.0,0.0
P06497,Excellent,0.0,0.0,1.0
P06498,Average,1.0,0.0,0.0
P06499,Excellent,0.0,0.0,1.0
P06500,Good,0.0,1.0,0.0
P06501,Good,0.0,1.0,0.0
P06502,Good,0.0,1.0,0.0
P06503,Average,1.0,0.0,0.0
P06504,Average,1.0,0.0,0.0
P06505,Average,1.0,0.0,0.0
P06506,Excellent,0.0,0.0,1.0
P06507,Average,1.0,0.0,0.0
P06508,Good,0.0,1.0,0.0
P06509,Good,0.0,1.0,0.0
P06510,Average,1.0,0.0,0.0
P06511,Good,0.0,1.0,0.0
P06512,Good,0.0,1.0,0.0
P06513,Excellent,0.0,0.0,1.0
P06514,Excellent,0.0,0.0,1.0
P06515,Excellent,0.0,0.0,1.0
P06516,Average,1.0,0.0,0.0
P06517,Average,1.0,0.0,0.0
P06518,Good,0.0,1.0,0.0
P06519,Average,1.0,0.0,0.0
P06520,Good,0.0,1.0,0.0
P06521,Excellent,0.0,0.0,1.0
P06522,Excellent,0.0,0.0,1.0
P06523,Average,1.0,0.0,0.0
P06524,Good,0.0,1.0,0.0
P06525,Good,0.0,1.0,0.0
P06526,Excellent,0.0,0.0,1.0
P06527,Good,0.0,1.0,0.0
P06528,Good,0.0,1.0,0.0
P06529,Good,0.0,1.0,0.0
P06530,Good,0.0,1.0,0.0
P06531,Excellent,0.0,0.0,1.0
P06532,Excellent,0.0,0.0,1.0
P06533,Good,0.0,1.0,0.0
P06534,Excellent,0.0,0.0,1.0
P06535,Good,0.0,1.0,0.0
P06536,Good,0.0,1.0,0.0
P06537,Excellent,0.0,0.0,1.0
P06538,Average,1.0,0.0,0.0
P06539,Excellent,0.0,0.0,1.0
P06540,Good,0.0,1.0,0.0
P06541,Good,0.0,1.0,0.0
P06542,Good,0.0,1.0,0.0
P06543,Good,0.0,1.0,0.0
P06544,Good,0.0,1.0,0.0
P06545,Good,0.0,1.0,0.0
P06546,Excellent,0.0,0.0,1.0
P06547,Good,0.0,1.0,0.0
P06548,Average,1.0,0.0,0.0
P06549,Excellent,0.0,0.0,1.0
P06550,Good,0.0,1.0,0.0
P06551,Average,1.0,0.0,0.0
P06552,Average,1.0,0.0,0.0
P06553,Good,0.0,1.0,0.0
P06554,Excellent,0.0,0.0,1.0
P06555,Excellent,0.0,0.0,1.0
P06556,Excellent,0.0,0.0,1.0
P06557,Average,1.0,0.0,0.0
P06558,Average,1.0,0.0,0.0
P06559,Good,0.0,1.0,0.0
P06560,Excellent,0.0,0.0,1.0
P06561,Average,1.0,0.0,0.0
P06562,Good,0.0,1.0,0.0
P06563,Excellent,0.0,0.0,1.0
P06564,Good,0.0,1.0,0.0
P06565,Average,1.0,0.0,0.0
P06566,Excellent,0.0,0.0,1.0
P06567,Good,0.0,1.0,0.0
P06568,Excellent,0.0,0.0,1.0
P06569,Average,1.0,0.0,0.0
P06570,Good,0.0,1.0,0.0
P06571,Good,0.0,1.0,0.0
P06572,Good,0.0,1.0,0.0
P06573,Average,1.0,0.0,0.0
P06574,Excellent,0.0,0.0,1.0
P06575,Good,0.0,1.0,0.0
P06576,Excellent,0.0,0.0,1.0
P06577,Excellent,0.0,0.0,1.0
P06578,Good,0.0,1.0,0.0
P06579,Good,0.0,1.0,0.0
P06580,Excellent,0.0,0.0,1.0
P06581,Good,0.0,1.0,0.0
P06582,Good,0.0,1.0,0.0
P06583,Average,1.0,0.0,0.0
P06584,Average,1.0,0.0,0.0
P06585,Average,1.0,0.0,0.0
P06586,Good,0.0,1.0,0.0
P06587,Excellent,0.0,0.0,1.0
P06588,Average,1.0,0.0,0.0
P06589,Excellent,0.0,0.0,1.0
P06590,Good,0.0,1.0,0.0
P06591,Excellent,0.0,0.0,1.0
P06592,Average,1.0,0.0,0.0
P06593,Good,0.0,1.0,0.0
P06594,Average,1.0,0.0,0.0
P06595,Good,0.0,1.0,0.0
P06596,Average,1.0,0.0,0.0
P06597,Excellent,0.0,0.0,1.0
P06598,Average,1.0,0.0,0.0
P06599,Average,1.0,0.0,0.0
P06600,Excellent,0.0,0.0,1.0
P06601,Good,0.0,1.0,0.0
P06602,Average,1.0,0.0,0.0
P06603,Good,0.0,1.0,0.0
P06604,Average,1.0,0.0,0.0
P06605,Good,0.0,1.0,0.0
P06606,Excellent,0.0,0.0,1.0
P06607,Good,0.0,1.0,0.0
P06608,Average,1.0,0.0,0.0
P06609,Average,1.0,0.0,0.0
P06610,Excellent,0.0,0.0,1.0
P06611,Excellent,0.0,0.0,1.0
P06612,Average,1.0,0.0,0.0
P06613,Average,1.0,0.0,0.0
P06614,Excellent,0.0,0.0,1.0
P06615,Excellent,0.0,0.0,1.0
P06616,Excellent,0.0,0.0,1.0
P06617,Good,0.0,1.0,0.0
P06618,Excellent,0.0,0.0,1.0
P06619,Excellent,0.0,0.0,1.0
P06620,Good,0.0,1.0,0.0
P06621,Average,1.0,0.0,0.0
P06622,Good,0.0,1.0,0.0
P06623,Good,0.0,1.0,0.0
P06624,Average,1.0,0.0,0.0
P06625,Good,0.0,1.0,0.0
P06626,Excellent,0.0,0.0,1.0
P06627,Good,0.0,1.0,0.0
P06628,Good,0.0,1.0,0.0
P06629,Average,1.0,0.0,0.0
P06630,Excellent,0.0,0.0,1.0
P06631,Good,0.0,1.0,0.0
P06632,Excellent,0.0,0.0,1.0
P06633,Average,1.0,0.0,0.0
P06634,Excellent,0.0,0.0,1.0
P06635,Excellent,0.0,0.0,1.0
P06636,Good,0.0,1.0,0.0
P06637,Excellent,0.0,0.0,1.0
P06638,Average,1.0,0.0,0.0
P06639,Good,0.0,1.0,0.0
P06640,Average,1.0,0.0,0.0
P06641,Good,0.0,1.0,0.0
P06642,Excellent,0.0,0.0,1.0
P06643,Good,0.0,1.0,0.0
P06644,Average,1.0,0.0,0.0
P06645,Good,0.0,1.0,0.0
P06646,Excellent,0.0,0.0,1.0
P06647,Average,1.0,0.0,0.0
P06648,Excellent,0.0,0.0,1.0
P06649,Average,1.0,0.0,0.0
P06650,Excellent,0.0,0.0,1.0
P06651,Average,1.0,0.0,0.0
P06652,Average,1.0,0.0,0.0
P06653,Good,0.0,1.0,0.0
P06654,Average,1.0,0.0,0.0
P06655,Good,0.0,1.0,0.0
P06656,Good,0.0,1.0,0.0
P06657,Excellent,0.0,0.0,1.0
P06658,Excellent,0.0,0.0,1.0
P06659,Excellent,0.0,0.0,1.0
P06660,Excellent,0.0,0.0,1.0
P06661,Excellent,0.0,0.0,1.0
P06662,Average,1.0,0.0,0.0
P06663,Good,0.0,1.0,0.0
P06664,Excellent,0.0,0.0,1.0
P06665,Average,1.0,0.0,0.0
P06666,Average,1.0,0.0,0.0
P06667,Good,0.0,1.0,0.0
P06668,Excellent,0.0,0.0,1.0
P06669,Excellent,0.0,0.0,1.0
P06670,Good,0.0,1.0,0.0
P06671,Average,1.0,0.0,0.0
P06672,Average,1.0,0.0,0.0
P06673,Good,0.0,1.0,0.0
P06674,Average,1.0,0.0,0.0
P06675,Average,1.0,0.0,0.0
P06676,Excellent,0.0,0.0,1.0
P06677,Good,0.0,1.0,0.0
P06678,Good,0.0,1.0,0.0
P06679,Good,0.0,1.0,0.0
P06680,Average,1.0,0.0,0.0
P06681,Excellent,0.0,0.0,1.0
P06682,Good,0.0,1.0,0.0
P06683,Excellent,0.0,0.0,1.0
P06684,Good,0.0,1.0,0.0
P06685,Excellent,0.0,0.0,1.0
P06686,Good,0.0,1.0,0.0
P06687,Good,0.0,1.0,0.0
P06688,Excellent,0.0,0.0,1.0
P06689,Excellent,0.0,0.0,1.0
P06690,Average,1.0,0.0,0.0
P06691,Good,0.0,1.0,0.0
P06692,Good,0.0,1.0,0.0
P06693,Good,0.0,1.0,0.0
P06694,Good,0.0,1.0,0.0
P06695,Good,0.0,1.0,0.0
P06696,Good,0.0,1.0,0.0
P06697,Good,0.0,1.0,0.0
P06698,Average,1.0,0.0,0.0
P06699,Excellent,0.0,0.0,1.0
P06700,Average,1.0,0.0,0.0
P06701,Excellent,0.0,0.0,1.0
P06702,Excellent,0.0,0.0,1.0
P06703,Good,0.0,1.0,0.0
P06704,Good,0.0,1.0,0.0
P06705,Good,0.0,1.0,0.0
P06706,Excellent,0.0,0.0,1.0
P06707,Excellent,0.0,0.0,1.0
P06708,Excellent,0.0,0.0,1.0
P06709,Good,0.0,1.0,0.0
P06710,Excellent,0.0,0.0,1.0
P06711,Good,0.0,1.0,0.0
P06712,Average,1.0,0.0,0.0
P06713,Average,1.0,0.0,0.0
P06714,Average,1.0,0.0,0.0
P06715,Good,0.0,1.0,0.0
P06716,Good,0.0,1.0,0.0
P06717,Excellent,0.0,0.0,1.0
P06718,Average,1.0,0.0,0.0
P06719,Good,0.0,1.0,0.0
P06720,Excellent,0.0,0.0,1.0
P06721,Average,1.0,0.0,0.0
P06722,Excellent,0.0,0.0,1.0
P06723,Average,1.0,0.0,0.0
P06724,Good,0.0,1.0,0.0
P06725,Excellent,0.0,0.0,1.0
P06726,Good,0.0,1.0,0.0
P06727,Excellent,0.0,0.0,1.0
P06728,Excellent,0.0,0.0,1.0
P06729,Excellent,0.0,0.0,1.0
P06730,Good,0.0,1.0,0.0
P06731,Good,0.0,1.0,0.0
P06732,Good,0.0,1.0,0.0
P06733,Good,0.0,1.0,0.0
P06734,Good,0.0,1.0,0.0
P06735,Average,1.0,0.0,0.0
P06736,Excellent,0.0,0.0,1.0
P06737,Good,0.0,1.0,0.0
P06738,Good,0.0,1.0,0.0
P06739,Average,1.0,0.0,0.0
P06740,Excellent,0.0,0.0,1.0
P06741,Average,1.0,0.0,0.0
P06742,Good,0.0,1.0,0.0
P06743,Excellent,0.0,0.0,1.0
P06744,Good,0.0,1.0,0.0
P06745,Average,1.0,0.0,0.0
P06746,Excellent,0.0,0.0,1.0
P06747,Excellent,0.0,0.0,1.0
P06748,Excellent,0.0,0.0,1.0
P06749,Good,0.0,1.0,0.0
P06750,Good,0.0,1.0,0.0
P06751,Excellent,0.0,0.0,1.0
P06752,Good,0.0,1.0,0.0
P06753,Good,0.0,1.0,0.0
P06754,Average,1.0,0.0,0.0
P06755,Excellent,0.0,0.0,1.0
P06756,Excellent,0.0,0.0,1.0
P06757,Good,0.0,1.0,0.0
P06758,Good,0.0,1.0,0.0
P06759,Excellent,0.0,0.0,1.0
P06760,Excellent,0.0,0.0,1.0
P06761,Good,0.0,1.0,0.0
P06762,Average,1.0,0.0,0.0
P06763,Excellent,0.0,0.0,1.0
P06764,Good,0.0,1.0,0.0
P06765,Excellent,0.0,0.0,1.0
P06766,Average,1.0,0.0,0.0
P06767,Excellent,0.0,0.0,1.0
P06768,Excellent,0.0,0.0,1.0
P06769,Average,1.0,0.0,0.0
P06770,Good,0.0,1.0,0.0
P06771,Excellent,0.0,0.0,1.0
P06772,Average,1.0,0.0,0.0
P06773,Excellent,0.0,0.0,1.0
P06774,Excellent,0.0,0.0,1.0
P06775,Excellent,0.0,0.0,1.0
P06776,Good,0.0,1.0,0.0
P06777,Excellent,0.0,0.0,1.0
P06778,Good,0.0,1.0,0.0
P06779,Excellent,0.0,0.0,1.0
P06780,Average,1.0,0.0,0.0
P06781,Good,0.0,1.0,0.0
P06782,Good,0.0,1.0,0.0
P06783,Good,0.0,1.0,0.0
P06784,Good,0.0,1.0,0.0
P06785,Good,0.0,1.0,0.0
P06786,Good,0.0,1.0,0.0
P06787,Average,1.0,0.0,0.0
P06788,Good,0.0,1.0,0.0
P06789,Excellent,0.0,0.0,1.0
P06790,Good,0.0,1.0,0.0
P06791,Good,0.0,1.0,0.0
P06792,Good,0.0,1.0,0.0
P06793,Average,1.0,0.0,0.0
P06794,Good,0.0,1.0,0.0
P06795,Excellent,0.0,0.0,1.0
P06796,Good,0.0,1.0,0.0
P06797,Good,0.0,1.0,0.0
P06798,Good,0.0,1.0,0.0
P06799,Good,0.0,1.0,0.0
P06800,Average,1.0,0.0,0.0
P06801,Good,0.0,1.0,0.0
P06802,Excellent,0.0,0.0,1.0
P06803,Average,1.0,0.0,0.0
P06804,Good,0.0,1.0,0.0
P06805,Good,0.0,1.0,0.0
P06806,Good,0.0,1.0,0.0
P06807,Good,0.0,1.0,0.0
P06808,Average,1.0,0.0,0.0
P06809,Good,0.0,1.0,0.0
P06810,Good,0.0,1.0,0.0
P06811,Good,0.0,1.0,0.0
P06812,Excellent,0.0,0.0,1.0
P06813,Good,0.0,1.0,0.0
P06814,Good,0.0,1.0,0.0
P06815,Good,0.0,1.0,0.0
P06816,Good,0.0,1.0,0.0
P06817,Excellent,0.0,0.0,1.0
P06818,Excellent,0.0,0.0,1.0
P06819,Excellent,0.0,0.0,1.0
P06820,Good,0.0,1.0,0.0
P06821,Average,1.0,0.0,0.0
P06822,Good,0.0,1.0,0.0
P06823,Average,1.0,0.0,0.0
P06824,Average,1.0,0.0,0.0
P06825,Good,0.0,1.0,0.0
P06826,Excellent,0.0,0.0,1.0
P06827,Good,0.0,1.0,0.0
P06828,Good,0.0,1.0,0.0
P06829,Average,1.0,0.0,0.0
P06830,Good,0.0,1.0,0.0
P06831,Average,1.0,0.0,0.0
P06832,Good,0.0,1.0,0.0
P06833,Average,1.0,0.0,0.0
P06834,Good,0.0,1.0,0.0
P06835,Average,1.0,0.0,0.0
P06836,Average,1.0,0.0,0.0
P06837,Average,1.0,0.0,0.0
P06838,Excellent,0.0,0.0,1.0
P06839,Good,0.0,1.0,0.0
P06840,Excellent,0.0,0.0,1.0
P06841,Excellent,0.0,0.0,1.0
P06842,Average,1.0,0.0,0.0
P06843,Excellent,0.0,0.0,1.0
P06844,Excellent,0.0,0.0,1.0
P06845,Average,1.0,0.0,0.0
P06846,Excellent,0.0,0.0,1.0
P06847,Good,0.0,1.0,0.0
P06848,Good,0.0,1.0,0.0
P06849,Good,0.0,1.0,0.0
P06850,Good,0.0,1.0,0.0
P06851,Excellent,0.0,0.0,1.0
P06852,Good,0.0,1.0,0.0
P06853,Good,0.0,1.0,0.0
P06854,Good,0.0,1.0,0.0
P06855,Excellent,0.0,0.0,1.0
P06856,Average,1.0,0.0,0.0
P06857,Excellent,0.0,0.0,1.0
P06858,Good,0.0,1.0,0.0
P06859,Good,0.0,1.0,0.0
P06860,Excellent,0.0,0.0,1.0
P06861,Average,1.0,0.0,0.0
P06862,Average,1.0,0.0,0.0
P06863,Good,0.0,1.0,0.0
P06864,Average,1.0,0.0,0.0
P06865,Good,0.0,1.0,0.0
P06866,Good,0.0,1.0,0.0
P06867,Good,0.0,1.0,0.0
P06868,Good,0.0,1.0,0.0
P06869,Good,0.0,1.0,0.0
P06870,Average,1.0,0.0,0.0
P06871,Good,0.0,1.0,0.0
P06872,Good,0.0,1.0,0.0
P06873,Good,0.0,1.0,0.0
P06874,Good,0.0,1.0,0.0
P06875,Excellent,0.0,0.0,1.0
P06876,Good,0.0,1.0,0.0
P06877,Good,0.0,1.0,0.0
P06878,Excellent,0.0,0.0,1.0
P06879,Good,0.0,1.0,0.0
P06880,Good,0.0,1.0,0.0
P06881,Good,0.0,1.0,0.0
P06882,Excellent,0.0,0.0,1.0
P06883,Excellent,0.0,0.0,1.0
P06884,Good,0.0,1.0,0.0
P06885,Good,0.0,1.0,0.0
P06886,Excellent,0.0,0.0,1.0
P06887,Excellent,0.0,0.0,1.0
P06888,Excellent,0.0,0.0,1.0
P06889,Average,1.0,0.0,0.0
P06890,Excellent,0.0,0.0,1.0
P06891,Average,1.0,0.0,0.0
P06892,Average,1.0,0.0,0.0
P06893,Excellent,0.0,0.0,1.0
P06894,Good,0.0,1.0,0.0
P06895,Good,0.0,1.0,0.0
P06896,Good,0.0,1.0,0.0
P06897,Excellent,0.0,0.0,1.0
P06898,Good,0.0,1.0,0.0
P06899,Good,0.0,1.0,0.0
P06900,Good,0.0,1.0,0.0
P06901,Good,0.0,1.0,0.0
P06902,Excellent,0.0,0.0,1.0
P06903,Good,0.0,1.0,0.0
P06904,Good,0.0,1.0,0.0
P06905,Good,0.0,1.0,0.0
P06906,Excellent,0.0,0.0,1.0
P06907,Excellent,0.0,0.0,1.0
P06908,Good,0.0,1.0,0.0
P06909,Excellent,0.0,0.0,1.0
P06910,Good,0.0,1.0,0.0
P06911,Average,1.0,0.0,0.0
P06912,Good,0.0,1.0,0.0
P06913,Good,0.0,1.0,0.0
P06914,Good,0.0,1.0,0.0
P06915,Excellent,0.0,0.0,1.0
P06916,Excellent,0.0,0.0,1.0
P06917,Good,0.0,1.0,0.0
P06918,Good,0.0,1.0,0.0
P06919,Excellent,0.0,0.0,1.0
P06920,Excellent,0.0,0.0,1.0
P06921,Good,0.0,1.0,0.0
P06922,Good,0.0,1.0,0.0
P06923,Good,0.0,1.0,0.0
P06924,Excellent,0.0,0.0,1.0
P06925,Average,1.0,0.0,0.0
P06926,Average,1.0,0.0,0.0
P06927,Excellent,0.0,0.0,1.0
P06928,Excellent,0.0,0.0,1.0
P06929,Average,1.0,0.0,0.0
P06930,Average,1.0,0.0,0.0
P06931,Average,1.0,0.0,0.0
P06932,Good,0.0,1.0,0.0
P06933,Good,0.0,1.0,0.0
P06934,Average,1.0,0.0,0.0
P06935,Good,0.0,1.0,0.0
P06936,Good,0.0,1.0,0.0
P06937,Good,0.0,1.0,0.0
P06938,Good,0.0,1.0,0.0
P06939,Good,0.0,1.0,0.0
P06940,Average,1.0,0.0,0.0
P06941,Good,0.0,1.0,0.0
P06942,Average,1.0,0.0,0.0
P06943,Excellent,0.0,0.0,1.0
P06944,Good,0.0,1.0,0.0
P06945,Excellent,0.0,0.0,1.0
P06946,Excellent,0.0,0.0,1.0
P06947,Good,0.0,1.0,0.0
P06948,Good,0.0,1.0,0.0
P06949,Good,0.0,1.0,0.0
P06950,Excellent,0.0,0.0,1.0
P06951,Good,0.0,1.0,0.0
P06952,Good,0.0,1.0,0.0
P06953,Excellent,0.0,0.0,1.0
P06954,Excellent,0.0,0.0,1.0
P06955,Excellent,0.0,0.0,1.0
P06956,Excellent,0.0,0.0,1.0
P06957,Good,0.0,1.0,0.0
P06958,Good,0.0,1.0,0.0
P06959,Excellent,0.0,0.0,1.0
P06960,Good,0.0,1.0,0.0
P06961,Excellent,0.0,0.0,1.0
P06962,Good,0.0,1.0,0.0
P06963,Average,1.0,0.0,0.0
P06964,Good,0.0,1.0,0.0
P06965,Average,1.0,0.0,0.0
P06966,Good,0.0,1.0,0.0
P06967,Excellent,0.0,0.0,1.0
P06968,Average,1.0,0.0,0.0
P06969,Excellent,0.0,0.0,1.0
P06970,Good,0.0,1.0,0.0
P06971,Excellent,0.0,0.0,1.0
P06972,Excellent,0.0,0.0,1.0
P06973,Good,0.0,1.0,0.0
P06974,Excellent,0.0,0.0,1.0
P06975,Excellent,0.0,0.0,1.0
P06976,Average,1.0,0.0,0.0
P06977,Good,0.0,1.0,0.0
P06978,Good,0.0,1.0,0.0
P06979,Good,0.0,1.0,0.0
P06980,Good,0.0,1.0,0.0
P06981,Good,0.0,1.0,0.0
P06982,Excellent,0.0,0.0,1.0
P06983,Average,1.0,0.0,0.0
P06984,Excellent,0.0,0.0,1.0
P06985,Excellent,0.0,0.0,1.0
P06986,Good,0.0,1.0,0.0
P06987,Excellent,0.0,0.0,1.0
P06988,Good,0.0,1.0,0.0
P06989,Average,1.0,0.0,0.0
P06990,Good,0.0,1.0,0.0
P06991,Good,0.0,1.0,0.0
P06992,Excellent,0.0,0.0,1.0
P06993,Average,1.0,0.0,0.0
P06994,Excellent,0.0,0.0,1.0
P06995,Good,0.0,1.0,0.0
P06996,Good,0.0,1.0,0.0
P06997,Excellent,0.0,0.0,1.0
P06998,Good,0.0,1.0,0.0
P06999,Good,0.0,1.0,0.0
P07000,Excellent,0.0,0.0,1.0
P07001,Average,1.0,0.0,0.0
P07002,Average,1.0,0.0,0.0
P07003,Excellent,0.0,0.0,1.0
P07004,Average,1.0,0.0,0.0
P07005,Good,0.0,1.0,0.0
P07006,Good,0.0,1.0,0.0
P07007,Good,0.0,1.0,0.0
P07008,Average,1.0,0.0,0.0
P07009,Good,0.0,1.0,0.0
P07010,Good,0.0,1.0,0.0
P07011,Excellent,0.0,0.0,1.0
P07012,Average,1.0,0.0,0.0
P07013,Good,0.0,1.0,0.0
P07014,Good,0.0,1.0,0.0
P07015,Excellent,0.0,0.0,1.0
P07016,Average,1.0,0.0,0.0
P07017,Excellent,0.0,0.0,1.0
P07018,Good,0.0,1.0,0.0
P07019,Average,1.0,0.0,0.0
P07020,Average,1.0,0.0,0.0
P07021,Good,0.0,1.0,0.0
P07022,Excellent,0.0,0.0,1.0
P07023,Average,1.0,0.0,0.0
P07024,Average,1.0,0.0,0.0
P07025,Good,0.0,1.0,0.0
P07026,Excellent,0.0,0.0,1.0
P07027,Excellent,0.0,0.0,1.0
P07028,Good,0.0,1.0,0.0
P07029,Good,0.0,1.0,0.0
P07030,Average,1.0,0.0,0.0
P07031,Excellent,0.0,0.0,1.0
P07032,Good,0.0,1.0,0.0
P07033,Excellent,0.0,0.0,1.0
P07034,Excellent,0.0,0.0,1.0
P07035,Good,0.0,1.0,0.0
P07036,Good,0.0,1.0,0.0
P07037,Average,1.0,0.0,0.0
P07038,Good,0.0,1.0,0.0
P07039,Good,0.0,1.0,0.0
P07040,Average,1.0,0.0,0.0
P07041,Good,0.0,1.0,0.0
P07042,Average,1.0,0.0,0.0
P07043,Good,0.0,1.0,0.0
P07044,Excellent,0.0,0.0,1.0
P07045,Average,1.0,0.0,0.0
P07046,Good,0.0,1.0,0.0
P07047,Average,1.0,0.0,0.0
P07048,Excellent,0.0,0.0,1.0
P07049,Good,0.0,1.0,0.0
P07050,Excellent,0.0,0.0,1.0
P07051,Excellent,0.0,0.0,1.0
P07052,Average,1.0,0.0,0.0
P07053,Excellent,0.0,0.0,1.0
P07054,Average,1.0,0.0,0.0
P07055,Good,0.0,1.0,0.0
P07056,Excellent,0.0,0.0,1.0
P07057,Excellent,0.0,0.0,1.0
P07058,Good,0.0,1.0,0.0
P07059,Average,1.0,0.0,0.0
P07060,Excellent,0.0,0.0,1.0
P07061,Average,1.0,0.0,0.0
P07062,Average,1.0,0.0,0.0
P07063,Good,0.0,1.0,0.0
P07064,Good,0.0,1.0,0.0
P07065,Good,0.0,1.0,0.0
P07066,Good,0.0,1.0,0.0
P07067,Good,0.0,1.0,0.0
P07068,Good,0.0,1.0,0.0
P07069,Excellent,0.0,0.0,1.0
P07070,Good,0.0,1.0,0.0
P07071,Good,0.0,1.0,0.0
P07072,Good,0.0,1.0,0.0
P07073,Good,0.0,1.0,0.0
P07074,Good,0.0,1.0,0.0
P07075,Average,1.0,0.0,0.0
P07076,Excellent,0.0,0.0,1.0
P07077,Average,1.0,0.0,0.0
P07078,Good,0.0,1.0,0.0
P07079,Good,0.0,1.0,0.0
P07080,Excellent,0.0,0.0,1.0
P07081,Excellent,0.0,0.0,1.0
P07082,Average,1.0,0.0,0.0
P07083,Good,0.0,1.0,0.0
P07084,Good,0.0,1.0,0.0
P07085,Average,1.0,0.0,0.0
P07086,Good,0.0,1.0,0.0
P07087,Average,1.0,0.0,0.0
P07088,Good,0.0,1.0,0.0
P07089,Excellent,0.0,0.0,1.0
P07090,Good,0.0,1.0,0.0
P07091,Good,0.0,1.0,0.0
P07092,Good,0.0,1.0,0.0
P07093,Average,1.0,0.0,0.0
P07094,Excellent,0.0,0.0,1.0
P07095,Excellent,0.0,0.0,1.0
P07096,Good,0.0,1.0,0.0
P07097,Excellent,0.0,0.0,1.0
P07098,Average,1.0,0.0,0.0
P07099,Good,0.0,1.0,0.0
P07100,Excellent,0.0,0.0,1.0
P07101,Excellent,0.0,0.0,1.0
P07102,Excellent,0.0,0.0,1.0
P07103,Average,1.0,0.0,0.0
P07104,Excellent,0.0,0.0,1.0
P07105,Good,0.0,1.0,0.0
P07106,Average,1.0,0.0,0.0
P07107,Excellent,0.0,0.0,1.0
P07108,Good,0.0,1.0,0.0
P07109,Average,1.0,0.0,0.0
P07110,Good,0.0,1.0,0.0
P07111,Average,1.0,0.0,0.0
P07112,Good,0.0,1.0,0.0
P07113,Good,0.0,1.0,0.0
P07114,Good,0.0,1.0,0.0
P07115,Average,1.0,0.0,0.0
P07116,Good,0.0,1.0,0.0
P07117,Average,1.0,0.0,0.0
P07118,Average,1.0,0.0,0.0
P07119,Excellent,0.0,0.0,1.0
P07120,Excellent,0.0,0.0,1.0
P07121,Good,0.0,1.0,0.0
P07122,Excellent,0.0,0.0,1.0
P07123,Excellent,0.0,0.0,1.0
P07124,Good,0.0,1.0,0.0
P07125,Good,0.0,1.0,0.0
P07126,Average,1.0,0.0,0.0
P07127,Average,1.0,0.0,0.0
P07128,Average,1.0,0.0,0.0
P07129,Excellent,0.0,0.0,1.0
P07130,Excellent,0.0,0.0,1.0
P07131,Average,1.0,0.0,0.0
P07132,Excellent,0.0,0.0,1.0
P07133,Average,1.0,0.0,0.0
P07134,Excellent,0.0,0.0,1.0
P07135,Good,0.0,1.0,0.0
P07136,Good,0.0,1.0,0.0
P07137,Good,0.0,1.0,0.0
P07138,Good,0.0,1.0,0.0
P07139,Excellent,0.0,0.0,1.0
P07140,Excellent,0.0,0.0,1.0
P07141,Average,1.0,0.0,0.0
P07142,Excellent,0.0,0.0,1.0
P07143,Good,0.0,1.0,0.0
P07144,Average,1.0,0.0,0.0
P07145,Good,0.0,1.0,0.0
P07146,Good,0.0,1.0,0.0
P07147,Good,0.0,1.0,0.0
P07148,Excellent,0.0,0.0,1.0
P07149,Excellent,0.0,0.0,1.0
P07150,Average,1.0,0.0,0.0
P07151,Good,0.0,1.0,0.0
P07152,Good,0.0,1.0,0.0
P07153,Good,0.0,1.0,0.0
P07154,Average,1.0,0.0,0.0
P07155,Good,0.0,1.0,0.0
P07156,Good,0.0,1.0,0.0
P07157,Good,0.0,1.0,0.0
P07158,Average,1.0,0.0,0.0
P07159,Good,0.0,1.0,0.0
P07160,Good,0.0,1.0,0.0
P07161,Good,0.0,1.0,0.0
P07162,Good,0.0,1.0,0.0
P07163,Excellent,0.0,0.0,1.0
P07164,Average,1.0,0.0,0.0
P07165,Excellent,0.0,0.0,1.0
P07166,Excellent,0.0,0.0,1.0
P07167,Excellent,0.0,0.0,1.0
P07168,Average,1.0,0.0,0.0
P07169,Good,0.0,1.0,0.0
P07170,Average,1.0,0.0,0.0
P07171,Average,1.0,0.0,0.0
P07172,Good,0.0,1.0,0.0
P07173,Excellent,0.0,0.0,1.0
P07174,Good,0.0,1.0,0.0
P07175,Good,0.0,1.0,0.0
P07176,Good,0.0,1.0,0.0
P07177,Excellent,0.0,0.0,1.0
P07178,Good,0.0,1.0,0.0
P07179,Good,0.0,1.0,0.0
P07180,Excellent,0.0,0.0,1.0
P07181,Excellent,0.0,0.0,1.0
P07182,Average,1.0,0.0,0.0
P07183,Good,0.0,1.0,0.0
P07184,Excellent,0.0,0.0,1.0
P07185,Good,0.0,1.0,0.0
P07186,Good,0.0,1.0,0.0
P07187,Average,1.0,0.0,0.0
P07188,Good,0.0,1.0,0.0
P07189,Excellent,0.0,0.0,1.0
P07190,Excellent,0.0,0.0,1.0
P07191,Excellent,0.0,0.0,1.0
P07192,Good,0.0,1.0,0.0
P07193,Good,0.0,1.0,0.0
P07194,Excellent,0.0,0.0,1.0
P07195,Average,1.0,0.0,0.0
P07196,Excellent,0.0,0.0,1.0
P07197,Excellent,0.0,0.0,1.0
P07198,Good,0.0,1.0,0.0
P07199,Excellent,0.0,0.0,1.0
P07200,Excellent,0.0,0.0,1.0
P07201,Excellent,0.0,0.0,1.0
P07202,Good,0.0,1.0,0.0
P07203,Good,0.0,1.0,0.0
P07204,Good,0.0,1.0,0.0
P07205,Excellent,0.0,0.0,1.0
P07206,Good,0.0,1.0,0.0
P07207,Good,0.0,1.0,0.0
P07208,Average,1.0,0.0,0.0
P07209,Excellent,0.0,0.0,1.0
P07210,Average,1.0,0.0,0.0
P07211,Excellent,0.0,0.0,1.0
P07212,Good,0.0,1.0,0.0
P07213,Good,0.0,1.0,0.0
P07214,Excellent,0.0,0.0,1.0
P07215,Excellent,0.0,0.0,1.0
P07216,Good,0.0,1.0,0.0
P07217,Good,0.0,1.0,0.0
P07218,Excellent,0.0,0.0,1.0
P07219,Excellent,0.0,0.0,1.0
P07220,Excellent,0.0,0.0,1.0
P07221,Excellent,0.0,0.0,1.0
P07222,Excellent,0.0,0.0,1.0
P07223,Excellent,0.0,0.0,1.0
P07224,Excellent,0.0,0.0,1.0
P07225,Good,0.0,1.0,0.0
P07226,Good,0.0,1.0,0.0
P07227,Good,0.0,1.0,0.0
P07228,Excellent,0.0,0.0,1.0
P07229,Excellent,0.0,0.0,1.0
P07230,Excellent,0.0,0.0,1.0
P07231,Average,1.0,0.0,0.0
P07232,Excellent,0.0,0.0,1.0
P07233,Excellent,0.0,0.0,1.0
P07234,Excellent,0.0,0.0,1.0
P07235,Excellent,0.0,0.0,1.0
P07236,Excellent,0.0,0.0,1.0
P07237,Good,0.0,1.0,0.0
P07238,Average,1.0,0.0,0.0
P07239,Good,0.0,1.0,0.0
P07240,Good,0.0,1.0,0.0
P07241,Good,0.0,1.0,0.0
P07242,Good,0.0,1.0,0.0
P07243,Excellent,0.0,0.0,1.0
P07244,Excellent,0.0,0.0,1.0
P07245,Excellent,0.0,0.0,1.0
P07246,Good,0.0,1.0,0.0
P07247,Excellent,0.0,0.0,1.0
P07248,Excellent,0.0,0.0,1.0
P07249,Good,0.0,1.0,0.0
P07250,Good,0.0,1.0,0.0
P07251,Good,0.0,1.0,0.0
P07252,Good,0.0,1.0,0.0
P07253,Excellent,0.0,0.0,1.0
P07254,Excellent,0.0,0.0,1.0
P07255,Good,0.0,1.0,0.0
P07256,Good,0.0,1.0,0.0
P07257,Average,1.0,0.0,0.0
P07258,Excellent,0.0,0.0,1.0
P07259,Average,1.0,0.0,0.0
P07260,Excellent,0.0,0.0,1.0
P07261,Good,0.0,1.0,0.0
P07262,Excellent,0.0,0.0,1.0
P07263,Excellent,0.0,0.0,1.0
P07264,Good,0.0,1.0,0.0
P07265,Good,0.0,1.0,0.0
P07266,Good,0.0,1.0,0.0
P07267,Average,1.0,0.0,0.0
P07268,Average,1.0,0.0,0.0
P07269,Excellent,0.0,0.0,1.0
P07270,Good,0.0,1.0,0.0
P07271,Good,0.0,1.0,0.0
P07272,Good,0.0,1.0,0.0
P07273,Average,1.0,0.0,0.0
P07274,Good,0.0,1.0,0.0
P07275,Excellent,0.0,0.0,1.0
P07276,Good,0.0,1.0,0.0
P07277,Good,0.0,1.0,0.0
P07278,Average,1.0,0.0,0.0
P07279,Good,0.0,1.0,0.0
P07280,Good,0.0,1.0,0.0
P07281,Good,0.0,1.0,0.0
P07282,Excellent,0.0,0.0,1.0
P07283,Good,0.0,1.0,0.0
P07284,Good,0.0,1.0,0.0
P07285,Excellent,0.0,0.0,1.0
P07286,Average,1.0,0.0,0.0
P07287,Excellent,0.0,0.0,1.0
P07288,Good,0.0,1.0,0.0
P07289,Good,0.0,1.0,0.0
P07290,Good,0.0,1.0,0.0
P07291,Average,1.0,0.0,0.0
P07292,Good,0.0,1.0,0.0
P07293,Excellent,0.0,0.0,1.0
P07294,Good,0.0,1.0,0.0
P07295,Excellent,0.0,0.0,1.0
P07296,Excellent,0.0,0.0,1.0
P07297,Good,0.0,1.0,0.0
P07298,Average,1.0,0.0,0.0
P07299,Good,0.0,1.0,0.0
P07300,Excellent,0.0,0.0,1.0
P07301,Good,0.0,1.0,0.0
P07302,Excellent,0.0,0.0,1.0
P07303,Average,1.0,0.0,0.0
P07304,Excellent,0.0,0.0,1.0
P07305,Good,0.0,1.0,0.0
P07306,Excellent,0.0,0.0,1.0
P07307,Excellent,0.0,0.0,1.0
P07308,Good,0.0,1.0,0.0
P07309,Average,1.0,0.0,0.0
P07310,Excellent,0.0,0.0,1.0
P07311,Good,0.0,1.0,0.0
P07312,Excellent,0.0,0.0,1.0
P07313,Good,0.0,1.0,0.0
P07314,Excellent,0.0,0.0,1.0
P07315,Excellent,0.0,0.0,1.0
P07316,Excellent,0.0,0.0,1.0
P07317,Average,1.0,0.0,0.0
P07318,Good,0.0,1.0,0.0
P07319,Excellent,0.0,0.0,1.0
P07320,Good,0.0,1.0,0.0
P07321,Good,0.0,1.0,0.0
P07322,Excellent,0.0,0.0,1.0
P07323,Good,0.0,1.0,0.0
P07324,Average,1.0,0.0,0.0
P07325,Good,0.0,1.0,0.0
P07326,Excellent,0.0,0.0,1.0
P07327,Good,0.0,1.0,0.0
P07328,Excellent,0.0,0.0,1.0
P07329,Average,1.0,0.0,0.0
P07330,Good,0.0,1.0,0.0
P07331,Good,0.0,1.0,0.0
P07332,Good,0.0,1.0,0.0
P07333,Excellent,0.0,0.0,1.0
P07334,Excellent,0.0,0.0,1.0
P07335,Excellent,0.0,0.0,1.0
P07336,Good,0.0,1.0,0.0
P07337,Average,1.0,0.0,0.0
P07338,Good,0.0,1.0,0.0
P07339,Excellent,0.0,0.0,1.0
P07340,Average,1.0,0.0,0.0
P07341,Good,0.0,1.0,0.0
P07342,Excellent,0.0,0.0,1.0
P07343,Good,0.0,1.0,0.0
P07344,Good,0.0,1.0,0.0
P07345,Excellent,0.0,0.0,1.0
P07346,Excellent,0.0,0.0,1.0
P07347,Good,0.0,1.0,0.0
P07348,Excellent,0.0,0.0,1.0
P07349,Excellent,0.0,0.0,1.0
P07350,Good,0.0,1.0,0.0
P07351,Good,0.0,1.0,0.0
P07352,Average,1.0,0.0,0.0
P07353,Excellent,0.0,0.0,1.0
P07354,Good,0.0,1.0,0.0
P07355,Excellent,0.0,0.0,1.0
P07356,Average,1.0,0.0,0.0
P07357,Good,0.0,1.0,0.0
P07358,Excellent,0.0,0.0,1.0
P07359,Excellent,0.0,0.0,1.0
P07360,Good,0.0,1.0,0.0
P07361,Average,1.0,0.0,0.0
P07362,Good,0.0,1.0,0.0
P07363,Excellent,0.0,0.0,1.0
P07364,Good,0.0,1.0,0.0
P07365,Good,0.0,1.0,0.0
P07366,Average,1.0,0.0,0.0
P07367,Excellent,0.0,0.0,1.0
P07368,Good,0.0,1.0,0.0
P07369,Excellent,0.0,0.0,1.0
P07370,Good,0.0,1.0,0.0
P07371,Good,0.0,1.0,0.0
P07372,Good,0.0,1.0,0.0
P07373,Good,0.0,1.0,0.0
P07374,Average,1.0,0.0,0.0
P07375,Excellent,0.0,0.0,1.0
P07376,Excellent,0.0,0.0,1.0
P07377,Good,0.0,1.0,0.0
P07378,Excellent,0.0,0.0,1.0
P07379,Average,1.0,0.0,0.0
P07380,Good,0.0,1.0,0.0
P07381,Good,0.0,1.0,0.0
P07382,Average,1.0,0.0,0.0
P07383,Excellent,0.0,0.0,1.0
P07384,Excellent,0.0,0.0,1.0
P07385,Average,1.0,0.0,0.0
P07386,Good,0.0,1.0,0.0
P07387,Good,0.0,1.0,0.0
P07388,Excellent,0.0,0.0,1.0
P07389,Good,0.0,1.0,0.0
P07390,Good,0.0,1.0,0.0
P07391,Excellent,0.0,0.0,1.0
P07392,Good,0.0,1.0,0.0
P07393,Average,1.0,0.0,0.0
P07394,Good,0.0,1.0,0.0
P07395,Excellent,0.0,0.0,1.0
P07396,Average,1.0,0.0,0.0
P07397,Excellent,0.0,0.0,1.0
P07398,Excellent,0.0,0.0,1.0
P07399,Good,0.0,1.0,0.0
P07400,Excellent,0.0,0.0,1.0
P07401,Average,1.0,0.0,0.0
P07402,Average,1.0,0.0,0.0
P07403,Excellent,0.0,0.0,1.0
P07404,Excellent,0.0,0.0,1.0
P07405,Good,0.0,1.0,0.0
P07406,Good,0.0,1.0,0.0
P07407,Good,0.0,1.0,0.0
P07408,Good,0.0,1.0,0.0
P07409,Good,0.0,1.0,0.0
P07410,Average,1.0,0.0,0.0
P07411,Good,0.0,1.0,0.0
P07412,Average,1.0,0.0,0.0
P07413,Excellent,0.0,0.0,1.0
P07414,Good,0.0,1.0,0.0
P07415,Good,0.0,1.0,0.0
P07416,Good,0.0,1.0,0.0
P07417,Good,0.0,1.0,0.0
P07418,Excellent,0.0,0.0,1.0
P07419,Excellent,0.0,0.0,1.0
P07420,Good,0.0,1.0,0.0
P07421,Excellent,0.0,0.0,1.0
P07422,Good,0.0,1.0,0.0
P07423,Excellent,0.0,0.0,1.0
P07424,Average,1.0,0.0,0.0
P07425,Excellent,0.0,0.0,1.0
P07426,Good,0.0,1.0,0.0
P07427,Excellent,0.0,0.0,1.0
P07428,Excellent,0.0,0.0,1.0
P07429,Average,1.0,0.0,0.0
P07430,Excellent,0.0,0.0,1.0
P07431,Excellent,0.0,0.0,1.0
P07432,Good,0.0,1.0,0.0
P07433,Good,0.0,1.0,0.0
P07434,Good,0.0,1.0,0.0
P07435,Good,0.0,1.0,0.0
P07436,Excellent,0.0,0.0,1.0
P07437,Average,1.0,0.0,0.0
P07438,Excellent,0.0,0.0,1.0
P07439,Excellent,0.0,0.0,1.0
P07440,Good,0.0,1.0,0.0
P07441,Good,0.0,1.0,0.0
P07442,Good,0.0,1.0,0.0
P07443,Excellent,0.0,0.0,1.0
P07444,Excellent,0.0,0.0,1.0
P07445,Average,1.0,0.0,0.0
P07446,Good,0.0,1.0,0.0
P07447,Good,0.0,1.0,0.0
P07448,Good,0.0,1.0,0.0
P07449,Excellent,0.0,0.0,1.0
P07450,Good,0.0,1.0,0.0
P07451,Excellent,0.0,0.0,1.0
P07452,Excellent,0.0,0.0,1.0
P07453,Good,0.0,1.0,0.0
P07454,Good,0.0,1.0,0.0
P07455,Good,0.0,1.0,0.0
P07456,Good,0.0,1.0,0.0
P07457,Good,0.0,1.0,0.0
P07458,Excellent,0.0,0.0,1.0
P07459,Excellent,0.0,0.0,1.0
P07460,Good,0.0,1.0,0.0
P07461,Good,0.0,1.0,0.0
P07462,Excellent,0.0,0.0,1.0
P07463,Average,1.0,0.0,0.0
P07464,Good,0.0,1.0,0.0
P07465,Excellent,0.0,0.0,1.0
P07466,Excellent,0.0,0.0,1.0
P07467,Excellent,0.0,0.0,1.0
P07468,Average,1.0,0.0,0.0
P07469,Excellent,0.0,0.0,1.0
P07470,Average,1.0,0.0,0.0
P07471,Good,0.0,1.0,0.0
P07472,Good,0.0,1.0,0.0
P07473,Excellent,0.0,0.0,1.0
P07474,Good,0.0,1.0,0.0
P07475,Excellent,0.0,0.0,1.0
P07476,Good,0.0,1.0,0.0
P07477,Good,0.0,1.0,0.0
P07478,Good,0.0,1.0,0.0
P07479,Excellent,0.0,0.0,1.0
P07480,Good,0.0,1.0,0.0
P07481,Good,0.0,1.0,0.0
P07482,Good,0.0,1.0,0.0
P07483,Excellent,0.0,0.0,1.0
P07484,Good,0.0,1.0,0.0
P07485,Excellent,0.0,0.0,1.0
P07486,Good,0.0,1.0,0.0
P07487,Average,1.0,0.0,0.0
P07488,Good,0.0,1.0,0.0
P07489,Average,1.0,0.0,0.0
P07490,Average,1.0,0.0,0.0
P07491,Good,0.0,1.0,0.0
P07492,Good,0.0,1.0,0.0
P07493,Excellent,0.0,0.0,1.0
P07494,Excellent,0.0,0.0,1.0
P07495,Excellent,0.0,0.0,1.0
P07496,Good,0.0,1.0,0.0
P07497,Excellent,0.0,0.0,1.0
P07498,Average,1.0,0.0,0.0
P07499,Excellent,0.0,0.0,1.0
P07500,Good,0.0,1.0,0.0
P07501,Average,1.0,0.0,0.0
P07502,Excellent,0.0,0.0,1.0
P07503,Good,0.0,1.0,0.0
P07504,Good,0.0,1.0,0.0
P07505,Excellent,0.0,0.0,1.0
P07506,Excellent,0.0,0.0,1.0
P07507,Excellent,0.0,0.0,1.0
P07508,Good,0.0,1.0,0.0
P07509,Good,0.0,1.0,0.0
P07510,Good,0.0,1.0,0.0
P07511,Excellent,0.0,0.0,1.0
P07512,Good,0.0,1.0,0.0
P07513,Average,1.0,0.0,0.0
P07514,Good,0.0,1.0,0.0
P07515,Good,0.0,1.0,0.0
P07516,Excellent,0.0,0.0,1.0
P07517,Excellent,0.0,0.0,1.0
P07518,Good,0.0,1.0,0.0
P07519,Good,0.0,1.0,0.0
P07520,Good,0.0,1.0,0.0
P07521,Good,0.0,1.0,0.0
P07522,Excellent,0.0,0.0,1.0
P07523,Good,0.0,1.0,0.0
P07524,Excellent,0.0,0.0,1.0
P07525,Average,1.0,0.0,0.0
P07526,Average,1.0,0.0,0.0
P07527,Good,0.0,1.0,0.0
P07528,Average,1.0,0.0,0.0
P07529,Good,0.0,1.0,0.0
P07530,Good,0.0,1.0,0.0
P07531,Excellent,0.0,0.0,1.0
P07532,Excellent,0.0,0.0,1.0
P07533,Average,1.0,0.0,0.0
P07534,Good,0.0,1.0,0.0
P07535,Average,1.0,0.0,0.0
P07536,Good,0.0,1.0,0.0
P07537,Excellent,0.0,0.0,1.0
P07538,Good,0.0,1.0,0.0
P07539,Excellent,0.0,0.0,1.0
P07540,Excellent,0.0,0.0,1.0
P07541,Good,0.0,1.0,0.0
P07542,Average,1.0,0.0,0.0
P07543,Average,1.0,0.0,0.0
P07544,Good,0.0,1.0,0.0
P07545,Good,0.0,1.0,0.0
P07546,Average,1.0,0.0,0.0
P07547,Average,1.0,0.0,0.0
P07548,Excellent,0.0,0.0,1.0
P07549,Good,0.0,1.0,0.0
P07550,Excellent,0.0,0.0,1.0
P07551,Average,1.0,0.0,0.0
P07552,Average,1.0,0.0,0.0
P07553,Good,0.0,1.0,0.0
P07554,Good,0.0,1.0,0.0
P07555,Good,0.0,1.0,0.0
P07556,Excellent,0.0,0.0,1.0
P07557,Good,0.0,1.0,0.0
P07558,Average,1.0,0.0,0.0
P07559,Good,0.0,1.0,0.0
P07560,Good,0.0,1.0,0.0
P07561,Excellent,0.0,0.0,1.0
P07562,Excellent,0.0,0.0,1.0
P07563,Good,0.0,1.0,0.0
P07564,Good,0.0,1.0,0.0
P07565,Excellent,0.0,0.0,1.0
P07566,Good,0.0,1.0,0.0
P07567,Excellent,0.0,0.0,1.0
P07568,Excellent,0.0,0.0,1.0
P07569,Average,1.0,0.0,0.0
P07570,Good,0.0,1.0,0.0
P07571,Good,0.0,1.0,0.0
P07572,Good,0.0,1.0,0.0
P07573,Average,1.0,0.0,0.0
P07574,Good,0.0,1.0,0.0
P07575,Good,0.0,1.0,0.0
P07576,Excellent,0.0,0.0,1.0
P07577,Good,0.0,1.0,0.0
P07578,Good,0.0,1.0,0.0
P07579,Excellent,0.0,0.0,1.0
P07580,Good,0.0,1.0,0.0
P07581,Good,0.0,1.0,0.0
P07582,Good,0.0,1.0,0.0
P07583,Excellent,0.0,0.0,1.0
P07584,Excellent,0.0,0.0,1.0
P07585,Excellent,0.0,0.0,1.0
P07586,Excellent,0.0,0.0,1.0
P07587,Good,0.0,1.0,0.0
P07588,Good,0.0,1.0,0.0
P07589,Average,1.0,0.0,0.0
P07590,Average,1.0,0.0,0.0
P07591,Good,0.0,1.0,0.0
P07592,Average,1.0,0.0,0.0
P07593,Good,0.0,1.0,0.0
P07594,Good,0.0,1.0,0.0
P07595,Excellent,0.0,0.0,1.0
P07596,Average,1.0,0.0,0.0
P07597,Excellent,0.0,0.0,1.0
P07598,Good,0.0,1.0,0.0
P07599,Excellent,0.0,0.0,1.0
P07600,Excellent,0.0,0.0,1.0
P07601,Average,1.0,0.0,0.0
P07602,Good,0.0,1.0,0.0
P07603,Excellent,0.0,0.0,1.0
P07604,Good,0.0,1.0,0.0
P07605,Excellent,0.0,0.0,1.0
P07606,Good,0.0,1.0,0.0
P07607,Average,1.0,0.0,0.0
P07608,Excellent,0.0,0.0,1.0
P07609,Good,0.0,1.0,0.0
P07610,Excellent,0.0,0.0,1.0
P07611,Average,1.0,0.0,0.0
P07612,Excellent,0.0,0.0,1.0
P07613,Excellent,0.0,0.0,1.0
P07614,Good,0.0,1.0,0.0
P07615,Good,0.0,1.0,0.0
P07616,Average,1.0,0.0,0.0
P07617,Good,0.0,1.0,0.0
P07618,Good,0.0,1.0,0.0
P07619,Average,1.0,0.0,0.0
P07620,Good,0.0,1.0,0.0
P07621,Average,1.0,0.0,0.0
P07622,Good,0.0,1.0,0.0
P07623,Good,0.0,1.0,0.0
P07624,Excellent,0.0,0.0,1.0
P07625,Excellent,0.0,0.0,1.0
P07626,Excellent,0.0,0.0,1.0
P07627,Excellent,0.0,0.0,1.0
P07628,Average,1.0,0.0,0.0
P07629,Excellent,0.0,0.0,1.0
P07630,Excellent,0.0,0.0,1.0
P07631,Average,1.0,0.0,0.0
P07632,Excellent,0.0,0.0,1.0
P07633,Good,0.0,1.0,0.0
P07634,Good,0.0,1.0,0.0
P07635,Excellent,0.0,0.0,1.0
P07636,Average,1.0,0.0,0.0
P07637,Good,0.0,1.0,0.0
P07638,Good,0.0,1.0,0.0
P07639,Good,0.0,1.0,0.0
P07640,Excellent,0.0,0.0,1.0
P07641,Good,0.0,1.0,0.0
P07642,Excellent,0.0,0.0,1.0
P07643,Good,0.0,1.0,0.0
P07644,Good,0.0,1.0,0.0
P07645,Excellent,0.0,0.0,1.0
P07646,Excellent,0.0,0.0,1.0
P07647,Good,0.0,1.0,0.0
P07648,Good,0.0,1.0,0.0
P07649,Good,0.0,1.0,0.0
P07650,Good,0.0,1.0,0.0
P07651,Good,0.0,1.0,0.0
P07652,Excellent,0.0,0.0,1.0
P07653,Excellent,0.0,0.0,1.0
P07654,Average,1.0,0.0,0.0
P07655,Good,0.0,1.0,0.0
P07656,Excellent,0.0,0.0,1.0
P07657,Good,0.0,1.0,0.0
P07658,Average,1.0,0.0,0.0
P07659,Good,0.0,1.0,0.0
P07660,Excellent,0.0,0.0,1.0
P07661,Excellent,0.0,0.0,1.0
P07662,Average,1.0,0.0,0.0
P07663,Average,1.0,0.0,0.0
P07664,Good,0.0,1.0,0.0
P07665,Good,0.0,1.0,0.0
P07666,Good,0.0,1.0,0.0
P07667,Good,0.0,1.0,0.0
P07668,Good,0.0,1.0,0.0
P07669,Average,1.0,0.0,0.0
P07670,Good,0.0,1.0,0.0
P07671,Average,1.0,0.0,0.0
P07672,Good,0.0,1.0,0.0
P07673,Good,0.0,1.0,0.0
P07674,Good,0.0,1.0,0.0
P07675,Excellent,0.0,0.0,1.0
P07676,Good,0.0,1.0,0.0
P07677,Average,1.0,0.0,0.0
P07678,Good,0.0,1.0,0.0
P07679,Good,0.0,1.0,0.0
P07680,Good,0.0,1.0,0.0
P07681,Good,0.0,1.0,0.0
P07682,Excellent,0.0,0.0,1.0
P07683,Excellent,0.0,0.0,1.0
P07684,Good,0.0,1.0,0.0
P07685,Good,0.0,1.0,0.0
P07686,Good,0.0,1.0,0.0
P07687,Good,0.0,1.0,0.0
P07688,Good,0.0,1.0,0.0
P07689,Good,0.0,1.0,0.0
P07690,Excellent,0.0,0.0,1.0
P07691,Excellent,0.0,0.0,1.0
P07692,Good,0.0,1.0,0.0
P07693,Average,1.0,0.0,0.0
P07694,Good,0.0,1.0,0.0
P07695,Excellent,0.0,0.0,1.0
P07696,Good,0.0,1.0,0.0
P07697,Good,0.0,1.0,0.0
P07698,Excellent,0.0,0.0,1.0
P07699,Good,0.0,1.0,0.0
P07700,Good,0.0,1.0,0.0
P07701,Average,1.0,0.0,0.0
P07702,Good,0.0,1.0,0.0
P07703,Average,1.0,0.0,0.0
P07704,Good,0.0,1.0,0.0
P07705,Excellent,0.0,0.0,1.0
P07706,Good,0.0,1.0,0.0
P07707,Average,1.0,0.0,0.0
P07708,Good,0.0,1.0,0.0
P07709,Good,0.0,1.0,0.0
P07710,Good,0.0,1.0,0.0
P07711,Good,0.0,1.0,0.0
P07712,Average,1.0,0.0,0.0
P07713,Good,0.0,1.0,0.0
P07714,Excellent,0.0,0.0,1.0
P07715,Excellent,0.0,0.0,1.0
P07716,Excellent,0.0,0.0,1.0
P07717,Excellent,0.0,0.0,1.0
P07718,Excellent,0.0,0.0,1.0
P07719,Average,1.0,0.0,0.0
P07720,Average,1.0,0.0,0.0
P07721,Good,0.0,1.0,0.0
P07722,Good,0.0,1.0,0.0
P07723,Average,1.0,0.0,0.0
P07724,Average,1.0,0.0,0.0
P07725,Good,0.0,1.0,0.0
P07726,Average,1.0,0.0,0.0
P07727,Excellent,0.0,0.0,1.0
P07728,Average,1.0,0.0,0.0
P07729,Good,0.0,1.0,0.0
P07730,Average,1.0,0.0,0.0
P07731,Average,1.0,0.0,0.0
P07732,Good,0.0,1.0,0.0
P07733,Excellent,0.0,0.0,1.0
P07734,Good,0.0,1.0,0.0
P07735,Good,0.0,1.0,0.0
P07736,Excellent,0.0,0.0,1.0
P07737,Good,0.0,1.0,0.0
P07738,Good,0.0,1.0,0.0
P07739,Good,0.0,1.0,0.0
P07740,Good,0.0,1.0,0.0
P07741,Excellent,0.0,0.0,1.0
P07742,Average,1.0,0.0,0.0
P07743,Good,0.0,1.0,0.0
P07744,Excellent,0.0,0.0,1.0
P07745,Average,1.0,0.0,0.0
P07746,Excellent,0.0,0.0,1.0
P07747,Excellent,0.0,0.0,1.0
P07748,Good,0.0,1.0,0.0
P07749,Excellent,0.0,0.0,1.0
P07750,Good,0.0,1.0,0.0
P07751,Excellent,0.0,0.0,1.0
P07752,Excellent,0.0,0.0,1.0
P07753,Excellent,0.0,0.0,1.0
P07754,Good,0.0,1.0,0.0
P07755,Excellent,0.0,0.0,1.0
P07756,Excellent,0.0,0.0,1.0
P07757,Good,0.0,1.0,0.0
P07758,Good,0.0,1.0,0.0
P07759,Average,1.0,0.0,0.0
P07760,Excellent,0.0,0.0,1.0
P07761,Excellent,0.0,0.0,1.0
P07762,Average,1.0,0.0,0.0
P07763,Good,0.0,1.0,0.0
P07764,Excellent,0.0,0.0,1.0
P07765,Good,0.0,1.0,0.0
P07766,Excellent,0.0,0.0,1.0
P07767,Good,0.0,1.0,0.0
P07768,Excellent,0.0,0.0,1.0
P07769,Excellent,0.0,0.0,1.0
P07770,Excellent,0.0,0.0,1.0
P07771,Good,0.0,1.0,0.0
P07772,Good,0.0,1.0,0.0
P07773,Average,1.0,0.0,0.0
P07774,Excellent,0.0,0.0,1.0
P07775,Excellent,0.0,0.0,1.0
P07776,Good,0.0,1.0,0.0
P07777,Good,0.0,1.0,0.0
P07778,Average,1.0,0.0,0.0
P07779,Excellent,0.0,0.0,1.0
P07780,Good,0.0,1.0,0.0
P07781,Good,0.0,1.0,0.0
P07782,Average,1.0,0.0,0.0
P07783,Good,0.0,1.0,0.0
P07784,Good,0.0,1.0,0.0
P07785,Excellent,0.0,0.0,1.0
P07786,Average,1.0,0.0,0.0
P07787,Good,0.0,1.0,0.0
P07788,Average,1.0,0.0,0.0
P07789,Excellent,0.0,0.0,1.0
P07790,Good,0.0,1.0,0.0
P07791,Average,1.0,0.0,0.0
P07792,Average,1.0,0.0,0.0
P07793,Average,1.0,0.0,0.0
P07794,Excellent,0.0,0.0,1.0
P07795,Excellent,0.0,0.0,1.0
P07796,Average,1.0,0.0,0.0
P07797,Excellent,0.0,0.0,1.0
P07798,Average,1.0,0.0,0.0
P07799,Excellent,0.0,0.0,1.0
P07800,Excellent,0.0,0.0,1.0
P07801,Excellent,0.0,0.0,1.0
P07802,Excellent,0.0,0.0,1.0
P07803,Good,0.0,1.0,0.0
P07804,Excellent,0.0,0.0,1.0
P07805,Good,0.0,1.0,0.0
P07806,Good,0.0,1.0,0.0
P07807,Good,0.0,1.0,0.0
P07808,Good,0.0,1.0,0.0
P07809,Good,0.0,1.0,0.0
P07810,Good,0.0,1.0,0.0
P07811,Good,0.0,1.0,0.0
P07812,Good,0.0,1.0,0.0
P07813,Excellent,0.0,0.0,1.0
P07814,Excellent,0.0,0.0,1.0
P07815,Excellent,0.0,0.0,1.0
P07816,Good,0.0,1.0,0.0
P07817,Excellent,0.0,0.0,1.0
P07818,Excellent,0.0,0.0,1.0
P07819,Good,0.0,1.0,0.0
P07820,Excellent,0.0,0.0,1.0
P07821,Average,1.0,0.0,0.0
P07822,Good,0.0,1.0,0.0
P07823,Good,0.0,1.0,0.0
P07824,Average,1.0,0.0,0.0
P07825,Good,0.0,1.0,0.0
P07826,Good,0.0,1.0,0.0
P07827,Good,0.0,1.0,0.0
P07828,Average,1.0,0.0,0.0
P07829,Good,0.0,1.0,0.0
P07830,Average,1.0,0.0,0.0
P07831,Good,0.0,1.0,0.0
P07832,Excellent,0.0,0.0,1.0
P07833,Good,0.0,1.0,0.0
P07834,Good,0.0,1.0,0.0
P07835,Good,0.0,1.0,0.0
P07836,Average,1.0,0.0,0.0
P07837,Good,0.0,1.0,0.0
P07838,Excellent,0.0,0.0,1.0
P07839,Good,0.0,1.0,0.0
P07840,Excellent,0.0,0.0,1.0
P07841,Good,0.0,1.0,0.0
P07842,Average,1.0,0.0,0.0
P07843,Excellent,0.0,0.0,1.0
P07844,Excellent,0.0,0.0,1.0
P07845,Average,1.0,0.0,0.0
P07846,Excellent,0.0,0.0,1.0
P07847,Excellent,0.0,0.0,1.0
P07848,Excellent,0.0,0.0,1.0
P07849,Good,0.0,1.0,0.0
P07850,Average,1.0,0.0,0.0
P07851,Average,1.0,0.0,0.0
P07852,Excellent,0.0,0.0,1.0
P07853,Good,0.0,1.0,0.0
P07854,Average,1.0,0.0,0.0
P07855,Excellent,0.0,0.0,1.0
P07856,Good,0.0,1.0,0.0
P07857,Excellent,0.0,0.0,1.0
P07858,Excellent,0.0,0.0,1.0
P07859,Average,1.0,0.0,0.0
P07860,Average,1.0,0.0,0.0
P07861,Good,0.0,1.0,0.0
P07862,Good,0.0,1.0,0.0
P07863,Excellent,0.0,0.0,1.0
P07864,Average,1.0,0.0,0.0
P07865,Good,0.0,1.0,0.0
P07866,Good,0.0,1.0,0.0
P07867,Good,0.0,1.0,0.0
P07868,Good,0.0,1.0,0.0
P07869,Excellent,0.0,0.0,1.0
P07870,Average,1.0,0.0,0.0
P07871,Average,1.0,0.0,0.0
P07872,Good,0.0,1.0,0.0
P07873,Good,0.0,1.0,0.0
P07874,Good,0.0,1.0,0.0
P07875,Good,0.0,1.0,0.0
P07876,Excellent,0.0,0.0,1.0
P07877,Good,0.0,1.0,0.0
P07878,Excellent,0.0,0.0,1.0
P07879,Average,1.0,0.0,0.0
P07880,Good,0.0,1.0,0.0
P07881,Good,0.0,1.0,0.0
P07882,Excellent,0.0,0.0,1.0
P07883,Excellent,0.0,0.0,1.0
P07884,Excellent,0.0,0.0,1.0
P07885,Excellent,0.0,0.0,1.0
P07886,Average,1.0,0.0,0.0
P07887,Excellent,0.0,0.0,1.0
P07888,Excellent,0.0,0.0,1.0
P07889,Good,0.0,1.0,0.0
P07890,Excellent,0.0,0.0,1.0
P07891,Good,0.0,1.0,0.0
P07892,Good,0.0,1.0,0.0
P07893,Excellent,0.0,0.0,1.0
P07894,Average,1.0,0.0,0.0
P07895,Good,0.0,1.0,0.0
P07896,Excellent,0.0,0.0,1.0
P07897,Good,0.0,1.0,0.0
P07898,Average,1.0,0.0,0.0
P07899,Good,0.0,1.0,0.0
P07900,Good,0.0,1.0,0.0
P07901,Good,0.0,1.0,0.0
P07902,Good,0.0,1.0,0.0
P07903,Average,1.0,0.0,0.0
P07904,Excellent,0.0,0.0,1.0
P07905,Excellent,0.0,0.0,1.0
P07906,Excellent,0.0,0.0,1.0
P07907,Good,0.0,1.0,0.0
P07908,Good,0.0,1.0,0.0
P07909,Good,0.0,1.0,0.0
P07910,Average,1.0,0.0,0.0
P07911,Good,0.0,1.0,0.0
P07912,Excellent,0.0,0.0,1.0
P07913,Good,0.0,1.0,0.0
P07914,Excellent,0.0,0.0,1.0
P07915,Excellent,0.0,0.0,1.0
P07916,Good,0.0,1.0,0.0
P07917,Average,1.0,0.0,0.0
P07918,Excellent,0.0,0.0,1.0
P07919,Good,0.0,1.0,0.0
P07920,Good,0.0,1.0,0.0
P07921,Average,1.0,0.0,0.0
P07922,Good,0.0,1.0,0.0
P07923,Good,0.0,1.0,0.0
P07924,Excellent,0.0,0.0,1.0
P07925,Good,0.0,1.0,0.0
P07926,Good,0.0,1.0,0.0
P07927,Average,1.0,0.0,0.0
P07928,Good,0.0,1.0,0.0
P07929,Good,0.0,1.0,0.0
P07930,Average,1.0,0.0,0.0
P07931,Average,1.0,0.0,0.0
P07932,Excellent,0.0,0.0,1.0
P07933,Excellent,0.0,0.0,1.0
P07934,Good,0.0,1.0,0.0
P07935,Excellent,0.0,0.0,1.0
P07936,Excellent,0.0,0.0,1.0
P07937,Good,0.0,1.0,0.0
P07938,Good,0.0,1.0,0.0
P07939,Excellent,0.0,0.0,1.0
P07940,Excellent,0.0,0.0,1.0
P07941,Good,0.0,1.0,0.0
P07942,Good,0.0,1.0,0.0
P07943,Excellent,0.0,0.0,1.0
P07944,Average,1.0,0.0,0.0
P07945,Good,0.0,1.0,0.0
P07946,Excellent,0.0,0.0,1.0
P07947,Good,0.0,1.0,0.0
P07948,Good,0.0,1.0,0.0
P07949,Good,0.0,1.0,0.0
P07950,Excellent,0.0,0.0,1.0
P07951,Excellent,0.0,0.0,1.0
P07952,Good,0.0,1.0,0.0
P07953,Good,0.0,1.0,0.0
P07954,Excellent,0.0,0.0,1.0
P07955,Excellent,0.0,0.0,1.0
P07956,Good,0.0,1.0,0.0
P07957,Excellent,0.0,0.0,1.0
P07958,Average,1.0,0.0,0.0
P07959,Excellent,0.0,0.0,1.0
P07960,Average,1.0,0.0,0.0
P07961,Good,0.0,1.0,0.0
P07962,Average,1.0,0.0,0.0
P07963,Excellent,0.0,0.0,1.0
P07964,Excellent,0.0,0.0,1.0
P07965,Excellent,0.0,0.0,1.0
P07966,Good,0.0,1.0,0.0
P07967,Excellent,0.0,0.0,1.0
P07968,Excellent,0.0,0.0,1.0
P07969,Good,0.0,1.0,0.0
P07970,Excellent,0.0,0.0,1.0
P07971,Good,0.0,1.0,0.0
P07972,Good,0.0,1.0,0.0
P07973,Average,1.0,0.0,0.0
P07974,Good,0.0,1.0,0.0
P07975,Good,0.0,1.0,0.0
P07976,Excellent,0.0,0.0,1.0
P07977,Good,0.0,1.0,0.0
P07978,Average,1.0,0.0,0.0
P07979,Good,0.0,1.0,0.0
P07980,Good,0.0,1.0,0.0
P07981,Good,0.0,1.0,0.0
P07982,Good,0.0,1.0,0.0
P07983,Good,0.0,1.0,0.0
P07984,Excellent,0.0,0.0,1.0
P07985,Excellent,0.0,0.0,1.0
P07986,Good,0.0,1.0,0.0
P07987,Average,1.0,0.0,0.0
P07988,Good,0.0,1.0,0.0
P07989,Excellent,0.0,0.0,1.0
P07990,Average,1.0,0.0,0.0
P07991,Good,0.0,1.0,0.0
P07992,Good,0.0,1.0,0.0
P07993,Average,1.0,0.0,0.0
P07994,Good,0.0,1.0,0.0
P07995,Good,0.0,1.0,0.0
P07996,Good,0.0,1.0,0.0
P07997,Average,1.0,0.0,0.0
P07998,Excellent,0.0,0.0,1.0
P07999,Good,0.0,1.0,0.0
P08000,Good,0.0,1.0,0.0
P08001,Excellent,0.0,0.0,1.0
P08002,Good,0.0,1.0,0.0
P08003,Good,0.0,1.0,0.0
P08004,Good,0.0,1.0,0.0
P08005,Good,0.0,1.0,0.0
P08006,Average,1.0,0.0,0.0
P08007,Average,1.0,0.0,0.0
P08008,Good,0.0,1.0,0.0
P08009,Average,1.0,0.0,0.0
P08010,Excellent,0.0,0.0,1.0
P08011,Good,0.0,1.0,0.0
P08012,Excellent,0.0,0.0,1.0
P08013,Excellent,0.0,0.0,1.0
P08014,Excellent,0.0,0.0,1.0
P08015,Good,0.0,1.0,0.0
P08016,Excellent,0.0,0.0,1.0
P08017,Excellent,0.0,0.0,1.0
P08018,Average,1.0,0.0,0.0
P08019,Excellent,0.0,0.0,1.0
P08020,Good,0.0,1.0,0.0
P08021,Excellent,0.0,0.0,1.0
P08022,Excellent,0.0,0.0,1.0
P08023,Good,0.0,1.0,0.0
P08024,Average,1.0,0.0,0.0
P08025,Excellent,0.0,0.0,1.0
P08026,Excellent,0.0,0.0,1.0
P08027,Average,1.0,0.0,0.0
P08028,Average,1.0,0.0,0.0
P08029,Excellent,0.0,0.0,1.0
P08030,Excellent,0.0,0.0,1.0
P08031,Good,0.0,1.0,0.0
P08032,Excellent,0.0,0.0,1.0
P08033,Good,0.0,1.0,0.0
P08034,Excellent,0.0,0.0,1.0
P08035,Excellent,0.0,0.0,1.0
P08036,Good,0.0,1.0,0.0
P08037,Excellent,0.0,0.0,1.0
P08038,Average,1.0,0.0,0.0
P08039,Excellent,0.0,0.0,1.0
P08040,Good,0.0,1.0,0.0
P08041,Good,0.0,1.0,0.0
P08042,Average,1.0,0.0,0.0
P08043,Good,0.0,1.0,0.0
P08044,Good,0.0,1.0,0.0
P08045,Good,0.0,1.0,0.0
P08046,Excellent,0.0,0.0,1.0
P08047,Good,0.0,1.0,0.0
P08048,Good,0.0,1.0,0.0
P08049,Good,0.0,1.0,0.0
P08050,Good,0.0,1.0,0.0
P08051,Good,0.0,1.0,0.0
P08052,Good,0.0,1.0,0.0
P08053,Excellent,0.0,0.0,1.0
P08054,Good,0.0,1.0,0.0
P08055,Average,1.0,0.0,0.0
P08056,Good,0.0,1.0,0.0
P08057,Excellent,0.0,0.0,1.0
P08058,Average,1.0,0.0,0.0
P08059,Average,1.0,0.0,0.0
P08060,Good,0.0,1.0,0.0
P08061,Good,0.0,1.0,0.0
P08062,Good,0.0,1.0,0.0
P08063,Good,0.0,1.0,0.0
P08064,Average,1.0,0.0,0.0
P08065,Good,0.0,1.0,0.0
P08066,Excellent,0.0,0.0,1.0
P08067,Good,0.0,1.0,0.0
P08068,Good,0.0,1.0,0.0
P08069,Good,0.0,1.0,0.0
P08070,Good,0.0,1.0,0.0
P08071,Excellent,0.0,0.0,1.0
P08072,Good,0.0,1.0,0.0
P08073,Excellent,0.0,0.0,1.0
P08074,Average,1.0,0.0,0.0
P08075,Good,0.0,1.0,0.0
P08076,Good,0.0,1.0,0.0
P08077,Excellent,0.0,0.0,1.0
P08078,Excellent,0.0,0.0,1.0
P08079,Good,0.0,1.0,0.0
P08080,Excellent,0.0,0.0,1.0
P08081,Good,0.0,1.0,0.0
P08082,Good,0.0,1.0,0.0
P08083,Good,0.0,1.0,0.0
P08084,Excellent,0.0,0.0,1.0
P08085,Average,1.0,0.0,0.0
P08086,Excellent,0.0,0.0,1.0
P08087,Good,0.0,1.0,0.0
P08088,Average,1.0,0.0,0.0
P08089,Excellent,0.0,0.0,1.0
P08090,Excellent,0.0,0.0,1.0
P08091,Good,0.0,1.0,0.0
P08092,Good,0.0,1.0,0.0
P08093,Excellent,0.0,0.0,1.0
P08094,Excellent,0.0,0.0,1.0
P08095,Good,0.0,1.0,0.0
P08096,Excellent,0.0,0.0,1.0
P08097,Excellent,0.0,0.0,1.0
P08098,Excellent,0.0,0.0,1.0
P08099,Average,1.0,0.0,0.0
P08100,Average,1.0,0.0,0.0
P08101,Good,0.0,1.0,0.0
P08102,Average,1.0,0.0,0.0
P08103,Average,1.0,0.0,0.0
P08104,Average,1.0,0.0,0.0
P08105,Average,1.0,0.0,0.0
P08106,Good,0.0,1.0,0.0
P08107,Excellent,0.0,0.0,1.0
P08108,Average,1.0,0.0,0.0
P08109,Excellent,0.0,0.0,1.0
P08110,Excellent,0.0,0.0,1.0
P08111,Good,0.0,1.0,0.0
P08112,Good,0.0,1.0,0.0
P08113,Good,0.0,1.0,0.0
P08114,Excellent,0.0,0.0,1.0
P08115,Excellent,0.0,0.0,1.0
P08116,Good,0.0,1.0,0.0
P08117,Excellent,0.0,0.0,1.0
P08118,Average,1.0,0.0,0.0
P08119,Excellent,0.0,0.0,1.0
P08120,Excellent,0.0,0.0,1.0
P08121,Average,1.0,0.0,0.0
P08122,Average,1.0,0.0,0.0
P08123,Good,0.0,1.0,0.0
P08124,Good,0.0,1.0,0.0
P08125,Average,1.0,0.0,0.0
P08126,Good,0.0,1.0,0.0
P08127,Good,0.0,1.0,0.0
P08128,Excellent,0.0,0.0,1.0
P08129,Good,0.0,1.0,0.0
P08130,Excellent,0.0,0.0,1.0
P08131,Good,0.0,1.0,0.0
P08132,Excellent,0.0,0.0,1.0
P08133,Average,1.0,0.0,0.0
P08134,Excellent,0.0,0.0,1.0
P08135,Excellent,0.0,0.0,1.0
P08136,Excellent,0.0,0.0,1.0
P08137,Average,1.0,0.0,0.0
P08138,Good,0.0,1.0,0.0
P08139,Average,1.0,0.0,0.0
P08140,Good,0.0,1.0,0.0
P08141,Good,0.0,1.0,0.0
P08142,Average,1.0,0.0,0.0
P08143,Good,0.0,1.0,0.0
P08144,Average,1.0,0.0,0.0
P08145,Good,0.0,1.0,0.0
P08146,Average,1.0,0.0,0.0
P08147,Good,0.0,1.0,0.0
P08148,Good,0.0,1.0,0.0
P08149,Good,0.0,1.0,0.0
P08150,Excellent,0.0,0.0,1.0
P08151,Good,0.0,1.0,0.0
P08152,Excellent,0.0,0.0,1.0
P08153,Average,1.0,0.0,0.0
P08154,Good,0.0,1.0,0.0
P08155,Excellent,0.0,0.0,1.0
P08156,Excellent,0.0,0.0,1.0
P08157,Good,0.0,1.0,0.0
P08158,Excellent,0.0,0.0,1.0
P08159,Good,0.0,1.0,0.0
P08160,Good,0.0,1.0,0.0
P08161,Good,0.0,1.0,0.0
P08162,Good,0.0,1.0,0.0
P08163,Excellent,0.0,0.0,1.0
P08164,Good,0.0,1.0,0.0
P08165,Excellent,0.0,0.0,1.0
P08166,Good,0.0,1.0,0.0
P08167,Good,0.0,1.0,0.0
P08168,Excellent,0.0,0.0,1.0
P08169,Good,0.0,1.0,0.0
P08170,Good,0.0,1.0,0.0
P08171,Average,1.0,0.0,0.0
P08172,Good,0.0,1.0,0.0
P08173,Good,0.0,1.0,0.0
P08174,Average,1.0,0.0,0.0
P08175,Average,1.0,0.0,0.0
P08176,Average,1.0,0.0,0.0
P08177,Good,0.0,1.0,0.0
P08178,Good,0.0,1.0,0.0
P08179,Good,0.0,1.0,0.0
P08180,Good,0.0,1.0,0.0
P08181,Average,1.0,0.0,0.0
P08182,Good,0.0,1.0,0.0
P08183,Average,1.0,0.0,0.0
P08184,Average,1.0,0.0,0.0
P08185,Excellent,0.0,0.0,1.0
P08186,Excellent,0.0,0.0,1.0
P08187,Average,1.0,0.0,0.0
P08188,Good,0.0,1.0,0.0
P08189,Excellent,0.0,0.0,1.0
P08190,Average,1.0,0.0,0.0
P08191,Good,0.0,1.0,0.0
P08192,Good,0.0,1.0,0.0
P08193,Good,0.0,1.0,0.0
P08194,Excellent,0.0,0.0,1.0
P08195,Good,0.0,1.0,0.0
P08196,Good,0.0,1.0,0.0
P08197,Excellent,0.0,0.0,1.0
P08198,Average,1.0,0.0,0.0
P08199,Good,0.0,1.0,0.0
P08200,Average,1.0,0.0,0.0
P08201,Good,0.0,1.0,0.0
P08202,Average,1.0,0.0,0.0
P08203,Average,1.0,0.0,0.0
P08204,Excellent,0.0,0.0,1.0
P08205,Good,0.0,1.0,0.0
P08206,Excellent,0.0,0.0,1.0
P08207,Good,0.0,1.0,0.0
P08208,Average,1.0,0.0,0.0
P08209,Good,0.0,1.0,0.0
P08210,Excellent,0.0,0.0,1.0
P08211,Good,0.0,1.0,0.0
P08212,Excellent,0.0,0.0,1.0
P08213,Excellent,0.0,0.0,1.0
P08214,Good,0.0,1.0,0.0
P08215,Excellent,0.0,0.0,1.0
P08216,Average,1.0,0.0,0.0
P08217,Excellent,0.0,0.0,1.0
P08218,Average,1.0,0.0,0.0
P08219,Good,0.0,1.0,0.0
P08220,Excellent,0.0,0.0,1.0
P08221,Good,0.0,1.0,0.0
P08222,Good,0.0,1.0,0.0
P08223,Excellent,0.0,0.0,1.0
P08224,Excellent,0.0,0.0,1.0
P08225,Excellent,0.0,0.0,1.0
P08226,Good,0.0,1.0,0.0
P08227,Excellent,0.0,0.0,1.0
P08228,Good,0.0,1.0,0.0
P08229,Excellent,0.0,0.0,1.0
P08230,Excellent,0.0,0.0,1.0
P08231,Good,0.0,1.0,0.0
P08232,Excellent,0.0,0.0,1.0
P08233,Good,0.0,1.0,0.0
P08234,Good,0.0,1.0,0.0
P08235,Average,1.0,0.0,0.0
P08236,Good,0.0,1.0,0.0
P08237,Excellent,0.0,0.0,1.0
P08238,Good,0.0,1.0,0.0
P08239,Excellent,0.0,0.0,1.0
P08240,Excellent,0.0,0.0,1.0
P08241,Good,0.0,1.0,0.0
P08242,Good,0.0,1.0,0.0
P08243,Good,0.0,1.0,0.0
P08244,Average,1.0,0.0,0.0
P08245,Average,1.0,0.0,0.0
P08246,Average,1.0,0.0,0.0
P08247,Excellent,0.0,0.0,1.0
P08248,Average,1.0,0.0,0.0
P08249,Excellent,0.0,0.0,1.0
P08250,Excellent,0.0,0.0,1.0
P08251,Excellent,0.0,0.0,1.0
P08252,Average,1.0,0.0,0.0
P08253,Average,1.0,0.0,0.0
P08254,Good,0.0,1.0,0.0
P08255,Excellent,0.0,0.0,1.0
P08256,Excellent,0.0,0.0,1.0
P08257,Good,0.0,1.0,0.0
P08258,Good,0.0,1.0,0.0
P08259,Average,1.0,0.0,0.0
P08260,Good,0.0,1.0,0.0
P08261,Good,0.0,1.0,0.0
P08262,Excellent,0.0,0.0,1.0
P08263,Excellent,0.0,0.0,1.0
P08264,Good,0.0,1.0,0.0
P08265,Good,0.0,1.0,0.0
P08266,Good,0.0,1.0,0.0
P08267,Average,1.0,0.0,0.0
P08268,Good,0.0,1.0,0.0
P08269,Excellent,0.0,0.0,1.0
P08270,Good,0.0,1.0,0.0
P08271,Average,1.0,0.0,0.0
P08272,Good,0.0,1.0,0.0
P08273,Good,0.0,1.0,0.0
P08274,Excellent,0.0,0.0,1.0
P08275,Average,1.0,0.0,0.0
P08276,Average,1.0,0.0,0.0
P08277,Average,1.0,0.0,0.0
P08278,Excellent,0.0,0.0,1.0
P08279,Average,1.0,0.0,0.0
P08280,Good,0.0,1.0,0.0
P08281,Excellent,0.0,0.0,1.0
P08282,Excellent,0.0,0.0,1.0
P08283,Average,1.0,0.0,0.0
P08284,Good,0.0,1.0,0.0
P08285,Good,0.0,1.0,0.0
P08286,Average,1.0,0.0,0.0
P08287,Excellent,0.0,0.0,1.0
P08288,Excellent,0.0,0.0,1.0
P08289,Good,0.0,1.0,0.0
P08290,Good,0.0,1.0,0.0
P08291,Excellent,0.0,0.0,1.0
P08292,Good,0.0,1.0,0.0
P08293,Good,0.0,1.0,0.0
P08294,Average,1.0,0.0,0.0
P08295,Good,0.0,1.0,0.0
P08296,Excellent,0.0,0.0,1.0
P08297,Average,1.0,0.0,0.0
P08298,Good,0.0,1.0,0.0
P08299,Good,0.0,1.0,0.0
P08300,Excellent,0.0,0.0,1.0
P08301,Good,0.0,1.0,0.0
P08302,Average,1.0,0.0,0.0
P08303,Average,1.0,0.0,0.0
P08304,Good,0.0,1.0,0.0
P08305,Good,0.0,1.0,0.0
P08306,Excellent,0.0,0.0,1.0
P08307,Good,0.0,1.0,0.0
P08308,Excellent,0.0,0.0,1.0
P08309,Good,0.0,1.0,0.0
P08310,Excellent,0.0,0.0,1.0
P08311,Good,0.0,1.0,0.0
P08312,Good,0.0,1.0,0.0
P08313,Average,1.0,0.0,0.0
P08314,Good,0.0,1.0,0.0
P08315,Average,1.0,0.0,0.0
P08316,Good,0.0,1.0,0.0
P08317,Good,0.0,1.0,0.0
P08318,Good,0.0,1.0,0.0
P08319,Good,0.0,1.0,0.0
P08320,Good,0.0,1.0,0.0
P08321,Good,0.0,1.0,0.0
P08322,Average,1.0,0.0,0.0
P08323,Excellent,0.0,0.0,1.0
P08324,Average,1.0,0.0,0.0
P08325,Excellent,0.0,0.0,1.0
P08326,Good,0.0,1.0,0.0
P08327,Average,1.0,0.0,0.0
P08328,Good,0.0,1.0,0.0
P08329,Average,1.0,0.0,0.0
P08330,Average,1.0,0.0,0.0
P08331,Good,0.0,1.0,0.0
P08332,Good,0.0,1.0,0.0
P08333,Good,0.0,1.0,0.0
P08334,Good,0.0,1.0,0.0
P08335,Average,1.0,0.0,0.0
P08336,Average,1.0,0.0,0.0
P08337,Excellent,0.0,0.0,1.0
P08338,Excellent,0.0,0.0,1.0
P08339,Good,0.0,1.0,0.0
P08340,Good,0.0,1.0,0.0
P08341,Good,0.0,1.0,0.0
P08342,Average,1.0,0.0,0.0
P08343,Excellent,0.0,0.0,1.0
P08344,Good,0.0,1.0,0.0
P08345,Excellent,0.0,0.0,1.0
P08346,Good,0.0,1.0,0.0
P08347,Average,1.0,0.0,0.0
P08348,Excellent,0.0,0.0,1.0
P08349,Excellent,0.0,0.0,1.0
P08350,Good,0.0,1.0,0.0
P08351,Average,1.0,0.0,0.0
P08352,Average,1.0,0.0,0.0
P08353,Good,0.0,1.0,0.0
P08354,Good,0.0,1.0,0.0
P08355,Good,0.0,1.0,0.0
P08356,Excellent,0.0,0.0,1.0
P08357,Good,0.0,1.0,0.0
P08358,Excellent,0.0,0.0,1.0
P08359,Excellent,0.0,0.0,1.0
P08360,Good,0.0,1.0,0.0
P08361,Good,0.0,1.0,0.0
P08362,Excellent,0.0,0.0,1.0
P08363,Excellent,0.0,0.0,1.0
P08364,Average,1.0,0.0,0.0
P08365,Excellent,0.0,0.0,1.0
P08366,Good,0.0,1.0,0.0
P08367,Average,1.0,0.0,0.0
P08368,Excellent,0.0,0.0,1.0
P08369,Good,0.0,1.0,0.0
P08370,Average,1.0,0.0,0.0
P08371,Good,0.0,1.0,0.0
P08372,Good,0.0,1.0,0.0
P08373,Good,0.0,1.0,0.0
P08374,Good,0.0,1.0,0.0
P08375,Good,0.0,1.0,0.0
P08376,Excellent,0.0,0.0,1.0
P08377,Excellent,0.0,0.0,1.0
P08378,Average,1.0,0.0,0.0
P08379,Excellent,0.0,0.0,1.0
P08380,Good,0.0,1.0,0.0
P08381,Average,1.0,0.0,0.0
P08382,Good,0.0,1.0,0.0
P08383,Good,0.0,1.0,0.0
P08384,Average,1.0,0.0,0.0
P08385,Excellent,0.0,0.0,1.0
P08386,Average,1.0,0.0,0.0
P08387,Good,0.0,1.0,0.0
P08388,Excellent,0.0,0.0,1.0
P08389,Average,1.0,0.0,0.0
P08390,Good,0.0,1.0,0.0
P08391,Average,1.0,0.0,0.0
P08392,Good,0.0,1.0,0.0
P08393,Good,0.0,1.0,0.0
P08394,Good,0.0,1.0,0.0
P08395,Good,0.0,1.0,0.0
P08396,Good,0.0,1.0,0.0
P08397,Good,0.0,1.0,0.0
P08398,Excellent,0.0,0.0,1.0
P08399,Good,0.0,1.0,0.0
P08400,Excellent,0.0,0.0,1.0
P08401,Excellent,0.0,0.0,1.0
P08402,Excellent,0.0,0.0,1.0
P08403,Average,1.0,0.0,0.0
P08404,Excellent,0.0,0.0,1.0
P08405,Average,1.0,0.0,0.0
P08406,Excellent,0.0,0.0,1.0
P08407,Good,0.0,1.0,0.0
P08408,Good,0.0,1.0,0.0
P08409,Excellent,0.0,0.0,1.0
P08410,Average,1.0,0.0,0.0
P08411,Excellent,0.0,0.0,1.0
P08412,Good,0.0,1.0,0.0
P08413,Excellent,0.0,0.0,1.0
P08414,Average,1.0,0.0,0.0
P08415,Excellent,0.0,0.0,1.0
P08416,Excellent,0.0,0.0,1.0
P08417,Good,0.0,1.0,0.0
P08418,Excellent,0.0,0.0,1.0
P08419,Average,1.0,0.0,0.0
P08420,Excellent,0.0,0.0,1.0
P08421,Excellent,0.0,0.0,1.0
P08422,Good,0.0,1.0,0.0
P08423,Good,0.0,1.0,0.0
P08424,Good,0.0,1.0,0.0
P08425,Good,0.0,1.0,0.0
P08426,Good,0.0,1.0,0.0
P08427,Excellent,0.0,0.0,1.0
P08428,Good,0.0,1.0,0.0
P08429,Excellent,0.0,0.0,1.0
P08430,Average,1.0,0.0,0.0
P08431,Good,0.0,1.0,0.0
P08432,Average,1.0,0.0,0.0
P08433,Good,0.0,1.0,0.0
P08434,Average,1.0,0.0,0.0
P08435,Average,1.0,0.0,0.0
P08436,Excellent,0.0,0.0,1.0
P08437,Good,0.0,1.0,0.0
P08438,Average,1.0,0.0,0.0
P08439,Average,1.0,0.0,0.0
P08440,Good,0.0,1.0,0.0
P08441,Good,0.0,1.0,0.0
P08442,Good,0.0,1.0,0.0
P08443,Average,1.0,0.0,0.0
P08444,Excellent,0.0,0.0,1.0
P08445,Excellent,0.0,0.0,1.0
P08446,Good,0.0,1.0,0.0
P08447,Excellent,0.0,0.0,1.0
P08448,Good,0.0,1.0,0.0
P08449,Excellent,0.0,0.0,1.0
P08450,Excellent,0.0,0.0,1.0
P08451,Good,0.0,1.0,0.0
P08452,Good,0.0,1.0,0.0
P08453,Average,1.0,0.0,0.0
P08454,Good,0.0,1.0,0.0
P08455,Good,0.0,1.0,0.0
P08456,Average,1.0,0.0,0.0
P08457,Average,1.0,0.0,0.0
P08458,Good,0.0,1.0,0.0
P08459,Excellent,0.0,0.0,1.0
P08460,Good,0.0,1.0,0.0
P08461,Excellent,0.0,0.0,1.0
P08462,Excellent,0.0,0.0,1.0
P08463,Average,1.0,0.0,0.0
P08464,Excellent,0.0,0.0,1.0
P08465,Average,1.0,0.0,0.0
P08466,Average,1.0,0.0,0.0
P08467,Excellent,0.0,0.0,1.0
P08468,Excellent,0.0,0.0,1.0
P08469,Average,1.0,0.0,0.0
P08470,Good,0.0,1.0,0.0
P08471,Good,0.0,1.0,0.0
P08472,Excellent,0.0,0.0,1.0
P08473,Good,0.0,1.0,0.0
P08474,Excellent,0.0,0.0,1.0
P08475,Good,0.0,1.0,0.0
P08476,Good,0.0,1.0,0.0
P08477,Good,0.0,1.0,0.0
P08478,Average,1.0,0.0,0.0
P08479,Excellent,0.0,0.0,1.0
P08480,Excellent,0.0,0.0,1.0
P08481,Excellent,0.0,0.0,1.0
P08482,Good,0.0,1.0,0.0
P08483,Good,0.0,1.0,0.0
P08484,Excellent,0.0,0.0,1.0
P08485,Good,0.0,1.0,0.0
P08486,Excellent,0.0,0.0,1.0
P08487,Excellent,0.0,0.0,1.0
P08488,Average,1.0,0.0,0.0
P08489,Average,1.0,0.0,0.0
P08490,Good,0.0,1.0,0.0
P08491,Excellent,0.0,0.0,1.0
P08492,Average,1.0,0.0,0.0
P08493,Good,0.0,1.0,0.0
P08494,Excellent,0.0,0.0,1.0
P08495,Good,0.0,1.0,0.0
P08496,Good,0.0,1.0,0.0
P08497,Good,0.0,1.0,0.0
P08498,Average,1.0,0.0,0.0
P08499,Good,0.0,1.0,0.0
P08500,Good,0.0,1.0,0.0
P08501,Average,1.0,0.0,0.0
P08502,Excellent,0.0,0.0,1.0
P08503,Good,0.0,1.0,0.0
P08504,Good,0.0,1.0,0.0
P08505,Good,0.0,1.0,0.0
P08506,Average,1.0,0.0,0.0
P08507,Excellent,0.0,0.0,1.0
P08508,Good,0.0,1.0,0.0
P08509,Excellent,0.0,0.0,1.0
P08510,Excellent,0.0,0.0,1.0
P08511,Good,0.0,1.0,0.0
P08512,Excellent,0.0,0.0,1.0
P08513,Good,0.0,1.0,0.0
P08514,Excellent,0.0,0.0,1.0
P08515,Excellent,0.0,0.0,1.0
P08516,Good,0.0,1.0,0.0
P08517,Good,0.0,1.0,0.0
P08518,Excellent,0.0,0.0,1.0
P08519,Good,0.0,1.0,0.0
P08520,Good,0.0,1.0,0.0
P08521,Average,1.0,0.0,0.0
P08522,Good,0.0,1.0,0.0
P08523,Good,0.0,1.0,0.0
P08524,Good,0.0,1.0,0.0
P08525,Good,0.0,1.0,0.0
P08526,Excellent,0.0,0.0,1.0
P08527,Excellent,0.0,0.0,1.0
P08528,Excellent,0.0,0.0,1.0
P08529,Good,0.0,1.0,0.0
P08530,Average,1.0,0.0,0.0
P08531,Excellent,0.0,0.0,1.0
P08532,Average,1.0,0.0,0.0
P08533,Average,1.0,0.0,0.0
P08534,Average,1.0,0.0,0.0
P08535,Good,0.0,1.0,0.0
P08536,Average,1.0,0.0,0.0
P08537,Good,0.0,1.0,0.0
P08538,Good,0.0,1.0,0.0
P08539,Average,1.0,0.0,0.0
P08540,Average,1.0,0.0,0.0
P08541,Good,0.0,1.0,0.0
P08542,Average,1.0,0.0,0.0
P08543,Average,1.0,0.0,0.0
P08544,Excellent,0.0,0.0,1.0
P08545,Average,1.0,0.0,0.0
P08546,Average,1.0,0.0,0.0
P08547,Good,0.0,1.0,0.0
P08548,Good,0.0,1.0,0.0
P08549,Average,1.0,0.0,0.0
P08550,Average,1.0,0.0,0.0
P08551,Average,1.0,0.0,0.0
P08552,Good,0.0,1.0,0.0
P08553,Excellent,0.0,0.0,1.0
P08554,Excellent,0.0,0.0,1.0
P08555,Average,1.0,0.0,0.0
P08556,Excellent,0.0,0.0,1.0
P08557,Good,0.0,1.0,0.0
P08558,Excellent,0.0,0.0,1.0
P08559,Good,0.0,1.0,0.0
P08560,Good,0.0,1.0,0.0
P08561,Good,0.0,1.0,0.0
P08562,Excellent,0.0,0.0,1.0
P08563,Excellent,0.0,0.0,1.0
P08564,Good,0.0,1.0,0.0
P08565,Good,0.0,1.0,0.0
P08566,Average,1.0,0.0,0.0
P08567,Excellent,0.0,0.0,1.0
P08568,Excellent,0.0,0.0,1.0
P08569,Excellent,0.0,0.0,1.0
P08570,Excellent,0.0,0.0,1.0
P08571,Excellent,0.0,0.0,1.0
P08572,Good,0.0,1.0,0.0
P08573,Average,1.0,0.0,0.0
P08574,Good,0.0,1.0,0.0
P08575,Good,0.0,1.0,0.0
P08576,Good,0.0,1.0,0.0
P08577,Good,0.0,1.0,0.0
P08578,Good,0.0,1.0,0.0
P08579,Good,0.0,1.0,0.0
P08580,Good,0.0,1.0,0.0
P08581,Excellent,0.0,0.0,1.0
P08582,Excellent,0.0,0.0,1.0
P08583,Average,1.0,0.0,0.0
P08584,Good,0.0,1.0,0.0
P08585,Good,0.0,1.0,0.0
P08586,Good,0.0,1.0,0.0
P08587,Good,0.0,1.0,0.0
P08588,Good,0.0,1.0,0.0
P08589,Average,1.0,0.0,0.0
P08590,Good,0.0,1.0,0.0
P08591,Excellent,0.0,0.0,1.0
P08592,Good,0.0,1.0,0.0
P08593,Excellent,0.0,0.0,1.0
P08594,Average,1.0,0.0,0.0
P08595,Good,0.0,1.0,0.0
P08596,Average,1.0,0.0,0.0
P08597,Good,0.0,1.0,0.0
P08598,Average,1.0,0.0,0.0
P08599,Excellent,0.0,0.0,1.0
P08600,Average,1.0,0.0,0.0
P08601,Excellent,0.0,0.0,1.0
P08602,Average,1.0,0.0,0.0
P08603,Excellent,0.0,0.0,1.0
P08604,Excellent,0.0,0.0,1.0
P08605,Good,0.0,1.0,0.0
P08606,Excellent,0.0,0.0,1.0
P08607,Good,0.0,1.0,0.0
P08608,Average,1.0,0.0,0.0
P08609,Good,0.0,1.0,0.0
P08610,Good,0.0,1.0,0.0
P08611,Average,1.0,0.0,0.0
P08612,Excellent,0.0,0.0,1.0
P08613,Excellent,0.0,0.0,1.0
P08614,Excellent,0.0,0.0,1.0
P08615,Average,1.0,0.0,0.0
P08616,Average,1.0,0.0,0.0
P08617,Average,1.0,0.0,0.0
P08618,Excellent,0.0,0.0,1.0
P08619,Good,0.0,1.0,0.0
P08620,Good,0.0,1.0,0.0
P08621,Good,0.0,1.0,0.0
P08622,Average,1.0,0.0,0.0
P08623,Excellent,0.0,0.0,1.0
P08624,Excellent,0.0,0.0,1.0
P08625,Average,1.0,0.0,0.0
P08626,Good,0.0,1.0,0.0
P08627,Good,0.0,1.0,0.0
P08628,Excellent,0.0,0.0,1.0
P08629,Good,0.0,1.0,0.0
P08630,Good,0.0,1.0,0.0
P08631,Good,0.0,1.0,0.0
P08632,Good,0.0,1.0,0.0
P08633,Excellent,0.0,0.0,1.0
P08634,Excellent,0.0,0.0,1.0
P08635,Good,0.0,1.0,0.0
P08636,Excellent,0.0,0.0,1.0
P08637,Excellent,0.0,0.0,1.0
P08638,Good,0.0,1.0,0.0
P08639,Good,0.0,1.0,0.0
P08640,Good,0.0,1.0,0.0
P08641,Good,0.0,1.0,0.0
P08642,Average,1.0,0.0,0.0
P08643,Average,1.0,0.0,0.0
P08644,Good,0.0,1.0,0.0
P08645,Excellent,0.0,0.0,1.0
P08646,Average,1.0,0.0,0.0
P08647,Average,1.0,0.0,0.0
P08648,Good,0.0,1.0,0.0
P08649,Average,1.0,0.0,0.0
P08650,Excellent,0.0,0.0,1.0
P08651,Excellent,0.0,0.0,1.0
P08652,Good,0.0,1.0,0.0
P08653,Good,0.0,1.0,0.0
P08654,Good,0.0,1.0,0.0
P08655,Excellent,0.0,0.0,1.0
P08656,Good,0.0,1.0,0.0
P08657,Average,1.0,0.0,0.0
P08658,Good,0.0,1.0,0.0
P08659,Good,0.0,1.0,0.0
P08660,Good,0.0,1.0,0.0
P08661,Good,0.0,1.0,0.0
P08662,Excellent,0.0,0.0,1.0
P08663,Excellent,0.0,0.0,1.0
P08664,Excellent,0.0,0.0,1.0
P08665,Good,0.0,1.0,0.0
P08666,Excellent,0.0,0.0,1.0
P08667,Average,1.0,0.0,0.0
P08668,Good,0.0,1.0,0.0
P08669,Average,1.0,0.0,0.0
P08670,Excellent,0.0,0.0,1.0
P08671,Average,1.0,0.0,0.0
P08672,Excellent,0.0,0.0,1.0
P08673,Good,0.0,1.0,0.0
P08674,Excellent,0.0,0.0,1.0
P08675,Good,0.0,1.0,0.0
P08676,Excellent,0.0,0.0,1.0
P08677,Good,0.0,1.0,0.0
P08678,Excellent,0.0,0.0,1.0
P08679,Excellent,0.0,0.0,1.0
P08680,Excellent,0.0,0.0,1.0
P08681,Excellent,0.0,0.0,1.0
P08682,Excellent,0.0,0.0,1.0
P08683,Excellent,0.0,0.0,1.0
P08684,Average,1.0,0.0,0.0
P08685,Excellent,0.0,0.0,1.0
P08686,Average,1.0,0.0,0.0
P08687,Average,1.0,0.0,0.0
P08688,Excellent,0.0,0.0,1.0
P08689,Good,0.0,1.0,0.0
P08690,Excellent,0.0,0.0,1.0
P08691,Good,0.0,1.0,0.0
P08692,Excellent,0.0,0.0,1.0
P08693,Good,0.0,1.0,0.0
P08694,Good,0.0,1.0,0.0
P08695,Good,0.0,1.0,0.0
P08696,Excellent,0.0,0.0,1.0
P08697,Excellent,0.0,0.0,1.0
P08698,Excellent,0.0,0.0,1.0
P08699,Excellent,0.0,0.0,1.0
P08700,Excellent,0.0,0.0,1.0
P08701,Excellent,0.0,0.0,1.0
P08702,Good,0.0,1.0,0.0
P08703,Average,1.0,0.0,0.0
P08704,Good,0.0,1.0,0.0
P08705,Excellent,0.0,0.0,1.0
P08706,Good,0.0,1.0,0.0
P08707,Good,0.0,1.0,0.0
P08708,Good,0.0,1.0,0.0
P08709,Good,0.0,1.0,0.0
P08710,Good,0.0,1.0,0.0
P08711,Good,0.0,1.0,0.0
P08712,Excellent,0.0,0.0,1.0
P08713,Excellent,0.0,0.0,1.0
P08714,Average,1.0,0.0,0.0
P08715,Excellent,0.0,0.0,1.0
P08716,Average,1.0,0.0,0.0
P08717,Good,0.0,1.0,0.0
P08718,Good,0.0,1.0,0.0
P08719,Excellent,0.0,0.0,1.0
P08720,Average,1.0,0.0,0.0
P08721,Excellent,0.0,0.0,1.0
P08722,Average,1.0,0.0,0.0
P08723,Good,0.0,1.0,0.0
P08724,Good,0.0,1.0,0.0
P08725,Good,0.0,1.0,0.0
P08726,Average,1.0,0.0,0.0
P08727,Good,0.0,1.0,0.0
P08728,Good,0.0,1.0,0.0
P08729,Average,1.0,0.0,0.0
P08730,Good,0.0,1.0,0.0
P08731,Excellent,0.0,0.0,1.0
P08732,Good,0.0,1.0,0.0
P08733,Good,0.0,1.0,0.0
P08734,Average,1.0,0.0,0.0
P08735,Good,0.0,1.0,0.0
P08736,Excellent,0.0,0.0,1.0
P08737,Excellent,0.0,0.0,1.0
P08738,Good,0.0,1.0,0.0
P08739,Good,0.0,1.0,0.0
P08740,Excellent,0.0,0.0,1.0
P08741,Average,1.0,0.0,0.0
P08742,Excellent,0.0,0.0,1.0
P08743,Good,0.0,1.0,0.0
P08744,Average,1.0,0.0,0.0
P08745,Average,1.0,0.0,0.0
P08746,Average,1.0,0.0,0.0
P08747,Average,1.0,0.0,0.0
P08748,Good,0.0,1.0,0.0
P08749,Average,1.0,0.0,0.0
P08750,Good,0.0,1.0,0.0
P08751,Average,1.0,0.0,0.0
P08752,Excellent,0.0,0.0,1.0
P08753,Average,1.0,0.0,0.0
P08754,Excellent,0.0,0.0,1.0
P08755,Excellent,0.0,0.0,1.0
P08756,Good,0.0,1.0,0.0
P08757,Excellent,0.0,0.0,1.0
P08758,Excellent,0.0,0.0,1.0
P08759,Good,0.0,1.0,0.0
P08760,Average,1.0,0.0,0.0
P08761,Good,0.0,1.0,0.0
P08762,Average,1.0,0.0,0.0
P08763,Excellent,0.0,0.0,1.0
P08764,Average,1.0,0.0,0.0
P08765,Good,0.0,1.0,0.0
P08766,Good,0.0,1.0,0.0
P08767,Good,0.0,1.0,0.0
P08768,Average,1.0,0.0,0.0
P08769,Good,0.0,1.0,0.0
P08770,Good,0.0,1.0,0.0
P08771,Average,1.0,0.0,0.0
P08772,Good,0.0,1.0,0.0
P08773,Good,0.0,1.0,0.0
P08774,Good,0.0,1.0,0.0
P08775,Excellent,0.0,0.0,1.0
P08776,Excellent,0.0,0.0,1.0
P08777,Average,1.0,0.0,0.0
P08778,Average,1.0,0.0,0.0
P08779,Average,1.0,0.0,0.0
P08780,Average,1.0,0.0,0.0
P08781,Excellent,0.0,0.0,1.0
P08782,Average,1.0,0.0,0.0
P08783,Good,0.0,1.0,0.0
P08784,Excellent,0.0,0.0,1.0
P08785,Good,0.0,1.0,0.0
P08786,Excellent,0.0,0.0,1.0
P08787,Good,0.0,1.0,0.0
P08788,Excellent,0.0,0.0,1.0
P08789,Good,0.0,1.0,0.0
P08790,Average,1.0,0.0,0.0
P08791,Good,0.0,1.0,0.0
P08792,Good,0.0,1.0,0.0
P08793,Average,1.0,0.0,0.0
P08794,Good,0.0,1.0,0.0
P08795,Good,0.0,1.0,0.0
P08796,Good,0.0,1.0,0.0
P08797,Good,0.0,1.0,0.0
P08798,Excellent,0.0,0.0,1.0
P08799,Good,0.0,1.0,0.0
P08800,Average,1.0,0.0,0.0
P08801,Good,0.0,1.0,0.0
P08802,Excellent,0.0,0.0,1.0
P08803,Average,1.0,0.0,0.0
P08804,Average,1.0,0.0,0.0
P08805,Average,1.0,0.0,0.0
P08806,Excellent,0.0,0.0,1.0
P08807,Average,1.0,0.0,0.0
P08808,Excellent,0.0,0.0,1.0
P08809,Good,0.0,1.0,0.0
P08810,Good,0.0,1.0,0.0
P08811,Excellent,0.0,0.0,1.0
P08812,Excellent,0.0,0.0,1.0
P08813,Excellent,0.0,0.0,1.0
P08814,Good,0.0,1.0,0.0
P08815,Good,0.0,1.0,0.0
P08816,Excellent,0.0,0.0,1.0
P08817,Excellent,0.0,0.0,1.0
P08818,Good,0.0,1.0,0.0
P08819,Good,0.0,1.0,0.0
P08820,Excellent,0.0,0.0,1.0
P08821,Average,1.0,0.0,0.0
P08822,Average,1.0,0.0,0.0
P08823,Good,0.0,1.0,0.0
P08824,Good,0.0,1.0,0.0
P08825,Good,0.0,1.0,0.0
P08826,Average,1.0,0.0,0.0
P08827,Good,0.0,1.0,0.0
P08828,Good,0.0,1.0,0.0
P08829,Excellent,0.0,0.0,1.0
P08830,Good,0.0,1.0,0.0
P08831,Excellent,0.0,0.0,1.0
P08832,Excellent,0.0,0.0,1.0
P08833,Good,0.0,1.0,0.0
P08834,Good,0.0,1.0,0.0
P08835,Excellent,0.0,0.0,1.0
P08836,Good,0.0,1.0,0.0
P08837,Good,0.0,1.0,0.0
P08838,Excellent,0.0,0.0,1.0
P08839,Excellent,0.0,0.0,1.0
P08840,Average,1.0,0.0,0.0
P08841,Good,0.0,1.0,0.0
P08842,Good,0.0,1.0,0.0
P08843,Excellent,0.0,0.0,1.0
P08844,Good,0.0,1.0,0.0
P08845,Good,0.0,1.0,0.0
P08846,Average,1.0,0.0,0.0
P08847,Good,0.0,1.0,0.0
P08848,Average,1.0,0.0,0.0
P08849,Good,0.0,1.0,0.0
P08850,Good,0.0,1.0,0.0
P08851,Good,0.0,1.0,0.0
P08852,Excellent,0.0,0.0,1.0
P08853,Good,0.0,1.0,0.0
P08854,Good,0.0,1.0,0.0
P08855,Excellent,0.0,0.0,1.0
P08856,Good,0.0,1.0,0.0
P08857,Good,0.0,1.0,0.0
P08858,Excellent,0.0,0.0,1.0
P08859,Good,0.0,1.0,0.0
P08860,Good,0.0,1.0,0.0
P08861,Good,0.0,1.0,0.0
P08862,Average,1.0,0.0,0.0
P08863,Good,0.0,1.0,0.0
P08864,Good,0.0,1.0,0.0
P08865,Excellent,0.0,0.0,1.0
P08866,Good,0.0,1.0,0.0
P08867,Good,0.0,1.0,0.0
P08868,Good,0.0,1.0,0.0
P08869,Excellent,0.0,0.0,1.0
P08870,Good,0.0,1.0,0.0
P08871,Good,0.0,1.0,0.0
P08872,Excellent,0.0,0.0,1.0
P08873,Good,0.0,1.0,0.0
P08874,Excellent,0.0,0.0,1.0
P08875,Good,0.0,1.0,0.0
P08876,Average,1.0,0.0,0.0
P08877,Average,1.0,0.0,0.0
P08878,Good,0.0,1.0,0.0
P08879,Good,0.0,1.0,0.0
P08880,Good,0.0,1.0,0.0
P08881,Average,1.0,0.0,0.0
P08882,Excellent,0.0,0.0,1.0
P08883,Good,0.0,1.0,0.0
P08884,Good,0.0,1.0,0.0
P08885,Average,1.0,0.0,0.0
P08886,Good,0.0,1.0,0.0
P08887,Excellent,0.0,0.0,1.0
P08888,Good,0.0,1.0,0.0
P08889,Good,0.0,1.0,0.0
P08890,Excellent,0.0,0.0,1.0
P08891,Good,0.0,1.0,0.0
P08892,Good,0.0,1.0,0.0
P08893,Good,0.0,1.0,0.0
P08894,Good,0.0,1.0,0.0
P08895,Excellent,0.0,0.0,1.0
P08896,Excellent,0.0,0.0,1.0
P08897,Excellent,0.0,0.0,1.0
P08898,Good,0.0,1.0,0.0
P08899,Excellent,0.0,0.0,1.0
P08900,Good,0.0,1.0,0.0
P08901,Good,0.0,1.0,0.0
P08902,Excellent,0.0,0.0,1.0
P08903,Good,0.0,1.0,0.0
P08904,Average,1.0,0.0,0.0
P08905,Good,0.0,1.0,0.0
P08906,Excellent,0.0,0.0,1.0
P08907,Excellent,0.0,0.0,1.0
P08908,Good,0.0,1.0,0.0
P08909,Average,1.0,0.0,0.0
P08910,Excellent,0.0,0.0,1.0
P08911,Good,0.0,1.0,0.0
P08912,Average,1.0,0.0,0.0
P08913,Good,0.0,1.0,0.0
P08914,Excellent,0.0,0.0,1.0
P08915,Good,0.0,1.0,0.0
P08916,Good,0.0,1.0,0.0
P08917,Good,0.0,1.0,0.0
P08918,Average,1.0,0.0,0.0
P08919,Excellent,0.0,0.0,1.0
P08920,Excellent,0.0,0.0,1.0
P08921,Average,1.0,0.0,0.0
P08922,Good,0.0,1.0,0.0
P08923,Good,0.0,1.0,0.0
P08924,Average,1.0,0.0,0.0
P08925,Excellent,0.0,0.0,1.0
P08926,Good,0.0,1.0,0.0
P08927,Good,0.0,1.0,0.0
P08928,Excellent,0.0,0.0,1.0
P08929,Good,0.0,1.0,0.0
P08930,Good,0.0,1.0,0.0
P08931,Good,0.0,1.0,0.0
P08932,Excellent,0.0,0.0,1.0
P08933,Excellent,0.0,0.0,1.0
P08934,Good,0.0,1.0,0.0
P08935,Excellent,0.0,0.0,1.0
P08936,Average,1.0,0.0,0.0
P08937,Excellent,0.0,0.0,1.0
P08938,Excellent,0.0,0.0,1.0
P08939,Excellent,0.0,0.0,1.0
P08940,Good,0.0,1.0,0.0
P08941,Excellent,0.0,0.0,1.0
P08942,Excellent,0.0,0.0,1.0
P08943,Average,1.0,0.0,0.0
P08944,Good,0.0,1.0,0.0
P08945,Excellent,0.0,0.0,1.0
P08946,Good,0.0,1.0,0.0
P08947,Good,0.0,1.0,0.0
P08948,Excellent,0.0,0.0,1.0
P08949,Excellent,0.0,0.0,1.0
P08950,Good,0.0,1.0,0.0
P08951,Good,0.0,1.0,0.0
P08952,Good,0.0,1.0,0.0
P08953,Good,0.0,1.0,0.0
P08954,Good,0.0,1.0,0.0
P08955,Good,0.0,1.0,0.0
P08956,Excellent,0.0,0.0,1.0
P08957,Average,1.0,0.0,0.0
P08958,Excellent,0.0,0.0,1.0
P08959,Good,0.0,1.0,0.0
P08960,Average,1.0,0.0,0.0
P08961,Good,0.0,1.0,0.0
P08962,Good,0.0,1.0,0.0
P08963,Excellent,0.0,0.0,1.0
P08964,Average,1.0,0.0,0.0
P08965,Good,0.0,1.0,0.0
P08966,Excellent,0.0,0.0,1.0
P08967,Average,1.0,0.0,0.0
P08968,Good,0.0,1.0,0.0
P08969,Excellent,0.0,0.0,1.0
P08970,Average,1.0,0.0,0.0
P08971,Good,0.0,1.0,0.0
P08972,Excellent,0.0,0.0,1.0
P08973,Good,0.0,1.0,0.0
P08974,Good,0.0,1.0,0.0
P08975,Good,0.0,1.0,0.0
P08976,Excellent,0.0,0.0,1.0
P08977,Good,0.0,1.0,0.0
P08978,Good,0.0,1.0,0.0
P08979,Average,1.0,0.0,0.0
P08980,Good,0.0,1.0,0.0
P08981,Average,1.0,0.0,0.0
P08982,Average,1.0,0.0,0.0
P08983,Excellent,0.0,0.0,1.0
P08984,Good,0.0,1.0,0.0
P08985,Excellent,0.0,0.0,1.0
P08986,Good,0.0,1.0,0.0
P08987,Average,1.0,0.0,0.0
P08988,Good,0.0,1.0,0.0
P08989,Excellent,0.0,0.0,1.0
P08990,Good,0.0,1.0,0.0
P08991,Good,0.0,1.0,0.0
P08992,Excellent,0.0,0.0,1.0
P08993,Average,1.0,0.0,0.0
P08994,Good,0.0,1.0,0.0
P08995,Good,0.0,1.0,0.0
P08996,Excellent,0.0,0.0,1.0
P08997,Good,0.0,1.0,0.0
P08998,Average,1.0,0.0,0.0
P08999,Excellent,0.0,0.0,1.0
P09000,Good,0.0,1.0,0.0
P09001,Excellent,0.0,0.0,1.0
P09002,Good,0.0,1.0,0.0
P09003,Good,0.0,1.0,0.0
P09004,Average,1.0,0.0,0.0
P09005,Excellent,0.0,0.0,1.0
P09006,Average,1.0,0.0,0.0
P09007,Good,0.0,1.0,0.0
P09008,Excellent,0.0,0.0,1.0
P09009,Excellent,0.0,0.0,1.0
P09010,Average,1.0,0.0,0.0
P09011,Average,1.0,0.0,0.0
P09012,Good,0.0,1.0,0.0
P09013,Good,0.0,1.0,0.0
P09014,Good,0.0,1.0,0.0
P09015,Good,0.0,1.0,0.0
P09016,Average,1.0,0.0,0.0
P09017,Good,0.0,1.0,0.0
P09018,Good,0.0,1.0,0.0
P09019,Good,0.0,1.0,0.0
P09020,Good,0.0,1.0,0.0
P09021,Excellent,0.0,0.0,1.0
P09022,Good,0.0,1.0,0.0
P09023,Average,1.0,0.0,0.0
P09024,Average,1.0,0.0,0.0
P09025,Good,0.0,1.0,0.0
P09026,Average,1.0,0.0,0.0
P09027,Excellent,0.0,0.0,1.0
P09028,Average,1.0,0.0,0.0
P09029,Average,1.0,0.0,0.0
P09030,Good,0.0,1.0,0.0
P09031,Average,1.0,0.0,0.0
P09032,Good,0.0,1.0,0.0
P09033,Good,0.0,1.0,0.0
P09034,Excellent,0.0,0.0,1.0
P09035,Good,0.0,1.0,0.0
P09036,Good,0.0,1.0,0.0
P09037,Good,0.0,1.0,0.0
P09038,Excellent,0.0,0.0,1.0
P09039,Average,1.0,0.0,0.0
P09040,Good,0.0,1.0,0.0
P09041,Good,0.0,1.0,0.0
P09042,Average,1.0,0.0,0.0
P09043,Good,0.0,1.0,0.0
P09044,Good,0.0,1.0,0.0
P09045,Good,0.0,1.0,0.0
P09046,Good,0.0,1.0,0.0
P09047,Good,0.0,1.0,0.0
P09048,Excellent,0.0,0.0,1.0
P09049,Good,0.0,1.0,0.0
P09050,Good,0.0,1.0,0.0
P09051,Excellent,0.0,0.0,1.0
P09052,Excellent,0.0,0.0,1.0
P09053,Good,0.0,1.0,0.0
P09054,Good,0.0,1.0,0.0
P09055,Average,1.0,0.0,0.0
P09056,Good,0.0,1.0,0.0
P09057,Excellent,0.0,0.0,1.0
P09058,Good,0.0,1.0,0.0
P09059,Good,0.0,1.0,0.0
P09060,Average,1.0,0.0,0.0
P09061,Excellent,0.0,0.0,1.0
P09062,Good,0.0,1.0,0.0
P09063,Good,0.0,1.0,0.0
P09064,Excellent,0.0,0.0,1.0
P09065,Good,0.0,1.0,0.0
P09066,Excellent,0.0,0.0,1.0
P09067,Good,0.0,1.0,0.0
P09068,Average,1.0,0.0,0.0
P09069,Average,1.0,0.0,0.0
P09070,Good,0.0,1.0,0.0
P09071,Good,0.0,1.0,0.0
P09072,Average,1.0,0.0,0.0
P09073,Average,1.0,0.0,0.0
P09074,Good,0.0,1.0,0.0
P09075,Excellent,0.0,0.0,1.0
P09076,Excellent,0.0,0.0,1.0
P09077,Good,0.0,1.0,0.0
P09078,Good,0.0,1.0,0.0
P09079,Excellent,0.0,0.0,1.0
P09080,Excellent,0.0,0.0,1.0
P09081,Excellent,0.0,0.0,1.0
P09082,Average,1.0,0.0,0.0
P09083,Good,0.0,1.0,0.0
P09084,Good,0.0,1.0,0.0
P09085,Good,0.0,1.0,0.0
P09086,Good,0.0,1.0,0.0
P09087,Good,0.0,1.0,0.0
P09088,Excellent,0.0,0.0,1.0
P09089,Good,0.0,1.0,0.0
P09090,Excellent,0.0,0.0,1.0
P09091,Good,0.0,1.0,0.0
P09092,Excellent,0.0,0.0,1.0
P09093,Excellent,0.0,0.0,1.0
P09094,Good,0.0,1.0,0.0
P09095,Good,0.0,1.0,0.0
P09096,Excellent,0.0,0.0,1.0
P09097,Excellent,0.0,0.0,1.0
P09098,Good,0.0,1.0,0.0
P09099,Excellent,0.0,0.0,1.0
P09100,Good,0.0,1.0,0.0
P09101,Average,1.0,0.0,0.0
P09102,Good,0.0,1.0,0.0
P09103,Good,0.0,1.0,0.0
P09104,Good,0.0,1.0,0.0
P09105,Excellent,0.0,0.0,1.0
P09106,Excellent,0.0,0.0,1.0
P09107,Good,0.0,1.0,0.0
P09108,Good,0.0,1.0,0.0
P09109,Average,1.0,0.0,0.0
P09110,Good,0.0,1.0,0.0
P09111,Good,0.0,1.0,0.0
P09112,Average,1.0,0.0,0.0
P09113,Excellent,0.0,0.0,1.0
P09114,Good,0.0,1.0,0.0
P09115,Excellent,0.0,0.0,1.0
P09116,Good,0.0,1.0,0.0
P09117,Good,0.0,1.0,0.0
P09118,Good,0.0,1.0,0.0
P09119,Average,1.0,0.0,0.0
P09120,Excellent,0.0,0.0,1.0
P09121,Good,0.0,1.0,0.0
P09122,Good,0.0,1.0,0.0
P09123,Good,0.0,1.0,0.0
P09124,Average,1.0,0.0,0.0
P09125,Excellent,0.0,0.0,1.0
P09126,Good,0.0,1.0,0.0
P09127,Good,0.0,1.0,0.0
P09128,Good,0.0,1.0,0.0
P09129,Average,1.0,0.0,0.0
P09130,Good,0.0,1.0,0.0
P09131,Good,0.0,1.0,0.0
P09132,Excellent,0.0,0.0,1.0
P09133,Average,1.0,0.0,0.0
P09134,Excellent,0.0,0.0,1.0
P09135,Good,0.0,1.0,0.0
P09136,Excellent,0.0,0.0,1.0
P09137,Good,0.0,1.0,0.0
P09138,Excellent,0.0,0.0,1.0
P09139,Average,1.0,0.0,0.0
P09140,Average,1.0,0.0,0.0
P09141,Average,1.0,0.0,0.0
P09142,Good,0.0,1.0,0.0
P09143,Good,0.0,1.0,0.0
P09144,Good,0.0,1.0,0.0
P09145,Good,0.0,1.0,0.0
P09146,Excellent,0.0,0.0,1.0
P09147,Good,0.0,1.0,0.0
P09148,Good,0.0,1.0,0.0
P09149,Excellent,0.0,0.0,1.0
P09150,Excellent,0.0,0.0,1.0
P09151,Good,0.0,1.0,0.0
P09152,Excellent,0.0,0.0,1.0
P09153,Good,0.0,1.0,0.0
P09154,Excellent,0.0,0.0,1.0
P09155,Good,0.0,1.0,0.0
P09156,Excellent,0.0,0.0,1.0
P09157,Good,0.0,1.0,0.0
P09158,Good,0.0,1.0,0.0
P09159,Excellent,0.0,0.0,1.0
P09160,Good,0.0,1.0,0.0
P09161,Average,1.0,0.0,0.0
P09162,Good,0.0,1.0,0.0
P09163,Good,0.0,1.0,0.0
P09164,Average,1.0,0.0,0.0
P09165,Good,0.0,1.0,0.0
P09166,Good,0.0,1.0,0.0
P09167,Good,0.0,1.0,0.0
P09168,Good,0.0,1.0,0.0
P09169,Excellent,0.0,0.0,1.0
P09170,Average,1.0,0.0,0.0
P09171,Average,1.0,0.0,0.0
P09172,Average,1.0,0.0,0.0
P09173,Good,0.0,1.0,0.0
P09174,Excellent,0.0,0.0,1.0
P09175,Excellent,0.0,0.0,1.0
P09176,Average,1.0,0.0,0.0
P09177,Good,0.0,1.0,0.0
P09178,Good,0.0,1.0,0.0
P09179,Good,0.0,1.0,0.0
P09180,Average,1.0,0.0,0.0
P09181,Good,0.0,1.0,0.0
P09182,Good,0.0,1.0,0.0
P09183,Good,0.0,1.0,0.0
P09184,Good,0.0,1.0,0.0
P09185,Excellent,0.0,0.0,1.0
P09186,Good,0.0,1.0,0.0
P09187,Good,0.0,1.0,0.0
P09188,Average,1.0,0.0,0.0
P09189,Good,0.0,1.0,0.0
P09190,Good,0.0,1.0,0.0
P09191,Average,1.0,0.0,0.0
P09192,Excellent,0.0,0.0,1.0
P09193,Good,0.0,1.0,0.0
P09194,Good,0.0,1.0,0.0
P09195,Excellent,0.0,0.0,1.0
P09196,Average,1.0,0.0,0.0
P09197,Good,0.0,1.0,0.0
P09198,Good,0.0,1.0,0.0
P09199,Average,1.0,0.0,0.0
P09200,Excellent,0.0,0.0,1.0
P09201,Good,0.0,1.0,0.0
P09202,Average,1.0,0.0,0.0
P09203,Good,0.0,1.0,0.0
P09204,Good,0.0,1.0,0.0
P09205,Average,1.0,0.0,0.0
P09206,Average,1.0,0.0,0.0
P09207,Average,1.0,0.0,0.0
P09208,Good,0.0,1.0,0.0
P09209,Average,1.0,0.0,0.0
P09210,Good,0.0,1.0,0.0
P09211,Average,1.0,0.0,0.0
P09212,Good,0.0,1.0,0.0
P09213,Good,0.0,1.0,0.0
P09214,Excellent,0.0,0.0,1.0
P09215,Average,1.0,0.0,0.0
P09216,Good,0.0,1.0,0.0
P09217,Average,1.0,0.0,0.0
P09218,Average,1.0,0.0,0.0
P09219,Average,1.0,0.0,0.0
P09220,Good,0.0,1.0,0.0
P09221,Good,0.0,1.0,0.0
P09222,Good,0.0,1.0,0.0
P09223,Excellent,0.0,0.0,1.0
P09224,Average,1.0,0.0,0.0
P09225,Excellent,0.0,0.0,1.0
P09226,Good,0.0,1.0,0.0
P09227,Good,0.0,1.0,0.0
P09228,Average,1.0,0.0,0.0
P09229,Good,0.0,1.0,0.0
P09230,Good,0.0,1.0,0.0
P09231,Good,0.0,1.0,0.0
P09232,Average,1.0,0.0,0.0
P09233,Good,0.0,1.0,0.0
P09234,Excellent,0.0,0.0,1.0
P09235,Average,1.0,0.0,0.0
P09236,Good,0.0,1.0,0.0
P09237,Average,1.0,0.0,0.0
P09238,Excellent,0.0,0.0,1.0
P09239,Average,1.0,0.0,0.0
P09240,Excellent,0.0,0.0,1.0
P09241,Excellent,0.0,0.0,1.0
P09242,Good,0.0,1.0,0.0
P09243,Excellent,0.0,0.0,1.0
P09244,Excellent,0.0,0.0,1.0
P09245,Average,1.0,0.0,0.0
P09246,Good,0.0,1.0,0.0
P09247,Good,0.0,1.0,0.0
P09248,Excellent,0.0,0.0,1.0
P09249,Good,0.0,1.0,0.0
P09250,Excellent,0.0,0.0,1.0
P09251,Excellent,0.0,0.0,1.0
P09252,Good,0.0,1.0,0.0
P09253,Average,1.0,0.0,0.0
P09254,Good,0.0,1.0,0.0
P09255,Average,1.0,0.0,0.0
P09256,Average,1.0,0.0,0.0
P09257,Excellent,0.0,0.0,1.0
P09258,Good,0.0,1.0,0.0
P09259,Average,1.0,0.0,0.0
P09260,Excellent,0.0,0.0,1.0
P09261,Good,0.0,1.0,0.0
P09262,Excellent,0.0,0.0,1.0
P09263,Excellent,0.0,0.0,1.0
P09264,Good,0.0,1.0,0.0
P09265,Excellent,0.0,0.0,1.0
P09266,Good,0.0,1.0,0.0
P09267,Good,0.0,1.0,0.0
P09268,Good,0.0,1.0,0.0
P09269,Average,1.0,0.0,0.0
P09270,Good,0.0,1.0,0.0
P09271,Average,1.0,0.0,0.0
P09272,Excellent,0.0,0.0,1.0
P09273,Good,0.0,1.0,0.0
P09274,Excellent,0.0,0.0,1.0
P09275,Good,0.0,1.0,0.0
P09276,Good,0.0,1.0,0.0
P09277,Average,1.0,0.0,0.0
P09278,Excellent,0.0,0.0,1.0
P09279,Average,1.0,0.0,0.0
P09280,Average,1.0,0.0,0.0
P09281,Good,0.0,1.0,0.0
P09282,Average,1.0,0.0,0.0
P09283,Average,1.0,0.0,0.0
P09284,Excellent,0.0,0.0,1.0
P09285,Average,1.0,0.0,0.0
P09286,Good,0.0,1.0,0.0
P09287,Excellent,0.0,0.0,1.0
P09288,Excellent,0.0,0.0,1.0
P09289,Good,0.0,1.0,0.0
P09290,Good,0.0,1.0,0.0
P09291,Excellent,0.0,0.0,1.0
P09292,Average,1.0,0.0,0.0
P09293,Good,0.0,1.0,0.0
P09294,Good,0.0,1.0,0.0
P09295,Good,0.0,1.0,0.0
P09296,Good,0.0,1.0,0.0
P09297,Good,0.0,1.0,0.0
P09298,Excellent,0.0,0.0,1.0
P09299,Excellent,0.0,0.0,1.0
P09300,Excellent,0.0,0.0,1.0
P09301,Excellent,0.0,0.0,1.0
P09302,Good,0.0,1.0,0.0
P09303,Average,1.0,0.0,0.0
P09304,Good,0.0,1.0,0.0
P09305,Good,0.0,1.0,0.0
P09306,Excellent,0.0,0.0,1.0
P09307,Excellent,0.0,0.0,1.0
P09308,Average,1.0,0.0,0.0
P09309,Excellent,0.0,0.0,1.0
P09310,Average,1.0,0.0,0.0
P09311,Excellent,0.0,0.0,1.0
P09312,Good,0.0,1.0,0.0
P09313,Good,0.0,1.0,0.0
P09314,Good,0.0,1.0,0.0
P09315,Average,1.0,0.0,0.0
P09316,Excellent,0.0,0.0,1.0
P09317,Excellent,0.0,0.0,1.0
P09318,Excellent,0.0,0.0,1.0
P09319,Excellent,0.0,0.0,1.0
P09320,Excellent,0.0,0.0,1.0
P09321,Good,0.0,1.0,0.0
P09322,Average,1.0,0.0,0.0
P09323,Good,0.0,1.0,0.0
P09324,Average,1.0,0.0,0.0
P09325,Average,1.0,0.0,0.0
P09326,Good,0.0,1.0,0.0
P09327,Excellent,0.0,0.0,1.0
P09328,Good,0.0,1.0,0.0
P09329,Excellent,0.0,0.0,1.0
P09330,Excellent,0.0,0.0,1.0
P09331,Good,0.0,1.0,0.0
P09332,Good,0.0,1.0,0.0
P09333,Excellent,0.0,0.0,1.0
P09334,Good,0.0,1.0,0.0
P09335,Average,1.0,0.0,0.0
P09336,Good,0.0,1.0,0.0
P09337,Excellent,0.0,0.0,1.0
P09338,Good,0.0,1.0,0.0
P09339,Good,0.0,1.0,0.0
P09340,Excellent,0.0,0.0,1.0
P09341,Excellent,0.0,0.0,1.0
P09342,Good,0.0,1.0,0.0
P09343,Good,0.0,1.0,0.0
P09344,Good,0.0,1.0,0.0
P09345,Good,0.0,1.0,0.0
P09346,Good,0.0,1.0,0.0
P09347,Good,0.0,1.0,0.0
P09348,Excellent,0.0,0.0,1.0
P09349,Excellent,0.0,0.0,1.0
P09350,Excellent,0.0,0.0,1.0
P09351,Good,0.0,1.0,0.0
P09352,Average,1.0,0.0,0.0
P09353,Average,1.0,0.0,0.0
P09354,Average,1.0,0.0,0.0
P09355,Excellent,0.0,0.0,1.0
P09356,Average,1.0,0.0,0.0
P09357,Excellent,0.0,0.0,1.0
P09358,Average,1.0,0.0,0.0
P09359,Average,1.0,0.0,0.0
P09360,Good,0.0,1.0,0.0
P09361,Average,1.0,0.0,0.0
P09362,Good,0.0,1.0,0.0
P09363,Good,0.0,1.0,0.0
P09364,Excellent,0.0,0.0,1.0
P09365,Good,0.0,1.0,0.0
P09366,Good,0.0,1.0,0.0
P09367,Excellent,0.0,0.0,1.0
P09368,Good,0.0,1.0,0.0
P09369,Excellent,0.0,0.0,1.0
P09370,Excellent,0.0,0.0,1.0
P09371,Excellent,0.0,0.0,1.0
P09372,Average,1.0,0.0,0.0
P09373,Good,0.0,1.0,0.0
P09374,Good,0.0,1.0,0.0
P09375,Excellent,0.0,0.0,1.0
P09376,Good,0.0,1.0,0.0
P09377,Good,0.0,1.0,0.0
P09378,Average,1.0,0.0,0.0
P09379,Excellent,0.0,0.0,1.0
P09380,Good,0.0,1.0,0.0
P09381,Excellent,0.0,0.0,1.0
P09382,Good,0.0,1.0,0.0
P09383,Excellent,0.0,0.0,1.0
P09384,Good,0.0,1.0,0.0
P09385,Excellent,0.0,0.0,1.0
P09386,Average,1.0,0.0,0.0
P09387,Good,0.0,1.0,0.0
P09388,Average,1.0,0.0,0.0
P09389,Excellent,0.0,0.0,1.0
P09390,Excellent,0.0,0.0,1.0
P09391,Good,0.0,1.0,0.0
P09392,Good,0.0,1.0,0.0
P09393,Average,1.0,0.0,0.0
P09394,Good,0.0,1.0,0.0
P09395,Good,0.0,1.0,0.0
P09396,Good,0.0,1.0,0.0
P09397,Average,1.0,0.0,0.0
P09398,Good,0.0,1.0,0.0
P09399,Good,0.0,1.0,0.0
P09400,Good,0.0,1.0,0.0
P09401,Good,0.0,1.0,0.0
P09402,Good,0.0,1.0,0.0
P09403,Excellent,0.0,0.0,1.0
P09404,Excellent,0.0,0.0,1.0
P09405,Excellent,0.0,0.0,1.0
P09406,Excellent,0.0,0.0,1.0
P09407,Average,1.0,0.0,0.0
P09408,Excellent,0.0,0.0,1.0
P09409,Good,0.0,1.0,0.0
P09410,Excellent,0.0,0.0,1.0
P09411,Good,0.0,1.0,0.0
P09412,Excellent,0.0,0.0,1.0
P09413,Excellent,0.0,0.0,1.0
P09414,Good,0.0,1.0,0.0
P09415,Excellent,0.0,0.0,1.0
P09416,Excellent,0.0,0.0,1.0
P09417,Average,1.0,0.0,0.0
P09418,Good,0.0,1.0,0.0
P09419,Good,0.0,1.0,0.0
P09420,Excellent,0.0,0.0,1.0
P09421,Excellent,0.0,0.0,1.0
P09422,Good,0.0,1.0,0.0
P09423,Good,0.0,1.0,0.0
P09424,Good,0.0,1.0,0.0
P09425,Good,0.0,1.0,0.0
P09426,Excellent,0.0,0.0,1.0
P09427,Average,1.0,0.0,0.0
P09428,Excellent,0.0,0.0,1.0
P09429,Good,0.0,1.0,0.0
P09430,Good,0.0,1.0,0.0
P09431,Excellent,0.0,0.0,1.0
P09432,Excellent,0.0,0.0,1.0
P09433,Excellent,0.0,0.0,1.0
P09434,Average,1.0,0.0,0.0
P09435,Good,0.0,1.0,0.0
P09436,Excellent,0.0,0.0,1.0
P09437,Good,0.0,1.0,0.0
P09438,Good,0.0,1.0,0.0
P09439,Good,0.0,1.0,0.0
P09440,Excellent,0.0,0.0,1.0
P09441,Average,1.0,0.0,0.0
P09442,Good,0.0,1.0,0.0
P09443,Good,0.0,1.0,0.0
P09444,Average,1.0,0.0,0.0
P09445,Good,0.0,1.0,0.0
P09446,Excellent,0.0,0.0,1.0
P09447,Good,0.0,1.0,0.0
P09448,Average,1.0,0.0,0.0
P09449,Average,1.0,0.0,0.0
P09450,Average,1.0,0.0,0.0
P09451,Excellent,0.0,0.0,1.0
P09452,Good,0.0,1.0,0.0
P09453,Good,0.0,1.0,0.0
P09454,Average,1.0,0.0,0.0
P09455,Excellent,0.0,0.0,1.0
P09456,Excellent,0.0,0.0,1.0
P09457,Good,0.0,1.0,0.0
P09458,Average,1.0,0.0,0.0
P09459,Excellent,0.0,0.0,1.0
P09460,Excellent,0.0,0.0,1.0
P09461,Average,1.0,0.0,0.0
P09462,Good,0.0,1.0,0.0
P09463,Good,0.0,1.0,0.0
P09464,Excellent,0.0,0.0,1.0
P09465,Good,0.0,1.0,0.0
P09466,Good,0.0,1.0,0.0
P09467,Good,0.0,1.0,0.0
P09468,Good,0.0,1.0,0.0
P09469,Good,0.0,1.0,0.0
P09470,Excellent,0.0,0.0,1.0
P09471,Excellent,0.0,0.0,1.0
P09472,Good,0.0,1.0,0.0
P09473,Good,0.0,1.0,0.0
P09474,Average,1.0,0.0,0.0
P09475,Good,0.0,1.0,0.0
P09476,Excellent,0.0,0.0,1.0
P09477,Good,0.0,1.0,0.0
P09478,Excellent,0.0,0.0,1.0
P09479,Good,0.0,1.0,0.0
P09480,Good,0.0,1.0,0.0
P09481,Average,1.0,0.0,0.0
P09482,Excellent,0.0,0.0,1.0
P09483,Average,1.0,0.0,0.0
P09484,Excellent,0.0,0.0,1.0
P09485,Excellent,0.0,0.0,1.0
P09486,Good,0.0,1.0,0.0
P09487,Good,0.0,1.0,0.0
P09488,Excellent,0.0,0.0,1.0
P09489,Excellent,0.0,0.0,1.0
P09490,Average,1.0,0.0,0.0
P09491,Good,0.0,1.0,0.0
P09492,Good,0.0,1.0,0.0
P09493,Good,0.0,1.0,0.0
P09494,Excellent,0.0,0.0,1.0
P09495,Excellent,0.0,0.0,1.0
P09496,Average,1.0,0.0,0.0
P09497,Excellent,0.0,0.0,1.0
P09498,Excellent,0.0,0.0,1.0
P09499,Average,1.0,0.0,0.0
P09500,Average,1.0,0.0,0.0
P09501,Excellent,0.0,0.0,1.0
P09502,Excellent,0.0,0.0,1.0
P09503,Good,0.0,1.0,0.0
P09504,Excellent,0.0,0.0,1.0
P09505,Excellent,0.0,0.0,1.0
P09506,Average,1.0,0.0,0.0
P09507,Average,1.0,0.0,0.0
P09508,Average,1.0,0.0,0.0
P09509,Good,0.0,1.0,0.0
P09510,Good,0.0,1.0,0.0
P09511,Excellent,0.0,0.0,1.0
P09512,Good,0.0,1.0,0.0
P09513,Average,1.0,0.0,0.0
P09514,Excellent,0.0,0.0,1.0
P09515,Good,0.0,1.0,0.0
P09516,Excellent,0.0,0.0,1.0
P09517,Average,1.0,0.0,0.0
P09518,Excellent,0.0,0.0,1.0
P09519,Average,1.0,0.0,0.0
P09520,Average,1.0,0.0,0.0
P09521,Good,0.0,1.0,0.0
P09522,Excellent,0.0,0.0,1.0
P09523,Good,0.0,1.0,0.0
P09524,Good,0.0,1.0,0.0
P09525,Excellent,0.0,0.0,1.0
P09526,Good,0.0,1.0,0.0
P09527,Good,0.0,1.0,0.0
P09528,Average,1.0,0.0,0.0
P09529,Good,0.0,1.0,0.0
P09530,Good,0.0,1.0,0.0
P09531,Good,0.0,1.0,0.0
P09532,Good,0.0,1.0,0.0
P09533,Excellent,0.0,0.0,1.0
P09534,Good,0.0,1.0,0.0
P09535,Excellent,0.0,0.0,1.0
P09536,Excellent,0.0,0.0,1.0
P09537,Good,0.0,1.0,0.0
P09538,Good,0.0,1.0,0.0
P09539,Good,0.0,1.0,0.0
P09540,Excellent,0.0,0.0,1.0
P09541,Excellent,0.0,0.0,1.0
P09542,Excellent,0.0,0.0,1.0
P09543,Excellent,0.0,0.0,1.0
P09544,Excellent,0.0,0.0,1.0
P09545,Excellent,0.0,0.0,1.0
P09546,Excellent,0.0,0.0,1.0
P09547,Excellent,0.0,0.0,1.0
P09548,Excellent,0.0,0.0,1.0
P09549,Good,0.0,1.0,0.0
P09550,Good,0.0,1.0,0.0
P09551,Good,0.0,1.0,0.0
P09552,Good,0.0,1.0,0.0
P09553,Average,1.0,0.0,0.0
P09554,Excellent,0.0,0.0,1.0
P09555,Excellent,0.0,0.0,1.0
P09556,Good,0.0,1.0,0.0
P09557,Average,1.0,0.0,0.0
P09558,Good,0.0,1.0,0.0
P09559,Average,1.0,0.0,0.0
P09560,Good,0.0,1.0,0.0
P09561,Excellent,0.0,0.0,1.0
P09562,Average,1.0,0.0,0.0
P09563,Average,1.0,0.0,0.0
P09564,Excellent,0.0,0.0,1.0
P09565,Good,0.0,1.0,0.0
P09566,Good,0.0,1.0,0.0
P09567,Good,0.0,1.0,0.0
P09568,Excellent,0.0,0.0,1.0
P09569,Good,0.0,1.0,0.0
P09570,Excellent,0.0,0.0,1.0
P09571,Average,1.0,0.0,0.0
P09572,Excellent,0.0,0.0,1.0
P09573,Good,0.0,1.0,0.0
P09574,Good,0.0,1.0,0.0
P09575,Excellent,0.0,0.0,1.0
P09576,Average,1.0,0.0,0.0
P09577,Excellent,0.0,0.0,1.0
P09578,Excellent,0.0,0.0,1.0
P09579,Excellent,0.0,0.0,1.0
P09580,Average,1.0,0.0,0.0
P09581,Good,0.0,1.0,0.0
P09582,Excellent,0.0,0.0,1.0
P09583,Good,0.0,1.0,0.0
P09584,Good,0.0,1.0,0.0
P09585,Average,1.0,0.0,0.0
P09586,Excellent,0.0,0.0,1.0
P09587,Excellent,0.0,0.0,1.0
P09588,Good,0.0,1.0,0.0
P09589,Excellent,0.0,0.0,1.0
P09590,Good,0.0,1.0,0.0
P09591,Average,1.0,0.0,0.0
P09592,Good,0.0,1.0,0.0
P09593,Excellent,0.0,0.0,1.0
P09594,Good,0.0,1.0,0.0
P09595,Excellent,0.0,0.0,1.0
P09596,Good,0.0,1.0,0.0
P09597,Average,1.0,0.0,0.0
P09598,Average,1.0,0.0,0.0
P09599,Excellent,0.0,0.0,1.0
P09600,Good,0.0,1.0,0.0
P09601,Excellent,0.0,0.0,1.0
P09602,Excellent,0.0,0.0,1.0
P09603,Good,0.0,1.0,0.0
P09604,Average,1.0,0.0,0.0
P09605,Average,1.0,0.0,0.0
P09606,Good,0.0,1.0,0.0
P09607,Average,1.0,0.0,0.0
P09608,Good,0.0,1.0,0.0
P09609,Excellent,0.0,0.0,1.0
P09610,Excellent,0.0,0.0,1.0
P09611,Good,0.0,1.0,0.0
P09612,Good,0.0,1.0,0.0
P09613,Good,0.0,1.0,0.0
P09614,Good,0.0,1.0,0.0
P09615,Good,0.0,1.0,0.0
P09616,Excellent,0.0,0.0,1.0
P09617,Excellent,0.0,0.0,1.0
P09618,Average,1.0,0.0,0.0
P09619,Good,0.0,1.0,0.0
P09620,Good,0.0,1.0,0.0
P09621,Average,1.0,0.0,0.0
P09622,Excellent,0.0,0.0,1.0
P09623,Good,0.0,1.0,0.0
P09624,Average,1.0,0.0,0.0
P09625,Good,0.0,1.0,0.0
P09626,Good,0.0,1.0,0.0
P09627,Good,0.0,1.0,0.0
P09628,Good,0.0,1.0,0.0
P09629,Average,1.0,0.0,0.0
P09630,Excellent,0.0,0.0,1.0
P09631,Excellent,0.0,0.0,1.0
P09632,Excellent,0.0,0.0,1.0
P09633,Good,0.0,1.0,0.0
P09634,Good,0.0,1.0,0.0
P09635,Excellent,0.0,0.0,1.0
P09636,Good,0.0,1.0,0.0
P09637,Average,1.0,0.0,0.0
P09638,Good,0.0,1.0,0.0
P09639,Good,0.0,1.0,0.0
P09640,Average,1.0,0.0,0.0
P09641,Average,1.0,0.0,0.0
P09642,Good,0.0,1.0,0.0
P09643,Good,0.0,1.0,0.0
P09644,Average,1.0,0.0,0.0
P09645,Good,0.0,1.0,0.0
P09646,Good,0.0,1.0,0.0
P09647,Good,0.0,1.0,0.0
P09648,Good,0.0,1.0,0.0
P09649,Good,0.0,1.0,0.0
P09650,Good,0.0,1.0,0.0
P09651,Average,1.0,0.0,0.0
P09652,Excellent,0.0,0.0,1.0
P09653,Good,0.0,1.0,0.0
P09654,Excellent,0.0,0.0,1.0
P09655,Average,1.0,0.0,0.0
P09656,Excellent,0.0,0.0,1.0
P09657,Excellent,0.0,0.0,1.0
P09658,Good,0.0,1.0,0.0
P09659,Excellent,0.0,0.0,1.0
P09660,Good,0.0,1.0,0.0
P09661,Excellent,0.0,0.0,1.0
P09662,Good,0.0,1.0,0.0
P09663,Average,1.0,0.0,0.0
P09664,Average,1.0,0.0,0.0
P09665,Good,0.0,1.0,0.0
P09666,Good,0.0,1.0,0.0
P09667,Average,1.0,0.0,0.0
P09668,Average,1.0,0.0,0.0
P09669,Good,0.0,1.0,0.0
P09670,Average,1.0,0.0,0.0
P09671,Good,0.0,1.0,0.0
P09672,Average,1.0,0.0,0.0
P09673,Excellent,0.0,0.0,1.0
P09674,Excellent,0.0,0.0,1.0
P09675,Excellent,0.0,0.0,1.0
P09676,Average,1.0,0.0,0.0
P09677,Average,1.0,0.0,0.0
P09678,Excellent,0.0,0.0,1.0
P09679,Good,0.0,1.0,0.0
P09680,Excellent,0.0,0.0,1.0
P09681,Good,0.0,1.0,0.0
P09682,Average,1.0,0.0,0.0
P09683,Excellent,0.0,0.0,1.0
P09684,Average,1.0,0.0,0.0
P09685,Excellent,0.0,0.0,1.0
P09686,Good,0.0,1.0,0.0
P09687,Good,0.0,1.0,0.0
P09688,Average,1.0,0.0,0.0
P09689,Good,0.0,1.0,0.0
P09690,Excellent,0.0,0.0,1.0
P09691,Average,1.0,0.0,0.0
P09692,Good,0.0,1.0,0.0
P09693,Excellent,0.0,0.0,1.0
P09694,Good,0.0,1.0,0.0
P09695,Good,0.0,1.0,0.0
P09696,Excellent,0.0,0.0,1.0
P09697,Good,0.0,1.0,0.0
P09698,Good,0.0,1.0,0.0
P09699,Good,0.0,1.0,0.0
P09700,Good,0.0,1.0,0.0
P09701,Excellent,0.0,0.0,1.0
P09702,Good,0.0,1.0,0.0
P09703,Average,1.0,0.0,0.0
P09704,Excellent,0.0,0.0,1.0
P09705,Good,0.0,1.0,0.0
P09706,Good,0.0,1.0,0.0
P09707,Excellent,0.0,0.0,1.0
P09708,Average,1.0,0.0,0.0
P09709,Good,0.0,1.0,0.0
P09710,Good,0.0,1.0,0.0
P09711,Good,0.0,1.0,0.0
P09712,Good,0.0,1.0,0.0
P09713,Good,0.0,1.0,0.0
P09714,Average,1.0,0.0,0.0
P09715,Excellent,0.0,0.0,1.0
P09716,Excellent,0.0,0.0,1.0
P09717,Good,0.0,1.0,0.0
P09718,Average,1.0,0.0,0.0
P09719,Good,0.0,1.0,0.0
P09720,Excellent,0.0,0.0,1.0
P09721,Good,0.0,1.0,0.0
P09722,Good,0.0,1.0,0.0
P09723,Average,1.0,0.0,0.0
P09724,Good,0.0,1.0,0.0
P09725,Good,0.0,1.0,0.0
P09726,Average,1.0,0.0,0.0
P09727,Excellent,0.0,0.0,1.0
P09728,Excellent,0.0,0.0,1.0
P09729,Good,0.0,1.0,0.0
P09730,Average,1.0,0.0,0.0
P09731,Good,0.0,1.0,0.0
P09732,Good,0.0,1.0,0.0
P09733,Excellent,0.0,0.0,1.0
P09734,Excellent,0.0,0.0,1.0
P09735,Average,1.0,0.0,0.0
P09736,Excellent,0.0,0.0,1.0
P09737,Excellent,0.0,0.0,1.0
P09738,Good,0.0,1.0,0.0
P09739,Average,1.0,0.0,0.0
P09740,Good,0.0,1.0,0.0
P09741,Average,1.0,0.0,0.0
P09742,Good,0.0,1.0,0.0
P09743,Excellent,0.0,0.0,1.0
P09744,Good,0.0,1.0,0.0
P09745,Average,1.0,0.0,0.0
P09746,Average,1.0,0.0,0.0
P09747,Good,0.0,1.0,0.0
P09748,Good,0.0,1.0,0.0
P09749,Average,1.0,0.0,0.0
P09750,Excellent,0.0,0.0,1.0
P09751,Good,0.0,1.0,0.0
P09752,Good,0.0,1.0,0.0
P09753,Excellent,0.0,0.0,1.0
P09754,Good,0.0,1.0,0.0
P09755,Average,1.0,0.0,0.0
P09756,Excellent,0.0,0.0,1.0
P09757,Excellent,0.0,0.0,1.0
P09758,Good,0.0,1.0,0.0
P09759,Good,0.0,1.0,0.0
P09760,Good,0.0,1.0,0.0
P09761,Excellent,0.0,0.0,1.0
P09762,Good,0.0,1.0,0.0
P09763,Average,1.0,0.0,0.0
P09764,Good,0.0,1.0,0.0
P09765,Average,1.0,0.0,0.0
P09766,Average,1.0,0.0,0.0
P09767,Good,0.0,1.0,0.0
P09768,Excellent,0.0,0.0,1.0
P09769,Average,1.0,0.0,0.0
P09770,Excellent,0.0,0.0,1.0
P09771,Good,0.0,1.0,0.0
P09772,Good,0.0,1.0,0.0
P09773,Average,1.0,0.0,0.0
P09774,Good,0.0,1.0,0.0
P09775,Average,1.0,0.0,0.0
P09776,Average,1.0,0.0,0.0
P09777,Average,1.0,0.0,0.0
P09778,Excellent,0.0,0.0,1.0
P09779,Good,0.0,1.0,0.0
P09780,Average,1.0,0.0,0.0
P09781,Excellent,0.0,0.0,1.0
P09782,Excellent,0.0,0.0,1.0
P09783,Good,0.0,1.0,0.0
P09784,Good,0.0,1.0,0.0
P09785,Average,1.0,0.0,0.0
P09786,Excellent,0.0,0.0,1.0
P09787,Good,0.0,1.0,0.0
P09788,Average,1.0,0.0,0.0
P09789,Average,1.0,0.0,0.0
P09790,Excellent,0.0,0.0,1.0
P09791,Excellent,0.0,0.0,1.0
P09792,Good,0.0,1.0,0.0
P09793,Average,1.0,0.0,0.0
P09794,Good,0.0,1.0,0.0
P09795,Excellent,0.0,0.0,1.0
P09796,Good,0.0,1.0,0.0
P09797,Average,1.0,0.0,0.0
P09798,Excellent,0.0,0.0,1.0
P09799,Good,0.0,1.0,0.0
P09800,Good,0.0,1.0,0.0
P09801,Good,0.0,1.0,0.0
P09802,Good,0.0,1.0,0.0
P09803,Average,1.0,0.0,0.0
P09804,Good,0.0,1.0,0.0
P09805,Excellent,0.0,0.0,1.0
P09806,Good,0.0,1.0,0.0
P09807,Excellent,0.0,0.0,1.0
P09808,Average,1.0,0.0,0.0
P09809,Excellent,0.0,0.0,1.0
P09810,Good,0.0,1.0,0.0
P09811,Average,1.0,0.0,0.0
P09812,Average,1.0,0.0,0.0
P09813,Good,0.0,1.0,0.0
P09814,Good,0.0,1.0,0.0
P09815,Good,0.0,1.0,0.0
P09816,Average,1.0,0.0,0.0
P09817,Good,0.0,1.0,0.0
P09818,Average,1.0,0.0,0.0
P09819,Good,0.0,1.0,0.0
P09820,Excellent,0.0,0.0,1.0
P09821,Excellent,0.0,0.0,1.0
P09822,Good,0.0,1.0,0.0
P09823,Good,0.0,1.0,0.0
P09824,Good,0.0,1.0,0.0
P09825,Good,0.0,1.0,0.0
P09826,Excellent,0.0,0.0,1.0
P09827,Average,1.0,0.0,0.0
P09828,Average,1.0,0.0,0.0
P09829,Average,1.0,0.0,0.0
P09830,Good,0.0,1.0,0.0
P09831,Excellent,0.0,0.0,1.0
P09832,Good,0.0,1.0,0.0
P09833,Average,1.0,0.0,0.0
P09834,Good,0.0,1.0,0.0
P09835,Excellent,0.0,0.0,1.0
P09836,Good,0.0,1.0,0.0
P09837,Good,0.0,1.0,0.0
P09838,Excellent,0.0,0.0,1.0
P09839,Good,0.0,1.0,0.0
P09840,Average,1.0,0.0,0.0
P09841,Good,0.0,1.0,0.0
P09842,Average,1.0,0.0,0.0
P09843,Average,1.0,0.0,0.0
P09844,Good,0.0,1.0,0.0
P09845,Average,1.0,0.0,0.0
P09846,Good,0.0,1.0,0.0
P09847,Excellent,0.0,0.0,1.0
P09848,Excellent,0.0,0.0,1.0
P09849,Excellent,0.0,0.0,1.0
P09850,Excellent,0.0,0.0,1.0
P09851,Good,0.0,1.0,0.0
P09852,Good,0.0,1.0,0.0
P09853,Excellent,0.0,0.0,1.0
P09854,Average,1.0,0.0,0.0
P09855,Excellent,0.0,0.0,1.0
P09856,Good,0.0,1.0,0.0
P09857,Average,1.0,0.0,0.0
P09858,Excellent,0.0,0.0,1.0
P09859,Good,0.0,1.0,0.0
P09860,Average,1.0,0.0,0.0
P09861,Excellent,0.0,0.0,1.0
P09862,Excellent,0.0,0.0,1.0
P09863,Excellent,0.0,0.0,1.0
P09864,Excellent,0.0,0.0,1.0
P09865,Excellent,0.0,0.0,1.0
P09866,Good,0.0,1.0,0.0
P09867,Good,0.0,1.0,0.0
P09868,Good,0.0,1.0,0.0
P09869,Average,1.0,0.0,0.0
P09870,Good,0.0,1.0,0.0
P09871,Excellent,0.0,0.0,1.0
P09872,Excellent,0.0,0.0,1.0
P09873,Excellent,0.0,0.0,1.0
P09874,Excellent,0.0,0.0,1.0
P09875,Average,1.0,0.0,0.0
P09876,Good,0.0,1.0,0.0
P09877,Good,0.0,1.0,0.0
P09878,Good,0.0,1.0,0.0
P09879,Average,1.0,0.0,0.0
P09880,Good,0.0,1.0,0.0
P09881,Average,1.0,0.0,0.0
P09882,Good,0.0,1.0,0.0
P09883,Good,0.0,1.0,0.0
P09884,Good,0.0,1.0,0.0
P09885,Average,1.0,0.0,0.0
P09886,Excellent,0.0,0.0,1.0
P09887,Good,0.0,1.0,0.0
P09888,Good,0.0,1.0,0.0
P09889,Average,1.0,0.0,0.0
P09890,Good,0.0,1.0,0.0
P09891,Average,1.0,0.0,0.0
P09892,Excellent,0.0,0.0,1.0
P09893,Good,0.0,1.0,0.0
P09894,Good,0.0,1.0,0.0
P09895,Excellent,0.0,0.0,1.0
P09896,Excellent,0.0,0.0,1.0
P09897,Excellent,0.0,0.0,1.0
P09898,Good,0.0,1.0,0.0
P09899,Average,1.0,0.0,0.0
P09900,Good,0.0,1.0,0.0
P09901,Good,0.0,1.0,0.0
P09902,Excellent,0.0,0.0,1.0
P09903,Good,0.0,1.0,0.0
P09904,Excellent,0.0,0.0,1.0
P09905,Good,0.0,1.0,0.0
P09906,Average,1.0,0.0,0.0
P09907,Good,0.0,1.0,0.0
P09908,Excellent,0.0,0.0,1.0
P09909,Good,0.0,1.0,0.0
P09910,Good,0.0,1.0,0.0
P09911,Excellent,0.0,0.0,1.0
P09912,Average,1.0,0.0,0.0
P09913,Good,0.0,1.0,0.0
P09914,Good,0.0,1.0,0.0
P09915,Good,0.0,1.0,0.0
P09916,Average,1.0,0.0,0.0
P09917,Excellent,0.0,0.0,1.0
P09918,Average,1.0,0.0,0.0
P09919,Good,0.0,1.0,0.0
P09920,Excellent,0.0,0.0,1.0
P09921,Average,1.0,0.0,0.0
P09922,Average,1.0,0.0,0.0
P09923,Excellent,0.0,0.0,1.0
P09924,Good,0.0,1.0,0.0
P09925,Good,0.0,1.0,0.0
P09926,Excellent,0.0,0.0,1.0
P09927,Excellent,0.0,0.0,1.0
P09928,Good,0.0,1.0,0.0
P09929,Good,0.0,1.0,0.0
P09930,Excellent,0.0,0.0,1.0
P09931,Excellent,0.0,0.0,1.0
P09932,Good,0.0,1.0,0.0
P09933,Good,0.0,1.0,0.0
P09934,Excellent,0.0,0.0,1.0
P09935,Average,1.0,0.0,0.0
P09936,Excellent,0.0,0.0,1.0
P09937,Excellent,0.0,0.0,1.0
P09938,Excellent,0.0,0.0,1.0
P09939,Excellent,0.0,0.0,1.0
P09940,Good,0.0,1.0,0.0
P09941,Good,0.0,1.0,0.0
P09942,Excellent,0.0,0.0,1.0
P09943,Excellent,0.0,0.0,1.0
P09944,Excellent,0.0,0.0,1.0
P09945,Good,0.0,1.0,0.0
P09946,Average,1.0,0.0,0.0
P09947,Excellent,0.0,0.0,1.0
P09948,Excellent,0.0,0.0,1.0
P09949,Average,1.0,0.0,0.0
P09950,Excellent,0.0,0.0,1.0
P09951,Excellent,0.0,0.0,1.0
P09952,Excellent,0.0,0.0,1.0
P09953,Excellent,0.0,0.0,1.0
P09954,Excellent,0.0,0.0,1.0
P09955,Good,0.0,1.0,0.0
P09956,Excellent,0.0,0.0,1.0
P09957,Average,1.0,0.0,0.0
P09958,Good,0.0,1.0,0.0
P09959,Good,0.0,1.0,0.0
P09960,Average,1.0,0.0,0.0
P09961,Good,0.0,1.0,0.0
P09962,Excellent,0.0,0.0,1.0
P09963,Average,1.0,0.0,0.0
P09964,Good,0.0,1.0,0.0
P09965,Average,1.0,0.0,0.0
P09966,Good,0.0,1.0,0.0
P09967,Good,0.0,1.0,0.0
P09968,Good,0.0,1.0,0.0
P09969,Excellent,0.0,0.0,1.0
P09970,Average,1.0,0.0,0.0
P09971,Excellent,0.0,0.0,1.0
P09972,Good,0.0,1.0,0.0
P09973,Excellent,0.0,0.0,1.0
P09974,Good,0.0,1.0,0.0
P09975,Average,1.0,0.0,0.0
P09976,Excellent,0.0,0.0,1.0
P09977,Average,1.0,0.0,0.0
P09978,Good,0.0,1.0,0.0
P09979,Average,1.0,0.0,0.0
P09980,Excellent,0.0,0.0,1.0
P09981,Excellent,0.0,0.0,1.0
P09982,Average,1.0,0.0,0.0
P09983,Excellent,0.0,0.0,1.0
P09984,Good,0.0,1.0,0.0
P09985,Excellent,0.0,0.0,1.0
P09986,Average,1.0,0.0,0.0
P09987,Good,0.0,1.0,0.0
P09988,Excellent,0.0,0.0,1.0
P09989,Excellent,0.0,0.0,1.0
P09990,Average,1.0,0.0,0.0
P09991,Excellent,0.0,0.0,1.0
P09992,Excellent,0.0,0.0,1.0
P09993,Excellent,0.0,0.0,1.0
P09994,Good,0.0,1.0,0.0
P09995,Excellent,0.0,0.0,1.0
P09996,Good,0.0,1.0,0.0
P09997,Excellent,0.0,0.0,1.0
P09998,Average,1.0,0.0,0.0
P09999,Good,0.0,1.0,0.0
P10000,Excellent,0.0,0.0,1.0
